number,value,datetime_start,datetime_complete,duration,params_D2_nm,params_D3_nm,params_D4_nm,params_metal,state
0,-2.223045572434192,2026-04-26 15:29:42.920900,2026-04-26 15:29:46.455825,0 days 00:00:03.534925,100.95998160156415,1.7484190698551687,0.30248649038908404,Au,COMPLETE
1,3.7593984962402023,2026-04-26 15:29:42.922408,2026-04-26 15:29:46.453309,0 days 00:00:03.530901,33.63260072086702,15.249770730927375,1.2652930564460032,Au,COMPLETE
2,-24.71042471042137,2026-04-26 15:29:42.968685,2026-04-26 15:29:46.145420,0 days 00:00:03.176735,60.515920521275504,15.805661990363722,0.5530745526431842,Ag,COMPLETE
3,-27.815934065927294,2026-04-26 15:29:42.976680,2026-04-26 15:29:46.159602,0 days 00:00:03.182922,70.49590407145911,9.128740096655177,1.3190694209230145,Ag,COMPLETE
4,-0.5903187721369436,2026-04-26 15:29:42.992934,2026-04-26 15:29:46.538279,0 days 00:00:03.545345,110.85054778080077,17.278737913537427,0.5671592016895093,Au,COMPLETE
5,-7.200929152148029,2026-04-26 15:29:43.024490,2026-04-26 15:29:46.178189,0 days 00:00:03.153699,26.492874758150045,7.469498662963086,1.4206442048216732,Ag,COMPLETE
6,-2.0888202706384176,2026-04-26 15:29:43.040862,2026-04-26 15:29:46.471619,0 days 00:00:03.430757,105.82778953438145,5.321687599382384,1.6263900241602998,Au,COMPLETE
7,-6.9159282472439,2026-04-26 15:29:43.075455,2026-04-26 15:29:46.509311,0 days 00:00:03.433856,31.591381640631738,0.5758581603262873,1.014958080729636,Au,COMPLETE
8,-2.138861467587989,2026-04-26 15:29:46.187941,2026-04-26 15:29:46.848477,0 days 00:00:00.660536,94.00615799885696,6.989484571307596,0.788185936341023,Cu,COMPLETE
9,-14.967145290823746,2026-04-26 15:29:46.322396,2026-04-26 15:29:46.817980,0 days 00:00:00.495584,60.323800747962416,6.247523723256592,1.4483390234254108,Au,COMPLETE
10,-0.5903187721369436,2026-04-26 15:29:46.531998,2026-04-26 15:29:47.020806,0 days 00:00:00.488808,117.44649982626437,15.839775653666095,1.7267194933879524,Au,COMPLETE
11,10.770975056689162,2026-04-26 15:29:46.566397,2026-04-26 15:29:47.007221,0 days 00:00:00.440824,114.0474595355202,14.78528305177217,1.0158026640010367,Ag,COMPLETE
12,-10.286638927414758,2026-04-26 15:29:46.599893,2026-04-26 15:29:47.111360,0 days 00:00:00.511467,43.223152218641815,8.495082417843843,0.6533348323943702,Cu,COMPLETE
13,-1.4717751507382357,2026-04-26 15:29:46.618672,2026-04-26 15:29:47.111360,0 days 00:00:00.492688,106.31197664582967,2.5083426517151324,1.2224328668778595,Ag,COMPLETE
14,-8.584145824501324,2026-04-26 15:29:46.659001,2026-04-26 15:29:47.163632,0 days 00:00:00.504631,41.752128310924405,11.23716792832138,1.2431020110990185,Au,COMPLETE
15,-2.172205019180079,2026-04-26 15:29:46.700078,2026-04-26 15:29:47.166376,0 days 00:00:00.466298,109.77080656128548,12.390505849556948,0.9206190777809292,Ag,COMPLETE
16,-12.854907221103403,2026-04-26 15:29:47.072563,2026-04-26 15:29:47.568503,0 days 00:00:00.495940,54.806306120311504,11.846061658131038,0.4841133080717268,Cu,COMPLETE
17,-18.292682926826465,2026-04-26 15:29:47.161987,2026-04-26 15:29:47.819658,0 days 00:00:00.657671,69.5290328778608,1.011353788203015,0.9726952510055785,Au,COMPLETE
18,0.0,2026-04-26 15:29:47.209110,2026-04-26 15:29:47.861195,0 days 00:00:00.652085,106.9521771418016,18.471120455919987,0.9351762022716904,Cu,COMPLETE
19,-14.607343875635156,2026-04-26 15:29:47.239835,2026-04-26 15:29:47.674076,0 days 00:00:00.434241,76.15529746229771,4.012896513424101,1.6817255438245613,Au,COMPLETE
20,-0.5714285714285617,2026-04-26 15:29:47.278827,2026-04-26 15:29:47.669563,0 days 00:00:00.390736,112.57703482593959,5.939767698746401,1.9581458058845973,Au,COMPLETE
21,-25.892857142851778,2026-04-26 15:29:47.303444,2026-04-26 15:29:47.672572,0 days 00:00:00.369128,69.25260975121108,10.220495194479147,1.4423314029022292,Ag,COMPLETE
22,-7.392233701460187,2026-04-26 15:29:47.335942,2026-04-26 15:29:47.705121,0 days 00:00:00.369179,30.300703265552336,10.86194899217465,1.3826953496819172,Cu,COMPLETE
23,-6.220506220505751,2026-04-26 15:29:47.412269,2026-04-26 15:29:48.034964,0 days 00:00:00.622695,23.795969266014055,5.054256152683414,1.812924089903685,Ag,COMPLETE
24,-44.642857142833854,2026-04-26 15:29:47.791857,2026-04-26 15:29:48.349904,0 days 00:00:00.558047,71.20391082156831,1.5622327157294218,1.0681709085171769,Ag,COMPLETE
25,-45.38690476188095,2026-04-26 15:29:47.817641,2026-04-26 15:29:48.317247,0 days 00:00:00.499606,59.53906567589972,3.3390601913449025,0.17540237529190827,Ag,COMPLETE
26,-23.423944476571226,2026-04-26 15:29:47.907159,2026-04-26 15:29:48.281940,0 days 00:00:00.374781,76.84348639705487,8.464400853580967,1.786389820694473,Ag,COMPLETE
27,-3.271320475621488,2026-04-26 15:29:47.943213,2026-04-26 15:29:48.350910,0 days 00:00:00.407697,90.58686239757294,13.272039276003587,1.9782632083782332,Ag,COMPLETE
28,-16.966904063675873,2026-04-26 15:29:47.973231,2026-04-26 15:29:48.488757,0 days 00:00:00.515526,56.70644435712154,2.112065162576185,0.1834342764223621,Au,COMPLETE
29,-0.5854800936768048,2026-04-26 15:29:48.003673,2026-04-26 15:29:48.488757,0 days 00:00:00.485084,70.35558633353367,13.782209173100707,1.2182711206750925,Au,COMPLETE
30,-26.604973973389598,2026-04-26 15:29:48.024451,2026-04-26 15:29:48.627339,0 days 00:00:00.602888,70.23272099972702,11.764680630000443,0.8811587384343458,Ag,COMPLETE
31,-12.213740458014321,2026-04-26 15:29:48.089116,2026-04-26 15:29:48.658680,0 days 00:00:00.569564,65.24556294410071,9.964951345758928,0.9059419141090451,Cu,COMPLETE
32,-0.5854800936768048,2026-04-26 15:29:48.537431,2026-04-26 15:29:49.050004,0 days 00:00:00.512573,104.41034649318459,11.64351379929087,0.10371835215441493,Au,COMPLETE
33,-3.20307495195377,2026-04-26 15:29:48.570496,2026-04-26 15:29:49.066628,0 days 00:00:00.496132,93.7674105847608,5.05907845583955,1.665417723642262,Ag,COMPLETE
34,-2.317470515350331,2026-04-26 15:29:48.600385,2026-04-26 15:29:49.111558,0 days 00:00:00.511173,107.0066042507968,13.435225908094827,1.1162497017025892,Ag,COMPLETE
35,-0.5952380952380847,2026-04-26 15:29:48.622240,2026-04-26 15:29:48.988057,0 days 00:00:00.365817,88.07152514893305,18.828410291737956,0.8999117591570328,Au,COMPLETE
36,-11.574556830030449,2026-04-26 15:29:48.635106,2026-04-26 15:29:49.157454,0 days 00:00:00.522348,42.57224892944353,7.228758833015532,1.5250202234627737,Au,COMPLETE
37,-43.73177842563347,2026-04-26 15:29:48.682989,2026-04-26 15:29:49.110989,0 days 00:00:00.428000,58.29133742294909,2.0010921146443095,0.7341496704649321,Ag,COMPLETE
38,0.0,2026-04-26 15:29:48.743776,2026-04-26 15:29:49.275210,0 days 00:00:00.531434,100.93976043241203,18.32218801396736,0.13954522032553085,Cu,COMPLETE
39,-0.5934718100890026,2026-04-26 15:29:48.826620,2026-04-26 15:29:49.442691,0 days 00:00:00.616071,20.749592188348913,8.606596721625108,0.1791811614194832,Cu,COMPLETE
40,-0.7864544781643175,2026-04-26 15:29:49.130703,2026-04-26 15:29:49.563341,0 days 00:00:00.432638,90.67302578558106,17.2528314258765,0.35636051303573635,Cu,COMPLETE
41,0.5668934240362716,2026-04-26 15:29:49.188171,2026-04-26 15:29:49.843551,0 days 00:00:00.655380,104.4721797379318,9.970444790973012,0.8081444092630008,Cu,COMPLETE
42,-12.605042016804893,2026-04-26 15:29:49.277247,2026-04-26 15:29:49.753651,0 days 00:00:00.476404,44.30920462469143,0.6074689532630044,0.154491679654102,Cu,COMPLETE
43,-0.7382220034897685,2026-04-26 15:29:49.238030,2026-04-26 15:29:49.981648,0 days 00:00:00.743618,64.48094745947793,17.365253313172104,0.19706514223758217,Cu,COMPLETE
44,-10.71428571428458,2026-04-26 15:29:49.300644,2026-04-26 15:29:49.750929,0 days 00:00:00.450285,78.63188858712418,2.273272801902909,0.1770735593655816,Cu,COMPLETE
45,-0.5952380952380847,2026-04-26 15:29:49.370403,2026-04-26 15:29:49.920614,0 days 00:00:00.550211,85.933583770452,15.455012306031978,1.5668936319202298,Au,COMPLETE
46,-3.1179138321994477,2026-04-26 15:29:49.488188,2026-04-26 15:29:50.044112,0 days 00:00:00.555924,96.49467844616235,9.433484811883764,0.21313443223741713,Ag,COMPLETE
47,-23.974295600589155,2026-04-26 15:29:49.554572,2026-04-26 15:29:50.125279,0 days 00:00:00.570707,81.75489653964246,13.350384776905507,0.10694273887315033,Ag,COMPLETE
48,-14.953040039544,2026-04-26 15:29:49.754810,2026-04-26 15:29:50.399427,0 days 00:00:00.644617,63.012571790919665,5.972222771044465,1.481233344869194,Au,COMPLETE
49,-1.7596665894882775,2026-04-26 15:29:49.911162,2026-04-26 15:29:50.399932,0 days 00:00:00.488770,110.79094313020126,6.819172572344151,0.624978883178988,Cu,COMPLETE
50,2.645502645502447,2026-04-26 15:29:49.922612,2026-04-26 15:29:50.486031,0 days 00:00:00.563419,42.710799572439626,16.61474567557144,0.46755311182390713,Cu,PRUNED
51,28.89858233369637,2026-04-26 15:29:50.032607,2026-04-26 15:29:50.508299,0 days 00:00:00.475692,81.40203651935597,12.238433299298697,1.024835947627136,Cu,PRUNED
52,-8.17299506214832,2026-04-26 15:29:50.097954,2026-04-26 15:29:50.714821,0 days 00:00:00.616867,28.101491282822018,11.177984669677674,1.8217313017151526,Au,COMPLETE
53,-1.1614401858304098,2026-04-26 15:29:50.202663,2026-04-26 15:29:50.788063,0 days 00:00:00.585400,119.93927459260203,2.5223619359869867,1.772416290932625,Cu,PRUNED
54,-13.819095477385142,2026-04-26 15:29:50.236478,2026-04-26 15:29:50.833974,0 days 00:00:00.597496,38.62848691618791,9.596457228625033,1.7415488469319114,Ag,COMPLETE
55,-1.8472906403940552,2026-04-26 15:29:50.415166,2026-04-26 15:29:50.971596,0 days 00:00:00.556430,112.49601197805,0.7684640288533953,0.5943503398754759,Au,PRUNED
56,-9.439470611132071,2026-04-26 15:29:50.509317,2026-04-26 15:29:51.020759,0 days 00:00:00.511442,35.914496543273316,12.106176439587415,0.49980675643729144,Cu,COMPLETE
57,-15.351433646281356,2026-04-26 15:29:50.558364,2026-04-26 15:29:51.176411,0 days 00:00:00.618047,57.57372499816024,7.078214321878269,0.6683740661249025,Au,COMPLETE
58,-12.35914213013292,2026-04-26 15:29:50.619625,2026-04-26 15:29:51.163679,0 days 00:00:00.544054,35.28977526472932,7.119523597086506,1.7336065419090296,Ag,COMPLETE
59,-13.830996589615392,2026-04-26 15:29:50.682772,2026-04-26 15:29:51.262339,0 days 00:00:00.579567,53.39851271711303,3.065288610114475,0.5296319734779551,Cu,COMPLETE
60,0.0,2026-04-26 15:29:50.786004,2026-04-26 15:29:51.328826,0 days 00:00:00.542822,32.230672132134615,19.46154174708663,0.15378704489495587,Au,PRUNED
61,-0.5760368663594372,2026-04-26 15:29:50.897390,2026-04-26 15:29:51.528091,0 days 00:00:00.630701,76.97561054269553,16.154950950368494,1.4211058607330465,Cu,PRUNED
62,-11.014686248329761,2026-04-26 15:29:50.974103,2026-04-26 15:29:51.494146,0 days 00:00:00.520043,41.522665935277516,1.8944012529890457,0.27791342831639876,Cu,COMPLETE
63,-1.9841269841268723,2026-04-26 15:29:51.102348,2026-04-26 15:29:51.606936,0 days 00:00:00.504588,64.10801656564841,12.223864242751953,1.7461867984977923,Cu,PRUNED
64,-13.24237560192421,2026-04-26 15:29:51.225903,2026-04-26 15:29:51.777876,0 days 00:00:00.551973,48.39131111412732,0.6696294133879652,0.8653629796652939,Cu,COMPLETE
65,-35.99999999998572,2026-04-26 15:29:51.263344,2026-04-26 15:29:51.794461,0 days 00:00:00.531117,53.334670638982765,3.766034084061491,0.7134935929885087,Ag,COMPLETE
66,-17.321428571426356,2026-04-26 15:29:51.351614,2026-04-26 15:29:51.907538,0 days 00:00:00.555924,65.97847180378551,4.437388035542019,0.25482174870042995,Au,COMPLETE
67,-25.274725274718683,2026-04-26 15:29:51.378268,2026-04-26 15:29:51.890343,0 days 00:00:00.512075,48.43319484507511,6.629622545967831,1.0452425723340537,Ag,COMPLETE
68,-0.5807200929152049,2026-04-26 15:29:51.554271,2026-04-26 15:29:51.946243,0 days 00:00:00.391972,118.80796987159734,5.815476875180848,0.8640668452516197,Au,PRUNED
69,-10.119047619046745,2026-04-26 15:29:51.626311,2026-04-26 15:29:52.170743,0 days 00:00:00.544432,41.05600285020598,5.050810035806294,0.6740418454010431,Au,COMPLETE
70,-1.1806375442738872,2026-04-26 15:29:51.641452,2026-04-26 15:29:52.054217,0 days 00:00:00.412765,114.57319517097517,17.338840233198074,0.7133860762360728,Au,PRUNED
71,-1.7857142857142545,2026-04-26 15:29:51.689967,2026-04-26 15:29:52.361205,0 days 00:00:00.671238,106.13571566253302,1.0324653835262787,0.6239081278104306,Cu,PRUNED
72,-1.9305019305018765,2026-04-26 15:29:52.007632,2026-04-26 15:29:52.657830,0 days 00:00:00.650198,50.12552706200913,19.322099870831543,1.5639126258847793,Cu,PRUNED
73,-31.160115052722063,2026-04-26 15:29:51.949285,2026-04-26 15:29:52.735073,0 days 00:00:00.785788,55.39107129189474,3.7872447529422244,1.809779605718387,Ag,COMPLETE
74,-0.5760368663594372,2026-04-26 15:29:52.057225,2026-04-26 15:29:52.514584,0 days 00:00:00.457359,88.25074024415541,11.303322039777045,1.2194647214477206,Au,PRUNED
75,0.0,2026-04-26 15:29:52.109240,2026-04-26 15:29:52.516181,0 days 00:00:00.406941,23.47697638705543,0.6360998559290658,0.6927032323807321,Au,PRUNED
76,-16.34950415438061,2026-04-26 15:29:52.157173,2026-04-26 15:29:52.779629,0 days 00:00:00.622456,44.527470371039925,17.899130946845418,1.5046823719805484,Ag,COMPLETE
77,-1.8007202881152142,2026-04-26 15:29:52.203747,2026-04-26 15:29:52.734067,0 days 00:00:00.530320,100.9373462867285,3.623665323792773,0.2903125287659883,Cu,PRUNED
78,0.5624296962879546,2026-04-26 15:29:52.287273,2026-04-26 15:29:52.835087,0 days 00:00:00.547814,84.71822823804774,19.38611908846197,1.6182920708531288,Ag,PRUNED
79,0.0,2026-04-26 15:29:52.419693,2026-04-26 15:29:53.043554,0 days 00:00:00.623861,104.53677188054472,12.71815470213155,0.33813215319996104,Cu,PRUNED
80,0.0,2026-04-26 15:29:52.582363,2026-04-26 15:29:53.123045,0 days 00:00:00.540682,39.917751115352544,15.720577002564575,1.6186661872735966,Au,PRUNED
81,-1.8007202881152142,2026-04-26 15:29:52.626459,2026-04-26 15:29:53.149538,0 days 00:00:00.523079,110.42054404884551,1.7008370578039336,1.5988230252373794,Au,PRUNED
82,-8.928571428570677,2026-04-26 15:29:52.706853,2026-04-26 15:29:53.405504,0 days 00:00:00.698651,34.58583612298283,14.716600519503187,1.7884947998343506,Ag,PRUNED
83,-14.92880110243216,2026-04-26 15:29:52.782629,2026-04-26 15:29:53.390477,0 days 00:00:00.607848,90.08248823219337,5.305759670146057,0.46747141116027857,Ag,COMPLETE
84,-1.770956316410831,2026-04-26 15:29:52.858010,2026-04-26 15:29:53.454290,0 days 00:00:00.596280,108.13219446014318,1.9839026861471507,1.5758740753464435,Cu,PRUNED
85,-1.7857142857142545,2026-04-26 15:29:52.937325,2026-04-26 15:29:53.548411,0 days 00:00:00.611086,106.0812818972027,6.450309219296369,1.2831434860906554,Ag,PRUNED
86,-19.50983553692132,2026-04-26 15:29:53.016449,2026-04-26 15:29:53.476111,0 days 00:00:00.459662,47.24144279701018,15.668447028608359,0.9899189333451403,Ag,COMPLETE
87,49.07306434023913,2026-04-26 15:29:53.150547,2026-04-26 15:29:53.881169,0 days 00:00:00.730622,62.73295453044953,12.762729157569934,0.32186997789726357,Au,PRUNED
88,-6.122448979591482,2026-04-26 15:29:53.189772,2026-04-26 15:29:53.919496,0 days 00:00:00.729724,25.317366274434143,10.739288543987003,1.8714418016039651,Cu,PRUNED
89,-1.1806375442738872,2026-04-26 15:29:53.220355,2026-04-26 15:29:53.982116,0 days 00:00:00.761761,103.04715739290982,14.471159684797636,0.9588678895290432,Au,PRUNED
90,-2.380952380952326,2026-04-26 15:29:53.440845,2026-04-26 15:29:53.949667,0 days 00:00:00.508822,86.77435212110406,0.9265652246815432,1.8511282552344661,Cu,PRUNED
91,-1.7421602787456147,2026-04-26 15:29:53.520650,2026-04-26 15:29:54.219218,0 days 00:00:00.698568,115.20936575957371,1.9404630362259447,1.692309007785276,Ag,PRUNED
92,-1.7564402810304147,2026-04-26 15:29:53.564924,2026-04-26 15:29:54.231846,0 days 00:00:00.666922,108.37476381826602,5.933334942691686,0.5328676492015368,Cu,PRUNED
93,0.0,2026-04-26 15:29:53.605085,2026-04-26 15:29:54.043927,0 days 00:00:00.438842,119.22721013602441,15.826615303273309,0.949595417452951,Cu,PRUNED
94,-1.770956316410831,2026-04-26 15:29:53.596114,2026-04-26 15:29:54.074155,0 days 00:00:00.478041,115.00235686486134,1.6294762386773038,0.1635751024417002,Cu,PRUNED
95,-6.80272108843472,2026-04-26 15:29:54.016637,2026-04-26 15:29:54.461156,0 days 00:00:00.444519,29.14346527126626,5.863900051337736,1.3713991670280068,Ag,PRUNED
96,-0.6105006105005994,2026-04-26 15:29:54.076231,2026-04-26 15:29:54.638183,0 days 00:00:00.561952,75.1857865238258,19.72631188700402,1.303423885385128,Au,PRUNED
97,0.0,2026-04-26 15:29:54.163431,2026-04-26 15:29:54.731665,0 days 00:00:00.568234,49.8802132076736,15.564525693835996,1.060965524175576,Au,PRUNED
98,0.0,2026-04-26 15:29:54.221225,2026-04-26 15:29:54.884930,0 days 00:00:00.663705,20.179218436111086,15.479036564962403,1.0817411611480217,Cu,PRUNED
99,0.0,2026-04-26 15:29:54.259697,2026-04-26 15:29:54.884930,0 days 00:00:00.625233,45.49599282236551,15.71718229638194,0.4786631741863996,Cu,PRUNED
100,-9.852216748767784,2026-04-26 15:29:54.323070,2026-04-26 15:29:55.010568,0 days 00:00:00.687498,66.3822900294446,13.198259942995994,0.16001934292082837,Cu,PRUNED
101,-0.6675567423230843,2026-04-26 15:29:54.348445,2026-04-26 15:29:54.885939,0 days 00:00:00.537494,61.64116101279093,18.43391760758126,1.2951087853290435,Au,PRUNED
102,0.0,2026-04-26 15:29:54.362219,2026-04-26 15:29:54.832560,0 days 00:00:00.470341,111.29182002647168,9.49389625622815,1.8889404508566103,Cu,PRUNED
103,-25.39682539681975,2026-04-26 15:29:54.531443,2026-04-26 15:29:55.104995,0 days 00:00:00.573552,51.58867145917992,10.893759793980989,0.31293009833772634,Ag,COMPLETE
104,-1.7857142857142545,2026-04-26 15:29:54.742795,2026-04-26 15:29:55.274209,0 days 00:00:00.531414,118.73206296045359,1.1881701546235084,1.8137324893411015,Au,PRUNED
105,-2.645502645502447,2026-04-26 15:29:54.779513,2026-04-26 15:29:55.350949,0 days 00:00:00.571436,49.682368632239616,12.954877821633449,1.9288136678557422,Cu,PRUNED
106,-20.989974937338648,2026-04-26 15:29:54.949379,2026-04-26 15:29:55.669634,0 days 00:00:00.720255,43.565365589618665,5.640879838730648,1.3759893489766561,Ag,COMPLETE
107,-18.14988290397753,2026-04-26 15:29:54.999438,2026-04-26 15:29:55.622001,0 days 00:00:00.622563,38.2399746361263,4.1086110259670265,0.8325212756209482,Ag,COMPLETE
108,-2.2497187851518183,2026-04-26 15:29:55.034057,2026-04-26 15:29:55.677876,0 days 00:00:00.643819,101.31264559605866,15.294276076607341,0.9962275863178693,Ag,PRUNED
109,-9.216589861750549,2026-04-26 15:29:55.091588,2026-04-26 15:29:55.576531,0 days 00:00:00.484943,33.15302876935861,12.099988739810664,0.48796105517851407,Au,PRUNED
110,-14.891468955070588,2026-04-26 15:29:55.107036,2026-04-26 15:29:55.667612,0 days 00:00:00.560576,34.70279408787914,2.6108439293073986,1.129747867305611,Ag,COMPLETE
111,-2.857142857142809,2026-04-26 15:29:55.308575,2026-04-26 15:29:55.987550,0 days 00:00:00.678975,104.59660628149037,15.193473558303703,0.2762735630243389,Ag,PRUNED
112,-38.5487528344517,2026-04-26 15:29:55.350406,2026-04-26 15:29:56.212737,0 days 00:00:00.862331,74.28119232328285,6.1926602553996775,0.4110596920550361,Ag,COMPLETE
113,2.5510204081630805,2026-04-26 15:29:55.512540,2026-04-26 15:29:56.095455,0 days 00:00:00.582915,51.385953996110075,11.41320717859606,1.600890488676578,Au,PRUNED
114,-0.6265664160400887,2026-04-26 15:29:55.620505,2026-04-26 15:29:56.093445,0 days 00:00:00.472940,66.37320056903471,17.5890226540268,1.9771694471089176,Au,PRUNED
115,-0.5903187721369436,2026-04-26 15:29:55.742279,2026-04-26 15:29:56.366037,0 days 00:00:00.623758,111.92614451017614,15.40636346201417,1.4346613761778373,Au,PRUNED
116,-14.063656550701337,2026-04-26 15:29:55.756341,2026-04-26 15:29:56.427163,0 days 00:00:00.670822,88.00793045819498,7.616575543673927,1.3404002483747632,Ag,COMPLETE
117,-3.007518796992415,2026-04-26 15:29:55.819288,2026-04-26 15:29:56.568790,0 days 00:00:00.749502,82.00897446228555,7.016360007676302,1.3725209016139999,Cu,PRUNED
118,-14.508928571427365,2026-04-26 15:29:55.899447,2026-04-26 15:29:56.492671,0 days 00:00:00.593224,68.98147187126733,4.774657127804515,1.9763798129877266,Au,COMPLETE
119,0.0,2026-04-26 15:29:56.056396,2026-04-26 15:29:56.741435,0 days 00:00:00.685039,53.83217691870701,17.368280034820042,1.3449558664699013,Au,PRUNED
120,-44.460641399394476,2026-04-26 15:29:56.162174,2026-04-26 15:29:57.099918,0 days 00:00:00.937744,67.83693944690853,3.0820413349131384,0.6680631106565372,Ag,COMPLETE
121,-0.6105006105005994,2026-04-26 15:29:56.214745,2026-04-26 15:29:57.099918,0 days 00:00:00.885173,66.69081255127372,15.300078577333135,1.8645419396150094,Au,PRUNED
122,-36.01953601952054,2026-04-26 15:29:56.312360,2026-04-26 15:29:56.914103,0 days 00:00:00.601743,53.55629978647813,1.0701692680273434,1.5313536601544127,Ag,COMPLETE
123,-6.493506493505897,2026-04-26 15:29:56.445358,2026-04-26 15:29:57.096197,0 days 00:00:00.650839,26.058955576893766,4.191148799292703,0.12818121757823497,Ag,PRUNED
124,0.0,2026-04-26 15:29:56.579584,2026-04-26 15:29:57.346376,0 days 00:00:00.766792,117.0572163853289,13.69402862924191,1.3112217428439659,Cu,PRUNED
125,-0.5903187721369436,2026-04-26 15:29:56.632408,2026-04-26 15:29:57.212842,0 days 00:00:00.580434,115.83614008772592,15.193071323239751,1.732382129969246,Au,PRUNED
126,-31.020408163256384,2026-04-26 15:29:56.680563,2026-04-26 15:29:57.213854,0 days 00:00:00.533291,65.31291164218118,8.221445838997923,1.0969723460609673,Ag,COMPLETE
127,-0.5668934240362716,2026-04-26 15:29:56.890296,2026-04-26 15:29:57.404010,0 days 00:00:00.513714,108.58902514592461,7.5592989475620405,0.9679611894777405,Au,PRUNED
128,-0.5624296962879546,2026-04-26 15:29:57.057061,2026-04-26 15:29:57.574676,0 days 00:00:00.517615,65.20352904659687,16.56821314477464,1.1816187664851185,Cu,PRUNED
129,-13.73626373626192,2026-04-26 15:29:57.250830,2026-04-26 15:29:57.812738,0 days 00:00:00.561908,51.700657146696464,1.489045941980724,0.983419749318467,Cu,COMPLETE
130,-8.241758241757601,2026-04-26 15:29:57.272266,2026-04-26 15:29:57.860574,0 days 00:00:00.588308,34.39367567848291,3.2582486282841527,0.22085201471126475,Au,PRUNED
131,-9.523809523808879,2026-04-26 15:29:57.303533,2026-04-26 15:29:57.933574,0 days 00:00:00.630041,38.9437985390326,9.059470639825484,0.7060291899447851,Au,PRUNED
132,-21.03290295709812,2026-04-26 15:29:57.388897,2026-04-26 15:29:57.780990,0 days 00:00:00.392093,52.209384660062604,13.222723126875378,1.2000839467824198,Ag,COMPLETE
133,-9.523809523808879,2026-04-26 15:29:57.430429,2026-04-26 15:29:58.001331,0 days 00:00:00.570902,38.39112561682255,13.642726403533457,1.2468666401017356,Cu,PRUNED
134,-16.504854368930463,2026-04-26 15:29:57.405012,2026-04-26 15:29:58.033761,0 days 00:00:00.628749,63.376596223636035,6.957957395551153,0.23716432801641224,Au,COMPLETE
135,105.0420168067195,2026-04-26 15:29:57.526796,2026-04-26 15:29:57.906170,0 days 00:00:00.379374,47.08145324947091,16.91474992085947,1.3606663423653496,Cu,PRUNED
136,-10.20408163265208,2026-04-26 15:29:57.601670,2026-04-26 15:29:58.209876,0 days 00:00:00.608206,35.599304478422184,12.758697124558848,1.4405688860916654,Ag,PRUNED
137,-2.3612750885477745,2026-04-26 15:29:58.017045,2026-04-26 15:29:58.699517,0 days 00:00:00.682472,99.66345325142953,3.320376763209949,1.9010921161826375,Au,PRUNED
138,-15.838509316768507,2026-04-26 15:29:58.037275,2026-04-26 15:29:58.503772,0 days 00:00:00.466497,62.16209298026893,18.08591679828163,0.8220394645713774,Ag,COMPLETE
139,-5.714285714285252,2026-04-26 15:29:58.063967,2026-04-26 15:29:58.436348,0 days 00:00:00.372381,26.984273219396908,8.740487879943261,0.5100076718889225,Ag,PRUNED
140,-0.5854800936768048,2026-04-26 15:29:58.116451,2026-04-26 15:29:58.492683,0 days 00:00:00.376232,84.72244974627264,13.707836198076775,0.5991656924537234,Au,PRUNED
141,0.5580357142857051,2026-04-26 15:29:58.145062,2026-04-26 15:29:58.686332,0 days 00:00:00.541270,105.20990697295453,17.59098015977661,0.6297963637258468,Ag,PRUNED
142,-7.389162561575839,2026-04-26 15:29:58.159401,2026-04-26 15:29:58.687906,0 days 00:00:00.528505,34.38205493021325,4.7571831634080235,1.2560687939156887,Au,PRUNED
143,-23.664785062957712,2026-04-26 15:29:58.250699,2026-04-26 15:29:58.770279,0 days 00:00:00.519580,68.89684898547917,13.240301051984904,1.2780094152401729,Ag,COMPLETE
144,-22.522522522517313,2026-04-26 15:29:58.266700,2026-04-26 15:29:58.850812,0 days 00:00:00.584112,82.12745849699915,5.357060210962472,1.778951686672904,Ag,COMPLETE
145,-0.5952380952380847,2026-04-26 15:29:58.500101,2026-04-26 15:29:59.153744,0 days 00:00:00.653643,95.67866627664637,18.156584650962426,1.5486974921521677,Au,PRUNED
146,-8.241758241757601,2026-04-26 15:29:58.577489,2026-04-26 15:29:59.276645,0 days 00:00:00.699156,51.57340670008681,14.060577535166855,0.3679717923399001,Cu,PRUNED
147,0.0,2026-04-26 15:29:58.743853,2026-04-26 15:29:59.472280,0 days 00:00:00.728427,118.3714043403795,13.725320864660226,1.9768974507137789,Cu,PRUNED
148,-15.286270150081842,2026-04-26 15:29:58.796657,2026-04-26 15:29:59.121672,0 days 00:00:00.325015,39.234505939895556,16.651051941116194,0.5297836688496593,Ag,COMPLETE
149,-0.5760368663594372,2026-04-26 15:29:58.832979,2026-04-26 15:29:59.566612,0 days 00:00:00.733633,75.47333166508034,17.303494261298628,1.244721350015316,Cu,PRUNED
150,0.0,2026-04-26 15:29:58.840125,2026-04-26 15:29:59.339686,0 days 00:00:00.499561,118.94071394102822,18.843532815987064,1.724412467012811,Ag,PRUNED
151,-4.464285714285431,2026-04-26 15:29:58.983176,2026-04-26 15:29:59.545457,0 days 00:00:00.562281,28.324499955407727,5.642531770727311,1.2265375092279638,Cu,PRUNED
152,-13.872491145216921,2026-04-26 15:29:59.031304,2026-04-26 15:29:59.637974,0 days 00:00:00.606670,52.43507216851456,3.928675251718856,1.056024705816918,Au,COMPLETE
153,-2.2321428571428203,2026-04-26 15:29:59.249397,2026-04-26 15:29:59.738176,0 days 00:00:00.488779,102.2072021791091,7.562550636375497,0.4051017376584377,Au,PRUNED
154,-8.241758241757601,2026-04-26 15:29:59.287618,2026-04-26 15:30:00.026705,0 days 00:00:00.739087,39.38402785766014,6.702208831506233,1.5130988474324394,Cu,PRUNED
155,-14.079670329668685,2026-04-26 15:29:59.426301,2026-04-26 15:29:59.854853,0 days 00:00:00.428552,39.07151873001831,11.408152908857755,1.2742869115718665,Ag,COMPLETE
156,-0.5952380952380847,2026-04-26 15:29:59.489937,2026-04-26 15:30:00.168311,0 days 00:00:00.678374,83.75941940115415,15.092579199417868,1.8294218227029044,Au,PRUNED
157,-5.952380952380451,2026-04-26 15:29:59.522246,2026-04-26 15:30:00.216333,0 days 00:00:00.694087,33.8341179759912,3.031881965671531,0.23267952849114293,Cu,PRUNED
158,-16.496598639453893,2026-04-26 15:29:59.585726,2026-04-26 15:30:00.104010,0 days 00:00:00.518284,78.11553200503946,3.6218248008871927,0.640647981009581,Au,COMPLETE
159,-15.706806282720429,2026-04-26 15:29:59.693595,2026-04-26 15:30:00.416433,0 days 00:00:00.722838,84.48994749793833,0.7452000728522029,1.0295268975752243,Au,COMPLETE
160,-21.804511278192468,2026-04-26 15:29:59.750474,2026-04-26 15:30:00.318858,0 days 00:00:00.568384,58.57378089840427,13.870521349964474,1.5704807017538294,Ag,COMPLETE
161,-6.302521008402986,2026-04-26 15:29:59.793077,2026-04-26 15:30:00.317353,0 days 00:00:00.524276,29.2542434214929,8.088156900961046,1.4706742356847806,Au,PRUNED
162,-1.1614401858304098,2026-04-26 15:30:00.028209,2026-04-26 15:30:00.619687,0 days 00:00:00.591478,116.71879443945018,8.80212584218161,0.7725512245138719,Au,PRUNED
163,0.0,2026-04-26 15:30:00.096965,2026-04-26 15:30:00.603646,0 days 00:00:00.506681,109.40898825439332,18.467285576136387,0.2696776951194011,Cu,PRUNED
164,-1.1520737327188744,2026-04-26 15:30:00.294204,2026-04-26 15:30:00.842269,0 days 00:00:00.548065,87.5524861195445,16.711231168248073,0.4844610252532263,Cu,PRUNED
165,-6.122448979591482,2026-04-26 15:30:00.332063,2026-04-26 15:30:01.010659,0 days 00:00:00.678596,30.146672056661,8.226826453627599,1.8898654171827935,Au,PRUNED
166,-15.224562293832703,2026-04-26 15:30:00.339768,2026-04-26 15:30:00.876244,0 days 00:00:00.536476,71.56017746963346,5.564562190472948,1.3473306810927888,Au,COMPLETE
167,-8.241758241757601,2026-04-26 15:30:00.324799,2026-04-26 15:30:00.872649,0 days 00:00:00.547850,58.184056166812475,8.810724003371323,1.5924823574392133,Au,PRUNED
168,-34.1614906832174,2026-04-26 15:30:00.517449,2026-04-26 15:30:00.982829,0 days 00:00:00.465380,58.485018109125704,4.748147788503415,1.2823204578396885,Ag,COMPLETE
169,-0.5903187721369436,2026-04-26 15:30:00.639974,2026-04-26 15:30:01.096744,0 days 00:00:00.456770,112.13554629687265,17.39100397376142,0.9352473377472157,Au,PRUNED
170,-12.605042016805228,2026-04-26 15:30:00.692403,2026-04-26 15:30:01.097744,0 days 00:00:00.405341,34.94112597712809,7.010321672174179,1.7942472917520071,Ag,PRUNED
171,-12.755102040815403,2026-04-26 15:30:00.718177,2026-04-26 15:30:01.258009,0 days 00:00:00.539832,42.541894245952456,10.147797151377397,1.4081780970474593,Au,PRUNED
172,-4.201680672268656,2026-04-26 15:30:00.924790,2026-04-26 15:30:01.520713,0 days 00:00:00.595923,25.75784148458417,10.083993723184614,0.2359163237243901,Cu,PRUNED
173,-7.936507936507342,2026-04-26 15:30:00.900368,2026-04-26 15:30:01.614400,0 days 00:00:00.714032,60.25766484383039,13.543715965933831,0.35811664607046545,Cu,PRUNED
174,0.0,2026-04-26 15:30:01.032148,2026-04-26 15:30:01.694438,0 days 00:00:00.662290,20.9331164275047,8.409468312430764,1.417172066550824,Au,PRUNED
175,-1.1806375442738872,2026-04-26 15:30:01.080071,2026-04-26 15:30:01.614400,0 days 00:00:00.534329,110.1772990003436,0.7038234533467405,0.13028842810943084,Ag,PRUNED
176,0.5370569280343631,2026-04-26 15:30:01.134968,2026-04-26 15:30:01.581184,0 days 00:00:00.446216,73.5526111352415,9.867264608102712,1.2506228714525902,Au,PRUNED
177,-1.7564402810304147,2026-04-26 15:30:01.161330,2026-04-26 15:30:02.061187,0 days 00:00:00.899857,107.71103196696625,10.470972458588848,0.8007939478570337,Ag,PRUNED
178,-7.936507936507342,2026-04-26 15:30:01.206158,2026-04-26 15:30:01.915556,0 days 00:00:00.709398,45.132935758827,13.548356263924683,0.9614197598879175,Cu,PRUNED
179,-10.20408163265208,2026-04-26 15:30:01.340822,2026-04-26 15:30:01.800590,0 days 00:00:00.459768,38.654286015449614,1.8648274214382838,0.9513447380411145,Cu,PRUNED
180,-11.904761904760901,2026-04-26 15:30:01.749313,2026-04-26 15:30:02.289058,0 days 00:00:00.539745,94.56429577948649,1.0807315720211346,0.9134902015587646,Au,PRUNED
181,-1.050420168067195,2026-04-26 15:30:01.801589,2026-04-26 15:30:02.407351,0 days 00:00:00.605762,21.4168161732101,9.762528292991039,1.4450539504113287,Ag,PRUNED
182,-17.13564213563999,2026-04-26 15:30:01.854863,2026-04-26 15:30:02.408350,0 days 00:00:00.553487,43.70497834513621,13.534211639477954,0.913399500684202,Ag,COMPLETE
183,-6.302521008402986,2026-04-26 15:30:01.888125,2026-04-26 15:30:02.628491,0 days 00:00:00.740366,28.532051486847358,9.899147732529647,1.970354310337741,Cu,PRUNED
184,-10.989010989010133,2026-04-26 15:30:01.917607,2026-04-26 15:30:02.674831,0 days 00:00:00.757224,74.93218161350114,8.966039625787092,0.17842050075561647,Cu,PRUNED
185,-0.5903187721369436,2026-04-26 15:30:01.977936,2026-04-26 15:30:02.846285,0 days 00:00:00.868349,117.75793929566413,13.500507116313731,1.4167623168450283,Au,PRUNED
186,-1.1614401858304098,2026-04-26 15:30:02.016382,2026-04-26 15:30:02.457879,0 days 00:00:00.441497,87.60264670788435,17.75794093888907,1.0345101262913596,Cu,PRUNED
187,0.0,2026-04-26 15:30:02.101541,2026-04-26 15:30:02.541707,0 days 00:00:00.440166,46.072482005582266,17.003974091698872,0.9609518437709483,Au,PRUNED
188,-0.5903187721369436,2026-04-26 15:30:02.343232,2026-04-26 15:30:03.032014,0 days 00:00:00.688782,77.8202691117367,14.719655726084026,0.6822009572934343,Au,PRUNED
189,-29.992107340165358,2026-04-26 15:30:02.481568,2026-04-26 15:30:03.093719,0 days 00:00:00.612151,65.97891206255647,7.964499630843569,1.3435135900396895,Ag,COMPLETE
190,-0.5903187721369436,2026-04-26 15:30:02.536001,2026-04-26 15:30:03.244608,0 days 00:00:00.708607,108.46886207833509,13.843177649345385,0.49310748288830697,Au,PRUNED
191,-12.755102040815403,2026-04-26 15:30:02.576681,2026-04-26 15:30:03.140595,0 days 00:00:00.563914,28.12952687745635,19.31027914855214,1.199895984731947,Ag,PRUNED
192,-17.116524028964452,2026-04-26 15:30:02.690558,2026-04-26 15:30:03.308654,0 days 00:00:00.618096,73.39768874598778,5.288021612307227,0.15144125091268817,Au,COMPLETE
193,-10.714285714284633,2026-04-26 15:30:02.714682,2026-04-26 15:30:03.407078,0 days 00:00:00.692396,24.92086571075847,18.26918171531266,1.35607001524065,Cu,PRUNED
194,-0.5903187721369436,2026-04-26 15:30:02.747451,2026-04-26 15:30:03.388506,0 days 00:00:00.641055,108.2523282131771,16.79601630228574,0.4384026664462818,Au,PRUNED
195,-1.7564402810304147,2026-04-26 15:30:02.900927,2026-04-26 15:30:03.796504,0 days 00:00:00.895577,105.0929245127088,10.821776398707646,1.2190447579998227,Ag,PRUNED
196,-0.5807200929152049,2026-04-26 15:30:03.126866,2026-04-26 15:30:03.560858,0 days 00:00:00.433992,86.33986882622928,19.528759976200686,1.7896849034943103,Cu,PRUNED
197,-14.360313315924966,2026-04-26 15:30:03.210246,2026-04-26 15:30:03.591455,0 days 00:00:00.381209,60.45327577094072,4.049298222258434,0.32360010828191904,Cu,COMPLETE
198,-1.0351966873705694,2026-04-26 15:30:03.309657,2026-04-26 15:30:04.027434,0 days 00:00:00.717777,54.924800878656626,16.75452620245126,1.2049644859010846,Au,PRUNED
199,-1.770956316410831,2026-04-26 15:30:03.348725,2026-04-26 15:30:03.796504,0 days 00:00:00.447779,111.36174317993692,2.4913469783623596,0.38564994061439406,Cu,PRUNED
200,-22.907647907644986,2026-04-26 15:30:03.396427,2026-04-26 15:30:03.952299,0 days 00:00:00.555872,78.27325964295005,15.718881165853226,0.3949806124972043,Ag,COMPLETE
201,-24.553571428565867,2026-04-26 15:30:03.498309,2026-04-26 15:30:04.028486,0 days 00:00:00.530177,50.164422927740965,10.0091890468498,0.4888483855609632,Ag,COMPLETE
202,0.0,2026-04-26 15:30:03.530124,2026-04-26 15:30:04.007622,0 days 00:00:00.477498,119.74400717569415,7.85518029877941,0.22838284367873504,Cu,PRUNED
203,-47.88069073780719,2026-04-26 15:30:03.655565,2026-04-26 15:30:04.278129,0 days 00:00:00.622564,64.24284292551448,2.812045074073517,0.39856946716176234,Ag,COMPLETE
204,-48.154093097886324,2026-04-26 15:30:03.705841,2026-04-26 15:30:04.554153,0 days 00:00:00.848312,71.06264950633886,2.0287163607476977,0.5850037647506969,Ag,COMPLETE
205,-42.30235783631765,2026-04-26 15:30:03.944757,2026-04-26 15:30:04.522301,0 days 00:00:00.577544,73.24272200404492,2.149700936227949,1.0530042095716996,Ag,COMPLETE
206,-35.96757852075717,2026-04-26 15:30:03.968366,2026-04-26 15:30:04.462054,0 days 00:00:00.493688,66.20070219516948,7.085911903708634,0.682529925800548,Ag,COMPLETE
207,-40.720961281689824,2026-04-26 15:30:04.066539,2026-04-26 15:30:04.654186,0 days 00:00:00.587647,74.96933038916102,2.6892371805639907,0.9407441527862943,Ag,COMPLETE
208,-47.360248447179046,2026-04-26 15:30:04.108341,2026-04-26 15:30:04.655191,0 days 00:00:00.546850,67.94603458756531,2.8525124140745635,0.4658825753494386,Ag,COMPLETE
209,-40.10025062654879,2026-04-26 15:30:04.135636,2026-04-26 15:30:04.770887,0 days 00:00:00.635251,73.63157294153392,4.022977167982645,0.8105119861110723,Ag,COMPLETE
210,-31.004709576129454,2026-04-26 15:30:04.219334,2026-04-26 15:30:04.769270,0 days 00:00:00.549936,57.795351928006106,10.03330142701672,0.2803896069929771,Ag,COMPLETE
211,-40.25974025972228,2026-04-26 15:30:04.439080,2026-04-26 15:30:05.003955,0 days 00:00:00.564875,73.83886015467445,2.6858501467901332,1.0935458574878147,Ag,COMPLETE
212,-44.832826747696615,2026-04-26 15:30:04.695572,2026-04-26 15:30:05.147811,0 days 00:00:00.452239,77.30434812696888,0.6891651438181774,0.9106944785318947,Ag,COMPLETE
213,-49.00332225910773,2026-04-26 15:30:04.735023,2026-04-26 15:30:05.235083,0 days 00:00:00.500060,66.04556645503973,1.3061161942013615,0.7634685977584927,Ag,COMPLETE
214,-39.3858477970445,2026-04-26 15:30:04.780921,2026-04-26 15:30:05.253038,0 days 00:00:00.472117,80.9870235326712,1.3522152874429674,0.7606784490441176,Ag,COMPLETE
215,-47.6190476190203,2026-04-26 15:30:04.793939,2026-04-26 15:30:05.301715,0 days 00:00:00.507776,64.93414595586714,0.519459274796327,1.034449052753191,Ag,COMPLETE
216,-40.72096128168993,2026-04-26 15:30:04.840901,2026-04-26 15:30:05.237139,0 days 00:00:00.396238,76.3048541386444,2.3030670462420453,0.959612110967504,Ag,COMPLETE
217,-48.701298701270986,2026-04-26 15:30:04.786092,2026-04-26 15:30:05.251533,0 days 00:00:00.465441,65.89026834377,2.1792997606143674,0.5031152599813171,Ag,COMPLETE
218,-44.285714285691846,2026-04-26 15:30:04.940755,2026-04-26 15:30:05.612617,0 days 00:00:00.671862,63.34026832755276,3.398116278251593,0.5580527648406857,Ag,COMPLETE
219,-49.91394148017631,2026-04-26 15:30:05.195192,2026-04-26 15:30:05.850831,0 days 00:00:00.655639,76.07421550297119,0.7169675124649171,0.49038543659864414,Ag,COMPLETE
220,-42.58241758239707,2026-04-26 15:30:05.287197,2026-04-26 15:30:05.755152,0 days 00:00:00.467955,71.70984733406928,2.9328590426662977,0.8645524944615165,Ag,COMPLETE
221,-46.54895666128992,2026-04-26 15:30:05.419594,2026-04-26 15:30:05.753767,0 days 00:00:00.334173,60.41738506710894,1.5794423118095064,0.541118352971191,Ag,COMPLETE
222,-52.44122965638673,2026-04-26 15:30:05.457462,2026-04-26 15:30:05.983883,0 days 00:00:00.526421,66.0780311185,0.7294017286206405,0.510759094519363,Ag,COMPLETE
223,-40.22191400830228,2026-04-26 15:30:05.479633,2026-04-26 15:30:05.928717,0 days 00:00:00.449084,81.0658555030091,0.6215103097368742,0.8305076805082202,Ag,COMPLETE
224,-47.07792207789528,2026-04-26 15:30:05.496632,2026-04-26 15:30:05.999480,0 days 00:00:00.502848,70.44214419138004,0.5315633095624945,1.0904209923295476,Ag,COMPLETE
225,-50.522648083592756,2026-04-26 15:30:05.504936,2026-04-26 15:30:06.164733,0 days 00:00:00.659797,62.628683380530774,0.8584175167531787,0.5886288139096176,Ag,COMPLETE
226,-36.67953667951995,2026-04-26 15:30:05.728154,2026-04-26 15:30:06.318352,0 days 00:00:00.590198,48.72474898436509,1.0993912780445658,0.36888444315900026,Ag,COMPLETE
227,-50.77452667811024,2026-04-26 15:30:05.954881,2026-04-26 15:30:06.492399,0 days 00:00:00.537518,70.14851963712144,2.4558585000263546,0.16820123042260823,Ag,COMPLETE
228,-45.2380952380702,2026-04-26 15:30:06.017573,2026-04-26 15:30:06.593129,0 days 00:00:00.575556,54.774355044235506,0.9679351407008959,0.30807918411179586,Ag,COMPLETE
229,-34.26248548198387,2026-04-26 15:30:06.076450,2026-04-26 15:30:06.431538,0 days 00:00:00.355088,81.79205387253482,0.8376067547178038,1.3110161187251856,Ag,COMPLETE
230,-32.03781512603871,2026-04-26 15:30:06.120389,2026-04-26 15:30:06.710749,0 days 00:00:00.590360,82.53553007359379,1.6884340918918899,1.2617255772730596,Ag,COMPLETE
231,-48.41269841267152,2026-04-26 15:30:06.139897,2026-04-26 15:30:06.666632,0 days 00:00:00.526735,72.37687809150182,3.0665788719812825,0.2603140952872086,Ag,COMPLETE
232,-53.8033395175907,2026-04-26 15:30:06.193093,2026-04-26 15:30:06.590883,0 days 00:00:00.397790,64.94789796969724,1.0454933713942192,0.2556181304771623,Ag,COMPLETE
233,-44.74097331237721,2026-04-26 15:30:06.276719,2026-04-26 15:30:06.833229,0 days 00:00:00.556510,56.473172893076075,0.7560896035264733,0.6606604645971845,Ag,COMPLETE
234,-41.49659863943593,2026-04-26 15:30:06.405716,2026-04-26 15:30:06.940870,0 days 00:00:00.535154,79.83398625752244,3.353664730982697,0.2401498541137107,Ag,COMPLETE
235,-56.54761904757955,2026-04-26 15:30:06.600988,2026-04-26 15:30:07.068947,0 days 00:00:00.467959,68.4026060472736,0.9843532438878345,0.10615495215166704,Ag,COMPLETE
236,-44.999999999977334,2026-04-26 15:30:06.697124,2026-04-26 15:30:07.126218,0 days 00:00:00.429094,75.03265092975059,4.294297779374319,0.14326096379762293,Ag,COMPLETE
237,-53.11355311351901,2026-04-26 15:30:06.745492,2026-04-26 15:30:07.505124,0 days 00:00:00.759632,70.97100565588585,1.3858939590226855,0.2647965467099238,Ag,COMPLETE
238,-51.53707052437935,2026-04-26 15:30:06.774490,2026-04-26 15:30:07.289747,0 days 00:00:00.515257,77.11152420599498,0.8431391517040565,0.18703246891245573,Ag,COMPLETE
239,-52.87569573280449,2026-04-26 15:30:06.834315,2026-04-26 15:30:07.507511,0 days 00:00:00.673196,62.892119263917856,0.5840510655530748,0.36607881017854815,Ag,COMPLETE
240,-55.01930501926762,2026-04-26 15:30:06.944462,2026-04-26 15:30:07.488216,0 days 00:00:00.543754,72.94244183869762,0.5743210155810425,0.29008219050964,Ag,COMPLETE
241,-50.522648083592934,2026-04-26 15:30:06.989630,2026-04-26 15:30:07.550491,0 days 00:00:00.560861,65.25779045511928,1.4408493772091262,0.430046625854797,Ag,COMPLETE
242,-43.73177842563363,2026-04-26 15:30:07.127741,2026-04-26 15:30:07.651479,0 days 00:00:00.523738,58.65513950324409,2.474604358603378,0.5531528079595087,Ag,COMPLETE
243,-53.11355311351901,2026-04-26 15:30:07.203563,2026-04-26 15:30:07.650428,0 days 00:00:00.446865,70.72346920504641,1.0863127680968325,0.3212063583752591,Ag,COMPLETE
244,-50.77452667811024,2026-04-26 15:30:07.318678,2026-04-26 15:30:07.910030,0 days 00:00:00.591352,70.12432118216502,2.4134844882802136,0.19715640902714576,Ag,COMPLETE
245,-48.701298701270986,2026-04-26 15:30:07.482020,2026-04-26 15:30:08.235913,0 days 00:00:00.753893,66.66629199507591,3.1312033930618917,0.2074751764856611,Ag,COMPLETE
246,-55.01930501926796,2026-04-26 15:30:07.659154,2026-04-26 15:30:08.299732,0 days 00:00:00.640578,64.07288094957984,0.8806393552025708,0.12954551519294774,Ag,COMPLETE
247,-52.44122965638617,2026-04-26 15:30:07.698114,2026-04-26 15:30:08.284281,0 days 00:00:00.586167,66.18456304012174,1.9450051309447747,0.11110978562554932,Ag,COMPLETE
248,-53.11355311351901,2026-04-26 15:30:07.726318,2026-04-26 15:30:08.191568,0 days 00:00:00.465250,66.29446862029913,1.6475835979948013,0.11628861373073053,Ag,COMPLETE
249,-52.87569573280392,2026-04-26 15:30:07.744558,2026-04-26 15:30:08.300741,0 days 00:00:00.556183,74.27254278774552,1.0098978027505743,0.22003722270247666,Ag,COMPLETE
250,-53.113553113519586,2026-04-26 15:30:07.804646,2026-04-26 15:30:08.329326,0 days 00:00:00.524680,70.11699126984628,1.3438765974581681,0.27635269466576684,Ag,COMPLETE
251,-52.87569573280449,2026-04-26 15:30:07.891606,2026-04-26 15:30:08.313507,0 days 00:00:00.421901,73.37773114195409,0.5642348122733094,0.3713764375697918,Ag,COMPLETE
252,-53.113553113518456,2026-04-26 15:30:07.993498,2026-04-26 15:30:08.597482,0 days 00:00:00.603984,74.36401397243226,0.9205282976096136,0.2914224115267203,Ag,COMPLETE
253,-56.54761904757989,2026-04-26 15:30:08.356441,2026-04-26 15:30:08.884332,0 days 00:00:00.527891,70.3643785707508,0.5760529783064765,0.23938673466908858,Ag,COMPLETE
254,-51.5370705243799,2026-04-26 15:30:08.426470,2026-04-26 15:30:08.952849,0 days 00:00:00.526379,72.76441537898191,0.8872179478096809,0.39606818944866196,Ag,COMPLETE
255,-52.441229656386405,2026-04-26 15:30:08.473180,2026-04-26 15:30:09.038032,0 days 00:00:00.564852,69.39034037712058,1.2915399374026801,0.3294778991471354,Ag,COMPLETE
256,-53.113553113518456,2026-04-26 15:30:08.488023,2026-04-26 15:30:08.999294,0 days 00:00:00.511271,67.76369810179432,1.6834639715777573,0.17054792894355889,Ag,COMPLETE
257,-54.79452054790749,2026-04-26 15:30:08.510541,2026-04-26 15:30:08.897469,0 days 00:00:00.386928,63.88828181900169,0.6289447991945113,0.1207999279733662,Ag,COMPLETE
258,-42.85714285712047,2026-04-26 15:30:08.532926,2026-04-26 15:30:08.975342,0 days 00:00:00.442416,82.71047511915361,0.8668505316841238,0.26752071286158985,Ag,COMPLETE
259,-55.77299412912056,2026-04-26 15:30:08.568168,2026-04-26 15:30:09.001383,0 days 00:00:00.433215,63.83523309370881,0.7415591091236441,0.10574625479681357,Ag,COMPLETE
260,-49.651567944220396,2026-04-26 15:30:08.708078,2026-04-26 15:30:09.311277,0 days 00:00:00.603199,78.35114506424912,1.2764061294157796,0.10280398525596435,Ag,COMPLETE
261,-57.34406438627744,2026-04-26 15:30:09.015105,2026-04-26 15:30:09.599567,0 days 00:00:00.584462,66.84187108122804,0.6209097593121565,0.10138813448569224,Ag,COMPLETE
262,-54.511278195453144,2026-04-26 15:30:09.064306,2026-04-26 15:30:09.575512,0 days 00:00:00.511206,62.92617347636893,1.0405956152780884,0.11490293984024932,Ag,COMPLETE
263,-55.23809523805816,2026-04-26 15:30:09.127931,2026-04-26 15:30:09.628042,0 days 00:00:00.500111,66.95771262903698,1.0186763260640121,0.2107482034339263,Ag,COMPLETE
264,-55.77299412912029,2026-04-26 15:30:09.156851,2026-04-26 15:30:09.789223,0 days 00:00:00.632372,68.09903819084357,0.8812441514631582,0.1450718544819207,Ag,COMPLETE
265,-50.89285714282513,2026-04-26 15:30:09.175434,2026-04-26 15:30:09.714255,0 days 00:00:00.538821,77.16832632242604,0.857955672682163,0.22074610139994194,Ag,COMPLETE
266,-43.31306990879154,2026-04-26 15:30:09.204857,2026-04-26 15:30:09.687273,0 days 00:00:00.482416,51.027311652325636,0.5922749361474724,0.12822228064428415,Ag,COMPLETE
267,-53.57142857139311,2026-04-26 15:30:09.236597,2026-04-26 15:30:09.671731,0 days 00:00:00.435134,74.38256983548534,0.6116097812627054,0.27107313251486603,Ag,COMPLETE
268,-46.03174603172023,2026-04-26 15:30:09.485421,2026-04-26 15:30:10.165478,0 days 00:00:00.680057,55.885870744530735,1.6898128471666938,0.18450544205691075,Ag,COMPLETE
269,-54.28571428567808,2026-04-26 15:30:09.682970,2026-04-26 15:30:10.306323,0 days 00:00:00.623353,62.51365306504626,0.8544806598136983,0.15390106804724935,Ag,COMPLETE
270,-51.393728222965066,2026-04-26 15:30:09.715256,2026-04-26 15:30:10.399641,0 days 00:00:00.684385,64.43077312577601,1.9731438419702432,0.2269289449994225,Ag,COMPLETE
271,-45.2380952380702,2026-04-26 15:30:09.809315,2026-04-26 15:30:10.375332,0 days 00:00:00.566017,54.90515484260766,0.9634044903719213,0.30672490994384266,Ag,COMPLETE
272,-14.285714285712368,2026-04-26 15:30:09.860679,2026-04-26 15:30:10.373987,0 days 00:00:00.513308,73.25268224523417,0.7925877215921626,0.45151611003802594,Cu,PRUNED
273,-52.44122965638617,2026-04-26 15:30:09.871184,2026-04-26 15:30:10.279766,0 days 00:00:00.408582,64.84905017907113,1.5586556237217926,0.17400324452785249,Ag,COMPLETE
274,-20.40816326530027,2026-04-26 15:30:09.923876,2026-04-26 15:30:10.495186,0 days 00:00:00.571310,51.57749382933848,5.685685893453008,0.1360602141867186,Ag,PRUNED
275,-33.368091762240184,2026-04-26 15:30:09.890193,2026-04-26 15:30:10.400163,0 days 00:00:00.509970,52.02004173091305,5.545621586218572,0.23412061777508436,Ag,COMPLETE
276,-16.806722689073638,2026-04-26 15:30:10.343718,2026-04-26 15:30:10.851657,0 days 00:00:00.507939,88.95736064921492,1.4867681430653432,0.26465938654388504,Au,PRUNED
277,-49.053356282242305,2026-04-26 15:30:10.443733,2026-04-26 15:30:11.075140,0 days 00:00:00.631407,55.457395825308325,0.777389080933553,0.10694489183624317,Ag,COMPLETE
278,-49.00332225910753,2026-04-26 15:30:10.512283,2026-04-26 15:30:10.995183,0 days 00:00:00.482900,59.47904919167908,1.946505307431352,0.2090930818582431,Ag,COMPLETE
279,-51.78571428568156,2026-04-26 15:30:10.540185,2026-04-26 15:30:11.070085,0 days 00:00:00.529900,75.90694859946883,1.4441742316167538,0.12641444761136741,Ag,COMPLETE
280,-53.8033395175907,2026-04-26 15:30:10.560198,2026-04-26 15:30:11.209714,0 days 00:00:00.649516,71.21201896967446,1.4737998298123671,0.14729649904251516,Ag,COMPLETE
281,-52.19780219776829,2026-04-26 15:30:10.576269,2026-04-26 15:30:11.147497,0 days 00:00:00.571228,59.7022306222361,0.7332647104162178,0.17985985153557574,Ag,COMPLETE
282,-15.306122448977392,2026-04-26 15:30:10.618181,2026-04-26 15:30:11.069038,0 days 00:00:00.450857,82.62638585754613,1.4797291947828524,0.2389357860600842,Au,PRUNED
283,-17.857142857139866,2026-04-26 15:30:10.646392,2026-04-26 15:30:11.178762,0 days 00:00:00.532370,67.7033255149146,1.380210580537096,0.20072089285159123,Au,PRUNED
284,-55.01930501926762,2026-04-26 15:30:11.010780,2026-04-26 15:30:11.676459,0 days 00:00:00.665679,70.90607500625214,0.8296503103634061,0.21863913959856074,Ag,COMPLETE
285,-2.329192546583798,2026-04-26 15:30:11.175382,2026-04-26 15:30:11.864307,0 days 00:00:00.688925,99.67258227446271,2.531291023625683,0.44109830321815297,Ag,PRUNED
286,-1.4285714285713986,2026-04-26 15:30:11.226144,2026-04-26 15:30:11.833861,0 days 00:00:00.607717,102.55599736487011,0.9758927612570909,0.5997832563431802,Ag,PRUNED
287,-55.01930501926796,2026-04-26 15:30:11.257549,2026-04-26 15:30:12.035086,0 days 00:00:00.777537,74.14514036415987,0.8453522818027346,0.12317009352644562,Ag,COMPLETE
288,-55.77299412912056,2026-04-26 15:30:11.276163,2026-04-26 15:30:11.862184,0 days 00:00:00.586021,66.80209947776687,0.7265289074008032,0.23017813507827733,Ag,COMPLETE
289,-2.463054187192031,2026-04-26 15:30:11.316123,2026-04-26 15:30:11.773847,0 days 00:00:00.457724,96.26758506915593,0.5173614174593597,0.33892890165156025,Ag,PRUNED
290,-2.6954177897573084,2026-04-26 15:30:11.307792,2026-04-26 15:30:11.864307,0 days 00:00:00.556515,95.51133065147849,0.6030818551093099,0.3084510368050165,Ag,PRUNED
291,-52.197802197768844,2026-04-26 15:30:11.390186,2026-04-26 15:30:11.988809,0 days 00:00:00.598623,75.82358269641153,0.6435329128311771,0.3363569825341258,Ag,COMPLETE
292,-52.87569573280392,2026-04-26 15:30:11.808113,2026-04-26 15:30:12.347173,0 days 00:00:00.539060,62.206930874994164,0.8099933953532232,0.24887199901052715,Ag,COMPLETE
293,-54.79452054790749,2026-04-26 15:30:11.911373,2026-04-26 15:30:12.409132,0 days 00:00:00.497759,63.77488869918569,0.6099719892318483,0.1321220424319382,Ag,COMPLETE
294,-46.26623376620729,2026-04-26 15:30:11.961039,2026-04-26 15:30:12.456343,0 days 00:00:00.495304,81.81481579586954,0.9841519988843037,0.10735131224863803,Ag,COMPLETE
295,-54.05405405401748,2026-04-26 15:30:12.005654,2026-04-26 15:30:12.456343,0 days 00:00:00.450689,71.27033708464717,0.5363691597552189,0.26600262612166176,Ag,COMPLETE
296,-54.285714285678004,2026-04-26 15:30:12.053679,2026-04-26 15:30:12.950939,0 days 00:00:00.897260,67.14901323178182,1.255919788778709,0.1521024005707678,Ag,COMPLETE
297,-53.57142857139344,2026-04-26 15:30:12.086634,2026-04-26 15:30:12.531365,0 days 00:00:00.444731,63.3650226004533,1.2013158223628881,0.13307097993239186,Ag,COMPLETE
298,-36.55793025870338,2026-04-26 15:30:12.113655,2026-04-26 15:30:12.583843,0 days 00:00:00.470188,80.90819417288421,5.627819604974589,0.11858953986936221,Ag,COMPLETE
299,-54.28571428567808,2026-04-26 15:30:12.190389,2026-04-26 15:30:12.706424,0 days 00:00:00.516035,72.5214315509655,1.2475359332532299,0.10433583847705802,Ag,COMPLETE
300,-40.90909090907239,2026-04-26 15:30:12.582835,2026-04-26 15:30:13.092740,0 days 00:00:00.509905,57.99672401389957,4.980980761366109,0.11688328257386793,Ag,COMPLETE
301,-47.11246200605375,2026-04-26 15:30:12.627963,2026-04-26 15:30:13.091699,0 days 00:00:00.463736,61.565023600839965,3.621696700504489,0.1315087659139862,Ag,COMPLETE
302,-42.20779220777296,2026-04-26 15:30:12.653931,2026-04-26 15:30:13.530736,0 days 00:00:00.876805,63.086768257428226,5.395222431911954,0.23045966815545232,Ag,COMPLETE
303,-55.01930501926762,2026-04-26 15:30:12.720077,2026-04-26 15:30:13.279556,0 days 00:00:00.559479,62.080615599523576,0.6079883704326328,0.14807371004398365,Ag,COMPLETE
304,-53.8033395175907,2026-04-26 15:30:12.762266,2026-04-26 15:30:13.376175,0 days 00:00:00.613909,62.46935998289513,1.168389779563984,0.13895561450527108,Ag,COMPLETE
305,-51.393728222964974,2026-04-26 15:30:12.804794,2026-04-26 15:30:13.575386,0 days 00:00:00.770592,68.81168532422157,2.514361930989045,0.11171728057336351,Ag,COMPLETE
306,-46.79802955662307,2026-04-26 15:30:12.854015,2026-04-26 15:30:13.450648,0 days 00:00:00.596633,54.53605383065135,0.9349895245225046,0.12775030019528538,Ag,COMPLETE
307,-51.53707052437967,2026-04-26 15:30:13.138022,2026-04-26 15:30:13.733628,0 days 00:00:00.595606,58.58124425956113,0.5921457164193688,0.19810152029401923,Ag,COMPLETE
308,-16.483516483513935,2026-04-26 15:30:13.330999,2026-04-26 15:30:13.833376,0 days 00:00:00.502377,56.30284722255549,1.2448049571668247,0.10285474613483053,Cu,PRUNED
309,-55.77299412912029,2026-04-26 15:30:13.340716,2026-04-26 15:30:13.835420,0 days 00:00:00.494704,73.12271930354493,0.6625441414869099,0.17793878819468772,Ag,COMPLETE
310,-52.44122965638586,2026-04-26 15:30:13.469363,2026-04-26 15:30:14.026413,0 days 00:00:00.557050,61.814413322834945,1.4457763536210149,0.1140798366522612,Ag,COMPLETE
311,-49.05335628224239,2026-04-26 15:30:13.599375,2026-04-26 15:30:13.995019,0 days 00:00:00.395644,57.70844520688931,0.8643499995044305,0.26757556717693043,Ag,COMPLETE
312,-55.01930501926736,2026-04-26 15:30:13.627904,2026-04-26 15:30:14.291777,0 days 00:00:00.663873,64.3573831397293,0.9043280924778785,0.1340103313160684,Ag,COMPLETE
313,-6.493506493505897,2026-04-26 15:30:13.735134,2026-04-26 15:30:14.337595,0 days 00:00:00.602461,81.40753228520987,0.7450059220567372,0.16231278259518642,Cu,PRUNED
314,-45.74638844299168,2026-04-26 15:30:13.813246,2026-04-26 15:30:14.186109,0 days 00:00:00.372863,54.18898636910191,1.1519534945727603,0.1016444414845714,Ag,COMPLETE
315,-52.44122965638617,2026-04-26 15:30:13.866411,2026-04-26 15:30:14.432058,0 days 00:00:00.565647,62.75405838463571,1.4342206732421707,0.14426522715679457,Ag,COMPLETE
316,-16.483516483513935,2026-04-26 15:30:13.939121,2026-04-26 15:30:14.525416,0 days 00:00:00.586295,32.04044924702185,1.5046289854308172,0.17756520793037722,Ag,PRUNED
317,-55.0193050192677,2026-04-26 15:30:13.963077,2026-04-26 15:30:14.571012,0 days 00:00:00.607935,71.23200754577428,0.5164442218720441,0.3150981351077726,Ag,COMPLETE
318,-55.77299412912022,2026-04-26 15:30:14.148427,2026-04-26 15:30:14.714586,0 days 00:00:00.566159,67.88073891755882,0.7951544690648192,0.1501342112394836,Ag,COMPLETE
319,-53.57142857139311,2026-04-26 15:30:14.186109,2026-04-26 15:30:14.698196,0 days 00:00:00.512087,72.28435554963922,1.026836214767966,0.2131115698828552,Ag,COMPLETE
320,-50.52264808359262,2026-04-26 15:30:14.323766,2026-04-26 15:30:15.113452,0 days 00:00:00.789686,76.79503448397926,1.6065129155493516,0.1382742046556673,Ag,COMPLETE
321,-48.19277108430817,2026-04-26 15:30:14.476667,2026-04-26 15:30:15.281892,0 days 00:00:00.805225,79.92296596824279,0.5228281055885677,0.20796235974992294,Ag,COMPLETE
322,-20.40816326530027,2026-04-26 15:30:14.434060,2026-04-26 15:30:15.160725,0 days 00:00:00.726665,84.01376484549044,5.1764201044718225,0.12063775796571782,Ag,PRUNED
323,-50.632911392372854,2026-04-26 15:30:14.620336,2026-04-26 15:30:15.035192,0 days 00:00:00.414856,78.23593068570231,0.5018625029565907,0.19389426694501674,Ag,COMPLETE
324,-43.00291545187319,2026-04-26 15:30:14.660271,2026-04-26 15:30:15.068412,0 days 00:00:00.408141,83.15832152276836,1.6507192798436123,0.11560461704594985,Ag,COMPLETE
325,-42.452830188659156,2026-04-26 15:30:14.773344,2026-04-26 15:30:15.437331,0 days 00:00:00.663987,75.92916196082855,4.399035964355614,0.2939672148708054,Ag,COMPLETE
326,-17.857142857139866,2026-04-26 15:30:14.805860,2026-04-26 15:30:15.397650,0 days 00:00:00.591790,90.26012177836981,4.538709503243902,0.2570232334259706,Ag,PRUNED
327,-55.01930501926796,2026-04-26 15:30:14.830182,2026-04-26 15:30:15.280395,0 days 00:00:00.450213,68.39469854646558,1.2041376682228235,0.1091302460958411,Ag,COMPLETE
328,-52.875695732804246,2026-04-26 15:30:15.261085,2026-04-26 15:30:15.790149,0 days 00:00:00.529064,62.96150823555788,1.1191542236457934,0.16013831360527556,Ag,COMPLETE
329,-52.197802197768766,2026-04-26 15:30:15.331065,2026-04-26 15:30:15.862425,0 days 00:00:00.531360,59.97852714684658,0.8104416573912232,0.20493402395861848,Ag,COMPLETE
330,-52.197802197768844,2026-04-26 15:30:15.364593,2026-04-26 15:30:15.962667,0 days 00:00:00.598074,77.382293425355,0.8786511881268005,0.12855694659541794,Ag,COMPLETE
331,-53.57142857139344,2026-04-26 15:30:15.417428,2026-04-26 15:30:15.676292,0 days 00:00:00.258864,76.65277794798213,0.7116684128942605,0.11432793872230221,Ag,COMPLETE
332,-13.392857142855457,2026-04-26 15:30:15.401151,2026-04-26 15:30:15.956136,0 days 00:00:00.554985,47.020399099005836,0.6214064561486844,0.3806059685742179,Au,PRUNED
333,-47.342192691002474,2026-04-26 15:30:15.516486,2026-04-26 15:30:16.310065,0 days 00:00:00.793579,55.53421152571719,0.5991419008255066,0.36283189424291196,Ag,COMPLETE
334,-53.57142857139311,2026-04-26 15:30:15.544858,2026-04-26 15:30:16.163271,0 days 00:00:00.618413,64.48586200431902,1.3034964461519023,0.11400508948114044,Ag,COMPLETE
335,-55.98455598451783,2026-04-26 15:30:15.556931,2026-04-26 15:30:15.989256,0 days 00:00:00.432325,65.54923933907365,0.8661844382936128,0.16361777668802452,Ag,COMPLETE
336,-47.34219269100218,2026-04-26 15:30:15.819426,2026-04-26 15:30:16.453608,0 days 00:00:00.634182,57.04790278950976,0.681619880544292,0.4419705804448444,Ag,COMPLETE
337,-50.42016806719708,2026-04-26 15:30:16.030360,2026-04-26 15:30:16.609206,0 days 00:00:00.578846,68.14964129896302,2.8627973927108443,0.10748783197455757,Ag,COMPLETE
338,-43.39118825098121,2026-04-26 15:30:16.054354,2026-04-26 15:30:16.624811,0 days 00:00:00.570457,66.89396450136148,5.62668807485243,0.12008023328912185,Ag,COMPLETE
339,-17.85714285714061,2026-04-26 15:30:16.092398,2026-04-26 15:30:16.738049,0 days 00:00:00.645651,68.61167205034447,4.368137594132374,0.10413982791713028,Cu,PRUNED
340,-45.65537555225928,2026-04-26 15:30:16.160754,2026-04-26 15:30:16.687228,0 days 00:00:00.526474,74.30731530595274,4.1099784612705825,0.11131395265523814,Ag,COMPLETE
341,-20.40816326530027,2026-04-26 15:30:16.234951,2026-04-26 15:30:16.737545,0 days 00:00:00.502594,47.41918653592436,3.2778933243291046,0.1347894975493772,Ag,PRUNED
342,-42.85714285712236,2026-04-26 15:30:16.371564,2026-04-26 15:30:16.959937,0 days 00:00:00.588373,63.95169963900305,4.542289090386616,0.35633212794004965,Ag,COMPLETE
343,-40.10025062654879,2026-04-26 15:30:16.331406,2026-04-26 15:30:17.316296,0 days 00:00:00.984890,75.94690429971095,4.531528030695128,0.4745746029531677,Ag,COMPLETE
344,-38.74092009683573,2026-04-26 15:30:16.643866,2026-04-26 15:30:17.145091,0 days 00:00:00.501225,77.66323439373329,4.495565308573731,0.5031878431749592,Ag,COMPLETE
345,-14.285714285712368,2026-04-26 15:30:16.740056,2026-04-26 15:30:17.315789,0 days 00:00:00.575733,55.77461802888072,1.8184292133322943,0.12766585366819883,Au,PRUNED
346,-54.28571428567775,2026-04-26 15:30:16.842152,2026-04-26 15:30:17.373135,0 days 00:00:00.530983,62.70537475311631,0.9394729425082415,0.10044322611497267,Ag,COMPLETE
347,-51.53707052437935,2026-04-26 15:30:16.861199,2026-04-26 15:30:17.271583,0 days 00:00:00.410384,62.63007655208537,0.5204148828507817,0.4845618170338411,Ag,COMPLETE
348,-56.54761904757955,2026-04-26 15:30:16.876203,2026-04-26 15:30:17.423805,0 days 00:00:00.547602,72.76341966613893,0.6174776875761081,0.11258174772035927,Ag,COMPLETE
349,-17.857142857139866,2026-04-26 15:30:16.907182,2026-04-26 15:30:17.422798,0 days 00:00:00.515616,65.97267285806842,0.5735717839377873,0.19430846076241376,Au,PRUNED
350,-51.53707052437967,2026-04-26 15:30:17.069263,2026-04-26 15:30:17.644835,0 days 00:00:00.575572,58.34792390781213,0.601629873596683,0.17927090571990123,Ag,COMPLETE
351,-55.019305019268224,2026-04-26 15:30:17.191796,2026-04-26 15:30:17.710444,0 days 00:00:00.518648,63.26120343642471,0.683921881169799,0.12098157807927452,Ag,COMPLETE
352,-27.93040293039387,2026-04-26 15:30:17.387298,2026-04-26 15:30:17.887399,0 days 00:00:00.500101,44.86382142372709,3.573158784774594,0.3602297981873888,Ag,COMPLETE
353,-55.23809523805823,2026-04-26 15:30:17.460914,2026-04-26 15:30:18.053682,0 days 00:00:00.592768,67.9935477013693,0.6348428446092385,0.3581062763133295,Ag,COMPLETE
354,-55.0193050192677,2026-04-26 15:30:17.485260,2026-04-26 15:30:18.012723,0 days 00:00:00.527463,72.21941090413415,0.775214222291234,0.23167920063409236,Ag,COMPLETE
355,-55.77299412911995,2026-04-26 15:30:17.553058,2026-04-26 15:30:17.975514,0 days 00:00:00.422456,66.3876989839673,0.6631248417963029,0.2140954602594755,Ag,COMPLETE
356,-53.80333951758979,2026-04-26 15:30:17.609049,2026-04-26 15:30:18.012723,0 days 00:00:00.403674,71.39585219449482,1.5967319460320097,0.11595930527223533,Ag,COMPLETE
357,-52.875695732804246,2026-04-26 15:30:17.662963,2026-04-26 15:30:18.146965,0 days 00:00:00.484002,64.22192929287823,1.3118945949552678,0.13657780933839603,Ag,COMPLETE
358,-20.40816326530027,2026-04-26 15:30:17.782069,2026-04-26 15:30:18.505912,0 days 00:00:00.723843,87.01284184453881,2.277715641376385,0.5052413354731227,Ag,PRUNED
359,-52.63157894733374,2026-04-26 15:30:17.839949,2026-04-26 15:30:18.459637,0 days 00:00:00.619688,60.70386767356901,0.6048383647969858,0.20612585361157765,Ag,COMPLETE
360,-55.77299412912029,2026-04-26 15:30:18.107923,2026-04-26 15:30:18.583057,0 days 00:00:00.475134,73.60777181388235,0.502683629436554,0.17467502485734854,Ag,COMPLETE
361,-50.52264808359262,2026-04-26 15:30:18.121275,2026-04-26 15:30:18.629246,0 days 00:00:00.507971,76.162638631082,0.8090371728969157,0.4193393891937823,Ag,COMPLETE
362,-42.56854256852124,2026-04-26 15:30:18.146965,2026-04-26 15:30:18.616077,0 days 00:00:00.469112,80.28065817322546,2.124525000775042,0.3750872757140673,Ag,COMPLETE
363,-41.20879120877136,2026-04-26 15:30:18.182491,2026-04-26 15:30:18.740781,0 days 00:00:00.558290,79.28513510982219,2.683979856885824,0.454589703059464,Ag,COMPLETE
364,-44.554455445522414,2026-04-26 15:30:18.208927,2026-04-26 15:30:18.939762,0 days 00:00:00.730835,73.14254998118611,3.793294904465931,0.4315152014503685,Ag,COMPLETE
365,-43.89880952378675,2026-04-26 15:30:18.310686,2026-04-26 15:30:18.976531,0 days 00:00:00.665845,79.44370054938416,1.761205601599096,0.41651134313447286,Ag,COMPLETE
366,-52.87569573280392,2026-04-26 15:30:18.617096,2026-04-26 15:30:19.172339,0 days 00:00:00.555243,72.4007371658618,0.5678056638122911,0.46788856034365084,Ag,COMPLETE
367,-43.15476190473965,2026-04-26 15:30:18.655362,2026-04-26 15:30:19.229209,0 days 00:00:00.573847,83.51118070924738,0.727705299735249,0.23874274732400633,Ag,COMPLETE
368,-23.80952380951585,2026-04-26 15:30:18.719620,2026-04-26 15:30:19.297358,0 days 00:00:00.577738,87.41057437374212,1.4645334158366827,0.14070280636691354,Ag,PRUNED
369,-47.88961038958328,2026-04-26 15:30:18.769373,2026-04-26 15:30:19.473965,0 days 00:00:00.704592,74.87423276846373,1.6388033472693393,0.5087566561989982,Ag,COMPLETE
370,-46.31083202509202,2026-04-26 15:30:18.820800,2026-04-26 15:30:19.327175,0 days 00:00:00.506375,77.4164785342428,1.3092015740731608,0.5888314277246451,Ag,COMPLETE
371,-16.483516483513935,2026-04-26 15:30:18.866498,2026-04-26 15:30:19.704352,0 days 00:00:00.837854,60.7451242288261,0.8587706233766361,0.4645704983693867,Cu,PRUNED
372,-23.8095238095185,2026-04-26 15:30:19.086071,2026-04-26 15:30:19.626197,0 days 00:00:00.540126,88.97843311125109,2.14415103591025,0.13120749227338277,Ag,PRUNED
373,-45.9183673469156,2026-04-26 15:30:19.175447,2026-04-26 15:30:19.999639,0 days 00:00:00.824192,64.81654983154,4.632459818729085,0.11352009897739139,Ag,COMPLETE
374,-55.77299412912056,2026-04-26 15:30:19.332205,2026-04-26 15:30:20.063582,0 days 00:00:00.731377,71.373184731773,0.8631881877674474,0.12477205701090563,Ag,COMPLETE
375,-49.31972789112706,2026-04-26 15:30:19.379772,2026-04-26 15:30:20.157319,0 days 00:00:00.777547,80.45289043625658,1.0074007018262843,0.10662470404133306,Ag,COMPLETE
376,-47.368421052606564,2026-04-26 15:30:19.392859,2026-04-26 15:30:20.016388,0 days 00:00:00.623529,72.08054372601137,4.198861094658117,0.12147694708527756,Ag,COMPLETE
377,-50.89285714282513,2026-04-26 15:30:19.504416,2026-04-26 15:30:20.201889,0 days 00:00:00.697473,59.51687565753072,0.6750556540411699,0.3661364250179931,Ag,COMPLETE
378,-44.117647058801985,2026-04-26 15:30:19.585178,2026-04-26 15:30:20.158319,0 days 00:00:00.573141,61.448410229955755,4.608203550848209,0.1489293648362841,Ag,COMPLETE
379,-55.23809523805857,2026-04-26 15:30:19.788264,2026-04-26 15:30:20.414487,0 days 00:00:00.626223,68.73688041721465,0.7990859764987057,0.32075039247249854,Ag,COMPLETE
380,-45.45454545451958,2026-04-26 15:30:19.871214,2026-04-26 15:30:20.412480,0 days 00:00:00.541266,82.60700160186853,0.5069840942205763,0.11452831634735516,Ag,COMPLETE
381,-55.01930501926796,2026-04-26 15:30:20.121785,2026-04-26 15:30:20.677020,0 days 00:00:00.555235,72.20948268116031,1.0100454480711885,0.1267294180783008,Ag,COMPLETE
382,-54.5112781954528,2026-04-26 15:30:20.173834,2026-04-26 15:30:20.718709,0 days 00:00:00.544875,74.38288876217217,0.9136930925904287,0.18895352365806686,Ag,COMPLETE
383,-52.87569573280449,2026-04-26 15:30:20.267216,2026-04-26 15:30:20.813259,0 days 00:00:00.546043,76.9543111140113,0.5096545529272933,0.17372094935984678,Ag,COMPLETE
384,-48.192771084308376,2026-04-26 15:30:20.360139,2026-04-26 15:30:20.866375,0 days 00:00:00.506236,80.77561195281908,0.519255933338351,0.1368184559368674,Ag,COMPLETE
385,-44.254658385068936,2026-04-26 15:30:20.416554,2026-04-26 15:30:20.900224,0 days 00:00:00.483670,54.48165142373233,0.5545318474807979,0.5788838154062327,Ag,COMPLETE
386,-49.91394148017653,2026-04-26 15:30:20.543851,2026-04-26 15:30:21.156602,0 days 00:00:00.612751,68.21055414394067,1.3635786363258324,0.5303448297256423,Ag,COMPLETE
387,-54.28571428567808,2026-04-26 15:30:20.565300,2026-04-26 15:30:21.311185,0 days 00:00:00.745885,72.13080060168238,0.7495169482870467,0.25519398659532533,Ag,COMPLETE
388,-48.73949579829101,2026-04-26 15:30:20.626361,2026-04-26 15:30:21.467267,0 days 00:00:00.840906,63.82558686357538,1.470105379538499,0.5415799103237843,Ag,COMPLETE
389,-43.68932038832807,2026-04-26 15:30:20.873070,2026-04-26 15:30:21.569562,0 days 00:00:00.696492,67.32974069504796,4.319123951466809,0.431176556347057,Ag,COMPLETE
390,-47.360248447179046,2026-04-26 15:30:20.931370,2026-04-26 15:30:21.436628,0 days 00:00:00.505258,65.67837609225376,2.7604566266319464,0.5244741092903207,Ag,COMPLETE
391,-41.84704184702049,2026-04-26 15:30:21.001448,2026-04-26 15:30:21.639763,0 days 00:00:00.638315,81.8874305789847,0.9360906085040483,0.5179856125216888,Ag,COMPLETE
392,-41.38851802401297,2026-04-26 15:30:21.041752,2026-04-26 15:30:21.599877,0 days 00:00:00.558125,58.28035978365584,3.8522985080730363,0.44398084791529924,Ag,COMPLETE
393,-41.82754182752299,2026-04-26 15:30:21.111347,2026-04-26 15:30:21.680713,0 days 00:00:00.569366,66.40385277099347,5.026456796959952,0.50495404361991,Ag,COMPLETE
394,-39.34624697334913,2026-04-26 15:30:21.383566,2026-04-26 15:30:21.900355,0 days 00:00:00.516789,77.4139335887719,5.086157573852441,0.3538079068739951,Ag,COMPLETE
395,-56.338028168974496,2026-04-26 15:30:21.513029,2026-04-26 15:30:22.012574,0 days 00:00:00.499545,67.81927523124733,0.6004523906521951,0.10714824960922036,Ag,COMPLETE
396,-49.319727891127364,2026-04-26 15:30:21.702650,2026-04-26 15:30:22.387988,0 days 00:00:00.685338,75.6150987708494,0.6520954842191835,0.5725755024836126,Ag,COMPLETE
397,-53.57142857139344,2026-04-26 15:30:21.719499,2026-04-26 15:30:22.309231,0 days 00:00:00.589732,68.54978682852446,0.8534496357196042,0.3895686002115879,Ag,COMPLETE
398,-10.20408163265208,2026-04-26 15:30:21.768232,2026-04-26 15:30:22.298068,0 days 00:00:00.529836,52.84181365430116,4.4447199329987646,1.9076220557212757,Cu,PRUNED
399,-44.54685099843999,2026-04-26 15:30:21.831117,2026-04-26 15:30:22.388996,0 days 00:00:00.557879,81.22187963236512,0.9841678803114511,0.327282923864342,Ag,COMPLETE
400,-23.80952380951585,2026-04-26 15:30:21.733859,2026-04-26 15:30:22.433617,0 days 00:00:00.699758,85.3950756951784,0.5310159228597708,0.5281856889910088,Ag,PRUNED
401,-45.8646616541112,2026-04-26 15:30:21.960926,2026-04-26 15:30:22.712749,0 days 00:00:00.751823,76.95053144802675,3.4736872633466747,0.11643141407259343,Ag,COMPLETE
402,-23.80952380951585,2026-04-26 15:30:22.162191,2026-04-26 15:30:22.793991,0 days 00:00:00.631800,74.1413377193673,5.267226007276056,0.11081829913264378,Ag,PRUNED
403,-53.80333951758979,2026-04-26 15:30:22.058796,2026-04-26 15:30:22.840259,0 days 00:00:00.781463,74.16927818294783,1.4546664847142412,0.11247925100006997,Ag,COMPLETE
404,-53.57142857139311,2026-04-26 15:30:22.343890,2026-04-26 15:30:22.753278,0 days 00:00:00.409388,64.66657864163001,0.6901551680153354,0.3613025112919257,Ag,COMPLETE
405,-52.87569573280449,2026-04-26 15:30:22.451451,2026-04-26 15:30:22.931914,0 days 00:00:00.480463,76.27199292376982,0.6412154137824312,0.19994344268231248,Ag,COMPLETE
406,-54.05405405401748,2026-04-26 15:30:22.476454,2026-04-26 15:30:23.080398,0 days 00:00:00.603944,74.67300006898881,0.5048374678695503,0.15262848675027246,Ag,COMPLETE
407,-3.968253968253854,2026-04-26 15:30:22.538179,2026-04-26 15:30:23.213301,0 days 00:00:00.675122,84.117523845777,4.7027514000004125,0.5312204342941929,Cu,PRUNED
408,-47.36024844717932,2026-04-26 15:30:22.530963,2026-04-26 15:30:23.496437,0 days 00:00:00.965474,74.6333829262433,3.4658475226314662,0.11003610783678888,Ag,COMPLETE
409,-49.833887043160146,2026-04-26 15:30:22.853731,2026-04-26 15:30:23.379973,0 days 00:00:00.526242,71.166870073741,3.0185479190442788,0.10322464921883923,Ag,COMPLETE
410,-28.571428571418657,2026-04-26 15:30:22.898016,2026-04-26 15:30:23.448444,0 days 00:00:00.550428,43.564995695909786,2.0802654498689757,0.2052300125998412,Ag,COMPLETE
411,-23.80952380951585,2026-04-26 15:30:22.979288,2026-04-26 15:30:23.470844,0 days 00:00:00.491556,45.082904935038414,0.757154219997626,0.14903144060154122,Ag,PRUNED
412,-23.80952380951585,2026-04-26 15:30:23.082409,2026-04-26 15:30:23.526542,0 days 00:00:00.444133,50.477747646938546,4.057593129561581,0.23002961390358623,Ag,PRUNED
413,-55.01930501926789,2026-04-26 15:30:23.148647,2026-04-26 15:30:23.732328,0 days 00:00:00.583681,66.76674311075011,0.6817186354552148,0.24857523624848135,Ag,COMPLETE
414,-16.483516483513935,2026-04-26 15:30:23.219578,2026-04-26 15:30:23.894494,0 days 00:00:00.674916,66.71374540123139,1.5593219826574516,0.16607996579307782,Cu,PRUNED
415,-55.23809523805816,2026-04-26 15:30:23.425552,2026-04-26 15:30:24.180021,0 days 00:00:00.754469,71.80420881652462,0.6887710048940906,0.3437062797962638,Ag,COMPLETE
416,-55.01930501926736,2026-04-26 15:30:23.494440,2026-04-26 15:30:24.008850,0 days 00:00:00.514410,63.68197797968938,0.5194153292233106,0.19245356577123363,Ag,COMPLETE
417,-52.875695732804246,2026-04-26 15:30:23.553405,2026-04-26 15:30:24.208546,0 days 00:00:00.655141,63.67478051412276,1.3238635343306795,0.12732740676112492,Ag,COMPLETE
418,-45.18950437315491,2026-04-26 15:30:23.608321,2026-04-26 15:30:24.082223,0 days 00:00:00.473902,60.05528074068144,3.697494263882989,0.18101602917870926,Ag,COMPLETE
419,-16.483516483513935,2026-04-26 15:30:23.651403,2026-04-26 15:30:24.316194,0 days 00:00:00.664791,67.06957289089472,0.7459648032727776,0.46390686369927037,Au,PRUNED
420,-54.511278195453144,2026-04-26 15:30:23.684069,2026-04-26 15:30:24.284168,0 days 00:00:00.600099,73.79401417099932,0.9820686376785477,0.171984766836474,Ag,COMPLETE
421,-50.264550264518924,2026-04-26 15:30:24.020628,2026-04-26 15:30:24.676818,0 days 00:00:00.656190,75.4595340089587,0.5873101541735155,0.4566546633295548,Ag,COMPLETE
422,-55.77299412912029,2026-04-26 15:30:24.097116,2026-04-26 15:30:24.691980,0 days 00:00:00.594864,73.1143726775053,0.7206995997894824,0.13880890666916437,Ag,COMPLETE
423,-41.545189504352216,2026-04-26 15:30:24.221689,2026-04-26 15:30:24.770012,0 days 00:00:00.548323,51.95959796371156,0.8218432450429906,0.4065125033553947,Ag,COMPLETE
424,-35.714285714269735,2026-04-26 15:30:24.275032,2026-04-26 15:30:24.844889,0 days 00:00:00.569857,47.88344575971392,0.8281363559673192,0.3605235005163593,Ag,COMPLETE
425,-45.746388442991865,2026-04-26 15:30:24.342668,2026-04-26 15:30:24.891945,0 days 00:00:00.549277,55.39803764171096,0.6144273665386805,0.497734561132614,Ag,COMPLETE
426,-46.825396825370625,2026-04-26 15:30:24.384085,2026-04-26 15:30:24.890436,0 days 00:00:00.506351,58.2645694235493,1.6006995883555997,0.47324563420799826,Ag,COMPLETE
427,-55.01930501926796,2026-04-26 15:30:24.410357,2026-04-26 15:30:24.891439,0 days 00:00:00.481082,61.1061347096646,0.5447785061987709,0.13290716890293322,Ag,COMPLETE
428,-51.28205128201859,2026-04-26 15:30:24.476522,2026-04-26 15:30:25.216540,0 days 00:00:00.740018,58.614124397971494,0.5811660224872368,0.12018485164473056,Ag,COMPLETE
429,-55.77299412912029,2026-04-26 15:30:24.844889,2026-04-26 15:30:25.500746,0 days 00:00:00.655857,69.13100051267084,0.8880226398535688,0.14467152254759288,Ag,COMPLETE
430,-43.84724186702227,2026-04-26 15:30:24.938050,2026-04-26 15:30:25.454248,0 days 00:00:00.516198,60.227477877415616,4.245548052035303,0.12582355397178563,Ag,COMPLETE
431,-55.984555984518444,2026-04-26 15:30:25.021505,2026-04-26 15:30:25.472492,0 days 00:00:00.450987,68.80307353649123,1.1757774740618334,0.14054209922799374,Ag,COMPLETE
432,-42.410714285692286,2026-04-26 15:30:25.057155,2026-04-26 15:30:25.702359,0 days 00:00:00.645204,50.6965755717504,0.6790472090925223,0.11437397475997882,Ag,COMPLETE
433,-53.3333333332976,2026-04-26 15:30:25.068361,2026-04-26 15:30:25.581533,0 days 00:00:00.513172,61.809805853434334,0.7126315763039447,0.14835737562172957,Ag,COMPLETE
434,-54.285714285678004,2026-04-26 15:30:25.108635,2026-04-26 15:30:25.642756,0 days 00:00:00.534121,62.733044229423534,0.9686419432662233,0.12834557816843378,Ag,COMPLETE
435,-54.5112781954528,2026-04-26 15:30:25.148313,2026-04-26 15:30:25.579535,0 days 00:00:00.431222,62.6473719763996,1.0786356626496014,0.1164710304061406,Ag,COMPLETE
436,-56.54761904757989,2026-04-26 15:30:25.324860,2026-04-26 15:30:25.855974,0 days 00:00:00.531114,71.30011157310027,0.7640725724372526,0.10641039661875613,Ag,COMPLETE
437,-42.17687074827927,2026-04-26 15:30:25.639230,2026-04-26 15:30:26.282449,0 days 00:00:00.643219,76.42987868475524,3.6951189948962813,0.43999146688089363,Ag,COMPLETE
438,-23.80952380951585,2026-04-26 15:30:25.677926,2026-04-26 15:30:26.304504,0 days 00:00:00.626578,84.47588302396854,4.124806751977267,0.32303717389677244,Ag,PRUNED
439,-52.87569573280392,2026-04-26 15:30:25.750987,2026-04-26 15:30:26.176539,0 days 00:00:00.425552,71.83641136724498,0.5443687687624776,0.4586248858673817,Ag,COMPLETE
440,-4.926108374383892,2026-04-26 15:30:25.781604,2026-04-26 15:30:26.368884,0 days 00:00:00.587280,93.8831336817569,2.7331258276195007,0.13926383225226893,Ag,PRUNED
441,-1.904761904761852,2026-04-26 15:30:25.804886,2026-04-26 15:30:26.235255,0 days 00:00:00.430369,98.90307362712582,4.159325432499068,0.17820285837004807,Ag,PRUNED
442,-39.47368421050908,2026-04-26 15:30:25.872388,2026-04-26 15:30:26.371405,0 days 00:00:00.499017,81.12987367524022,4.231205877483842,0.1374807426970149,Ag,COMPLETE
443,-1.0660980810234213,2026-04-26 15:30:25.900754,2026-04-26 15:30:26.528364,0 days 00:00:00.627610,20.17464126084952,19.69075495056522,0.597014616240952,Ag,PRUNED
444,-45.65537555225928,2026-04-26 15:30:26.012358,2026-04-26 15:30:26.715029,0 days 00:00:00.702671,75.8388812201823,3.8072646263784202,0.14154538539236616,Ag,COMPLETE
445,-46.85099846387651,2026-04-26 15:30:26.328696,2026-04-26 15:30:27.014275,0 days 00:00:00.685579,67.79730648451626,3.3291473286617292,0.35934768811722545,Ag,COMPLETE
446,-46.85099846387623,2026-04-26 15:30:26.372402,2026-04-26 15:30:27.013105,0 days 00:00:00.640703,67.76737843302627,3.7122723413831817,0.18231476498547125,Ag,COMPLETE
447,-10.204081632651594,2026-04-26 15:30:26.430517,2026-04-26 15:30:26.845195,0 days 00:00:00.414678,91.60935967260556,0.8403832505342207,0.1476554716612651,Ag,PRUNED
448,-4.081632653060987,2026-04-26 15:30:26.547030,2026-04-26 15:30:27.279157,0 days 00:00:00.732127,93.98134316098269,0.8113842426558806,0.20870918606998864,Ag,PRUNED
449,-10.714285714284633,2026-04-26 15:30:26.602293,2026-04-26 15:30:27.339697,0 days 00:00:00.737404,77.99316404138789,0.7081932365037638,1.181481928425026,Cu,PRUNED
450,-15.306122448977392,2026-04-26 15:30:26.650564,2026-04-26 15:30:27.323208,0 days 00:00:00.672644,74.49166798382554,2.935987469505393,0.1054156909575418,Au,PRUNED
451,-48.15409309788613,2026-04-26 15:30:26.635049,2026-04-26 15:30:27.360083,0 days 00:00:00.725034,72.13086643851331,3.169739412892865,0.14173855687435868,Ag,COMPLETE
452,-49.83388704316035,2026-04-26 15:30:26.847192,2026-04-26 15:30:27.400996,0 days 00:00:00.553804,71.26311767345385,3.0212125213571985,0.12001579230822054,Ag,COMPLETE
453,-41.018387553020744,2026-04-26 15:30:26.979879,2026-04-26 15:30:27.653457,0 days 00:00:00.673578,83.61527105616469,1.7025832287356462,0.12906475175371762,Ag,COMPLETE
454,-40.720961281690066,2026-04-26 15:30:27.212679,2026-04-26 15:30:27.963269,0 days 00:00:00.750590,54.99428131944764,3.87400009811203,0.10287146629971128,Ag,COMPLETE
455,-54.5112781954528,2026-04-26 15:30:27.282159,2026-04-26 15:30:27.820804,0 days 00:00:00.538645,72.83222253769871,1.2156088113264498,0.14667631123595176,Ag,COMPLETE
456,-53.80333951759012,2026-04-26 15:30:27.360083,2026-04-26 15:30:28.102694,0 days 00:00:00.742611,68.60655589099156,0.7617017648207965,0.452233950997595,Ag,COMPLETE
457,-51.28205128201859,2026-04-26 15:30:27.453825,2026-04-26 15:30:27.926545,0 days 00:00:00.472720,76.97198545330794,0.5735958857978425,0.23754662864766504,Ag,COMPLETE
458,-1.7421602787456147,2026-04-26 15:30:27.482508,2026-04-26 15:30:28.116841,0 days 00:00:00.634333,117.71183769771955,10.744145458115192,0.22149354265405452,Ag,PRUNED
459,-56.54761904757955,2026-04-26 15:30:27.575225,2026-04-26 15:30:28.228059,0 days 00:00:00.652834,68.55523248287504,0.5249083320617473,0.18421262942429342,Ag,COMPLETE
460,-42.17687074827888,2026-04-26 15:30:27.612304,2026-04-26 15:30:28.273958,0 days 00:00:00.661654,58.43131006502344,4.453495546519419,0.10983063535875161,Ag,COMPLETE
461,-52.441229656386405,2026-04-26 15:30:27.840051,2026-04-26 15:30:28.399468,0 days 00:00:00.559417,71.1706073662469,0.5145568461020871,0.587790054923003,Ag,COMPLETE
462,-40.72096128168969,2026-04-26 15:30:28.014815,2026-04-26 15:30:28.431120,0 days 00:00:00.416305,55.689043940916264,3.3326468013350423,0.3757048356834236,Ag,COMPLETE
463,-44.5544554455225,2026-04-26 15:30:28.046958,2026-04-26 15:30:28.730648,0 days 00:00:00.683690,65.57961278910638,4.225659547262446,0.35655727333792486,Ag,COMPLETE
464,-56.54761904757989,2026-04-26 15:30:28.073000,2026-04-26 15:30:28.752888,0 days 00:00:00.679888,69.18385706692425,0.5923245611184691,0.20845354260256202,Ag,COMPLETE
465,-51.53707052437959,2026-04-26 15:30:28.189166,2026-04-26 15:30:28.862276,0 days 00:00:00.673110,60.69662765356113,0.6564304957784032,0.33306690288262186,Ag,COMPLETE
466,-54.79452054790749,2026-04-26 15:30:28.327246,2026-04-26 15:30:28.798744,0 days 00:00:00.471498,63.44531010701327,0.6127900641439571,0.10222583676733307,Ag,COMPLETE
467,-11.904761904759908,2026-04-26 15:30:28.374904,2026-04-26 15:30:29.016698,0 days 00:00:00.641794,63.51837171742307,0.6810562047406978,0.20999666678386555,Cu,PRUNED
468,-40.259740259721795,2026-04-26 15:30:28.426964,2026-04-26 15:30:29.019279,0 days 00:00:00.592315,57.600048142772344,3.9582188220345405,0.43749751798703984,Ag,COMPLETE
469,-48.701298701270986,2026-04-26 15:30:28.587652,2026-04-26 15:30:28.986464,0 days 00:00:00.398812,68.46589803773858,2.4027923016157122,0.4109559580509449,Ag,COMPLETE
470,-55.0193050192677,2026-04-26 15:30:28.677999,2026-04-26 15:30:29.205533,0 days 00:00:00.527534,68.53402135975641,1.0286347570299843,0.15018513970122405,Ag,COMPLETE
471,-55.77299412912056,2026-04-26 15:30:28.816411,2026-04-26 15:30:29.656515,0 days 00:00:00.840104,71.27066857230689,0.5167487284030676,0.2601442724374827,Ag,COMPLETE
472,-55.77299412911995,2026-04-26 15:30:29.052659,2026-04-26 15:30:29.577216,0 days 00:00:00.524557,69.75382805906268,0.5549707515184361,0.3032702539354189,Ag,COMPLETE
473,-55.01930501926789,2026-04-26 15:30:29.112136,2026-04-26 15:30:29.606506,0 days 00:00:00.494370,74.77708658727295,0.678002942398402,0.10900922770555359,Ag,COMPLETE
474,-40.71428571426544,2026-04-26 15:30:29.145195,2026-04-26 15:30:29.538008,0 days 00:00:00.392813,84.43981487110456,0.8337006815243131,0.15580241887762772,Ag,COMPLETE
475,-46.79802955662355,2026-04-26 15:30:29.203121,2026-04-26 15:30:29.703427,0 days 00:00:00.500306,82.18090480734398,0.5195693923363914,0.16433154302187825,Ag,COMPLETE
476,-50.774526678110455,2026-04-26 15:30:29.279609,2026-04-26 15:30:30.029451,0 days 00:00:00.749842,75.39485035561981,2.176197554834578,0.10765332703422215,Ag,COMPLETE
477,-51.146384479686304,2026-04-26 15:30:29.349999,2026-04-26 15:30:29.896468,0 days 00:00:00.546469,66.62789448373574,1.1556418005513291,0.4660811420184812,Ag,COMPLETE
478,-53.57142857139311,2026-04-26 15:30:29.302306,2026-04-26 15:30:30.030460,0 days 00:00:00.728154,70.95580899130543,0.679740505987121,0.37527732355990906,Ag,COMPLETE
479,-43.60902255636764,2026-04-26 15:30:29.707441,2026-04-26 15:30:30.324889,0 days 00:00:00.617448,80.98778003796717,0.7755959013320183,0.5380951820457314,Ag,COMPLETE
480,-44.91899852722254,2026-04-26 15:30:29.759773,2026-04-26 15:30:30.276404,0 days 00:00:00.516631,74.06713505676102,3.345309198035327,0.39287316789450755,Ag,COMPLETE
481,-55.77299412912056,2026-04-26 15:30:29.796348,2026-04-26 15:30:30.276404,0 days 00:00:00.480056,73.50334879480617,0.8546539141178778,0.10790536509263825,Ag,COMPLETE
482,-53.57142857139344,2026-04-26 15:30:29.926995,2026-04-26 15:30:30.774308,0 days 00:00:00.847313,68.78942711035394,0.6904736310215519,0.3959477880773627,Ag,COMPLETE
483,-49.053356282242305,2026-04-26 15:30:29.980820,2026-04-26 15:30:30.386276,0 days 00:00:00.405456,75.83719914806491,0.8808036571775207,0.4323217939713504,Ag,COMPLETE
484,-51.1463844796864,2026-04-26 15:30:30.091816,2026-04-26 15:30:30.603968,0 days 00:00:00.512152,66.02207550771438,1.2164679700593406,0.4990271373502726,Ag,COMPLETE
485,-44.2857142856921,2026-04-26 15:30:30.148633,2026-04-26 15:30:30.841512,0 days 00:00:00.692879,77.5041445330044,3.8938479530294496,0.11286376394826783,Ag,COMPLETE
486,-54.285714285678004,2026-04-26 15:30:30.195806,2026-04-26 15:30:30.689325,0 days 00:00:00.493519,70.95055074902942,0.5533361642532798,0.3545768803730731,Ag,COMPLETE
487,-54.285714285678004,2026-04-26 15:30:30.412320,2026-04-26 15:30:31.181898,0 days 00:00:00.769578,74.69653813834665,0.554617840540465,0.2124636487421649,Ag,COMPLETE
488,-23.80952380951585,2026-04-26 15:30:30.433377,2026-04-26 15:30:30.959354,0 days 00:00:00.525977,83.25658160418101,3.4120120826763523,0.3205839376750288,Ag,PRUNED
489,-28.571428571417115,2026-04-26 15:30:30.511551,2026-04-26 15:30:31.147404,0 days 00:00:00.635853,79.93615601783412,0.9329036358110473,0.16054656635919104,Ag,PRUNED
490,-28.571428571417115,2026-04-26 15:30:30.569525,2026-04-26 15:30:31.187966,0 days 00:00:00.618441,72.45508555082486,3.586475829991488,0.16391990545597226,Ag,PRUNED
491,-14.285714285712368,2026-04-26 15:30:30.706888,2026-04-26 15:30:31.110902,0 days 00:00:00.404014,74.50967821031037,1.1722759807511285,0.10033193096275783,Cu,PRUNED
492,-54.285714285678004,2026-04-26 15:30:30.796603,2026-04-26 15:30:31.675241,0 days 00:00:00.878638,66.86074360066962,0.5555237686899696,0.3395035550568774,Ag,COMPLETE
493,-43.84724186702193,2026-04-26 15:30:30.945223,2026-04-26 15:30:31.691824,0 days 00:00:00.746601,59.22234480268516,3.565649159928764,0.31831585999336476,Ag,COMPLETE
494,-54.05405405401722,2026-04-26 15:30:31.044857,2026-04-26 15:30:31.535793,0 days 00:00:00.490936,61.85234882308306,0.5399241911067583,0.159119438357195,Ag,COMPLETE
495,-48.136645962706986,2026-04-26 15:30:31.056125,2026-04-26 15:30:31.676251,0 days 00:00:00.620126,68.0970605512102,3.8714317290191977,0.12012861431712951,Ag,COMPLETE
496,-43.2692307692099,2026-04-26 15:30:31.240821,2026-04-26 15:30:31.783529,0 days 00:00:00.542708,65.61562990885743,4.3943305161157005,0.43037898716841544,Ag,COMPLETE
497,-52.87569573280392,2026-04-26 15:30:31.290935,2026-04-26 15:30:31.876559,0 days 00:00:00.585624,62.61926254201768,0.7543255426908994,0.30781321269236006,Ag,COMPLETE
498,-28.571428571417115,2026-04-26 15:30:31.336161,2026-04-26 15:30:31.861377,0 days 00:00:00.525216,69.7840698355225,3.5564003370289594,0.11508635366666263,Ag,PRUNED
499,-20.40816326530027,2026-04-26 15:30:31.376174,2026-04-26 15:30:32.007150,0 days 00:00:00.630976,90.43040492856214,0.7228067151649687,0.12608872060612603,Ag,PRUNED
500,-0.6493506493506369,2026-04-26 15:30:31.695128,2026-04-26 15:30:32.282645,0 days 00:00:00.587517,61.98067069170021,17.860389303944924,0.22212358419063805,Au,PRUNED
501,-28.571428571417115,2026-04-26 15:30:31.893311,2026-04-26 15:30:32.755860,0 days 00:00:00.862549,76.6401442423371,3.6545605665504466,0.11876238030145,Ag,PRUNED
502,-51.5370705243799,2026-04-26 15:30:31.910011,2026-04-26 15:30:32.905852,0 days 00:00:00.995841,77.30623779807085,1.0181778502615957,0.13009859332992219,Ag,COMPLETE
503,-20.40816326530416,2026-04-26 15:30:31.937928,2026-04-26 15:30:32.424127,0 days 00:00:00.486199,47.127280564989974,19.017403008137563,0.19091454011745324,Ag,PRUNED
504,-23.80952380951585,2026-04-26 15:30:31.960143,2026-04-26 15:30:32.564265,0 days 00:00:00.604122,49.81390524459334,0.990253622015695,0.16943210270925038,Ag,PRUNED
505,-28.571428571417115,2026-04-26 15:30:32.008161,2026-04-26 15:30:32.754821,0 days 00:00:00.746660,68.18219130478697,2.7052608832019516,0.10464177860139147,Ag,PRUNED
506,-23.80952380951585,2026-04-26 15:30:32.055310,2026-04-26 15:30:32.486400,0 days 00:00:00.431090,82.62806840860226,0.7275237880318287,0.38400610376393485,Ag,PRUNED
507,-28.571428571417115,2026-04-26 15:30:32.073982,2026-04-26 15:30:32.664696,0 days 00:00:00.590714,79.7417711481885,0.8982004872089774,0.12620640956401608,Ag,PRUNED
508,-55.98455598451837,2026-04-26 15:30:32.488981,2026-04-26 15:30:33.180551,0 days 00:00:00.691570,72.41675633291243,0.988894021804547,0.12963974340648365,Ag,COMPLETE
509,-50.264550264519144,2026-04-26 15:30:32.582416,2026-04-26 15:30:33.280770,0 days 00:00:00.698354,79.86506428664528,0.5496425388733943,0.16409921912735603,Ag,COMPLETE
510,-16.806722689073638,2026-04-26 15:30:32.618237,2026-04-26 15:30:33.181550,0 days 00:00:00.563313,63.61783488179638,4.081263570513718,0.6174372862254084,Au,PRUNED
511,-55.01930501926796,2026-04-26 15:30:32.690926,2026-04-26 15:30:33.575645,0 days 00:00:00.884719,64.7745645193362,0.5286041323326598,0.29286010454709327,Ag,COMPLETE
512,-477.88769275526056,2026-04-26 15:30:32.826158,2026-04-26 15:30:33.502683,0 days 00:00:00.676525,22.426163051483776,17.66489979193996,1.664865206563943,Au,COMPLETE
513,-56.33802816897421,2026-04-26 15:30:32.871694,2026-04-26 15:30:33.308073,0 days 00:00:00.436379,67.33637685134985,0.6768284782574933,0.114465482421178,Ag,COMPLETE
514,-55.0193050192677,2026-04-26 15:30:32.930347,2026-04-26 15:30:33.539984,0 days 00:00:00.609637,75.24978476381979,0.5659478624328583,0.1236141876202956,Ag,COMPLETE
515,-28.571428571417115,2026-04-26 15:30:33.109593,2026-04-26 15:30:33.554372,0 days 00:00:00.444779,60.4905570136397,0.5219747623579103,0.49104053218641264,Ag,PRUNED
516,-56.54761904757955,2026-04-26 15:30:33.289225,2026-04-26 15:30:33.707327,0 days 00:00:00.418102,68.74157543652326,0.8134530950495354,0.1280885665834284,Ag,COMPLETE
517,142.8571428571383,2026-04-26 15:30:33.441576,2026-04-26 15:30:33.782452,0 days 00:00:00.340876,30.40840817436399,18.41595645632477,1.2668933417449155,Au,PRUNED
518,2.5510204081630805,2026-04-26 15:30:33.466853,2026-04-26 15:30:34.043627,0 days 00:00:00.576774,37.90572177825564,13.597303561388081,1.6041783468629254,Au,PRUNED
519,7.518796992480405,2026-04-26 15:30:33.506257,2026-04-26 15:30:34.056956,0 days 00:00:00.550699,29.68293594013131,17.561069116789692,1.3451138431540968,Au,PRUNED
520,0.0,2026-04-26 15:30:33.598654,2026-04-26 15:30:34.119237,0 days 00:00:00.520583,24.76550984016208,18.42067134426453,1.7714520448575994,Au,PRUNED
521,-40.629095674948495,2026-04-26 15:30:33.637532,2026-04-26 15:30:34.237311,0 days 00:00:00.599779,55.353023420238955,4.0764493042021295,0.12224559612840741,Ag,COMPLETE
522,0.0,2026-04-26 15:30:33.709837,2026-04-26 15:30:34.164811,0 days 00:00:00.454974,21.768113453556985,16.86998252970723,1.8466323789721288,Au,PRUNED
523,0.0,2026-04-26 15:30:33.732723,2026-04-26 15:30:34.166320,0 days 00:00:00.433597,27.220671478337234,19.70039531484288,1.7390754606010996,Au,PRUNED
524,-21.008403361342047,2026-04-26 15:30:33.818250,2026-04-26 15:30:34.589700,0 days 00:00:00.771450,28.592910524509122,19.567762245367906,1.7929260170901584,Ag,PRUNED
525,0.0,2026-04-26 15:30:33.828219,2026-04-26 15:30:34.479456,0 days 00:00:00.651237,35.10840125806361,17.087026438173716,1.8493112180861666,Au,PRUNED
526,-49.57983193274385,2026-04-26 15:30:34.129000,2026-04-26 15:30:34.652294,0 days 00:00:00.523294,76.83669714124167,2.1897627784719256,0.10960139754681797,Ag,COMPLETE
527,-52.87569573280417,2026-04-26 15:30:34.199632,2026-04-26 15:30:34.919498,0 days 00:00:00.719866,60.39212065539146,0.680262807448872,0.18605873098315667,Ag,COMPLETE
528,-49.3827160493523,2026-04-26 15:30:34.243934,2026-04-26 15:30:34.758056,0 days 00:00:00.514122,56.78412295759952,0.6083142985465603,0.1494695603344807,Ag,COMPLETE
529,3.7593984962402023,2026-04-26 15:30:34.266350,2026-04-26 15:30:34.746254,0 days 00:00:00.479904,29.358868700319597,16.350938695310116,1.6299419742270183,Au,PRUNED
530,-20.40816326530027,2026-04-26 15:30:34.287879,2026-04-26 15:30:34.985303,0 days 00:00:00.697424,87.03887895051034,0.5769404990254474,0.4403005424959161,Ag,PRUNED
531,-28.571428571417115,2026-04-26 15:30:34.428898,2026-04-26 15:30:35.303894,0 days 00:00:00.874996,62.54227482553502,2.003604311225293,0.10185844658642806,Ag,PRUNED
532,-56.54761904757989,2026-04-26 15:30:34.553851,2026-04-26 15:30:35.195068,0 days 00:00:00.641217,74.06454247596129,0.5193683249022646,0.11924591859112191,Ag,COMPLETE
533,-16.483516483513935,2026-04-26 15:30:34.685424,2026-04-26 15:30:35.069563,0 days 00:00:00.384139,75.60492801800491,1.126335133236788,0.38115081715930177,Au,PRUNED
534,-28.571428571417115,2026-04-26 15:30:34.809413,2026-04-26 15:30:35.226234,0 days 00:00:00.416821,80.84279533729675,0.7303540315983268,0.13443172848412127,Ag,PRUNED
535,145.05494505494045,2026-04-26 15:30:34.858001,2026-04-26 15:30:35.410049,0 days 00:00:00.552048,29.140976698363847,18.02663386115585,1.5373946342138773,Au,PRUNED
536,-2.232142857142809,2026-04-26 15:30:34.942353,2026-04-26 15:30:35.307477,0 days 00:00:00.365124,89.45945693300246,2.9767114782082107,0.11114273874446826,Cu,PRUNED
537,-55.019305019268224,2026-04-26 15:30:35.030376,2026-04-26 15:30:35.475014,0 days 00:00:00.444638,62.77303802406206,0.7005230264412079,0.10591886948430254,Ag,COMPLETE
538,-45.592705167148964,2026-04-26 15:30:35.050224,2026-04-26 15:30:35.888741,0 days 00:00:00.838517,58.36553962758519,3.012862045858195,0.115619095975778,Ag,COMPLETE
539,-17.857142857139866,2026-04-26 15:30:35.140845,2026-04-26 15:30:35.788713,0 days 00:00:00.647868,68.42893981395856,1.1166570694098608,0.16814048889417701,Au,PRUNED
540,-14.285714285712844,2026-04-26 15:30:35.335823,2026-04-26 15:30:35.889742,0 days 00:00:00.553919,30.486843770670117,12.588937547660027,1.9635767020774149,Au,PRUNED
541,-28.571428571417115,2026-04-26 15:30:35.387550,2026-04-26 15:30:36.053788,0 days 00:00:00.666238,74.00708234809194,4.373774856658766,0.12286990081581009,Ag,PRUNED
542,-19.480519480515923,2026-04-26 15:30:35.410598,2026-04-26 15:30:36.053788,0 days 00:00:00.643190,89.14897653770974,4.27881314723837,0.4691704838909227,Ag,PRUNED
543,-1.8796992481202661,2026-04-26 15:30:35.450952,2026-04-26 15:30:35.959346,0 days 00:00:00.508394,93.49721103200403,0.5845565963273851,0.45561375968962037,Cu,PRUNED
544,-23.80952380951585,2026-04-26 15:30:35.501675,2026-04-26 15:30:35.994718,0 days 00:00:00.493043,85.54901440888077,4.241543643173133,0.19264383565073773,Ag,PRUNED
545,-30.61224489795041,2026-04-26 15:30:35.602456,2026-04-26 15:30:36.148581,0 days 00:00:00.546125,85.17369790145403,4.426828739420273,0.396932325537235,Ag,PRUNED
546,-28.571428571417115,2026-04-26 15:30:35.872573,2026-04-26 15:30:36.755517,0 days 00:00:00.882944,78.19897585764022,2.6570510008270163,0.11999048035378482,Ag,PRUNED
547,-52.197802197768524,2026-04-26 15:30:35.994718,2026-04-26 15:30:36.647896,0 days 00:00:00.653178,76.95811792526997,0.9405979187843125,0.15646545481215873,Ag,COMPLETE
548,-51.94805194801805,2026-04-26 15:30:36.102383,2026-04-26 15:30:36.571465,0 days 00:00:00.469082,58.54512665807767,0.5254634353441321,0.11764776782782746,Ag,COMPLETE
549,-1.050420168067195,2026-04-26 15:30:36.118242,2026-04-26 15:30:36.681272,0 days 00:00:00.563030,20.11125464739782,2.9521152002901125,1.9034742145347954,Cu,PRUNED
550,-10.714285714284633,2026-04-26 15:30:36.164477,2026-04-26 15:30:36.609857,0 days 00:00:00.445380,40.195648536949335,1.5818652260439947,1.5432380222961157,Cu,PRUNED
551,-28.571428571417115,2026-04-26 15:30:36.193235,2026-04-26 15:30:36.778930,0 days 00:00:00.585695,82.93064085053918,0.5050751333216054,0.14137341332504968,Ag,PRUNED
552,-55.77299412912029,2026-04-26 15:30:36.219617,2026-04-26 15:30:36.711326,0 days 00:00:00.491709,68.52437689857437,0.8992072505165131,0.1299136091426517,Ag,COMPLETE
553,-28.571428571417115,2026-04-26 15:30:36.249702,2026-04-26 15:30:36.653844,0 days 00:00:00.404142,80.9361680374779,1.7047330543669434,0.10025102930585904,Ag,PRUNED
554,-47.61904761902206,2026-04-26 15:30:36.684270,2026-04-26 15:30:37.267188,0 days 00:00:00.582918,71.24318556348113,3.7981764750065543,0.15627708870874996,Ag,COMPLETE
555,-52.87569573280392,2026-04-26 15:30:36.777925,2026-04-26 15:30:37.312920,0 days 00:00:00.534995,73.96818056115927,1.2595695109146854,0.15040349908495435,Ag,COMPLETE
556,0.0,2026-04-26 15:30:36.820701,2026-04-26 15:30:37.531436,0 days 00:00:00.710735,22.5885791064362,13.501660938707307,1.4225411006728628,Au,PRUNED
557,-28.571428571417115,2026-04-26 15:30:36.869086,2026-04-26 15:30:37.487955,0 days 00:00:00.618869,69.56063276141352,4.038267246103844,0.4457662884333349,Ag,PRUNED
558,-55.0193050192677,2026-04-26 15:30:36.879354,2026-04-26 15:30:37.447935,0 days 00:00:00.568581,76.27418049307842,0.5895656580985519,0.10122849008528959,Ag,COMPLETE
559,-28.571428571417115,2026-04-26 15:30:36.916117,2026-04-26 15:30:37.485903,0 days 00:00:00.569786,67.94712886690675,4.2519945286853,0.10791082700852571,Ag,PRUNED
560,-44.55445544552234,2026-04-26 15:30:36.976781,2026-04-26 15:30:37.626527,0 days 00:00:00.649746,64.3716159951726,4.875482527265902,0.10241944913242096,Ag,COMPLETE
561,-28.571428571417115,2026-04-26 15:30:37.037727,2026-04-26 15:30:37.751212,0 days 00:00:00.713485,61.421267784304106,3.3281640586349734,0.1392523187175394,Ag,PRUNED
562,-53.80333951759012,2026-04-26 15:30:37.564821,2026-04-26 15:30:38.065985,0 days 00:00:00.501164,67.2082951319835,0.8215053274319875,0.4034062517545165,Ag,COMPLETE
563,-3.4013605442176025,2026-04-26 15:30:37.588090,2026-04-26 15:30:38.328336,0 days 00:00:00.740246,94.30445736218012,10.886374446431835,1.709817865845345,Ag,PRUNED
564,-28.571428571417115,2026-04-26 15:30:37.599330,2026-04-26 15:30:38.210491,0 days 00:00:00.611161,81.57019349647247,0.815111857895241,0.12437667206816491,Ag,PRUNED
565,-53.80333951758979,2026-04-26 15:30:37.641469,2026-04-26 15:30:38.138681,0 days 00:00:00.497212,70.82281966858417,0.521267498801027,0.4818211625878946,Ag,COMPLETE
566,-28.571428571417115,2026-04-26 15:30:37.663888,2026-04-26 15:30:38.160040,0 days 00:00:00.496152,47.84357671451581,0.6463921103479687,0.10118487673650121,Ag,PRUNED
567,-50.26455026451945,2026-04-26 15:30:37.690724,2026-04-26 15:30:38.210491,0 days 00:00:00.519767,78.98849036999353,0.7146827252628996,0.13708656726211846,Ag,COMPLETE
568,-57.3440643862775,2026-04-26 15:30:37.799626,2026-04-26 15:30:38.560728,0 days 00:00:00.761102,66.93380100699719,0.5588554443106082,0.12788959058696764,Ag,COMPLETE
569,-53.345388788392995,2026-04-26 15:30:37.909873,2026-04-26 15:30:38.451178,0 days 00:00:00.541305,71.29576769019238,2.0206601585137784,0.10661543366541133,Ag,COMPLETE
570,-4.464285714285152,2026-04-26 15:30:38.235119,2026-04-26 15:30:38.856663,0 days 00:00:00.621544,24.535028116029558,18.779258039242816,1.4430660507534108,Au,PRUNED
571,-56.338028168974496,2026-04-26 15:30:38.300154,2026-04-26 15:30:38.888848,0 days 00:00:00.588694,70.07481415832761,0.5978008518192846,0.10898789342324569,Ag,COMPLETE
572,-56.54761904757955,2026-04-26 15:30:38.345436,2026-04-26 15:30:38.795236,0 days 00:00:00.449800,67.33320953704877,0.5222723404999816,0.1904783071948095,Ag,COMPLETE
573,-28.571428571417115,2026-04-26 15:30:38.430144,2026-04-26 15:30:38.966254,0 days 00:00:00.536110,62.38677154346149,2.9874151837968665,0.4043645708560667,Ag,PRUNED
574,-30.61224489795041,2026-04-26 15:30:38.469589,2026-04-26 15:30:38.920916,0 days 00:00:00.451327,44.11058640593173,3.2993327544077693,0.5047285969954179,Ag,PRUNED
575,-36.30952380950854,2026-04-26 15:30:38.520598,2026-04-26 15:30:39.176223,0 days 00:00:00.655625,51.3883239528355,3.60013450392334,0.2878406206603238,Ag,COMPLETE
576,-54.28571428567834,2026-04-26 15:30:38.618695,2026-04-26 15:30:39.131830,0 days 00:00:00.513135,62.46232675858126,0.6829591213810238,0.13623241372366268,Ag,COMPLETE
577,-309.3949352406514,2026-04-26 15:30:38.658466,2026-04-26 15:30:39.075095,0 days 00:00:00.416629,23.67812285724301,16.172993768776994,1.4023498391137412,Au,COMPLETE
578,7.518796992480405,2026-04-26 15:30:39.001521,2026-04-26 15:30:39.684320,0 days 00:00:00.682799,30.952405174280074,17.005900055015015,1.2201285370004258,Au,PRUNED
579,0.0,2026-04-26 15:30:38.892362,2026-04-26 15:30:39.994027,0 days 00:00:01.101665,47.57895752377283,14.717210236291718,1.4213622037603308,Au,PRUNED
580,0.0,2026-04-26 15:30:38.983528,2026-04-26 15:30:39.731851,0 days 00:00:00.748323,20.102687274442538,14.569670590870647,1.8190045728930357,Cu,PRUNED
581,-11.16071428571358,2026-04-26 15:30:39.093375,2026-04-26 15:30:39.652319,0 days 00:00:00.558944,30.905314312495015,12.642724784543748,1.146431239121962,Au,PRUNED
582,5.102040816326161,2026-04-26 15:30:39.226710,2026-04-26 15:30:39.781114,0 days 00:00:00.554404,37.821044901552455,14.633450706514129,1.042704132122371,Au,PRUNED
583,-52.87569573280392,2026-04-26 15:30:39.178234,2026-04-26 15:30:39.874432,0 days 00:00:00.696198,62.0441259484176,0.5019484390416957,0.36452587166448436,Ag,COMPLETE
584,-12.422360248446113,2026-04-26 15:30:39.263500,2026-04-26 15:30:39.653884,0 days 00:00:00.390384,54.45856997360963,8.194803284484621,0.7851627627557785,Cu,PRUNED
585,-7.936507936507047,2026-04-26 15:30:39.297647,2026-04-26 15:30:39.843084,0 days 00:00:00.545437,22.627836716274864,18.30937222628127,1.6299150760848589,Au,PRUNED
586,-520.5200501252558,2026-04-26 15:30:39.763580,2026-04-26 15:30:40.293581,0 days 00:00:00.530001,22.47957844243308,18.869386531865565,1.0430909810156632,Au,COMPLETE
587,-17.857142857138374,2026-04-26 15:30:39.821220,2026-04-26 15:30:40.421525,0 days 00:00:00.600305,38.302373882167274,0.922961524971469,0.4466378616026026,Ag,PRUNED
588,-30.61224489795041,2026-04-26 15:30:39.846091,2026-04-26 15:30:40.763693,0 days 00:00:00.917602,46.16414362557365,3.1015906260180515,0.11228025632316334,Ag,PRUNED
589,0.0,2026-04-26 15:30:39.918908,2026-04-26 15:30:40.479808,0 days 00:00:00.560900,38.534136002172374,18.464577005851964,1.559883706145914,Au,PRUNED
590,-38.220551378429306,2026-04-26 15:30:39.964786,2026-04-26 15:30:40.478234,0 days 00:00:00.513448,53.47865274204926,3.9538680759643237,0.1629972799258793,Ag,COMPLETE
591,-279.8742138364601,2026-04-26 15:30:39.981287,2026-04-26 15:30:40.493141,0 days 00:00:00.511854,24.58727824479043,14.767574797678906,1.3737033064958328,Au,COMPLETE
592,-28.571428571417115,2026-04-26 15:30:40.061251,2026-04-26 15:30:40.564591,0 days 00:00:00.503340,55.93509331489568,4.3980483182012335,0.10681979884531721,Ag,PRUNED
593,-17.0068027210868,2026-04-26 15:30:40.120959,2026-04-26 15:30:40.771862,0 days 00:00:00.650903,27.55825274097067,14.765493214818575,1.1106816583151198,Au,PRUNED
594,0.0,2026-04-26 15:30:40.533134,2026-04-26 15:30:41.048500,0 days 00:00:00.515366,21.58232519219874,18.077457731289822,1.1910663963132562,Au,PRUNED
595,-3.7593984962402023,2026-04-26 15:30:40.588134,2026-04-26 15:30:41.116417,0 days 00:00:00.528283,27.963163836162177,16.481778665883365,1.4950070817753565,Au,PRUNED
596,4.926108374383892,2026-04-26 15:30:40.557012,2026-04-26 15:30:41.424877,0 days 00:00:00.867865,37.28679602384011,14.406763344309935,1.3469808404588053,Au,PRUNED
597,-6.302521008402986,2026-04-26 15:30:40.604792,2026-04-26 15:30:41.209723,0 days 00:00:00.604931,27.488757201663553,12.828533542966383,1.071729435595989,Au,PRUNED
598,0.0,2026-04-26 15:30:40.652586,2026-04-26 15:30:41.207123,0 days 00:00:00.554537,23.729042678686053,15.458880411284024,1.3226509525154921,Au,PRUNED
599,0.0,2026-04-26 15:30:40.815963,2026-04-26 15:30:41.531694,0 days 00:00:00.715731,22.325517872075544,18.310472219923295,1.0932857554314748,Au,PRUNED
600,2.5510204081630805,2026-04-26 15:30:40.835039,2026-04-26 15:30:41.346786,0 days 00:00:00.511747,35.791195803190114,15.300446558610044,1.1571895193146653,Au,PRUNED
601,0.0,2026-04-26 15:30:40.871196,2026-04-26 15:30:41.452350,0 days 00:00:00.581154,32.30646903725791,19.57346479513264,1.0256501520087022,Au,PRUNED
602,2.5510204081630805,2026-04-26 15:30:41.118944,2026-04-26 15:30:41.754094,0 days 00:00:00.635150,33.43639578212154,15.109656386407572,1.7978411872467,Au,PRUNED
603,0.0,2026-04-26 15:30:41.222898,2026-04-26 15:30:41.800405,0 days 00:00:00.577507,22.801693379142826,15.744629977818795,0.24100126066427652,Cu,PRUNED
604,-8.928571428570304,2026-04-26 15:30:41.293198,2026-04-26 15:30:41.794688,0 days 00:00:00.501490,24.82348758939372,19.165116578264207,0.788072984523521,Au,PRUNED
605,145.05494505494045,2026-04-26 15:30:41.378204,2026-04-26 15:30:41.998661,0 days 00:00:00.620457,28.637203080833554,18.939640812844775,1.038289759184673,Au,PRUNED
606,0.0,2026-04-26 15:30:41.410998,2026-04-26 15:30:42.120225,0 days 00:00:00.709227,46.82809806404923,19.824663857076118,1.0236235997128134,Au,PRUNED
607,0.0,2026-04-26 15:30:41.492181,2026-04-26 15:30:42.339281,0 days 00:00:00.847100,22.847769817278056,14.10092700237725,1.7621872268678571,Au,PRUNED
608,0.0,2026-04-26 15:30:41.514732,2026-04-26 15:30:42.295603,0 days 00:00:00.780871,20.104728760218293,16.341701148388267,1.5920465421630923,Au,PRUNED
609,-14.285714285712844,2026-04-26 15:30:41.573953,2026-04-26 15:30:42.216657,0 days 00:00:00.642704,25.426693247941305,16.183386806899804,0.8139218380649529,Au,PRUNED
610,-8.658008658008125,2026-04-26 15:30:41.802242,2026-04-26 15:30:42.277960,0 days 00:00:00.475718,25.508502310705108,14.271065923318385,1.4568907370539423,Au,PRUNED
611,-7.936507936507342,2026-04-26 15:30:41.881005,2026-04-26 15:30:42.528166,0 days 00:00:00.647161,33.34294618790374,1.0095246291437618,1.7378551853133193,Au,PRUNED
612,141.75824175823726,2026-04-26 15:30:41.914621,2026-04-26 15:30:42.463740,0 days 00:00:00.549119,32.43110902165497,17.013887447816874,1.5257695952958772,Au,PRUNED
613,0.0,2026-04-26 15:30:42.093546,2026-04-26 15:30:42.966157,0 days 00:00:00.872611,20.70714201488944,13.586469983234252,0.8824042418003115,Au,PRUNED
614,-6.696428571428148,2026-04-26 15:30:42.189078,2026-04-26 15:30:42.964567,0 days 00:00:00.775489,25.290260862680437,14.444359960917552,1.3446878014785688,Au,PRUNED
615,-14.285714285712844,2026-04-26 15:30:42.375187,2026-04-26 15:30:43.011601,0 days 00:00:00.636414,27.71113855350125,15.227100690268516,1.4424196344742748,Au,PRUNED
616,0.0,2026-04-26 15:30:42.424008,2026-04-26 15:30:43.043035,0 days 00:00:00.619027,44.92335193416504,19.66363705527222,1.919500324288178,Au,PRUNED
617,-28.571428571417115,2026-04-26 15:30:42.483486,2026-04-26 15:30:43.233095,0 days 00:00:00.749609,55.82829353261623,0.9674872758487486,0.14300867308675774,Ag,PRUNED
618,-56.338028168974496,2026-04-26 15:30:42.547570,2026-04-26 15:30:43.153668,0 days 00:00:00.606098,71.08511703868447,0.6475713039533938,0.10753284183844944,Ag,COMPLETE
619,0.0,2026-04-26 15:30:42.602568,2026-04-26 15:30:43.303543,0 days 00:00:00.700975,23.78143227687263,11.816479709475995,1.5664682760254196,Au,PRUNED
620,-28.571428571417115,2026-04-26 15:30:42.624776,2026-04-26 15:30:43.233095,0 days 00:00:00.608319,71.00067945161861,3.709661550049347,0.10154433305766657,Ag,PRUNED
621,0.0,2026-04-26 15:30:43.088533,2026-04-26 15:30:43.619346,0 days 00:00:00.530813,27.415180316842672,17.21950058021597,1.2754075956595514,Au,PRUNED
622,-11.278195488720607,2026-04-26 15:30:43.172594,2026-04-26 15:30:43.759822,0 days 00:00:00.587228,27.06251565281125,15.912851556361769,1.4089965092051167,Au,PRUNED
623,0.0,2026-04-26 15:30:43.187592,2026-04-26 15:30:43.746974,0 days 00:00:00.559382,21.78562218380129,15.670723898913863,1.2825332849254194,Au,PRUNED
624,0.0,2026-04-26 15:30:43.219460,2026-04-26 15:30:43.650999,0 days 00:00:00.431539,22.588645060789524,16.526347752727325,1.491293033382445,Au,PRUNED
625,-545.4990215263564,2026-04-26 15:30:43.326385,2026-04-26 15:30:44.089579,0 days 00:00:00.763194,21.441057336151335,19.579541326295907,1.3675529286387658,Au,COMPLETE
626,0.0,2026-04-26 15:30:43.365932,2026-04-26 15:30:44.029136,0 days 00:00:00.663204,23.35241486363968,15.464174815426066,1.320991675902418,Au,PRUNED
627,139.56043956043513,2026-04-26 15:30:43.419614,2026-04-26 15:30:44.058895,0 days 00:00:00.639281,37.182842919422754,16.713099594288412,0.4546062695740708,Au,PRUNED
628,-582.3244552057394,2026-04-26 15:30:43.393963,2026-04-26 15:30:44.370446,0 days 00:00:00.976483,21.823465871997964,19.883288553577657,1.1651145645076841,Au,COMPLETE
629,-52.87569573280417,2026-04-26 15:30:43.707995,2026-04-26 15:30:44.230763,0 days 00:00:00.522768,61.898055218837946,1.08917881018044,0.1156644588266997,Ag,COMPLETE
630,-12.605042016805228,2026-04-26 15:30:43.693929,2026-04-26 15:30:44.301689,0 days 00:00:00.607760,58.07066585518979,4.40109286952786,0.366722888648272,Cu,PRUNED
631,-55.98455598451837,2026-04-26 15:30:43.840536,2026-04-26 15:30:44.387259,0 days 00:00:00.546723,67.42640964470512,1.1821924912961796,0.102586327330647,Ag,COMPLETE
632,-17.857142857139866,2026-04-26 15:30:43.942671,2026-04-26 15:30:44.559553,0 days 00:00:00.616882,75.85454228896022,0.5415542987654226,0.1474481441872459,Au,PRUNED
633,0.0,2026-04-26 15:30:44.083504,2026-04-26 15:30:44.636563,0 days 00:00:00.553059,20.671526967070445,18.16355576345574,1.5452983723466298,Au,PRUNED
634,0.0,2026-04-26 15:30:44.229762,2026-04-26 15:30:44.779675,0 days 00:00:00.549913,32.27670322696287,19.381409553463808,1.2469814272352244,Au,PRUNED
635,0.0,2026-04-26 15:30:44.320778,2026-04-26 15:30:45.167239,0 days 00:00:00.846461,35.667288625971544,19.448820904990193,1.259212302136336,Au,PRUNED
636,0.0,2026-04-26 15:30:44.413790,2026-04-26 15:30:44.982102,0 days 00:00:00.568312,35.06178813353295,18.5310335217646,1.2458919251191038,Au,PRUNED
637,0.0,2026-04-26 15:30:44.453321,2026-04-26 15:30:44.983101,0 days 00:00:00.529780,35.19355048689198,18.676155398893613,0.9037200852188305,Au,PRUNED
638,0.0,2026-04-26 15:30:44.528996,2026-04-26 15:30:45.145652,0 days 00:00:00.616656,39.93402478653939,19.92190670854047,1.5777049364026965,Au,PRUNED
639,0.0,2026-04-26 15:30:44.561810,2026-04-26 15:30:45.225261,0 days 00:00:00.663451,29.414687514832778,18.99252086157074,1.3895559808924,Au,PRUNED
640,0.0,2026-04-26 15:30:44.658981,2026-04-26 15:30:45.303997,0 days 00:00:00.645016,29.233270504712777,19.381294477802648,1.0376060924841746,Au,PRUNED
641,0.0,2026-04-26 15:30:44.699593,2026-04-26 15:30:45.209433,0 days 00:00:00.509840,20.68954606254943,17.766101647862516,0.7919120966757803,Au,PRUNED
642,8.403361344536819,2026-04-26 15:30:44.872456,2026-04-26 15:30:45.572136,0 days 00:00:00.699680,26.00815186185533,19.134427826956877,1.313982214522404,Au,PRUNED
643,145.05494505494045,2026-04-26 15:30:45.119579,2026-04-26 15:30:45.763383,0 days 00:00:00.643804,28.101514424349144,19.16005246546623,1.1530725694023818,Au,PRUNED
644,0.0,2026-04-26 15:30:45.173780,2026-04-26 15:30:45.619581,0 days 00:00:00.445801,21.333666731141136,17.028227165063985,1.0444096252651267,Au,PRUNED
645,-11.904761904760573,2026-04-26 15:30:45.233973,2026-04-26 15:30:45.678370,0 days 00:00:00.444397,24.067184275777738,18.15750815188246,1.2315288674991574,Au,PRUNED
646,8.403361344536819,2026-04-26 15:30:45.351032,2026-04-26 15:30:45.941589,0 days 00:00:00.590557,25.470101030962365,19.77521042921131,1.276867683262732,Au,PRUNED
647,0.0,2026-04-26 15:30:45.383740,2026-04-26 15:30:46.018644,0 days 00:00:00.634904,30.52076212514166,19.850468237872565,1.030846788119203,Au,PRUNED
648,-7.142857142856661,2026-04-26 15:30:45.438741,2026-04-26 15:30:46.004571,0 days 00:00:00.565830,26.734475989143494,17.194631419955087,1.2513043994199617,Ag,PRUNED
649,-9.523809523808245,2026-04-26 15:30:45.457577,2026-04-26 15:30:46.126800,0 days 00:00:00.669223,36.921729275695846,19.783109894305504,1.4111819036144557,Ag,PRUNED
650,134.19913419913001,2026-04-26 15:30:45.619581,2026-04-26 15:30:46.393982,0 days 00:00:00.774401,37.874869087850605,19.515217126316355,1.2473619122361128,Cu,PRUNED
651,-11.278195488720607,2026-04-26 15:30:45.791810,2026-04-26 15:30:46.363254,0 days 00:00:00.571444,27.209848944330634,16.3256199938077,0.9675361535349363,Au,PRUNED
652,-6.302521008402986,2026-04-26 15:30:45.834949,2026-04-26 15:30:46.312591,0 days 00:00:00.477642,24.879231205490616,16.154666535978276,1.4715335629591313,Cu,PRUNED
653,-51.78571428568156,2026-04-26 15:30:45.883227,2026-04-26 15:30:46.590497,0 days 00:00:00.707270,60.39117184064177,1.4554768054855636,0.11032912374776353,Ag,COMPLETE
654,-279.1554357591915,2026-04-26 15:30:46.056589,2026-04-26 15:30:46.609388,0 days 00:00:00.552799,22.36903360222737,17.9175647456504,1.4529006293249827,Cu,COMPLETE
655,0.0,2026-04-26 15:30:46.082635,2026-04-26 15:30:46.742608,0 days 00:00:00.659973,20.79648590424772,18.341420518811265,1.027755235480612,Cu,PRUNED
656,0.0,2026-04-26 15:30:46.103690,2026-04-26 15:30:46.562541,0 days 00:00:00.458851,54.83827324825039,16.40131138200208,1.6572926899440776,Au,PRUNED
657,0.5330490405117186,2026-04-26 15:30:46.237843,2026-04-26 15:30:46.781851,0 days 00:00:00.544008,69.94881988037294,18.284123920412156,1.3031384702474145,Ag,PRUNED
658,-341.7243549401886,2026-04-26 15:30:46.406217,2026-04-26 15:30:46.898166,0 days 00:00:00.491949,22.749471028423223,17.7023281666294,1.1601011158516559,Au,COMPLETE
659,0.0,2026-04-26 15:30:46.454972,2026-04-26 15:30:47.057925,0 days 00:00:00.602953,21.786980310985633,18.600395946584317,1.2381063463970525,Au,PRUNED
660,-6.4935064935060955,2026-04-26 15:30:46.476486,2026-04-26 15:30:47.106289,0 days 00:00:00.629803,28.07538478725247,14.8417108622135,1.0523837836418237,Cu,PRUNED
661,-6.4935064935060955,2026-04-26 15:30:46.663464,2026-04-26 15:30:47.229632,0 days 00:00:00.566168,23.149509831613475,17.480249113835953,1.4530487581489928,Cu,PRUNED
662,3.7593984962402023,2026-04-26 15:30:46.712610,2026-04-26 15:30:47.494957,0 days 00:00:00.782347,30.606680523456703,18.77787898295752,1.7967581557905554,Cu,PRUNED
663,-14.285714285712844,2026-04-26 15:30:46.783218,2026-04-26 15:30:47.464209,0 days 00:00:00.680991,23.486605867074417,19.673017863003825,1.147322389139197,Cu,PRUNED
664,-0.9652509652509382,2026-04-26 15:30:46.859155,2026-04-26 15:30:47.529129,0 days 00:00:00.669974,51.61593119291011,16.849825624278065,1.8730718078211352,Cu,PRUNED
665,-10.714285714284633,2026-04-26 15:30:46.881704,2026-04-26 15:30:47.528123,0 days 00:00:00.646419,25.21840966851359,16.010261421523687,0.9363744035306173,Au,PRUNED
666,133.11688311687894,2026-04-26 15:30:47.083151,2026-04-26 15:30:47.588883,0 days 00:00:00.505732,39.269646632072046,17.89201130474814,1.8284781786155326,Cu,PRUNED
667,-13.60544217686944,2026-04-26 15:30:47.108289,2026-04-26 15:30:47.649146,0 days 00:00:00.540857,26.093433738425148,14.96612779830236,1.252283229673014,Au,PRUNED
668,-6.4935064935060955,2026-04-26 15:30:47.204056,2026-04-26 15:30:47.840241,0 days 00:00:00.636185,25.401651879435413,16.011883290852015,1.2521282580804625,Cu,PRUNED
669,-10.714285714284633,2026-04-26 15:30:47.317551,2026-04-26 15:30:47.917026,0 days 00:00:00.599475,26.85179062113177,18.316640716724613,1.5660839554251285,Cu,PRUNED
670,0.0,2026-04-26 15:30:47.618646,2026-04-26 15:30:48.230043,0 days 00:00:00.611397,21.980381381681564,15.86854981255588,1.6702371942443328,Au,PRUNED
671,0.0,2026-04-26 15:30:47.592391,2026-04-26 15:30:48.324720,0 days 00:00:00.732329,21.458050497807843,14.073208872832769,1.4592457588467749,Cu,PRUNED
672,0.0,2026-04-26 15:30:47.665230,2026-04-26 15:30:48.170267,0 days 00:00:00.505037,47.15495311834904,16.9747284205123,1.1961270652802443,Au,PRUNED
673,0.0,2026-04-26 15:30:47.714675,2026-04-26 15:30:48.601640,0 days 00:00:00.886965,36.16785895597401,19.574904038374346,1.461039495139597,Au,PRUNED
674,-13.60544217686944,2026-04-26 15:30:47.746012,2026-04-26 15:30:48.168233,0 days 00:00:00.422221,24.00174876408982,18.04033721121844,1.5328699193719038,Cu,PRUNED
675,0.0,2026-04-26 15:30:47.777302,2026-04-26 15:30:48.455781,0 days 00:00:00.678479,29.42375878918795,19.53028207534171,0.7906366101694982,Au,PRUNED
676,0.0,2026-04-26 15:30:47.881771,2026-04-26 15:30:48.510911,0 days 00:00:00.629140,21.20597315846669,18.95372233968954,1.2186797598361,Au,PRUNED
677,2.5510204081630805,2026-04-26 15:30:47.946064,2026-04-26 15:30:48.527916,0 days 00:00:00.581852,37.41107087306731,17.121965785327234,1.3675135054624539,Cu,PRUNED
678,-4.464285714285152,2026-04-26 15:30:48.233043,2026-04-26 15:30:49.007069,0 days 00:00:00.774026,23.899360894221616,18.510067417542793,1.6747786761952932,Au,PRUNED
679,0.0,2026-04-26 15:30:48.328284,2026-04-26 15:30:49.021246,0 days 00:00:00.692962,20.487815114925272,15.353691118633916,1.154726004810479,Au,PRUNED
680,-575.5297334244013,2026-04-26 15:30:48.458685,2026-04-26 15:30:48.976208,0 days 00:00:00.517523,21.1545071898133,19.620110786614244,1.896543422283562,Au,COMPLETE
681,-7.518796992480405,2026-04-26 15:30:48.531115,2026-04-26 15:30:49.179245,0 days 00:00:00.648130,24.053291436938963,19.846285528667607,1.6635737063680764,Cu,PRUNED
682,0.0,2026-04-26 15:30:48.600074,2026-04-26 15:30:49.352254,0 days 00:00:00.752180,21.485930731304716,15.943561660560835,1.5263719237329023,Au,PRUNED
683,-12.605042016805228,2026-04-26 15:30:48.513940,2026-04-26 15:30:49.130509,0 days 00:00:00.616569,23.06798879592707,19.425363580202152,0.9389874006165861,Au,PRUNED
684,0.0,2026-04-26 15:30:48.649678,2026-04-26 15:30:49.180244,0 days 00:00:00.530566,20.34221516277327,16.940016364526887,0.9252851055001435,Au,PRUNED
685,4.926108374383892,2026-04-26 15:30:48.704576,2026-04-26 15:30:49.350746,0 days 00:00:00.646170,43.0219652201057,13.544727487239458,1.3386699766369587,Au,PRUNED
686,0.0,2026-04-26 15:30:49.102315,2026-04-26 15:30:49.773127,0 days 00:00:00.670812,39.77179376856985,16.527549869717493,1.6452941114904562,Au,PRUNED
687,-543.0194805194183,2026-04-26 15:30:49.210301,2026-04-26 15:30:50.099332,0 days 00:00:00.889031,21.736122221262615,19.34748992914943,1.3763942722932758,Au,COMPLETE
688,3.571428571428211,2026-04-26 15:30:49.226411,2026-04-26 15:30:49.894696,0 days 00:00:00.668285,30.821360620693028,15.73869904335899,1.8864397080009847,Au,PRUNED
689,3.7593984962402023,2026-04-26 15:30:49.257143,2026-04-26 15:30:49.663745,0 days 00:00:00.406602,31.35484614346347,15.756694373646642,1.7603173126707508,Au,PRUNED
690,-13.60544217686944,2026-04-26 15:30:49.287313,2026-04-26 15:30:49.881488,0 days 00:00:00.594175,24.945566251568057,15.987176527794889,1.8403604891693122,Au,PRUNED
691,0.0,2026-04-26 15:30:49.397712,2026-04-26 15:30:49.925410,0 days 00:00:00.527698,44.91494879835646,18.462997214738255,1.8958887867082042,Au,PRUNED
692,-468.93787575145546,2026-04-26 15:30:49.446509,2026-04-26 15:30:49.996268,0 days 00:00:00.549759,23.07146710658829,16.88523163823628,1.8766994154866448,Au,COMPLETE
693,0.0,2026-04-26 15:30:49.511100,2026-04-26 15:30:50.176455,0 days 00:00:00.665355,21.610097036423678,16.962566426026704,1.6974368111399503,Au,PRUNED
694,-11.904761904760573,2026-04-26 15:30:49.746783,2026-04-26 15:30:50.178180,0 days 00:00:00.431397,24.977867606858588,17.67757254957223,1.3961408881095396,Au,PRUNED
695,-473.3044733044249,2026-04-26 15:30:49.821231,2026-04-26 15:30:50.364535,0 days 00:00:00.543304,21.95209057559441,17.759546259865537,1.8063504555169474,Au,COMPLETE
696,0.0,2026-04-26 15:30:49.941874,2026-04-26 15:30:50.592724,0 days 00:00:00.650850,37.507930117695075,19.258492273365718,1.9634393545849171,Au,PRUNED
697,0.0,2026-04-26 15:30:49.978040,2026-04-26 15:30:50.579535,0 days 00:00:00.601495,36.06809359278266,16.47288946567422,1.8702068333126356,Au,PRUNED
698,0.0,2026-04-26 15:30:49.999299,2026-04-26 15:30:50.750918,0 days 00:00:00.751619,41.72004036416117,16.799848930003694,1.331664561314141,Au,PRUNED
699,0.0,2026-04-26 15:30:50.207189,2026-04-26 15:30:50.702410,0 days 00:00:00.495221,36.85178098456994,18.71080236814614,1.8566849154833902,Au,PRUNED
700,0.0,2026-04-26 15:30:50.272590,2026-04-26 15:30:50.982590,0 days 00:00:00.710000,24.63226673214656,18.370632760470315,1.9541448450029575,Au,PRUNED
701,0.0,2026-04-26 15:30:50.284957,2026-04-26 15:30:50.812262,0 days 00:00:00.527305,31.24316062255292,19.159939632303544,1.949412504059897,Au,PRUNED
702,0.0,2026-04-26 15:30:50.372401,2026-04-26 15:30:50.944459,0 days 00:00:00.572058,31.647104893989578,18.54561647850626,1.8485627461468366,Au,PRUNED
703,0.0,2026-04-26 15:30:50.541703,2026-04-26 15:30:51.497589,0 days 00:00:00.955886,23.659397503339804,19.415948123138755,1.727623112486937,Au,PRUNED
704,-11.278195488720607,2026-04-26 15:30:50.675328,2026-04-26 15:30:51.510358,0 days 00:00:00.835030,23.057873690513038,17.658157097487877,1.8973052083040531,Au,PRUNED
705,-542.2740524780723,2026-04-26 15:30:50.754644,2026-04-26 15:30:51.426653,0 days 00:00:00.672009,21.616703231771975,19.039573976973156,1.781143036086779,Au,COMPLETE
706,7.518796992480405,2026-04-26 15:30:50.826826,2026-04-26 15:30:51.364436,0 days 00:00:00.537610,29.257153323214606,16.596822758557714,1.845783116535536,Au,PRUNED
707,0.0,2026-04-26 15:30:50.875317,2026-04-26 15:30:51.291027,0 days 00:00:00.415710,20.629625550546223,19.207583395800352,1.519532082059993,Au,PRUNED
708,0.0,2026-04-26 15:30:50.907056,2026-04-26 15:30:51.426653,0 days 00:00:00.519597,20.929947637118605,18.368615642791763,1.8312860853754935,Au,PRUNED
709,0.0,2026-04-26 15:30:51.028790,2026-04-26 15:30:51.562550,0 days 00:00:00.533760,20.653582846822307,19.802494366092986,1.1827343231090848,Au,PRUNED
710,-7.142857142856661,2026-04-26 15:30:51.078137,2026-04-26 15:30:51.835158,0 days 00:00:00.757021,27.04097344185932,16.685734986034685,1.9443758540634442,Ag,PRUNED
711,4.2016806722684095,2026-04-26 15:30:51.392915,2026-04-26 15:30:52.036007,0 days 00:00:00.643092,24.46689378481305,18.95446929605746,1.9505843615173053,Au,PRUNED
712,-300.90583128890233,2026-04-26 15:30:51.530769,2026-04-26 15:30:51.930111,0 days 00:00:00.399342,23.474664303943705,15.580742400780627,1.8808993461987797,Au,COMPLETE
713,0.0,2026-04-26 15:30:51.465136,2026-04-26 15:30:52.262951,0 days 00:00:00.797815,112.20305718429495,8.758238288093779,1.2781704109194696,Cu,PRUNED
714,0.0,2026-04-26 15:30:51.573083,2026-04-26 15:30:52.225464,0 days 00:00:00.652381,31.643418670679143,19.928830345263066,1.6254639799013988,Au,PRUNED
715,0.0,2026-04-26 15:30:51.588050,2026-04-26 15:30:52.119344,0 days 00:00:00.531294,28.624703325758375,16.0042769097611,1.9793552819137863,Au,PRUNED
716,-559.2740592739929,2026-04-26 15:30:51.619004,2026-04-26 15:30:52.038631,0 days 00:00:00.419627,21.63737767405741,19.302685741735715,1.6974298343460588,Au,COMPLETE
717,4.2016806722684095,2026-04-26 15:30:51.634143,2026-04-26 15:30:52.092258,0 days 00:00:00.458115,24.814761249250402,18.642750117119093,1.983771232648255,Au,PRUNED
718,-262.93622141996013,2026-04-26 15:30:51.936413,2026-04-26 15:30:52.614520,0 days 00:00:00.678107,24.682076981481682,13.48949240819769,1.8827920923819665,Au,COMPLETE
719,0.0,2026-04-26 15:30:52.104364,2026-04-26 15:30:52.770355,0 days 00:00:00.665991,21.68489873336905,16.13696538334295,1.6185875276264832,Au,PRUNED
720,0.0,2026-04-26 15:30:52.138887,2026-04-26 15:30:52.990977,0 days 00:00:00.852090,28.6962772881331,19.195819179919912,1.7239331269029328,Au,PRUNED
721,0.0,2026-04-26 15:30:52.166370,2026-04-26 15:30:52.768836,0 days 00:00:00.602466,21.650877168341637,16.961249541242612,1.9276368625723177,Au,PRUNED
722,145.05494505494045,2026-04-26 15:30:52.197811,2026-04-26 15:30:52.972077,0 days 00:00:00.774266,26.704159562391464,19.817023469612607,1.5751462748584222,Au,PRUNED
723,-3.9682539682535234,2026-04-26 15:30:52.260441,2026-04-26 15:30:52.851586,0 days 00:00:00.591145,25.557712276687624,17.73869891943826,1.6824063082657954,Au,PRUNED
724,-11.278195488720607,2026-04-26 15:30:52.299447,2026-04-26 15:30:52.768331,0 days 00:00:00.468884,23.21065520435058,17.497014666230903,1.6686146819329235,Au,PRUNED
725,0.0,2026-04-26 15:30:52.337545,2026-04-26 15:30:52.933190,0 days 00:00:00.595645,31.070203946257053,19.931120480083436,1.5877464617897008,Au,PRUNED
726,0.0,2026-04-26 15:30:52.862244,2026-04-26 15:30:53.278830,0 days 00:00:00.416586,20.5236410796676,17.967840269786187,1.501411712793374,Au,PRUNED
727,-4.464285714285152,2026-04-26 15:30:52.889711,2026-04-26 15:30:53.277825,0 days 00:00:00.388114,23.213103655437966,19.591814564207695,1.4786843917714518,Au,PRUNED
728,-8.403361344537313,2026-04-26 15:30:52.935199,2026-04-26 15:30:53.595289,0 days 00:00:00.660090,28.27788767865954,11.746518356353734,1.7560188103135959,Au,PRUNED
729,0.0,2026-04-26 15:30:53.021523,2026-04-26 15:30:53.516100,0 days 00:00:00.494577,20.329234678781354,18.752918842752337,1.8443609060237582,Au,PRUNED
730,0.0,2026-04-26 15:30:53.045493,2026-04-26 15:30:53.671085,0 days 00:00:00.625592,20.582677892862776,13.347016289724827,1.862715575032512,Au,PRUNED
731,-2.5510204081630805,2026-04-26 15:30:53.065878,2026-04-26 15:30:53.516716,0 days 00:00:00.450838,45.86622389305785,10.84865510301999,1.8323601907524019,Au,PRUNED
732,-23.80952380951585,2026-04-26 15:30:53.082945,2026-04-26 15:30:53.702694,0 days 00:00:00.619749,79.06676705645721,0.6119085137446483,1.9822155385714604,Ag,PRUNED
733,-289.74876214925666,2026-04-26 15:30:53.097268,2026-04-26 15:30:53.593287,0 days 00:00:00.496019,24.300065526606843,14.706404671990736,1.9593611051904616,Au,COMPLETE
734,-14.285714285712844,2026-04-26 15:30:53.379204,2026-04-26 15:30:54.108313,0 days 00:00:00.729109,32.78730483729497,12.163807822466708,1.8312269931226348,Au,PRUNED
735,-4.464285714285431,2026-04-26 15:30:53.461355,2026-04-26 15:30:54.001821,0 days 00:00:00.540466,23.171617089520858,12.612137810867605,1.9202126828160537,Ag,PRUNED
736,0.0,2026-04-26 15:30:53.647912,2026-04-26 15:30:54.045712,0 days 00:00:00.397800,23.89920537926405,14.4590190401864,1.8755894534710544,Au,PRUNED
737,4.926108374383892,2026-04-26 15:30:53.657789,2026-04-26 15:30:54.419819,0 days 00:00:00.762030,40.50552438909783,13.120191400510873,1.884023382351419,Au,PRUNED
738,0.0,2026-04-26 15:30:53.703704,2026-04-26 15:30:54.481765,0 days 00:00:00.778061,20.078145921670476,11.122515974043557,1.9944553778285912,Au,PRUNED
739,0.0,2026-04-26 15:30:53.766401,2026-04-26 15:30:54.330087,0 days 00:00:00.563686,40.65437272380262,15.00275706523508,1.8777651343865196,Au,PRUNED
740,0.0,2026-04-26 15:30:53.813628,2026-04-26 15:30:54.557551,0 days 00:00:00.743923,20.156131293371228,11.86525336054265,1.641995700248263,Au,PRUNED
741,137.362637362633,2026-04-26 15:30:53.835717,2026-04-26 15:30:54.556550,0 days 00:00:00.720833,39.94568720386489,14.552234110922555,1.824392735690099,Au,PRUNED
742,-1.0660980810234213,2026-04-26 15:30:54.089045,2026-04-26 15:30:54.892615,0 days 00:00:00.803570,21.802062121595633,14.493664947572338,1.390925028668012,Ag,PRUNED
743,0.0,2026-04-26 15:30:54.144631,2026-04-26 15:30:54.790579,0 days 00:00:00.645948,43.51973305189016,15.139485618392417,1.9014224827084536,Au,PRUNED
744,2.463054187191946,2026-04-26 15:30:54.187263,2026-04-26 15:30:54.891575,0 days 00:00:00.704312,46.269436814727,12.590988935495282,1.8682064821717412,Au,PRUNED
745,-8.658008658008125,2026-04-26 15:30:54.497940,2026-04-26 15:30:55.257729,0 days 00:00:00.759789,26.144252153311694,13.206024805908594,1.9376242306394096,Au,PRUNED
746,-7.653061224489242,2026-04-26 15:30:54.526212,2026-04-26 15:30:55.350612,0 days 00:00:00.824400,29.112141658204017,14.589891265272232,1.3834218598385504,Ag,PRUNED
747,-545.0699642042978,2026-04-26 15:30:54.591593,2026-04-26 15:30:55.367234,0 days 00:00:00.775641,20.988144541646257,19.329933095837138,1.9832405898446963,Au,COMPLETE
748,0.0,2026-04-26 15:30:54.749542,2026-04-26 15:30:55.454927,0 days 00:00:00.705385,20.31020604150092,19.920104826963705,1.4229955059999784,Au,PRUNED
749,0.0,2026-04-26 15:30:54.797638,2026-04-26 15:30:55.501027,0 days 00:00:00.703389,22.391501991738156,12.97351959335402,1.9530726584072275,Au,PRUNED
750,-8.928571428570862,2026-04-26 15:30:54.936143,2026-04-26 15:30:55.633354,0 days 00:00:00.697211,25.00468486152084,14.280535086654517,1.9506079720377567,Au,PRUNED
751,-319.5488721804289,2026-04-26 15:30:54.970203,2026-04-26 15:30:55.617048,0 days 00:00:00.646845,23.51505258237183,16.03341072055786,1.883089660161488,Au,COMPLETE
752,-1.0660980810234213,2026-04-26 15:30:54.990172,2026-04-26 15:30:55.664661,0 days 00:00:00.674489,20.308300681085722,17.08682645131382,1.51756790653557,Ag,PRUNED
753,0.0,2026-04-26 15:30:55.421315,2026-04-26 15:30:56.149507,0 days 00:00:00.728192,20.7565591975919,19.093065406616656,1.6834575753561758,Au,PRUNED
754,0.0,2026-04-26 15:30:55.455921,2026-04-26 15:30:56.240703,0 days 00:00:00.784782,20.00140698156238,15.86249536218035,1.8513868500529262,Au,PRUNED
755,3.9682539682535234,2026-04-26 15:30:55.525465,2026-04-26 15:30:56.150513,0 days 00:00:00.625048,26.07732095992773,18.227630444643065,1.941916592809024,Au,PRUNED
756,-13.60544217686944,2026-04-26 15:30:55.662364,2026-04-26 15:30:56.224237,0 days 00:00:00.561873,24.081894400060367,15.578627641556881,1.8689911770763865,Au,PRUNED
757,0.0,2026-04-26 15:30:55.697341,2026-04-26 15:30:56.058564,0 days 00:00:00.361223,32.58172213989587,18.42230816303607,1.981623332145332,Au,PRUNED
758,0.0,2026-04-26 15:30:55.762510,2026-04-26 15:30:56.429604,0 days 00:00:00.667094,21.70880290710654,17.92502567618194,1.7683825489146543,Au,PRUNED
759,-7.936507936507047,2026-04-26 15:30:55.812636,2026-04-26 15:30:56.480029,0 days 00:00:00.667393,24.418990229207704,17.49668665675494,1.9973713821968677,Au,PRUNED
760,3.7593984962402023,2026-04-26 15:30:55.825273,2026-04-26 15:30:56.209671,0 days 00:00:00.384398,28.98685466955243,15.89655525118178,1.9610645946592467,Au,PRUNED
761,0.0,2026-04-26 15:30:56.110778,2026-04-26 15:30:56.926429,0 days 00:00:00.815651,22.665017140451056,16.296704692768984,1.8057269465607557,Au,PRUNED
762,36.25541125541068,2026-04-26 15:30:56.343686,2026-04-26 15:30:56.993051,0 days 00:00:00.649365,83.01780662229079,10.54829817809299,0.14087116175422,Au,PRUNED
763,0.0,2026-04-26 15:30:56.352427,2026-04-26 15:30:56.872774,0 days 00:00:00.520347,42.08342670525598,17.938479034661178,1.6181127781908464,Au,PRUNED
764,0.0,2026-04-26 15:30:56.389299,2026-04-26 15:30:56.899658,0 days 00:00:00.510359,20.211055473731978,16.10132894920336,1.9140698220068084,Au,PRUNED
765,0.0,2026-04-26 15:30:56.450800,2026-04-26 15:30:57.022203,0 days 00:00:00.571403,29.016554721331964,19.84735245493012,1.9445911859594718,Au,PRUNED
766,0.0,2026-04-26 15:30:56.512300,2026-04-26 15:30:56.926429,0 days 00:00:00.414129,29.034591771394552,19.56332867382742,1.8867847326463465,Au,PRUNED
767,2.645502645502447,2026-04-26 15:30:56.522953,2026-04-26 15:30:57.259789,0 days 00:00:00.736836,34.997338179967855,14.326599041437545,1.6664385564678514,Au,PRUNED
768,-8.403361344536819,2026-04-26 15:30:56.550694,2026-04-26 15:30:56.926429,0 days 00:00:00.375735,22.785512720319947,18.82770715678404,1.8045063171223368,Au,PRUNED
769,0.0,2026-04-26 15:30:56.996063,2026-04-26 15:30:57.940685,0 days 00:00:00.944622,20.30096488334012,15.02612746766471,1.907883217692032,Au,PRUNED
770,0.0,2026-04-26 15:30:57.104843,2026-04-26 15:30:57.674650,0 days 00:00:00.569807,20.0391265396034,14.34985520864147,1.7358592917861868,Au,PRUNED
771,-1.1428571428571235,2026-04-26 15:30:57.119323,2026-04-26 15:30:57.923136,0 days 00:00:00.803813,57.185886489669265,18.514200930670835,0.7596207410576423,Cu,PRUNED
772,147.25274725274258,2026-04-26 15:30:57.135108,2026-04-26 15:30:57.911002,0 days 00:00:00.775894,24.82917097842892,19.941392837321416,1.9402675816554744,Au,PRUNED
773,0.0,2026-04-26 15:30:57.154843,2026-04-26 15:30:57.754893,0 days 00:00:00.600050,20.379693517604014,19.38754111676977,1.8894285915234827,Au,PRUNED
774,2.463054187191946,2026-04-26 15:30:57.165970,2026-04-26 15:30:57.678879,0 days 00:00:00.512909,40.89775643556446,13.008092892358295,1.6286408795597662,Au,PRUNED
775,-14.285714285712844,2026-04-26 15:30:57.184914,2026-04-26 15:30:57.677368,0 days 00:00:00.492454,31.249933842097676,13.328144569301365,1.5372295614767801,Au,PRUNED
776,-539.1809093840081,2026-04-26 15:30:57.337965,2026-04-26 15:30:57.605669,0 days 00:00:00.267704,21.438914487118605,19.290601819334018,1.6139050834189652,Au,COMPLETE
777,0.0,2026-04-26 15:30:57.771224,2026-04-26 15:30:58.479599,0 days 00:00:00.708375,53.32757337369228,19.187483681284423,1.4659614599454869,Au,PRUNED
778,0.0,2026-04-26 15:30:57.808589,2026-04-26 15:30:58.451685,0 days 00:00:00.643096,20.830939311430445,14.354268876890526,1.6156435904632933,Au,PRUNED
779,3.571428571428211,2026-04-26 15:30:57.828164,2026-04-26 15:30:58.345480,0 days 00:00:00.517316,32.72044754856107,15.46568697498413,1.5291529608870043,Au,PRUNED
780,0.0,2026-04-26 15:30:57.849848,2026-04-26 15:30:58.425178,0 days 00:00:00.575330,21.58388233979948,14.416254221820985,1.5677286842990381,Au,PRUNED
781,-8.928571428570304,2026-04-26 15:30:57.866330,2026-04-26 15:30:58.644170,0 days 00:00:00.777840,22.098798906261823,19.455828469825246,1.6791506662473241,Au,PRUNED
782,0.0,2026-04-26 15:30:57.983763,2026-04-26 15:30:58.424137,0 days 00:00:00.440374,20.411219574465996,14.22232078163975,1.5907645739508065,Au,PRUNED
783,0.0,2026-04-26 15:30:58.003465,2026-04-26 15:30:58.645560,0 days 00:00:00.642095,21.55866904628712,17.146824598168628,1.417149251614595,Au,PRUNED
784,139.56043956043513,2026-04-26 15:30:58.026669,2026-04-26 15:30:58.612539,0 days 00:00:00.585870,35.072034821335166,16.365799988986844,1.6913082151583372,Au,PRUNED
785,0.0,2026-04-26 15:30:58.481596,2026-04-26 15:30:59.108007,0 days 00:00:00.626411,43.216374567828325,19.809922905790657,1.3862694988695266,Au,PRUNED
786,0.0,2026-04-26 15:30:58.520388,2026-04-26 15:30:59.359875,0 days 00:00:00.839487,20.694745059397963,18.33405812919015,1.523377445231806,Au,PRUNED
787,-7.653061224489242,2026-04-26 15:30:58.662145,2026-04-26 15:30:59.279862,0 days 00:00:00.617717,35.8893419898277,14.934192896892737,1.5906092802116014,Cu,PRUNED
788,-14.28571428571313,2026-04-26 15:30:58.722651,2026-04-26 15:30:59.295204,0 days 00:00:00.572553,34.25458864224815,17.77448943994006,0.8509226338621874,Ag,PRUNED
789,0.0,2026-04-26 15:30:58.737825,2026-04-26 15:30:59.202533,0 days 00:00:00.464708,23.653473507508057,19.89806663830507,1.7941739787256965,Au,PRUNED
790,-5.102040816326161,2026-04-26 15:30:58.774784,2026-04-26 15:30:59.404899,0 days 00:00:00.630115,38.74926387661882,14.920622373892538,1.6361383759081543,Cu,PRUNED
791,-7.518796992480405,2026-04-26 15:30:58.763725,2026-04-26 15:30:59.252532,0 days 00:00:00.488807,33.68365674581863,15.54605045370855,1.728465341950854,Cu,PRUNED
792,-4.464285714285152,2026-04-26 15:30:58.825422,2026-04-26 15:30:59.247946,0 days 00:00:00.422524,23.404716736088194,19.392784594291218,1.6688429562519376,Au,PRUNED
793,0.0,2026-04-26 15:30:59.175228,2026-04-26 15:30:59.683490,0 days 00:00:00.508262,20.7473651062309,19.2808723877394,1.0930069396931112,Au,PRUNED
794,0.0,2026-04-26 15:30:59.313114,2026-04-26 15:31:00.058772,0 days 00:00:00.745658,37.083703884986114,15.844835513030242,1.983320506983788,Au,PRUNED
795,0.0,2026-04-26 15:30:59.390642,2026-04-26 15:30:59.964209,0 days 00:00:00.573567,42.70199210006898,17.569081900795517,1.6610207004940922,Au,PRUNED
796,0.0,2026-04-26 15:30:59.422315,2026-04-26 15:30:59.810852,0 days 00:00:00.388537,46.1608822451097,17.61684352475185,1.6481043135347964,Au,PRUNED
797,0.0,2026-04-26 15:30:59.438065,2026-04-26 15:31:00.122192,0 days 00:00:00.684127,20.763476493653755,18.72331785548058,1.437196870044687,Au,PRUNED
798,0.0,2026-04-26 15:30:59.450826,2026-04-26 15:31:00.248460,0 days 00:00:00.797634,21.09625688262556,19.490632372592607,1.1326511696323762,Au,PRUNED
799,0.0,2026-04-26 15:30:59.472261,2026-04-26 15:30:59.885231,0 days 00:00:00.412970,20.919316500588153,16.60686211927301,1.2431368452712308,Au,PRUNED
800,3.9682539682535234,2026-04-26 15:30:59.483143,2026-04-26 15:31:00.010501,0 days 00:00:00.527358,26.66036093386249,19.867695702626655,1.9906756319106165,Cu,PRUNED
801,0.0,2026-04-26 15:30:59.809852,2026-04-26 15:31:00.621877,0 days 00:00:00.812025,20.90344117031082,19.254250754820568,1.2967086570579318,Au,PRUNED
802,0.0,2026-04-26 15:30:59.985769,2026-04-26 15:31:00.512199,0 days 00:00:00.526430,20.457596965237602,16.451476496093544,1.9154478309632876,Au,PRUNED
803,0.0,2026-04-26 15:31:00.026532,2026-04-26 15:31:00.697548,0 days 00:00:00.671016,35.60039780462707,13.187240233494872,1.9974684579004567,Au,PRUNED
804,-272.025272025255,2026-04-26 15:30:59.916573,2026-04-26 15:31:00.481986,0 days 00:00:00.565413,24.547564053427166,13.880676992564554,1.9922994176374893,Au,COMPLETE
805,145.05494505494045,2026-04-26 15:31:00.091970,2026-04-26 15:31:00.760371,0 days 00:00:00.668401,27.316356990349874,19.732730838655485,1.422669081241807,Au,PRUNED
806,3.571428571428211,2026-04-26 15:31:00.200456,2026-04-26 15:31:00.697548,0 days 00:00:00.497092,31.50520199474602,16.07700438845017,1.7299458087923596,Au,PRUNED
807,-3.7593984962402023,2026-04-26 15:31:00.214105,2026-04-26 15:31:00.635111,0 days 00:00:00.421006,29.654058330610546,14.731559428694611,1.980192419540813,Au,PRUNED
808,-2.1321961620468426,2026-04-26 15:31:00.275980,2026-04-26 15:31:01.366978,0 days 00:00:01.090998,20.86278822035538,19.5642201551319,1.4096444453986952,Ag,PRUNED
809,-6.122448979591482,2026-04-26 15:31:00.586090,2026-04-26 15:31:01.278322,0 days 00:00:00.692232,28.296744167841386,9.648068914158866,1.8403684766553168,Au,PRUNED
810,-1.0660980810234213,2026-04-26 15:31:00.668861,2026-04-26 15:31:01.352471,0 days 00:00:00.683610,21.736531120241985,18.145718958706365,1.986343143631054,Ag,PRUNED
811,0.0,2026-04-26 15:31:00.731600,2026-04-26 15:31:01.278322,0 days 00:00:00.546722,38.30504919071916,19.747840928129804,1.5399312505071396,Au,PRUNED
812,0.0,2026-04-26 15:31:00.778652,2026-04-26 15:31:01.280755,0 days 00:00:00.502103,20.249770618166284,8.845152566995344,1.837076734459434,Au,PRUNED
813,-8.403361344537313,2026-04-26 15:31:00.793717,2026-04-26 15:31:01.321219,0 days 00:00:00.527502,27.679347115280326,11.748726476303586,1.9841424148599824,Au,PRUNED
814,0.0,2026-04-26 15:31:00.809251,2026-04-26 15:31:01.279756,0 days 00:00:00.470505,20.955314345848326,17.754814897866602,1.8685015046764606,Au,PRUNED
815,0.0,2026-04-26 15:31:00.847355,2026-04-26 15:31:01.369498,0 days 00:00:00.522143,21.52528734051933,15.085111214205623,1.6937615631722704,Au,PRUNED
816,-3.571428571428211,2026-04-26 15:31:01.313553,2026-04-26 15:31:01.924446,0 days 00:00:00.610893,31.409181830185773,14.266874750098776,1.9700997478975568,Au,PRUNED
817,-303.1682792638762,2026-04-26 15:31:01.289678,2026-04-26 15:31:02.228157,0 days 00:00:00.938479,23.73299843171979,15.416118516006366,1.9629218150662866,Au,COMPLETE
818,0.0,2026-04-26 15:31:01.526629,2026-04-26 15:31:02.116545,0 days 00:00:00.589916,20.047906942641433,13.480286979255444,1.9960960472159,Au,PRUNED
819,0.0,2026-04-26 15:31:01.547520,2026-04-26 15:31:02.375810,0 days 00:00:00.828290,43.13310865616032,15.888776800204932,1.9464009676726393,Au,PRUNED
820,0.0,2026-04-26 15:31:01.555481,2026-04-26 15:31:02.205488,0 days 00:00:00.650007,111.5334053910469,19.47391739121029,1.5694959840093559,Cu,PRUNED
821,0.0,2026-04-26 15:31:01.604154,2026-04-26 15:31:02.080659,0 days 00:00:00.476505,21.34214353920717,15.486525736923559,1.613323085836329,Au,PRUNED
822,-13.60544217686944,2026-04-26 15:31:01.626919,2026-04-26 15:31:02.224495,0 days 00:00:00.597576,27.387146399758485,13.919312169569444,1.9780352239971644,Au,PRUNED
823,0.0,2026-04-26 15:31:01.652446,2026-04-26 15:31:02.225504,0 days 00:00:00.573058,20.40336336122786,18.035661329570594,1.9368779492730506,Au,PRUNED
824,138.46153846153408,2026-04-26 15:31:02.084178,2026-04-26 15:31:02.748143,0 days 00:00:00.663965,37.05570320343557,15.694266206321231,1.7182259379624187,Au,PRUNED
825,-535.2338244714318,2026-04-26 15:31:02.152501,2026-04-26 15:31:02.824519,0 days 00:00:00.672018,20.85561706635552,19.349920855554547,1.9355473988068612,Au,COMPLETE
826,138.46153846153408,2026-04-26 15:31:02.177922,2026-04-26 15:31:02.796274,0 days 00:00:00.618352,35.646879627446566,16.201103372145923,1.6551102879215558,Au,PRUNED
827,141.75824175823726,2026-04-26 15:31:02.250949,2026-04-26 15:31:03.027975,0 days 00:00:00.777026,31.997048074103436,16.74994386332225,1.718377031589509,Au,PRUNED
828,-10.714285714284633,2026-04-26 15:31:02.330652,2026-04-26 15:31:02.919050,0 days 00:00:00.588398,27.130317936896343,14.66021331666111,1.9929084326589335,Au,PRUNED
829,0.0,2026-04-26 15:31:02.393277,2026-04-26 15:31:02.887408,0 days 00:00:00.494131,20.153629999690587,17.696323974003892,1.6995615313368182,Au,PRUNED
830,0.0,2026-04-26 15:31:02.438072,2026-04-26 15:31:03.215804,0 days 00:00:00.777732,20.287735946626384,19.789449510039795,1.8625791415109634,Au,PRUNED
831,139.56043956043513,2026-04-26 15:31:02.490118,2026-04-26 15:31:02.998048,0 days 00:00:00.507930,37.02517816141064,14.809157496664163,1.964915427365519,Au,PRUNED
832,-545.9882583169631,2026-04-26 15:31:02.813711,2026-04-26 15:31:03.491546,0 days 00:00:00.677835,20.69493272909721,19.68051978372076,1.8441347949745739,Au,COMPLETE
833,146.1538461538415,2026-04-26 15:31:02.874127,2026-04-26 15:31:03.620842,0 days 00:00:00.746715,25.683572981988924,19.30470108597128,1.9951578982400684,Au,PRUNED
834,0.0,2026-04-26 15:31:02.969030,2026-04-26 15:31:03.724472,0 days 00:00:00.755442,37.57704594535157,18.248503318054265,1.9946305213251896,Au,PRUNED
835,0.0,2026-04-26 15:31:03.069641,2026-04-26 15:31:03.589915,0 days 00:00:00.520274,36.19090543021231,19.567738004783255,1.8033150932520072,Au,PRUNED
836,0.0,2026-04-26 15:31:03.105323,2026-04-26 15:31:03.571417,0 days 00:00:00.466094,20.148972904974727,17.547012311552567,1.8724939124913385,Au,PRUNED
837,0.0,2026-04-26 15:31:03.126658,2026-04-26 15:31:03.678674,0 days 00:00:00.552016,42.635058685308536,19.409921713898832,1.8011820217633925,Au,PRUNED
838,-575.5297334244013,2026-04-26 15:31:03.187929,2026-04-26 15:31:03.832413,0 days 00:00:00.644484,20.78891148495575,19.840667665152477,1.9514390456105453,Au,COMPLETE
839,0.0,2026-04-26 15:31:03.341628,2026-04-26 15:31:04.004795,0 days 00:00:00.663167,20.732019549247955,19.986247397021963,1.3692101861602928,Cu,PRUNED
840,142.8571428571383,2026-04-26 15:31:03.645149,2026-04-26 15:31:04.453537,0 days 00:00:00.808388,28.491344008388527,18.582881178385414,1.9664568677462904,Au,PRUNED
841,0.0,2026-04-26 15:31:03.634068,2026-04-26 15:31:04.393297,0 days 00:00:00.759229,20.147361105719682,19.588372291054462,1.7850495263534234,Au,PRUNED
842,0.0,2026-04-26 15:31:03.726643,2026-04-26 15:31:04.377165,0 days 00:00:00.650522,33.33484007512415,19.980035565331097,1.9936801360516831,Au,PRUNED
843,0.0,2026-04-26 15:31:03.785525,2026-04-26 15:31:04.586568,0 days 00:00:00.801043,20.075024657971504,19.59757388757996,1.8404456833889742,Au,PRUNED
844,8.403361344536819,2026-04-26 15:31:03.819200,2026-04-26 15:31:04.281020,0 days 00:00:00.461820,24.90452911717081,19.73923850150196,1.6592596649044826,Au,PRUNED
845,0.0,2026-04-26 15:31:03.833419,2026-04-26 15:31:04.341607,0 days 00:00:00.508188,20.336658543655147,19.267781297067835,1.7677806239616023,Au,PRUNED
846,-19.841269841267618,2026-04-26 15:31:03.998186,2026-04-26 15:31:04.650598,0 days 00:00:00.652412,55.218098373308095,14.488455865763425,1.998015735090318,Ag,PRUNED
847,0.0,2026-04-26 15:31:04.044285,2026-04-26 15:31:04.766327,0 days 00:00:00.722042,21.962203124688674,16.42207302594669,1.7511321001610312,Au,PRUNED
848,0.0,2026-04-26 15:31:04.344665,2026-04-26 15:31:05.156217,0 days 00:00:00.811552,20.531431715952245,18.32219611451746,1.6020154245141143,Au,PRUNED
849,-8.928571428570304,2026-04-26 15:31:04.470264,2026-04-26 15:31:04.998744,0 days 00:00:00.528480,22.669206038572053,19.72556457385648,1.5903690022581989,Au,PRUNED
850,0.0,2026-04-26 15:31:04.533672,2026-04-26 15:31:05.028522,0 days 00:00:00.494850,20.535729104029453,17.833376295951485,1.9591379634846218,Au,PRUNED
851,0.0,2026-04-26 15:31:04.550565,2026-04-26 15:31:05.108184,0 days 00:00:00.557619,20.273133271067774,16.711516919060184,1.929316144507121,Au,PRUNED
852,0.0,2026-04-26 15:31:04.595468,2026-04-26 15:31:05.467187,0 days 00:00:00.871719,20.79965296084396,16.606792617738634,1.9431341155807342,Au,PRUNED
853,-6.493506493505897,2026-04-26 15:31:04.709266,2026-04-26 15:31:05.544986,0 days 00:00:00.835720,42.23692998701964,18.502535016419014,1.7444432696610215,Ag,PRUNED
854,4.2016806722684095,2026-04-26 15:31:04.733721,2026-04-26 15:31:05.267435,0 days 00:00:00.533714,24.24618950225409,19.255321037153905,1.998482934207888,Au,PRUNED
855,-3.9682539682535234,2026-04-26 15:31:04.792014,2026-04-26 15:31:05.732354,0 days 00:00:00.940340,26.228531491166542,16.62948161011232,1.9810327406444808,Au,PRUNED
856,0.0,2026-04-26 15:31:05.112706,2026-04-26 15:31:05.940963,0 days 00:00:00.828257,37.56044120142572,19.94092043200224,1.8046829796150037,Au,PRUNED
857,0.0,2026-04-26 15:31:05.199664,2026-04-26 15:31:05.637877,0 days 00:00:00.438213,38.400630251232144,19.633786748730632,1.7514290716105134,Au,PRUNED
858,0.0,2026-04-26 15:31:05.182006,2026-04-26 15:31:05.997402,0 days 00:00:00.815396,35.15311320316602,16.650156951095372,1.64678427338218,Au,PRUNED
859,0.0,2026-04-26 15:31:05.218684,2026-04-26 15:31:05.669186,0 days 00:00:00.450502,38.83339561741471,19.819594725177897,1.5324342390065242,Au,PRUNED
860,0.0,2026-04-26 15:31:05.374624,2026-04-26 15:31:06.200878,0 days 00:00:00.826254,20.559647191764846,14.083697395573955,1.9626828377097467,Au,PRUNED
861,-11.904761904760573,2026-04-26 15:31:05.593398,2026-04-26 15:31:06.516343,0 days 00:00:00.922945,21.8254960579447,18.95550615501374,1.9939886203192867,Au,PRUNED
862,-1.050420168067195,2026-04-26 15:31:05.659433,2026-04-26 15:31:06.432040,0 days 00:00:00.772607,50.21476962623827,14.64436825401696,0.7181306100890417,Au,PRUNED
863,0.0,2026-04-26 15:31:05.671707,2026-04-26 15:31:06.499648,0 days 00:00:00.827941,21.883257828242787,16.988470231239518,1.5602291583432715,Au,PRUNED
864,0.0,2026-04-26 15:31:05.789095,2026-04-26 15:31:06.432040,0 days 00:00:00.642945,40.73750723035284,16.670672865080316,1.0030321135817342,Au,PRUNED
865,-562.3742454727709,2026-04-26 15:31:05.815078,2026-04-26 15:31:06.516343,0 days 00:00:00.701265,21.280222355918117,19.892841797575226,1.3417739476248072,Au,COMPLETE
866,0.0,2026-04-26 15:31:06.016465,2026-04-26 15:31:06.694911,0 days 00:00:00.678446,20.347424331420388,15.57936481650741,1.517340177393532,Au,PRUNED
867,-4.464285714285152,2026-04-26 15:31:06.077794,2026-04-26 15:31:06.762310,0 days 00:00:00.684516,22.999530439496322,19.809538417151497,1.6296489600049284,Au,PRUNED
868,0.0,2026-04-26 15:31:06.376453,2026-04-26 15:31:07.118679,0 days 00:00:00.742226,21.04670000976291,16.314714773473327,1.936066993257088,Cu,PRUNED
869,-8.928571428570304,2026-04-26 15:31:06.595040,2026-04-26 15:31:07.034158,0 days 00:00:00.439118,23.322803096833514,19.477064873839115,1.3364341380067617,Au,PRUNED
870,0.0,2026-04-26 15:31:06.608428,2026-04-26 15:31:07.260425,0 days 00:00:00.651997,20.00465361173288,16.88419501239908,1.312837920075312,Au,PRUNED
871,0.0,2026-04-26 15:31:06.633906,2026-04-26 15:31:07.119604,0 days 00:00:00.485698,40.542769120151114,19.079451150337132,1.2545518435357121,Au,PRUNED
872,0.0,2026-04-26 15:31:06.673842,2026-04-26 15:31:07.155457,0 days 00:00:00.481615,29.8169575221477,19.829391278516084,1.0815222554998154,Au,PRUNED
873,0.0,2026-04-26 15:31:06.728141,2026-04-26 15:31:07.325161,0 days 00:00:00.597020,23.465966363028393,19.847318251762328,1.9933464381366204,Au,PRUNED
874,0.0,2026-04-26 15:31:06.795339,2026-04-26 15:31:07.293381,0 days 00:00:00.498042,38.623817391104495,19.604784652336196,1.2191997389275824,Au,PRUNED
875,0.0,2026-04-26 15:31:06.835624,2026-04-26 15:31:07.507979,0 days 00:00:00.672355,33.368511952764614,18.58882913685956,1.3421051654590919,Au,PRUNED
876,0.0,2026-04-26 15:31:07.069534,2026-04-26 15:31:07.693771,0 days 00:00:00.624237,20.68689599731713,19.488079115132393,1.2593647834948023,Au,PRUNED
877,0.0,2026-04-26 15:31:07.207862,2026-04-26 15:31:07.719240,0 days 00:00:00.511378,38.197681970609786,16.627154829419766,1.304520280336695,Au,PRUNED
878,-8.928571428570304,2026-04-26 15:31:07.312823,2026-04-26 15:31:07.978634,0 days 00:00:00.665811,21.409394162943332,19.9173756404144,1.7063246689747529,Au,PRUNED
879,0.0,2026-04-26 15:31:07.341639,2026-04-26 15:31:08.155446,0 days 00:00:00.813807,46.85390466047676,17.29960729574975,1.9977909359758323,Au,PRUNED
880,0.0,2026-04-26 15:31:07.371567,2026-04-26 15:31:07.941503,0 days 00:00:00.569936,20.059867440970294,17.179737786841812,1.4643444072612113,Au,PRUNED
881,-2.951593860684718,2026-04-26 15:31:07.419414,2026-04-26 15:31:07.943013,0 days 00:00:00.523599,89.80190944380045,5.544797100466638,1.4817934714502752,Au,PRUNED
882,5.102040816326161,2026-04-26 15:31:07.438184,2026-04-26 15:31:07.977123,0 days 00:00:00.538939,33.41093378139808,16.162062150735252,1.2430221919335929,Au,PRUNED
883,0.0,2026-04-26 15:31:07.591907,2026-04-26 15:31:08.220158,0 days 00:00:00.628251,20.636823808427387,19.776349420987845,1.5796304570426973,Au,PRUNED
884,-11.904761904760573,2026-04-26 15:31:07.776414,2026-04-26 15:31:08.564575,0 days 00:00:00.788161,21.81324887381586,19.499057847569873,1.504839147196741,Au,PRUNED
885,0.0,2026-04-26 15:31:07.888717,2026-04-26 15:31:08.644718,0 days 00:00:00.756001,48.70428174105241,16.369076671465713,1.967316880720595,Au,PRUNED
886,0.0,2026-04-26 15:31:08.072444,2026-04-26 15:31:08.712882,0 days 00:00:00.640438,37.35404077842136,19.509048557305928,1.5541702050307933,Cu,PRUNED
887,-470.1663798048861,2026-04-26 15:31:08.104514,2026-04-26 15:31:08.564575,0 days 00:00:00.460061,21.709073338270713,17.679172558339914,1.9998388953529824,Au,COMPLETE
888,0.0,2026-04-26 15:31:08.124602,2026-04-26 15:31:08.837393,0 days 00:00:00.712791,21.291499021590752,16.35652537774998,1.0319791277958892,Au,PRUNED
889,-0.5714285714285617,2026-04-26 15:31:08.146356,2026-04-26 15:31:08.660208,0 days 00:00:00.513852,76.2367442871917,11.408203414519429,1.7647328492549321,Au,PRUNED
890,0.0,2026-04-26 15:31:08.241688,2026-04-26 15:31:08.702454,0 days 00:00:00.460766,35.71548401595908,17.259628826279222,1.6534184042119457,Au,PRUNED
891,-9.216589861750549,2026-04-26 15:31:08.279966,2026-04-26 15:31:08.987174,0 days 00:00:00.707208,37.63591409915751,12.30826366376427,1.9508719616904424,Cu,PRUNED
892,0.0,2026-04-26 15:31:08.635848,2026-04-26 15:31:09.329600,0 days 00:00:00.693752,20.411953548251937,15.869330314892883,1.7950075062319006,Au,PRUNED
893,0.0,2026-04-26 15:31:08.757171,2026-04-26 15:31:09.524444,0 days 00:00:00.767273,20.6668616278734,19.54196110160961,0.9005983878067394,Au,PRUNED
894,146.1538461538415,2026-04-26 15:31:08.868439,2026-04-26 15:31:09.674436,0 days 00:00:00.805997,25.289101593319263,19.91257300394404,1.9087860524641733,Au,PRUNED
895,-11.278195488720607,2026-04-26 15:31:08.838960,2026-04-26 15:31:09.485257,0 days 00:00:00.646297,23.78171872505527,17.328105207050378,1.9673229416475875,Au,PRUNED
896,0.0,2026-04-26 15:31:08.899471,2026-04-26 15:31:09.662694,0 days 00:00:00.763223,32.376529532168654,19.85177573874625,1.968059475893564,Au,PRUNED
897,0.0,2026-04-26 15:31:08.964294,2026-04-26 15:31:09.426378,0 days 00:00:00.462084,20.164774327636984,19.680827618236563,1.9080124327478118,Au,PRUNED
898,0.0,2026-04-26 15:31:09.038740,2026-04-26 15:31:09.611438,0 days 00:00:00.572698,21.196639400565317,18.0228023571013,1.9629859911559995,Au,PRUNED
899,0.0,2026-04-26 15:31:09.051002,2026-04-26 15:31:09.687852,0 days 00:00:00.636850,37.58257834280707,19.107758664856878,1.7498269024459452,Au,PRUNED
900,-11.904761904760901,2026-04-26 15:31:09.442645,2026-04-26 15:31:10.090817,0 days 00:00:00.648172,36.72337672919369,15.240811361668904,1.639517151796039,Ag,PRUNED
901,0.0,2026-04-26 15:31:09.530864,2026-04-26 15:31:10.090817,0 days 00:00:00.559953,21.130992408070277,16.244821002612813,1.5455801684778048,Au,PRUNED
902,0.0,2026-04-26 15:31:09.571337,2026-04-26 15:31:10.327961,0 days 00:00:00.756624,41.8090648310781,16.509560338348503,1.4204369459778232,Au,PRUNED
903,0.0,2026-04-26 15:31:09.620276,2026-04-26 15:31:10.090243,0 days 00:00:00.469967,34.3640510855508,18.795989791991452,1.7496281205220292,Au,PRUNED
904,0.0,2026-04-26 15:31:09.611438,2026-04-26 15:31:10.033973,0 days 00:00:00.422535,20.726848914028743,18.42457649430799,1.635674226577557,Au,PRUNED
905,141.75824175823726,2026-04-26 15:31:09.712364,2026-04-26 15:31:10.326444,0 days 00:00:00.614080,32.801963921876236,16.52868869553613,1.5803269934933746,Au,PRUNED
906,0.0,2026-04-26 15:31:09.763908,2026-04-26 15:31:10.416874,0 days 00:00:00.652966,35.859269116876014,17.633978829067235,1.6398532335496105,Au,PRUNED
907,7.518796992480405,2026-04-26 15:31:09.950579,2026-04-26 15:31:10.726537,0 days 00:00:00.775958,32.00266531400546,16.154308360247505,1.4894994599468043,Au,PRUNED
908,0.0,2026-04-26 15:31:10.212528,2026-04-26 15:31:10.985160,0 days 00:00:00.772632,20.932985832118725,17.411885379576166,1.8013572518729608,Cu,PRUNED
909,0.0,2026-04-26 15:31:10.234921,2026-04-26 15:31:10.830946,0 days 00:00:00.596025,29.775099078522157,19.997552764456035,1.5686849235352374,Au,PRUNED
910,0.0,2026-04-26 15:31:10.259058,2026-04-26 15:31:11.054341,0 days 00:00:00.795283,20.20089122655891,17.430015230726163,1.846736615399746,Au,PRUNED
911,0.0,2026-04-26 15:31:10.299630,2026-04-26 15:31:10.993366,0 days 00:00:00.693736,20.689263228847416,17.8620243565514,1.262618427809207,Au,PRUNED
912,-541.3022351797238,2026-04-26 15:31:10.361086,2026-04-26 15:31:10.995435,0 days 00:00:00.634349,21.586958978096668,19.422724740349967,1.371547614224088,Au,COMPLETE
913,0.0,2026-04-26 15:31:10.467265,2026-04-26 15:31:11.337576,0 days 00:00:00.870311,20.422106861921446,18.460854691902068,1.6150070922614281,Au,PRUNED
914,-1.7421602787456147,2026-04-26 15:31:10.546650,2026-04-26 15:31:11.293702,0 days 00:00:00.747052,116.59257464978474,4.148226874079281,1.0357133255800879,Ag,PRUNED
915,0.0,2026-04-26 15:31:10.890115,2026-04-26 15:31:11.475452,0 days 00:00:00.585337,40.38361798272601,16.5692678497019,1.6948729261317117,Au,PRUNED
916,0.0,2026-04-26 15:31:10.967375,2026-04-26 15:31:11.428153,0 days 00:00:00.460778,22.296307142219064,11.605961116425103,1.3456951586144916,Au,PRUNED
917,0.0,2026-04-26 15:31:11.044099,2026-04-26 15:31:11.699497,0 days 00:00:00.655398,28.39221489416277,19.826056148791476,1.263234449226521,Au,PRUNED
918,-2.4009603841536187,2026-04-26 15:31:11.081990,2026-04-26 15:31:11.664714,0 days 00:00:00.582724,116.125676787945,0.8608272947408651,1.1734984715422816,Au,PRUNED
919,0.0,2026-04-26 15:31:11.140552,2026-04-26 15:31:11.895562,0 days 00:00:00.755010,34.000657447924155,19.960754411686867,1.1250613107160994,Au,PRUNED
920,0.0,2026-04-26 15:31:11.295742,2026-04-26 15:31:12.088211,0 days 00:00:00.792469,21.17234828752099,19.54857547412551,1.1905941712492298,Au,PRUNED
921,0.0,2026-04-26 15:31:11.377340,2026-04-26 15:31:12.426769,0 days 00:00:01.049429,37.50855048005466,19.88390366035439,1.1762726830687602,Au,PRUNED
922,-11.904761904760573,2026-04-26 15:31:11.414259,2026-04-26 15:31:12.117553,0 days 00:00:00.703294,22.622540769724353,18.787786536929932,1.3944894863652106,Au,PRUNED
923,145.05494505494045,2026-04-26 15:31:11.572677,2026-04-26 15:31:12.041870,0 days 00:00:00.469193,26.872508611688204,19.936352758717682,1.3426769172874182,Au,PRUNED
924,0.0,2026-04-26 15:31:11.618731,2026-04-26 15:31:12.518456,0 days 00:00:00.899725,20.74825961915253,19.725586216174012,1.439869487362266,Au,PRUNED
925,-554.5634920634272,2026-04-26 15:31:11.752373,2026-04-26 15:31:12.520571,0 days 00:00:00.768198,20.507502779100673,19.83741592479002,1.9310685634049736,Au,COMPLETE
926,0.0,2026-04-26 15:31:11.702239,2026-04-26 15:31:12.814697,0 days 00:00:01.112458,20.74730110444192,15.381240746922048,1.9749684598142827,Au,PRUNED
927,0.0,2026-04-26 15:31:11.974044,2026-04-26 15:31:12.692330,0 days 00:00:00.718286,39.60921739171127,16.715267147067337,1.0325091273132856,Au,PRUNED
928,2.645502645502447,2026-04-26 15:31:12.083093,2026-04-26 15:31:13.140187,0 days 00:00:01.057094,32.97186707496409,16.3208101757519,1.1461344135265588,Au,PRUNED
929,0.0,2026-04-26 15:31:12.243950,2026-04-26 15:31:12.751161,0 days 00:00:00.507211,39.54114012955688,16.57917263864443,1.991363768215944,Au,PRUNED
930,0.0,2026-04-26 15:31:12.288911,2026-04-26 15:31:12.722350,0 days 00:00:00.433439,20.11597084797711,19.64046222239349,1.5389073735892056,Au,PRUNED
931,-517.7404295050784,2026-04-26 15:31:12.599316,2026-04-26 15:31:13.141901,0 days 00:00:00.542585,20.78172866303403,19.223017196079066,1.88741416920009,Au,COMPLETE
932,-2.2675736961450865,2026-04-26 15:31:12.613587,2026-04-26 15:31:13.439977,0 days 00:00:00.826390,91.38812765355611,8.18072485386105,1.7381791816947687,Cu,PRUNED
933,4.2016806722684095,2026-04-26 15:31:12.770554,2026-04-26 15:31:13.280058,0 days 00:00:00.509504,24.30787829759221,19.393822097737225,1.9293215798024663,Au,PRUNED
934,-4.464285714285152,2026-04-26 15:31:12.783786,2026-04-26 15:31:13.441483,0 days 00:00:00.657697,22.38730009794427,19.955400059209943,1.9096126011454575,Au,PRUNED
935,0.0,2026-04-26 15:31:12.799390,2026-04-26 15:31:13.560800,0 days 00:00:00.761410,34.33599402930354,16.900408180129688,1.6938794102329164,Au,PRUNED
936,0.0,2026-04-26 15:31:12.817638,2026-04-26 15:31:13.404997,0 days 00:00:00.587359,33.47254500966361,19.480557541346055,1.9866839953455826,Au,PRUNED
937,0.0,2026-04-26 15:31:12.907503,2026-04-26 15:31:13.559801,0 days 00:00:00.652298,36.652984493243736,17.200009545353073,1.9830460595372017,Au,PRUNED
938,-8.928571428570304,2026-04-26 15:31:13.301136,2026-04-26 15:31:13.923824,0 days 00:00:00.622688,21.761147592929706,19.895184971318667,1.823712282821803,Au,PRUNED
939,-8.928571428570304,2026-04-26 15:31:13.355579,2026-04-26 15:31:13.932652,0 days 00:00:00.577073,21.525600490740846,19.720102954722794,1.7792346128210321,Au,PRUNED
940,-8.928571428570304,2026-04-26 15:31:13.457402,2026-04-26 15:31:14.202368,0 days 00:00:00.744966,22.263370309074507,19.104900410094896,1.9728542639222308,Au,PRUNED
941,-8.403361344536819,2026-04-26 15:31:13.522548,2026-04-26 15:31:14.137469,0 days 00:00:00.614921,21.140295658456587,19.67117621570816,1.974662461542848,Au,PRUNED
942,-6.696428571428148,2026-04-26 15:31:13.531358,2026-04-26 15:31:14.140985,0 days 00:00:00.609627,24.14643839779283,17.845474696619355,1.675537991315438,Ag,PRUNED
943,0.0,2026-04-26 15:31:13.501408,2026-04-26 15:31:14.124487,0 days 00:00:00.623079,35.93265328126646,19.750800567833146,1.9011262772445758,Au,PRUNED
944,0.0,2026-04-26 15:31:13.640462,2026-04-26 15:31:14.062732,0 days 00:00:00.422270,34.57147634641761,19.163514167261525,1.6563901047843883,Au,PRUNED
945,-4.464285714285152,2026-04-26 15:31:13.682131,2026-04-26 15:31:14.419221,0 days 00:00:00.737090,22.51327911999603,19.592355953834993,1.887672338546913,Au,PRUNED
946,-539.9871009351205,2026-04-26 15:31:13.988972,2026-04-26 15:31:14.742103,0 days 00:00:00.753131,21.434316948358692,18.96402853939852,1.985428152312084,Au,COMPLETE
947,0.0,2026-04-26 15:31:13.979626,2026-04-26 15:31:14.916324,0 days 00:00:00.936698,37.82133516259786,19.853107976635126,1.4819025547150881,Au,PRUNED
948,0.0,2026-04-26 15:31:14.218423,2026-04-26 15:31:14.853972,0 days 00:00:00.635549,23.553518849721833,19.840580954589857,1.6630736271860762,Au,PRUNED
949,0.0,2026-04-26 15:31:14.248429,2026-04-26 15:31:14.864771,0 days 00:00:00.616342,21.1740257689046,18.196572353489984,1.995266380120876,Au,PRUNED
950,-4.464285714285152,2026-04-26 15:31:14.267523,2026-04-26 15:31:15.102322,0 days 00:00:00.834799,22.620528262540887,19.821504312804944,1.5907188736651379,Au,PRUNED
951,0.0,2026-04-26 15:31:14.295942,2026-04-26 15:31:14.793163,0 days 00:00:00.497221,31.421348116847863,19.764347799755495,1.5830333789975914,Au,PRUNED
952,0.0,2026-04-26 15:31:14.341724,2026-04-26 15:31:14.867531,0 days 00:00:00.525807,49.05161613149605,19.732249205198734,1.9699064757796354,Au,PRUNED
953,-531.0213172127945,2026-04-26 15:31:14.487717,2026-04-26 15:31:15.166554,0 days 00:00:00.678837,21.401248334210813,19.15501833114255,1.6753574271698102,Au,COMPLETE
954,0.0,2026-04-26 15:31:14.933180,2026-04-26 15:31:15.685643,0 days 00:00:00.752463,20.053475829035452,19.860653702890104,1.8906044830253659,Au,PRUNED
955,0.0,2026-04-26 15:31:14.985136,2026-04-26 15:31:15.660342,0 days 00:00:00.675206,20.54672144732236,19.716087458096382,1.4777540294032312,Au,PRUNED
956,0.0,2026-04-26 15:31:15.008931,2026-04-26 15:31:15.590329,0 days 00:00:00.581398,34.73117040472031,19.932355130211437,1.5962455658461745,Au,PRUNED
957,-23.809523809520613,2026-04-26 15:31:15.056242,2026-04-26 15:31:15.752930,0 days 00:00:00.696688,36.43637224936143,18.474999505239943,1.9718316875733162,Ag,PRUNED
958,0.0,2026-04-26 15:31:15.072121,2026-04-26 15:31:15.590329,0 days 00:00:00.518208,20.662678397838306,17.921649732983973,1.6985269061413868,Au,PRUNED
959,-0.5854800936768048,2026-04-26 15:31:15.088949,2026-04-26 15:31:15.556688,0 days 00:00:00.467739,102.71460202739829,10.377882648029129,1.824740774450917,Au,PRUNED
960,0.0,2026-04-26 15:31:15.121309,2026-04-26 15:31:15.590329,0 days 00:00:00.469020,37.50717729564424,18.875872933230333,1.9965595519104185,Au,PRUNED
961,0.0,2026-04-26 15:31:15.299322,2026-04-26 15:31:15.945686,0 days 00:00:00.646364,36.03496732962026,19.979266567915626,1.758339395103731,Au,PRUNED
962,-4.464285714285152,2026-04-26 15:31:15.598175,2026-04-26 15:31:16.409366,0 days 00:00:00.811191,22.862066754550206,19.240213594323574,1.988188095195685,Au,PRUNED
963,0.0,2026-04-26 15:31:15.705357,2026-04-26 15:31:16.376664,0 days 00:00:00.671307,20.281504749740755,17.231843653498984,1.764831257035265,Au,PRUNED
964,0.0,2026-04-26 15:31:15.726426,2026-04-26 15:31:16.503857,0 days 00:00:00.777431,20.60324685573712,18.466407749785787,1.6404743802534716,Au,PRUNED
965,0.0,2026-04-26 15:31:15.783755,2026-04-26 15:31:16.252518,0 days 00:00:00.468763,38.34156592986838,19.727814371806517,1.960919084814483,Au,PRUNED
966,0.0,2026-04-26 15:31:15.832917,2026-04-26 15:31:16.338248,0 days 00:00:00.505331,34.8739146002095,19.249059752753926,1.9951782318218336,Au,PRUNED
967,0.0,2026-04-26 15:31:15.862643,2026-04-26 15:31:16.295226,0 days 00:00:00.432583,20.14942319674817,17.904426021047698,0.964217122845852,Au,PRUNED
968,0.0,2026-04-26 15:31:15.881375,2026-04-26 15:31:16.394398,0 days 00:00:00.513023,20.16843731811925,18.095548708626307,1.6355773425961653,Au,PRUNED
969,0.0,2026-04-26 15:31:16.009143,2026-04-26 15:31:16.795930,0 days 00:00:00.786787,22.00094365648465,17.729164491854842,1.6380276923751407,Au,PRUNED
970,0.0,2026-04-26 15:31:16.346369,2026-04-26 15:31:17.045332,0 days 00:00:00.698963,36.03257968149544,17.951492615909267,1.5987933777820742,Au,PRUNED
971,4.464285714285152,2026-04-26 15:31:16.425097,2026-04-26 15:31:16.845739,0 days 00:00:00.420642,24.241540184851694,19.96053603916271,1.519375074847617,Au,PRUNED
972,0.0,2026-04-26 15:31:16.448064,2026-04-26 15:31:16.845739,0 days 00:00:00.397675,34.5231682653743,18.465910281962277,1.6851301322372858,Au,PRUNED
973,0.0,2026-04-26 15:31:16.461307,2026-04-26 15:31:16.919058,0 days 00:00:00.457751,20.732693685839106,17.097930254005764,1.2387965142520179,Au,PRUNED
974,-338.7398627573049,2026-04-26 15:31:16.522528,2026-04-26 15:31:17.186231,0 days 00:00:00.663703,22.80276686566099,17.289295749820386,1.477687679305748,Au,COMPLETE
975,-1.6357688113413043,2026-04-26 15:31:16.546102,2026-04-26 15:31:17.206342,0 days 00:00:00.660240,77.57429578293376,11.860946127596373,0.6177898963217645,Cu,PRUNED
976,0.0,2026-04-26 15:31:16.572590,2026-04-26 15:31:17.183715,0 days 00:00:00.611125,42.463325676724146,18.9384737447867,0.6709168838573536,Au,PRUNED
977,146.1538461538415,2026-04-26 15:31:16.858615,2026-04-26 15:31:17.403741,0 days 00:00:00.545126,26.120638779929955,19.792551166440816,1.6159165165707643,Au,PRUNED
978,-10.714285714284633,2026-04-26 15:31:16.887473,2026-04-26 15:31:17.590459,0 days 00:00:00.702986,23.139948348532045,17.384799213338045,1.7404481924093147,Au,PRUNED
979,-8.928571428570304,2026-04-26 15:31:17.000630,2026-04-26 15:31:17.660558,0 days 00:00:00.659928,21.88465758231486,19.882428621343333,1.8961690188994798,Au,PRUNED
980,-1.0660980810234213,2026-04-26 15:31:17.077943,2026-04-26 15:31:17.620599,0 days 00:00:00.542656,20.702298108921514,18.698874887449573,1.762189526292596,Ag,PRUNED
981,-11.278195488720607,2026-04-26 15:31:17.145784,2026-04-26 15:31:17.556273,0 days 00:00:00.410489,22.55597134726342,18.106383153507245,1.9824421001166452,Au,PRUNED
982,0.0,2026-04-26 15:31:17.286578,2026-04-26 15:31:18.055818,0 days 00:00:00.769240,31.173034334151964,17.808659771266274,1.9902104951376196,Au,PRUNED
983,0.0,2026-04-26 15:31:17.304680,2026-04-26 15:31:17.993528,0 days 00:00:00.688848,28.55928195479989,19.603569420535116,1.9949182566531312,Au,PRUNED
984,0.0,2026-04-26 15:31:17.280038,2026-04-26 15:31:17.901635,0 days 00:00:00.621597,20.22276516898203,19.311408086121062,1.7748481155145104,Au,PRUNED
985,0.0,2026-04-26 15:31:17.524086,2026-04-26 15:31:18.118725,0 days 00:00:00.594639,20.025356476682884,17.152596734471746,1.7183298216629532,Au,PRUNED
986,0.0,2026-04-26 15:31:17.635720,2026-04-26 15:31:18.333748,0 days 00:00:00.698028,20.68757257050841,18.92778285853895,1.9807152748378967,Au,PRUNED
987,0.0,2026-04-26 15:31:17.701335,2026-04-26 15:31:18.536447,0 days 00:00:00.835112,20.010840029755403,18.801594209799216,1.9727982022069208,Au,PRUNED
988,0.0,2026-04-26 15:31:17.728969,2026-04-26 15:31:18.497002,0 days 00:00:00.768033,20.214465888800042,16.93675219905947,1.8179457710486124,Au,PRUNED
989,0.0,2026-04-26 15:31:17.752878,2026-04-26 15:31:18.260274,0 days 00:00:00.507396,20.01843697999122,18.218670929708363,1.1969642903689002,Au,PRUNED
990,8.403361344536819,2026-04-26 15:31:17.972533,2026-04-26 15:31:18.889134,0 days 00:00:00.916601,26.635258964641466,19.7835633053239,0.4372963059396605,Au,PRUNED
991,-0.5952380952380847,2026-04-26 15:31:18.089182,2026-04-26 15:31:18.944022,0 days 00:00:00.854840,95.46496091568551,18.25073376691896,0.16918278084894411,Au,PRUNED
992,0.0,2026-04-26 15:31:18.176217,2026-04-26 15:31:18.803846,0 days 00:00:00.627629,20.52734480164871,19.735348963415863,1.5564661720743713,Au,PRUNED
993,-8.928571428570304,2026-04-26 15:31:18.197470,2026-04-26 15:31:18.663786,0 days 00:00:00.466316,21.91362912353983,19.969172127994238,1.77071330040451,Au,PRUNED
994,0.0,2026-04-26 15:31:18.368716,2026-04-26 15:31:19.060910,0 days 00:00:00.692194,20.0676638618503,16.37365944987003,1.9982415971192178,Au,PRUNED
995,0.0,2026-04-26 15:31:18.415983,2026-04-26 15:31:19.099395,0 days 00:00:00.683412,20.716324717923243,19.056636825062622,1.1110584977655773,Au,PRUNED
996,0.0,2026-04-26 15:31:18.620276,2026-04-26 15:31:19.148470,0 days 00:00:00.528194,20.612785243930777,17.789388674054834,1.233369650793759,Au,PRUNED
997,0.0,2026-04-26 15:31:18.764647,2026-04-26 15:31:19.367537,0 days 00:00:00.602890,20.505298991262077,19.236969790535024,1.154170744684749,Au,PRUNED
998,0.0,2026-04-26 15:31:18.666360,2026-04-26 15:31:19.532474,0 days 00:00:00.866114,35.62152459975402,16.941141980390757,1.6503799557333245,Au,PRUNED
999,0.0,2026-04-26 15:31:18.898244,2026-04-26 15:31:19.688123,0 days 00:00:00.789879,38.48437460259014,17.903941230407796,1.3419191001863355,Au,PRUNED
1000,0.0,2026-04-26 15:31:19.000770,2026-04-26 15:31:19.886570,0 days 00:00:00.885800,36.03563314166138,19.95574610229536,1.5646696034065135,Au,PRUNED
1001,0.0,2026-04-26 15:31:19.150838,2026-04-26 15:31:19.973150,0 days 00:00:00.822312,44.66104505410543,19.96005108332069,1.2994460432102843,Au,PRUNED
1002,0.0,2026-04-26 15:31:19.214868,2026-04-26 15:31:20.045859,0 days 00:00:00.830991,37.79754788108934,17.124443586073575,1.7031912335580641,Au,PRUNED
1003,0.0,2026-04-26 15:31:19.226145,2026-04-26 15:31:19.774636,0 days 00:00:00.548491,38.39169330255827,17.712548503130616,1.339818869042534,Au,PRUNED
1004,0.0,2026-04-26 15:31:19.240900,2026-04-26 15:31:19.772614,0 days 00:00:00.531714,20.809324409411722,16.33831682328674,1.50559289143062,Au,PRUNED
1005,0.0,2026-04-26 15:31:19.427898,2026-04-26 15:31:20.358919,0 days 00:00:00.931021,34.72817401350619,17.862113072012555,1.3991010250620362,Au,PRUNED
1006,0.0,2026-04-26 15:31:19.717580,2026-04-26 15:31:20.572989,0 days 00:00:00.855409,36.89439871275806,18.75134143205688,1.7004920179881011,Au,PRUNED
1007,0.0,2026-04-26 15:31:19.839803,2026-04-26 15:31:20.650275,0 days 00:00:00.810472,20.833356405688544,17.407332439499232,1.5309890330584581,Au,PRUNED
1008,0.0,2026-04-26 15:31:19.879063,2026-04-26 15:31:20.634356,0 days 00:00:00.755293,40.24967286036704,17.220816204719334,1.7162589499457128,Au,PRUNED
1009,0.0,2026-04-26 15:31:19.908002,2026-04-26 15:31:20.419176,0 days 00:00:00.511174,39.03862616273237,19.857884235493053,1.5733353771242182,Au,PRUNED
1010,0.0,2026-04-26 15:31:19.971143,2026-04-26 15:31:20.557116,0 days 00:00:00.585973,40.26378628506595,19.708740376392416,1.7476030551481958,Au,PRUNED
1011,143.9560439560394,2026-04-26 15:31:20.087625,2026-04-26 15:31:20.777040,0 days 00:00:00.689415,30.580421321638436,17.175603251677487,1.6109225708135084,Au,PRUNED
1012,0.0,2026-04-26 15:31:20.132597,2026-04-26 15:31:20.893482,0 days 00:00:00.760885,22.477815317690276,16.380377854359487,1.595284471240225,Au,PRUNED
1013,0.0,2026-04-26 15:31:20.408895,2026-04-26 15:31:21.055823,0 days 00:00:00.646928,24.304223004154483,19.675188871778495,1.4273695054567148,Au,PRUNED
1014,0.0,2026-04-26 15:31:20.522412,2026-04-26 15:31:21.199801,0 days 00:00:00.677389,32.76345650578753,17.195402156234202,1.99962848979999,Au,PRUNED
1015,0.0,2026-04-26 15:31:20.670736,2026-04-26 15:31:21.293533,0 days 00:00:00.622797,20.04505426383018,18.44875597438351,1.3255147152275324,Au,PRUNED
1016,0.0,2026-04-26 15:31:20.698482,2026-04-26 15:31:21.662360,0 days 00:00:00.963878,39.22021711877401,19.496828969982698,1.9916421329641536,Au,PRUNED
1017,0.0,2026-04-26 15:31:20.749167,2026-04-26 15:31:21.360590,0 days 00:00:00.611423,20.64575167602676,16.933711022094446,1.71738461164741,Au,PRUNED
1018,0.0,2026-04-26 15:31:20.815829,2026-04-26 15:31:21.538573,0 days 00:00:00.722744,30.739495251477585,19.628231610281894,1.668521443792369,Au,PRUNED
1019,0.0,2026-04-26 15:31:20.846671,2026-04-26 15:31:21.772248,0 days 00:00:00.925577,27.829788684071637,19.844623365448793,1.604838923468602,Au,PRUNED
1020,-8.928571428570304,2026-04-26 15:31:20.954598,2026-04-26 15:31:21.414648,0 days 00:00:00.460050,22.125329953998833,19.976510813823708,1.5196237836921753,Au,PRUNED
1021,-8.928571428570304,2026-04-26 15:31:21.116440,2026-04-26 15:31:21.814713,0 days 00:00:00.698273,22.34695570586127,19.544420930667172,1.7560315208097694,Au,PRUNED
1022,0.0,2026-04-26 15:31:21.260741,2026-04-26 15:31:21.813713,0 days 00:00:00.552972,20.694766200724295,18.617094991683896,1.961674343935897,Au,PRUNED
1023,0.0,2026-04-26 15:31:21.367193,2026-04-26 15:31:22.013767,0 days 00:00:00.646574,20.4395155727611,19.4391677522257,1.6987747378754805,Au,PRUNED
1024,0.0,2026-04-26 15:31:21.418161,2026-04-26 15:31:22.270581,0 days 00:00:00.852420,21.153090694271704,19.932796750602233,0.9282641563127875,Au,PRUNED
1025,0.0,2026-04-26 15:31:21.492356,2026-04-26 15:31:22.270581,0 days 00:00:00.778225,20.722697889891883,16.887910002495396,1.609973924355415,Au,PRUNED
1026,0.0,2026-04-26 15:31:21.694670,2026-04-26 15:31:22.208294,0 days 00:00:00.513624,29.272473158181498,19.907181109574672,1.8456863215068917,Au,PRUNED
1027,0.0,2026-04-26 15:31:21.745443,2026-04-26 15:31:22.424792,0 days 00:00:00.679349,20.49027113452294,16.81853907919669,1.530012004180461,Au,PRUNED
1028,0.0,2026-04-26 15:31:21.819767,2026-04-26 15:31:22.739719,0 days 00:00:00.919952,27.4404018992658,19.695221929419368,1.9589926799216821,Au,PRUNED
1029,0.0,2026-04-26 15:31:21.880258,2026-04-26 15:31:22.570374,0 days 00:00:00.690116,20.449594273284056,15.164452232956283,1.1090550820763398,Au,PRUNED
1030,0.0,2026-04-26 15:31:21.944768,2026-04-26 15:31:22.472930,0 days 00:00:00.528162,33.46345617385042,19.98346909395863,1.9920473086267254,Au,PRUNED
1031,0.0,2026-04-26 15:31:22.102302,2026-04-26 15:31:22.776584,0 days 00:00:00.674282,30.82108964863409,19.918828510265545,1.0010171782254769,Au,PRUNED
1032,-1.7857142857142545,2026-04-26 15:31:22.320545,2026-04-26 15:31:23.129799,0 days 00:00:00.809254,106.61973204822853,0.6777149490891876,1.097969882168204,Cu,PRUNED
1033,-4.464285714285152,2026-04-26 15:31:22.382911,2026-04-26 15:31:23.012186,0 days 00:00:00.629275,22.066390736107728,19.823883999195342,1.9763659476338988,Au,PRUNED
1034,0.0,2026-04-26 15:31:22.489519,2026-04-26 15:31:23.227884,0 days 00:00:00.738365,41.831493232887766,19.828465193911306,1.8475789443474901,Cu,PRUNED
1035,-8.928571428570304,2026-04-26 15:31:22.553559,2026-04-26 15:31:23.130799,0 days 00:00:00.577240,21.63714390101033,19.74868104550229,1.9908574126762908,Au,PRUNED
1036,0.0,2026-04-26 15:31:22.640206,2026-04-26 15:31:23.224742,0 days 00:00:00.584536,21.744529223238573,17.655508997126763,1.7489682759943996,Au,PRUNED
1037,0.0,2026-04-26 15:31:22.662453,2026-04-26 15:31:23.254309,0 days 00:00:00.591856,20.202738392693092,16.762602562843792,1.9399146828318887,Au,PRUNED
1038,0.0,2026-04-26 15:31:22.782131,2026-04-26 15:31:23.488229,0 days 00:00:00.706098,21.930778865196217,15.938580873921639,1.731708438842799,Au,PRUNED
1039,-8.928571428570304,2026-04-26 15:31:22.852876,2026-04-26 15:31:23.349785,0 days 00:00:00.496909,22.060831151232396,19.73001746311247,1.9871390109162264,Au,PRUNED
1040,0.0,2026-04-26 15:31:23.087248,2026-04-26 15:31:23.764476,0 days 00:00:00.677228,20.59947983913145,19.258704489541543,1.3505020474116516,Au,PRUNED
1041,138.46153846153408,2026-04-26 15:31:23.183919,2026-04-26 15:31:23.800281,0 days 00:00:00.616362,36.91299401617024,16.789787910474153,0.8425597213023923,Au,PRUNED
1042,2.5510204081630805,2026-04-26 15:31:23.314522,2026-04-26 15:31:23.802284,0 days 00:00:00.487762,32.01852186781312,16.47398016932536,1.5716078186197984,Au,PRUNED
1043,145.05494505494045,2026-04-26 15:31:23.365957,2026-04-26 15:31:24.158900,0 days 00:00:00.792943,26.7164420955648,19.93367992080933,1.4613473648791238,Au,PRUNED
1044,0.0,2026-04-26 15:31:23.398071,2026-04-26 15:31:24.143998,0 days 00:00:00.745927,20.69509953844766,19.924214936646162,1.7012524240087386,Ag,PRUNED
1045,4.464285714285152,2026-04-26 15:31:23.429135,2026-04-26 15:31:24.128329,0 days 00:00:00.699194,36.47385835537017,19.968092037629827,1.9758253547708398,Ag,PRUNED
1046,0.0,2026-04-26 15:31:23.452474,2026-04-26 15:31:24.049981,0 days 00:00:00.597507,20.050645008103704,19.54262671996807,1.7271196534720745,Au,PRUNED
1047,0.0,2026-04-26 15:31:23.527252,2026-04-26 15:31:24.065140,0 days 00:00:00.537888,36.696837949951465,17.171934734925465,1.7477392589711784,Au,PRUNED
1048,0.0,2026-04-26 15:31:23.941631,2026-04-26 15:31:24.550025,0 days 00:00:00.608394,37.47832497142096,17.1336716120347,1.5036382579331304,Au,PRUNED
1049,-6.696428571428148,2026-04-26 15:31:23.982695,2026-04-26 15:31:24.505408,0 days 00:00:00.522713,23.652035653191895,15.011983517023316,1.723409043008362,Ag,PRUNED
1050,0.0,2026-04-26 15:31:24.020721,2026-04-26 15:31:24.577912,0 days 00:00:00.557191,37.60601399065878,16.465171969196675,1.3936357505777355,Au,PRUNED
1051,7.936507936507047,2026-04-26 15:31:24.097794,2026-04-26 15:31:24.551027,0 days 00:00:00.453233,25.52333296632636,19.910987182667906,1.2219736897896403,Au,PRUNED
1052,0.0,2026-04-26 15:31:24.193151,2026-04-26 15:31:24.552534,0 days 00:00:00.359383,20.779407446304088,19.835267785814565,1.1813686871488223,Au,PRUNED
1053,0.0,2026-04-26 15:31:24.206903,2026-04-26 15:31:24.960945,0 days 00:00:00.754042,34.63575666386915,16.87898183847645,1.500078609674606,Au,PRUNED
1054,0.0,2026-04-26 15:31:24.222093,2026-04-26 15:31:24.685979,0 days 00:00:00.463886,39.65240775100507,16.938919647871828,1.3908253592789874,Au,PRUNED
1055,-8.928571428570304,2026-04-26 15:31:24.275248,2026-04-26 15:31:24.962449,0 days 00:00:00.687201,22.323809998284837,19.81459880736039,1.4495857633790088,Au,PRUNED
1056,0.0,2026-04-26 15:31:24.619498,2026-04-26 15:31:25.343964,0 days 00:00:00.724466,20.049607898774436,16.88894522005542,1.6453765939763936,Au,PRUNED
1057,0.0,2026-04-26 15:31:24.646849,2026-04-26 15:31:25.463445,0 days 00:00:00.816596,20.216164104651597,19.97040940320157,1.3832485787316349,Au,PRUNED
1058,-1.0660980810234213,2026-04-26 15:31:24.673814,2026-04-26 15:31:25.283829,0 days 00:00:00.610015,20.367940959627724,13.589479287640568,1.0286457949969166,Ag,PRUNED
1059,0.0,2026-04-26 15:31:24.688088,2026-04-26 15:31:25.308429,0 days 00:00:00.620341,20.200821849439457,16.700425611507857,1.9774116799954489,Au,PRUNED
1060,-556.0159098441509,2026-04-26 15:31:24.752528,2026-04-26 15:31:25.541517,0 days 00:00:00.788989,20.663428762741663,19.689467060270296,1.9750900944464709,Au,COMPLETE
1061,-8.928571428570304,2026-04-26 15:31:24.876888,2026-04-26 15:31:25.343964,0 days 00:00:00.467076,21.710207267101065,19.957777414008326,1.4029844727993548,Au,PRUNED
1062,-13.227513227512237,2026-04-26 15:31:25.024007,2026-04-26 15:31:25.748358,0 days 00:00:00.724351,29.02425173205172,19.931977667996968,1.0803784794400701,Ag,PRUNED
1063,0.0,2026-04-26 15:31:25.033502,2026-04-26 15:31:25.617918,0 days 00:00:00.584416,37.92962574056869,17.013093460485727,1.7478244991369734,Au,PRUNED
1064,0.0,2026-04-26 15:31:25.368767,2026-04-26 15:31:26.195242,0 days 00:00:00.826475,26.128826444958065,19.90468829249021,1.9512016987253264,Au,PRUNED
1065,0.0,2026-04-26 15:31:25.495399,2026-04-26 15:31:25.977863,0 days 00:00:00.482464,28.69612240762267,19.894399448532504,1.7411386508531244,Au,PRUNED
1066,0.0,2026-04-26 15:31:25.361238,2026-04-26 15:31:26.268824,0 days 00:00:00.907586,35.67921286820213,19.87935369009331,1.6435327908651252,Au,PRUNED
1067,-8.403361344536819,2026-04-26 15:31:25.558606,2026-04-26 15:31:26.064067,0 days 00:00:00.505461,21.425285584314505,19.883764036662694,1.6143086046701294,Au,PRUNED
1068,-3.9682539682535234,2026-04-26 15:31:25.666359,2026-04-26 15:31:26.196241,0 days 00:00:00.529882,24.987089789503596,17.664482314965657,1.9985885936701155,Au,PRUNED
1069,0.0,2026-04-26 15:31:25.707821,2026-04-26 15:31:26.534265,0 days 00:00:00.826444,35.4173474292276,19.874954022301658,1.936045486556694,Au,PRUNED
1070,0.0,2026-04-26 15:31:25.797874,2026-04-26 15:31:26.502456,0 days 00:00:00.704582,20.063887801340933,17.334600136071188,1.9577336706252852,Au,PRUNED
1071,0.0,2026-04-26 15:31:25.812198,2026-04-26 15:31:26.426818,0 days 00:00:00.614620,40.11894825773847,18.70754323849599,1.9645219672934702,Au,PRUNED
1072,0.0,2026-04-26 15:31:26.094703,2026-04-26 15:31:26.831290,0 days 00:00:00.736587,39.1836539510374,16.679212046002903,1.9634614193424287,Au,PRUNED
1073,-1.050420168067195,2026-04-26 15:31:26.132574,2026-04-26 15:31:26.726542,0 days 00:00:00.593968,21.643882660182136,12.369491984574822,0.17368967833500226,Ag,PRUNED
1074,-14.28571428571313,2026-04-26 15:31:26.318412,2026-04-26 15:31:27.051687,0 days 00:00:00.733275,73.93964043172495,7.409802690134789,0.9495643201482773,Au,PRUNED
1075,0.0,2026-04-26 15:31:26.356761,2026-04-26 15:31:26.941778,0 days 00:00:00.585017,20.57464386313824,16.984486577689932,1.9003274430597479,Au,PRUNED
1076,141.75824175823726,2026-04-26 15:31:26.366368,2026-04-26 15:31:27.096071,0 days 00:00:00.729703,33.73437849777967,16.758001605065083,0.9828091133281245,Au,PRUNED
1077,0.0,2026-04-26 15:31:26.469353,2026-04-26 15:31:27.130254,0 days 00:00:00.660901,21.20341282577327,17.134181807274004,1.421861913939061,Au,PRUNED
1078,0.0,2026-04-26 15:31:26.639841,2026-04-26 15:31:27.373316,0 days 00:00:00.733475,36.44791319865044,19.676011144773298,1.6823477780889267,Au,PRUNED
1079,0.0,2026-04-26 15:31:26.724502,2026-04-26 15:31:27.698772,0 days 00:00:00.974270,30.588173064603367,19.928796414955123,1.751068331882423,Au,PRUNED
1080,-573.8152062733709,2026-04-26 15:31:26.831842,2026-04-26 15:31:27.795090,0 days 00:00:00.963248,21.4175601900805,19.569718495138336,1.7241584122231053,Au,COMPLETE
1081,0.0,2026-04-26 15:31:26.914717,2026-04-26 15:31:27.548216,0 days 00:00:00.633499,20.21922155323289,17.61176506497151,1.9572279511920305,Au,PRUNED
1082,0.0,2026-04-26 15:31:27.014352,2026-04-26 15:31:27.685364,0 days 00:00:00.671012,20.83699243048229,18.68222939724549,1.7516007850635344,Au,PRUNED
1083,0.0,2026-04-26 15:31:27.176893,2026-04-26 15:31:27.994410,0 days 00:00:00.817517,40.01233786738629,17.584783587858915,1.7445470236993665,Au,PRUNED
1084,-550.4105090311347,2026-04-26 15:31:27.190120,2026-04-26 15:31:27.875217,0 days 00:00:00.685097,20.773401376682187,19.675280041826507,1.847739625691719,Au,COMPLETE
1085,0.0,2026-04-26 15:31:27.217909,2026-04-26 15:31:27.912966,0 days 00:00:00.695057,20.723158426646417,18.312208003934824,1.7091704237630732,Au,PRUNED
1086,-294.74762525608025,2026-04-26 15:31:27.431052,2026-04-26 15:31:28.149893,0 days 00:00:00.718841,21.76540537445952,18.35397019567315,1.972692378317196,Cu,COMPLETE
1087,0.0,2026-04-26 15:31:27.749634,2026-04-26 15:31:28.573932,0 days 00:00:00.824298,20.087651028129912,17.53339160297223,1.7834747353669012,Au,PRUNED
1088,0.0,2026-04-26 15:31:27.769465,2026-04-26 15:31:28.482725,0 days 00:00:00.713260,38.7630268767722,19.621061006065208,1.9986048719075613,Au,PRUNED
1089,146.1538461538415,2026-04-26 15:31:27.821202,2026-04-26 15:31:28.400962,0 days 00:00:00.579760,25.571253004746048,19.872395554132623,1.8148484578727044,Au,PRUNED
1090,0.0,2026-04-26 15:31:28.040206,2026-04-26 15:31:28.729336,0 days 00:00:00.689130,28.889757023951773,19.8681466719512,1.672834195457282,Au,PRUNED
1091,-12.755102040815403,2026-04-26 15:31:28.079966,2026-04-26 15:31:28.650025,0 days 00:00:00.570059,43.36024568729579,11.107007537322442,0.25623719400512857,Au,PRUNED
1092,0.0,2026-04-26 15:31:28.101006,2026-04-26 15:31:28.574495,0 days 00:00:00.473489,35.59715148140401,18.033310482297463,1.7517659060296864,Au,PRUNED
1093,0.0,2026-04-26 15:31:28.145818,2026-04-26 15:31:28.667868,0 days 00:00:00.522050,43.81457696556966,19.708008323431624,1.8227995967415471,Au,PRUNED
1094,0.0,2026-04-26 15:31:28.317328,2026-04-26 15:31:29.038889,0 days 00:00:00.721561,30.061268316760916,19.777547779523402,1.962350739738514,Au,PRUNED
1095,-8.403361344536819,2026-04-26 15:31:28.505852,2026-04-26 15:31:29.136175,0 days 00:00:00.630323,21.72291337293429,19.25844675619985,1.9848100792291032,Au,PRUNED
1096,-517.7404295050784,2026-04-26 15:31:28.606041,2026-04-26 15:31:29.181175,0 days 00:00:00.575134,20.921999856934516,19.17380709791627,1.8317007317139136,Au,COMPLETE
1097,0.0,2026-04-26 15:31:28.642636,2026-04-26 15:31:29.271923,0 days 00:00:00.629287,27.830383156347715,19.77113578711207,1.805929648702576,Au,PRUNED
1098,-1.1337868480725433,2026-04-26 15:31:28.847983,2026-04-26 15:31:29.521395,0 days 00:00:00.673412,91.65625948708427,12.563685902731041,1.5827049232366055,Cu,PRUNED
1099,8.403361344536819,2026-04-26 15:31:28.883492,2026-04-26 15:31:29.583259,0 days 00:00:00.699767,24.521445602426144,19.73905099452771,1.8935779398508172,Au,PRUNED
1100,-538.3747178328957,2026-04-26 15:31:28.914185,2026-04-26 15:31:29.567842,0 days 00:00:00.653657,20.61287154586271,19.934126118246336,1.5458105283760584,Au,COMPLETE
1101,0.0,2026-04-26 15:31:28.936421,2026-04-26 15:31:29.449759,0 days 00:00:00.513338,20.323948415205983,17.515083724384365,1.9788255859329817,Au,PRUNED
1102,0.0,2026-04-26 15:31:29.149679,2026-04-26 15:31:29.759216,0 days 00:00:00.609537,34.69088635262332,18.0681767615507,1.7953835876757305,Au,PRUNED
1103,0.0,2026-04-26 15:31:29.184193,2026-04-26 15:31:29.804837,0 days 00:00:00.620644,36.191310707109,17.83565142862309,1.6980878228995218,Au,PRUNED
1104,0.0,2026-04-26 15:31:29.342868,2026-04-26 15:31:29.836471,0 days 00:00:00.493603,31.667846603924737,19.51100510913229,1.788936234192842,Au,PRUNED
1105,0.0,2026-04-26 15:31:29.400030,2026-04-26 15:31:30.210175,0 days 00:00:00.810145,23.811485986960037,19.59355161071248,1.9624027364639727,Au,PRUNED
1106,0.0,2026-04-26 15:31:29.491553,2026-04-26 15:31:30.125416,0 days 00:00:00.633863,20.150785984427987,18.87714329766061,1.8426844559367463,Au,PRUNED
1107,0.0,2026-04-26 15:31:29.676862,2026-04-26 15:31:30.245253,0 days 00:00:00.568391,20.47887467948513,19.514476977155617,1.4421666337868162,Au,PRUNED
1108,-8.403361344536819,2026-04-26 15:31:29.708636,2026-04-26 15:31:30.243253,0 days 00:00:00.534617,21.103791163912696,19.941066355684594,1.8094967982499852,Au,PRUNED
1109,-542.8571428570807,2026-04-26 15:31:29.732900,2026-04-26 15:31:30.194582,0 days 00:00:00.461682,20.83896693387379,19.754984024278436,1.613099774565611,Au,COMPLETE
1110,3.9682539682535234,2026-04-26 15:31:29.816371,2026-04-26 15:31:30.664336,0 days 00:00:00.847965,24.33625363932679,19.858078640372177,1.816566956724405,Au,PRUNED
1111,0.0,2026-04-26 15:31:29.853385,2026-04-26 15:31:30.412334,0 days 00:00:00.558949,21.19908703083391,18.54178702290651,1.7169203769705386,Au,PRUNED
1112,0.0,2026-04-26 15:31:29.907151,2026-04-26 15:31:30.496298,0 days 00:00:00.589147,38.75995970931188,19.84919238077895,1.6581711800572323,Au,PRUNED
1113,-22.321428571425763,2026-04-26 15:31:30.198180,2026-04-26 15:31:31.127900,0 days 00:00:00.929720,74.1758985332473,14.570380047608044,0.9822424277901177,Ag,PRUNED
1114,-4.464285714285152,2026-04-26 15:31:30.319322,2026-04-26 15:31:30.975153,0 days 00:00:00.655831,22.77404069737762,19.888810503562233,1.6666195765286589,Au,PRUNED
1115,-8.928571428570304,2026-04-26 15:31:30.337977,2026-04-26 15:31:31.114637,0 days 00:00:00.776660,22.903682997147197,19.474550060667468,1.7237116628148441,Au,PRUNED
1116,0.0,2026-04-26 15:31:30.369667,2026-04-26 15:31:31.037919,0 days 00:00:00.668252,21.03652474339796,18.84515700996352,1.5946388248785477,Au,PRUNED
1117,-4.464285714285152,2026-04-26 15:31:30.400360,2026-04-26 15:31:31.001066,0 days 00:00:00.600706,22.771498317913096,19.739582088786673,1.77504650047125,Au,PRUNED
1118,-541.3022351797238,2026-04-26 15:31:30.446485,2026-04-26 15:31:31.069513,0 days 00:00:00.623028,20.87140622268155,19.738702568301974,1.582607081275367,Au,COMPLETE
1119,0.0,2026-04-26 15:31:30.594467,2026-04-26 15:31:31.312453,0 days 00:00:00.717986,20.13120738333826,18.70604582427054,1.5704913308296025,Au,PRUNED
1120,-11.428571428570503,2026-04-26 15:31:30.702734,2026-04-26 15:31:31.126384,0 days 00:00:00.423650,68.98130901489444,7.781397718913687,1.0737057279559634,Cu,PRUNED
1121,0.0,2026-04-26 15:31:31.072593,2026-04-26 15:31:31.735757,0 days 00:00:00.663164,35.292593926694664,19.735640487464618,1.5786518718333813,Au,PRUNED
1122,-4.464285714285152,2026-04-26 15:31:31.196421,2026-04-26 15:31:31.860566,0 days 00:00:00.664145,23.539305886792256,19.498737606674922,1.3325249207626602,Au,PRUNED
1123,0.0,2026-04-26 15:31:31.207199,2026-04-26 15:31:31.750341,0 days 00:00:00.543142,38.53602197031435,19.66428187925981,1.44102945957635,Au,PRUNED
1124,0.0,2026-04-26 15:31:31.224135,2026-04-26 15:31:31.750952,0 days 00:00:00.526817,20.082525731771938,17.554828901701747,1.6006652355612663,Au,PRUNED
1125,0.0,2026-04-26 15:31:31.239945,2026-04-26 15:31:32.071563,0 days 00:00:00.831618,42.44761333005402,19.749322192793713,1.6264681653253061,Au,PRUNED
1126,0.0,2026-04-26 15:31:31.277157,2026-04-26 15:31:31.903474,0 days 00:00:00.626317,20.551315104151776,19.087521346232776,1.6212208827131236,Au,PRUNED
1127,0.0,2026-04-26 15:31:31.379969,2026-04-26 15:31:31.940862,0 days 00:00:00.560893,38.669499448982364,19.71686690421195,1.6380033012198607,Ag,PRUNED
1128,0.0,2026-04-26 15:31:31.470251,2026-04-26 15:31:32.126575,0 days 00:00:00.656324,29.9550968634544,19.913903380376265,1.432044985344356,Au,PRUNED
1129,0.0,2026-04-26 15:31:31.849033,2026-04-26 15:31:32.564391,0 days 00:00:00.715358,31.82536868059356,19.900570946455755,1.3961760555394116,Au,PRUNED
1130,-8.928571428570304,2026-04-26 15:31:31.883972,2026-04-26 15:31:32.564391,0 days 00:00:00.680419,22.424938479803522,19.660787179643606,1.699371471024914,Au,PRUNED
1131,-4.464285714285152,2026-04-26 15:31:31.905476,2026-04-26 15:31:32.635255,0 days 00:00:00.729779,23.643306325038402,19.548912772170283,1.4741730474916432,Au,PRUNED
1132,0.0,2026-04-26 15:31:32.006338,2026-04-26 15:31:32.637397,0 days 00:00:00.631059,28.320109026478054,19.607204656491845,1.4069847439476346,Au,PRUNED
1133,0.0,2026-04-26 15:31:32.042766,2026-04-26 15:31:32.699585,0 days 00:00:00.656819,23.73020468080745,19.906971598422228,1.6062461038467017,Au,PRUNED
1134,0.0,2026-04-26 15:31:32.074066,2026-04-26 15:31:32.885703,0 days 00:00:00.811637,30.537060243058576,19.839823343650917,1.6422854587533702,Au,PRUNED
1135,-8.928571428570304,2026-04-26 15:31:32.220798,2026-04-26 15:31:32.902053,0 days 00:00:00.681255,21.70449854956529,19.88519624404929,1.7270225597554762,Au,PRUNED
1136,-7.518796992480405,2026-04-26 15:31:32.270329,2026-04-26 15:31:32.984951,0 days 00:00:00.714622,25.67311122901029,19.273561881327414,1.7674569701619776,Cu,PRUNED
1137,0.0,2026-04-26 15:31:32.717268,2026-04-26 15:31:33.338966,0 days 00:00:00.621698,20.024255627618125,17.747338788878867,1.5990338772900996,Au,PRUNED
1138,0.0,2026-04-26 15:31:32.765220,2026-04-26 15:31:33.805705,0 days 00:00:01.040485,53.47609520881924,19.572974630447305,1.6268888060562074,Au,PRUNED
1139,-12.422360248446113,2026-04-26 15:31:32.794622,2026-04-26 15:31:33.354268,0 days 00:00:00.559646,51.164548758093446,4.385291509806895,1.8219821307645128,Au,PRUNED
1140,0.0,2026-04-26 15:31:32.832864,2026-04-26 15:31:33.339712,0 days 00:00:00.506848,20.887829610899328,19.535699159705377,1.5152436306091768,Au,PRUNED
1141,0.0,2026-04-26 15:31:32.875140,2026-04-26 15:31:33.387481,0 days 00:00:00.512341,20.257942858168303,19.669690050727585,1.7163823758868153,Au,PRUNED
1142,0.0,2026-04-26 15:31:33.010216,2026-04-26 15:31:33.541875,0 days 00:00:00.531659,43.468502353330024,19.49276834105084,1.0536575271880608,Au,PRUNED
1143,0.0,2026-04-26 15:31:33.040129,2026-04-26 15:31:33.805705,0 days 00:00:00.765576,20.8476414324009,19.51526308673546,1.550342979944972,Au,PRUNED
1144,0.0,2026-04-26 15:31:33.074217,2026-04-26 15:31:33.719305,0 days 00:00:00.645088,39.19545071540834,19.425269552598436,1.2591782001934853,Au,PRUNED
1145,0.0,2026-04-26 15:31:33.451365,2026-04-26 15:31:34.070794,0 days 00:00:00.619429,110.92989271375245,15.090583826489496,1.7435590099673264,Ag,PRUNED
1146,0.0,2026-04-26 15:31:33.483922,2026-04-26 15:31:34.069272,0 days 00:00:00.585350,35.34316230543475,19.10339860802565,1.2268661851136002,Au,PRUNED
1147,0.0,2026-04-26 15:31:33.513672,2026-04-26 15:31:33.945372,0 days 00:00:00.431700,20.02053630416098,18.646064795895494,1.993844563297534,Au,PRUNED
1148,146.1538461538415,2026-04-26 15:31:33.528842,2026-04-26 15:31:34.263618,0 days 00:00:00.734776,26.058811416322794,19.946729970157946,1.3332567182176072,Au,PRUNED
1149,-572.4489795917672,2026-04-26 15:31:33.623200,2026-04-26 15:31:34.125412,0 days 00:00:00.502212,21.119555325642494,19.63031344790167,1.8736348850439108,Au,COMPLETE
1150,0.0,2026-04-26 15:31:33.739090,2026-04-26 15:31:34.336479,0 days 00:00:00.597389,20.84186518416102,19.851757200058103,1.0167334482138686,Au,PRUNED
1151,-528.5714285713698,2026-04-26 15:31:33.905354,2026-04-26 15:31:34.486924,0 days 00:00:00.581570,21.0125102514284,19.731971079335214,1.3181259622841826,Au,COMPLETE
1152,0.0,2026-04-26 15:31:33.963476,2026-04-26 15:31:34.622410,0 days 00:00:00.658934,20.400248505185434,19.52935484322335,1.4175126708109334,Au,PRUNED
1153,-14.285714285712844,2026-04-26 15:31:34.021487,2026-04-26 15:31:34.598142,0 days 00:00:00.576655,23.647412025237664,19.65943994447005,0.5901505536739666,Cu,PRUNED
1154,0.0,2026-04-26 15:31:34.147205,2026-04-26 15:31:34.799899,0 days 00:00:00.652694,36.557455060471526,19.87403802996645,1.858428219221739,Au,PRUNED
1155,-595.4144620810549,2026-04-26 15:31:34.185297,2026-04-26 15:31:34.687937,0 days 00:00:00.502640,21.103383977738506,19.99179416485221,1.7335891701709463,Au,COMPLETE
1156,-1.7564402810304147,2026-04-26 15:31:34.243735,2026-04-26 15:31:34.624436,0 days 00:00:00.380701,112.63338243108956,6.775173273079735,0.5507244333720467,Ag,PRUNED
1157,0.0,2026-04-26 15:31:34.382725,2026-04-26 15:31:35.096969,0 days 00:00:00.714244,20.62170366967928,18.452454299352826,1.2876272769384183,Au,PRUNED
1158,0.0,2026-04-26 15:31:34.416233,2026-04-26 15:31:35.235265,0 days 00:00:00.819032,38.912918682172396,19.799041502932926,1.4791773074178605,Au,PRUNED
1159,-2.285714285714247,2026-04-26 15:31:34.648475,2026-04-26 15:31:35.174147,0 days 00:00:00.525672,91.79841126507878,9.022182609055449,0.8790676852958431,Cu,PRUNED
1160,0.0,2026-04-26 15:31:34.690526,2026-04-26 15:31:35.426412,0 days 00:00:00.735886,20.62935269779725,17.20000593160112,1.6001531020114785,Au,PRUNED
1161,146.1538461538415,2026-04-26 15:31:34.722109,2026-04-26 15:31:35.363723,0 days 00:00:00.641614,25.943995036082036,19.873223476711136,1.6006844002755967,Au,PRUNED
1162,-0.5807200929152049,2026-04-26 15:31:34.780764,2026-04-26 15:31:35.382300,0 days 00:00:00.601536,113.64329110931283,8.623856082169212,1.3380236082151549,Au,PRUNED
1163,0.0,2026-04-26 15:31:34.897160,2026-04-26 15:31:35.409822,0 days 00:00:00.512662,20.03202664441739,19.88453623821957,1.6888463038921853,Au,PRUNED
1164,0.0,2026-04-26 15:31:34.941768,2026-04-26 15:31:35.779848,0 days 00:00:00.838080,41.93834677561516,19.988647620175566,1.6054691685623947,Au,PRUNED
1165,0.0,2026-04-26 15:31:35.308290,2026-04-26 15:31:36.207022,0 days 00:00:00.898732,23.7900664375674,19.90089006005989,1.633344418549727,Au,PRUNED
1166,4.2016806722684095,2026-04-26 15:31:35.326395,2026-04-26 15:31:35.974380,0 days 00:00:00.647985,24.244548027066976,19.848560563056406,1.7176142283742135,Au,PRUNED
1167,0.0,2026-04-26 15:31:35.375353,2026-04-26 15:31:35.953482,0 days 00:00:00.578129,32.04157426469731,19.549065314613657,1.4540444001814992,Au,PRUNED
1168,0.0,2026-04-26 15:31:35.457122,2026-04-26 15:31:36.196779,0 days 00:00:00.739657,40.03893150776859,19.90627483835944,1.6057262284128353,Au,PRUNED
1169,-10.405643738975796,2026-04-26 15:31:35.506214,2026-04-26 15:31:36.185107,0 days 00:00:00.678893,21.15911101287114,19.985496822441057,1.6933423405574246,Au,COMPLETE
1170,-547.5645635828065,2026-04-26 15:31:35.518940,2026-04-26 15:31:35.905534,0 days 00:00:00.386594,21.717783728565305,19.25602891761719,1.5433691433865548,Au,COMPLETE
1171,-17.857142857139866,2026-04-26 15:31:35.583804,2026-04-26 15:31:36.030683,0 days 00:00:00.446879,85.21578881135225,9.285303377898153,0.6689303522283934,Ag,PRUNED
1172,0.0,2026-04-26 15:31:35.879025,2026-04-26 15:31:36.559377,0 days 00:00:00.680352,23.618059470436297,19.88538922249755,1.738072483028269,Au,PRUNED
1173,0.0,2026-04-26 15:31:36.049463,2026-04-26 15:31:36.860145,0 days 00:00:00.810682,27.39702614248091,19.798408555364503,1.5906902869768766,Au,PRUNED
1174,0.0,2026-04-26 15:31:36.107985,2026-04-26 15:31:36.624184,0 days 00:00:00.516199,34.0934517288031,19.729499358389713,1.7508674105180513,Au,PRUNED
1175,0.0,2026-04-26 15:31:36.126195,2026-04-26 15:31:36.795470,0 days 00:00:00.669275,20.31055223283055,16.386355996255844,1.5028403881762,Au,PRUNED
1176,0.0,2026-04-26 15:31:36.156046,2026-04-26 15:31:36.824249,0 days 00:00:00.668203,36.74357228670392,19.976069950986748,1.819676111758323,Au,PRUNED
1177,-6.696428571428148,2026-04-26 15:31:36.228011,2026-04-26 15:31:36.909924,0 days 00:00:00.681913,23.39135794438766,18.682883778454265,1.9861055677030264,Ag,PRUNED
1178,0.0,2026-04-26 15:31:36.349296,2026-04-26 15:31:37.181599,0 days 00:00:00.832303,21.59309512514768,17.202414367066403,1.4893927274178964,Au,PRUNED
1179,7.936507936507047,2026-04-26 15:31:36.458070,2026-04-26 15:31:37.110830,0 days 00:00:00.652760,24.508227423034892,19.98342020913407,1.8107356716298801,Au,PRUNED
1180,0.0,2026-04-26 15:31:36.676370,2026-04-26 15:31:37.445645,0 days 00:00:00.769275,38.14212443138213,17.368260475162593,1.4306215081637879,Au,PRUNED
1181,-8.928571428570304,2026-04-26 15:31:36.710063,2026-04-26 15:31:37.449647,0 days 00:00:00.739584,21.65156077323994,19.84079246109979,1.9132359285697609,Au,PRUNED
1182,140.65934065933618,2026-04-26 15:31:36.922447,2026-04-26 15:31:37.548715,0 days 00:00:00.626268,33.73030557297069,16.965398404644308,1.5127720639165774,Au,PRUNED
1183,0.0,2026-04-26 15:31:36.935075,2026-04-26 15:31:37.644992,0 days 00:00:00.709917,20.653178320345816,16.691918671720792,1.5482262184909028,Au,PRUNED
1184,0.0,2026-04-26 15:31:36.954414,2026-04-26 15:31:37.711143,0 days 00:00:00.756729,20.473661599647855,16.88636584256872,1.616846858712915,Au,PRUNED
1185,0.0,2026-04-26 15:31:36.962564,2026-04-26 15:31:37.743344,0 days 00:00:00.780780,35.36493520791001,19.941640750766815,1.9066849568924575,Au,PRUNED
1186,-9.852216748767784,2026-04-26 15:31:37.182608,2026-04-26 15:31:37.976497,0 days 00:00:00.793889,26.18904810570682,19.59044815102706,1.3169224783746403,Ag,PRUNED
1187,0.0,2026-04-26 15:31:37.348619,2026-04-26 15:31:38.165040,0 days 00:00:00.816421,20.132141345956025,16.902844792995804,1.4154129922619765,Au,PRUNED
1188,0.0,2026-04-26 15:31:37.550222,2026-04-26 15:31:38.193468,0 days 00:00:00.643246,20.40399699504199,18.07804025395593,1.6502592884020675,Au,PRUNED
1189,0.0,2026-04-26 15:31:37.607457,2026-04-26 15:31:38.163986,0 days 00:00:00.556529,36.690079011674214,17.524877170027267,1.58878085625366,Au,PRUNED
1190,0.0,2026-04-26 15:31:37.664855,2026-04-26 15:31:38.290881,0 days 00:00:00.626026,20.096002273629907,19.692404270580717,1.9789224547990791,Au,PRUNED
1191,-584.431345353604,2026-04-26 15:31:37.694640,2026-04-26 15:31:38.166552,0 days 00:00:00.471912,20.928674215461008,19.919266222328506,1.8370165778955863,Au,COMPLETE
1192,-12.987012987010614,2026-04-26 15:31:37.818208,2026-04-26 15:31:38.583189,0 days 00:00:00.764981,33.93375578301172,0.5412052323379175,1.307883025660284,Ag,PRUNED
1193,0.0,2026-04-26 15:31:37.922327,2026-04-26 15:31:38.749584,0 days 00:00:00.827257,20.409717442588224,19.60618125125051,1.900595156612921,Au,PRUNED
1194,0.0,2026-04-26 15:31:38.077182,2026-04-26 15:31:38.696245,0 days 00:00:00.619063,20.04381738991651,19.555515140804538,1.797651406942797,Au,PRUNED
1195,0.0,2026-04-26 15:31:38.262391,2026-04-26 15:31:38.804842,0 days 00:00:00.542451,42.137088966126825,19.7208744997183,1.952701388120858,Au,PRUNED
1196,146.1538461538415,2026-04-26 15:31:38.275110,2026-04-26 15:31:39.012643,0 days 00:00:00.737533,25.87367135506784,19.7615955586137,1.6735396312801358,Au,PRUNED
1197,-8.928571428570304,2026-04-26 15:31:38.316532,2026-04-26 15:31:39.391830,0 days 00:00:01.075298,21.2245441419862,19.845831588078898,1.871311052027491,Au,PRUNED
1198,0.0,2026-04-26 15:31:38.352380,2026-04-26 15:31:39.014658,0 days 00:00:00.662278,35.81323344141692,18.095120548674057,1.6578017617963818,Au,PRUNED
1199,-0.5903187721369436,2026-04-26 15:31:38.437563,2026-04-26 15:31:39.068020,0 days 00:00:00.630457,117.57884314567343,12.85145358531032,0.14852265371731477,Au,PRUNED
1200,-582.3244552057394,2026-04-26 15:31:38.675442,2026-04-26 15:31:39.441588,0 days 00:00:00.766146,21.41556389231678,19.85590228014693,1.4860582815099468,Au,COMPLETE
1201,0.0,2026-04-26 15:31:38.770321,2026-04-26 15:31:39.338925,0 days 00:00:00.568604,20.11171461927932,19.92657169898791,1.8458949551627961,Au,PRUNED
1202,0.0,2026-04-26 15:31:38.822440,2026-04-26 15:31:39.340924,0 days 00:00:00.518484,23.635431527271503,19.671806467463263,1.9869620430501003,Au,PRUNED
1203,0.0,2026-04-26 15:31:38.900748,2026-04-26 15:31:39.561051,0 days 00:00:00.660303,34.730784372533414,19.782510575028365,1.943999117841044,Au,PRUNED
1204,-4.761904761904122,2026-04-26 15:31:39.058077,2026-04-26 15:31:39.702517,0 days 00:00:00.644440,22.787221771323132,19.950497057468404,1.4235847941930193,Au,PRUNED
1205,-4.464285714285152,2026-04-26 15:31:39.085893,2026-04-26 15:31:39.923032,0 days 00:00:00.837139,22.694250424644544,19.755513930056356,1.9950315643847365,Au,PRUNED
1206,0.0,2026-04-26 15:31:39.151253,2026-04-26 15:31:40.002609,0 days 00:00:00.851356,36.0532824834951,17.005224111854865,1.6816466268435575,Au,PRUNED
1207,0.0,2026-04-26 15:31:39.437425,2026-04-26 15:31:40.169618,0 days 00:00:00.732193,34.78158860142382,19.60341747360519,1.3949379299040945,Au,PRUNED
1208,0.0,2026-04-26 15:31:39.516590,2026-04-26 15:31:40.085102,0 days 00:00:00.568512,34.07278537211413,17.63894505171702,1.3931834947664468,Au,PRUNED
1209,-1.0660980810234213,2026-04-26 15:31:39.537921,2026-04-26 15:31:40.195502,0 days 00:00:00.657581,20.220767018300677,19.551095196618775,1.5122482824759969,Ag,PRUNED
1210,-3.1055900621117445,2026-04-26 15:31:39.659273,2026-04-26 15:31:40.295320,0 days 00:00:00.636047,88.96063781171439,15.519313778422681,1.33043122537177,Ag,PRUNED
1211,0.0,2026-04-26 15:31:39.688193,2026-04-26 15:31:40.296320,0 days 00:00:00.608127,36.86658501881979,19.396360026242718,1.4626687102955973,Au,PRUNED
1212,0.0,2026-04-26 15:31:39.747563,2026-04-26 15:31:40.297321,0 days 00:00:00.549758,21.07275947829171,18.97278333246051,1.4406366414159713,Au,PRUNED
1213,0.0,2026-04-26 15:31:40.050753,2026-04-26 15:31:40.900016,0 days 00:00:00.849263,20.48581612927496,19.867238598630124,1.5055162806455495,Au,PRUNED
1214,0.0,2026-04-26 15:31:40.088217,2026-04-26 15:31:40.915178,0 days 00:00:00.826961,32.557461458885655,18.020147715935067,1.3831092444263966,Au,PRUNED
1215,-8.928571428570304,2026-04-26 15:31:40.219835,2026-04-26 15:31:40.763026,0 days 00:00:00.543191,22.53470871254558,19.51346820725744,1.4521863341588264,Au,PRUNED
1216,0.0,2026-04-26 15:31:40.233534,2026-04-26 15:31:41.139096,0 days 00:00:00.905562,20.838906705353352,18.98278997048641,1.3288575663558448,Au,PRUNED
1217,0.0,2026-04-26 15:31:40.267390,2026-04-26 15:31:40.805155,0 days 00:00:00.537765,31.673029317237592,19.838219824467448,1.4307249377679279,Au,PRUNED
1218,0.0,2026-04-26 15:31:40.406366,2026-04-26 15:31:41.197056,0 days 00:00:00.790690,33.26234183828279,19.18207724983808,1.4143887697796445,Au,PRUNED
1219,-538.7847446670359,2026-04-26 15:31:40.436202,2026-04-26 15:31:41.183539,0 days 00:00:00.747337,21.118836455240977,19.96088463054451,1.1067613156583735,Au,COMPLETE
1220,0.0,2026-04-26 15:31:40.450796,2026-04-26 15:31:41.228738,0 days 00:00:00.777942,38.87955521746858,19.537189191714234,1.4262672941586576,Au,PRUNED
1221,0.0,2026-04-26 15:31:40.853327,2026-04-26 15:31:41.768350,0 days 00:00:00.915023,20.110568373342186,19.97654859372753,1.59284867147695,Au,PRUNED
1222,0.0,2026-04-26 15:31:40.980690,2026-04-26 15:31:41.598752,0 days 00:00:00.618062,29.750528575620095,19.931775089038762,1.2031904819699886,Au,PRUNED
1223,0.0,2026-04-26 15:31:41.043492,2026-04-26 15:31:41.766318,0 days 00:00:00.722826,20.12063859669869,19.21340367586029,1.3606656402996986,Au,PRUNED
1224,0.0,2026-04-26 15:31:41.058779,2026-04-26 15:31:41.647991,0 days 00:00:00.589212,20.566514830138473,19.289467540783452,1.297721252545937,Au,PRUNED
1225,-1.7421602787456147,2026-04-26 15:31:41.222292,2026-04-26 15:31:41.715876,0 days 00:00:00.493584,109.9066433779758,5.513355335585155,1.7899790736823513,Cu,PRUNED
1226,0.0,2026-04-26 15:31:41.236389,2026-04-26 15:31:41.982610,0 days 00:00:00.746221,20.423308912772097,19.59685303503599,1.360099065817397,Au,PRUNED
1227,0.0,2026-04-26 15:31:41.350888,2026-04-26 15:31:41.919052,0 days 00:00:00.568164,20.013218727303787,19.659684211900938,0.9541289401174172,Au,PRUNED
1228,0.0,2026-04-26 15:31:41.373851,2026-04-26 15:31:42.185810,0 days 00:00:00.811959,20.446474284754096,19.946928956154306,1.4973759451281374,Au,PRUNED
1229,0.0,2026-04-26 15:31:41.651500,2026-04-26 15:31:42.483705,0 days 00:00:00.832205,34.31684234548516,17.08298144616619,1.6123979887635478,Au,PRUNED
1230,-10.20408163265208,2026-04-26 15:31:41.780929,2026-04-26 15:31:42.420618,0 days 00:00:00.639689,22.675594451867962,19.15391717521314,1.7547844988649979,Cu,PRUNED
1231,-7.518796992480405,2026-04-26 15:31:41.858819,2026-04-26 15:31:42.485209,0 days 00:00:00.626390,25.443865824355903,19.99076385201639,1.4548576950350327,Cu,PRUNED
1232,-17.857142857139866,2026-04-26 15:31:41.822294,2026-04-26 15:31:42.655838,0 days 00:00:00.833544,49.198808855725524,9.939177906539658,1.5356099685492806,Ag,PRUNED
1233,0.0,2026-04-26 15:31:41.944766,2026-04-26 15:31:42.654840,0 days 00:00:00.710074,36.34872972617556,19.88294623598692,1.6741875021077937,Au,PRUNED
1234,0.0,2026-04-26 15:31:42.002487,2026-04-26 15:31:42.613709,0 days 00:00:00.611222,43.42663106188557,19.85146946749073,1.6820843302917454,Au,PRUNED
1235,3.2467532467529483,2026-04-26 15:31:42.032362,2026-04-26 15:31:42.814661,0 days 00:00:00.782299,51.468466048172246,19.202097252986526,1.3047459830969577,Ag,PRUNED
1236,0.0,2026-04-26 15:31:42.314485,2026-04-26 15:31:42.996292,0 days 00:00:00.681807,34.819820263561326,19.53756717178612,0.8491734932586555,Au,PRUNED
1237,0.0,2026-04-26 15:31:42.462332,2026-04-26 15:31:43.106982,0 days 00:00:00.644650,33.51153305173678,19.707125637825957,0.8903267658293859,Au,PRUNED
1238,0.0,2026-04-26 15:31:42.558583,2026-04-26 15:31:43.416424,0 days 00:00:00.857841,21.040461178226096,19.612994892959804,1.1944459842667103,Au,PRUNED
1239,-4.081632653060987,2026-04-26 15:31:42.625285,2026-04-26 15:31:43.431736,0 days 00:00:00.806451,25.333188401313336,8.671704947071103,0.9776875132554594,Cu,PRUNED
1240,0.0,2026-04-26 15:31:42.738087,2026-04-26 15:31:43.446477,0 days 00:00:00.708390,36.29056242950094,17.363970080686883,1.889757232559732,Au,PRUNED
1241,0.0,2026-04-26 15:31:42.826483,2026-04-26 15:31:43.290961,0 days 00:00:00.464478,44.66367575510135,19.614766342263415,1.137151779772851,Au,PRUNED
1242,7.936507936507047,2026-04-26 15:31:42.851128,2026-04-26 15:31:43.709313,0 days 00:00:00.858185,29.463006726592525,17.398036792526522,1.223124624017117,Au,PRUNED
1243,0.0,2026-04-26 15:31:42.888590,2026-04-26 15:31:43.495209,0 days 00:00:00.606619,34.7294652765936,19.935282860598004,1.2500943183727713,Au,PRUNED
1244,0.0,2026-04-26 15:31:43.080720,2026-04-26 15:31:43.760958,0 days 00:00:00.680238,20.09896786061837,19.982307746835033,1.5831093821288182,Au,PRUNED
1245,0.0,2026-04-26 15:31:43.206556,2026-04-26 15:31:43.680379,0 days 00:00:00.473823,20.949650768224057,16.966958754761887,1.3697862048105178,Au,PRUNED
1246,0.0,2026-04-26 15:31:43.347776,2026-04-26 15:31:44.353600,0 days 00:00:01.005824,20.081983665067867,19.776242979811702,1.851339169358986,Au,PRUNED
1247,0.0,2026-04-26 15:31:43.571189,2026-04-26 15:31:44.075085,0 days 00:00:00.503896,34.1825330104584,19.881937452408536,1.2137842389189901,Au,PRUNED
1248,0.0,2026-04-26 15:31:43.571189,2026-04-26 15:31:44.075085,0 days 00:00:00.503896,20.29775510255449,16.90944984073748,1.7143453685692758,Au,PRUNED
1249,0.0,2026-04-26 15:31:43.612478,2026-04-26 15:31:44.231455,0 days 00:00:00.618977,40.050113598418015,17.153074450201355,1.7940082473010686,Au,PRUNED
1250,0.0,2026-04-26 15:31:43.636011,2026-04-26 15:31:44.089691,0 days 00:00:00.453680,36.336195067621894,16.239558806751553,1.6838657392124339,Au,PRUNED
1251,0.0,2026-04-26 15:31:43.822270,2026-04-26 15:31:44.428135,0 days 00:00:00.605865,20.43159600855121,16.430153728058315,1.6127284206127181,Au,PRUNED
1252,0.0,2026-04-26 15:31:43.842242,2026-04-26 15:31:44.492897,0 days 00:00:00.650655,20.46718092147424,16.61432272836887,1.6031500035182389,Au,PRUNED
1253,0.0,2026-04-26 15:31:43.875401,2026-04-26 15:31:44.616480,0 days 00:00:00.741079,20.38914609291945,16.594293017875234,1.7989188579616298,Au,PRUNED
1254,0.0,2026-04-26 15:31:44.202488,2026-04-26 15:31:44.857330,0 days 00:00:00.654842,21.086525160915706,17.26557824479221,1.218717991537702,Au,PRUNED
1255,0.0,2026-04-26 15:31:44.258101,2026-04-26 15:31:44.827883,0 days 00:00:00.569782,37.25464160368411,19.809567341522616,1.6757783765632708,Au,PRUNED
1256,0.0,2026-04-26 15:31:44.259677,2026-04-26 15:31:44.976957,0 days 00:00:00.717280,32.98505663481535,19.947784438730487,1.5596668847404136,Au,PRUNED
1257,0.0,2026-04-26 15:31:44.299364,2026-04-26 15:31:44.755360,0 days 00:00:00.455996,20.108702574995604,19.9062033571516,1.4528292732494141,Au,PRUNED
1258,0.0,2026-04-26 15:31:44.405954,2026-04-26 15:31:44.885734,0 days 00:00:00.479780,32.55449899370301,17.413537201088186,1.9867765080745192,Au,PRUNED
1259,0.0,2026-04-26 15:31:44.493896,2026-04-26 15:31:45.329049,0 days 00:00:00.835153,33.77299435169428,16.922195120085096,1.9761302810917951,Au,PRUNED
1260,0.0,2026-04-26 15:31:44.542934,2026-04-26 15:31:45.219288,0 days 00:00:00.676354,20.641752065327495,19.89125124118702,1.0241371404575048,Au,PRUNED
1261,0.0,2026-04-26 15:31:44.670311,2026-04-26 15:31:45.304423,0 days 00:00:00.634112,36.22625560801154,19.887297556615675,1.7893799736534255,Au,PRUNED
1262,-311.66180758015366,2026-04-26 15:31:44.892385,2026-04-26 15:31:45.362656,0 days 00:00:00.470271,20.88651862037515,19.412341474627834,1.9833467422099447,Cu,COMPLETE
1263,0.0,2026-04-26 15:31:44.892385,2026-04-26 15:31:45.649847,0 days 00:00:00.757462,20.611767925155245,19.383736542068345,1.7195863595425194,Au,PRUNED
1264,-577.9532967032268,2026-04-26 15:31:44.978971,2026-04-26 15:31:45.618743,0 days 00:00:00.639772,21.147300721968705,19.98324225530298,1.5274879883445067,Au,COMPLETE
1265,0.0,2026-04-26 15:31:45.024461,2026-04-26 15:31:45.751173,0 days 00:00:00.726712,20.156921085830398,19.503833334705842,1.726696712325618,Au,PRUNED
1266,0.0,2026-04-26 15:31:45.050817,2026-04-26 15:31:45.771345,0 days 00:00:00.720528,38.931152219052464,16.486407107143283,1.925048247377739,Au,PRUNED
1267,-12.987012987011793,2026-04-26 15:31:45.281453,2026-04-26 15:31:46.051511,0 days 00:00:00.770058,69.58402076039744,4.7767451533197,1.6046715479407683,Cu,PRUNED
1268,141.75824175823726,2026-04-26 15:31:45.362656,2026-04-26 15:31:46.122799,0 days 00:00:00.760143,32.882327719716166,16.603764224422534,1.733151493114114,Au,PRUNED
1269,-11.904761904760573,2026-04-26 15:31:45.477961,2026-04-26 15:31:46.002234,0 days 00:00:00.524273,81.42674135349176,0.9557670713215352,1.6459389051328177,Au,PRUNED
1270,22.85714285714247,2026-04-26 15:31:45.525429,2026-04-26 15:31:46.276052,0 days 00:00:00.750623,114.34384662119093,7.007002214416046,0.25133060133466056,Au,PRUNED
1271,142.8571428571383,2026-04-26 15:31:45.808845,2026-04-26 15:31:46.400035,0 days 00:00:00.591190,31.649085785819974,16.675592399762333,1.7239593508596567,Au,PRUNED
1272,-1.1806375442738872,2026-04-26 15:31:45.832928,2026-04-26 15:31:46.483580,0 days 00:00:00.650652,106.80139239605975,5.0362622329277675,1.8096285376503474,Ag,PRUNED
1273,0.0,2026-04-26 15:31:45.844608,2026-04-26 15:31:46.507983,0 days 00:00:00.663375,20.361620749658712,19.533950796294413,1.6001088576083324,Au,PRUNED
1274,-547.401111474275,2026-04-26 15:31:45.911037,2026-04-26 15:31:46.609745,0 days 00:00:00.698708,20.87025894911044,19.637559614608584,1.7702484676661205,Au,COMPLETE
1275,0.0,2026-04-26 15:31:46.078881,2026-04-26 15:31:46.651616,0 days 00:00:00.572735,36.656664338641335,19.967758492849338,1.910776993126352,Au,PRUNED
1276,0.0,2026-04-26 15:31:46.096491,2026-04-26 15:31:46.661086,0 days 00:00:00.564595,38.66336674208571,16.85954857716886,1.73838723848104,Au,PRUNED
1277,0.0,2026-04-26 15:31:46.235554,2026-04-26 15:31:46.909714,0 days 00:00:00.674160,20.031353233190195,17.352065905993772,1.7408110030088535,Au,PRUNED
1278,0.0,2026-04-26 15:31:46.397949,2026-04-26 15:31:47.133217,0 days 00:00:00.735268,35.86568902534214,17.05307860825043,1.9719452342798482,Au,PRUNED
1279,145.05494505494045,2026-04-26 15:31:46.483580,2026-04-26 15:31:47.008237,0 days 00:00:00.524657,25.802385214098443,19.96480002932156,1.880547895285743,Au,PRUNED
1280,0.0,2026-04-26 15:31:46.572886,2026-04-26 15:31:47.008237,0 days 00:00:00.435351,30.065502653406597,19.81134043106477,1.8287808281031792,Au,PRUNED
1281,-8.928571428570304,2026-04-26 15:31:46.704734,2026-04-26 15:31:47.372672,0 days 00:00:00.667938,21.712195705882074,19.758205205206966,1.7286777877437878,Au,PRUNED
1282,0.0,2026-04-26 15:31:46.724617,2026-04-26 15:31:47.320566,0 days 00:00:00.595949,21.10315991663333,17.09950894101675,1.832817075936635,Au,PRUNED
1283,0.0,2026-04-26 15:31:46.744348,2026-04-26 15:31:47.396234,0 days 00:00:00.651886,36.126763626800916,19.503211455396126,1.8853299867380238,Au,PRUNED
1284,0.0,2026-04-26 15:31:46.792616,2026-04-26 15:31:47.614597,0 days 00:00:00.821981,20.73585558352818,19.208161835447143,1.6943878175296085,Au,PRUNED
1285,-0.5952380952380847,2026-04-26 15:31:46.944547,2026-04-26 15:31:47.661307,0 days 00:00:00.716760,85.21060223180262,14.87430219578441,0.9680408629034851,Au,PRUNED
1286,-563.7156270958426,2026-04-26 15:31:47.096042,2026-04-26 15:31:47.771184,0 days 00:00:00.675142,20.908351488431144,19.629813106095444,1.9531672097229278,Au,COMPLETE
1287,0.0,2026-04-26 15:31:47.136255,2026-04-26 15:31:47.851592,0 days 00:00:00.715337,33.84499108381985,17.005440655777218,1.6552982671782446,Au,PRUNED
1288,0.0,2026-04-26 15:31:47.231195,2026-04-26 15:31:47.850591,0 days 00:00:00.619396,21.072265575120554,16.96196986767528,1.6536728898950697,Au,PRUNED
1289,0.0,2026-04-26 15:31:47.462680,2026-04-26 15:31:48.042632,0 days 00:00:00.579952,20.987933827221855,16.632221023928864,1.9944277544050715,Au,PRUNED
1290,3.7593984962402023,2026-04-26 15:31:47.511063,2026-04-26 15:31:48.205950,0 days 00:00:00.694887,29.9987405637459,16.505304553832687,1.4361490546232205,Au,PRUNED
1291,0.0,2026-04-26 15:31:47.595980,2026-04-26 15:31:48.251459,0 days 00:00:00.655479,36.94055574220043,19.80070245540863,1.7390098426241174,Au,PRUNED
1292,-1.1806375442738872,2026-04-26 15:31:47.816713,2026-04-26 15:31:48.333109,0 days 00:00:00.516396,54.895061638980074,19.74590973753815,1.4032957357848075,Cu,PRUNED
1293,-522.7629513343226,2026-04-26 15:31:47.835110,2026-04-26 15:31:48.334912,0 days 00:00:00.499802,20.78179063951065,19.375035040976584,1.7944927490008644,Au,COMPLETE
1294,-1.050420168067195,2026-04-26 15:31:47.914645,2026-04-26 15:31:48.494682,0 days 00:00:00.580037,25.086275482368443,5.769024532406851,0.29056107843725576,Au,PRUNED
1295,0.0,2026-04-26 15:31:47.945352,2026-04-26 15:31:48.740297,0 days 00:00:00.794945,27.633060696205884,19.92081616547739,1.6179721129117115,Au,PRUNED
1296,-4.3290043290040625,2026-04-26 15:31:48.054836,2026-04-26 15:31:48.666109,0 days 00:00:00.611273,29.020208694351965,7.063837504859305,0.8941418156840726,Au,PRUNED
1297,0.0,2026-04-26 15:31:48.119507,2026-04-26 15:31:48.741804,0 days 00:00:00.622297,31.867998682551143,19.804704983525788,1.610561285941795,Au,PRUNED
1298,0.0,2026-04-26 15:31:48.280120,2026-04-26 15:31:48.849358,0 days 00:00:00.569238,35.68342294431122,17.72115531692451,1.6950158240406998,Au,PRUNED
1299,0.0,2026-04-26 15:31:48.327996,2026-04-26 15:31:48.984421,0 days 00:00:00.656425,20.74313951166376,19.44483284890675,1.6167504454434687,Au,PRUNED
1300,0.0,2026-04-26 15:31:48.545018,2026-04-26 15:31:49.205974,0 days 00:00:00.660956,20.139860988867635,19.206549882065747,1.6935698148846474,Au,PRUNED
1301,0.0,2026-04-26 15:31:48.586852,2026-04-26 15:31:49.067195,0 days 00:00:00.480343,97.8863959093517,18.5838496637394,0.6679430011891615,Cu,PRUNED
1302,-261.6268297201977,2026-04-26 15:31:48.785353,2026-04-26 15:31:49.440061,0 days 00:00:00.654708,22.322595739889355,19.20759803312471,1.8738412450596806,Ag,COMPLETE
1303,0.0,2026-04-26 15:31:48.818253,2026-04-26 15:31:49.439053,0 days 00:00:00.620800,41.4522796733839,19.95017128541775,1.3296311434685892,Au,PRUNED
1304,0.0,2026-04-26 15:31:48.852430,2026-04-26 15:31:49.440061,0 days 00:00:00.587631,20.63331999169735,19.33540789772593,1.7434675266824338,Au,PRUNED
1305,-9.852216748767784,2026-04-26 15:31:48.915765,2026-04-26 15:31:49.501690,0 days 00:00:00.585925,27.90689435003671,18.273029251138457,1.6425054971398125,Ag,PRUNED
1306,0.0,2026-04-26 15:31:49.064122,2026-04-26 15:31:49.595400,0 days 00:00:00.531278,40.821461598544914,19.482470429016356,1.955724445470874,Au,PRUNED
1307,-1.0660980810234213,2026-04-26 15:31:49.050112,2026-04-26 15:31:49.786144,0 days 00:00:00.736032,21.51451327278688,18.30395526232396,1.7291390803147622,Ag,PRUNED
1308,0.0,2026-04-26 15:31:49.127872,2026-04-26 15:31:49.725487,0 days 00:00:00.597615,59.384327078745315,18.801204681452386,1.8557751392232833,Au,PRUNED
1309,-11.904761904760573,2026-04-26 15:31:49.289210,2026-04-26 15:31:50.078776,0 days 00:00:00.789566,21.69024221176138,18.802010858412814,1.9714223405410576,Au,PRUNED
1310,0.0,2026-04-26 15:31:49.580714,2026-04-26 15:31:50.190279,0 days 00:00:00.609565,34.19065282916603,17.324140104875365,1.4221616080612416,Au,PRUNED
1311,0.0,2026-04-26 15:31:49.614374,2026-04-26 15:31:50.529552,0 days 00:00:00.915178,27.462015209920988,19.831103011926967,1.925465445533898,Au,PRUNED
1312,0.0,2026-04-26 15:31:49.665852,2026-04-26 15:31:50.268429,0 days 00:00:00.602577,20.7137357872286,16.920177831644363,1.52641722821293,Au,PRUNED
1313,0.0,2026-04-26 15:31:49.695296,2026-04-26 15:31:50.325399,0 days 00:00:00.630103,32.39702515804551,19.76294976405742,1.7211415081530435,Au,PRUNED
1314,-8.928571428570304,2026-04-26 15:31:49.726671,2026-04-26 15:31:50.427818,0 days 00:00:00.701147,21.58084698415934,19.86536216321336,1.9746122323946975,Au,PRUNED
1315,0.0,2026-04-26 15:31:49.894749,2026-04-26 15:31:50.791686,0 days 00:00:00.896937,20.071672039608647,19.89180887808685,1.987117002823355,Ag,PRUNED
1316,0.0,2026-04-26 15:31:49.925497,2026-04-26 15:31:50.648653,0 days 00:00:00.723156,23.261530584757438,19.831839224095585,1.8128724250109887,Au,PRUNED
1317,0.0,2026-04-26 15:31:50.163747,2026-04-26 15:31:50.904996,0 days 00:00:00.741249,31.250590438272297,19.678958204747957,1.997363979243692,Au,PRUNED
1318,-4.464285714285152,2026-04-26 15:31:50.297913,2026-04-26 15:31:50.848071,0 days 00:00:00.550158,22.31664815762673,19.764221357053312,1.9382894735203713,Au,PRUNED
1319,0.0,2026-04-26 15:31:50.357299,2026-04-26 15:31:51.230816,0 days 00:00:00.873517,45.90324805603925,19.988523776944184,1.6664653373134122,Au,PRUNED
1320,0.0,2026-04-26 15:31:50.360309,2026-04-26 15:31:51.054607,0 days 00:00:00.694298,32.13011755721831,19.928713001975478,1.9936067051934945,Au,PRUNED
1321,0.0,2026-04-26 15:31:50.506415,2026-04-26 15:31:51.304145,0 days 00:00:00.797730,20.333314154767816,19.825230122352277,1.7305517627593474,Au,PRUNED
1322,0.0,2026-04-26 15:31:50.599862,2026-04-26 15:31:51.229816,0 days 00:00:00.629954,37.63666795659941,19.831102313487502,1.3353287682984472,Au,PRUNED
1323,139.56043956043513,2026-04-26 15:31:50.758543,2026-04-26 15:31:51.411227,0 days 00:00:00.652684,34.91940573483,16.626312585578336,1.489753104143224,Au,PRUNED
1324,-9.523809523808245,2026-04-26 15:31:50.869702,2026-04-26 15:31:51.753515,0 days 00:00:00.883813,22.93836241874713,19.859629789214797,1.3377521218518746,Au,PRUNED
1325,0.0,2026-04-26 15:31:50.938123,2026-04-26 15:31:51.525203,0 days 00:00:00.587080,20.035196373313028,19.754923640285003,1.6599887712493873,Au,PRUNED
1326,0.0,2026-04-26 15:31:51.012610,2026-04-26 15:31:51.741543,0 days 00:00:00.728933,38.53227257356666,19.81364863953161,1.680581751198837,Au,PRUNED
1327,0.0,2026-04-26 15:31:51.154027,2026-04-26 15:31:51.805808,0 days 00:00:00.651781,20.464648790819716,19.87858064937208,1.2895231648070993,Au,PRUNED
1328,-13.60544217686944,2026-04-26 15:31:51.346597,2026-04-26 15:31:52.008472,0 days 00:00:00.661875,45.80357923405186,5.489280074496929,1.070497032383356,Cu,PRUNED
1329,-0.6105006105005994,2026-04-26 15:31:51.371269,2026-04-26 15:31:52.399726,0 days 00:00:01.028457,72.4662874929989,18.037325844736444,0.7275058010056653,Au,PRUNED
1330,0.0,2026-04-26 15:31:51.442596,2026-04-26 15:31:52.120928,0 days 00:00:00.678332,20.427781700225736,17.37097125835257,1.3425880492764457,Au,PRUNED
1331,0.0,2026-04-26 15:31:51.527991,2026-04-26 15:31:52.382654,0 days 00:00:00.854663,20.069821083533796,17.33520238524711,1.4011006394188106,Au,PRUNED
1332,0.0,2026-04-26 15:31:51.605323,2026-04-26 15:31:52.557015,0 days 00:00:00.951692,20.540897272600496,16.262752415690482,1.3396319383980377,Au,PRUNED
1333,3.7593984962402023,2026-04-26 15:31:51.856172,2026-04-26 15:31:52.586631,0 days 00:00:00.730459,30.727649684152006,16.54689527011446,1.2497705909234964,Au,PRUNED
1334,0.0,2026-04-26 15:31:51.806816,2026-04-26 15:31:52.616004,0 days 00:00:00.809188,31.340186279952434,19.96851812775831,1.6931550672708187,Au,PRUNED
1335,0.0,2026-04-26 15:31:51.917196,2026-04-26 15:31:52.675160,0 days 00:00:00.757964,31.96308392591739,19.99087466590012,1.9380495739635204,Au,PRUNED
1336,0.0,2026-04-26 15:31:52.124431,2026-04-26 15:31:53.226459,0 days 00:00:01.102028,20.677168399203786,16.275708649687488,1.7220209552030898,Au,PRUNED
1337,0.0,2026-04-26 15:31:52.247346,2026-04-26 15:31:52.990919,0 days 00:00:00.743573,20.302957939829714,19.865572880459602,1.642921611452614,Au,PRUNED
1338,-570.4105870375973,2026-04-26 15:31:52.452244,2026-04-26 15:31:53.260547,0 days 00:00:00.808303,21.33084611683367,19.789783796428054,1.515479819976529,Au,COMPLETE
1339,-550.9031198685731,2026-04-26 15:31:52.463705,2026-04-26 15:31:53.069610,0 days 00:00:00.605905,21.307676200430034,19.183500688190506,1.9691591362896361,Au,COMPLETE
1340,-8.928571428570304,2026-04-26 15:31:52.655995,2026-04-26 15:31:53.444555,0 days 00:00:00.788560,22.130172044406564,19.624495310777622,1.9620337596608672,Au,PRUNED
1341,0.0,2026-04-26 15:31:52.676702,2026-04-26 15:31:53.259547,0 days 00:00:00.582845,20.624015974246227,17.268419846164875,1.887070511945836,Au,PRUNED
1342,-561.7263298761463,2026-04-26 15:31:52.732559,2026-04-26 15:31:53.323832,0 days 00:00:00.591273,20.402611935070155,19.958324450238507,1.9680524474737147,Au,COMPLETE
1343,-4.761904761904122,2026-04-26 15:31:52.772037,2026-04-26 15:31:53.428785,0 days 00:00:00.656748,22.84584524539193,19.984529118301836,1.4403537759844596,Au,PRUNED
1344,-503.33636639363715,2026-04-26 15:31:53.068562,2026-04-26 15:31:53.710560,0 days 00:00:00.641998,21.599918232493753,18.390709874872588,1.9537890715216337,Au,COMPLETE
1345,0.0,2026-04-26 15:31:53.352693,2026-04-26 15:31:53.879623,0 days 00:00:00.526930,34.49495479817642,17.263638337021963,1.7722579729352037,Au,PRUNED
1346,0.0,2026-04-26 15:31:53.369460,2026-04-26 15:31:53.836000,0 days 00:00:00.466540,35.09576779242503,17.116151453112174,1.8792709116823958,Au,PRUNED
1347,0.0,2026-04-26 15:31:53.421496,2026-04-26 15:31:54.023929,0 days 00:00:00.602433,39.99779334835222,16.925991861914532,1.9768465496575633,Au,PRUNED
1348,7.142857142856422,2026-04-26 15:31:53.452378,2026-04-26 15:31:54.066407,0 days 00:00:00.614029,29.130236801392027,17.354489245772093,1.9737032512124566,Au,PRUNED
1349,0.0,2026-04-26 15:31:53.510162,2026-04-26 15:31:54.347166,0 days 00:00:00.837004,44.396684206383455,19.96056163972129,1.9187857881678725,Au,PRUNED
1350,-4.464285714285152,2026-04-26 15:31:53.530771,2026-04-26 15:31:54.158212,0 days 00:00:00.627441,22.506992198414498,19.811916791376493,1.8640347018150898,Au,PRUNED
1351,-4.464285714285152,2026-04-26 15:31:53.539708,2026-04-26 15:31:54.392845,0 days 00:00:00.853137,22.27415678139662,19.98482186152937,1.9273482834898472,Au,PRUNED
1352,0.0,2026-04-26 15:31:53.879623,2026-04-26 15:31:54.609880,0 days 00:00:00.730257,21.105647762237183,17.275797746613208,1.993192171123646,Au,PRUNED
1353,37.87878787878727,2026-04-26 15:31:53.948215,2026-04-26 15:31:54.641520,0 days 00:00:00.693305,64.60201366357221,14.271894927480535,1.5026847371106593,Cu,PRUNED
1354,0.0,2026-04-26 15:31:53.976750,2026-04-26 15:31:54.671003,0 days 00:00:00.694253,20.09280004712559,16.78114659323044,1.637950627460802,Au,PRUNED
1355,-555.6844547563153,2026-04-26 15:31:54.128482,2026-04-26 15:31:54.906413,0 days 00:00:00.777931,20.96995885990576,19.80013551126674,1.6180749643307042,Au,COMPLETE
1356,0.0,2026-04-26 15:31:54.179313,2026-04-26 15:31:54.920592,0 days 00:00:00.741279,43.589075730005554,19.258400262207875,1.9634644159524417,Au,PRUNED
1357,0.0,2026-04-26 15:31:54.242946,2026-04-26 15:31:54.905405,0 days 00:00:00.662459,27.580768605678134,19.890948978435453,1.9311127377487387,Au,PRUNED
1358,0.0,2026-04-26 15:31:54.407569,2026-04-26 15:31:55.044312,0 days 00:00:00.636743,37.8344511153838,19.909433548286692,1.956860433941687,Au,PRUNED
1359,0.0,2026-04-26 15:31:54.472009,2026-04-26 15:31:55.449285,0 days 00:00:00.977276,20.094375617879834,16.40493047219705,1.9836174730626102,Au,PRUNED
1360,0.0,2026-04-26 15:31:54.669440,2026-04-26 15:31:55.510831,0 days 00:00:00.841391,20.26338569103007,19.562583173726612,1.7578532826161175,Au,PRUNED
1361,-480.17492711365287,2026-04-26 15:31:54.802222,2026-04-26 15:31:55.792073,0 days 00:00:00.989851,22.16902137956343,17.62000484498148,1.9569318002057705,Au,COMPLETE
1362,0.0,2026-04-26 15:31:54.834054,2026-04-26 15:31:55.418949,0 days 00:00:00.584895,37.03807907067812,19.86626490562016,1.9545392782080209,Au,PRUNED
1363,147.25274725274258,2026-04-26 15:31:55.003353,2026-04-26 15:31:55.668309,0 days 00:00:00.664956,24.945776183702538,19.859593688704738,1.9794101045822605,Au,PRUNED
1364,0.0,2026-04-26 15:31:55.059821,2026-04-26 15:31:55.698744,0 days 00:00:00.638923,36.57963056418948,19.98358923432439,1.816040479832625,Au,PRUNED
1365,0.0,2026-04-26 15:31:55.139206,2026-04-26 15:31:55.697174,0 days 00:00:00.557968,21.55016554984071,16.630048451216275,1.7439859761790482,Au,PRUNED
1366,0.0,2026-04-26 15:31:55.241796,2026-04-26 15:31:56.100847,0 days 00:00:00.859051,20.650478463274677,17.530388443404767,1.6887404855016235,Au,PRUNED
1367,-524.0717432346802,2026-04-26 15:31:55.621542,2026-04-26 15:31:56.241925,0 days 00:00:00.620383,20.85661133715045,19.45178155656708,1.684898605965991,Au,COMPLETE
1368,-589.0674118057258,2026-04-26 15:31:55.620820,2026-04-26 15:31:56.397615,0 days 00:00:00.776795,21.061682641950377,19.906117587588405,1.7913280608407602,Au,COMPLETE
1369,136.26373626373194,2026-04-26 15:31:55.739258,2026-04-26 15:31:56.453304,0 days 00:00:00.714046,37.170619407063505,18.801677822176085,1.952558336716252,Cu,PRUNED
1370,-13.392857142855457,2026-04-26 15:31:55.792073,2026-04-26 15:31:56.543211,0 days 00:00:00.751138,56.12496804205572,0.6773343251904258,1.9985210331802081,Cu,PRUNED
1371,4.2016806722684095,2026-04-26 15:31:55.826616,2026-04-26 15:31:56.411578,0 days 00:00:00.584962,24.053667985526868,19.586338132369693,1.9864243201222345,Au,PRUNED
1372,-8.928571428570304,2026-04-26 15:31:55.891633,2026-04-26 15:31:56.542210,0 days 00:00:00.650577,21.206651013496245,19.914018230759954,1.9633429868233916,Au,PRUNED
1373,0.0,2026-04-26 15:31:55.998515,2026-04-26 15:31:56.569534,0 days 00:00:00.571019,30.894312705294734,19.83390858651437,1.9752899154904733,Au,PRUNED
1374,-543.6688311687689,2026-04-26 15:31:56.167635,2026-04-26 15:31:56.938177,0 days 00:00:00.770542,21.0651424943031,19.28638250261878,1.9540803207824413,Au,COMPLETE
1375,0.0,2026-04-26 15:31:56.477954,2026-04-26 15:31:57.296143,0 days 00:00:00.818189,20.053947150167378,15.91250735971164,1.7266630263813638,Au,PRUNED
1376,-546.1513372471652,2026-04-26 15:31:56.507498,2026-04-26 15:31:57.014681,0 days 00:00:00.507183,20.607567566193694,19.60847021104739,1.9936055807918702,Au,COMPLETE
1377,0.0,2026-04-26 15:31:56.601313,2026-04-26 15:31:57.277327,0 days 00:00:00.676014,20.08953700428916,17.207587889446412,1.7359436049747132,Cu,PRUNED
1378,-23.8095238095185,2026-04-26 15:31:56.625930,2026-04-26 15:31:57.386153,0 days 00:00:00.760223,56.99423652402663,9.555378393744924,0.8954529735839862,Ag,PRUNED
1379,146.1538461538415,2026-04-26 15:31:56.633263,2026-04-26 15:31:57.521617,0 days 00:00:00.888354,25.165531700311973,19.92075585776728,1.9581889741443133,Au,PRUNED
1380,7.518796992480405,2026-04-26 15:31:56.736443,2026-04-26 15:31:57.210173,0 days 00:00:00.473730,29.16460384890562,16.952441305742855,1.9941048625116018,Au,PRUNED
1381,0.0,2026-04-26 15:31:56.843812,2026-04-26 15:31:57.368642,0 days 00:00:00.524830,35.998737725625276,16.402679001325826,1.8224603462570896,Au,PRUNED
1382,0.0,2026-04-26 15:31:57.293950,2026-04-26 15:31:58.024311,0 days 00:00:00.730361,34.379693545502775,19.70507369092187,1.6970540190179757,Au,PRUNED
1383,0.0,2026-04-26 15:31:57.339030,2026-04-26 15:31:58.302384,0 days 00:00:00.963354,20.013219198331072,17.942749590335524,1.9454986866114141,Au,PRUNED
1384,0.0,2026-04-26 15:31:57.389735,2026-04-26 15:31:58.333785,0 days 00:00:00.944050,36.87883049926211,19.93274377454013,1.7577403912365028,Au,PRUNED
1385,0.0,2026-04-26 15:31:57.436188,2026-04-26 15:31:58.037003,0 days 00:00:00.600815,37.90652956004469,19.822752223216725,1.7871943241946378,Au,PRUNED
1386,-8.928571428570304,2026-04-26 15:31:57.466193,2026-04-26 15:31:58.055165,0 days 00:00:00.588972,21.604562165136574,19.97767693372447,1.8852849528814193,Au,PRUNED
1387,0.0,2026-04-26 15:31:57.495113,2026-04-26 15:31:58.274687,0 days 00:00:00.779574,103.89559084639515,14.196530731297731,0.9764322567147277,Cu,PRUNED
1388,-11.9047619047611,2026-04-26 15:31:57.556252,2026-04-26 15:31:58.081782,0 days 00:00:00.525530,69.3613295332315,9.216407652613768,1.951680643328758,Cu,PRUNED
1389,0.0,2026-04-26 15:31:57.591892,2026-04-26 15:31:58.258469,0 days 00:00:00.666577,34.64678328195621,17.196447213079107,1.7921474631293042,Au,PRUNED
1390,-22.321428571425763,2026-04-26 15:31:58.118991,2026-04-26 15:31:58.896041,0 days 00:00:00.777050,31.26985668832851,19.897525497085255,1.6909901287882914,Ag,PRUNED
1391,0.0,2026-04-26 15:31:58.149428,2026-04-26 15:31:58.849637,0 days 00:00:00.700209,38.23805186746853,19.968151058928797,1.687977903845315,Au,PRUNED
1392,-8.928571428570304,2026-04-26 15:31:58.189095,2026-04-26 15:31:58.687943,0 days 00:00:00.498848,22.16168038051372,19.44640762071185,1.9701125831949193,Au,PRUNED
1393,0.0,2026-04-26 15:31:58.230855,2026-04-26 15:31:58.928435,0 days 00:00:00.697580,34.996565877625784,17.739115691753263,1.9774749746031655,Au,PRUNED
1394,0.0,2026-04-26 15:31:58.382292,2026-04-26 15:31:59.135321,0 days 00:00:00.753029,37.53765743078026,17.822727479978045,1.989440105453374,Au,PRUNED
1395,0.0,2026-04-26 15:31:58.397092,2026-04-26 15:31:59.133816,0 days 00:00:00.736724,22.887824719651405,19.812173597428387,1.9500967773664772,Au,PRUNED
1396,0.0,2026-04-26 15:31:58.417529,2026-04-26 15:31:59.132804,0 days 00:00:00.715275,21.361898805090078,17.14678193357305,1.9629856193927468,Au,PRUNED
1397,0.0,2026-04-26 15:31:58.444337,2026-04-26 15:31:59.269934,0 days 00:00:00.825597,34.8309330607708,16.8709840722735,1.8886291143549725,Au,PRUNED
1398,0.0,2026-04-26 15:31:58.758633,2026-04-26 15:31:59.580188,0 days 00:00:00.821555,34.22147580222391,19.803985655306377,1.7004339211432709,Au,PRUNED
1399,0.0,2026-04-26 15:31:59.014841,2026-04-26 15:31:59.878103,0 days 00:00:00.863262,32.22688400155566,19.815568617027548,1.9920581118500826,Au,PRUNED
1400,0.0,2026-04-26 15:31:59.040141,2026-04-26 15:31:59.753245,0 days 00:00:00.713104,39.44159986244006,19.91882206866748,1.6565311288949551,Au,PRUNED
1401,0.0,2026-04-26 15:31:59.070381,2026-04-26 15:31:59.803513,0 days 00:00:00.733132,20.39741817915925,16.231939238197715,1.8194145563195543,Au,PRUNED
1402,0.0,2026-04-26 15:31:59.320283,2026-04-26 15:31:59.973165,0 days 00:00:00.652882,20.287860927720562,16.261052957237425,1.8886703932124307,Au,PRUNED
1403,0.0,2026-04-26 15:31:59.352049,2026-04-26 15:32:00.049368,0 days 00:00:00.697319,38.498986794395194,17.118624188324997,1.7341872617443859,Au,PRUNED
1404,0.0,2026-04-26 15:31:59.383541,2026-04-26 15:32:00.328097,0 days 00:00:00.944556,36.95479288964131,19.905833820618444,1.8412174965932486,Au,PRUNED
1405,0.0,2026-04-26 15:31:59.374775,2026-04-26 15:32:00.081695,0 days 00:00:00.706920,20.58295284451555,16.651815528758252,1.7989045746669046,Au,PRUNED
1406,0.0,2026-04-26 15:31:59.645126,2026-04-26 15:32:00.376420,0 days 00:00:00.731294,23.51628323087968,19.957743160390386,1.6325213494660662,Au,PRUNED
1407,0.0,2026-04-26 15:31:59.834895,2026-04-26 15:32:00.504679,0 days 00:00:00.669784,33.19563300521044,17.06307797509016,1.966290419589548,Au,PRUNED
1408,0.0,2026-04-26 15:31:59.931566,2026-04-26 15:32:00.645108,0 days 00:00:00.713542,36.200996995306156,17.633759143710652,1.9975526814830848,Au,PRUNED
1409,0.0,2026-04-26 15:31:59.942810,2026-04-26 15:32:00.645108,0 days 00:00:00.702298,36.0746188775589,19.283975517974564,1.6080901037347797,Au,PRUNED
1410,0.0,2026-04-26 15:32:00.008277,2026-04-26 15:32:00.754323,0 days 00:00:00.746046,20.438962452618775,16.90772473794503,1.6971835958614327,Au,PRUNED
1411,0.0,2026-04-26 15:32:00.136231,2026-04-26 15:32:00.905918,0 days 00:00:00.769687,30.884108777090727,19.85219198065537,1.5229047893620211,Au,PRUNED
1412,0.0,2026-04-26 15:32:00.192777,2026-04-26 15:32:00.789953,0 days 00:00:00.597176,20.064972594191026,19.09198643715362,1.8985060167814782,Au,PRUNED
1413,0.0,2026-04-26 15:32:00.507684,2026-04-26 15:32:01.202935,0 days 00:00:00.695251,26.945553983715545,19.951636083277087,1.9675026161215379,Au,PRUNED
1414,0.0,2026-04-26 15:32:00.451051,2026-04-26 15:32:01.354755,0 days 00:00:00.903704,20.33209354385918,19.447867980003554,1.8420985128420229,Au,PRUNED
1415,141.75824175823726,2026-04-26 15:32:00.596760,2026-04-26 15:32:01.158941,0 days 00:00:00.562181,31.986444933518897,17.085257048676837,1.6350689648929377,Au,PRUNED
1416,0.0,2026-04-26 15:32:00.794468,2026-04-26 15:32:01.452823,0 days 00:00:00.658355,40.98303895728253,19.874462647276232,0.9705842110751418,Cu,PRUNED
1417,-544.4191343962935,2026-04-26 15:32:00.867416,2026-04-26 15:32:01.626357,0 days 00:00:00.758941,20.37472015016719,19.836341596471414,1.9086889728965433,Au,COMPLETE
1418,0.0,2026-04-26 15:32:00.840615,2026-04-26 15:32:01.660606,0 days 00:00:00.819991,34.15178143178656,17.217399678800454,1.5746010392177676,Au,PRUNED
1419,-566.7115902964287,2026-04-26 15:32:00.940366,2026-04-26 15:32:01.716330,0 days 00:00:00.775964,21.117634028494678,19.516453791617966,1.943167674748937,Au,COMPLETE
1420,141.75824175823726,2026-04-26 15:32:00.969495,2026-04-26 15:32:01.660606,0 days 00:00:00.691111,32.523343606048044,16.650750380715763,1.6817909117149856,Au,PRUNED
1421,-10.714285714284633,2026-04-26 15:32:01.289275,2026-04-26 15:32:02.060990,0 days 00:00:00.771715,24.31093423134861,19.39333649889159,1.6531580823444778,Cu,PRUNED
1422,0.0,2026-04-26 15:32:01.300528,2026-04-26 15:32:01.976484,0 days 00:00:00.675956,20.176529272604576,19.883138902384594,1.7617378256326885,Au,PRUNED
1423,-7.389162561575839,2026-04-26 15:32:01.471612,2026-04-26 15:32:02.060990,0 days 00:00:00.589378,32.436582797376445,7.494339860129267,0.5197510595221497,Cu,PRUNED
1424,-14.285714285712368,2026-04-26 15:32:01.564899,2026-04-26 15:32:02.359960,0 days 00:00:00.795061,84.45783179941213,8.41154281146912,1.9714021555123555,Ag,PRUNED
1425,-14.28571428571313,2026-04-26 15:32:01.798218,2026-04-26 15:32:02.672443,0 days 00:00:00.874225,36.77321483490189,16.090390643033253,1.8525893872181431,Ag,PRUNED
1426,0.0,2026-04-26 15:32:01.836615,2026-04-26 15:32:02.572557,0 days 00:00:00.735942,20.237597957904285,18.60697630133998,1.8552861668092642,Au,PRUNED
1427,2.1482277121374524,2026-04-26 15:32:01.905971,2026-04-26 15:32:02.612392,0 days 00:00:00.706421,67.88397845102554,19.652767670035516,0.6751849084261091,Ag,PRUNED
1428,0.0,2026-04-26 15:32:02.046415,2026-04-26 15:32:02.739964,0 days 00:00:00.693549,32.64887168478149,17.427557908552615,1.9689894151887695,Au,PRUNED
1429,141.75824175823726,2026-04-26 15:32:02.135204,2026-04-26 15:32:03.011241,0 days 00:00:00.876037,31.202054447540693,17.21566246876121,1.9906462374921359,Au,PRUNED
1430,-11.278195488720607,2026-04-26 15:32:02.154793,2026-04-26 15:32:02.886413,0 days 00:00:00.731620,22.958055264772845,17.313724151552435,1.988783015155118,Au,PRUNED
1431,0.0,2026-04-26 15:32:02.226264,2026-04-26 15:32:03.105444,0 days 00:00:00.879180,21.4571984545017,16.864938549934624,1.712367225618533,Au,PRUNED
1432,0.0,2026-04-26 15:32:02.483690,2026-04-26 15:32:03.138213,0 days 00:00:00.654523,20.549192227061788,19.358667984873467,1.8360112861274074,Au,PRUNED
1433,-553.612669086046,2026-04-26 15:32:02.635213,2026-04-26 15:32:03.216670,0 days 00:00:00.581457,21.055720182556808,19.387956646506726,1.978837036567282,Au,COMPLETE
1434,145.05494505494045,2026-04-26 15:32:02.673953,2026-04-26 15:32:03.362684,0 days 00:00:00.688731,26.471399371285823,19.453577469441854,1.9980356221930202,Au,PRUNED
1435,-13.392857142855457,2026-04-26 15:32:02.741467,2026-04-26 15:32:03.895833,0 days 00:00:01.154366,89.21527993276919,8.129573523492766,1.0424733833540973,Ag,PRUNED
1436,-4.464285714285152,2026-04-26 15:32:02.820354,2026-04-26 15:32:03.529768,0 days 00:00:00.709414,22.457598226200044,19.9923901729458,1.8662098663722173,Au,PRUNED
1437,-543.181818181756,2026-04-26 15:32:02.975463,2026-04-26 15:32:03.680906,0 days 00:00:00.705443,20.542666964328205,19.649555409841764,1.9562290264925264,Au,COMPLETE
1438,0.0,2026-04-26 15:32:03.150991,2026-04-26 15:32:03.822518,0 days 00:00:00.671527,35.68925157716658,17.987403884664545,1.99507732389645,Au,PRUNED
1439,-1.050420168067195,2026-04-26 15:32:03.188108,2026-04-26 15:32:03.850963,0 days 00:00:00.662855,21.347960102237487,3.392522506377933,1.2503641206581613,Au,PRUNED
1440,-570.7499151678993,2026-04-26 15:32:03.233758,2026-04-26 15:32:03.821520,0 days 00:00:00.587762,20.924698791363152,19.757184727268168,1.8707147778023376,Au,COMPLETE
1441,0.0,2026-04-26 15:32:03.400593,2026-04-26 15:32:04.047448,0 days 00:00:00.646855,20.57064190778887,16.562899405354266,1.8907392834696672,Au,PRUNED
1442,0.0,2026-04-26 15:32:03.503536,2026-04-26 15:32:04.475289,0 days 00:00:00.971753,34.72380872336993,16.987455259335825,1.6860350648547404,Au,PRUNED
1443,0.0,2026-04-26 15:32:03.698169,2026-04-26 15:32:04.415872,0 days 00:00:00.717703,21.004646505996863,16.994523141614046,1.7148647749011494,Au,PRUNED
1444,140.65934065933618,2026-04-26 15:32:03.872506,2026-04-26 15:32:04.881190,0 days 00:00:01.008684,32.84322900386591,16.814785403451378,1.7240240131405873,Au,PRUNED
1445,0.0,2026-04-26 15:32:03.920679,2026-04-26 15:32:04.644543,0 days 00:00:00.723864,37.44188089498667,19.96841102885551,1.7138856575113195,Au,PRUNED
1446,-499.8493068112793,2026-04-26 15:32:03.947275,2026-04-26 15:32:04.724212,0 days 00:00:00.776937,22.09116032153844,17.968077389156694,1.9935310988497181,Au,COMPLETE
1447,0.0,2026-04-26 15:32:03.976456,2026-04-26 15:32:04.537229,0 days 00:00:00.560773,31.874727955659075,19.91636847184256,1.5930879518559533,Au,PRUNED
1448,0.0,2026-04-26 15:32:04.109045,2026-04-26 15:32:04.754910,0 days 00:00:00.645865,38.099038281847186,19.731621216357357,1.7021663592092697,Au,PRUNED
1449,-573.6447323558804,2026-04-26 15:32:04.162211,2026-04-26 15:32:04.917463,0 days 00:00:00.755252,20.783897427899767,19.89839146081682,1.8590872861841212,Au,COMPLETE
1450,-4.464285714285152,2026-04-26 15:32:04.590905,2026-04-26 15:32:05.580534,0 days 00:00:00.989629,22.171955817543846,19.808806599667946,1.9578365535647775,Au,PRUNED
1451,-311.37026239064903,2026-04-26 15:32:04.658599,2026-04-26 15:32:05.434207,0 days 00:00:00.775608,21.10857656623322,19.516344439432704,1.7440119729993957,Cu,COMPLETE
1452,0.0,2026-04-26 15:32:04.694945,2026-04-26 15:32:05.343760,0 days 00:00:00.648815,21.142534993407338,17.613058241030224,1.776300413855061,Au,PRUNED
1453,-1.0351966873705694,2026-04-26 15:32:04.776630,2026-04-26 15:32:05.654303,0 days 00:00:00.877673,55.67203058848403,16.00802017976814,1.5110481414287282,Au,PRUNED
1454,0.0,2026-04-26 15:32:04.914311,2026-04-26 15:32:05.581534,0 days 00:00:00.667223,34.56802902612884,19.80358290646553,1.607376585492823,Au,PRUNED
1455,0.0,2026-04-26 15:32:04.979811,2026-04-26 15:32:05.595162,0 days 00:00:00.615351,119.59512877259374,16.173385075391614,0.651798558119552,Ag,PRUNED
1456,0.0,2026-04-26 15:32:05.048668,2026-04-26 15:32:05.596164,0 days 00:00:00.547496,20.97595943194258,16.63640609938319,1.9981604054931563,Au,PRUNED
1457,0.0,2026-04-26 15:32:05.095960,2026-04-26 15:32:05.875499,0 days 00:00:00.779539,20.399955511220078,17.02904935446165,1.94861356859289,Au,PRUNED
1458,0.0,2026-04-26 15:32:05.498260,2026-04-26 15:32:06.164119,0 days 00:00:00.665859,20.147518496091763,18.81994953857978,1.9185391448228324,Au,PRUNED
1459,-8.928571428570304,2026-04-26 15:32:05.559694,2026-04-26 15:32:06.343270,0 days 00:00:00.783576,21.97281274556344,19.863659158198352,1.7607849731494882,Au,PRUNED
1460,0.0,2026-04-26 15:32:05.694506,2026-04-26 15:32:06.301158,0 days 00:00:00.606652,20.00047630071124,16.968341775965857,1.8170596308303355,Au,PRUNED
1461,-9.216589861750549,2026-04-26 15:32:05.737272,2026-04-26 15:32:06.551616,0 days 00:00:00.814344,27.040843861022545,15.915244036798216,1.9779047792454774,Cu,PRUNED
1462,0.0,2026-04-26 15:32:05.769470,2026-04-26 15:32:06.359840,0 days 00:00:00.590370,34.602444960155545,16.743716510890113,1.9685026629829905,Au,PRUNED
1463,-551.5141540486518,2026-04-26 15:32:05.816687,2026-04-26 15:32:06.209343,0 days 00:00:00.392656,20.497031777562142,19.815217178988348,1.9196523730785684,Au,COMPLETE
1464,-535.794542536055,2026-04-26 15:32:05.916728,2026-04-26 15:32:06.584283,0 days 00:00:00.667555,20.53171072713203,19.77896473337699,1.733798123524931,Au,COMPLETE
1465,-561.5590498493815,2026-04-26 15:32:05.972660,2026-04-26 15:32:06.634172,0 days 00:00:00.661512,21.308005808181388,19.616701808663464,1.6147304206713162,Au,COMPLETE
1466,0.0,2026-04-26 15:32:06.209343,2026-04-26 15:32:06.952674,0 days 00:00:00.743331,30.761184403470395,19.98565034394116,1.7507341705167556,Au,PRUNED
1467,0.0,2026-04-26 15:32:06.340750,2026-04-26 15:32:06.996818,0 days 00:00:00.656068,38.3303609572993,19.64403808896413,1.9627334174356281,Au,PRUNED
1468,0.0,2026-04-26 15:32:06.503485,2026-04-26 15:32:07.295094,0 days 00:00:00.791609,42.44095201878106,19.680562833855472,1.9165663200373877,Au,PRUNED
1469,0.0,2026-04-26 15:32:06.520822,2026-04-26 15:32:07.341494,0 days 00:00:00.820672,20.54003856169476,19.396247727621986,1.92176224011239,Cu,PRUNED
1470,0.0,2026-04-26 15:32:06.612168,2026-04-26 15:32:07.248250,0 days 00:00:00.636082,34.31022444182231,19.867296511308865,1.706548814106465,Au,PRUNED
1471,0.0,2026-04-26 15:32:06.637195,2026-04-26 15:32:07.528232,0 days 00:00:00.891037,22.92092586711489,19.7327882524451,1.9577730574529961,Au,PRUNED
1472,0.0,2026-04-26 15:32:06.699556,2026-04-26 15:32:07.575115,0 days 00:00:00.875559,32.899297729924925,17.14785504444791,1.8185762387765965,Au,PRUNED
1473,0.0,2026-04-26 15:32:06.947475,2026-04-26 15:32:07.610982,0 days 00:00:00.663507,34.628810633772005,19.811677955365383,1.930070484030053,Au,PRUNED
1474,0.0,2026-04-26 15:32:07.043488,2026-04-26 15:32:08.027865,0 days 00:00:00.984377,31.193027309357944,19.769347993162803,1.9479973369811958,Au,PRUNED
1475,0.0,2026-04-26 15:32:07.093252,2026-04-26 15:32:07.769432,0 days 00:00:00.676180,33.35834325010234,17.00153663745985,1.7787207043004623,Au,PRUNED
1476,0.0,2026-04-26 15:32:07.427884,2026-04-26 15:32:08.204467,0 days 00:00:00.776583,41.09941891822753,19.765475700826016,1.9690542828550888,Au,PRUNED
1477,0.0,2026-04-26 15:32:07.458288,2026-04-26 15:32:08.210895,0 days 00:00:00.752607,20.251033059721998,17.921531599490997,1.7878814633275664,Au,PRUNED
1478,0.0,2026-04-26 15:32:07.516595,2026-04-26 15:32:08.205872,0 days 00:00:00.689277,37.507423302051855,19.87840445101505,1.8630840501605983,Au,PRUNED
1479,-584.0846047156012,2026-04-26 15:32:07.667613,2026-04-26 15:32:08.376011,0 days 00:00:00.708398,21.127822761613913,19.910933924789152,1.6726862181154631,Au,COMPLETE
1480,0.0,2026-04-26 15:32:07.703382,2026-04-26 15:32:08.206886,0 days 00:00:00.503504,20.658108109480278,19.520255399863768,1.643783921440742,Au,PRUNED
1481,0.0,2026-04-26 15:32:07.719482,2026-04-26 15:32:08.703358,0 days 00:00:00.983876,30.6338469370476,19.753711866640224,1.697935122828408,Au,PRUNED
1482,0.0,2026-04-26 15:32:07.883738,2026-04-26 15:32:08.732154,0 days 00:00:00.848416,40.541603374329895,19.339802407422017,1.6385236526973106,Cu,PRUNED
1483,0.0,2026-04-26 15:32:08.141778,2026-04-26 15:32:08.986046,0 days 00:00:00.844268,20.075825973350497,17.260117561565075,1.56450632894847,Au,PRUNED
1484,-8.403361344536819,2026-04-26 15:32:08.304927,2026-04-26 15:32:08.988135,0 days 00:00:00.683208,21.331210216249502,19.696588992075718,1.8379162467046593,Au,PRUNED
1485,-2.2321428571428203,2026-04-26 15:32:08.364623,2026-04-26 15:32:09.280714,0 days 00:00:00.916091,94.9237355813161,7.184315794357213,0.9068351423339661,Au,PRUNED
1486,0.0,2026-04-26 15:32:08.379085,2026-04-26 15:32:09.054262,0 days 00:00:00.675177,94.67473127535939,19.12952034203152,0.2271199220722545,Ag,PRUNED
1487,-4.464285714285152,2026-04-26 15:32:08.343083,2026-04-26 15:32:09.408312,0 days 00:00:01.065229,22.76655605204055,19.85912743443721,1.8045999719927293,Au,PRUNED
1488,0.0,2026-04-26 15:32:08.579008,2026-04-26 15:32:09.190150,0 days 00:00:00.611142,56.047949431698754,19.888964339991063,1.6766563112247292,Au,PRUNED
1489,-8.403361344536819,2026-04-26 15:32:08.803509,2026-04-26 15:32:09.449590,0 days 00:00:00.646081,21.13983342957363,19.740687752753903,1.9629617460069,Au,PRUNED
1490,0.0,2026-04-26 15:32:08.878090,2026-04-26 15:32:09.655618,0 days 00:00:00.777528,20.950518833735934,19.004210075797,1.4988781907881537,Au,PRUNED
1491,0.0,2026-04-26 15:32:09.035176,2026-04-26 15:32:09.749337,0 days 00:00:00.714161,20.038264177718034,19.770649785265004,1.809840976651325,Au,PRUNED
1492,0.0,2026-04-26 15:32:09.116709,2026-04-26 15:32:09.954596,0 days 00:00:00.837887,20.14771986378883,19.761343904996924,1.8756726977641207,Au,PRUNED
1493,-1.0660980810234213,2026-04-26 15:32:09.080171,2026-04-26 15:32:09.955596,0 days 00:00:00.875425,20.15697420614753,17.56908645252133,1.1820832641850951,Ag,PRUNED
1494,12.09677419354818,2026-04-26 15:32:09.312160,2026-04-26 15:32:10.140624,0 days 00:00:00.828464,114.20945104650484,7.995117672181316,0.7210195049178897,Cu,PRUNED
1495,5.494505494505066,2026-04-26 15:32:09.478974,2026-04-26 15:32:10.293351,0 days 00:00:00.814377,49.12846326944557,19.77791425766286,1.9258847861745958,Ag,PRUNED
1496,0.0,2026-04-26 15:32:09.547633,2026-04-26 15:32:10.200060,0 days 00:00:00.652427,20.25634401511614,18.025539982537435,1.7130391880547176,Au,PRUNED
1497,-11.904761904760901,2026-04-26 15:32:09.626287,2026-04-26 15:32:10.533587,0 days 00:00:00.907300,47.04508815947261,9.71437787346639,0.2651853424029954,Cu,PRUNED
1498,139.56043956043513,2026-04-26 15:32:09.751618,2026-04-26 15:32:10.612124,0 days 00:00:00.860506,34.17748134547931,16.622118550797985,1.6394645303228381,Au,PRUNED
1499,0.0,2026-04-26 15:32:09.916445,2026-04-26 15:32:10.568453,0 days 00:00:00.652008,20.754691923862488,17.93700496783937,1.6819482313594771,Au,PRUNED
1500,-8.928571428570304,2026-04-26 15:32:10.093224,2026-04-26 15:32:10.760379,0 days 00:00:00.667155,22.186452651092896,19.89645768052342,1.5549724871022168,Au,PRUNED
1501,0.0,2026-04-26 15:32:10.130429,2026-04-26 15:32:11.044793,0 days 00:00:00.914364,33.07846011510938,17.521614407948835,1.637393847745994,Au,PRUNED
1502,0.0,2026-04-26 15:32:10.282224,2026-04-26 15:32:10.977889,0 days 00:00:00.695665,29.601303896283525,19.82445101037961,1.6469104677958994,Au,PRUNED
1503,0.0,2026-04-26 15:32:10.342088,2026-04-26 15:32:11.193776,0 days 00:00:00.851688,34.38495181580909,19.870754430499627,1.6848825416397948,Au,PRUNED
1504,-555.8501823002339,2026-04-26 15:32:10.403053,2026-04-26 15:32:11.043784,0 days 00:00:00.640731,21.208629945821116,19.606430619442666,1.6437323098550969,Au,COMPLETE
1505,141.75824175823726,2026-04-26 15:32:10.638052,2026-04-26 15:32:11.315747,0 days 00:00:00.677695,32.084640950632775,17.073792777927057,1.6332462194971895,Au,PRUNED
1506,0.0,2026-04-26 15:32:10.687479,2026-04-26 15:32:11.571452,0 days 00:00:00.883973,20.186527465269123,18.967287637000005,1.5358060595397764,Au,PRUNED
1507,0.0,2026-04-26 15:32:10.859022,2026-04-26 15:32:11.525186,0 days 00:00:00.666164,20.821631800043196,17.9560187260257,1.5909776389718426,Au,PRUNED
1508,0.0,2026-04-26 15:32:10.849380,2026-04-26 15:32:11.599874,0 days 00:00:00.750494,36.073871351621314,16.87068834775983,1.7026233793140828,Au,PRUNED
1509,-558.441558441493,2026-04-26 15:32:11.097417,2026-04-26 15:32:11.773824,0 days 00:00:00.676407,20.96609498987585,19.905135143268495,1.5406005454932128,Au,COMPLETE
1510,0.0,2026-04-26 15:32:11.125090,2026-04-26 15:32:11.904349,0 days 00:00:00.779259,36.080172910048574,19.238533236904626,1.4301802868193763,Au,PRUNED
1511,0.0,2026-04-26 15:32:11.218948,2026-04-26 15:32:11.918437,0 days 00:00:00.699489,20.073651231412946,19.8154816503604,1.7682581538692548,Au,PRUNED
1512,142.8571428571383,2026-04-26 15:32:11.352686,2026-04-26 15:32:12.346316,0 days 00:00:00.993630,31.28182862707454,17.093710337764623,1.5684431109723336,Au,PRUNED
1513,0.0,2026-04-26 15:32:11.448685,2026-04-26 15:32:12.299332,0 days 00:00:00.850647,34.26678149831261,19.9279765962859,1.543883807596775,Au,PRUNED
1514,0.0,2026-04-26 15:32:11.643475,2026-04-26 15:32:12.253987,0 days 00:00:00.610512,39.28065057860522,16.811256972612654,1.4681132443775895,Au,PRUNED
1515,0.0,2026-04-26 15:32:11.682727,2026-04-26 15:32:12.457343,0 days 00:00:00.774616,35.15607588602693,17.677819917094247,1.4481739004576952,Au,PRUNED
1516,0.0,2026-04-26 15:32:11.821620,2026-04-26 15:32:12.474764,0 days 00:00:00.653144,29.03052248841039,19.988461770450346,1.6130465821920998,Au,PRUNED
1517,0.0,2026-04-26 15:32:11.970385,2026-04-26 15:32:12.664876,0 days 00:00:00.694491,30.65872999195936,19.92215822782543,1.5269746999725111,Au,PRUNED
1518,-4.464285714285152,2026-04-26 15:32:12.026145,2026-04-26 15:32:12.663733,0 days 00:00:00.637588,23.30329599750515,19.80490615725118,1.4883540587720485,Au,PRUNED
1519,0.0,2026-04-26 15:32:11.992676,2026-04-26 15:32:12.619242,0 days 00:00:00.626566,42.05869727556271,19.839311077982696,1.3789948752753833,Au,PRUNED
1520,0.0,2026-04-26 15:32:12.322484,2026-04-26 15:32:13.176528,0 days 00:00:00.854044,29.8634630800862,19.871570024252794,1.2651918347021058,Au,PRUNED
1521,0.0,2026-04-26 15:32:12.381850,2026-04-26 15:32:13.442464,0 days 00:00:01.060614,20.373656273027414,16.516193846254716,1.4204456544171349,Au,PRUNED
1522,3.571428571428211,2026-04-26 15:32:12.522279,2026-04-26 15:32:13.096627,0 days 00:00:00.574348,30.826579614612704,16.78175513224744,1.6039299041676953,Au,PRUNED
1523,4.464285714285152,2026-04-26 15:32:12.571601,2026-04-26 15:32:13.107010,0 days 00:00:00.535409,24.35703158160527,19.891425814201924,1.3904078148159729,Au,PRUNED
1524,0.0,2026-04-26 15:32:12.616212,2026-04-26 15:32:13.229949,0 days 00:00:00.613737,20.545058480300522,15.775323382866056,1.3810258109246623,Au,PRUNED
1525,0.0,2026-04-26 15:32:12.725264,2026-04-26 15:32:13.392233,0 days 00:00:00.666969,24.273822837986106,19.71166786666144,1.4580101520385804,Au,PRUNED
1526,-1.0660980810234213,2026-04-26 15:32:12.771653,2026-04-26 15:32:13.553489,0 days 00:00:00.781836,21.3922883413436,15.16707127048657,1.9023273568106047,Ag,PRUNED
1527,0.0,2026-04-26 15:32:12.806640,2026-04-26 15:32:13.677215,0 days 00:00:00.870575,20.447516166513736,19.861962317572413,1.4285946900503321,Au,PRUNED
1528,0.0,2026-04-26 15:32:13.212261,2026-04-26 15:32:13.912194,0 days 00:00:00.699933,20.136126195665454,16.95623856668758,1.3172893098613014,Au,PRUNED
1529,0.0,2026-04-26 15:32:13.232465,2026-04-26 15:32:13.768235,0 days 00:00:00.535770,21.420448563306824,16.57652811286605,1.4814511134610595,Au,PRUNED
1530,8.403361344536819,2026-04-26 15:32:13.286101,2026-04-26 15:32:14.053377,0 days 00:00:00.767276,24.6757469784123,19.95296659175648,1.591609139513623,Au,PRUNED
1531,0.0,2026-04-26 15:32:13.352614,2026-04-26 15:32:14.112121,0 days 00:00:00.759507,23.29743677015799,19.90123208191056,1.60155671934227,Au,PRUNED
1532,146.1538461538415,2026-04-26 15:32:13.492615,2026-04-26 15:32:14.173167,0 days 00:00:00.680552,26.39688979391292,19.55456334583821,1.3981473910354056,Au,PRUNED
1533,0.0,2026-04-26 15:32:13.587589,2026-04-26 15:32:14.329164,0 days 00:00:00.741575,20.68990219416557,17.43680685038674,1.4272429833138365,Au,PRUNED
1534,0.0,2026-04-26 15:32:13.619303,2026-04-26 15:32:14.342238,0 days 00:00:00.722935,29.529675239707075,19.89224543423593,1.4707483086405957,Au,PRUNED
1535,-19.480519480517692,2026-04-26 15:32:13.744589,2026-04-26 15:32:14.623979,0 days 00:00:00.879390,48.99171817776995,17.10606575445554,1.5582067529338415,Ag,PRUNED
1536,0.0,2026-04-26 15:32:13.956656,2026-04-26 15:32:14.625523,0 days 00:00:00.668867,34.97849394912908,19.44844102811367,1.6335264597432606,Au,PRUNED
1537,0.0,2026-04-26 15:32:14.036260,2026-04-26 15:32:14.730639,0 days 00:00:00.694379,34.64404490796623,19.894558526815953,1.6887071860187226,Au,PRUNED
1538,-12.605042016805228,2026-04-26 15:32:14.113736,2026-04-26 15:32:14.672591,0 days 00:00:00.558855,21.480072629682837,19.908015013007837,1.496819475781984,Au,PRUNED
1539,-13.736263736262668,2026-04-26 15:32:14.175241,2026-04-26 15:32:15.026512,0 days 00:00:00.851271,32.150536470833224,18.678137588698604,1.447647278573546,Ag,PRUNED
1540,-11.428571428570503,2026-04-26 15:32:14.260863,2026-04-26 15:32:15.070618,0 days 00:00:00.809755,50.28016167983747,8.052934533347559,1.5940148933996068,Cu,PRUNED
1541,-9.852216748767784,2026-04-26 15:32:14.382635,2026-04-26 15:32:14.930574,0 days 00:00:00.547939,27.451561048298124,19.320433944603323,1.5025817632293537,Ag,PRUNED
1542,0.0,2026-04-26 15:32:14.406789,2026-04-26 15:32:15.085311,0 days 00:00:00.678522,20.565220678665742,19.786740277874667,1.5493637532995557,Au,PRUNED
1543,0.0,2026-04-26 15:32:14.681392,2026-04-26 15:32:15.375498,0 days 00:00:00.694106,20.04740895435042,17.46899196209465,1.6426802765390491,Au,PRUNED
1544,-0.5903187721369436,2026-04-26 15:32:14.682959,2026-04-26 15:32:15.400296,0 days 00:00:00.717337,82.44114274575789,14.188116897703953,1.3963482971528678,Au,PRUNED
1545,0.0,2026-04-26 15:32:14.713869,2026-04-26 15:32:15.554839,0 days 00:00:00.840970,35.12171634712698,17.182514591043446,1.4339117748398273,Au,PRUNED
1546,-7.936507936507342,2026-04-26 15:32:14.859277,2026-04-26 15:32:15.757617,0 days 00:00:00.898340,58.60983527245591,13.041528762382974,0.8722063033538825,Cu,PRUNED
1547,0.0,2026-04-26 15:32:15.016350,2026-04-26 15:32:15.802516,0 days 00:00:00.786166,20.65828604346943,19.9258203794908,1.8315246320199932,Ag,PRUNED
1548,5.291005291004894,2026-04-26 15:32:15.161012,2026-04-26 15:32:15.803521,0 days 00:00:00.642509,31.067879394790474,16.8357742514549,1.632981311416519,Au,PRUNED
1549,0.0,2026-04-26 15:32:15.258960,2026-04-26 15:32:16.036201,0 days 00:00:00.777241,20.209453403940742,19.989486146772748,1.587086695093735,Au,PRUNED
1550,-577.6098901098202,2026-04-26 15:32:15.320639,2026-04-26 15:32:16.052569,0 days 00:00:00.731930,21.233102167611722,19.919341649782304,1.5069112012992287,Au,COMPLETE
1551,0.0,2026-04-26 15:32:15.407927,2026-04-26 15:32:16.145966,0 days 00:00:00.738039,20.143246092379055,16.337448912910933,1.4851896042803463,Au,PRUNED
1552,0.0,2026-04-26 15:32:15.586113,2026-04-26 15:32:16.304586,0 days 00:00:00.718473,23.4742463650291,19.868286073082693,1.569326088528167,Au,PRUNED
1553,-3.9682539682535234,2026-04-26 15:32:15.621225,2026-04-26 15:32:16.234148,0 days 00:00:00.612923,25.703156937577877,17.531521436613513,1.6800829770512635,Au,PRUNED
1554,0.0,2026-04-26 15:32:15.835510,2026-04-26 15:32:16.720405,0 days 00:00:00.884895,37.61653458318886,17.949665988975234,1.4356549623272317,Au,PRUNED
1555,-582.497405741887,2026-04-26 15:32:15.940671,2026-04-26 15:32:16.762916,0 days 00:00:00.822245,21.200839957766657,19.94133998858801,1.5691611135256256,Au,COMPLETE
1556,-1.3869625520110673,2026-04-26 15:32:15.958553,2026-04-26 15:32:16.718885,0 days 00:00:00.760332,60.38797150377199,18.840202957219724,1.403261942406177,Au,PRUNED
1557,0.0,2026-04-26 15:32:16.181058,2026-04-26 15:32:16.824510,0 days 00:00:00.643452,29.242170068147495,19.957012475810078,1.3133959142515228,Au,PRUNED
1558,0.0,2026-04-26 15:32:16.210875,2026-04-26 15:32:16.919168,0 days 00:00:00.708293,58.241270916964964,19.606172687068618,1.441250225613999,Au,PRUNED
1559,0.0,2026-04-26 15:32:16.278866,2026-04-26 15:32:16.986114,0 days 00:00:00.707248,37.15846251820392,17.64362577255257,1.399259210940383,Au,PRUNED
1560,140.65934065933618,2026-04-26 15:32:16.315188,2026-04-26 15:32:16.799515,0 days 00:00:00.484327,32.867198333813064,17.35495750700563,1.4086615285317514,Au,PRUNED
1561,-13.736263736262668,2026-04-26 15:32:16.369065,2026-04-26 15:32:17.124563,0 days 00:00:00.755498,57.077135897965576,8.174110176403845,1.306400486491517,Au,PRUNED
1562,0.0,2026-04-26 15:32:16.794140,2026-04-26 15:32:17.649443,0 days 00:00:00.855303,20.822122116717452,17.532276031816913,1.4928410628132105,Au,PRUNED
1563,0.0,2026-04-26 15:32:16.842579,2026-04-26 15:32:17.651279,0 days 00:00:00.808700,37.262436940667065,19.927043315909,1.55848650438337,Au,PRUNED
1564,0.0,2026-04-26 15:32:16.986114,2026-04-26 15:32:17.651279,0 days 00:00:00.665165,21.48879180938798,17.13031408386294,1.568404564122149,Au,PRUNED
1565,-12.605042016805228,2026-04-26 15:32:16.999962,2026-04-26 15:32:17.946797,0 days 00:00:00.946835,21.74298204497975,19.684208706673,1.399964732639295,Au,PRUNED
1566,-8.928571428570304,2026-04-26 15:32:17.046302,2026-04-26 15:32:17.884151,0 days 00:00:00.837849,22.11684794737829,19.59140804672901,1.6043293057564523,Au,PRUNED
1567,0.0,2026-04-26 15:32:17.139534,2026-04-26 15:32:17.980401,0 days 00:00:00.840867,37.67294110233769,17.746144280780516,1.4533126848036666,Au,PRUNED
1568,-541.3022351797238,2026-04-26 15:32:17.197472,2026-04-26 15:32:17.729847,0 days 00:00:00.532375,20.50199200849194,19.889855167618197,1.709017310677463,Au,COMPLETE
1569,-545.6621004565586,2026-04-26 15:32:17.188815,2026-04-26 15:32:17.806123,0 days 00:00:00.617308,21.549956558509574,19.47202125864036,1.4045167359319746,Au,COMPLETE
1570,0.0,2026-04-26 15:32:17.745056,2026-04-26 15:32:18.473787,0 days 00:00:00.728731,38.07270669434685,18.54906983379457,1.476952764024571,Au,PRUNED
1571,-8.928571428570304,2026-04-26 15:32:17.776891,2026-04-26 15:32:18.296274,0 days 00:00:00.519383,22.25483056418443,19.937096295745093,1.2306522014333445,Au,PRUNED
1572,-0.5903187721369436,2026-04-26 15:32:17.831534,2026-04-26 15:32:18.739438,0 days 00:00:00.907904,108.8920283307946,12.81999844922692,0.7890114645293718,Au,PRUNED
1573,0.0,2026-04-26 15:32:17.902552,2026-04-26 15:32:18.691404,0 days 00:00:00.788852,35.7342813352347,19.979709087265174,1.3594940442646446,Au,PRUNED
1574,0.0,2026-04-26 15:32:17.981400,2026-04-26 15:32:18.840187,0 days 00:00:00.858787,38.209631037565686,17.917665299881428,1.637566091858464,Au,PRUNED
1575,0.0,2026-04-26 15:32:18.026362,2026-04-26 15:32:18.596523,0 days 00:00:00.570161,38.36379961407371,19.618470143075694,1.3986010483495213,Au,PRUNED
1576,-28.571428571422828,2026-04-26 15:32:18.073889,2026-04-26 15:32:18.657568,0 days 00:00:00.583679,70.04843772768247,12.746595096997318,0.24720990297619294,Ag,PRUNED
1577,-10.714285714284633,2026-04-26 15:32:18.164078,2026-04-26 15:32:18.958953,0 days 00:00:00.794875,22.606503119329123,19.793891896573818,1.302176703768865,Cu,PRUNED
1578,-12.605042016805228,2026-04-26 15:32:18.372201,2026-04-26 15:32:19.441455,0 days 00:00:01.069254,21.766115874576897,19.823648706065168,1.335264232876852,Au,PRUNED
1579,0.0,2026-04-26 15:32:18.554862,2026-04-26 15:32:19.441455,0 days 00:00:00.886593,21.88450490743292,17.153984989753933,1.4925959747724802,Au,PRUNED
1580,0.0,2026-04-26 15:32:18.709645,2026-04-26 15:32:19.299946,0 days 00:00:00.590301,20.544238347212872,18.340524676904145,1.4467701136831201,Cu,PRUNED
1581,3.9682539682535234,2026-04-26 15:32:18.777428,2026-04-26 15:32:19.283840,0 days 00:00:00.506412,28.628195742434748,16.887960721291872,1.6302796818842809,Au,PRUNED
1582,0.0,2026-04-26 15:32:18.805474,2026-04-26 15:32:19.674593,0 days 00:00:00.869119,31.925243602093616,19.9667371669089,1.730929875367256,Au,PRUNED
1583,0.0,2026-04-26 15:32:18.883795,2026-04-26 15:32:19.648571,0 days 00:00:00.764776,20.40897205771096,16.25334299239073,1.7418513178325021,Au,PRUNED
1584,0.0,2026-04-26 15:32:18.914329,2026-04-26 15:32:19.717552,0 days 00:00:00.803223,29.994664398072565,19.923608064436273,1.333525614169308,Au,PRUNED
1585,-4.9603174603173175,2026-04-26 15:32:19.075365,2026-04-26 15:32:19.782509,0 days 00:00:00.707144,83.40043625234793,14.780146067104809,1.9518915155671643,Ag,PRUNED
1586,0.0,2026-04-26 15:32:19.405736,2026-04-26 15:32:20.271864,0 days 00:00:00.866128,20.047603884365728,16.77729042432021,1.6725695548050283,Au,PRUNED
1587,0.0,2026-04-26 15:32:19.551311,2026-04-26 15:32:20.294974,0 days 00:00:00.743663,20.45456326409409,16.834366417861535,1.5224754329870227,Au,PRUNED
1588,-4.464285714285152,2026-04-26 15:32:19.575309,2026-04-26 15:32:20.295983,0 days 00:00:00.720674,23.087421132218857,19.90480162687567,1.5188760026027173,Au,PRUNED
1589,0.0,2026-04-26 15:32:19.645574,2026-04-26 15:32:20.610014,0 days 00:00:00.964440,21.54152427987167,17.729727327084625,1.5595824974316164,Au,PRUNED
1590,-8.928571428570304,2026-04-26 15:32:19.755426,2026-04-26 15:32:20.374020,0 days 00:00:00.618594,21.714720151873408,19.766295222000327,1.5845011614050826,Au,PRUNED
1591,0.0,2026-04-26 15:32:19.785025,2026-04-26 15:32:20.553878,0 days 00:00:00.768853,36.4598442683754,19.774500630711852,1.484890100910051,Au,PRUNED
1592,-8.403361344536819,2026-04-26 15:32:19.846546,2026-04-26 15:32:20.500595,0 days 00:00:00.654049,22.38908416978873,19.569581002040657,1.5687128983151961,Au,PRUNED
1593,0.0,2026-04-26 15:32:19.990153,2026-04-26 15:32:20.717425,0 days 00:00:00.727272,23.691907348484378,19.898479721759617,1.5250488433411782,Au,PRUNED
1594,0.0,2026-04-26 15:32:20.327962,2026-04-26 15:32:21.165890,0 days 00:00:00.837928,52.78474289382798,16.874326322154364,1.6456754852894477,Au,PRUNED
1595,0.0,2026-04-26 15:32:20.415842,2026-04-26 15:32:21.135680,0 days 00:00:00.719838,20.781825419582184,16.066724548358643,1.2585005026846674,Au,PRUNED
1596,0.0,2026-04-26 15:32:20.454046,2026-04-26 15:32:21.152328,0 days 00:00:00.698282,35.69679723895791,19.323140582914288,1.5594985988250767,Au,PRUNED
1597,0.0,2026-04-26 15:32:20.641711,2026-04-26 15:32:21.363807,0 days 00:00:00.722096,38.52699265350251,17.028462211548288,1.6703893513525558,Au,PRUNED
1598,0.0,2026-04-26 15:32:20.672745,2026-04-26 15:32:21.805624,0 days 00:00:01.132879,35.07364663697489,17.328335261139934,1.5971744948997606,Au,PRUNED
1599,0.0,2026-04-26 15:32:20.730840,2026-04-26 15:32:21.434955,0 days 00:00:00.704115,20.5979477822242,19.18833435887989,1.672640329832734,Au,PRUNED
1600,0.0,2026-04-26 15:32:20.763662,2026-04-26 15:32:21.500466,0 days 00:00:00.736804,34.72946535185059,17.149001517515153,1.7243595610551774,Au,PRUNED
1601,0.0,2026-04-26 15:32:20.786447,2026-04-26 15:32:21.254763,0 days 00:00:00.468316,20.242057755719443,17.071714221875993,1.7702112190538424,Au,PRUNED
1602,0.0,2026-04-26 15:32:21.240721,2026-04-26 15:32:21.996401,0 days 00:00:00.755680,20.349793606154492,18.13378512892022,1.490217280484769,Au,PRUNED
1603,-8.928571428570304,2026-04-26 15:32:21.256763,2026-04-26 15:32:21.993740,0 days 00:00:00.736977,22.30550019817693,19.89534185090469,1.6439361217256656,Au,PRUNED
1604,7.518796992480405,2026-04-26 15:32:21.325279,2026-04-26 15:32:21.963864,0 days 00:00:00.638585,32.32392628460377,16.402419172039366,1.1737513979098748,Au,PRUNED
1605,0.0,2026-04-26 15:32:21.366318,2026-04-26 15:32:22.088991,0 days 00:00:00.722673,43.26326652547158,19.89819448396912,1.4816087349337532,Au,PRUNED
1606,0.0,2026-04-26 15:32:21.452532,2026-04-26 15:32:22.088991,0 days 00:00:00.636459,37.24136525883702,19.738046803178552,1.6764221034370084,Au,PRUNED
1607,0.0,2026-04-26 15:32:21.547107,2026-04-26 15:32:22.305350,0 days 00:00:00.758243,36.647161747892724,17.31379753576962,1.1605899200619685,Au,PRUNED
1608,0.0,2026-04-26 15:32:21.578321,2026-04-26 15:32:22.371276,0 days 00:00:00.792955,34.49186764721553,19.75441308747157,1.7719753457608425,Au,PRUNED
1609,-8.928571428570304,2026-04-26 15:32:21.897004,2026-04-26 15:32:22.677161,0 days 00:00:00.780157,22.54174141711959,19.911167538069236,1.4544778693821725,Au,PRUNED
1610,0.0,2026-04-26 15:32:22.067507,2026-04-26 15:32:22.964302,0 days 00:00:00.896795,33.25497683365913,17.406141825803243,1.717023260740317,Au,PRUNED
1611,0.0,2026-04-26 15:32:22.110808,2026-04-26 15:32:22.612026,0 days 00:00:00.501218,35.6206692938892,19.94725573329814,1.8320282807428006,Au,PRUNED
1612,0.0,2026-04-26 15:32:22.166912,2026-04-26 15:32:23.188050,0 days 00:00:01.021138,35.60532920270386,19.642008016063432,1.2562660655325515,Au,PRUNED
1613,0.0,2026-04-26 15:32:22.198160,2026-04-26 15:32:22.676133,0 days 00:00:00.477973,29.822525870426965,19.93326606944469,1.616368143382459,Au,PRUNED
1614,0.0,2026-04-26 15:32:22.276319,2026-04-26 15:32:22.916585,0 days 00:00:00.640266,35.446581256876954,19.902833745191582,1.7083293146779108,Au,PRUNED
1615,-11.904761904760573,2026-04-26 15:32:22.371276,2026-04-26 15:32:23.149796,0 days 00:00:00.778520,21.677009594737978,19.526708623761586,1.6019233031218811,Au,PRUNED
1616,0.0,2026-04-26 15:32:22.438993,2026-04-26 15:32:23.076437,0 days 00:00:00.637444,35.587357226366464,19.887828609215962,1.4635807323928238,Au,PRUNED
1617,0.0,2026-04-26 15:32:22.694191,2026-04-26 15:32:23.849605,0 days 00:00:01.155414,119.1495273243548,16.907760605889834,1.9780423611992703,Cu,PRUNED
1618,-0.5580357142857051,2026-04-26 15:32:22.802272,2026-04-26 15:32:23.414672,0 days 00:00:00.612400,75.33658645286577,15.305903595429395,0.31577389702700176,Cu,PRUNED
1619,5.291005291004894,2026-04-26 15:32:22.869307,2026-04-26 15:32:23.682516,0 days 00:00:00.813209,31.60954934201052,16.825192563291907,1.354339350689868,Au,PRUNED
1620,0.0,2026-04-26 15:32:23.010278,2026-04-26 15:32:23.837797,0 days 00:00:00.827519,34.119821454424816,19.76458858537532,1.5633899980320476,Au,PRUNED
1621,-1.050420168067195,2026-04-26 15:32:23.024829,2026-04-26 15:32:23.729928,0 days 00:00:00.705099,20.117057665248232,8.947185636768442,1.7152440784781193,Cu,PRUNED
1622,0.0,2026-04-26 15:32:23.128623,2026-04-26 15:32:23.663498,0 days 00:00:00.534875,20.000998112474356,17.42071188220125,1.7078645639440428,Au,PRUNED
1623,0.0,2026-04-26 15:32:23.214788,2026-04-26 15:32:23.929813,0 days 00:00:00.715025,32.05685959742446,17.57904640665307,1.719475286383295,Au,PRUNED
1624,3.571428571428211,2026-04-26 15:32:23.257503,2026-04-26 15:32:23.774098,0 days 00:00:00.516595,31.605228028510794,15.919854063219082,1.7411257986536492,Au,PRUNED
1625,-8.241758241757601,2026-04-26 15:32:23.745921,2026-04-26 15:32:24.540194,0 days 00:00:00.794273,25.52245343751452,6.2782455527328835,1.0624360953621534,Ag,PRUNED
1626,0.0,2026-04-26 15:32:23.778226,2026-04-26 15:32:24.597589,0 days 00:00:00.819363,31.14290405264606,19.860017591773563,1.5385319062506084,Au,PRUNED
1627,0.0,2026-04-26 15:32:23.859800,2026-04-26 15:32:24.710688,0 days 00:00:00.850888,42.13747768366534,19.99636887559958,1.86314176566882,Cu,PRUNED
1628,-8.928571428570304,2026-04-26 15:32:23.880693,2026-04-26 15:32:24.597589,0 days 00:00:00.716896,22.054655634738143,19.954942518937784,1.7318851670480453,Au,PRUNED
1629,0.0,2026-04-26 15:32:23.899443,2026-04-26 15:32:24.535301,0 days 00:00:00.635858,36.02710735408605,19.89220170343128,1.1863431544004523,Au,PRUNED
1630,-9.523809523808245,2026-04-26 15:32:23.932813,2026-04-26 15:32:24.834972,0 days 00:00:00.902159,22.33930799598419,19.93244326025991,1.627368832735645,Au,PRUNED
1631,0.0,2026-04-26 15:32:23.982006,2026-04-26 15:32:24.807867,0 days 00:00:00.825861,20.32576295100796,19.49337978860521,1.2786284149583405,Au,PRUNED
1632,0.0,2026-04-26 15:32:24.041590,2026-04-26 15:32:24.836383,0 days 00:00:00.794793,36.30974853802724,19.764880688596804,1.6926383269438547,Au,PRUNED
1633,-525.9165613147328,2026-04-26 15:32:24.680558,2026-04-26 15:32:25.225344,0 days 00:00:00.544786,21.244284910800882,19.552955424542365,1.2940809964128157,Au,COMPLETE
1634,0.0,2026-04-26 15:32:24.731139,2026-04-26 15:32:25.180096,0 days 00:00:00.448957,20.104473727895634,19.92686727101344,1.919774356717052,Au,PRUNED
1635,0.5411255411255325,2026-04-26 15:32:24.774883,2026-04-26 15:32:25.334837,0 days 00:00:00.559954,80.42386169268903,8.360269710633684,1.9889058112980202,Au,PRUNED
1636,0.0,2026-04-26 15:32:24.849481,2026-04-26 15:32:25.566659,0 days 00:00:00.717178,20.627701884931533,17.64037129921679,1.7133499737162425,Au,PRUNED
1637,0.0,2026-04-26 15:32:24.888012,2026-04-26 15:32:25.804204,0 days 00:00:00.916192,20.327090598571854,16.679280459745957,1.752542306413009,Au,PRUNED
1638,0.0,2026-04-26 15:32:24.901799,2026-04-26 15:32:25.629014,0 days 00:00:00.727215,20.2227884227447,17.08993167189834,1.744668853091357,Au,PRUNED
1639,0.0,2026-04-26 15:32:24.914876,2026-04-26 15:32:25.676224,0 days 00:00:00.761348,33.099616487042894,19.896358856318933,1.7785220903263654,Au,PRUNED
1640,0.0,2026-04-26 15:32:24.951353,2026-04-26 15:32:25.694432,0 days 00:00:00.743079,37.8962653501773,19.59710435897144,1.6958252874190047,Ag,PRUNED
1641,0.0,2026-04-26 15:32:25.225868,2026-04-26 15:32:25.896651,0 days 00:00:00.670783,20.063694027329806,17.91453773125311,1.4332474335581276,Au,PRUNED
1642,0.0,2026-04-26 15:32:25.449487,2026-04-26 15:32:26.175407,0 days 00:00:00.725920,31.90862093074366,19.9119993373311,1.7892797413946406,Au,PRUNED
1643,0.0,2026-04-26 15:32:25.479682,2026-04-26 15:32:26.129533,0 days 00:00:00.649851,34.69463584622888,19.993119543358304,1.6976665254654144,Au,PRUNED
1644,0.0,2026-04-26 15:32:25.716075,2026-04-26 15:32:26.224183,0 days 00:00:00.508108,20.08534080574843,19.915928365422673,1.3997413825071008,Au,PRUNED
1645,0.0,2026-04-26 15:32:25.781172,2026-04-26 15:32:26.534992,0 days 00:00:00.753820,20.02588602641309,16.628730508944493,1.5263589363642949,Au,PRUNED
1646,7.518796992480405,2026-04-26 15:32:25.759772,2026-04-26 15:32:26.419443,0 days 00:00:00.659671,30.762682335168307,16.369025748024928,1.6395489250047497,Au,PRUNED
1647,0.0,2026-04-26 15:32:25.837227,2026-04-26 15:32:26.860103,0 days 00:00:01.022876,20.633498166433426,15.948271550462756,1.9783858121021765,Au,PRUNED
1648,0.0,2026-04-26 15:32:25.912401,2026-04-26 15:32:26.628840,0 days 00:00:00.716439,33.33619956998122,19.713725430126335,1.7014801157131016,Au,PRUNED
1649,0.0,2026-04-26 15:32:25.950668,2026-04-26 15:32:26.659544,0 days 00:00:00.708876,23.306728712555177,19.89673341958679,1.7410912505018683,Au,PRUNED
1650,0.0,2026-04-26 15:32:26.225233,2026-04-26 15:32:27.138231,0 days 00:00:00.912998,20.40624611310707,19.898635933194228,1.3085856417621133,Au,PRUNED
1651,0.0,2026-04-26 15:32:26.270499,2026-04-26 15:32:27.096311,0 days 00:00:00.825812,20.797971498067156,16.890665186586013,1.994691719932596,Au,PRUNED
1652,142.8571428571383,2026-04-26 15:32:26.326466,2026-04-26 15:32:27.095289,0 days 00:00:00.768823,30.99454305701137,16.89828883323435,1.7200308722778699,Au,PRUNED
1653,-8.928571428570304,2026-04-26 15:32:26.494598,2026-04-26 15:32:27.230921,0 days 00:00:00.736323,22.119847340749853,19.9844478321788,1.277949004844669,Au,PRUNED
1654,0.0,2026-04-26 15:32:26.717196,2026-04-26 15:32:27.670939,0 days 00:00:00.953743,21.320426404255926,17.261551321597373,1.5998555638167709,Au,PRUNED
1655,140.65934065933618,2026-04-26 15:32:26.780001,2026-04-26 15:32:27.467007,0 days 00:00:00.687006,32.161951652863245,17.169125307735058,1.7341873173508047,Au,PRUNED
1656,0.0,2026-04-26 15:32:26.755660,2026-04-26 15:32:27.796866,0 days 00:00:01.041206,21.09663326880522,16.566124363518586,1.6633682780091599,Au,PRUNED
1657,-0.5668934240362716,2026-04-26 15:32:26.950311,2026-04-26 15:32:27.953486,0 days 00:00:01.003175,58.95252318229508,18.606737608756465,0.14461031411202674,Cu,PRUNED
1658,0.0,2026-04-26 15:32:27.193743,2026-04-26 15:32:28.260619,0 days 00:00:01.066876,33.75950627476507,17.10098799767688,1.9977463527059285,Au,PRUNED
1659,0.0,2026-04-26 15:32:27.252258,2026-04-26 15:32:27.920330,0 days 00:00:00.668072,23.07201684382426,19.971119842069047,1.8405092443721094,Au,PRUNED
1660,0.0,2026-04-26 15:32:27.293569,2026-04-26 15:32:28.158326,0 days 00:00:00.864757,20.190512555116634,17.77486557884126,1.6082696159749845,Au,PRUNED
1661,0.0,2026-04-26 15:32:27.416316,2026-04-26 15:32:28.143866,0 days 00:00:00.727550,37.07868320790108,17.140460312201892,1.680029837791586,Au,PRUNED
1662,0.0,2026-04-26 15:32:27.529686,2026-04-26 15:32:28.183830,0 days 00:00:00.654144,51.25731163687565,17.61366405805632,1.8619545528673116,Au,PRUNED
1663,-1.0660980810234213,2026-04-26 15:32:27.754354,2026-04-26 15:32:28.369193,0 days 00:00:00.614839,21.70194882098933,15.533302446739714,1.5696338480240257,Ag,PRUNED
1664,-1.1520737327188744,2026-04-26 15:32:27.845972,2026-04-26 15:32:28.721551,0 days 00:00:00.875579,87.26968575813967,15.90026057650179,1.7424099241164586,Cu,PRUNED
1665,0.0,2026-04-26 15:32:28.040030,2026-04-26 15:32:28.682868,0 days 00:00:00.642838,37.2256889300287,17.052844149505113,1.96730243823212,Au,PRUNED
1666,-1.1614401858304098,2026-04-26 15:32:28.203201,2026-04-26 15:32:28.760493,0 days 00:00:00.557292,72.00160378695422,19.277282112043952,0.9587745171034527,Cu,PRUNED
1667,-543.9310120402888,2026-04-26 15:32:28.160836,2026-04-26 15:32:29.272306,0 days 00:00:01.111470,20.480323247557287,19.943228476839028,1.7000140004032185,Au,COMPLETE
1668,0.0,2026-04-26 15:32:28.279323,2026-04-26 15:32:28.931706,0 days 00:00:00.652383,20.454457057931812,17.629610797411484,1.394309955204267,Au,PRUNED
1669,0.0,2026-04-26 15:32:28.292973,2026-04-26 15:32:28.722551,0 days 00:00:00.429578,36.68808882498986,19.486513911275594,1.9892543503977769,Au,PRUNED
1670,0.0,2026-04-26 15:32:28.357015,2026-04-26 15:32:28.837295,0 days 00:00:00.480280,20.397957974951918,17.828529588774348,1.968076380169001,Au,PRUNED
1671,0.0,2026-04-26 15:32:28.481475,2026-04-26 15:32:29.319246,0 days 00:00:00.837771,35.32830483275585,19.955012351110312,1.667043235044337,Au,PRUNED
1672,0.0,2026-04-26 15:32:28.780943,2026-04-26 15:32:29.586317,0 days 00:00:00.805374,20.081215252132306,15.856016691940896,1.0710890992667499,Au,PRUNED
1673,0.0,2026-04-26 15:32:28.813485,2026-04-26 15:32:29.463721,0 days 00:00:00.650236,48.77617940577076,19.995688080780553,1.5854534491902283,Au,PRUNED
1674,0.0,2026-04-26 15:32:28.854165,2026-04-26 15:32:29.469276,0 days 00:00:00.615111,37.58560820725606,16.62362552223672,1.3996786896798399,Au,PRUNED
1675,0.0,2026-04-26 15:32:28.914766,2026-04-26 15:32:29.584781,0 days 00:00:00.670015,20.32054424750934,18.57709314972596,1.6970208310569965,Au,PRUNED
1676,-8.928571428570304,2026-04-26 15:32:28.981041,2026-04-26 15:32:29.930510,0 days 00:00:00.949469,21.392126964036652,19.96459710332571,1.630244086734788,Au,PRUNED
1677,0.0,2026-04-26 15:32:29.030198,2026-04-26 15:32:29.660146,0 days 00:00:00.629948,34.2288384409719,19.790563836006836,1.7913254916395736,Au,PRUNED
1678,0.0,2026-04-26 15:32:29.525155,2026-04-26 15:32:30.331212,0 days 00:00:00.806057,35.84321051724632,19.9215787968802,1.5615730956628013,Cu,PRUNED
1679,0.0,2026-04-26 15:32:29.556833,2026-04-26 15:32:30.222494,0 days 00:00:00.665661,39.03250811230345,19.998849355179043,1.6974864215960128,Au,PRUNED
1680,0.0,2026-04-26 15:32:29.632475,2026-04-26 15:32:30.378231,0 days 00:00:00.745756,20.305099885677752,18.05669921802793,1.6279122317212664,Au,PRUNED
1681,0.0,2026-04-26 15:32:29.660684,2026-04-26 15:32:30.458024,0 days 00:00:00.797340,35.719899593651164,19.92605132994533,1.2436043676056745,Au,PRUNED
1682,142.8571428571383,2026-04-26 15:32:29.746934,2026-04-26 15:32:30.421516,0 days 00:00:00.674582,30.46884666368807,17.397130607376702,1.7410408610495378,Au,PRUNED
1683,-555.8501823002339,2026-04-26 15:32:29.756448,2026-04-26 15:32:30.457023,0 days 00:00:00.700575,20.478241494352968,19.86461017917183,1.9382646882898436,Au,COMPLETE
1684,0.0,2026-04-26 15:32:29.840860,2026-04-26 15:32:30.545558,0 days 00:00:00.704698,115.84667353836127,16.259018590579423,0.3758576587465159,Cu,PRUNED
1685,147.25274725274258,2026-04-26 15:32:30.086315,2026-04-26 15:32:30.720406,0 days 00:00:00.634091,25.387743612292134,19.874607988481433,1.6164463899159949,Au,PRUNED
1686,-4.464285714285152,2026-04-26 15:32:30.298875,2026-04-26 15:32:31.138182,0 days 00:00:00.839307,22.799367283598226,19.934561170946065,1.7041575997775325,Au,PRUNED
1687,0.0,2026-04-26 15:32:30.487471,2026-04-26 15:32:31.293475,0 days 00:00:00.806004,20.013361663837095,17.66120876367605,1.3234697691002668,Au,PRUNED
1688,-541.1402656299999,2026-04-26 15:32:30.566586,2026-04-26 15:32:31.527213,0 days 00:00:00.960627,20.441148877577014,19.99666925074015,1.645900611183823,Au,COMPLETE
1689,0.0,2026-04-26 15:32:30.594107,2026-04-26 15:32:31.563749,0 days 00:00:00.969642,56.14992615871876,19.90498496756049,1.9158340942749386,Au,PRUNED
1690,-4.464285714285152,2026-04-26 15:32:30.643291,2026-04-26 15:32:31.526681,0 days 00:00:00.883390,22.92992553948427,19.818557309266982,1.5986889988782174,Au,PRUNED
1691,0.0,2026-04-26 15:32:30.672051,2026-04-26 15:32:31.385876,0 days 00:00:00.713825,34.434677805999776,19.813110920004576,1.5039633300148956,Au,PRUNED
1692,-217.5739861161716,2026-04-26 15:32:30.731421,2026-04-26 15:32:31.651014,0 days 00:00:00.919593,22.956465650975645,17.57053367950068,1.5214793785408145,Ag,COMPLETE
1693,0.0,2026-04-26 15:32:30.827221,2026-04-26 15:32:31.649642,0 days 00:00:00.822421,36.69036062665877,13.488813408028863,1.5349812724683387,Au,PRUNED
1694,0.0,2026-04-26 15:32:31.435493,2026-04-26 15:32:32.110095,0 days 00:00:00.674602,34.83395318739921,17.036782754691338,1.8055559252780775,Au,PRUNED
1695,-15.873015873014094,2026-04-26 15:32:31.483749,2026-04-26 15:32:32.238320,0 days 00:00:00.754571,54.00520384416424,2.4663020122109964,1.2273863754284229,Au,PRUNED
1696,0.0,2026-04-26 15:32:31.549625,2026-04-26 15:32:32.135896,0 days 00:00:00.586271,20.48948154887769,19.9983100337971,1.588068260995607,Au,PRUNED
1697,0.0,2026-04-26 15:32:31.530269,2026-04-26 15:32:32.269548,0 days 00:00:00.739279,34.09515743941721,19.733757036185548,1.9730610569493112,Au,PRUNED
1698,0.0,2026-04-26 15:32:31.735432,2026-04-26 15:32:32.598509,0 days 00:00:00.863077,20.75469185476469,16.993959487283554,1.7845462746796268,Au,PRUNED
1699,0.0,2026-04-26 15:32:31.790424,2026-04-26 15:32:32.630958,0 days 00:00:00.840534,36.04849714600009,17.184794042649184,1.9487642437121349,Au,PRUNED
1700,-3.7593984962402023,2026-04-26 15:32:31.826949,2026-04-26 15:32:32.473064,0 days 00:00:00.646115,31.768263794847904,17.21054488764599,1.6022087762571413,Cu,PRUNED
1701,0.0,2026-04-26 15:32:31.933320,2026-04-26 15:32:32.709201,0 days 00:00:00.775881,20.338103961836865,19.654084714581895,1.512176071683648,Au,PRUNED
1702,-8.403361344536819,2026-04-26 15:32:32.169533,2026-04-26 15:32:33.212531,0 days 00:00:01.042998,21.127909998061217,19.79082976902037,1.8567474006722064,Au,PRUNED
1703,0.0,2026-04-26 15:32:32.391703,2026-04-26 15:32:33.028091,0 days 00:00:00.636388,20.083372429265424,16.062251866274273,1.5219504784098896,Au,PRUNED
1704,-10.989010989010133,2026-04-26 15:32:32.414579,2026-04-26 15:32:33.385930,0 days 00:00:00.971351,92.8263337105285,4.345388961891347,0.47451079292558673,Au,PRUNED
1705,0.0,2026-04-26 15:32:32.445734,2026-04-26 15:32:33.026425,0 days 00:00:00.580691,20.061247262696465,18.172047104013124,1.6196450850829078,Au,PRUNED
1706,0.0,2026-04-26 15:32:32.566735,2026-04-26 15:32:33.181565,0 days 00:00:00.614830,20.18726097480324,17.3859245079606,1.7639919234805166,Au,PRUNED
1707,-8.928571428570304,2026-04-26 15:32:32.675380,2026-04-26 15:32:33.422451,0 days 00:00:00.747071,21.626174925639173,19.81806019472494,1.7337246763624228,Au,PRUNED
1708,-1.1806375442738872,2026-04-26 15:32:32.740147,2026-04-26 15:32:33.315977,0 days 00:00:00.575830,106.12188279185833,14.658529710887244,1.8457561635799111,Au,PRUNED
1709,-3.7593984962402023,2026-04-26 15:32:32.796656,2026-04-26 15:32:33.260460,0 days 00:00:00.463804,25.240935072957477,19.970786665869564,1.8094464172199558,Cu,PRUNED
1710,-543.0194805194183,2026-04-26 15:32:33.140646,2026-04-26 15:32:33.899591,0 days 00:00:00.758945,20.40954424874952,19.76913214405836,1.9343995307511739,Au,COMPLETE
1711,23.05961754780614,2026-04-26 15:32:33.213538,2026-04-26 15:32:33.825334,0 days 00:00:00.611796,96.83802919140801,10.846366103790524,0.2642367834080964,Cu,PRUNED
1712,0.0,2026-04-26 15:32:33.280161,2026-04-26 15:32:33.978068,0 days 00:00:00.697907,33.66866834802158,19.98546674655158,1.6004919452309059,Au,PRUNED
1713,-542.694805194743,2026-04-26 15:32:33.322627,2026-04-26 15:32:34.043104,0 days 00:00:00.720477,20.39824227331303,19.88876908147816,1.8077844215378052,Au,COMPLETE
1714,-8.928571428570304,2026-04-26 15:32:33.356994,2026-04-26 15:32:33.891504,0 days 00:00:00.534510,21.61282635929728,19.994419174168893,1.8714650673084294,Au,PRUNED
1715,0.0,2026-04-26 15:32:33.447847,2026-04-26 15:32:34.175443,0 days 00:00:00.727596,34.523091507354124,19.976501092052573,1.7131859288115665,Au,PRUNED
1716,0.0,2026-04-26 15:32:33.498084,2026-04-26 15:32:34.171816,0 days 00:00:00.673732,109.32923622644063,16.17830913664598,1.2684020758986247,Ag,PRUNED
1717,140.65934065933618,2026-04-26 15:32:33.513862,2026-04-26 15:32:34.041807,0 days 00:00:00.527945,33.04705591730374,17.06660221797978,1.4302373307869942,Au,PRUNED
1718,0.0,2026-04-26 15:32:33.900166,2026-04-26 15:32:34.794499,0 days 00:00:00.894333,36.850677873513014,17.195092098742954,1.295932507143466,Au,PRUNED
1719,0.0,2026-04-26 15:32:34.029436,2026-04-26 15:32:34.936028,0 days 00:00:00.906592,42.885751558258505,15.867443047634813,1.1423553000832698,Cu,PRUNED
1720,0.0,2026-04-26 15:32:34.099242,2026-04-26 15:32:34.653899,0 days 00:00:00.554657,35.73015361714892,17.281793247631462,1.9791627220205341,Au,PRUNED
1721,0.0,2026-04-26 15:32:34.108426,2026-04-26 15:32:34.699305,0 days 00:00:00.590879,20.377155237854435,19.940465312680175,1.5234518103185462,Au,PRUNED
1722,0.0,2026-04-26 15:32:34.199414,2026-04-26 15:32:34.794499,0 days 00:00:00.595085,36.38483651053253,19.955625340246566,1.2631181477920557,Au,PRUNED
1723,0.0,2026-04-26 15:32:34.271713,2026-04-26 15:32:34.824205,0 days 00:00:00.552492,20.50704626771066,17.857254562408187,1.991127639602171,Au,PRUNED
1724,0.0,2026-04-26 15:32:34.330170,2026-04-26 15:32:35.357154,0 days 00:00:01.026984,20.160761611073678,14.813976792026143,1.6585949808173799,Au,PRUNED
1725,0.0,2026-04-26 15:32:34.354098,2026-04-26 15:32:35.026721,0 days 00:00:00.672623,20.767509737967874,19.733496505765917,1.4498775169806086,Au,PRUNED
1726,0.0,2026-04-26 15:32:34.771035,2026-04-26 15:32:35.556042,0 days 00:00:00.785007,35.79146968293302,17.15625581539437,1.4505197707179307,Au,PRUNED
1727,0.0,2026-04-26 15:32:34.875419,2026-04-26 15:32:35.556042,0 days 00:00:00.680623,34.292435627430294,16.747228566934925,1.7482209090312666,Au,PRUNED
1728,-22.321428571425763,2026-04-26 15:32:34.906639,2026-04-26 15:32:35.570706,0 days 00:00:00.664067,29.32098342268543,19.623001152267044,1.6749360298706357,Ag,PRUNED
1729,0.0,2026-04-26 15:32:34.939203,2026-04-26 15:32:35.486546,0 days 00:00:00.547343,49.96160233503436,17.39340068599174,1.6021809630289994,Au,PRUNED
1730,0.0,2026-04-26 15:32:35.017497,2026-04-26 15:32:35.554457,0 days 00:00:00.536960,36.56934440277022,16.89052305034452,1.5041342534414635,Au,PRUNED
1731,0.0,2026-04-26 15:32:35.062377,2026-04-26 15:32:35.773134,0 days 00:00:00.710757,33.569049309109495,17.166564594371753,1.6658151896789455,Au,PRUNED
1732,0.0,2026-04-26 15:32:35.155480,2026-04-26 15:32:36.070196,0 days 00:00:00.914716,20.199091771597743,17.804103553676025,1.7401388855028426,Au,PRUNED
1733,7.518796992480405,2026-04-26 15:32:35.515922,2026-04-26 15:32:36.410197,0 days 00:00:00.894275,30.310276437911128,17.41644859024968,1.2187935165902468,Au,PRUNED
1734,0.0,2026-04-26 15:32:35.589080,2026-04-26 15:32:36.338751,0 days 00:00:00.749671,21.24261815891813,16.8913765881203,1.8389506982854547,Au,PRUNED
1735,0.0,2026-04-26 15:32:35.644513,2026-04-26 15:32:36.338751,0 days 00:00:00.694238,39.5274906151063,19.293092433003448,1.992678178066667,Au,PRUNED
1736,0.0,2026-04-26 15:32:35.697131,2026-04-26 15:32:36.379865,0 days 00:00:00.682734,21.048940870342104,16.727549987310784,1.334162913767,Au,PRUNED
1737,0.0,2026-04-26 15:32:35.726553,2026-04-26 15:32:36.488816,0 days 00:00:00.762263,34.87194859037767,19.915979315745712,1.9949896259580355,Au,PRUNED
1738,0.0,2026-04-26 15:32:35.759046,2026-04-26 15:32:36.426347,0 days 00:00:00.667301,20.599920810452584,19.706212652402844,1.557396262668414,Au,PRUNED
1739,139.56043956043513,2026-04-26 15:32:35.848487,2026-04-26 15:32:36.819479,0 days 00:00:00.970992,33.48153645656441,16.790452373926897,1.7773884514481233,Au,PRUNED
1740,-8.403361344536819,2026-04-26 15:32:36.241912,2026-04-26 15:32:36.941656,0 days 00:00:00.699744,21.024904667698795,19.80287137066531,1.929981325307761,Au,PRUNED
1741,4.2016806722684095,2026-04-26 15:32:36.461447,2026-04-26 15:32:37.080263,0 days 00:00:00.618816,24.46329863949708,19.978388755585286,1.5498131031320848,Au,PRUNED
1742,-0.5952380952380847,2026-04-26 15:32:36.495328,2026-04-26 15:32:37.108901,0 days 00:00:00.613573,93.58886712835152,19.938150465706265,1.7317100795017222,Au,PRUNED
1743,0.0,2026-04-26 15:32:36.537847,2026-04-26 15:32:37.136059,0 days 00:00:00.598212,20.34538846103853,16.135244271784142,1.6294468876666173,Au,PRUNED
1744,-28.571428571417115,2026-04-26 15:32:36.562270,2026-04-26 15:32:37.235147,0 days 00:00:00.672877,61.83554287200063,2.530574270485177,1.6117418672881894,Ag,PRUNED
1745,139.56043956043513,2026-04-26 15:32:36.585384,2026-04-26 15:32:37.450592,0 days 00:00:00.865208,35.352490490421644,16.987167252106826,1.0932494999463054,Au,PRUNED
1746,-11.904761904760573,2026-04-26 15:32:36.639217,2026-04-26 15:32:37.162373,0 days 00:00:00.523156,63.06310525676583,3.5678855410875947,1.1260235566413852,Cu,PRUNED
1747,0.0,2026-04-26 15:32:37.191856,2026-04-26 15:32:38.014256,0 days 00:00:00.822400,20.966061348511683,17.106935908256062,1.7472889831522207,Au,PRUNED
1748,0.0,2026-04-26 15:32:37.109901,2026-04-26 15:32:38.057584,0 days 00:00:00.947683,20.961667270154585,16.544132584429136,1.9777005699782046,Au,PRUNED
1749,0.0,2026-04-26 15:32:37.140645,2026-04-26 15:32:38.089596,0 days 00:00:00.948951,20.106186931540208,19.7005360634046,1.9828353114247868,Au,PRUNED
1750,0.0,2026-04-26 15:32:37.252449,2026-04-26 15:32:38.089596,0 days 00:00:00.837147,36.17617183194575,19.96039394523428,1.1363396027032988,Au,PRUNED
1751,0.0,2026-04-26 15:32:37.285534,2026-04-26 15:32:37.968410,0 days 00:00:00.682876,33.65432053732533,17.249462305300085,1.5335261410219434,Au,PRUNED
1752,0.0,2026-04-26 15:32:37.330404,2026-04-26 15:32:37.834890,0 days 00:00:00.504486,34.939018948040165,16.911538146262146,1.7631903912570535,Au,PRUNED
1753,0.0,2026-04-26 15:32:37.395501,2026-04-26 15:32:38.043084,0 days 00:00:00.647583,20.083540141825964,16.54438286207222,1.658781961469082,Au,PRUNED
1754,0.0,2026-04-26 15:32:37.521532,2026-04-26 15:32:37.972636,0 days 00:00:00.451104,35.7145201753698,16.871113062553235,1.7505458882553377,Au,PRUNED
1755,-13.227513227512237,2026-04-26 15:32:37.883943,2026-04-26 15:32:38.785226,0 days 00:00:00.901283,32.523871428534,17.2494843440238,1.8963901739435838,Ag,PRUNED
1756,0.0,2026-04-26 15:32:38.139170,2026-04-26 15:32:38.640312,0 days 00:00:00.501142,20.06514094678585,19.78554745625142,1.6036180834747447,Au,PRUNED
1757,0.0,2026-04-26 15:32:38.154368,2026-04-26 15:32:38.757698,0 days 00:00:00.603330,30.70316920122091,19.87819867830134,1.681772557083558,Au,PRUNED
1758,0.0,2026-04-26 15:32:38.183565,2026-04-26 15:32:38.614764,0 days 00:00:00.431199,33.34673262956242,19.75326317144791,1.7412150339407404,Au,PRUNED
1759,0.0,2026-04-26 15:32:38.205241,2026-04-26 15:32:38.786232,0 days 00:00:00.580991,21.05507831424673,15.594921231923943,1.614048710585457,Cu,PRUNED
1760,0.0,2026-04-26 15:32:38.262608,2026-04-26 15:32:39.059258,0 days 00:00:00.796650,20.12034478753384,18.209605502030378,1.627388245744915,Au,PRUNED
1761,143.9560439560394,2026-04-26 15:32:38.276630,2026-04-26 15:32:39.116688,0 days 00:00:00.840058,31.29276986138538,17.079305385052884,1.4292624155818145,Au,PRUNED
1762,-558.441558441493,2026-04-26 15:32:38.326286,2026-04-26 15:32:39.037944,0 days 00:00:00.711658,20.800910853388398,19.912101482089444,1.658320809737317,Au,COMPLETE
1763,0.0,2026-04-26 15:32:38.685746,2026-04-26 15:32:39.156169,0 days 00:00:00.470423,33.204893106275485,19.862303405775016,1.400264932742516,Au,PRUNED
1764,0.0,2026-04-26 15:32:38.699435,2026-04-26 15:32:39.067967,0 days 00:00:00.368532,38.059330886717575,17.276810512085774,1.7922853210279097,Au,PRUNED
1765,0.0,2026-04-26 15:32:38.893653,2026-04-26 15:32:39.836001,0 days 00:00:00.942348,35.503001735420916,18.28173550716388,1.7033504454318151,Au,PRUNED
1766,0.0,2026-04-26 15:32:38.832051,2026-04-26 15:32:39.739736,0 days 00:00:00.907685,33.63943214637816,17.551483462756813,1.4981021021548575,Au,PRUNED
1767,0.0,2026-04-26 15:32:39.015371,2026-04-26 15:32:39.711437,0 days 00:00:00.696066,39.50171241680901,19.968261728369388,1.4263167196534432,Au,PRUNED
1768,0.0,2026-04-26 15:32:39.158628,2026-04-26 15:32:40.042557,0 days 00:00:00.883929,20.624280847447544,19.566599782507755,1.0281497408568927,Au,PRUNED
1769,-2.678571428571359,2026-04-26 15:32:39.195248,2026-04-26 15:32:39.790010,0 days 00:00:00.594762,97.66957464537084,4.765430185206214,1.232431184776197,Ag,PRUNED
1770,0.0,2026-04-26 15:32:39.209211,2026-04-26 15:32:39.680318,0 days 00:00:00.471107,20.041361118961714,19.757621935783828,1.8040868365768832,Au,PRUNED
1771,-582.6703562780336,2026-04-26 15:32:39.231181,2026-04-26 15:32:39.710437,0 days 00:00:00.479256,20.8802388754304,19.98015138224041,1.7840285624132124,Au,COMPLETE
1772,0.0,2026-04-26 15:32:39.289693,2026-04-26 15:32:39.881472,0 days 00:00:00.591779,34.42288050066544,19.916746996969106,1.815058842899988,Au,PRUNED
1773,0.0,2026-04-26 15:32:39.805800,2026-04-26 15:32:40.376550,0 days 00:00:00.570750,34.25215806180215,17.20783277065396,1.3520553600884537,Au,PRUNED
1774,0.0,2026-04-26 15:32:39.853616,2026-04-26 15:32:40.502411,0 days 00:00:00.648795,41.479959027239644,19.983476542922382,1.8686715615442338,Au,PRUNED
1775,-0.5760368663594372,2026-04-26 15:32:39.863581,2026-04-26 15:32:40.655856,0 days 00:00:00.792275,115.84579741586768,5.451432808052944,1.6606406124441673,Au,PRUNED
1776,0.0,2026-04-26 15:32:39.905917,2026-04-26 15:32:40.936544,0 days 00:00:01.030627,20.55273201998085,16.930231981769918,1.4337062185366374,Au,PRUNED
1777,0.0,2026-04-26 15:32:39.945252,2026-04-26 15:32:40.535065,0 days 00:00:00.589813,35.264454052527405,19.686137945361743,1.5971278856611075,Au,PRUNED
1778,-1.0660980810234213,2026-04-26 15:32:39.975381,2026-04-26 15:32:40.672076,0 days 00:00:00.696695,20.039439292351844,18.47228411789475,1.7387274054734791,Ag,PRUNED
1779,0.0,2026-04-26 15:32:40.048568,2026-04-26 15:32:40.717954,0 days 00:00:00.669386,38.43113871214301,19.87685306565247,1.4016746765087538,Au,PRUNED
1780,0.0,2026-04-26 15:32:40.116509,2026-04-26 15:32:40.686614,0 days 00:00:00.570105,20.135097828240227,19.51868291406462,1.579744053664469,Au,PRUNED
1781,0.0,2026-04-26 15:32:40.531554,2026-04-26 15:32:41.589096,0 days 00:00:01.057542,21.266656357239857,17.53036774380272,1.0420403805116807,Au,PRUNED
1782,0.0,2026-04-26 15:32:40.736167,2026-04-26 15:32:41.698629,0 days 00:00:00.962462,20.477460216998022,16.61375814213715,1.4542895361751629,Au,PRUNED
1783,0.0,2026-04-26 15:32:40.767416,2026-04-26 15:32:41.516528,0 days 00:00:00.749112,20.156532942312065,19.789044976408835,1.3015679774865505,Au,PRUNED
1784,0.0,2026-04-26 15:32:40.797722,2026-04-26 15:32:41.398273,0 days 00:00:00.600551,33.32045017722715,19.92120594082745,1.9986542687328646,Au,PRUNED
1785,0.0,2026-04-26 15:32:40.814386,2026-04-26 15:32:41.439963,0 days 00:00:00.625577,33.818276989052606,17.237277884523856,1.794965227607808,Au,PRUNED
1786,-12.605042016805228,2026-04-26 15:32:40.869587,2026-04-26 15:32:41.601544,0 days 00:00:00.731957,22.373542426809426,19.725846967659972,1.0926993038754482,Au,PRUNED
1787,0.0,2026-04-26 15:32:40.893526,2026-04-26 15:32:41.838156,0 days 00:00:00.944630,20.012072228862394,19.956639268591246,1.5658441970259038,Au,PRUNED
1788,0.0,2026-04-26 15:32:41.046972,2026-04-26 15:32:41.605584,0 days 00:00:00.558612,34.073956443240675,19.813745444373083,1.8574086537524648,Au,PRUNED
1789,-6.912442396312913,2026-04-26 15:32:41.547997,2026-04-26 15:32:42.196850,0 days 00:00:00.648853,23.148499393152683,19.7522092548834,1.516851064104436,Ag,PRUNED
1790,146.1538461538415,2026-04-26 15:32:41.605584,2026-04-26 15:32:42.375201,0 days 00:00:00.769617,25.823734077423765,19.989403127946204,1.7575495501008782,Au,PRUNED
1791,0.0,2026-04-26 15:32:41.652833,2026-04-26 15:32:42.415534,0 days 00:00:00.762701,20.437444207728877,19.980790318101043,1.3861713673964062,Au,PRUNED
1792,0.0,2026-04-26 15:32:41.733886,2026-04-26 15:32:42.541820,0 days 00:00:00.807934,20.738873842336087,17.77751532885569,1.6540188624172225,Au,PRUNED
1793,0.0,2026-04-26 15:32:41.748165,2026-04-26 15:32:42.374632,0 days 00:00:00.626467,20.728790586753927,17.250780536653433,1.473279827937685,Au,PRUNED
1794,0.0,2026-04-26 15:32:41.796538,2026-04-26 15:32:42.402486,0 days 00:00:00.605948,33.85623404701199,19.787156886082894,1.3346847693925756,Au,PRUNED
1795,0.0,2026-04-26 15:32:41.826049,2026-04-26 15:32:42.375201,0 days 00:00:00.549152,20.104593575329787,19.100605683647082,1.610369548200851,Au,PRUNED
1796,7.936507936507047,2026-04-26 15:32:41.921674,2026-04-26 15:32:42.743557,0 days 00:00:00.821883,24.861653151652597,19.921839903213947,1.6275584445157623,Au,PRUNED
1797,-542.694805194743,2026-04-26 15:32:42.308323,2026-04-26 15:32:43.207927,0 days 00:00:00.899604,20.73899776048723,19.82455337439198,1.6118593640010705,Au,COMPLETE
1798,0.0,2026-04-26 15:32:42.460606,2026-04-26 15:32:43.166891,0 days 00:00:00.706285,38.761458744902896,19.93093446526252,1.7525796586127518,Au,PRUNED
1799,0.0,2026-04-26 15:32:42.511232,2026-04-26 15:32:43.180962,0 days 00:00:00.669730,23.695793059607468,19.909781486517744,1.750492079467946,Au,PRUNED
1800,-5.102040816325797,2026-04-26 15:32:42.591500,2026-04-26 15:32:43.207927,0 days 00:00:00.616427,39.11707085529471,19.89300223235362,1.1393999737183775,Ag,PRUNED
1801,0.0,2026-04-26 15:32:42.620316,2026-04-26 15:32:43.382548,0 days 00:00:00.762232,20.488662975967635,17.870693442838856,1.7582895742133382,Au,PRUNED
1802,-3.9682539682537445,2026-04-26 15:32:42.688245,2026-04-26 15:32:43.262696,0 days 00:00:00.574451,24.428234584773158,12.002420685340622,0.6908418950522527,Cu,PRUNED
1803,0.0,2026-04-26 15:32:42.787226,2026-04-26 15:32:43.609789,0 days 00:00:00.822563,20.067945422529384,19.26746402596192,1.3311654675412186,Au,PRUNED
1804,0.0,2026-04-26 15:32:42.826722,2026-04-26 15:32:43.892808,0 days 00:00:01.066086,36.88909994211919,17.49287695894771,1.614643480394101,Au,PRUNED
1805,0.0,2026-04-26 15:32:43.296613,2026-04-26 15:32:44.305409,0 days 00:00:01.008796,32.661262651874445,19.799567407151176,1.7798350886484917,Au,PRUNED
1806,0.0,2026-04-26 15:32:43.308544,2026-04-26 15:32:44.008215,0 days 00:00:00.699671,39.21461903603725,19.99560539906586,1.3799534805323919,Au,PRUNED
1807,0.0,2026-04-26 15:32:43.360913,2026-04-26 15:32:44.273385,0 days 00:00:00.912472,20.38090629236873,19.231715475357444,1.262934875706991,Au,PRUNED
1808,-1.7281105990783117,2026-04-26 15:32:43.400989,2026-04-26 15:32:44.231065,0 days 00:00:00.830076,118.74566264929041,11.530991145399563,1.13776318978669,Ag,PRUNED
1809,0.0,2026-04-26 15:32:43.432239,2026-04-26 15:32:44.023788,0 days 00:00:00.591549,20.092194233561468,19.800492184290576,1.8648112131362495,Au,PRUNED
1810,0.0,2026-04-26 15:32:43.540765,2026-04-26 15:32:44.197570,0 days 00:00:00.656805,20.554880211116426,16.018959378704615,1.681748248748802,Au,PRUNED
1811,0.0,2026-04-26 15:32:43.710071,2026-04-26 15:32:44.188426,0 days 00:00:00.478355,21.05281301209633,17.143949098077766,1.7165313172227012,Au,PRUNED
1812,0.0,2026-04-26 15:32:44.070204,2026-04-26 15:32:44.874213,0 days 00:00:00.804009,20.981617650703967,17.112239110232263,1.9749067900245667,Au,PRUNED
1813,0.0,2026-04-26 15:32:44.109710,2026-04-26 15:32:45.311386,0 days 00:00:01.201676,20.279490246527377,16.82857021206624,1.960854732322441,Au,PRUNED
1814,-1.2106537530266126,2026-04-26 15:32:44.145889,2026-04-26 15:32:44.969214,0 days 00:00:00.823325,79.37910920493562,19.66233404786106,0.36907413875432526,Au,PRUNED
1815,0.0,2026-04-26 15:32:44.245396,2026-04-26 15:32:44.968701,0 days 00:00:00.723305,33.95784856873115,19.978780426483944,1.5891299412600914,Au,PRUNED
1816,141.75824175823726,2026-04-26 15:32:44.337770,2026-04-26 15:32:45.155904,0 days 00:00:00.818134,31.432807695921056,17.42643844878305,1.539603237193931,Au,PRUNED
1817,0.0,2026-04-26 15:32:44.436405,2026-04-26 15:32:45.204266,0 days 00:00:00.767861,33.187345418540716,17.629749242000596,1.7222482004049198,Au,PRUNED
1818,0.0,2026-04-26 15:32:44.461172,2026-04-26 15:32:45.044112,0 days 00:00:00.582940,33.256410214429934,19.94836953260933,1.664695733708071,Au,PRUNED
1819,140.65934065933618,2026-04-26 15:32:44.528160,2026-04-26 15:32:44.969214,0 days 00:00:00.441054,33.25469741255631,17.134081798535277,1.563112725380071,Au,PRUNED
1820,-8.403361344536819,2026-04-26 15:32:45.065858,2026-04-26 15:32:45.957270,0 days 00:00:00.891412,22.188574578636,19.557455897625733,1.7161547945970472,Au,PRUNED
1821,140.65934065933618,2026-04-26 15:32:45.096462,2026-04-26 15:32:45.874623,0 days 00:00:00.778161,34.26708184075467,16.89643464994528,1.1357335623414846,Au,PRUNED
1822,2.5510204081630805,2026-04-26 15:32:45.129229,2026-04-26 15:32:45.832013,0 days 00:00:00.702784,39.610476219259695,16.4392120734607,1.8849027265359402,Cu,PRUNED
1823,0.0,2026-04-26 15:32:45.174481,2026-04-26 15:32:45.949324,0 days 00:00:00.774843,20.137706095337904,19.604695837055196,1.4250907433375248,Au,PRUNED
1824,0.0,2026-04-26 15:32:45.238867,2026-04-26 15:32:45.877185,0 days 00:00:00.638318,24.217618574516734,19.96106646220217,1.177959095910214,Au,PRUNED
1825,-1.0351966873705694,2026-04-26 15:32:45.284888,2026-04-26 15:32:46.027881,0 days 00:00:00.742993,56.48786352360461,16.084119930775923,1.9465285408450193,Au,PRUNED
1826,-10.714285714284633,2026-04-26 15:32:45.316576,2026-04-26 15:32:45.966524,0 days 00:00:00.649948,23.532607669310956,18.969249177917806,1.5824961649924298,Cu,PRUNED
1827,0.0,2026-04-26 15:32:45.447298,2026-04-26 15:32:46.574386,0 days 00:00:01.127088,20.31314978632511,19.73631202683041,1.8098943892439192,Au,PRUNED
1828,0.0,2026-04-26 15:32:45.921606,2026-04-26 15:32:46.872864,0 days 00:00:00.951258,26.712376580805852,19.986375399566864,1.5690769068465678,Au,PRUNED
1829,0.0,2026-04-26 15:32:45.965973,2026-04-26 15:32:46.901261,0 days 00:00:00.935288,20.28684803386175,19.84271381792864,1.646488814900239,Au,PRUNED
1830,0.0,2026-04-26 15:32:46.029905,2026-04-26 15:32:46.870272,0 days 00:00:00.840367,50.410955287101444,19.87345854715775,1.6536652007638648,Au,PRUNED
1831,140.65934065933618,2026-04-26 15:32:46.060457,2026-04-26 15:32:46.829176,0 days 00:00:00.768719,32.65635496019421,17.018082909057775,1.7661078725032704,Au,PRUNED
1832,0.0,2026-04-26 15:32:46.092356,2026-04-26 15:32:46.829176,0 days 00:00:00.736820,20.793133137672516,19.262907059227846,1.7466390998887926,Au,PRUNED
1833,-4.761904761904122,2026-04-26 15:32:46.108166,2026-04-26 15:32:46.651221,0 days 00:00:00.543055,34.95885921515222,19.941131177143305,1.8853743966597447,Ag,PRUNED
1834,0.0,2026-04-26 15:32:46.141236,2026-04-26 15:32:46.875453,0 days 00:00:00.734217,33.88663513474151,17.154495765319847,1.4267379684454036,Au,PRUNED
1835,0.0,2026-04-26 15:32:46.725340,2026-04-26 15:32:47.384296,0 days 00:00:00.658956,20.41853031997001,16.959401586185802,1.4613224131034421,Au,PRUNED
1836,0.5714285714285617,2026-04-26 15:32:46.791814,2026-04-26 15:32:47.462375,0 days 00:00:00.670561,101.25936215100808,19.30545387189335,1.1198938120682118,Ag,PRUNED
1837,0.0,2026-04-26 15:32:46.972859,2026-04-26 15:32:47.492408,0 days 00:00:00.519549,33.68456491317867,19.853055259386075,1.7316418948344572,Au,PRUNED
1838,-16.233766233764744,2026-04-26 15:32:46.982657,2026-04-26 15:32:47.679361,0 days 00:00:00.696704,38.97143629113709,15.400935927406277,1.406768881153691,Ag,PRUNED
1839,0.0,2026-04-26 15:32:46.996361,2026-04-26 15:32:47.750951,0 days 00:00:00.754590,20.11038927099288,19.975550895462522,1.6239751500481434,Au,PRUNED
1840,0.0,2026-04-26 15:32:47.014530,2026-04-26 15:32:47.607764,0 days 00:00:00.593234,36.593494693352824,17.281565458684966,1.7722663626810715,Au,PRUNED
1841,0.0,2026-04-26 15:32:47.029037,2026-04-26 15:32:47.731977,0 days 00:00:00.702940,20.316480925833666,19.71768755208955,1.3731112076840386,Au,PRUNED
1842,-11.278195488720607,2026-04-26 15:32:47.081694,2026-04-26 15:32:47.804764,0 days 00:00:00.723070,31.04202437695819,13.784858174586898,1.690766043299891,Au,PRUNED
1843,0.0,2026-04-26 15:32:47.518746,2026-04-26 15:32:48.220826,0 days 00:00:00.702080,20.32731771438372,19.280428746276936,1.628952096325277,Au,PRUNED
1844,0.0,2026-04-26 15:32:47.611201,2026-04-26 15:32:48.738139,0 days 00:00:01.126938,33.950886592278984,19.521210056557106,1.9843416043704334,Au,PRUNED
1845,0.0,2026-04-26 15:32:47.695191,2026-04-26 15:32:48.347125,0 days 00:00:00.651934,110.96311451653673,17.685174386757826,1.1934496226227354,Cu,PRUNED
1846,0.0,2026-04-26 15:32:47.774666,2026-04-26 15:32:48.456599,0 days 00:00:00.681933,32.33567348845678,18.029320945550424,1.995474709945229,Au,PRUNED
1847,-0.5760368663594372,2026-04-26 15:32:47.830139,2026-04-26 15:32:48.501557,0 days 00:00:00.671418,89.14746228261622,11.56833296739937,0.6018303646564589,Au,PRUNED
1848,-7.936507936507047,2026-04-26 15:32:47.818280,2026-04-26 15:32:48.481556,0 days 00:00:00.663276,29.595485307516753,2.505256320108531,1.7434822986204186,Ag,PRUNED
1849,0.0,2026-04-26 15:32:47.866696,2026-04-26 15:32:48.583914,0 days 00:00:00.717218,20.023196748222755,14.10468772268215,1.607625470962607,Au,PRUNED
1850,0.0,2026-04-26 15:32:48.052565,2026-04-26 15:32:48.800308,0 days 00:00:00.747743,20.265053661844636,17.670088020389795,1.9708645581131066,Au,PRUNED
1851,0.0,2026-04-26 15:32:48.401518,2026-04-26 15:32:49.360919,0 days 00:00:00.959401,20.083359141976054,17.17173422750953,1.451181712239799,Au,PRUNED
1852,0.0,2026-04-26 15:32:48.429452,2026-04-26 15:32:49.232084,0 days 00:00:00.802632,35.073176669303336,16.431186845382715,1.9681671619183394,Au,PRUNED
1853,-2.3612750885477745,2026-04-26 15:32:48.554986,2026-04-26 15:32:49.231084,0 days 00:00:00.676098,89.87040541225367,5.6987394973861125,1.9653430827636829,Cu,PRUNED
1854,0.0,2026-04-26 15:32:48.615196,2026-04-26 15:32:49.568733,0 days 00:00:00.953537,22.685764367622603,5.065892674049024,1.9474938917740592,Au,PRUNED
1855,0.0,2026-04-26 15:32:48.674781,2026-04-26 15:32:49.642730,0 days 00:00:00.967949,51.95423351250716,17.020897519365704,1.5783518429853687,Au,PRUNED
1856,141.75824175823726,2026-04-26 15:32:48.708456,2026-04-26 15:32:49.326777,0 days 00:00:00.618321,31.810886147115987,17.06617148496514,1.5939996504739824,Au,PRUNED
1857,-8.928571428570304,2026-04-26 15:32:48.816766,2026-04-26 15:32:49.642730,0 days 00:00:00.825964,21.37452398080921,19.943314668052135,1.769437689326967,Au,PRUNED
1858,0.0,2026-04-26 15:32:48.889126,2026-04-26 15:32:49.660340,0 days 00:00:00.771214,30.733149080541043,19.77510842194442,1.4517812413991142,Au,PRUNED
1859,0.0,2026-04-26 15:32:49.331862,2026-04-26 15:32:50.036324,0 days 00:00:00.704462,20.876244155981215,18.12798934419102,1.6641348622366112,Au,PRUNED
1860,-1.0660980810234213,2026-04-26 15:32:49.490812,2026-04-26 15:32:50.366628,0 days 00:00:00.875816,20.92409310318999,19.71526618694976,0.9339009147175108,Ag,PRUNED
1861,0.0,2026-04-26 15:32:49.540933,2026-04-26 15:32:50.112737,0 days 00:00:00.571804,38.801828540123644,19.848926497531654,1.6005018012094037,Au,PRUNED
1862,0.0,2026-04-26 15:32:49.587531,2026-04-26 15:32:50.379621,0 days 00:00:00.792090,59.63917204977722,10.935475177006511,1.0925028932867615,Au,PRUNED
1863,0.0,2026-04-26 15:32:49.695268,2026-04-26 15:32:50.238563,0 days 00:00:00.543295,37.81951416088401,19.934245734609924,1.5330957881011253,Au,PRUNED
1864,0.0,2026-04-26 15:32:49.732987,2026-04-26 15:32:50.279915,0 days 00:00:00.546928,32.60721464411405,19.936810574785806,1.9146784919782163,Au,PRUNED
1865,0.0,2026-04-26 15:32:49.757102,2026-04-26 15:32:50.379621,0 days 00:00:00.622519,20.659929372642573,17.759892896090562,1.637354735365477,Au,PRUNED
1866,0.0,2026-04-26 15:32:49.816335,2026-04-26 15:32:50.907445,0 days 00:00:01.091110,20.35114411073476,17.03530046590013,1.85868273250522,Au,PRUNED
1867,0.0,2026-04-26 15:32:50.208204,2026-04-26 15:32:50.829625,0 days 00:00:00.621421,22.00878739600165,17.265323735357416,1.174080120603487,Cu,PRUNED
1868,0.0,2026-04-26 15:32:50.280916,2026-04-26 15:32:51.079434,0 days 00:00:00.798518,34.29707457367897,17.22440529408844,1.979723478671952,Au,PRUNED
1869,0.0,2026-04-26 15:32:50.322460,2026-04-26 15:32:51.007497,0 days 00:00:00.685037,41.78003658188343,19.98921550379267,1.4468941400649746,Au,PRUNED
1870,142.8571428571383,2026-04-26 15:32:50.367633,2026-04-26 15:32:51.190176,0 days 00:00:00.822543,31.69045325720736,17.11141474109348,1.3707771323249487,Au,PRUNED
1871,0.0,2026-04-26 15:32:50.453694,2026-04-26 15:32:51.328072,0 days 00:00:00.874378,20.26841954815313,19.99505095598854,1.2956984879487354,Au,PRUNED
1872,0.0,2026-04-26 15:32:50.488735,2026-04-26 15:32:51.189175,0 days 00:00:00.700440,20.521951988682165,17.150731408718244,1.8098596500849693,Au,PRUNED
1873,140.65934065933618,2026-04-26 15:32:50.584059,2026-04-26 15:32:51.050201,0 days 00:00:00.466142,32.355565628245316,17.356326659704656,1.6796534645349561,Au,PRUNED
1874,0.0,2026-04-26 15:32:51.052706,2026-04-26 15:32:51.783739,0 days 00:00:00.731033,30.293860831597,19.97649310061552,1.6545445270528039,Au,PRUNED
1875,-559.9132176234322,2026-04-26 15:32:51.114069,2026-04-26 15:32:52.055621,0 days 00:00:00.941552,21.086677309685143,19.826417512587664,1.5381450919196962,Au,COMPLETE
1876,139.56043956043513,2026-04-26 15:32:51.149083,2026-04-26 15:32:52.123898,0 days 00:00:00.974815,33.84732636564838,19.972272590552336,1.2300346301903426,Cu,PRUNED
1877,0.0,2026-04-26 15:32:51.157366,2026-04-26 15:32:51.956626,0 days 00:00:00.799260,31.088178037523228,19.740915120416847,1.9436425435673623,Au,PRUNED
1878,0.0,2026-04-26 15:32:51.225204,2026-04-26 15:32:51.858847,0 days 00:00:00.633643,34.16679923907655,19.722611711961775,1.7884593115884062,Au,PRUNED
1879,-10.714285714284633,2026-04-26 15:32:51.268685,2026-04-26 15:32:51.955370,0 days 00:00:00.686685,22.335529305311127,19.499876952280164,1.7577525334015889,Cu,PRUNED
1880,-12.605042016805228,2026-04-26 15:32:51.299409,2026-04-26 15:32:51.901126,0 days 00:00:00.601717,21.12630066655439,19.679412937771907,1.9330652681911737,Au,PRUNED
1881,0.0,2026-04-26 15:32:51.390707,2026-04-26 15:32:51.957636,0 days 00:00:00.566929,20.93476387948751,16.650617345945385,1.3242797990204431,Au,PRUNED
1882,-2.3228803716608195,2026-04-26 15:32:51.873853,2026-04-26 15:32:52.393844,0 days 00:00:00.519991,94.27089836502446,7.5133044992338185,1.2185727282398418,Cu,PRUNED
1883,2.463054187191946,2026-04-26 15:32:52.002710,2026-04-26 15:32:52.862089,0 days 00:00:00.859379,38.11306779072687,14.945663209557974,1.3753112906083078,Au,PRUNED
1884,0.0,2026-04-26 15:32:52.140739,2026-04-26 15:32:52.805753,0 days 00:00:00.665014,34.57981243357594,19.848217668321762,1.4118865777359595,Au,PRUNED
1885,0.0,2026-04-26 15:32:52.174217,2026-04-26 15:32:53.074165,0 days 00:00:00.899948,20.1046419332996,19.707282258336225,1.664756231751311,Au,PRUNED
1886,3.7593984962402023,2026-04-26 15:32:52.197057,2026-04-26 15:32:52.768532,0 days 00:00:00.571475,31.089347604911232,17.039053351384133,1.1649959377198844,Au,PRUNED
1887,0.0,2026-04-26 15:32:52.221344,2026-04-26 15:32:52.968425,0 days 00:00:00.747081,22.655282635604774,17.621156886815903,1.213325620486567,Au,PRUNED
1888,0.0,2026-04-26 15:32:52.241565,2026-04-26 15:32:52.981913,0 days 00:00:00.740348,20.597366855051842,16.209262271794753,1.435804978563823,Au,PRUNED
1889,0.0,2026-04-26 15:32:52.322278,2026-04-26 15:32:52.950888,0 days 00:00:00.628610,34.312777462866165,17.170223408714975,1.699401407130132,Au,PRUNED
1890,0.0,2026-04-26 15:32:52.496813,2026-04-26 15:32:53.270300,0 days 00:00:00.773487,30.953482504176677,19.985904660546034,1.478329264671513,Au,PRUNED
1891,-5.714285714285252,2026-04-26 15:32:52.808753,2026-04-26 15:32:53.698678,0 days 00:00:00.889925,26.50201141099341,8.473052393608489,0.1220200154545652,Ag,PRUNED
1892,0.0,2026-04-26 15:32:52.924062,2026-04-26 15:32:53.715833,0 days 00:00:00.791771,20.67950783988279,16.72176732083198,1.1835926732025959,Au,PRUNED
1893,0.0,2026-04-26 15:32:53.107999,2026-04-26 15:32:53.936442,0 days 00:00:00.828443,20.41961742657709,17.78636478182884,1.3813981963604915,Au,PRUNED
1894,-540.2391725920518,2026-04-26 15:32:53.169440,2026-04-26 15:32:53.762299,0 days 00:00:00.592859,20.1746868440184,19.86670120252683,1.9912154275426617,Au,COMPLETE
1895,0.0,2026-04-26 15:32:53.199747,2026-04-26 15:32:53.928574,0 days 00:00:00.728827,37.169716024941785,17.64965367775868,1.5036120847210244,Au,PRUNED
1896,0.0,2026-04-26 15:32:53.213632,2026-04-26 15:32:53.823238,0 days 00:00:00.609606,35.87760985394198,19.900758886464942,1.9845476867487024,Au,PRUNED
1897,141.75824175823726,2026-04-26 15:32:53.292921,2026-04-26 15:32:53.984935,0 days 00:00:00.692014,32.370539093398605,16.611170602067588,1.9902949619710508,Au,PRUNED
1898,-8.928571428570304,2026-04-26 15:32:53.409571,2026-04-26 15:32:54.014531,0 days 00:00:00.604960,21.929368307693153,19.874879866903836,1.5972427866628818,Au,PRUNED
1899,-8.928571428570304,2026-04-26 15:32:53.821236,2026-04-26 15:32:54.570508,0 days 00:00:00.749272,22.027461875662404,19.917952765790503,1.796526743152252,Au,PRUNED
1900,0.0,2026-04-26 15:32:53.844308,2026-04-26 15:32:54.492465,0 days 00:00:00.648157,20.53124579211854,19.85634218746555,1.6825074555439938,Cu,PRUNED
1901,0.0,2026-04-26 15:32:53.987452,2026-04-26 15:32:54.693992,0 days 00:00:00.706540,31.265948487041918,19.928467612023876,1.022115066481192,Au,PRUNED
1902,0.0,2026-04-26 15:32:54.026430,2026-04-26 15:32:54.824535,0 days 00:00:00.798105,20.096753875934454,19.58073074077358,1.218289267895008,Au,PRUNED
1903,0.0,2026-04-26 15:32:54.046806,2026-04-26 15:32:54.825055,0 days 00:00:00.778249,20.106070447435915,17.48032570391779,1.7267792718457013,Au,PRUNED
1904,0.0,2026-04-26 15:32:54.078095,2026-04-26 15:32:54.540415,0 days 00:00:00.462320,20.056595183524244,17.620040627913554,1.2551842712033112,Au,PRUNED
1905,0.0,2026-04-26 15:32:54.122531,2026-04-26 15:32:54.696763,0 days 00:00:00.574232,37.52470923813107,19.81516355386222,1.0293655127780332,Au,PRUNED
1906,0.0,2026-04-26 15:32:54.183577,2026-04-26 15:32:54.791319,0 days 00:00:00.607742,21.043120303112197,17.00357483823293,1.7170683593051725,Au,PRUNED
1907,0.0,2026-04-26 15:32:54.626351,2026-04-26 15:32:55.284146,0 days 00:00:00.657795,36.17192919017961,17.084092945980977,1.7442573300814015,Au,PRUNED
1908,0.0,2026-04-26 15:32:54.650725,2026-04-26 15:32:55.518515,0 days 00:00:00.867790,33.78000921675877,19.968384738769302,1.948936013207188,Au,PRUNED
1909,-22.321428571425763,2026-04-26 15:32:54.735793,2026-04-26 15:32:55.458174,0 days 00:00:00.722381,55.62801915668878,15.471488822744714,0.6229554774632927,Ag,PRUNED
1910,0.0,2026-04-26 15:32:54.870776,2026-04-26 15:32:55.528746,0 days 00:00:00.657970,37.41390682702689,19.999310879320852,1.7278293215406713,Au,PRUNED
1911,0.0,2026-04-26 15:32:54.890086,2026-04-26 15:32:55.600357,0 days 00:00:00.710271,34.98923459480373,19.683036717264944,1.9968682112291478,Au,PRUNED
1912,0.0,2026-04-26 15:32:54.916415,2026-04-26 15:32:55.471977,0 days 00:00:00.555562,20.50974564106224,16.298863159157158,1.984338993206432,Au,PRUNED
1913,0.0,2026-04-26 15:32:54.933882,2026-04-26 15:32:55.470315,0 days 00:00:00.536433,35.4352842878954,19.92390148157392,1.8254012792108207,Au,PRUNED
1914,0.0,2026-04-26 15:32:54.962310,2026-04-26 15:32:55.552604,0 days 00:00:00.590294,33.4085916532393,17.706880400613393,1.5620871583090796,Au,PRUNED
1915,-545.8251793867599,2026-04-26 15:32:55.444018,2026-04-26 15:32:55.988301,0 days 00:00:00.544283,20.298061303118175,19.872701158053715,1.9541814277842955,Au,COMPLETE
1916,0.0,2026-04-26 15:32:55.519537,2026-04-26 15:32:56.150730,0 days 00:00:00.631193,27.964879181450975,19.972238710191345,1.384573896676285,Au,PRUNED
1917,0.0,2026-04-26 15:32:55.633794,2026-04-26 15:32:56.235179,0 days 00:00:00.601385,34.5787494684254,19.818949571728652,1.9463340261650595,Cu,PRUNED
1918,0.0,2026-04-26 15:32:55.663227,2026-04-26 15:32:56.466263,0 days 00:00:00.803036,35.555694556458135,18.099207590174757,1.4386675192358542,Au,PRUNED
1919,0.0,2026-04-26 15:32:55.676594,2026-04-26 15:32:56.139799,0 days 00:00:00.463205,33.47061241882244,19.965118580971456,1.5541252619413302,Au,PRUNED
1920,141.75824175823726,2026-04-26 15:32:55.698508,2026-04-26 15:32:56.206735,0 days 00:00:00.508227,32.38653476202734,16.793240774263626,1.6677366476346804,Au,PRUNED
1921,0.0,2026-04-26 15:32:55.710145,2026-04-26 15:32:56.467273,0 days 00:00:00.757128,31.058055876535544,19.737317568725707,1.4590588531320638,Au,PRUNED
1922,-540.4007756948322,2026-04-26 15:32:55.829354,2026-04-26 15:32:56.547844,0 days 00:00:00.718490,20.199857648112534,19.91816530728507,1.9310971657077258,Au,COMPLETE
1923,0.0,2026-04-26 15:32:56.224559,2026-04-26 15:32:57.004268,0 days 00:00:00.779709,35.809462904129184,19.98579849657124,1.4535544096225672,Au,PRUNED
1924,-4.464285714285152,2026-04-26 15:32:56.236185,2026-04-26 15:32:56.945630,0 days 00:00:00.709445,22.765468365951328,19.879893885474825,1.713877643499304,Au,PRUNED
1925,0.0,2026-04-26 15:32:56.306932,2026-04-26 15:32:57.190185,0 days 00:00:00.883253,20.42713396279972,17.72617332587491,1.3578482741568871,Au,PRUNED
1926,142.8571428571383,2026-04-26 15:32:56.366275,2026-04-26 15:32:57.081980,0 days 00:00:00.715705,30.525965285720687,17.50466750900562,1.770912067910308,Au,PRUNED
1927,-12.605042016805228,2026-04-26 15:32:56.397320,2026-04-26 15:32:57.005275,0 days 00:00:00.607955,21.545008039733794,19.7131720134063,1.5812322803083911,Au,PRUNED
1928,145.05494505494045,2026-04-26 15:32:56.571284,2026-04-26 15:32:57.456564,0 days 00:00:00.885280,26.618003856498895,19.943657595921813,1.4229757290605365,Au,PRUNED
1929,-8.928571428570304,2026-04-26 15:32:56.698094,2026-04-26 15:32:57.405045,0 days 00:00:00.706951,21.59553681893161,19.88365740341039,1.992277045135832,Au,PRUNED
1930,0.0,2026-04-26 15:32:56.731682,2026-04-26 15:32:57.705082,0 days 00:00:00.973400,34.88661959952522,19.966367585745527,1.6913779506488913,Au,PRUNED
1931,0.0,2026-04-26 15:32:57.062001,2026-04-26 15:32:57.954033,0 days 00:00:00.892032,33.154863129294256,19.835499844341662,1.7365826530349897,Au,PRUNED
1932,142.8571428571383,2026-04-26 15:32:57.039150,2026-04-26 15:32:58.036270,0 days 00:00:00.997120,31.383707751653915,16.777381186624194,1.7773681950822897,Au,PRUNED
1933,0.0,2026-04-26 15:32:57.162957,2026-04-26 15:32:57.838188,0 days 00:00:00.675231,30.165952680062716,19.955318197931916,1.6851521591218752,Au,PRUNED
1934,0.0,2026-04-26 15:32:57.209427,2026-04-26 15:32:57.970674,0 days 00:00:00.761247,51.819061225559,17.673093355688763,1.3315204871670994,Au,PRUNED
1935,0.0,2026-04-26 15:32:57.303880,2026-04-26 15:32:58.114723,0 days 00:00:00.810843,20.347576765721975,16.913862101022136,1.8861788867373857,Au,PRUNED
1936,0.0,2026-04-26 15:32:57.499688,2026-04-26 15:32:58.554553,0 days 00:00:01.054865,31.337266500216714,19.989946997956046,1.1373513351150142,Au,PRUNED
1937,-0.7002801120448034,2026-04-26 15:32:57.554015,2026-04-26 15:32:58.441872,0 days 00:00:00.887857,60.36287871489445,19.250374051357465,0.994430545296854,Au,PRUNED
1938,-8.928571428570304,2026-04-26 15:32:57.781395,2026-04-26 15:32:58.518756,0 days 00:00:00.737361,22.006296861109128,19.886438714848154,1.213311605971784,Au,PRUNED
1939,0.0,2026-04-26 15:32:57.889080,2026-04-26 15:32:58.745622,0 days 00:00:00.856542,20.35926846128066,19.6721428256936,1.6358861023239732,Au,PRUNED
1940,0.0,2026-04-26 15:32:58.036270,2026-04-26 15:32:58.764235,0 days 00:00:00.727965,21.349744629302187,17.052721087545176,1.467919021733623,Au,PRUNED
1941,147.25274725274258,2026-04-26 15:32:58.072566,2026-04-26 15:32:58.651688,0 days 00:00:00.579122,25.626231567539577,19.989381958441612,1.2717519210202033,Au,PRUNED
1942,0.0,2026-04-26 15:32:58.092797,2026-04-26 15:32:58.764235,0 days 00:00:00.671438,20.156500899263946,19.649002288313525,1.5349623024661576,Au,PRUNED
1943,0.0,2026-04-26 15:32:58.160298,2026-04-26 15:32:58.815785,0 days 00:00:00.655487,20.29368331659845,16.4179692183829,1.5162961153004544,Au,PRUNED
1944,0.0,2026-04-26 15:32:58.602464,2026-04-26 15:32:59.379669,0 days 00:00:00.777205,20.700827126624464,17.590177048122232,1.6308470124841863,Au,PRUNED
1945,0.0,2026-04-26 15:32:58.676486,2026-04-26 15:32:59.514971,0 days 00:00:00.838485,34.69830344284932,19.952968125309532,1.3061063021018415,Au,PRUNED
1946,-589.2420537896578,2026-04-26 15:32:58.707693,2026-04-26 15:32:59.460418,0 days 00:00:00.752725,20.89356345954833,19.883119577442955,1.956826118781559,Au,COMPLETE
1947,0.0,2026-04-26 15:32:58.781578,2026-04-26 15:32:59.702441,0 days 00:00:00.920863,20.392469160917095,16.56652537811396,1.9639774181609835,Au,PRUNED
1948,0.0,2026-04-26 15:32:58.812763,2026-04-26 15:32:59.706499,0 days 00:00:00.893736,20.58831185756841,16.79937844766052,1.5673771856465146,Au,PRUNED
1949,0.0,2026-04-26 15:32:58.870283,2026-04-26 15:32:59.531785,0 days 00:00:00.661502,33.66465537767388,14.076987820941731,1.547195909295656,Au,PRUNED
1950,0.0,2026-04-26 15:32:58.898210,2026-04-26 15:32:59.591523,0 days 00:00:00.693313,20.076343942291,19.936787170796954,1.8307072470492012,Au,PRUNED
1951,0.0,2026-04-26 15:32:58.925143,2026-04-26 15:32:59.541824,0 days 00:00:00.616681,20.27030699984333,13.717865240641766,1.4302341422872675,Au,PRUNED
1952,0.0,2026-04-26 15:32:59.485104,2026-04-26 15:33:00.250038,0 days 00:00:00.764934,31.570480643895806,19.896610216902868,1.8642857596098512,Au,PRUNED
1953,0.0,2026-04-26 15:32:59.568483,2026-04-26 15:33:00.277046,0 days 00:00:00.708563,21.509015140245346,17.56181216521276,1.9710152263360667,Au,PRUNED
1954,0.0,2026-04-26 15:32:59.609976,2026-04-26 15:33:00.373250,0 days 00:00:00.763274,44.08914578370462,17.417388680172255,1.8470968985164617,Au,PRUNED
1955,0.0,2026-04-26 15:32:59.641643,2026-04-26 15:33:00.245845,0 days 00:00:00.604202,50.18948665143346,17.80088560613981,1.9778703825678527,Au,PRUNED
1956,0.0,2026-04-26 15:32:59.675112,2026-04-26 15:33:00.356103,0 days 00:00:00.680991,28.436821682988704,16.115642053192065,1.983907897831851,Au,PRUNED
1957,0.0,2026-04-26 15:32:59.734295,2026-04-26 15:33:00.243873,0 days 00:00:00.509578,31.293777910359726,17.984433723279015,1.9393981634947826,Au,PRUNED
1958,0.0,2026-04-26 15:32:59.781901,2026-04-26 15:33:00.496257,0 days 00:00:00.714356,35.76827765957417,19.95754219053525,1.757326520332114,Au,PRUNED
1959,0.0,2026-04-26 15:32:59.944986,2026-04-26 15:33:00.932410,0 days 00:00:00.987424,33.831528677643206,17.23335910164659,1.8908495627753354,Au,PRUNED
1960,0.0,2026-04-26 15:33:00.404924,2026-04-26 15:33:01.068920,0 days 00:00:00.663996,20.606298576782226,16.981078775618762,1.8422822017968798,Au,PRUNED
1961,0.0,2026-04-26 15:33:00.437332,2026-04-26 15:33:01.117146,0 days 00:00:00.679814,20.866786023486853,17.290100941838187,1.7690385301711746,Au,PRUNED
1962,0.0,2026-04-26 15:33:00.454931,2026-04-26 15:33:01.087752,0 days 00:00:00.632821,20.065152189177137,17.41031833145411,1.8465279707903512,Au,PRUNED
1963,0.0,2026-04-26 15:33:00.482616,2026-04-26 15:33:01.458980,0 days 00:00:00.976364,20.308711263027213,17.316826894583233,1.6728050974012485,Au,PRUNED
1964,0.0,2026-04-26 15:33:00.518324,2026-04-26 15:33:01.196703,0 days 00:00:00.678379,20.53780160371602,17.544874863595293,1.8137721305479984,Au,PRUNED
1965,0.0,2026-04-26 15:33:00.543715,2026-04-26 15:33:01.318727,0 days 00:00:00.775012,51.63880301416921,19.551603872682044,1.9957149781086378,Au,PRUNED
1966,7.518796992480405,2026-04-26 15:33:00.579901,2026-04-26 15:33:01.264725,0 days 00:00:00.684824,30.470237021064662,16.677878298487112,1.9169952852837389,Au,PRUNED
1967,0.0,2026-04-26 15:33:01.011245,2026-04-26 15:33:01.820383,0 days 00:00:00.809138,20.931082326310086,19.87144928379238,1.5093763401859686,Cu,PRUNED
1968,146.1538461538415,2026-04-26 15:33:01.172621,2026-04-26 15:33:01.819376,0 days 00:00:00.646755,25.720849604465965,19.826753384894044,1.9998764395440647,Au,PRUNED
1969,-2.3041474654377487,2026-04-26 15:33:01.199705,2026-04-26 15:33:01.821385,0 days 00:00:00.621680,114.88156729470055,12.186008137023096,0.5886080563687867,Ag,PRUNED
1970,-8.928571428570304,2026-04-26 15:33:01.280194,2026-04-26 15:33:02.059474,0 days 00:00:00.779280,21.146142088213377,19.895452299792012,1.9735267611663603,Au,PRUNED
1971,0.0,2026-04-26 15:33:01.291699,2026-04-26 15:33:02.081250,0 days 00:00:00.789551,20.01398591045192,19.759546083668397,1.9424807650975209,Au,PRUNED
1972,0.0,2026-04-26 15:33:01.369275,2026-04-26 15:33:01.958405,0 days 00:00:00.589130,50.53349354514047,14.573363780612024,1.6832799914919583,Au,PRUNED
1973,0.0,2026-04-26 15:33:01.405839,2026-04-26 15:33:02.318109,0 days 00:00:00.912270,20.43772949555861,19.287314453281073,1.7984055564980488,Au,PRUNED
1974,-9.523809523808879,2026-04-26 15:33:01.535304,2026-04-26 15:33:02.362186,0 days 00:00:00.826882,24.508189579446473,19.877993274835443,1.6929213796500941,Ag,PRUNED
1975,0.0,2026-04-26 15:33:01.893162,2026-04-26 15:33:02.872513,0 days 00:00:00.979351,35.386618921276785,17.245344729883875,1.867528989672349,Au,PRUNED
1976,0.0,2026-04-26 15:33:02.010062,2026-04-26 15:33:02.741833,0 days 00:00:00.731771,34.03044478845156,19.78588877892922,1.970736803833236,Au,PRUNED
1977,0.0,2026-04-26 15:33:02.152376,2026-04-26 15:33:02.797554,0 days 00:00:00.645178,20.478362997724204,14.086164085026777,1.6985325438462284,Au,PRUNED
1978,0.0,2026-04-26 15:33:02.083817,2026-04-26 15:33:02.958495,0 days 00:00:00.874678,20.073092976671592,19.985675660515355,1.9332686732919127,Au,PRUNED
1979,0.0,2026-04-26 15:33:02.203527,2026-04-26 15:33:02.847675,0 days 00:00:00.644148,49.44185655098349,16.89997434394946,1.7030324576297944,Au,PRUNED
1980,-1.0660980810234213,2026-04-26 15:33:02.243284,2026-04-26 15:33:02.800064,0 days 00:00:00.556780,20.554405789338105,16.261816925715756,1.8573743802934588,Ag,PRUNED
1981,0.0,2026-04-26 15:33:02.435274,2026-04-26 15:33:03.075408,0 days 00:00:00.640134,21.41564449176387,17.239275564018218,1.9797090059273617,Au,PRUNED
1982,0.0,2026-04-26 15:33:02.462401,2026-04-26 15:33:03.379929,0 days 00:00:00.917528,34.266328976038146,19.690682393057262,1.9230267809687536,Au,PRUNED
1983,0.0,2026-04-26 15:33:02.832827,2026-04-26 15:33:03.473732,0 days 00:00:00.640905,20.123425559181207,19.290368790695783,1.9195006751294166,Au,PRUNED
1984,-8.403361344536819,2026-04-26 15:33:02.934941,2026-04-26 15:33:03.686060,0 days 00:00:00.751119,21.189388725627364,19.922923980989598,1.7622356040398084,Au,PRUNED
1985,-2.1321961620468426,2026-04-26 15:33:02.882841,2026-04-26 15:33:03.780665,0 days 00:00:00.897824,22.6982306555608,19.611427602346435,1.2870882985147571,Ag,PRUNED
1986,-1.0905125408942027,2026-04-26 15:33:03.007731,2026-04-26 15:33:03.959703,0 days 00:00:00.951972,77.16737021175652,11.260916368985436,1.3959182851948349,Cu,PRUNED
1987,-521.4598997493158,2026-04-26 15:33:03.078967,2026-04-26 15:33:03.983212,0 days 00:00:00.904245,20.650926593507645,19.471651557142135,1.787336268612605,Au,COMPLETE
1988,-7.142857142856422,2026-04-26 15:33:03.118269,2026-04-26 15:33:03.876456,0 days 00:00:00.758187,32.01499037167646,16.49219108689227,1.921629596877171,Cu,PRUNED
1989,-8.928571428570304,2026-04-26 15:33:03.255733,2026-04-26 15:33:04.256208,0 days 00:00:01.000475,21.95186173430493,19.973196261850944,1.8590293464718186,Au,PRUNED
1990,-1.1806375442738872,2026-04-26 15:33:03.430934,2026-04-26 15:33:04.256208,0 days 00:00:00.825274,65.30968422146474,19.893126502643263,1.8716117885128913,Cu,PRUNED
1991,0.0,2026-04-26 15:33:03.575052,2026-04-26 15:33:04.551235,0 days 00:00:00.976183,32.50233090940047,17.254411965835605,1.8276144210373095,Au,PRUNED
1992,0.0,2026-04-26 15:33:03.783760,2026-04-26 15:33:04.489659,0 days 00:00:00.705899,20.06592958165357,19.889417972574343,1.341189649755878,Au,PRUNED
1993,-15.03759398496081,2026-04-26 15:33:03.879044,2026-04-26 15:33:04.806667,0 days 00:00:00.927623,32.219417532427315,16.613214929307645,0.747381212642301,Cu,PRUNED
1994,0.0,2026-04-26 15:33:03.985224,2026-04-26 15:33:04.663647,0 days 00:00:00.678423,20.136518632489413,17.050579059373575,1.9284768164077888,Au,PRUNED
1995,0.0,2026-04-26 15:33:04.042301,2026-04-26 15:33:04.664647,0 days 00:00:00.622346,41.450825725972905,19.975677155643957,1.6212166026070347,Au,PRUNED
1996,-540.8163265305499,2026-04-26 15:33:04.329995,2026-04-26 15:33:05.251189,0 days 00:00:00.921194,20.7042349027857,19.950884463308423,1.4750830681716205,Au,COMPLETE
1997,-4.464285714285152,2026-04-26 15:33:04.391514,2026-04-26 15:33:05.260045,0 days 00:00:00.868531,22.493145317785416,19.96385022838645,1.7684896649407205,Au,PRUNED
1998,0.0,2026-04-26 15:33:04.585309,2026-04-26 15:33:05.317408,0 days 00:00:00.732099,37.77027983418465,17.268549192921274,1.7951504805233047,Au,PRUNED
1999,0.0,2026-04-26 15:33:04.613790,2026-04-26 15:33:05.189658,0 days 00:00:00.575868,30.167279485151294,19.99044937972412,1.715000030369891,Au,PRUNED
2000,-8.928571428570304,2026-04-26 15:33:04.635303,2026-04-26 15:33:05.317408,0 days 00:00:00.682105,22.14217781895927,19.9032653022793,1.6987939256716114,Au,PRUNED
2001,0.0,2026-04-26 15:33:04.832729,2026-04-26 15:33:05.330648,0 days 00:00:00.497919,33.86898106777333,17.10243121121347,1.9485083781230537,Au,PRUNED
2002,-13.392857142855457,2026-04-26 15:33:04.876711,2026-04-26 15:33:05.582498,0 days 00:00:00.705787,21.798967060274084,19.970749155316266,1.563158513543101,Au,PRUNED
2003,0.0,2026-04-26 15:33:04.935165,2026-04-26 15:33:05.829958,0 days 00:00:00.894793,34.75313714706523,17.283889479112347,1.9418036376390524,Au,PRUNED
2004,141.75824175823726,2026-04-26 15:33:05.266852,2026-04-26 15:33:06.097300,0 days 00:00:00.830448,32.39526902271641,16.689984385892576,1.8977146255034076,Au,PRUNED
2005,0.0,2026-04-26 15:33:05.380310,2026-04-26 15:33:06.032982,0 days 00:00:00.652672,31.702707111650483,17.678103654854862,1.986083046617169,Au,PRUNED
2006,0.0,2026-04-26 15:33:05.402596,2026-04-26 15:33:05.933368,0 days 00:00:00.530772,51.31347726442567,18.029636878136866,1.751296991992883,Au,PRUNED
2007,0.0,2026-04-26 15:33:05.415869,2026-04-26 15:33:06.042666,0 days 00:00:00.626797,20.036579686134964,19.972266829266005,1.7560435821322673,Au,PRUNED
2008,0.0,2026-04-26 15:33:05.502928,2026-04-26 15:33:06.075304,0 days 00:00:00.572376,30.50200984681739,19.877287227414968,1.9258601836313267,Au,PRUNED
2009,0.0,2026-04-26 15:33:05.616055,2026-04-26 15:33:06.997046,0 days 00:00:01.380991,33.56843916909308,17.73357732457844,1.6856312391636055,Au,PRUNED
2010,0.0,2026-04-26 15:33:05.725159,2026-04-26 15:33:06.501073,0 days 00:00:00.775914,38.172694721265,19.904444967450956,1.894083323358334,Au,PRUNED
2011,0.0,2026-04-26 15:33:05.901513,2026-04-26 15:33:06.861160,0 days 00:00:00.959647,20.382841315643144,17.379654581046672,1.6344780921465587,Au,PRUNED
2012,0.0,2026-04-26 15:33:06.091897,2026-04-26 15:33:07.057716,0 days 00:00:00.965819,48.87805397825197,19.948376200652696,1.8136827046562662,Au,PRUNED
2013,106.09243697478671,2026-04-26 15:33:06.128126,2026-04-26 15:33:06.881129,0 days 00:00:00.753003,46.603516280403085,16.83218894792057,1.6151446584493954,Cu,PRUNED
2014,0.0,2026-04-26 15:33:06.171699,2026-04-26 15:33:06.763713,0 days 00:00:00.592014,23.177726034310343,19.987893948987125,1.9459487220901328,Au,PRUNED
2015,0.0,2026-04-26 15:33:06.200279,2026-04-26 15:33:06.721246,0 days 00:00:00.520967,21.28159767194892,14.33116896413042,1.761421857089746,Au,PRUNED
2016,147.25274725274258,2026-04-26 15:33:06.265238,2026-04-26 15:33:06.986369,0 days 00:00:00.721131,24.858612891822986,19.951913001354896,1.9877152631295218,Au,PRUNED
2017,0.0,2026-04-26 15:33:06.766783,2026-04-26 15:33:07.748246,0 days 00:00:00.981463,20.966733972025978,17.262603190428134,1.9395415597358014,Au,PRUNED
2018,0.0,2026-04-26 15:33:06.812485,2026-04-26 15:33:07.438671,0 days 00:00:00.626186,20.136016739087093,17.31227860746475,1.8614869591563308,Au,PRUNED
2019,140.65934065933618,2026-04-26 15:33:06.880095,2026-04-26 15:33:07.609813,0 days 00:00:00.729718,33.89330747166886,16.535351261598898,1.507686705523424,Au,PRUNED
2020,142.8571428571383,2026-04-26 15:33:06.952447,2026-04-26 15:33:07.625144,0 days 00:00:00.672697,31.914196029750393,17.08248358222707,1.4756527199262868,Au,PRUNED
2021,0.0,2026-04-26 15:33:07.017509,2026-04-26 15:33:07.638719,0 days 00:00:00.621210,35.626167469486134,17.705814070207357,1.6998173327336432,Au,PRUNED
2022,-8.928571428570304,2026-04-26 15:33:07.057716,2026-04-26 15:33:07.778615,0 days 00:00:00.720899,34.1908921012959,19.720321611995562,1.9450505221041288,Ag,PRUNED
2023,142.8571428571383,2026-04-26 15:33:07.097120,2026-04-26 15:33:07.778615,0 days 00:00:00.681495,32.35994393234235,16.70287623483974,1.473878323526299,Au,PRUNED
2024,0.0,2026-04-26 15:33:07.223793,2026-04-26 15:33:08.168873,0 days 00:00:00.945080,20.204421007894567,19.383692011944103,1.9916886257239534,Au,PRUNED
2025,0.0,2026-04-26 15:33:07.656015,2026-04-26 15:33:08.403630,0 days 00:00:00.747615,20.045795591157436,16.884354547333068,1.7894989181163987,Au,PRUNED
2026,-557.1428571427922,2026-04-26 15:33:07.674991,2026-04-26 15:33:08.687347,0 days 00:00:01.012356,20.621661011593325,19.84852546956438,1.8482463792210775,Au,COMPLETE
2027,0.0,2026-04-26 15:33:07.713491,2026-04-26 15:33:08.858992,0 days 00:00:01.145501,20.220619771982953,17.668687247256333,0.7554662088153117,Au,PRUNED
2028,0.0,2026-04-26 15:33:07.813738,2026-04-26 15:33:08.553978,0 days 00:00:00.740240,20.047388897472352,16.806671043537342,1.6761373772178403,Au,PRUNED
2029,0.0,2026-04-26 15:33:07.876046,2026-04-26 15:33:08.478152,0 days 00:00:00.602106,39.24833980590432,19.690252459583174,1.9922257641808019,Au,PRUNED
2030,141.75824175823726,2026-04-26 15:33:07.890915,2026-04-26 15:33:08.685276,0 days 00:00:00.794361,32.42590827209979,16.820682383971324,1.5641522364040326,Au,PRUNED
2031,0.0,2026-04-26 15:33:07.986062,2026-04-26 15:33:08.758961,0 days 00:00:00.772899,47.97966661421892,16.899873893735446,1.167334669429417,Au,PRUNED
2032,-545.8251793867599,2026-04-26 15:33:08.519282,2026-04-26 15:33:09.384303,0 days 00:00:00.865021,20.227555758424277,19.99642160510156,1.886337932398121,Au,COMPLETE
2033,0.0,2026-04-26 15:33:08.596754,2026-04-26 15:33:09.591732,0 days 00:00:00.994978,36.48377665796734,19.98854381635017,1.4693032580683685,Au,PRUNED
2034,0.0,2026-04-26 15:33:08.626250,2026-04-26 15:33:09.322434,0 days 00:00:00.696184,30.35386073166579,19.92903080782556,1.711164691049847,Au,PRUNED
2035,0.0,2026-04-26 15:33:08.658490,2026-04-26 15:33:09.355818,0 days 00:00:00.697328,32.649651710581246,19.960185129056047,1.3121743109796804,Au,PRUNED
2036,-8.928571428570304,2026-04-26 15:33:08.780481,2026-04-26 15:33:09.401143,0 days 00:00:00.620662,21.511983590540634,19.89307701659709,1.9771560615876567,Au,PRUNED
2037,0.0,2026-04-26 15:33:08.840110,2026-04-26 15:33:09.357823,0 days 00:00:00.517713,36.02019482130283,19.81852589350202,1.9633033432001847,Au,PRUNED
2038,-523.757079924423,2026-04-26 15:33:08.937727,2026-04-26 15:33:09.625450,0 days 00:00:00.687723,20.816433449948555,19.534922029434444,1.6157039948417293,Au,COMPLETE
2039,-539.0196710737856,2026-04-26 15:33:09.035190,2026-04-26 15:33:09.659011,0 days 00:00:00.623821,20.097450688637856,19.92290324351701,1.989239182269473,Au,COMPLETE
2040,0.0,2026-04-26 15:33:09.453082,2026-04-26 15:33:10.021158,0 days 00:00:00.568076,20.454291733682734,17.41196312359328,1.7364903889560228,Au,PRUNED
2041,0.0,2026-04-26 15:33:09.484924,2026-04-26 15:33:09.996273,0 days 00:00:00.511349,20.501514336172654,16.888559370735216,1.9859412511290484,Au,PRUNED
2042,-13.60544217686944,2026-04-26 15:33:09.497945,2026-04-26 15:33:10.136452,0 days 00:00:00.638507,22.58996979625175,18.211376274300143,1.982875376781081,Cu,PRUNED
2043,0.0,2026-04-26 15:33:09.561375,2026-04-26 15:33:10.022161,0 days 00:00:00.460786,32.21083921549845,19.948883982370884,1.6195002196082926,Au,PRUNED
2044,0.0,2026-04-26 15:33:09.720219,2026-04-26 15:33:10.492922,0 days 00:00:00.772703,49.89614461713222,19.644809882738148,1.692027475386057,Au,PRUNED
2045,-10.582010582009788,2026-04-26 15:33:09.753067,2026-04-26 15:33:10.477827,0 days 00:00:00.724760,43.84970685989055,9.649113775684624,1.2164453210650494,Cu,PRUNED
2046,-1.1614401858304098,2026-04-26 15:33:09.795623,2026-04-26 15:33:10.388975,0 days 00:00:00.593352,83.07911517784562,18.726673819139435,1.4985211611742704,Cu,PRUNED
2047,-19.480519480515923,2026-04-26 15:33:09.998271,2026-04-26 15:33:10.633674,0 days 00:00:00.635403,77.23214168923376,9.626016604270102,1.350077243580964,Ag,PRUNED
2048,-562.541918175654,2026-04-26 15:33:10.108997,2026-04-26 15:33:10.771780,0 days 00:00:00.662783,21.26783923828229,19.91651665500953,1.3308802902145909,Au,COMPLETE
2049,0.0,2026-04-26 15:33:10.134933,2026-04-26 15:33:10.772336,0 days 00:00:00.637403,34.99959024609288,19.811952418499168,1.660798817866193,Au,PRUNED
2050,0.0,2026-04-26 15:33:10.269461,2026-04-26 15:33:10.933384,0 days 00:00:00.663923,33.41722426097317,17.34770578956176,1.4413550525565135,Au,PRUNED
2051,0.0,2026-04-26 15:33:10.318503,2026-04-26 15:33:11.333608,0 days 00:00:01.015105,20.100942174928505,18.6774853634563,1.7505706415541884,Au,PRUNED
2052,0.0,2026-04-26 15:33:10.580805,2026-04-26 15:33:11.102224,0 days 00:00:00.521419,34.0092926817674,18.15066230929255,1.5422847546234295,Au,PRUNED
2053,-12.605042016805228,2026-04-26 15:33:10.600621,2026-04-26 15:33:11.303233,0 days 00:00:00.702612,22.717909134989124,19.66766155545572,0.9147166126752392,Au,PRUNED
2054,0.0,2026-04-26 15:33:10.684983,2026-04-26 15:33:11.506326,0 days 00:00:00.821343,32.93710548303024,19.959881769158976,1.005897939588534,Au,PRUNED
2055,-11.278195488720607,2026-04-26 15:33:10.730533,2026-04-26 15:33:11.556001,0 days 00:00:00.825468,25.516730200662185,17.104524024190905,1.0889007810287763,Au,PRUNED
2056,0.0,2026-04-26 15:33:10.847904,2026-04-26 15:33:11.439715,0 days 00:00:00.591811,31.993330825282143,19.446933516457754,1.0889358571944217,Au,PRUNED
2057,0.0,2026-04-26 15:33:10.947316,2026-04-26 15:33:11.506326,0 days 00:00:00.559010,38.2638043710605,19.91400687026126,1.1851207064640057,Au,PRUNED
2058,-1.7857142857142545,2026-04-26 15:33:11.024031,2026-04-26 15:33:11.926957,0 days 00:00:00.902926,97.38062433491211,3.799231152325448,1.5041202370039737,Cu,PRUNED
2059,0.0,2026-04-26 15:33:11.179491,2026-04-26 15:33:11.892159,0 days 00:00:00.712668,20.36193558589493,16.697998652965246,1.2839332195855595,Au,PRUNED
2060,139.56043956043513,2026-04-26 15:33:11.402667,2026-04-26 15:33:12.457980,0 days 00:00:01.055313,36.54493868826081,16.01486685000349,1.2260129019544057,Au,PRUNED
2061,-11.904761904760573,2026-04-26 15:33:11.413677,2026-04-26 15:33:12.130777,0 days 00:00:00.717100,26.11462833360167,17.16809699142135,1.0653328706381278,Au,PRUNED
2062,0.0,2026-04-26 15:33:11.490652,2026-04-26 15:33:12.341736,0 days 00:00:00.851084,21.0407994265509,18.102655525137767,1.1891770114219764,Au,PRUNED
2063,140.65934065933618,2026-04-26 15:33:11.618376,2026-04-26 15:33:12.280745,0 days 00:00:00.662369,32.832998998587016,17.86661168957009,1.0172927706032246,Au,PRUNED
2064,0.0,2026-04-26 15:33:11.646448,2026-04-26 15:33:12.226659,0 days 00:00:00.580211,20.25236142496433,17.68550656556915,1.061710171671056,Au,PRUNED
2065,0.0,2026-04-26 15:33:11.693957,2026-04-26 15:33:12.614284,0 days 00:00:00.920327,20.237510477248662,15.537367260130697,1.2096213384709815,Au,PRUNED
2066,0.0,2026-04-26 15:33:11.966184,2026-04-26 15:33:12.951424,0 days 00:00:00.985240,28.49426430428294,17.115088727732655,1.3982530148894423,Au,PRUNED
2067,7.518796992480405,2026-04-26 15:33:12.017356,2026-04-26 15:33:12.800245,0 days 00:00:00.782889,29.762116783501334,17.32005587178832,1.1568964624772133,Au,PRUNED
2068,0.0,2026-04-26 15:33:12.318938,2026-04-26 15:33:13.162769,0 days 00:00:00.843831,20.83792818586335,17.77082834525086,1.2966605542761016,Au,PRUNED
2069,0.0,2026-04-26 15:33:12.344442,2026-04-26 15:33:12.992843,0 days 00:00:00.648401,20.540298148566766,17.214892241809785,1.9708511318686923,Au,PRUNED
2070,142.8571428571383,2026-04-26 15:33:12.389038,2026-04-26 15:33:13.226512,0 days 00:00:00.837474,31.68606500436279,17.525651273985652,1.2159447446234473,Au,PRUNED
2071,0.0,2026-04-26 15:33:12.413670,2026-04-26 15:33:13.470500,0 days 00:00:01.056830,20.967907125766136,17.829088268881854,1.2326400793163772,Au,PRUNED
2072,125.7995735607637,2026-04-26 15:33:12.658721,2026-04-26 15:33:13.426349,0 days 00:00:00.767628,47.892483182749295,15.149661281824159,0.10488471556812728,Au,PRUNED
2073,-18.63354037266917,2026-04-26 15:33:12.682218,2026-04-26 15:33:13.162769,0 days 00:00:00.480551,40.774246665265494,17.757270230742364,1.4499726929358003,Ag,PRUNED
2074,-542.5324675324055,2026-04-26 15:33:12.949963,2026-04-26 15:33:13.663481,0 days 00:00:00.713518,20.543324824082216,19.96352354093201,1.6184195426808752,Au,COMPLETE
2075,146.1538461538415,2026-04-26 15:33:13.255653,2026-04-26 15:33:14.317332,0 days 00:00:01.061679,26.68123155745723,19.942732427638195,1.3020139897823049,Au,PRUNED
2076,0.0,2026-04-26 15:33:13.287391,2026-04-26 15:33:14.079913,0 days 00:00:00.792522,42.82683915034889,17.10487470459636,1.2869880433015188,Au,PRUNED
2077,0.0,2026-04-26 15:33:13.319025,2026-04-26 15:33:14.300745,0 days 00:00:00.981720,24.011355306543344,19.7534142226608,1.3913756743016403,Au,PRUNED
2078,0.0,2026-04-26 15:33:13.349544,2026-04-26 15:33:14.193387,0 days 00:00:00.843843,35.42073420937432,19.872463873429613,1.2861888791368408,Au,PRUNED
2079,0.0,2026-04-26 15:33:13.402956,2026-04-26 15:33:14.081910,0 days 00:00:00.678954,30.789923240603358,19.750122978678462,1.3431030680801443,Au,PRUNED
2080,-12.605042016805228,2026-04-26 15:33:13.506025,2026-04-26 15:33:14.034033,0 days 00:00:00.528008,21.891101367971814,19.74579245039519,1.3215580349779779,Au,PRUNED
2081,0.0,2026-04-26 15:33:13.593414,2026-04-26 15:33:14.080909,0 days 00:00:00.487495,28.49570069061049,19.799695114296487,1.2848823566537748,Au,PRUNED
2082,0.0,2026-04-26 15:33:13.804537,2026-04-26 15:33:14.564653,0 days 00:00:00.760116,20.030999333071478,19.622908966009014,1.5985973278437577,Au,PRUNED
2083,0.0,2026-04-26 15:33:14.156170,2026-04-26 15:33:15.026326,0 days 00:00:00.870156,21.14176540420835,18.140462197974493,1.448579995294079,Au,PRUNED
2084,147.25274725274258,2026-04-26 15:33:14.196900,2026-04-26 15:33:14.976979,0 days 00:00:00.780079,24.495410279701208,19.996300443722486,1.9829583426960014,Au,PRUNED
2085,0.0,2026-04-26 15:33:14.221727,2026-04-26 15:33:14.843333,0 days 00:00:00.621606,20.09648987977757,19.959933034663038,1.3755678397770001,Au,PRUNED
2086,0.0,2026-04-26 15:33:14.246826,2026-04-26 15:33:15.235590,0 days 00:00:00.988764,35.78206706481913,19.970501669422198,1.7332438520743794,Au,PRUNED
2087,-544.357469014941,2026-04-26 15:33:14.239020,2026-04-26 15:33:15.097337,0 days 00:00:00.858317,21.126072892088185,19.993266584143452,1.1316538621796521,Au,COMPLETE
2088,0.0,2026-04-26 15:33:14.352287,2026-04-26 15:33:14.939582,0 days 00:00:00.587295,33.79923477839492,19.978143125799857,1.6654751627045818,Au,PRUNED
2089,-0.5952380952380847,2026-04-26 15:33:14.460321,2026-04-26 15:33:15.461432,0 days 00:00:01.001111,91.17396593824483,19.967283508047842,0.9530737840423176,Au,PRUNED
2090,-1.1074197120708567,2026-04-26 15:33:14.699390,2026-04-26 15:33:15.530828,0 days 00:00:00.831438,71.1329893792528,19.633968090238515,1.8168156740183417,Ag,PRUNED
2091,0.0,2026-04-26 15:33:14.937960,2026-04-26 15:33:15.749477,0 days 00:00:00.811517,20.971590942447587,17.376177807947265,1.660957126575929,Au,PRUNED
2092,-582.8433068141802,2026-04-26 15:33:15.114651,2026-04-26 15:33:16.031535,0 days 00:00:00.916884,20.676141153629036,19.94964930629102,1.9862956447120195,Au,COMPLETE
2093,-542.5324675324055,2026-04-26 15:33:15.126345,2026-04-26 15:33:15.859999,0 days 00:00:00.733654,20.98058579423904,19.69557762100211,1.549715064362332,Au,COMPLETE
2094,141.75824175823726,2026-04-26 15:33:15.192902,2026-04-26 15:33:16.123188,0 days 00:00:00.930286,31.83794220487828,16.59565014226136,1.997949338234951,Au,PRUNED
2095,0.0,2026-04-26 15:33:15.264292,2026-04-26 15:33:16.030915,0 days 00:00:00.766623,20.545441050364143,19.598224547195016,1.5092121086836305,Au,PRUNED
2096,0.0,2026-04-26 15:33:15.348049,2026-04-26 15:33:16.156900,0 days 00:00:00.808851,32.80000253670489,17.266932060835202,1.659196289763331,Au,PRUNED
2097,0.0,2026-04-26 15:33:15.548145,2026-04-26 15:33:16.234043,0 days 00:00:00.685898,34.144119668955796,17.991980871049808,1.7055923960541652,Au,PRUNED
2098,3.105590062111528,2026-04-26 15:33:15.626840,2026-04-26 15:33:16.234712,0 days 00:00:00.607872,45.01417087099614,19.76276885696993,1.4870557248192535,Ag,PRUNED
2099,0.0,2026-04-26 15:33:15.857976,2026-04-26 15:33:16.684178,0 days 00:00:00.826202,20.914710253795636,16.88005619448845,1.7954819282837855,Au,PRUNED
2100,0.0,2026-04-26 15:33:16.176421,2026-04-26 15:33:16.889726,0 days 00:00:00.713305,28.49925561214821,19.96550292647262,1.9985066545453873,Au,PRUNED
2101,0.0,2026-04-26 15:33:16.210893,2026-04-26 15:33:16.937214,0 days 00:00:00.726321,34.14970245543569,16.615383555400673,1.9134065369994016,Au,PRUNED
2102,0.0,2026-04-26 15:33:16.226427,2026-04-26 15:33:16.888721,0 days 00:00:00.662294,36.42159462834175,16.776425460491943,1.8209950106454535,Au,PRUNED
2103,0.0,2026-04-26 15:33:16.252421,2026-04-26 15:33:16.858592,0 days 00:00:00.606171,21.04231984713251,15.460478431632055,1.9760806959965722,Au,PRUNED
2104,0.0,2026-04-26 15:33:16.333686,2026-04-26 15:33:17.342890,0 days 00:00:01.009204,37.105002271423956,19.93649521763483,1.9857387088079697,Au,PRUNED
2105,-9.852216748767784,2026-04-26 15:33:16.347240,2026-04-26 15:33:17.175441,0 days 00:00:00.828201,24.293711932923138,19.851613900515034,1.9380266682368197,Ag,PRUNED
2106,0.0,2026-04-26 15:33:16.400230,2026-04-26 15:33:17.356450,0 days 00:00:00.956220,21.53379037771821,16.787911130108373,1.9512286686545695,Au,PRUNED
2107,3.7593984962402023,2026-04-26 15:33:16.798014,2026-04-26 15:33:17.598204,0 days 00:00:00.800190,28.309423422550054,16.855316397169755,1.9937189705602893,Au,PRUNED
2108,0.0,2026-04-26 15:33:16.969013,2026-04-26 15:33:17.684981,0 days 00:00:00.715968,48.74023482301129,17.988644844917392,1.995574685705672,Au,PRUNED
2109,0.0,2026-04-26 15:33:17.064341,2026-04-26 15:33:17.924767,0 days 00:00:00.860426,25.847887029048767,17.67860735287823,1.9831750356968973,Au,PRUNED
2110,0.0,2026-04-26 15:33:17.113734,2026-04-26 15:33:17.824992,0 days 00:00:00.711258,20.560892357023963,17.53303208800171,1.830617182947933,Au,PRUNED
2111,-559.440559440494,2026-04-26 15:33:17.146214,2026-04-26 15:33:17.856826,0 days 00:00:00.710612,21.28577587298601,19.321262480829375,1.9382153768484631,Au,COMPLETE
2112,-9.523809523808879,2026-04-26 15:33:17.253734,2026-04-26 15:33:17.925322,0 days 00:00:00.671588,27.36149273164651,17.036250118473905,1.990126114170372,Ag,PRUNED
2113,0.0,2026-04-26 15:33:17.458558,2026-04-26 15:33:18.062460,0 days 00:00:00.603902,20.00347561064762,19.734075478325906,1.8232444183222558,Au,PRUNED
2114,147.25274725274258,2026-04-26 15:33:17.483613,2026-04-26 15:33:18.276506,0 days 00:00:00.792893,24.950190068702174,19.719938622314878,1.9862123359122115,Au,PRUNED
2115,-1.9132653061224132,2026-04-26 15:33:17.765967,2026-04-26 15:33:18.606196,0 days 00:00:00.840229,104.77680985366977,0.9672918738268663,0.38893940543352323,Au,PRUNED
2116,-11.278195488720607,2026-04-26 15:33:17.797065,2026-04-26 15:33:18.606196,0 days 00:00:00.809131,24.850589427430226,19.78229275103988,0.9127928892027125,Cu,PRUNED
2117,0.0,2026-04-26 15:33:17.968623,2026-04-26 15:33:18.663785,0 days 00:00:00.695162,32.86389472495445,17.884070139394783,1.91470403775261,Au,PRUNED
2118,0.0,2026-04-26 15:33:18.006940,2026-04-26 15:33:18.965993,0 days 00:00:00.959053,45.76353805673631,19.92816507671589,1.9870716555073415,Au,PRUNED
2119,0.0,2026-04-26 15:33:18.031349,2026-04-26 15:33:18.966498,0 days 00:00:00.935149,44.24116810826961,18.189358622655153,1.9970110212659482,Au,PRUNED
2120,0.0,2026-04-26 15:33:18.180782,2026-04-26 15:33:18.918742,0 days 00:00:00.737960,36.16677090623722,17.980730066015308,1.774905190959469,Au,PRUNED
2121,0.0,2026-04-26 15:33:18.239156,2026-04-26 15:33:18.940893,0 days 00:00:00.701737,35.63745478053185,18.23007846334393,1.7296191389292361,Au,PRUNED
2122,0.0,2026-04-26 15:33:18.376307,2026-04-26 15:33:19.386486,0 days 00:00:01.010179,47.7104343242808,19.898045830637663,1.9251387578817176,Au,PRUNED
2123,-552.9528208511401,2026-04-26 15:33:18.733161,2026-04-26 15:33:19.740797,0 days 00:00:01.007636,20.95992223600352,19.71899486338234,1.67869972743939,Au,COMPLETE
2124,0.0,2026-04-26 15:33:18.800371,2026-04-26 15:33:19.620587,0 days 00:00:00.820216,39.032230924125,18.82298166684769,1.9999626416760692,Au,PRUNED
2125,0.0,2026-04-26 15:33:18.872811,2026-04-26 15:33:19.802377,0 days 00:00:00.929566,38.46122171199842,19.77771189642556,1.7699586430391951,Au,PRUNED
2126,0.0,2026-04-26 15:33:18.981212,2026-04-26 15:33:19.931050,0 days 00:00:00.949838,23.54489783411082,19.720471101268036,1.975259355223842,Au,PRUNED
2127,0.0,2026-04-26 15:33:18.997573,2026-04-26 15:33:19.757600,0 days 00:00:00.760027,35.248273569797135,18.79134692802409,1.9856285945783452,Au,PRUNED
2128,0.0,2026-04-26 15:33:19.041629,2026-04-26 15:33:19.879395,0 days 00:00:00.837766,20.088461251355387,19.4065883340145,1.9598420632496731,Au,PRUNED
2129,-8.928571428570304,2026-04-26 15:33:19.157767,2026-04-26 15:33:20.107053,0 days 00:00:00.949286,21.813907156557896,19.997486651043264,1.7621128810169124,Au,PRUNED
2130,0.0,2026-04-26 15:33:19.639255,2026-04-26 15:33:20.697120,0 days 00:00:01.057865,20.434622428804342,17.590741125317656,1.9282437040507365,Au,PRUNED
2131,0.0,2026-04-26 15:33:19.827823,2026-04-26 15:33:20.596671,0 days 00:00:00.768848,37.017700495359875,19.540155643286628,1.9772404202979785,Au,PRUNED
2132,0.0,2026-04-26 15:33:19.851665,2026-04-26 15:33:20.657511,0 days 00:00:00.805846,33.23542671170405,17.86415058371239,1.6881866087447688,Au,PRUNED
2133,0.0,2026-04-26 15:33:19.898494,2026-04-26 15:33:20.657511,0 days 00:00:00.759017,20.27979111937822,17.474413354702836,1.9100431751029687,Au,PRUNED
2134,-474.0259740259262,2026-04-26 15:33:19.943749,2026-04-26 15:33:20.780085,0 days 00:00:00.836336,21.870960600549047,17.68509749671474,1.9725741033324564,Au,COMPLETE
2135,143.9560439560394,2026-04-26 15:33:20.024686,2026-04-26 15:33:20.794820,0 days 00:00:00.770134,29.80146729124737,17.33685060179596,1.9836082899522045,Au,PRUNED
2136,0.0,2026-04-26 15:33:20.091895,2026-04-26 15:33:20.698157,0 days 00:00:00.606262,33.83340879881487,18.139021284561963,1.7279607417867562,Au,PRUNED
2137,0.0,2026-04-26 15:33:20.197220,2026-04-26 15:33:20.766012,0 days 00:00:00.568792,36.60939662266931,16.718386707779295,1.9904019339218686,Au,PRUNED
2138,0.0,2026-04-26 15:33:20.652920,2026-04-26 15:33:21.249636,0 days 00:00:00.596716,20.700721565516528,16.060414300027503,1.577765967835223,Ag,PRUNED
2139,0.0,2026-04-26 15:33:20.741712,2026-04-26 15:33:21.504465,0 days 00:00:00.762753,20.512924537463277,16.354996009837624,1.6555142392682256,Au,PRUNED
2140,-14.28571428571313,2026-04-26 15:33:20.891679,2026-04-26 15:33:21.537985,0 days 00:00:00.646306,50.90192972594471,7.986018971433166,0.6163911674285432,Au,PRUNED
2141,0.0,2026-04-26 15:33:20.923862,2026-04-26 15:33:21.592680,0 days 00:00:00.668818,27.603019941677225,19.902736215986415,1.9930355091477319,Au,PRUNED
2142,0.0,2026-04-26 15:33:20.939699,2026-04-26 15:33:21.842888,0 days 00:00:00.903189,26.610267256233993,19.936493522171016,1.9885646520059743,Au,PRUNED
2143,0.0,2026-04-26 15:33:20.956844,2026-04-26 15:33:21.547467,0 days 00:00:00.590623,35.546346791663325,13.482792296125215,1.6727261253641825,Au,PRUNED
2144,2.5510204081630805,2026-04-26 15:33:20.968057,2026-04-26 15:33:21.634239,0 days 00:00:00.666182,36.95861001465401,17.397163459806322,1.5627020396762012,Cu,PRUNED
2145,0.0,2026-04-26 15:33:21.038321,2026-04-26 15:33:21.536481,0 days 00:00:00.498160,52.33036341301714,19.885204380913983,1.266485515448286,Au,PRUNED
2146,0.0,2026-04-26 15:33:21.464319,2026-04-26 15:33:22.133969,0 days 00:00:00.669650,48.722709232942954,16.900863286424837,1.5765889648766975,Au,PRUNED
2147,0.0,2026-04-26 15:33:21.658186,2026-04-26 15:33:22.321848,0 days 00:00:00.663662,31.082095207735463,19.910132736562577,1.6046005697560595,Au,PRUNED
2148,7.936507936507047,2026-04-26 15:33:21.690707,2026-04-26 15:33:22.262323,0 days 00:00:00.571616,24.602657494887577,19.95102011428624,1.777202873344349,Au,PRUNED
2149,0.0,2026-04-26 15:33:21.721510,2026-04-26 15:33:22.447350,0 days 00:00:00.725840,20.14867745812293,17.68169683236906,1.7753816874741677,Au,PRUNED
2150,-8.928571428570304,2026-04-26 15:33:21.741628,2026-04-26 15:33:22.337350,0 days 00:00:00.595722,21.197979686624453,19.950903522053018,1.949119946301044,Au,PRUNED
2151,0.0,2026-04-26 15:33:21.752438,2026-04-26 15:33:22.537854,0 days 00:00:00.785416,21.069470392584822,16.995273859226472,1.7432851612722953,Au,PRUNED
2152,0.0,2026-04-26 15:33:21.798095,2026-04-26 15:33:22.493113,0 days 00:00:00.695018,26.01776197795972,19.985807895694023,1.9963291513004047,Au,PRUNED
2153,0.0,2026-04-26 15:33:21.956541,2026-04-26 15:33:22.446350,0 days 00:00:00.489809,33.3181903227959,17.19159588395402,1.7580960643437353,Au,PRUNED
2154,0.0,2026-04-26 15:33:22.221217,2026-04-26 15:33:22.872702,0 days 00:00:00.651485,33.4937740285567,19.689496209846308,1.7543622568793882,Au,PRUNED
2155,0.0,2026-04-26 15:33:22.362007,2026-04-26 15:33:23.055892,0 days 00:00:00.693885,34.261793944781644,19.939901218929784,1.8302009953669511,Au,PRUNED
2156,0.0,2026-04-26 15:33:22.406157,2026-04-26 15:33:23.217364,0 days 00:00:00.811207,35.8786041075673,19.993329455434232,1.5515950862159706,Au,PRUNED
2157,2.5510204081630805,2026-04-26 15:33:22.556958,2026-04-26 15:33:23.022422,0 days 00:00:00.465464,30.07976574270334,19.85851834885332,1.9619396070860937,Cu,PRUNED
2158,0.0,2026-04-26 15:33:22.573012,2026-04-26 15:33:23.101574,0 days 00:00:00.528562,20.267166239581808,19.417021845316714,1.681582435369883,Au,PRUNED
2159,-541.6261742791738,2026-04-26 15:33:22.612428,2026-04-26 15:33:23.570751,0 days 00:00:00.958323,20.22474176865703,19.956029770284204,1.880996195956884,Au,COMPLETE
2160,0.0,2026-04-26 15:33:22.646291,2026-04-26 15:33:23.197545,0 days 00:00:00.551254,31.02528735626499,19.952776316755582,1.656998409655354,Au,PRUNED
2161,-0.5668934240362716,2026-04-26 15:33:22.635882,2026-04-26 15:33:23.345029,0 days 00:00:00.709147,82.18506251397984,14.610042574857921,1.2278274785134204,Cu,PRUNED
2162,0.0,2026-04-26 15:33:23.024445,2026-04-26 15:33:24.068754,0 days 00:00:01.044309,23.742614469130203,19.47890723073981,1.9991348951061598,Au,PRUNED
2163,3.571428571428211,2026-04-26 15:33:23.122302,2026-04-26 15:33:23.775135,0 days 00:00:00.652833,29.556274713161706,16.982051357738005,1.708511630692248,Au,PRUNED
2164,-14.28571428571313,2026-04-26 15:33:23.213503,2026-04-26 15:33:23.820404,0 days 00:00:00.606901,39.024760702957096,17.307171141246847,1.688617987807369,Ag,PRUNED
2165,0.0,2026-04-26 15:33:23.255386,2026-04-26 15:33:24.132372,0 days 00:00:00.876986,20.021405740145948,16.564110172942932,1.6955408838101163,Au,PRUNED
2166,0.0,2026-04-26 15:33:23.293778,2026-04-26 15:33:23.929452,0 days 00:00:00.635674,32.99963432540641,19.6768620939518,1.9910997299693929,Au,PRUNED
2167,-9.316770186334585,2026-04-26 15:33:23.369362,2026-04-26 15:33:24.059231,0 days 00:00:00.689869,78.7003437734714,0.9476004524078423,1.6014906326584255,Cu,PRUNED
2168,0.0,2026-04-26 15:33:23.433845,2026-04-26 15:33:24.226292,0 days 00:00:00.792447,38.5242771538575,19.677073210509366,1.9936006713662293,Au,PRUNED
2169,0.0,2026-04-26 15:33:23.716955,2026-04-26 15:33:24.429608,0 days 00:00:00.712653,28.531423156769563,19.94054543015309,1.9975166523154682,Au,PRUNED
2170,137.362637362633,2026-04-26 15:33:23.861396,2026-04-26 15:33:24.516679,0 days 00:00:00.655283,38.10476648304913,15.278555680693483,1.985549294424812,Au,PRUNED
2171,-13.392857142855457,2026-04-26 15:33:23.932458,2026-04-26 15:33:24.614966,0 days 00:00:00.682508,22.084663847413896,19.9241450728312,1.3932157072267557,Au,PRUNED
2172,0.0,2026-04-26 15:33:23.998604,2026-04-26 15:33:24.604713,0 days 00:00:00.606109,32.55037494775338,17.079097704399228,1.9598665680318677,Au,PRUNED
2173,0.0,2026-04-26 15:33:24.129800,2026-04-26 15:33:24.605713,0 days 00:00:00.475913,41.454604967604524,19.973188422068638,1.453280191673985,Au,PRUNED
2174,-6.122448979591482,2026-04-26 15:33:24.171449,2026-04-26 15:33:24.878282,0 days 00:00:00.706833,23.58305484767391,15.799917323905007,1.6884066335126073,Cu,PRUNED
2175,0.0,2026-04-26 15:33:24.238850,2026-04-26 15:33:25.192457,0 days 00:00:00.953607,37.27094177501479,19.899558677007164,1.1019751442548298,Au,PRUNED
2176,146.1538461538415,2026-04-26 15:33:24.338042,2026-04-26 15:33:24.831746,0 days 00:00:00.493704,25.157912902599847,19.911491967550226,1.997202019180357,Au,PRUNED
2177,0.0,2026-04-26 15:33:24.519704,2026-04-26 15:33:25.271939,0 days 00:00:00.752235,31.162131906078372,17.886804115231747,1.6939352624249961,Au,PRUNED
2178,0.0,2026-04-26 15:33:24.597965,2026-04-26 15:33:25.462507,0 days 00:00:00.864542,34.654586899467645,19.969343470219183,1.3670030329511376,Au,PRUNED
2179,-19.04761904761649,2026-04-26 15:33:24.730961,2026-04-26 15:33:25.329991,0 days 00:00:00.599030,69.99490440863335,1.6457973553089236,1.0432018735274895,Au,PRUNED
2180,0.0,2026-04-26 15:33:24.762147,2026-04-26 15:33:25.414739,0 days 00:00:00.652592,33.9462473013011,19.9908590226383,1.593366951913973,Au,PRUNED
2181,146.1538461538415,2026-04-26 15:33:24.776799,2026-04-26 15:33:25.446547,0 days 00:00:00.669748,26.48188733896376,19.994128089300826,1.0886135096537353,Au,PRUNED
2182,4.926108374383892,2026-04-26 15:33:24.912634,2026-04-26 15:33:25.445548,0 days 00:00:00.532914,36.03607198048715,14.302010288166873,1.7737528841431294,Au,PRUNED
2183,-2.3228803716608195,2026-04-26 15:33:24.982217,2026-04-26 15:33:25.576940,0 days 00:00:00.594723,103.4281654718332,14.461857697520113,0.15751981435705698,Ag,PRUNED
2184,0.0,2026-04-26 15:33:25.244859,2026-04-26 15:33:26.019308,0 days 00:00:00.774449,35.18655949970698,19.894970602733967,1.4557544286587822,Au,PRUNED
2185,-4.761904761904122,2026-04-26 15:33:25.332993,2026-04-26 15:33:26.020919,0 days 00:00:00.687926,22.6216953813413,19.953972840369826,1.5288397450537494,Au,PRUNED
2186,0.0,2026-04-26 15:33:25.463514,2026-04-26 15:33:26.049355,0 days 00:00:00.585841,20.226274453916602,18.711118892595735,1.7648655608474617,Au,PRUNED
2187,0.0,2026-04-26 15:33:25.527824,2026-04-26 15:33:26.564191,0 days 00:00:01.036367,20.358277559772393,19.305499819843725,1.7124384985689225,Au,PRUNED
2188,0.0,2026-04-26 15:33:25.553508,2026-04-26 15:33:26.332558,0 days 00:00:00.779050,20.41688124607505,16.512538355350888,1.650948258117625,Au,PRUNED
2189,141.75824175823726,2026-04-26 15:33:25.580951,2026-04-26 15:33:26.541833,0 days 00:00:00.960882,32.11302021836405,17.177101926137475,1.487764689089725,Au,PRUNED
2190,0.0,2026-04-26 15:33:25.677802,2026-04-26 15:33:26.238526,0 days 00:00:00.560724,20.93651440035991,17.949886707955574,1.9788251885594135,Au,PRUNED
2191,0.0,2026-04-26 15:33:25.804223,2026-04-26 15:33:26.473005,0 days 00:00:00.668782,24.02829250247138,9.232034679399417,0.5358392311467477,Au,PRUNED
2192,141.75824175823726,2026-04-26 15:33:26.135080,2026-04-26 15:33:26.829573,0 days 00:00:00.694493,32.346721360383555,16.771153721507932,1.7477174060454992,Au,PRUNED
2193,0.0,2026-04-26 15:33:26.171482,2026-04-26 15:33:26.891622,0 days 00:00:00.720140,47.73595261928999,17.49911208402662,1.5885013374791608,Au,PRUNED
2194,-25.974025974021227,2026-04-26 15:33:26.338637,2026-04-26 15:33:27.119036,0 days 00:00:00.780399,48.82119574570853,12.18122592801761,0.12921939290878226,Ag,PRUNED
2195,0.0,2026-04-26 15:33:26.381161,2026-04-26 15:33:26.993124,0 days 00:00:00.611963,20.34648167964435,17.74728523183445,1.7016035490613237,Au,PRUNED
2196,-8.928571428570304,2026-04-26 15:33:26.436432,2026-04-26 15:33:27.158815,0 days 00:00:00.722383,22.41563470680362,19.993256547611093,0.9936350306881986,Au,PRUNED
2197,0.0,2026-04-26 15:33:26.549322,2026-04-26 15:33:27.120558,0 days 00:00:00.571236,40.84511850348447,19.964385453145848,1.6310334560118322,Au,PRUNED
2198,0.0,2026-04-26 15:33:26.593792,2026-04-26 15:33:27.274532,0 days 00:00:00.680740,20.246966943592742,19.865806981078716,1.763114490378121,Au,PRUNED
2199,-591.9620919620194,2026-04-26 15:33:26.664695,2026-04-26 15:33:27.449449,0 days 00:00:00.784754,21.33412691646017,19.989162000818343,1.5155619778478626,Au,COMPLETE
2200,2.645502645502447,2026-04-26 15:33:27.012169,2026-04-26 15:33:27.932919,0 days 00:00:00.920750,35.463234381990716,14.399584359034288,1.429697678217389,Au,PRUNED
2201,0.0,2026-04-26 15:33:27.039187,2026-04-26 15:33:27.747839,0 days 00:00:00.708652,31.76970361862746,19.98254852504996,1.8892452620951128,Au,PRUNED
2202,0.0,2026-04-26 15:33:27.030046,2026-04-26 15:33:28.044499,0 days 00:00:01.014453,37.08717053467309,19.7447235613412,1.8015528148021203,Au,PRUNED
2203,-7.936507936507047,2026-04-26 15:33:27.220692,2026-04-26 15:33:27.761172,0 days 00:00:00.540480,45.34211723093129,2.328523468285913,0.7446438728299365,Cu,PRUNED
2204,-12.987012987010614,2026-04-26 15:33:27.323810,2026-04-26 15:33:27.918550,0 days 00:00:00.594740,43.44175988689619,7.936099424808843,0.5114404249104901,Ag,PRUNED
2205,147.25274725274258,2026-04-26 15:33:27.280751,2026-04-26 15:33:28.042435,0 days 00:00:00.761684,25.642370143158903,19.945553464527237,1.2240567313929436,Au,PRUNED
2206,0.0,2026-04-26 15:33:27.375486,2026-04-26 15:33:28.137403,0 days 00:00:00.761917,20.66022257142186,19.980297057272157,1.1631236444652764,Cu,PRUNED
2207,0.0,2026-04-26 15:33:27.564345,2026-04-26 15:33:28.439033,0 days 00:00:00.874688,20.248695614193004,19.891403308201234,1.274823456928131,Au,PRUNED
2208,0.0,2026-04-26 15:33:27.893282,2026-04-26 15:33:28.564309,0 days 00:00:00.671027,20.24367752396204,19.69955986711649,1.0725320677615726,Au,PRUNED
2209,-2.3041474654377487,2026-04-26 15:33:27.971312,2026-04-26 15:33:28.564309,0 days 00:00:00.592997,118.31868427769747,7.623673611006234,1.9359180794371542,Ag,PRUNED
2210,-4.761904761904122,2026-04-26 15:33:28.004487,2026-04-26 15:33:28.656932,0 days 00:00:00.652445,22.829928369604996,19.956806435932695,1.3807837711078896,Au,PRUNED
2211,-12.422360248446113,2026-04-26 15:33:28.094860,2026-04-26 15:33:28.703807,0 days 00:00:00.608947,47.49458354464096,7.457858800145582,0.19362853325081764,Au,PRUNED
2212,139.56043956043513,2026-04-26 15:33:28.129025,2026-04-26 15:33:28.565818,0 days 00:00:00.436793,34.43331876627247,16.80288933467455,1.3606169668949737,Au,PRUNED
2213,-3.7593984962402023,2026-04-26 15:33:28.162642,2026-04-26 15:33:28.766211,0 days 00:00:00.603569,26.867154582380067,16.59704036990804,1.9982127184313878,Au,PRUNED
2214,140.65934065933618,2026-04-26 15:33:28.205847,2026-04-26 15:33:28.766727,0 days 00:00:00.560880,33.420372240754176,16.953895804353323,1.5202111793209632,Au,PRUNED
2215,0.0,2026-04-26 15:33:28.614447,2026-04-26 15:33:29.298317,0 days 00:00:00.683870,20.377138955722597,16.391640154209973,1.0489447337155413,Au,PRUNED
2216,0.0,2026-04-26 15:33:28.643948,2026-04-26 15:33:29.344452,0 days 00:00:00.700504,20.469775319951523,17.333460634168013,1.1053676962845285,Au,PRUNED
2217,140.65934065933618,2026-04-26 15:33:28.676512,2026-04-26 15:33:29.533559,0 days 00:00:00.857047,34.67392965416264,16.67503598068747,1.1739848160064021,Au,PRUNED
2218,0.0,2026-04-26 15:33:28.726696,2026-04-26 15:33:29.234076,0 days 00:00:00.507380,20.4730636390063,17.23316074083432,1.9893480862437571,Au,PRUNED
2219,0.0,2026-04-26 15:33:28.783961,2026-04-26 15:33:29.656404,0 days 00:00:00.872443,20.073741846697626,17.960555418038506,1.742290680480086,Au,PRUNED
2220,0.0,2026-04-26 15:33:28.879500,2026-04-26 15:33:29.626204,0 days 00:00:00.746704,20.119569372488627,13.650552593934215,1.6469711953619437,Au,PRUNED
2221,-6.493506493505897,2026-04-26 15:33:28.910674,2026-04-26 15:33:29.559745,0 days 00:00:00.649071,37.69429726948262,0.5540682582215908,0.721529286118175,Au,PRUNED
2222,-575.1879699247422,2026-04-26 15:33:28.955608,2026-04-26 15:33:29.455859,0 days 00:00:00.500251,21.121160750563437,19.749105978205648,1.7725835158571248,Au,COMPLETE
2223,142.8571428571383,2026-04-26 15:33:29.426372,2026-04-26 15:33:30.108303,0 days 00:00:00.681931,31.22014482796525,17.368279185273305,1.6028926691948762,Au,PRUNED
2224,0.0,2026-04-26 15:33:29.469727,2026-04-26 15:33:30.232357,0 days 00:00:00.762630,20.024242059834524,16.376575557871462,1.4224155873634254,Au,PRUNED
2225,0.0,2026-04-26 15:33:29.495144,2026-04-26 15:33:30.366510,0 days 00:00:00.871366,20.051469337490854,17.91945856349458,1.566202436550112,Au,PRUNED
2226,-14.285714285712844,2026-04-26 15:33:29.675413,2026-04-26 15:33:30.544251,0 days 00:00:00.868838,23.729485004661782,17.218511664719863,1.4029283532249766,Au,PRUNED
2227,141.75824175823726,2026-04-26 15:33:29.705875,2026-04-26 15:33:30.312208,0 days 00:00:00.606333,31.980616635311105,17.382616496271496,1.620531575836279,Au,PRUNED
2228,0.0,2026-04-26 15:33:29.721265,2026-04-26 15:33:30.361233,0 days 00:00:00.639968,20.96028050107599,16.83618888301268,1.3738333096686794,Au,PRUNED
2229,-1.0660980810234213,2026-04-26 15:33:29.736207,2026-04-26 15:33:30.362232,0 days 00:00:00.626025,20.57250003967637,17.947239626998822,1.503254038894114,Ag,PRUNED
2230,0.0,2026-04-26 15:33:29.786053,2026-04-26 15:33:30.813939,0 days 00:00:01.027886,33.3323263849327,18.16107800691941,1.5229651020125974,Au,PRUNED
2231,0.0,2026-04-26 15:33:30.203210,2026-04-26 15:33:30.945675,0 days 00:00:00.742465,34.967452682614784,17.672347834482412,1.4286411725596493,Au,PRUNED
2232,0.0,2026-04-26 15:33:30.286356,2026-04-26 15:33:30.932035,0 days 00:00:00.645679,33.36146040623014,17.45688629721573,1.6866400234502295,Au,PRUNED
2233,5.102040816326161,2026-04-26 15:33:30.425302,2026-04-26 15:33:30.887882,0 days 00:00:00.462580,33.07744466755504,16.380946964872454,1.3142314324166189,Au,PRUNED
2234,0.0,2026-04-26 15:33:30.441628,2026-04-26 15:33:30.956792,0 days 00:00:00.515164,33.94173992137286,19.96745687581019,1.6443063692817874,Au,PRUNED
2235,-553.571428571364,2026-04-26 15:33:30.467635,2026-04-26 15:33:31.153366,0 days 00:00:00.685731,21.034294491152764,19.94375290325888,1.3776548666097097,Au,COMPLETE
2236,-0.5903187721369436,2026-04-26 15:33:30.556624,2026-04-26 15:33:31.239927,0 days 00:00:00.683303,100.92329676471581,14.074846914111143,1.2763378495382618,Au,PRUNED
2237,0.0,2026-04-26 15:33:30.671257,2026-04-26 15:33:31.676878,0 days 00:00:01.005621,20.208502780137728,19.563085327608142,1.6207193036529182,Au,PRUNED
2238,0.0,2026-04-26 15:33:30.919653,2026-04-26 15:33:31.787983,0 days 00:00:00.868330,20.237421076886235,19.548998637831215,1.5586436580423684,Au,PRUNED
2239,0.0,2026-04-26 15:33:30.958794,2026-04-26 15:33:31.960022,0 days 00:00:01.001228,20.230145183918733,19.49397585494627,1.4791957748991587,Au,PRUNED
2240,-585.5057351407006,2026-04-26 15:33:31.020469,2026-04-26 15:33:31.708646,0 days 00:00:00.688177,21.453076316554288,19.946699620740684,1.3999237240182416,Au,COMPLETE
2241,0.0,2026-04-26 15:33:31.058353,2026-04-26 15:33:31.694088,0 days 00:00:00.635735,20.98764901037657,16.730217265649415,1.6729536998419827,Au,PRUNED
2242,0.0,2026-04-26 15:33:31.155368,2026-04-26 15:33:32.067011,0 days 00:00:00.911643,20.108537284037286,17.65916712362332,1.9882009445050295,Au,PRUNED
2243,0.0,2026-04-26 15:33:31.314621,2026-04-26 15:33:31.939184,0 days 00:00:00.624563,20.187678073202868,17.68395478893419,1.2382436079712242,Au,PRUNED
2244,0.0,2026-04-26 15:33:31.347697,2026-04-26 15:33:32.310553,0 days 00:00:00.962856,35.9302030829331,19.823804553680947,1.5735487136244437,Au,PRUNED
2245,0.0,2026-04-26 15:33:31.813368,2026-04-26 15:33:33.035744,0 days 00:00:01.222376,33.608231465639065,17.423195487628753,1.706212875284359,Au,PRUNED
2246,0.0,2026-04-26 15:33:31.832988,2026-04-26 15:33:32.503488,0 days 00:00:00.670500,20.68126249372554,19.89103113022949,1.6414035642984603,Cu,PRUNED
2247,-17.857142857139866,2026-04-26 15:33:31.858902,2026-04-26 15:33:32.586070,0 days 00:00:00.727168,69.10272586249411,10.971057025630662,1.7419904667357011,Ag,PRUNED
2248,-1.0660980810234213,2026-04-26 15:33:31.941698,2026-04-26 15:33:32.738679,0 days 00:00:00.796981,20.068543219252867,17.610764857401215,1.935881048708275,Ag,PRUNED
2249,0.0,2026-04-26 15:33:32.087548,2026-04-26 15:33:32.739689,0 days 00:00:00.652141,35.94572889346325,19.839471751329818,1.6044183029228263,Au,PRUNED
2250,-10.714285714284633,2026-04-26 15:33:32.126490,2026-04-26 15:33:32.648130,0 days 00:00:00.521640,36.56160119118938,12.832035828106697,0.6067027028621363,Ag,PRUNED
2251,0.0,2026-04-26 15:33:32.164250,2026-04-26 15:33:32.647132,0 days 00:00:00.482882,20.331884459999426,17.65038851681338,1.3643514739581521,Au,PRUNED
2252,141.75824175823726,2026-04-26 15:33:32.366127,2026-04-26 15:33:33.266322,0 days 00:00:00.900195,31.315928191436992,17.9068103259467,1.509513148262969,Au,PRUNED
2253,-2.341920374707219,2026-04-26 15:33:32.635957,2026-04-26 15:33:33.486228,0 days 00:00:00.850271,106.47086239058925,4.349028087280409,1.0589509621724857,Au,PRUNED
2254,138.46153846153408,2026-04-26 15:33:32.680997,2026-04-26 15:33:33.779075,0 days 00:00:01.098078,34.1582261939817,19.905505587637258,1.588611457587096,Cu,PRUNED
2255,0.0,2026-04-26 15:33:32.755951,2026-04-26 15:33:33.736512,0 days 00:00:00.980561,26.98805653850593,19.901369950365808,1.6020931806541736,Au,PRUNED
2256,0.0,2026-04-26 15:33:32.785983,2026-04-26 15:33:33.426468,0 days 00:00:00.640485,20.85654810189756,16.00734086335287,1.6205048584384256,Au,PRUNED
2257,140.65934065933618,2026-04-26 15:33:32.857473,2026-04-26 15:33:33.542623,0 days 00:00:00.685150,32.11092321561992,17.59140888764973,1.5165713302807378,Au,PRUNED
2258,0.0,2026-04-26 15:33:32.967353,2026-04-26 15:33:33.543622,0 days 00:00:00.576269,35.35979148717224,17.93826992271333,1.302163449862942,Au,PRUNED
2259,0.0,2026-04-26 15:33:33.100514,2026-04-26 15:33:33.841498,0 days 00:00:00.740984,20.18682126512702,19.853409692643393,1.9350671111418862,Au,PRUNED
2260,0.0,2026-04-26 15:33:33.442497,2026-04-26 15:33:34.185978,0 days 00:00:00.743481,33.73367641018621,19.94655231351204,1.7214327672062253,Au,PRUNED
2261,-1.0660980810234213,2026-04-26 15:33:33.519249,2026-04-26 15:33:34.295933,0 days 00:00:00.776684,20.184691809148585,18.75210632791674,1.7243386596929677,Ag,PRUNED
2262,-19.04761904761649,2026-04-26 15:33:33.606616,2026-04-26 15:33:34.328995,0 days 00:00:00.722379,34.45729911839955,19.9540230113635,1.3476984885405552,Ag,PRUNED
2263,0.0,2026-04-26 15:33:33.566038,2026-04-26 15:33:34.330217,0 days 00:00:00.764179,20.072028690820673,17.27011557680841,1.4357551885403903,Au,PRUNED
2264,0.0,2026-04-26 15:33:33.648816,2026-04-26 15:33:34.331216,0 days 00:00:00.682400,34.997178537308194,18.056348948174577,1.6588310272463194,Au,PRUNED
2265,0.0,2026-04-26 15:33:33.803156,2026-04-26 15:33:34.703283,0 days 00:00:00.900127,20.170361039635665,18.75909322670651,1.573853611900749,Au,PRUNED
2266,0.0,2026-04-26 15:33:33.841498,2026-04-26 15:33:34.712323,0 days 00:00:00.870825,49.73878859032759,17.638245539264084,1.7119490426757404,Au,PRUNED
2267,-1.770956316410831,2026-04-26 15:33:33.905841,2026-04-26 15:33:34.401113,0 days 00:00:00.495272,103.37693122177645,5.870072479011155,0.42620139960293313,Cu,PRUNED
2268,0.0,2026-04-26 15:33:34.255634,2026-04-26 15:33:34.961186,0 days 00:00:00.705552,43.60887785881426,19.8740849165318,1.6862622764785298,Au,PRUNED
2269,0.0,2026-04-26 15:33:34.407706,2026-04-26 15:33:34.925415,0 days 00:00:00.517709,20.365619818368238,19.33306032434868,1.6095103414090528,Au,PRUNED
2270,0.0,2026-04-26 15:33:34.455933,2026-04-26 15:33:35.476167,0 days 00:00:01.020234,32.5163888264222,19.774524997753396,1.6706695413637118,Au,PRUNED
2271,-8.928571428570304,2026-04-26 15:33:34.520303,2026-04-26 15:33:35.157845,0 days 00:00:00.637542,21.610421294609495,19.91604231804962,1.9707136627833453,Au,PRUNED
2272,0.0,2026-04-26 15:33:34.564634,2026-04-26 15:33:35.320471,0 days 00:00:00.755837,20.28674051386165,19.9659065942676,1.7453573593102503,Au,PRUNED
2273,0.0,2026-04-26 15:33:34.605862,2026-04-26 15:33:35.230149,0 days 00:00:00.624287,20.601404003551227,19.87805133965281,1.841080036944581,Cu,PRUNED
2274,-588.892769821793,2026-04-26 15:33:34.820589,2026-04-26 15:33:35.420532,0 days 00:00:00.599943,21.153148633776905,19.979718293830544,1.6389743750573587,Au,COMPLETE
2275,-12.605042016805228,2026-04-26 15:33:34.861307,2026-04-26 15:33:35.516407,0 days 00:00:00.655100,21.453352349735905,19.707925895556436,1.657981438919539,Au,PRUNED
2276,0.0,2026-04-26 15:33:35.053390,2026-04-26 15:33:35.686433,0 days 00:00:00.633043,20.293104758465855,14.264806846769922,1.7337851154185213,Au,PRUNED
2277,0.0,2026-04-26 15:33:35.249675,2026-04-26 15:33:36.435548,0 days 00:00:01.185873,32.83385152414499,19.705077600588382,1.6885703638763099,Au,PRUNED
2278,145.05494505494045,2026-04-26 15:33:35.274640,2026-04-26 15:33:35.861599,0 days 00:00:00.586959,26.423652917416025,19.785201132428764,1.6612904328123812,Au,PRUNED
2279,-4.464285714285152,2026-04-26 15:33:35.339475,2026-04-26 15:33:35.944748,0 days 00:00:00.605273,23.192629608105207,19.95437124310513,1.4371694411179237,Au,PRUNED
2280,-8.928571428570304,2026-04-26 15:33:35.400966,2026-04-26 15:33:36.108859,0 days 00:00:00.707893,21.062984658025446,19.96360009533228,1.9917062199549802,Au,PRUNED
2281,0.0,2026-04-26 15:33:35.569699,2026-04-26 15:33:36.110859,0 days 00:00:00.541160,34.813550017524626,17.442485879811688,1.6333184514155035,Au,PRUNED
2282,141.75824175823726,2026-04-26 15:33:35.583629,2026-04-26 15:33:36.280704,0 days 00:00:00.697075,32.17363241559754,16.836338308713223,1.7358143933313506,Au,PRUNED
2283,0.0,2026-04-26 15:33:35.617525,2026-04-26 15:33:36.086187,0 days 00:00:00.468662,20.02763209386238,18.530937418682818,1.679799105877902,Au,PRUNED
2284,-0.5494505494505405,2026-04-26 15:33:35.786191,2026-04-26 15:33:36.354834,0 days 00:00:00.568643,74.83691617226,19.72095285478685,1.0480035847888483,Ag,PRUNED
2285,-563.3802816900748,2026-04-26 15:33:35.994505,2026-04-26 15:33:36.571545,0 days 00:00:00.577040,21.169494592949874,19.65420035061767,1.7120949941716974,Au,COMPLETE
2286,0.0,2026-04-26 15:33:36.002588,2026-04-26 15:33:36.735070,0 days 00:00:00.732482,33.212822693995165,17.8806509831429,1.7446626952382294,Au,PRUNED
2287,3.7593984962402023,2026-04-26 15:33:36.153154,2026-04-26 15:33:37.150686,0 days 00:00:00.997532,33.70424638423173,14.644488841908663,1.719337530075807,Au,PRUNED
2288,0.0,2026-04-26 15:33:36.187741,2026-04-26 15:33:37.482251,0 days 00:00:01.294510,21.53725068422537,16.30931560080512,1.7703448216034554,Au,PRUNED
2289,0.0,2026-04-26 15:33:36.288238,2026-04-26 15:33:36.918855,0 days 00:00:00.630617,34.841758243509204,19.9690040037952,1.6538408202444408,Au,PRUNED
2290,-529.5238095237506,2026-04-26 15:33:36.524165,2026-04-26 15:33:37.122061,0 days 00:00:00.597896,20.809795292891614,19.50581796689639,1.7382947307866967,Au,COMPLETE
2291,0.0,2026-04-26 15:33:36.547263,2026-04-26 15:33:37.058179,0 days 00:00:00.510916,28.59431148403452,19.853003830787145,1.6890004306658115,Au,PRUNED
2292,140.65934065933618,2026-04-26 15:33:36.574057,2026-04-26 15:33:37.255040,0 days 00:00:00.680983,32.90204996917358,17.027334098503083,1.6558259059002016,Au,PRUNED
2293,0.0,2026-04-26 15:33:36.795135,2026-04-26 15:33:37.589400,0 days 00:00:00.794265,20.017800644565014,15.367411658489285,1.7251535158764968,Au,PRUNED
2294,0.0,2026-04-26 15:33:36.825951,2026-04-26 15:33:37.652538,0 days 00:00:00.826587,33.788258872775984,19.88987033477899,1.760069440426984,Au,PRUNED
2295,0.0,2026-04-26 15:33:37.172607,2026-04-26 15:33:37.654826,0 days 00:00:00.482219,20.650146074103414,16.43382337712327,1.6986101534808657,Au,PRUNED
2296,-557.4750830564136,2026-04-26 15:33:37.193966,2026-04-26 15:33:38.294921,0 days 00:00:01.100955,20.87750590087594,19.73008320750021,1.7911246078164025,Au,COMPLETE
2297,0.0,2026-04-26 15:33:37.219340,2026-04-26 15:33:37.739017,0 days 00:00:00.519677,35.10957371877531,19.973754326620337,1.7362959527834403,Au,PRUNED
2298,-567.5447483957444,2026-04-26 15:33:37.343650,2026-04-26 15:33:37.891505,0 days 00:00:00.547855,20.962459266292743,19.772188657849295,1.782867783032298,Au,COMPLETE
2299,0.0,2026-04-26 15:33:37.483253,2026-04-26 15:33:38.294921,0 days 00:00:00.811668,33.55410298452761,19.86893035813788,1.9910414757556922,Au,PRUNED
2300,0.0,2026-04-26 15:33:37.548142,2026-04-26 15:33:38.247818,0 days 00:00:00.699676,33.84412739767163,17.81208217988974,1.973525521736033,Au,PRUNED
2301,141.75824175823726,2026-04-26 15:33:37.683796,2026-04-26 15:33:38.274857,0 days 00:00:00.591061,32.314542243019595,16.819979974793526,1.78169882130506,Au,PRUNED
2302,-551.3495720868349,2026-04-26 15:33:37.811171,2026-04-26 15:33:38.352655,0 days 00:00:00.541484,21.03459747099162,19.71505295434296,1.6024536432262282,Au,COMPLETE
2303,0.0,2026-04-26 15:33:37.830028,2026-04-26 15:33:38.400844,0 days 00:00:00.570816,20.06834652820107,17.193748219704187,1.7088506395086103,Au,PRUNED
2304,0.0,2026-04-26 15:33:37.894018,2026-04-26 15:33:38.622206,0 days 00:00:00.728188,33.231322671148995,17.988322361600222,1.5723882233927402,Au,PRUNED
2305,0.0,2026-04-26 15:33:37.985248,2026-04-26 15:33:38.658248,0 days 00:00:00.673000,20.4832427860907,19.77072109465198,1.4467128855096107,Au,PRUNED
2306,0.0,2026-04-26 15:33:38.293470,2026-04-26 15:33:38.896546,0 days 00:00:00.603076,20.442369867614826,19.317319384995745,1.5680818754454058,Au,PRUNED
2307,-8.403361344536819,2026-04-26 15:33:38.447423,2026-04-26 15:33:39.067364,0 days 00:00:00.619941,21.760608156499195,19.585234684283492,1.645853522711485,Au,PRUNED
2308,0.0,2026-04-26 15:33:38.496024,2026-04-26 15:33:39.190009,0 days 00:00:00.693985,23.04405912286948,19.991552897879806,1.8098603599492726,Au,PRUNED
2309,-19.480519480515923,2026-04-26 15:33:38.509801,2026-04-26 15:33:39.097553,0 days 00:00:00.587752,53.668597670962114,8.958319362577802,1.8960478162710088,Ag,PRUNED
2310,0.0,2026-04-26 15:33:38.555498,2026-04-26 15:33:39.309461,0 days 00:00:00.753963,32.8733662263453,19.95770898828579,1.7593485054699596,Au,PRUNED
2311,0.0,2026-04-26 15:33:38.575195,2026-04-26 15:33:39.274593,0 days 00:00:00.699398,20.21078567599728,18.47739518355777,1.66738548262898,Au,PRUNED
2312,0.0,2026-04-26 15:33:38.728819,2026-04-26 15:33:39.273092,0 days 00:00:00.544273,36.87458910295963,19.80983944868895,1.534017451838948,Au,PRUNED
2313,0.0,2026-04-26 15:33:38.743155,2026-04-26 15:33:39.679540,0 days 00:00:00.936385,36.16386645988905,19.978428730729835,1.6319200285959785,Au,PRUNED
2314,0.0,2026-04-26 15:33:39.008662,2026-04-26 15:33:39.716731,0 days 00:00:00.708069,33.69249392638959,17.82923671174895,1.7104986920530787,Au,PRUNED
2315,0.0,2026-04-26 15:33:39.160801,2026-04-26 15:33:39.989246,0 days 00:00:00.828445,38.758889058743485,19.96693950057507,1.69218592864935,Au,PRUNED
2316,0.0,2026-04-26 15:33:39.213700,2026-04-26 15:33:39.894771,0 days 00:00:00.681071,34.290753587594466,19.927466141874273,1.578086824761515,Au,PRUNED
2317,0.0,2026-04-26 15:33:39.249684,2026-04-26 15:33:40.013777,0 days 00:00:00.764093,52.39518865990456,18.665719289364173,1.4449085844321945,Au,PRUNED
2318,0.0,2026-04-26 15:33:39.371927,2026-04-26 15:33:40.130332,0 days 00:00:00.758405,32.270924232089556,19.882195010326843,1.3929563274136898,Au,PRUNED
2319,0.0,2026-04-26 15:33:39.438290,2026-04-26 15:33:40.128192,0 days 00:00:00.689902,22.13100394643952,16.688761479665146,1.6651017432403357,Au,PRUNED
2320,0.0,2026-04-26 15:33:39.463979,2026-04-26 15:33:40.080863,0 days 00:00:00.616884,36.4489173631452,19.900188904766864,1.7357643231524345,Au,PRUNED
2321,141.75824175823726,2026-04-26 15:33:39.821394,2026-04-26 15:33:40.581921,0 days 00:00:00.760527,32.22224907261055,17.01980340938861,1.7666447510594634,Au,PRUNED
2322,0.0,2026-04-26 15:33:39.850772,2026-04-26 15:33:40.666528,0 days 00:00:00.815756,21.322571849257834,16.821339739535727,1.6499092175862835,Au,PRUNED
2323,-584.0846047156012,2026-04-26 15:33:39.954309,2026-04-26 15:33:40.694118,0 days 00:00:00.739809,21.427934923754766,19.81245650156894,1.5526965912580284,Au,COMPLETE
2324,0.0,2026-04-26 15:33:40.059335,2026-04-26 15:33:40.829959,0 days 00:00:00.770624,48.40756901376919,17.44537345520332,1.7378488230314266,Au,PRUNED
2325,0.0,2026-04-26 15:33:40.175409,2026-04-26 15:33:41.133565,0 days 00:00:00.958156,20.284710429058485,19.79881022282112,1.4440443469025834,Au,PRUNED
2326,0.0,2026-04-26 15:33:40.223524,2026-04-26 15:33:40.788163,0 days 00:00:00.564639,28.141394381588,19.989717133579532,1.5347942261895475,Au,PRUNED
2327,0.0,2026-04-26 15:33:40.241760,2026-04-26 15:33:41.290710,0 days 00:00:01.048950,20.85568509403622,15.933705219429303,1.4392417586483637,Au,PRUNED
2328,0.0,2026-04-26 15:33:40.282744,2026-04-26 15:33:40.789170,0 days 00:00:00.506426,34.68218963805297,17.46258667621111,1.6499479221932112,Au,PRUNED
2329,-3.7593984962402023,2026-04-26 15:33:40.699473,2026-04-26 15:33:41.400944,0 days 00:00:00.701471,28.117478354382527,16.567439344119247,1.4857186311071062,Au,PRUNED
2330,0.0,2026-04-26 15:33:40.756754,2026-04-26 15:33:41.368374,0 days 00:00:00.611620,38.09597470374058,18.05516873678006,1.47919694534232,Au,PRUNED
2331,0.0,2026-04-26 15:33:40.905562,2026-04-26 15:33:41.603770,0 days 00:00:00.698208,47.28521793522762,19.730011681516668,1.4072063606322927,Au,PRUNED
2332,0.0,2026-04-26 15:33:40.935185,2026-04-26 15:33:41.680774,0 days 00:00:00.745589,20.521013940260318,15.921261883800264,1.4700214494784232,Au,PRUNED
2333,0.0,2026-04-26 15:33:40.990082,2026-04-26 15:33:41.695656,0 days 00:00:00.705574,20.669637524517036,15.184580753573771,1.3179255084330495,Cu,PRUNED
2334,7.518796992480405,2026-04-26 15:33:41.013408,2026-04-26 15:33:41.590189,0 days 00:00:00.576781,32.118331630671776,16.340138142369305,1.4191356222605913,Au,PRUNED
2335,0.0,2026-04-26 15:33:41.268261,2026-04-26 15:33:41.916165,0 days 00:00:00.647904,40.96824614077843,17.137415751526238,1.325314748421344,Au,PRUNED
2336,0.0,2026-04-26 15:33:41.386220,2026-04-26 15:33:42.150134,0 days 00:00:00.763914,21.116689664905213,16.663271837245496,1.3763944856679629,Au,PRUNED
2337,0.0,2026-04-26 15:33:41.494640,2026-04-26 15:33:42.183782,0 days 00:00:00.689142,35.00810433977746,19.84981625649248,1.333632402788635,Au,PRUNED
2338,0.0,2026-04-26 15:33:41.533297,2026-04-26 15:33:42.183782,0 days 00:00:00.650485,39.945543797962,19.697522675017034,1.3643417693354578,Au,PRUNED
2339,0.0,2026-04-26 15:33:41.672663,2026-04-26 15:33:42.429575,0 days 00:00:00.756912,33.025943583088065,17.54688017393971,1.4633695318872313,Au,PRUNED
2340,0.0,2026-04-26 15:33:41.754363,2026-04-26 15:33:42.757757,0 days 00:00:01.003394,21.649509727148722,17.19943914328444,1.4954808370668387,Au,PRUNED
2341,-8.403361344536819,2026-04-26 15:33:41.809172,2026-04-26 15:33:42.456285,0 days 00:00:00.647113,21.117802238269412,19.964332376757923,1.7589945679656056,Au,PRUNED
2342,0.0,2026-04-26 15:33:41.823887,2026-04-26 15:33:42.790775,0 days 00:00:00.966888,20.716865970885614,17.32710214934833,1.5712719584808046,Au,PRUNED
2343,-576.0534429598475,2026-04-26 15:33:42.033008,2026-04-26 15:33:42.883443,0 days 00:00:00.850435,21.165582553372467,19.987906816354368,1.47504135434472,Au,COMPLETE
2344,0.0,2026-04-26 15:33:42.258448,2026-04-26 15:33:42.991774,0 days 00:00:00.733326,20.23111840044512,19.80825143646294,1.6404180447911405,Au,PRUNED
2345,0.0,2026-04-26 15:33:42.275444,2026-04-26 15:33:42.949381,0 days 00:00:00.673937,20.441720426960188,19.775714584086035,1.6325112922351066,Au,PRUNED
2346,0.0,2026-04-26 15:33:42.298176,2026-04-26 15:33:43.091549,0 days 00:00:00.793373,20.13718266773811,18.21248202324178,1.4492763391717312,Au,PRUNED
2347,0.0,2026-04-26 15:33:42.536077,2026-04-26 15:33:43.741569,0 days 00:00:01.205492,36.442891314478665,19.820410009408352,1.4542129210989772,Au,PRUNED
2348,0.0,2026-04-26 15:33:42.522799,2026-04-26 15:33:43.549965,0 days 00:00:01.027166,28.755502633758493,19.82514250604735,1.5881638795939064,Au,PRUNED
2349,0.0,2026-04-26 15:33:42.966656,2026-04-26 15:33:43.499721,0 days 00:00:00.533065,33.583685749326925,17.881605054689516,1.2226308602572415,Au,PRUNED
2350,0.0,2026-04-26 15:33:43.024010,2026-04-26 15:33:43.769296,0 days 00:00:00.745286,32.824256961332644,19.46603265615554,1.2598910989430356,Au,PRUNED
2351,146.1538461538415,2026-04-26 15:33:43.043087,2026-04-26 15:33:43.614783,0 days 00:00:00.571696,26.432250368256152,19.932765750569132,1.4065277447692281,Au,PRUNED
2352,0.0,2026-04-26 15:33:43.057105,2026-04-26 15:33:43.741569,0 days 00:00:00.684464,37.026643163853635,17.34498584176304,1.317223287282799,Au,PRUNED
2353,-15.873015873014094,2026-04-26 15:33:43.103842,2026-04-26 15:33:43.960845,0 days 00:00:00.857003,89.51917199638768,12.042988722838606,0.37937752300893657,Ag,PRUNED
2354,0.0,2026-04-26 15:33:43.259070,2026-04-26 15:33:43.972297,0 days 00:00:00.713227,31.432797966440326,19.580704940770417,1.3930507511744503,Au,PRUNED
2355,0.0,2026-04-26 15:33:43.637313,2026-04-26 15:33:44.485523,0 days 00:00:00.848210,34.75871078857495,19.44688790733512,1.3226363897549132,Au,PRUNED
2356,0.0,2026-04-26 15:33:43.669530,2026-04-26 15:33:44.812687,0 days 00:00:01.143157,43.42211076859529,19.962590016758732,1.2363505828937513,Au,PRUNED
2357,0.0,2026-04-26 15:33:43.788918,2026-04-26 15:33:44.595518,0 days 00:00:00.806600,34.7549398917752,13.979010784859643,1.437897144317701,Au,PRUNED
2358,0.0,2026-04-26 15:33:43.835464,2026-04-26 15:33:44.959932,0 days 00:00:01.124468,49.268583941258015,19.794606391979716,1.5289482887674648,Au,PRUNED
2359,0.0,2026-04-26 15:33:44.022617,2026-04-26 15:33:44.658500,0 days 00:00:00.635883,21.463329252863893,17.400176079019854,1.3940574841105708,Au,PRUNED
2360,0.0,2026-04-26 15:33:44.037012,2026-04-26 15:33:44.547872,0 days 00:00:00.510860,20.241513509346905,19.952427570424454,1.4581658279616518,Au,PRUNED
2361,3.9682539682535234,2026-04-26 15:33:44.057617,2026-04-26 15:33:44.882831,0 days 00:00:00.825214,27.32305178364481,17.65132459504933,1.4630872585948522,Au,PRUNED
2362,2.5510204081630805,2026-04-26 15:33:44.133572,2026-04-26 15:33:44.758269,0 days 00:00:00.624697,40.33951033698335,17.444827971061382,1.4262571093495797,Cu,PRUNED
2363,142.8571428571383,2026-04-26 15:33:44.735928,2026-04-26 15:33:45.480480,0 days 00:00:00.744552,30.373998843146005,18.26894201113064,1.448671483425834,Au,PRUNED
2364,0.0,2026-04-26 15:33:44.791443,2026-04-26 15:33:45.617174,0 days 00:00:00.825731,28.7389148664821,19.832319347597632,1.3693094103652237,Au,PRUNED
2365,143.9560439560394,2026-04-26 15:33:44.837168,2026-04-26 15:33:45.479116,0 days 00:00:00.641948,29.945989792017613,17.598143106464104,1.5174704537014327,Au,PRUNED
2366,0.0,2026-04-26 15:33:44.853331,2026-04-26 15:33:45.399436,0 days 00:00:00.546105,20.277265066132134,16.985787961086043,1.3663963996140738,Au,PRUNED
2367,0.0,2026-04-26 15:33:44.895007,2026-04-26 15:33:45.572720,0 days 00:00:00.677713,20.063355120087266,17.81797598842993,1.5100421703768903,Au,PRUNED
2368,0.0,2026-04-26 15:33:44.897821,2026-04-26 15:33:45.716126,0 days 00:00:00.818305,33.872248506738764,19.98115295663601,1.6372997591093883,Au,PRUNED
2369,0.0,2026-04-26 15:33:44.931399,2026-04-26 15:33:45.572720,0 days 00:00:00.641321,27.8300051758871,19.97455718935795,1.5005354466205545,Au,PRUNED
2370,0.0,2026-04-26 15:33:45.047470,2026-04-26 15:33:45.619200,0 days 00:00:00.571730,20.159289118904198,19.498074838191155,1.4680894698151552,Au,PRUNED
2371,0.0,2026-04-26 15:33:45.544598,2026-04-26 15:33:46.116915,0 days 00:00:00.572317,20.511619509312865,18.005532710620606,1.6376718170303421,Au,PRUNED
2372,-8.928571428570304,2026-04-26 15:33:45.583432,2026-04-26 15:33:46.276432,0 days 00:00:00.693000,22.028769546780104,19.8952631661007,1.5632944032579252,Au,PRUNED
2373,4.2016806722684095,2026-04-26 15:33:45.670403,2026-04-26 15:33:46.606923,0 days 00:00:00.936520,24.490162453732903,19.92908839595,1.5094800684564649,Au,PRUNED
2374,0.0,2026-04-26 15:33:45.731302,2026-04-26 15:33:46.509260,0 days 00:00:00.777958,24.120910552125494,19.992651834717684,1.422986761929701,Au,PRUNED
2375,0.0,2026-04-26 15:33:45.760630,2026-04-26 15:33:46.510689,0 days 00:00:00.750059,25.050930746925992,19.972593616529377,0.6427307052801672,Au,PRUNED
2376,-558.6080586079933,2026-04-26 15:33:45.775100,2026-04-26 15:33:46.384061,0 days 00:00:00.608961,20.989891792891093,19.732005952396214,1.6983507106143003,Au,COMPLETE
2377,0.0,2026-04-26 15:33:45.808989,2026-04-26 15:33:46.509260,0 days 00:00:00.700271,29.240054243625867,19.890553026448618,1.5591442069258776,Au,PRUNED
2378,0.0,2026-04-26 15:33:45.875413,2026-04-26 15:33:46.575177,0 days 00:00:00.699764,20.49505858852249,19.12159515715193,1.6380166060219272,Au,PRUNED
2379,-8.658008658008125,2026-04-26 15:33:46.289826,2026-04-26 15:33:47.021168,0 days 00:00:00.731342,24.22106474333746,16.90586932590796,1.7397975086685018,Cu,PRUNED
2380,0.0,2026-04-26 15:33:46.356162,2026-04-26 15:33:47.560908,0 days 00:00:01.204746,21.204820171980977,17.497592779623925,1.3567937841547835,Au,PRUNED
2381,0.0,2026-04-26 15:33:46.620399,2026-04-26 15:33:47.333571,0 days 00:00:00.713172,50.51362631722673,19.958876319513227,1.5909812809828192,Au,PRUNED
2382,-1.0660980810234213,2026-04-26 15:33:46.635320,2026-04-26 15:33:47.274309,0 days 00:00:00.638989,20.285785829848987,18.104022408191977,1.4343934316122422,Ag,PRUNED
2383,0.0,2026-04-26 15:33:46.608412,2026-04-26 15:33:47.232505,0 days 00:00:00.624093,21.868093298410848,13.392239395621068,1.303585260323095,Au,PRUNED
2384,147.25274725274258,2026-04-26 15:33:46.665365,2026-04-26 15:33:47.335076,0 days 00:00:00.669711,25.935699582863233,19.965915396907164,1.3710581288254255,Au,PRUNED
2385,0.0,2026-04-26 15:33:46.698387,2026-04-26 15:33:47.289753,0 days 00:00:00.591366,30.58298317766159,19.91464123829631,1.4724817469509608,Au,PRUNED
2386,-6.493506493505897,2026-04-26 15:33:46.680419,2026-04-26 15:33:47.192849,0 days 00:00:00.512430,67.63785032637621,19.144442078978717,0.24686274577012368,Ag,PRUNED
2387,0.0,2026-04-26 15:33:47.153276,2026-04-26 15:33:48.020622,0 days 00:00:00.867346,21.013401349871604,17.130081184957326,1.4840700525906265,Au,PRUNED
2388,0.0,2026-04-26 15:33:47.301476,2026-04-26 15:33:48.047540,0 days 00:00:00.746064,36.93457564209078,19.91565898418728,1.5118027150930105,Au,PRUNED
2389,0.0,2026-04-26 15:33:47.303971,2026-04-26 15:33:48.044539,0 days 00:00:00.740568,46.00901121672606,16.482991324483102,1.3791033332088354,Au,PRUNED
2390,0.0,2026-04-26 15:33:47.352340,2026-04-26 15:33:47.965827,0 days 00:00:00.613487,33.07543163407172,17.464830339080905,1.4008426587002234,Au,PRUNED
2391,7.518796992480405,2026-04-26 15:33:47.429328,2026-04-26 15:33:47.989734,0 days 00:00:00.560406,30.22189948296641,17.042950755043943,1.4438082751636436,Au,PRUNED
2392,-1.7421602787456147,2026-04-26 15:33:47.462717,2026-04-26 15:33:48.047540,0 days 00:00:00.584823,108.13652856409107,5.662542736674204,1.0045310397083995,Cu,PRUNED
2393,3.7593984962402023,2026-04-26 15:33:47.476756,2026-04-26 15:33:48.190726,0 days 00:00:00.713970,33.68152220905241,14.54496487410518,1.6499730081068669,Au,PRUNED
2394,0.0,2026-04-26 15:33:47.681669,2026-04-26 15:33:48.454442,0 days 00:00:00.772773,31.275827910914636,19.885086024364263,1.4854428051919681,Au,PRUNED
2395,-4.6082949308752745,2026-04-26 15:33:48.084223,2026-04-26 15:33:48.799517,0 days 00:00:00.715294,25.930338663049312,3.8108170298875352,0.5942924896760378,Cu,PRUNED
2396,0.0,2026-04-26 15:33:48.100783,2026-04-26 15:33:48.800022,0 days 00:00:00.699239,20.10777109280146,17.238693662081648,1.4041849403860163,Au,PRUNED
2397,0.0,2026-04-26 15:33:48.141503,2026-04-26 15:33:48.693226,0 days 00:00:00.551723,36.820421750683686,17.064277169134286,1.457920533790127,Au,PRUNED
2398,0.0,2026-04-26 15:33:48.144142,2026-04-26 15:33:48.879016,0 days 00:00:00.734874,35.029085958803826,17.983784055743772,1.5908197410415208,Au,PRUNED
2399,0.0,2026-04-26 15:33:48.195845,2026-04-26 15:33:48.802600,0 days 00:00:00.606755,34.67887687598508,17.775196297179708,1.711306852197982,Au,PRUNED
2400,0.0,2026-04-26 15:33:48.263842,2026-04-26 15:33:48.928280,0 days 00:00:00.664438,20.372819754928347,17.924883412336087,1.4392942645420916,Au,PRUNED
2401,0.0,2026-04-26 15:33:48.374191,2026-04-26 15:33:49.322113,0 days 00:00:00.947922,20.129705055329183,17.247864805945802,1.3480258335633053,Au,PRUNED
2402,8.403361344536819,2026-04-26 15:33:48.521745,2026-04-26 15:33:49.322113,0 days 00:00:00.800368,25.290159842116687,19.985866157052012,1.2424084739956291,Au,PRUNED
2403,-573.4742584383897,2026-04-26 15:33:48.772278,2026-04-26 15:33:49.833814,0 days 00:00:01.061536,21.160789390179744,19.740227571437643,1.7211657222774144,Au,COMPLETE
2404,-11.278195488720607,2026-04-26 15:33:48.908450,2026-04-26 15:33:49.619372,0 days 00:00:00.710922,30.91210633985314,15.18909215149343,0.6451879245917043,Au,PRUNED
2405,0.0,2026-04-26 15:33:48.946029,2026-04-26 15:33:49.646995,0 days 00:00:00.700966,37.382035923189335,19.866539478788855,1.3488767754692135,Au,PRUNED
2406,-12.605042016805228,2026-04-26 15:33:48.992198,2026-04-26 15:33:49.699756,0 days 00:00:00.707558,21.81085540231873,19.92033738419749,1.2839448970206688,Au,PRUNED
2407,0.0,2026-04-26 15:33:48.961286,2026-04-26 15:33:49.601105,0 days 00:00:00.639819,36.51988408330427,17.063948229552288,0.8099227545154892,Au,PRUNED
2408,-0.5903187721369436,2026-04-26 15:33:49.089938,2026-04-26 15:33:49.699756,0 days 00:00:00.609818,115.33921859915708,17.34997700746878,0.6919917269302877,Au,PRUNED
2409,0.0,2026-04-26 15:33:49.531456,2026-04-26 15:33:50.202895,0 days 00:00:00.671439,21.362200375298293,17.071750562614028,1.7097919144556641,Au,PRUNED
2410,0.0,2026-04-26 15:33:49.567404,2026-04-26 15:33:50.249734,0 days 00:00:00.682330,32.71809266744623,19.671000416169576,1.7105988722045058,Au,PRUNED
2411,0.0,2026-04-26 15:33:49.717165,2026-04-26 15:33:50.518237,0 days 00:00:00.801072,20.344411696332237,19.27687311097572,1.7052099030434589,Au,PRUNED
2412,147.25274725274258,2026-04-26 15:33:49.753351,2026-04-26 15:33:50.180202,0 days 00:00:00.426851,25.068165973660488,19.96275718683598,1.7046567898770453,Au,PRUNED
2413,4.2016806722684095,2026-04-26 15:33:49.771365,2026-04-26 15:33:50.425222,0 days 00:00:00.653857,24.160640394162375,19.777835374136064,1.737232236421981,Au,PRUNED
2414,-526.706700379208,2026-04-26 15:33:49.804470,2026-04-26 15:33:50.341896,0 days 00:00:00.537426,20.59474661756089,19.58923117970848,1.777097144186987,Au,COMPLETE
2415,0.0,2026-04-26 15:33:49.904451,2026-04-26 15:33:50.499632,0 days 00:00:00.595181,33.08194117673686,18.352142210296577,1.7638782628615157,Au,PRUNED
2416,147.25274725274258,2026-04-26 15:33:50.051543,2026-04-26 15:33:50.700078,0 days 00:00:00.648535,25.42536481215548,19.955527027732312,1.6759023780516835,Au,PRUNED
2417,0.0,2026-04-26 15:33:50.285914,2026-04-26 15:33:50.997511,0 days 00:00:00.711597,33.57804184769661,17.114719224086063,1.7913577967711005,Au,PRUNED
2418,0.0,2026-04-26 15:33:50.362728,2026-04-26 15:33:51.180188,0 days 00:00:00.817460,21.11601380760938,17.37769407065508,1.6522104367639112,Au,PRUNED
2419,-20.40816326530027,2026-04-26 15:33:50.343503,2026-04-26 15:33:51.386625,0 days 00:00:01.043122,77.0663637361798,5.205586806098358,1.2423108008565449,Ag,PRUNED
2420,-1.0660980810234213,2026-04-26 15:33:50.548425,2026-04-26 15:33:51.464536,0 days 00:00:00.916111,20.95560878647903,18.879937289968517,1.5248531902278297,Ag,PRUNED
2421,0.0,2026-04-26 15:33:50.601080,2026-04-26 15:33:51.088245,0 days 00:00:00.487165,32.60732398383389,17.784481381999232,1.6766889852021056,Au,PRUNED
2422,-9.523809523808879,2026-04-26 15:33:50.626523,2026-04-26 15:33:51.293109,0 days 00:00:00.666586,23.96200829787656,19.80209218195864,1.5259064513820648,Ag,PRUNED
2423,-23.809523809520613,2026-04-26 15:33:50.672263,2026-04-26 15:33:51.291817,0 days 00:00:00.619554,37.3029362701121,18.540517032686697,1.741542236291672,Ag,PRUNED
2424,140.65934065933618,2026-04-26 15:33:50.751601,2026-04-26 15:33:51.654054,0 days 00:00:00.902453,33.103573224223766,16.937677623905813,1.6929741849342166,Au,PRUNED
2425,0.0,2026-04-26 15:33:51.107514,2026-04-26 15:33:51.774415,0 days 00:00:00.666901,34.21207378247846,18.625755076872284,1.712306582982327,Au,PRUNED
2426,0.0,2026-04-26 15:33:51.220529,2026-04-26 15:33:51.950914,0 days 00:00:00.730385,20.394688489381327,17.065221816180635,1.8715033827150127,Au,PRUNED
2427,0.0,2026-04-26 15:33:51.338272,2026-04-26 15:33:52.142808,0 days 00:00:00.804536,21.067824866759523,17.09847303110141,1.6760704144129084,Au,PRUNED
2428,-8.928571428570304,2026-04-26 15:33:51.362433,2026-04-26 15:33:52.141743,0 days 00:00:00.779310,22.02778763438177,19.87657314100842,1.7053856287764084,Au,PRUNED
2429,143.9560439560394,2026-04-26 15:33:51.388127,2026-04-26 15:33:52.278251,0 days 00:00:00.890124,29.32933460599583,18.059567254015718,1.7323520568756114,Au,PRUNED
2430,-8.928571428570304,2026-04-26 15:33:51.480553,2026-04-26 15:33:52.319450,0 days 00:00:00.838897,22.222923775484336,19.941454751559462,1.2456443865760995,Au,PRUNED
2431,0.0,2026-04-26 15:33:51.618483,2026-04-26 15:33:52.543736,0 days 00:00:00.925253,20.25044937357183,19.050267628550614,1.6886249798323492,Au,PRUNED
2432,0.0,2026-04-26 15:33:51.722478,2026-04-26 15:33:52.607418,0 days 00:00:00.884940,20.302027573425264,16.505159494039336,1.8471880169842099,Au,PRUNED
2433,-575.5297334244013,2026-04-26 15:33:51.979043,2026-04-26 15:33:52.764935,0 days 00:00:00.785892,21.30977262306861,19.616047862606006,1.7857154598922798,Au,COMPLETE
2434,-284.95642288743835,2026-04-26 15:33:52.064802,2026-04-26 15:33:52.924189,0 days 00:00:00.859387,22.327811481200754,19.77666089225114,1.9880859559797712,Ag,COMPLETE
2435,0.0,2026-04-26 15:33:52.220557,2026-04-26 15:33:52.998334,0 days 00:00:00.777777,47.66587778915411,14.987087972161525,1.5613305846160255,Au,PRUNED
2436,140.65934065933618,2026-04-26 15:33:52.298097,2026-04-26 15:33:52.926786,0 days 00:00:00.628689,32.53497778971989,19.902045474856187,1.5772271383703154,Cu,PRUNED
2437,0.0,2026-04-26 15:33:52.376134,2026-04-26 15:33:52.999334,0 days 00:00:00.623200,45.2660099361901,15.796784210209536,1.5929299991209696,Au,PRUNED
2438,0.0,2026-04-26 15:33:52.579172,2026-04-26 15:33:53.209666,0 days 00:00:00.630494,20.376529608859062,18.6250381629308,1.454278794999078,Au,PRUNED
2439,0.0,2026-04-26 15:33:52.649068,2026-04-26 15:33:53.306963,0 days 00:00:00.657895,35.93388959536383,19.854830025776362,1.7847713001169119,Au,PRUNED
2440,0.0,2026-04-26 15:33:52.667201,2026-04-26 15:33:53.378052,0 days 00:00:00.710851,21.263294173283654,17.403341260087085,1.6773277141270937,Au,PRUNED
2441,0.0,2026-04-26 15:33:53.010846,2026-04-26 15:33:53.791641,0 days 00:00:00.780795,40.6832560183129,19.82011815360461,1.7669581435090482,Au,PRUNED
2442,0.0,2026-04-26 15:33:53.046191,2026-04-26 15:33:54.185958,0 days 00:00:01.139767,20.066541457532136,19.871372718955794,1.4356538940623325,Au,PRUNED
2443,0.0,2026-04-26 15:33:53.086051,2026-04-26 15:33:53.900811,0 days 00:00:00.814760,20.02946909730621,17.984158289260648,1.5350094562223844,Au,PRUNED
2444,0.0,2026-04-26 15:33:53.137586,2026-04-26 15:33:53.758187,0 days 00:00:00.620601,39.765559688477,19.91189113651787,1.812808418136228,Au,PRUNED
2445,0.0,2026-04-26 15:33:53.246918,2026-04-26 15:33:54.088901,0 days 00:00:00.841983,20.741282838620318,16.325939056339596,1.669497453690456,Cu,PRUNED
2446,-6.696428571428148,2026-04-26 15:33:53.283191,2026-04-26 15:33:54.062308,0 days 00:00:00.779117,24.207937717531305,16.897441728369127,1.5797427147172864,Cu,PRUNED
2447,-4.761904761904122,2026-04-26 15:33:53.379558,2026-04-26 15:33:54.219692,0 days 00:00:00.840134,22.946444797283387,19.945976065274785,1.4650587824296335,Au,PRUNED
2448,0.0,2026-04-26 15:33:53.454046,2026-04-26 15:33:54.145384,0 days 00:00:00.691338,33.22565429474598,19.856078050863665,1.738625130559698,Au,PRUNED
2449,142.8571428571383,2026-04-26 15:33:53.903666,2026-04-26 15:33:54.636528,0 days 00:00:00.732862,32.2549111043118,16.388146794744454,1.7444756701320459,Au,PRUNED
2450,0.0,2026-04-26 15:33:54.003690,2026-04-26 15:33:54.875448,0 days 00:00:00.871758,20.119484154421514,19.88695546585463,1.7836718510513871,Au,PRUNED
2451,0.0,2026-04-26 15:33:54.029993,2026-04-26 15:33:54.876460,0 days 00:00:00.846467,32.899672187006225,19.999689238953774,1.6032424193609447,Au,PRUNED
2452,0.0,2026-04-26 15:33:54.155528,2026-04-26 15:33:54.875953,0 days 00:00:00.720425,21.099075149047167,17.733868764016478,1.7261242398535965,Au,PRUNED
2453,0.0,2026-04-26 15:33:54.222134,2026-04-26 15:33:54.806508,0 days 00:00:00.584374,44.853669343557044,17.794085497262927,1.544583199109434,Au,PRUNED
2454,0.0,2026-04-26 15:33:54.195201,2026-04-26 15:33:55.010246,0 days 00:00:00.815045,20.13418853314102,17.373412014181316,1.694955372399411,Au,PRUNED
2455,0.0,2026-04-26 15:33:54.277168,2026-04-26 15:33:55.270567,0 days 00:00:00.993399,34.23847174991264,17.423243168757626,1.7465278107796869,Au,PRUNED
2456,0.0,2026-04-26 15:33:54.302242,2026-04-26 15:33:55.244364,0 days 00:00:00.942122,37.18289805770386,17.81078388200364,1.6777206118251116,Au,PRUNED
2457,0.0,2026-04-26 15:33:54.761240,2026-04-26 15:33:55.449575,0 days 00:00:00.688335,20.34619409875219,19.680980057741845,1.512139616039634,Au,PRUNED
2458,0.0,2026-04-26 15:33:54.909202,2026-04-26 15:33:55.638049,0 days 00:00:00.728847,20.245067882334155,19.577821240154844,1.5867606526129432,Au,PRUNED
2459,0.0,2026-04-26 15:33:54.955126,2026-04-26 15:33:55.580301,0 days 00:00:00.625175,51.59640671538553,19.959379326736233,1.6581223846648954,Au,PRUNED
2460,0.0,2026-04-26 15:33:55.030399,2026-04-26 15:33:55.776418,0 days 00:00:00.746019,41.613330369359595,19.96614957548103,1.6570155165127007,Au,PRUNED
2461,0.0,2026-04-26 15:33:55.052814,2026-04-26 15:33:55.639054,0 days 00:00:00.586240,29.543248971999734,19.981269871194026,1.6433779837705231,Au,PRUNED
2462,-8.403361344536819,2026-04-26 15:33:55.136071,2026-04-26 15:33:55.856513,0 days 00:00:00.720442,21.21025013660132,19.955413219935398,1.7186145830768813,Au,PRUNED
2463,3.7593984962402023,2026-04-26 15:33:55.392517,2026-04-26 15:33:56.114514,0 days 00:00:00.721997,33.28944675364734,14.53813632560591,1.6728130822031482,Au,PRUNED
2464,0.0,2026-04-26 15:33:55.374041,2026-04-26 15:33:56.008345,0 days 00:00:00.634304,20.002978152263932,19.020504054136627,1.696761107588602,Au,PRUNED
2465,-7.653061224489242,2026-04-26 15:33:55.518246,2026-04-26 15:33:56.336251,0 days 00:00:00.818005,35.81023889202657,5.419357660290764,1.9245111358420797,Cu,PRUNED
2466,-563.0449362843059,2026-04-26 15:33:55.708780,2026-04-26 15:33:56.464829,0 days 00:00:00.756049,20.874498159718577,19.846334836539302,1.7226605764570735,Au,COMPLETE
2467,7.518796992480405,2026-04-26 15:33:55.748053,2026-04-26 15:33:56.479095,0 days 00:00:00.731042,30.274802627590102,17.047428262926445,1.8041020786449038,Au,PRUNED
2468,0.0,2026-04-26 15:33:55.671462,2026-04-26 15:33:56.498229,0 days 00:00:00.826767,20.470249237841095,19.72472657284056,1.6164838846010363,Au,PRUNED
2469,0.0,2026-04-26 15:33:55.950922,2026-04-26 15:33:56.739361,0 days 00:00:00.788439,30.517337255209206,19.947933813942583,1.6013000130067865,Au,PRUNED
2470,0.0,2026-04-26 15:33:56.053416,2026-04-26 15:33:56.606276,0 days 00:00:00.552860,46.24250032776072,19.87785257849633,0.9735766267012218,Au,PRUNED
2471,0.0,2026-04-26 15:33:56.089855,2026-04-26 15:33:57.000140,0 days 00:00:00.910285,20.07106884154809,15.252998332178983,1.623989651617682,Au,PRUNED
2472,0.0,2026-04-26 15:33:56.260500,2026-04-26 15:33:56.928191,0 days 00:00:00.667691,20.357289351358276,16.07115527425935,1.6880013718163223,Au,PRUNED
2473,2.5510204081630805,2026-04-26 15:33:56.427970,2026-04-26 15:33:57.176350,0 days 00:00:00.748380,34.9824039784169,14.668151878795065,1.6734314706164366,Au,PRUNED
2474,-4.464285714285152,2026-04-26 15:33:56.538782,2026-04-26 15:33:57.219319,0 days 00:00:00.680537,22.846876126388107,19.991087804043428,1.6621402180876679,Au,PRUNED
2475,0.0,2026-04-26 15:33:56.618683,2026-04-26 15:33:57.387209,0 days 00:00:00.768526,20.423336934415016,16.856025774314375,1.6358493300780244,Au,PRUNED
2476,0.0,2026-04-26 15:33:56.673198,2026-04-26 15:33:57.423119,0 days 00:00:00.749921,39.067484606358285,19.95585842915659,1.8929690581313865,Au,PRUNED
2477,0.0,2026-04-26 15:33:56.713725,2026-04-26 15:33:57.407268,0 days 00:00:00.693543,21.06834522110786,16.72222119746123,1.5331639251367672,Au,PRUNED
2478,0.0,2026-04-26 15:33:56.784215,2026-04-26 15:33:57.664144,0 days 00:00:00.879929,20.447574526351023,18.654730293733763,1.5141001609603486,Cu,PRUNED
2479,-551.0204081632008,2026-04-26 15:33:57.028829,2026-04-26 15:33:57.603202,0 days 00:00:00.574373,20.65543269748559,19.918493307728202,1.6689565234953778,Au,COMPLETE
2480,-6.80272108843472,2026-04-26 15:33:57.279973,2026-04-26 15:33:57.909482,0 days 00:00:00.629509,47.925452238870875,19.50733723900028,0.6301655636668358,Ag,PRUNED
2481,0.0,2026-04-26 15:33:57.307046,2026-04-26 15:33:58.168214,0 days 00:00:00.861168,20.211560549998932,13.828900705464385,1.9565166969481653,Au,PRUNED
2482,0.0,2026-04-26 15:33:57.331626,2026-04-26 15:33:58.150638,0 days 00:00:00.819012,20.073054077537133,19.59564506157586,1.7222362684572237,Au,PRUNED
2483,141.75824175823726,2026-04-26 15:33:57.503019,2026-04-26 15:33:58.044018,0 days 00:00:00.540999,31.875949786690256,17.221307530895306,1.5249227027110708,Au,PRUNED
2484,0.0,2026-04-26 15:33:57.533850,2026-04-26 15:33:58.166661,0 days 00:00:00.632811,23.66175709610018,19.994852657112748,1.6947963292719805,Au,PRUNED
2485,0.0,2026-04-26 15:33:57.582836,2026-04-26 15:33:58.420482,0 days 00:00:00.837646,20.787386611158595,19.63158353559336,1.4724482926893931,Au,PRUNED
2486,0.0,2026-04-26 15:33:57.783778,2026-04-26 15:33:58.519622,0 days 00:00:00.735844,32.63428547928193,19.895369614403243,1.7354441553896556,Au,PRUNED
2487,-2.4009603841536187,2026-04-26 15:33:57.801545,2026-04-26 15:33:58.520634,0 days 00:00:00.719089,96.76144876677965,1.932667452764191,1.9798263062152346,Cu,PRUNED
2488,-1.1709601873536095,2026-04-26 15:33:58.027166,2026-04-26 15:33:58.826254,0 days 00:00:00.799088,119.21044671548975,1.026206683185526,0.8845296331173885,Cu,PRUNED
2489,0.0,2026-04-26 15:33:58.095297,2026-04-26 15:33:59.012578,0 days 00:00:00.917281,35.75106637810955,18.012091449677126,1.4766853502154158,Au,PRUNED
2490,0.0,2026-04-26 15:33:58.231571,2026-04-26 15:33:58.982570,0 days 00:00:00.750999,20.488647222795294,19.639319195305436,1.5795951074275874,Au,PRUNED
2491,0.0,2026-04-26 15:33:58.262804,2026-04-26 15:33:58.902674,0 days 00:00:00.639870,20.06651133895208,17.421217743814676,1.6011887329354693,Au,PRUNED
2492,0.0,2026-04-26 15:33:58.321179,2026-04-26 15:33:58.862307,0 days 00:00:00.541128,117.91467695267318,19.870272688253394,0.8105222245027007,Cu,PRUNED
2493,-9.523809523808245,2026-04-26 15:33:58.490761,2026-04-26 15:33:59.238227,0 days 00:00:00.747466,22.393974638748965,19.953977996853325,1.5309310869608772,Au,PRUNED
2494,0.0,2026-04-26 15:33:58.583113,2026-04-26 15:33:59.206475,0 days 00:00:00.623362,44.34701360689041,19.978361224869168,1.5206390330900155,Au,PRUNED
2495,0.0,2026-04-26 15:33:58.678097,2026-04-26 15:33:59.698264,0 days 00:00:01.020167,105.52347642832025,15.205190621854051,1.6537344665066263,Cu,PRUNED
2496,0.0,2026-04-26 15:33:58.893842,2026-04-26 15:33:59.514381,0 days 00:00:00.620539,34.18267093792223,19.99940166957527,1.422765201816702,Au,PRUNED
2497,-3.3613445378150435,2026-04-26 15:33:59.013618,2026-04-26 15:34:00.026050,0 days 00:00:01.012432,83.96226996165068,6.84818527520958,0.3535684705540749,Cu,PRUNED
2498,0.0,2026-04-26 15:33:59.054333,2026-04-26 15:33:59.683644,0 days 00:00:00.629311,20.177333520786487,19.518275677894884,1.9910344900684966,Au,PRUNED
2499,-568.3818551116447,2026-04-26 15:33:59.086360,2026-04-26 15:33:59.642987,0 days 00:00:00.556627,21.95485396536216,19.660376320354572,1.147279553524227,Au,COMPLETE
2500,0.0,2026-04-26 15:33:59.133892,2026-04-26 15:33:59.776481,0 days 00:00:00.642589,33.98023664340819,17.559057118116694,1.42262129863177,Au,PRUNED
2501,0.0,2026-04-26 15:33:59.325061,2026-04-26 15:34:00.102889,0 days 00:00:00.777828,33.97380599370312,19.961468320821634,1.7093347686471396,Au,PRUNED
2502,0.0,2026-04-26 15:33:59.363270,2026-04-26 15:33:59.901506,0 days 00:00:00.538236,20.069786858308092,17.66520491938576,1.9893510613192826,Au,PRUNED
2503,0.0,2026-04-26 15:33:59.606070,2026-04-26 15:34:00.446539,0 days 00:00:00.840469,33.228840950713256,19.974949377400986,1.8192756540784385,Au,PRUNED
2504,141.75824175823726,2026-04-26 15:33:59.795729,2026-04-26 15:34:00.448564,0 days 00:00:00.652835,32.10107748460992,17.13107468279949,1.5718107681413036,Au,PRUNED
2505,0.0,2026-04-26 15:33:59.855833,2026-04-26 15:34:00.554699,0 days 00:00:00.698866,32.57214849167282,19.965814902677355,1.6304851038064034,Au,PRUNED
2506,-15.306122448977392,2026-04-26 15:33:59.889929,2026-04-26 15:34:00.614385,0 days 00:00:00.724456,37.322993828066075,5.899293981077359,1.5385512371867982,Ag,PRUNED
2507,-10.714285714284633,2026-04-26 15:33:59.949669,2026-04-26 15:34:00.601215,0 days 00:00:00.651546,35.099483948708425,11.151030429416895,1.677040956147232,Ag,PRUNED
2508,138.46153846153408,2026-04-26 15:34:00.020307,2026-04-26 15:34:00.754853,0 days 00:00:00.734546,35.839251787141045,18.62315678784257,1.761065602221876,Cu,PRUNED
2509,0.0,2026-04-26 15:34:00.152444,2026-04-26 15:34:00.953473,0 days 00:00:00.801029,20.356645507164988,17.4621513433716,1.7796561321187556,Au,PRUNED
2510,-8.928571428570304,2026-04-26 15:34:00.262438,2026-04-26 15:34:00.987001,0 days 00:00:00.724563,21.408174498474242,19.9008223281711,1.7434238573401346,Au,PRUNED
2511,-19.841269841267618,2026-04-26 15:34:00.498362,2026-04-26 15:34:01.424514,0 days 00:00:00.926152,70.97815287339185,15.119476620218023,1.4594320648406975,Ag,PRUNED
2512,0.0,2026-04-26 15:34:00.524929,2026-04-26 15:34:01.144841,0 days 00:00:00.619912,31.89090645455087,17.84654939413954,1.611841124796881,Au,PRUNED
2513,18.68131868131838,2026-04-26 15:34:00.680188,2026-04-26 15:34:01.425520,0 days 00:00:00.745332,91.41331765127931,18.266963083456005,0.7188215748716287,Ag,PRUNED
2514,-7.936507936507047,2026-04-26 15:34:00.773818,2026-04-26 15:34:01.373977,0 days 00:00:00.600159,29.958856569115426,18.790638445995917,0.11772261529479922,Cu,PRUNED
2515,0.0,2026-04-26 15:34:00.831424,2026-04-26 15:34:01.297921,0 days 00:00:00.466497,47.96449202898101,14.7058649650808,1.902757724285371,Au,PRUNED
2516,0.0,2026-04-26 15:34:00.874588,2026-04-26 15:34:01.610567,0 days 00:00:00.735979,20.003418751740508,19.67499496609296,1.8202396005616936,Au,PRUNED
2517,-12.605042016805228,2026-04-26 15:34:01.042667,2026-04-26 15:34:01.826129,0 days 00:00:00.783462,22.00934848365615,19.877645792964703,1.15064722078181,Au,PRUNED
2518,0.0,2026-04-26 15:34:01.235878,2026-04-26 15:34:01.986027,0 days 00:00:00.750149,36.440659190278836,17.210831240465165,1.7602791727007385,Au,PRUNED
2519,0.0,2026-04-26 15:34:01.260140,2026-04-26 15:34:01.894046,0 days 00:00:00.633906,20.397362374771912,19.7438347507934,1.6749466946730098,Au,PRUNED
2520,0.0,2026-04-26 15:34:01.353145,2026-04-26 15:34:02.033055,0 days 00:00:00.679910,20.449764324170538,19.78337819842269,1.708351111354439,Au,PRUNED
2521,-541.6261742791738,2026-04-26 15:34:01.492627,2026-04-26 15:34:02.290897,0 days 00:00:00.798270,20.36984522683845,19.908334621510523,1.8163300063374346,Au,COMPLETE
2522,0.0,2026-04-26 15:34:01.516650,2026-04-26 15:34:02.030951,0 days 00:00:00.514301,20.90271376123893,17.556474232484952,1.7698308349146226,Au,PRUNED
2523,0.0,2026-04-26 15:34:01.534059,2026-04-26 15:34:02.242849,0 days 00:00:00.708790,20.194298974493563,16.40586200611763,1.9392421361128913,Au,PRUNED
2524,0.0,2026-04-26 15:34:01.723816,2026-04-26 15:34:02.408517,0 days 00:00:00.684701,34.2019504545937,19.909233672194517,1.481328792489783,Au,PRUNED
2525,0.0,2026-04-26 15:34:01.910890,2026-04-26 15:34:02.669505,0 days 00:00:00.758615,34.029613211567394,17.411747943310242,1.8542089167296074,Au,PRUNED
2526,0.0,2026-04-26 15:34:02.018610,2026-04-26 15:34:02.794955,0 days 00:00:00.776345,38.25269320472887,16.66625502495666,1.7717086933198098,Au,PRUNED
2527,0.0,2026-04-26 15:34:02.063568,2026-04-26 15:34:02.789169,0 days 00:00:00.725601,30.501369134393904,19.84418245487859,1.7388385504803239,Au,PRUNED
2528,0.0,2026-04-26 15:34:02.178903,2026-04-26 15:34:02.796959,0 days 00:00:00.618056,32.887226099679914,17.972778073963212,1.8706564621903365,Au,PRUNED
2529,0.0,2026-04-26 15:34:02.194636,2026-04-26 15:34:02.726125,0 days 00:00:00.531489,38.90655837568896,17.669907929344014,1.8189222908350342,Au,PRUNED
2530,0.0,2026-04-26 15:34:02.348353,2026-04-26 15:34:02.909441,0 days 00:00:00.561088,20.195409805344923,19.69236151442816,1.4927531256688646,Au,PRUNED
2531,0.0,2026-04-26 15:34:02.456500,2026-04-26 15:34:03.000790,0 days 00:00:00.544290,44.01157197449754,17.68574996118466,1.113065523695317,Au,PRUNED
2532,0.0,2026-04-26 15:34:02.499384,2026-04-26 15:34:03.165815,0 days 00:00:00.666431,20.34647461643943,17.94401782358082,1.273013830528855,Au,PRUNED
2533,-8.928571428570304,2026-04-26 15:34:02.728134,2026-04-26 15:34:03.810392,0 days 00:00:01.082258,21.441487371071144,19.937305810368713,1.6578121664826244,Au,PRUNED
2534,0.0,2026-04-26 15:34:02.868409,2026-04-26 15:34:03.452726,0 days 00:00:00.584317,35.22413073094073,17.68821753605937,1.4475284236242945,Au,PRUNED
2535,-0.5903187721369436,2026-04-26 15:34:02.813592,2026-04-26 15:34:03.452726,0 days 00:00:00.639134,118.2448988278735,10.02479147222363,1.78043943915692,Au,PRUNED
2536,0.0,2026-04-26 15:34:02.950001,2026-04-26 15:34:03.606284,0 days 00:00:00.656283,33.95904835977495,17.356413131446637,1.73608479352607,Au,PRUNED
2537,0.0,2026-04-26 15:34:02.973799,2026-04-26 15:34:03.703474,0 days 00:00:00.729675,34.109865042067476,17.521299411219836,1.4588851421539675,Au,PRUNED
2538,0.0,2026-04-26 15:34:03.019489,2026-04-26 15:34:03.704727,0 days 00:00:00.685238,38.73011143368359,19.869251045527204,1.7069523081078093,Au,PRUNED
2539,-550.2463054186553,2026-04-26 15:34:03.090755,2026-04-26 15:34:03.705727,0 days 00:00:00.614972,20.393969274917957,19.861866118085953,1.9431142139699813,Au,COMPLETE
2540,-8.928571428570304,2026-04-26 15:34:03.197909,2026-04-26 15:34:04.090389,0 days 00:00:00.892480,21.95634767858346,19.94359412902349,1.297784613715394,Au,PRUNED
2541,139.56043956043513,2026-04-26 15:34:03.641578,2026-04-26 15:34:04.539948,0 days 00:00:00.898370,33.80204523708638,17.367076490808394,1.217745179254766,Au,PRUNED
2542,5.291005291004894,2026-04-26 15:34:03.674638,2026-04-26 15:34:04.338344,0 days 00:00:00.663706,31.265908329217154,16.944680507639845,1.530833549313777,Au,PRUNED
2543,-19.841269841267618,2026-04-26 15:34:03.763015,2026-04-26 15:34:04.339353,0 days 00:00:00.576338,41.21507996495461,15.846165554805015,0.2657099961939078,Ag,PRUNED
2544,0.0,2026-04-26 15:34:03.802341,2026-04-26 15:34:04.417495,0 days 00:00:00.615154,20.256931644831127,15.929351612457591,0.5233823233141796,Ag,PRUNED
2545,-588.892769821793,2026-04-26 15:34:03.809384,2026-04-26 15:34:04.385973,0 days 00:00:00.576589,21.12561660846739,19.940860059196236,1.699968996746892,Au,COMPLETE
2546,0.0,2026-04-26 15:34:03.979908,2026-04-26 15:34:04.821544,0 days 00:00:00.841636,37.738012974114596,19.8997901893668,1.304162638047767,Au,PRUNED
2547,-13.60544217686944,2026-04-26 15:34:03.998170,2026-04-26 15:34:04.635740,0 days 00:00:00.637570,27.36218892721874,14.708256073833855,1.7180157874624475,Au,PRUNED
2548,43.07524536532101,2026-04-26 15:34:04.169626,2026-04-26 15:34:04.974521,0 days 00:00:00.804895,57.90955932182644,15.185666930998016,1.9816649055331483,Cu,PRUNED
2549,0.0,2026-04-26 15:34:04.474853,2026-04-26 15:34:05.043680,0 days 00:00:00.568827,20.002680455925383,17.541621411991805,1.5454997561136687,Au,PRUNED
2550,-4.464285714285152,2026-04-26 15:34:04.516520,2026-04-26 15:34:05.268684,0 days 00:00:00.752164,23.031801180889115,19.952016126686424,1.4992454252350016,Au,PRUNED
2551,0.0,2026-04-26 15:34:04.552492,2026-04-26 15:34:05.218634,0 days 00:00:00.666142,20.482182246622102,19.269338467680054,1.530046296788219,Au,PRUNED
2552,-1.0660980810234213,2026-04-26 15:34:04.583727,2026-04-26 15:34:05.303745,0 days 00:00:00.720018,20.938925551384155,19.3813986621376,1.6206180407740893,Ag,PRUNED
2553,142.8571428571383,2026-04-26 15:34:04.635235,2026-04-26 15:34:05.612266,0 days 00:00:00.977031,32.5105103866486,16.86421673310742,1.2885491888375415,Au,PRUNED
2554,-9.740259740258846,2026-04-26 15:34:04.674504,2026-04-26 15:34:05.270045,0 days 00:00:00.595541,42.08966343731603,4.300971791274742,1.444115100417845,Cu,PRUNED
2555,0.0,2026-04-26 15:34:04.888156,2026-04-26 15:34:05.569355,0 days 00:00:00.681199,35.52986774047156,19.804282336404633,1.631694598655734,Au,PRUNED
2556,-14.285714285712844,2026-04-26 15:34:05.044682,2026-04-26 15:34:05.870532,0 days 00:00:00.825850,29.482715074122964,14.282794943679043,1.3144565735028237,Au,PRUNED
2557,0.0,2026-04-26 15:34:05.148462,2026-04-26 15:34:05.835322,0 days 00:00:00.686860,20.39927603996759,17.36919758542338,1.4822578992560183,Au,PRUNED
2558,0.0,2026-04-26 15:34:05.320486,2026-04-26 15:34:06.129705,0 days 00:00:00.809219,34.31593168373265,19.90634222305148,1.6002495384717816,Au,PRUNED
2559,-26.785714285707567,2026-04-26 15:34:05.408824,2026-04-26 15:34:06.066909,0 days 00:00:00.658085,58.33576753300457,5.716612877034456,1.9914493346811186,Ag,PRUNED
2560,0.0,2026-04-26 15:34:05.443820,2026-04-26 15:34:06.229212,0 days 00:00:00.785392,33.84025502325245,19.958396386178922,1.5665189051447657,Au,PRUNED
2561,0.0,2026-04-26 15:34:05.566333,2026-04-26 15:34:06.117597,0 days 00:00:00.551264,33.18209467206058,19.78439467665329,1.268308657336088,Au,PRUNED
2562,-30.61224489795041,2026-04-26 15:34:05.746282,2026-04-26 15:34:06.768203,0 days 00:00:01.021921,69.7921094441705,4.106897280760407,1.8623881407060958,Ag,PRUNED
2563,0.0,2026-04-26 15:34:05.756875,2026-04-26 15:34:06.378568,0 days 00:00:00.621693,42.48963009869562,19.861000532061936,1.4115356106987071,Au,PRUNED
2564,2.5510204081630805,2026-04-26 15:34:05.985975,2026-04-26 15:34:06.816581,0 days 00:00:00.830606,31.673698078816223,16.76300613224395,1.549133941448161,Au,PRUNED
2565,0.0,2026-04-26 15:34:06.116088,2026-04-26 15:34:06.766689,0 days 00:00:00.650601,35.485065719852834,17.384697609634344,1.3421903126364838,Au,PRUNED
2566,0.0,2026-04-26 15:34:06.208672,2026-04-26 15:34:06.969391,0 days 00:00:00.760719,20.487938111027873,17.37734728862126,1.615885102185074,Au,PRUNED
2567,0.0,2026-04-26 15:34:06.236511,2026-04-26 15:34:06.903911,0 days 00:00:00.667400,21.05377924505576,17.913324471466076,1.4220357024481607,Au,PRUNED
2568,0.0,2026-04-26 15:34:06.298397,2026-04-26 15:34:07.003779,0 days 00:00:00.705382,20.509953319813622,16.57126578969365,1.4878036604751876,Au,PRUNED
2569,2.5510204081630805,2026-04-26 15:34:06.419582,2026-04-26 15:34:07.310359,0 days 00:00:00.890777,34.461441725653266,18.57413026649578,1.3716730022739223,Cu,PRUNED
2570,0.0,2026-04-26 15:34:06.481688,2026-04-26 15:34:07.097479,0 days 00:00:00.615791,31.24946098390445,17.95278865876463,1.6813051680406559,Au,PRUNED
2571,-10.989010989010133,2026-04-26 15:34:06.867283,2026-04-26 15:34:07.545859,0 days 00:00:00.678576,32.917763373519726,16.126669390441258,1.4946278738020655,Ag,PRUNED
2572,-555.3529996684798,2026-04-26 15:34:06.941633,2026-04-26 15:34:07.608986,0 days 00:00:00.667353,20.746069323706557,19.97435105342421,1.5930287387462458,Au,COMPLETE
2573,-1.0660980810234213,2026-04-26 15:34:06.927895,2026-04-26 15:34:08.102614,0 days 00:00:01.174719,21.950967758880246,16.58981382847716,1.0274355879165198,Ag,PRUNED
2574,0.0,2026-04-26 15:34:07.033771,2026-04-26 15:34:07.744428,0 days 00:00:00.710657,20.452897468464222,19.713915725010875,1.6704679824503332,Au,PRUNED
2575,3.9682539682535234,2026-04-26 15:34:07.096136,2026-04-26 15:34:07.639907,0 days 00:00:00.543771,25.571685827604174,19.883268352736255,1.2216786302783418,Au,PRUNED
2576,0.0,2026-04-26 15:34:07.132810,2026-04-26 15:34:07.949725,0 days 00:00:00.816915,30.869678202075157,19.993007418164794,1.7420964020871628,Au,PRUNED
2577,0.0,2026-04-26 15:34:07.234955,2026-04-26 15:34:07.827158,0 days 00:00:00.592203,20.463630750078373,19.4417507815134,1.4351799939172045,Au,PRUNED
2578,0.0,2026-04-26 15:34:07.378870,2026-04-26 15:34:08.129947,0 days 00:00:00.751077,28.1443916338527,19.953181886772363,1.1628168175198612,Au,PRUNED
2579,0.0,2026-04-26 15:34:07.638905,2026-04-26 15:34:08.188044,0 days 00:00:00.549139,20.070326234380445,19.090129306126993,1.159316585431385,Au,PRUNED
2580,0.0,2026-04-26 15:34:07.740221,2026-04-26 15:34:08.303464,0 days 00:00:00.563243,32.602319974118345,19.806270820324276,1.8133238272403078,Au,PRUNED
2581,-14.285714285712844,2026-04-26 15:34:07.822179,2026-04-26 15:34:08.485998,0 days 00:00:00.663819,29.105338868086324,14.35441368854951,1.513926952970697,Au,PRUNED
2582,142.8571428571383,2026-04-26 15:34:07.855524,2026-04-26 15:34:08.439212,0 days 00:00:00.583688,32.10056224951624,17.141724210191043,1.2564795278249932,Au,PRUNED
2583,0.0,2026-04-26 15:34:07.949725,2026-04-26 15:34:08.568155,0 days 00:00:00.618430,39.255290414051274,19.979977614062495,1.4465531164100656,Au,PRUNED
2584,0.0,2026-04-26 15:34:08.030316,2026-04-26 15:34:08.712424,0 days 00:00:00.682108,20.589328717262063,16.714906901867643,1.184668282612737,Au,PRUNED
2585,-12.422360248446113,2026-04-26 15:34:08.190048,2026-04-26 15:34:09.134779,0 days 00:00:00.944731,67.13432687533991,5.023664386998088,1.5073451036988332,Au,PRUNED
2586,0.5714285714285617,2026-04-26 15:34:08.264407,2026-04-26 15:34:09.009543,0 days 00:00:00.745136,93.56553246343196,19.845605600429586,1.8542938258710335,Ag,PRUNED
2587,141.75824175823726,2026-04-26 15:34:08.289927,2026-04-26 15:34:09.182713,0 days 00:00:00.892786,32.63003538822878,16.842510485954612,1.5866108645379087,Au,PRUNED
2588,0.0,2026-04-26 15:34:08.385179,2026-04-26 15:34:08.996356,0 days 00:00:00.611177,38.565021446489524,19.924049634834155,1.6373497049138865,Au,PRUNED
2589,-10.582010582009788,2026-04-26 15:34:08.512199,2026-04-26 15:34:09.357885,0 days 00:00:00.845686,32.71528031613012,16.687762187311392,1.7730234278045849,Ag,PRUNED
2590,143.9560439560394,2026-04-26 15:34:08.571949,2026-04-26 15:34:09.236146,0 days 00:00:00.664197,30.0681192155891,17.49690916066893,1.7197936668047704,Au,PRUNED
2591,0.0,2026-04-26 15:34:08.635104,2026-04-26 15:34:09.426230,0 days 00:00:00.791126,46.089849116324885,17.509754459656293,1.6291996182774113,Au,PRUNED
2592,0.0,2026-04-26 15:34:08.847939,2026-04-26 15:34:09.789536,0 days 00:00:00.941597,47.72900589267115,17.75648046463886,1.698639060199533,Au,PRUNED
2593,0.0,2026-04-26 15:34:09.100457,2026-04-26 15:34:09.997748,0 days 00:00:00.897291,20.463094164804257,16.743671719941624,1.3908748563521345,Au,PRUNED
2594,0.0,2026-04-26 15:34:09.202623,2026-04-26 15:34:09.929176,0 days 00:00:00.726553,35.679786219288104,19.847299341909917,1.7556578856553045,Au,PRUNED
2595,0.0,2026-04-26 15:34:09.264615,2026-04-26 15:34:09.857445,0 days 00:00:00.592830,20.49005739270173,17.583515571899156,1.5771900948638191,Au,PRUNED
2596,0.0,2026-04-26 15:34:09.240249,2026-04-26 15:34:09.928635,0 days 00:00:00.688386,35.892742335779786,19.80674017552772,1.8376847198004975,Au,PRUNED
2597,-566.8693009117873,2026-04-26 15:34:09.319244,2026-04-26 15:34:10.020230,0 days 00:00:00.700986,21.271759789055487,19.87996452816427,1.4025452628257766,Au,COMPLETE
2598,-2.279635258358612,2026-04-26 15:34:09.426230,2026-04-26 15:34:09.912910,0 days 00:00:00.486680,88.93451458032985,1.5603591432843373,0.759982698900602,Cu,PRUNED
2599,0.0,2026-04-26 15:34:09.543493,2026-04-26 15:34:10.269553,0 days 00:00:00.726060,20.61294502030767,17.897845434537203,1.7406192591775929,Au,PRUNED
2600,0.0,2026-04-26 15:34:09.871508,2026-04-26 15:34:10.595152,0 days 00:00:00.723644,20.153562881896498,17.39896799926239,1.4809058044908803,Au,PRUNED
2601,0.0,2026-04-26 15:34:09.930460,2026-04-26 15:34:10.610687,0 days 00:00:00.680227,20.770267433974116,16.122321799361952,1.720353807533537,Au,PRUNED
2602,0.0,2026-04-26 15:34:09.994744,2026-04-26 15:34:10.672031,0 days 00:00:00.677287,20.06806202624527,19.87934841189812,1.1517185397594503,Au,PRUNED
2603,0.0,2026-04-26 15:34:10.063724,2026-04-26 15:34:10.643852,0 days 00:00:00.580128,20.207936530814887,16.860135142176876,1.5354905091628535,Au,PRUNED
2604,0.0,2026-04-26 15:34:10.086128,2026-04-26 15:34:10.698717,0 days 00:00:00.612589,20.521914370451434,16.393598759451177,1.7920195928438092,Au,PRUNED
2605,-1.050420168067195,2026-04-26 15:34:10.098436,2026-04-26 15:34:10.699715,0 days 00:00:00.601279,20.867612035568733,3.061486790702011,0.9377270433464125,Cu,PRUNED
2606,0.0,2026-04-26 15:34:10.244739,2026-04-26 15:34:10.949613,0 days 00:00:00.704874,31.867649934311416,17.524471904227603,1.848852883131714,Au,PRUNED
2607,0.0,2026-04-26 15:34:10.383797,2026-04-26 15:34:11.200997,0 days 00:00:00.817200,20.431263450088053,17.52013735718808,1.61066331869976,Au,PRUNED
2608,0.0,2026-04-26 15:34:10.658439,2026-04-26 15:34:11.507641,0 days 00:00:00.849202,46.56003116968384,16.85126088256618,1.5101170463501945,Au,PRUNED
2609,0.0,2026-04-26 15:34:10.772620,2026-04-26 15:34:11.622977,0 days 00:00:00.850357,33.244851765633506,17.359778254656625,1.880438186286515,Au,PRUNED
2610,0.0,2026-04-26 15:34:10.783868,2026-04-26 15:34:11.508642,0 days 00:00:00.724774,20.253041917744536,18.0311820202381,1.7122025774784995,Au,PRUNED
2611,0.0,2026-04-26 15:34:10.702816,2026-04-26 15:34:11.434999,0 days 00:00:00.732183,20.699808406872247,17.961894987010613,1.7186650989287182,Au,PRUNED
2612,3.7593984962402023,2026-04-26 15:34:10.860495,2026-04-26 15:34:11.433944,0 days 00:00:00.573449,28.897798103212786,19.740052232657654,1.4460705398014233,Cu,PRUNED
2613,0.0,2026-04-26 15:34:10.897521,2026-04-26 15:34:11.995727,0 days 00:00:01.098206,20.28797257690846,19.926036586135663,1.7258924709754446,Au,PRUNED
2614,0.0,2026-04-26 15:34:11.060710,2026-04-26 15:34:11.998733,0 days 00:00:00.938023,33.77440459225119,19.843839343411158,1.3807262324919216,Au,PRUNED
2615,-9.523809523808245,2026-04-26 15:34:11.393326,2026-04-26 15:34:12.221360,0 days 00:00:00.828034,22.52812514728308,19.95356471133027,1.4258429102083277,Au,PRUNED
2616,-1.7564402810304147,2026-04-26 15:34:11.538447,2026-04-26 15:34:12.305417,0 days 00:00:00.766970,111.57800844113825,3.333542598523869,0.679457973439713,Ag,PRUNED
2617,-14.880952380951127,2026-04-26 15:34:11.636521,2026-04-26 15:34:12.218300,0 days 00:00:00.581779,39.593023326658425,17.191553307030738,1.1281798480379248,Ag,PRUNED
2618,-9.216589861750549,2026-04-26 15:34:11.658027,2026-04-26 15:34:12.223874,0 days 00:00:00.565847,72.52281101868815,11.950841525800975,0.19418990775878686,Cu,PRUNED
2619,0.0,2026-04-26 15:34:11.674798,2026-04-26 15:34:12.257270,0 days 00:00:00.582472,33.60245480193223,17.99647248687257,1.4507214755588322,Au,PRUNED
2620,0.0,2026-04-26 15:34:11.686169,2026-04-26 15:34:12.222369,0 days 00:00:00.536200,20.024978343728478,17.319645416440306,1.3638302939934401,Au,PRUNED
2621,0.0,2026-04-26 15:34:12.113214,2026-04-26 15:34:12.946539,0 days 00:00:00.833325,20.15231905558432,17.147329456178397,1.7492590769809853,Au,PRUNED
2622,0.0,2026-04-26 15:34:12.152695,2026-04-26 15:34:13.182728,0 days 00:00:01.030033,20.3253786688208,18.02024717552623,1.9613598312202483,Au,PRUNED
2623,-8.928571428570304,2026-04-26 15:34:12.359086,2026-04-26 15:34:13.543533,0 days 00:00:01.184447,21.93951852979972,19.8012790347224,1.478710199705419,Au,PRUNED
2624,0.0,2026-04-26 15:34:12.396564,2026-04-26 15:34:13.792805,0 days 00:00:01.396241,20.218783147009084,17.873341912267712,1.8057311912552882,Au,PRUNED
2625,0.0,2026-04-26 15:34:12.433533,2026-04-26 15:34:13.220224,0 days 00:00:00.786691,27.039869368511923,19.97790047097513,1.7507663812908445,Au,PRUNED
2626,0.0,2026-04-26 15:34:12.448209,2026-04-26 15:34:13.542525,0 days 00:00:01.094316,32.86561490511805,19.9212390218869,1.5593289715826244,Au,PRUNED
2627,0.0,2026-04-26 15:34:12.466555,2026-04-26 15:34:13.440156,0 days 00:00:00.973601,20.169204726750277,19.401852228863923,1.5440141743155213,Au,PRUNED
2628,0.0,2026-04-26 15:34:12.498151,2026-04-26 15:34:13.461304,0 days 00:00:00.963153,44.26972336017487,19.983684265396725,1.7604466604024411,Au,PRUNED
2629,-10.714285714284633,2026-04-26 15:34:13.019335,2026-04-26 15:34:14.411292,0 days 00:00:01.391957,22.36719213267763,19.92782530566415,1.882603197348918,Cu,PRUNED
2630,0.0,2026-04-26 15:34:13.274805,2026-04-26 15:34:14.380346,0 days 00:00:01.105541,20.04620613589542,16.702926410058147,1.5979947906779681,Au,PRUNED
2631,0.0,2026-04-26 15:34:13.393622,2026-04-26 15:34:14.828061,0 days 00:00:01.434439,20.192936433109924,14.696368939818438,1.6156142866630578,Au,PRUNED
2632,-10.582010582009788,2026-04-26 15:34:13.836381,2026-04-26 15:34:14.660908,0 days 00:00:00.824527,56.15938555889152,8.016823650793397,1.9451014170249088,Au,PRUNED
2633,0.0,2026-04-26 15:34:13.856296,2026-04-26 15:34:14.659564,0 days 00:00:00.803268,34.23636027315805,19.844184224898232,1.346189512023781,Au,PRUNED
2634,4.926108374383892,2026-04-26 15:34:13.866403,2026-04-26 15:34:14.662521,0 days 00:00:00.796118,36.53034466394189,14.414342749595795,1.9372735781781454,Au,PRUNED
2635,-543.3441558440936,2026-04-26 15:34:13.883679,2026-04-26 15:34:14.658549,0 days 00:00:00.774870,20.438896509507,19.749399458471583,1.9490611558599178,Au,COMPLETE
2636,0.0,2026-04-26 15:34:13.898277,2026-04-26 15:34:14.661969,0 days 00:00:00.763692,20.580520202288042,17.028146151866757,1.9643210494364678,Au,PRUNED
2637,0.0,2026-04-26 15:34:14.601723,2026-04-26 15:34:15.442776,0 days 00:00:00.841053,40.62489205134733,19.91537992648078,1.6622538776700881,Cu,PRUNED
2638,0.0,2026-04-26 15:34:14.743929,2026-04-26 15:34:15.391611,0 days 00:00:00.647682,34.04202323457141,19.845549802583616,1.6192226637998606,Au,PRUNED
2639,-19.04761904761649,2026-04-26 15:34:14.775177,2026-04-26 15:34:15.578512,0 days 00:00:00.803335,33.24081995125598,19.564585632753534,1.7041845347880715,Ag,PRUNED
2640,141.75824175823726,2026-04-26 15:34:14.819232,2026-04-26 15:34:15.530862,0 days 00:00:00.711630,31.525891487205598,17.384475073656567,1.765648109422703,Au,PRUNED
2641,0.0,2026-04-26 15:34:14.868437,2026-04-26 15:34:15.688480,0 days 00:00:00.820043,31.064246482055587,19.898595150587937,1.7793521583557916,Au,PRUNED
2642,0.0,2026-04-26 15:34:14.881663,2026-04-26 15:34:15.440229,0 days 00:00:00.558566,31.008077325593653,19.96321125399583,1.459535680952693,Au,PRUNED
2643,-4.761904761904122,2026-04-26 15:34:14.943416,2026-04-26 15:34:15.625005,0 days 00:00:00.681589,22.422257313623444,19.966339147824016,1.7163820309549147,Au,PRUNED
2644,-17.85714285714061,2026-04-26 15:34:15.034316,2026-04-26 15:34:15.824637,0 days 00:00:00.790321,33.585489696526494,19.65504466426957,1.7488656721881157,Ag,PRUNED
2645,0.0,2026-04-26 15:34:15.505581,2026-04-26 15:34:16.406909,0 days 00:00:00.901328,34.578557262435524,19.729793590035214,1.9805961891284862,Au,PRUNED
2646,0.0,2026-04-26 15:34:15.483577,2026-04-26 15:34:16.220803,0 days 00:00:00.737226,32.38088532730298,19.799410909447783,1.7060672566162822,Au,PRUNED
2647,0.0,2026-04-26 15:34:15.645463,2026-04-26 15:34:16.332739,0 days 00:00:00.687276,31.602742031390154,19.91019938058117,1.815533365269897,Au,PRUNED
2648,0.0,2026-04-26 15:34:15.675305,2026-04-26 15:34:16.423159,0 days 00:00:00.747854,27.85566836379722,19.947270294239157,1.421069574759694,Au,PRUNED
2649,0.0,2026-04-26 15:34:15.736078,2026-04-26 15:34:16.405895,0 days 00:00:00.669817,20.140999894013408,16.87436884957686,1.5376733064910215,Au,PRUNED
2650,0.0,2026-04-26 15:34:15.775431,2026-04-26 15:34:16.503611,0 days 00:00:00.728180,37.036895861167686,17.189308933589622,1.538817261625324,Au,PRUNED
2651,141.75824175823726,2026-04-26 15:34:15.866532,2026-04-26 15:34:16.550534,0 days 00:00:00.684002,30.296474222016883,17.998873812140186,1.7617326239055238,Au,PRUNED
2652,0.0,2026-04-26 15:34:15.898009,2026-04-26 15:34:16.664753,0 days 00:00:00.766744,31.62178136395566,19.91344888345132,1.7739162473300625,Au,PRUNED
2653,0.0,2026-04-26 15:34:16.370294,2026-04-26 15:34:17.093943,0 days 00:00:00.723649,40.60116645968052,19.869243346783584,1.9828655495340102,Au,PRUNED
2654,0.0,2026-04-26 15:34:16.457004,2026-04-26 15:34:17.169248,0 days 00:00:00.712244,20.19490827736117,19.57814865009301,1.5232936395725445,Au,PRUNED
2655,141.75824175823726,2026-04-26 15:34:16.488999,2026-04-26 15:34:17.193802,0 days 00:00:00.704803,32.44438719802297,17.0186858071996,1.6397573294146925,Au,PRUNED
2656,0.0,2026-04-26 15:34:16.519246,2026-04-26 15:34:17.346709,0 days 00:00:00.827463,34.400461172237215,19.941596430861228,1.210578142296253,Au,PRUNED
2657,0.0,2026-04-26 15:34:16.631191,2026-04-26 15:34:17.932338,0 days 00:00:01.301147,45.91711088729657,17.45833714478333,1.728290913470812,Au,PRUNED
2658,0.0,2026-04-26 15:34:16.662499,2026-04-26 15:34:17.398530,0 days 00:00:00.736031,20.587812217633196,18.394907526809632,1.422494372233345,Au,PRUNED
2659,0.0,2026-04-26 15:34:16.780703,2026-04-26 15:34:17.649305,0 days 00:00:00.868602,34.938356503763124,16.63269045857812,1.9774731314263208,Au,PRUNED
2660,141.75824175823726,2026-04-26 15:34:16.815014,2026-04-26 15:34:17.504105,0 days 00:00:00.689091,31.58141595401569,16.964687059464854,1.9923599956709477,Au,PRUNED
2661,0.0,2026-04-26 15:34:17.196803,2026-04-26 15:34:18.144944,0 days 00:00:00.948141,49.37419158876327,19.83093626839359,1.6991500409785458,Au,PRUNED
2662,0.0,2026-04-26 15:34:17.272234,2026-04-26 15:34:18.192730,0 days 00:00:00.920496,34.35890649539785,19.927431394769787,1.5111906663439925,Au,PRUNED
2663,0.0,2026-04-26 15:34:17.351224,2026-04-26 15:34:18.420585,0 days 00:00:01.069361,34.78461570329435,19.83616344582582,1.8574991671521521,Au,PRUNED
2664,0.0,2026-04-26 15:34:17.731706,2026-04-26 15:34:18.374729,0 days 00:00:00.643023,36.481472917362524,19.798800277222075,1.5551105047608635,Au,PRUNED
2665,-23.8095238095185,2026-04-26 15:34:17.795259,2026-04-26 15:34:18.499439,0 days 00:00:00.704180,82.43492933450752,9.427711762485854,0.18099826138277997,Ag,PRUNED
2666,-1.050420168067195,2026-04-26 15:34:17.825426,2026-04-26 15:34:18.375277,0 days 00:00:00.549851,21.12815409005332,7.836684734754773,1.2784158271542012,Cu,PRUNED
2667,-0.5903187721369436,2026-04-26 15:34:17.872407,2026-04-26 15:34:18.485274,0 days 00:00:00.612867,111.67394736118364,19.954615619098213,0.4477680260851553,Au,PRUNED
2668,-537.3230373229763,2026-04-26 15:34:17.990334,2026-04-26 15:34:18.484274,0 days 00:00:00.493940,21.217377132399612,19.53266748498943,1.4922752368284402,Au,COMPLETE
2669,0.0,2026-04-26 15:34:18.195742,2026-04-26 15:34:19.142817,0 days 00:00:00.947075,20.549383441791754,17.78732703514003,1.7638400027683705,Au,PRUNED
2670,0.0,2026-04-26 15:34:18.314303,2026-04-26 15:34:18.842901,0 days 00:00:00.528598,20.39060746146982,17.76254711020813,1.6175741522750569,Au,PRUNED
2671,2.3041474654376373,2026-04-26 15:34:18.449658,2026-04-26 15:34:19.141779,0 days 00:00:00.692121,55.323455551544924,15.280162651921536,0.5880774288005706,Cu,PRUNED
2672,0.0,2026-04-26 15:34:18.547199,2026-04-26 15:34:19.090104,0 days 00:00:00.542905,22.070921354670062,15.566803745925807,1.990495821418715,Cu,PRUNED
2673,0.0,2026-04-26 15:34:18.589706,2026-04-26 15:34:19.326445,0 days 00:00:00.736739,35.09146301253611,17.42081202672647,1.4771900736266863,Au,PRUNED
2674,0.0,2026-04-26 15:34:18.640836,2026-04-26 15:34:19.447819,0 days 00:00:00.806983,39.89625533854041,17.68312764173345,1.0294188123065924,Au,PRUNED
2675,-0.5760368663594372,2026-04-26 15:34:18.672932,2026-04-26 15:34:19.511176,0 days 00:00:00.838244,119.91365234610032,7.336094870273586,0.9607415967583426,Au,PRUNED
2676,0.0,2026-04-26 15:34:18.725393,2026-04-26 15:34:19.372475,0 days 00:00:00.647082,20.04068213501155,19.69038445483642,1.436317034865011,Cu,PRUNED
2677,0.0,2026-04-26 15:34:18.915021,2026-04-26 15:34:19.629160,0 days 00:00:00.714139,33.3721368358765,17.309471126950903,1.7175869520440845,Au,PRUNED
2678,0.0,2026-04-26 15:34:19.189042,2026-04-26 15:34:19.966395,0 days 00:00:00.777353,20.31031760412402,19.984058441843164,1.5485760767156127,Au,PRUNED
2679,-540.2391725920518,2026-04-26 15:34:19.219422,2026-04-26 15:34:19.965843,0 days 00:00:00.746421,20.150491485494314,19.890741799886268,1.9890133744098508,Au,COMPLETE
2680,-8.928571428570304,2026-04-26 15:34:19.250494,2026-04-26 15:34:19.919727,0 days 00:00:00.669233,21.750180850987114,19.931219495497864,1.5292375501417252,Au,PRUNED
2681,0.0,2026-04-26 15:34:19.482840,2026-04-26 15:34:20.121715,0 days 00:00:00.638875,20.479335032370354,15.833950978191925,0.8681364843620611,Au,PRUNED
2682,0.0,2026-04-26 15:34:19.528509,2026-04-26 15:34:20.168920,0 days 00:00:00.640411,20.67729461589912,19.600444098953155,1.6299313031815552,Au,PRUNED
2683,0.0,2026-04-26 15:34:19.562248,2026-04-26 15:34:20.196692,0 days 00:00:00.634444,20.426185387496144,18.115593536370927,1.082996146569338,Au,PRUNED
2684,0.0,2026-04-26 15:34:19.583525,2026-04-26 15:34:20.407251,0 days 00:00:00.823726,20.317156881238063,18.11163342645287,1.507545274326005,Au,PRUNED
2685,0.0,2026-04-26 15:34:19.661076,2026-04-26 15:34:20.558445,0 days 00:00:00.897369,20.212362799588025,16.8051026184057,1.0519601793769793,Au,PRUNED
2686,0.0,2026-04-26 15:34:20.092198,2026-04-26 15:34:20.742744,0 days 00:00:00.650546,35.59029643861783,19.92009189270025,1.9819359516105604,Au,PRUNED
2687,-571.7687074829255,2026-04-26 15:34:20.105965,2026-04-26 15:34:20.610906,0 days 00:00:00.504941,21.595453978984768,19.747848784421873,1.36777160482006,Au,COMPLETE
2688,-9.523809523808879,2026-04-26 15:34:20.166078,2026-04-26 15:34:20.832247,0 days 00:00:00.666169,34.72984995135941,12.195437772532436,0.20508893732823175,Cu,PRUNED
2689,-13.736263736262668,2026-04-26 15:34:20.278222,2026-04-26 15:34:20.816359,0 days 00:00:00.538137,33.536408417114615,17.56289617793566,1.3343034603398445,Ag,PRUNED
2690,0.0,2026-04-26 15:34:20.333587,2026-04-26 15:34:20.913758,0 days 00:00:00.580171,32.61772673318277,19.925064769943738,1.8242213190125465,Au,PRUNED
2691,-15.87301587301233,2026-04-26 15:34:20.385235,2026-04-26 15:34:20.935925,0 days 00:00:00.550690,85.33704451629443,1.841916896569506,1.532488659895992,Ag,PRUNED
2692,0.0,2026-04-26 15:34:20.464220,2026-04-26 15:34:21.037283,0 days 00:00:00.573063,20.142209259167284,17.526728255726432,1.7894876600508547,Au,PRUNED
2693,-547.8374836172369,2026-04-26 15:34:20.670485,2026-04-26 15:34:21.593455,0 days 00:00:00.922970,21.172676660715616,19.873669940020875,1.2823077616951042,Au,COMPLETE
2694,0.0,2026-04-26 15:34:20.764201,2026-04-26 15:34:21.452713,0 days 00:00:00.688512,34.54096175366748,19.973711723341953,1.332020102295892,Au,PRUNED
2695,143.9560439560394,2026-04-26 15:34:20.888976,2026-04-26 15:34:21.656022,0 days 00:00:00.767046,30.97618075481512,17.043435355353434,1.5840358404874348,Au,PRUNED
2696,0.0,2026-04-26 15:34:20.939142,2026-04-26 15:34:21.672189,0 days 00:00:00.733047,27.771884390919784,19.880160573201284,1.7996151963469533,Au,PRUNED
2697,0.0,2026-04-26 15:34:21.016377,2026-04-26 15:34:21.594465,0 days 00:00:00.578088,36.071043648717094,19.850327551397992,1.7303358933379478,Au,PRUNED
2698,0.0,2026-04-26 15:34:21.086348,2026-04-26 15:34:21.808016,0 days 00:00:00.721668,22.8955267732249,1.7986165884078282,0.45800877442398813,Au,PRUNED
2699,0.0,2026-04-26 15:34:21.105107,2026-04-26 15:34:21.918829,0 days 00:00:00.813722,20.000890388466836,19.741681412067,1.7800611379408402,Au,PRUNED
2700,0.0,2026-04-26 15:34:21.184105,2026-04-26 15:34:21.704873,0 days 00:00:00.520768,33.37023686954511,17.693705614297684,1.2692129772677512,Au,PRUNED
2701,0.0,2026-04-26 15:34:21.549689,2026-04-26 15:34:22.263795,0 days 00:00:00.714106,118.75394456417489,13.055202414919034,0.23308648827987155,Cu,PRUNED
2702,-4.464285714285152,2026-04-26 15:34:21.730409,2026-04-26 15:34:22.485216,0 days 00:00:00.754807,22.943156128303993,19.833727835098145,1.6793681380313539,Au,PRUNED
2703,0.0,2026-04-26 15:34:21.788099,2026-04-26 15:34:22.469283,0 days 00:00:00.681184,47.18061685355046,17.151572203356004,1.416635535495548,Au,PRUNED
2704,7.518796992480405,2026-04-26 15:34:21.828226,2026-04-26 15:34:22.521863,0 days 00:00:00.693637,28.96965977495907,17.06109897101068,1.7797444815285495,Au,PRUNED
2705,0.0,2026-04-26 15:34:21.876443,2026-04-26 15:34:22.605236,0 days 00:00:00.728793,20.174304930188722,14.93906105052681,1.9060111299850675,Au,PRUNED
2706,2.463054187191946,2026-04-26 15:34:21.868183,2026-04-26 15:34:22.666396,0 days 00:00:00.798213,38.51502284886084,14.43185866426278,1.5194452622803816,Au,PRUNED
2707,0.0,2026-04-26 15:34:21.980883,2026-04-26 15:34:22.524373,0 days 00:00:00.543490,38.96525599103157,19.921779536543532,0.8825921607201785,Au,PRUNED
2708,0.0,2026-04-26 15:34:22.109603,2026-04-26 15:34:23.092886,0 days 00:00:00.983283,101.23983400358273,13.984443523348467,0.4646952119847355,Cu,PRUNED
2709,0.0,2026-04-26 15:34:22.428162,2026-04-26 15:34:23.206550,0 days 00:00:00.778388,49.17934529442013,16.979475782168045,1.904052603848728,Au,PRUNED
2710,0.0,2026-04-26 15:34:22.566087,2026-04-26 15:34:23.410941,0 days 00:00:00.844854,47.62504089469007,17.302703911613058,1.9639156840911176,Au,PRUNED
2711,0.0,2026-04-26 15:34:22.576779,2026-04-26 15:34:23.447533,0 days 00:00:00.870754,32.459193701785125,19.94681277915359,1.9992891467972247,Au,PRUNED
2712,0.0,2026-04-26 15:34:22.623819,2026-04-26 15:34:23.508397,0 days 00:00:00.884578,50.376194542061775,19.953948562205976,1.6927844736348372,Au,PRUNED
2713,0.0,2026-04-26 15:34:22.659438,2026-04-26 15:34:23.446522,0 days 00:00:00.787084,116.31096235376052,11.095223153895127,1.462480139674923,Cu,PRUNED
2714,-6.912442396312913,2026-04-26 15:34:22.700712,2026-04-26 15:34:23.696794,0 days 00:00:00.996082,23.372385891926335,19.954678940765827,1.1897089815020978,Ag,PRUNED
2715,3.105590062111528,2026-04-26 15:34:22.767769,2026-04-26 15:34:23.494164,0 days 00:00:00.726395,40.05491818854437,19.99238970960433,1.5329526402952935,Ag,PRUNED
2716,0.0,2026-04-26 15:34:23.144620,2026-04-26 15:34:23.697860,0 days 00:00:00.553240,49.99301687133146,19.861790054796902,1.8060465568532194,Au,PRUNED
2717,0.0,2026-04-26 15:34:23.288185,2026-04-26 15:34:23.967321,0 days 00:00:00.679136,33.349117879555465,19.801523475562252,1.7327522533435642,Au,PRUNED
2718,0.0,2026-04-26 15:34:23.543085,2026-04-26 15:34:24.300329,0 days 00:00:00.757244,20.251315427242947,14.189601891644887,1.6509167600150583,Au,PRUNED
2719,0.0,2026-04-26 15:34:23.575345,2026-04-26 15:34:24.362960,0 days 00:00:00.787615,33.11283408045218,19.942125631692782,1.8673367259886648,Au,PRUNED
2720,0.0,2026-04-26 15:34:23.605620,2026-04-26 15:34:24.394448,0 days 00:00:00.788828,33.13713258843498,18.26646946369167,1.756075159265822,Au,PRUNED
2721,0.0,2026-04-26 15:34:23.635216,2026-04-26 15:34:24.163642,0 days 00:00:00.528426,34.798107294526275,19.829991278952445,1.441060085135185,Au,PRUNED
2722,-16.806722689073638,2026-04-26 15:34:23.685151,2026-04-26 15:34:24.362960,0 days 00:00:00.677809,42.56051249965516,12.386670952223595,1.129153996900803,Ag,PRUNED
2723,0.0,2026-04-26 15:34:23.784252,2026-04-26 15:34:24.548218,0 days 00:00:00.763966,20.54881037885964,16.88362726517763,1.2735061926618323,Au,PRUNED
2724,-8.928571428570304,2026-04-26 15:34:23.832384,2026-04-26 15:34:24.471796,0 days 00:00:00.639412,22.82826115805017,19.95566736082721,0.7967129346836983,Au,PRUNED
2725,-9.523809523808245,2026-04-26 15:34:24.030965,2026-04-26 15:34:24.838978,0 days 00:00:00.808013,21.901650382443215,19.98613525600501,1.8854822356959406,Au,PRUNED
2726,0.0,2026-04-26 15:34:24.322816,2026-04-26 15:34:25.031995,0 days 00:00:00.709179,20.640670059424846,16.878044913138087,1.9785487015391818,Au,PRUNED
2727,-8.928571428570304,2026-04-26 15:34:24.414613,2026-04-26 15:34:24.990357,0 days 00:00:00.575744,22.107503892580187,19.90119447617224,1.2181944889704601,Au,PRUNED
2728,0.0,2026-04-26 15:34:24.476374,2026-04-26 15:34:25.386219,0 days 00:00:00.909845,32.798808294760946,18.011135881317493,1.6733813111954283,Au,PRUNED
2729,-23.80952380951585,2026-04-26 15:34:24.585449,2026-04-26 15:34:25.136453,0 days 00:00:00.551004,52.550299371155816,4.376935371724867,0.8498779208218799,Ag,PRUNED
2730,0.0,2026-04-26 15:34:24.602280,2026-04-26 15:34:25.099434,0 days 00:00:00.497154,20.177982424237374,19.763917673666278,1.5950672230864873,Au,PRUNED
2731,0.0,2026-04-26 15:34:24.621515,2026-04-26 15:34:25.267330,0 days 00:00:00.645815,35.179088746499644,17.433655146842355,1.9889289977519795,Au,PRUNED
2732,0.0,2026-04-26 15:34:24.648107,2026-04-26 15:34:25.224542,0 days 00:00:00.576435,20.39066704414497,17.16393522497412,1.6222544730873054,Au,PRUNED
2733,0.0,2026-04-26 15:34:24.900636,2026-04-26 15:34:25.778793,0 days 00:00:00.878157,35.50489344602123,17.00947194684412,1.5199299773601864,Au,PRUNED
2734,0.0,2026-04-26 15:34:25.093956,2026-04-26 15:34:25.995954,0 days 00:00:00.901998,20.42881423302351,19.577387779828037,1.439935181851044,Au,PRUNED
2735,142.8571428571383,2026-04-26 15:34:25.168216,2026-04-26 15:34:25.730093,0 days 00:00:00.561877,30.352453072203943,17.480112145007286,1.8379600396383333,Au,PRUNED
2736,8.403361344536819,2026-04-26 15:34:25.225566,2026-04-26 15:34:25.994952,0 days 00:00:00.769386,24.454362710968425,19.987552011412667,1.7018856521557075,Au,PRUNED
2737,-1.0660980810234213,2026-04-26 15:34:25.318605,2026-04-26 15:34:26.070779,0 days 00:00:00.752174,20.254741200908143,15.797245097358607,1.7615305828873478,Ag,PRUNED
2738,0.0,2026-04-26 15:34:25.394560,2026-04-26 15:34:25.982847,0 days 00:00:00.588287,34.044248877311375,17.633849526439203,1.8727696037873067,Au,PRUNED
2739,141.75824175823726,2026-04-26 15:34:25.435016,2026-04-26 15:34:26.243894,0 days 00:00:00.808878,32.383846620625384,16.886678394798356,1.6820753481490445,Au,PRUNED
2740,0.0,2026-04-26 15:34:25.471535,2026-04-26 15:34:26.071814,0 days 00:00:00.600279,38.579245508355974,19.961895218637316,1.5671855898096436,Au,PRUNED
2741,0.0,2026-04-26 15:34:25.851190,2026-04-26 15:34:26.789426,0 days 00:00:00.938236,20.876864456756927,19.703394959183157,1.365829698585538,Au,PRUNED
2742,0.0,2026-04-26 15:34:25.943750,2026-04-26 15:34:26.798105,0 days 00:00:00.854355,20.07684223531787,18.947175111835318,1.7721753804944886,Au,PRUNED
2743,0.0,2026-04-26 15:34:26.109606,2026-04-26 15:34:26.804937,0 days 00:00:00.695331,31.17102460600752,19.944906989181025,1.5007148549074845,Au,PRUNED
2744,-9.852216748767784,2026-04-26 15:34:26.171487,2026-04-26 15:34:27.067444,0 days 00:00:00.895957,23.742085466588478,19.97529589980591,1.7675634485198823,Ag,PRUNED
2745,-1.1614401858304098,2026-04-26 15:34:26.188537,2026-04-26 15:34:26.987559,0 days 00:00:00.799022,119.8268465019192,2.8167884928852764,1.970170777081239,Cu,PRUNED
2746,-12.315270935959731,2026-04-26 15:34:26.311392,2026-04-26 15:34:26.988664,0 days 00:00:00.677272,74.24683993113679,9.514122604879448,0.7350853419099694,Cu,PRUNED
2747,0.0,2026-04-26 15:34:26.349372,2026-04-26 15:34:26.988119,0 days 00:00:00.638747,21.444185017928817,16.79501461551097,1.987100179351028,Au,PRUNED
2748,-9.523809523808245,2026-04-26 15:34:26.427595,2026-04-26 15:34:27.159441,0 days 00:00:00.731846,22.011629174019703,19.988038540805757,1.7896297013271047,Au,PRUNED
2749,0.0,2026-04-26 15:34:26.862968,2026-04-26 15:34:27.639098,0 days 00:00:00.776130,36.3771524223543,19.844184011220456,1.4145319364046711,Au,PRUNED
2750,-584.2579750346035,2026-04-26 15:34:26.945786,2026-04-26 15:34:27.752834,0 days 00:00:00.807048,21.13733021679594,19.914848816041918,1.6753695566314164,Au,COMPLETE
2751,0.0,2026-04-26 15:34:27.055921,2026-04-26 15:34:27.808672,0 days 00:00:00.752751,34.72488211322647,17.623074891349596,1.5484232285419648,Au,PRUNED
2752,0.0,2026-04-26 15:34:27.085257,2026-04-26 15:34:28.129378,0 days 00:00:01.044121,29.290368834978324,19.846511917868103,1.758427043187893,Au,PRUNED
2753,0.0,2026-04-26 15:34:27.100946,2026-04-26 15:34:27.772511,0 days 00:00:00.671565,21.23279752850886,17.336159134505557,1.7995896201845207,Au,PRUNED
2754,0.0,2026-04-26 15:34:27.161443,2026-04-26 15:34:27.841866,0 days 00:00:00.680423,20.25393587939893,19.568517178033897,1.3149069653886754,Au,PRUNED
2755,0.0,2026-04-26 15:34:27.241563,2026-04-26 15:34:28.131893,0 days 00:00:00.890330,20.80431055788416,19.72321151228942,1.391162246433797,Au,PRUNED
2756,0.0,2026-04-26 15:34:27.272329,2026-04-26 15:34:28.159507,0 days 00:00:00.887178,20.29643646842208,17.2012205545446,1.640781201630834,Au,PRUNED
2757,0.0,2026-04-26 15:34:27.785701,2026-04-26 15:34:28.789478,0 days 00:00:01.003777,30.235676770682517,19.942185134026293,1.9921631008613814,Au,PRUNED
2758,0.0,2026-04-26 15:34:27.820619,2026-04-26 15:34:29.030101,0 days 00:00:01.209482,32.49259127497784,15.235946380967608,1.3764711118879378,Au,PRUNED
2759,0.0,2026-04-26 15:34:27.844362,2026-04-26 15:34:28.746446,0 days 00:00:00.902084,20.66328495357754,14.549826348540483,1.3169476119566847,Au,PRUNED
2760,0.0,2026-04-26 15:34:27.950022,2026-04-26 15:34:29.063572,0 days 00:00:01.113550,20.39678049601582,17.00152492657447,1.3133344776352065,Au,PRUNED
2761,0.0,2026-04-26 15:34:27.993204,2026-04-26 15:34:29.091853,0 days 00:00:01.098649,22.527858206775313,14.224910047964373,1.400713387254633,Au,PRUNED
2762,0.0,2026-04-26 15:34:28.219082,2026-04-26 15:34:29.206408,0 days 00:00:00.987326,33.40456129827061,19.957381205261424,1.3638068096770635,Au,PRUNED
2763,0.0,2026-04-26 15:34:28.244691,2026-04-26 15:34:29.512578,0 days 00:00:01.267887,23.41113525486122,19.996321443543632,1.7784214528906472,Au,PRUNED
2764,142.8571428571383,2026-04-26 15:34:28.285920,2026-04-26 15:34:29.203408,0 days 00:00:00.917488,32.23326615579098,17.420745208442384,1.012558595829717,Au,PRUNED
2765,0.0,2026-04-26 15:34:28.849872,2026-04-26 15:34:29.675398,0 days 00:00:00.825526,20.133641107609254,17.202779564437385,1.4557783759466474,Au,PRUNED
2766,0.0,2026-04-26 15:34:28.893562,2026-04-26 15:34:29.838710,0 days 00:00:00.945148,20.222063730615485,17.2705687241668,1.9149870565132716,Au,PRUNED
2767,-4.464285714285152,2026-04-26 15:34:29.135757,2026-04-26 15:34:29.673829,0 days 00:00:00.538072,22.168093714732823,19.92120964296506,1.804611205351375,Au,PRUNED
2768,0.0,2026-04-26 15:34:29.170260,2026-04-26 15:34:29.788156,0 days 00:00:00.617896,36.47072156962199,17.199392699829346,1.2601461731557226,Au,PRUNED
2769,-8.928571428570304,2026-04-26 15:34:29.237987,2026-04-26 15:34:29.917052,0 days 00:00:00.679065,21.7960901774135,19.959896426320057,1.7092134878814627,Au,PRUNED
2770,140.65934065933618,2026-04-26 15:34:29.317336,2026-04-26 15:34:30.153580,0 days 00:00:00.836244,32.73461628600761,17.582691136548252,1.33007679948784,Au,PRUNED
2771,0.0,2026-04-26 15:34:29.398485,2026-04-26 15:34:30.401154,0 days 00:00:01.002669,20.002552886627804,17.686451867902203,1.8076594899420508,Au,PRUNED
2772,3.7593984962402023,2026-04-26 15:34:29.646721,2026-04-26 15:34:30.274791,0 days 00:00:00.628070,30.601475882481832,16.300701711563867,1.5113365634525082,Au,PRUNED
2773,0.0,2026-04-26 15:34:29.814893,2026-04-26 15:34:30.631600,0 days 00:00:00.816707,36.85988955179481,19.957904851116663,1.6523533485528676,Au,PRUNED
2774,0.0,2026-04-26 15:34:29.892595,2026-04-26 15:34:30.757394,0 days 00:00:00.864799,20.677476486235953,17.61135297709024,1.729488740677478,Au,PRUNED
2775,7.936507936507047,2026-04-26 15:34:29.930815,2026-04-26 15:34:30.758399,0 days 00:00:00.827584,29.156520669659724,16.981461590111895,1.6017459967331036,Au,PRUNED
2776,-552.7878587924137,2026-04-26 15:34:29.967630,2026-04-26 15:34:30.907541,0 days 00:00:00.939911,20.67869227033185,19.87821102636269,1.725342639193239,Au,COMPLETE
2777,0.0,2026-04-26 15:34:30.101513,2026-04-26 15:34:30.977100,0 days 00:00:00.875587,46.80444574872351,16.868082361322234,1.5111293683214067,Au,PRUNED
2778,0.0,2026-04-26 15:34:30.224254,2026-04-26 15:34:30.994848,0 days 00:00:00.770594,31.83380065975967,17.87877620615774,1.521419623719286,Au,PRUNED
2779,-562.8772635814228,2026-04-26 15:34:30.304149,2026-04-26 15:34:30.994848,0 days 00:00:00.690699,21.07854512982356,19.869829380551593,1.5376318706305678,Au,COMPLETE
2780,142.8571428571383,2026-04-26 15:34:30.499728,2026-04-26 15:34:31.117058,0 days 00:00:00.617330,30.845157314419097,17.247629315923458,1.6265948950476465,Au,PRUNED
2781,0.0,2026-04-26 15:34:30.775433,2026-04-26 15:34:31.588245,0 days 00:00:00.812812,20.519445294449344,17.088797952633858,1.7913610704924223,Au,PRUNED
2782,0.0,2026-04-26 15:34:30.835896,2026-04-26 15:34:31.644295,0 days 00:00:00.808399,46.442012698800454,17.52488532365983,1.483096501416555,Au,PRUNED
2783,-2.463054187191946,2026-04-26 15:34:30.870217,2026-04-26 15:34:31.802359,0 days 00:00:00.932142,69.00873811208847,10.481968118076846,0.40117525198940374,Au,PRUNED
2784,-546.5838509316143,2026-04-26 15:34:31.013721,2026-04-26 15:34:31.643294,0 days 00:00:00.629573,20.854680152304276,19.956994683959486,1.4254452142023717,Au,COMPLETE
2785,0.0,2026-04-26 15:34:31.083501,2026-04-26 15:34:31.680333,0 days 00:00:00.596832,20.02601252109992,18.142370889165186,1.9585474569741481,Au,PRUNED
2786,0.0,2026-04-26 15:34:31.136021,2026-04-26 15:34:31.761343,0 days 00:00:00.625322,20.77855521104164,17.188785855663678,1.467598306912649,Au,PRUNED
2787,0.0,2026-04-26 15:34:31.225363,2026-04-26 15:34:31.867326,0 days 00:00:00.641963,20.647569208848072,17.469629652032772,1.6755495825310764,Au,PRUNED
2788,0.0,2026-04-26 15:34:31.310765,2026-04-26 15:34:32.097626,0 days 00:00:00.786861,21.402539394561064,17.628997618212573,1.8603608832835605,Cu,PRUNED
2789,7.518796992480405,2026-04-26 15:34:31.719390,2026-04-26 15:34:32.303621,0 days 00:00:00.584231,32.71682403726412,15.212685250876085,1.7690990080019944,Au,PRUNED
2790,4.464285714285152,2026-04-26 15:34:31.758969,2026-04-26 15:34:32.425117,0 days 00:00:00.666148,23.52857845253908,19.976395845196826,1.9725147962456966,Au,PRUNED
2791,0.0,2026-04-26 15:34:31.897995,2026-04-26 15:34:32.739823,0 days 00:00:00.841828,34.0690880740029,19.886973105528064,1.4991852747627972,Au,PRUNED
2792,0.0,2026-04-26 15:34:31.914751,2026-04-26 15:34:32.924766,0 days 00:00:01.010015,33.72811894363882,14.37464497411094,1.727284946842093,Au,PRUNED
2793,141.75824175823726,2026-04-26 15:34:31.970158,2026-04-26 15:34:32.682075,0 days 00:00:00.711917,31.93763572830074,17.615705410405475,1.2529845531097719,Au,PRUNED
2794,143.9560439560394,2026-04-26 15:34:31.992743,2026-04-26 15:34:32.587977,0 days 00:00:00.595234,30.86091732825473,17.14470767425327,1.4972534052068598,Au,PRUNED
2795,0.0,2026-04-26 15:34:32.046070,2026-04-26 15:34:32.649300,0 days 00:00:00.603230,39.46311133463438,19.888904668962457,1.99594105074677,Au,PRUNED
2796,0.0,2026-04-26 15:34:32.165836,2026-04-26 15:34:32.681076,0 days 00:00:00.515240,33.31199418425631,17.08410112680737,1.652858836868905,Au,PRUNED
2797,0.0,2026-04-26 15:34:32.355543,2026-04-26 15:34:33.126404,0 days 00:00:00.770861,20.815261289525914,16.70833236695417,1.6921664690573077,Au,PRUNED
2798,0.0,2026-04-26 15:34:32.619233,2026-04-26 15:34:33.504678,0 days 00:00:00.885445,33.730967529630746,17.573657840417106,1.6221274915775976,Au,PRUNED
2799,0.0,2026-04-26 15:34:32.686588,2026-04-26 15:34:33.790835,0 days 00:00:01.104247,33.237737898194766,19.922738623843827,1.8995975105888554,Au,PRUNED
2800,0.0,2026-04-26 15:34:32.772418,2026-04-26 15:34:33.452586,0 days 00:00:00.680168,20.263124732865048,16.977660043482953,1.6297784322264617,Au,PRUNED
2801,143.9560439560394,2026-04-26 15:34:32.793983,2026-04-26 15:34:33.412789,0 days 00:00:00.618806,29.519095385918526,18.00095803447079,1.5778309222807985,Au,PRUNED
2802,-1.770956316410831,2026-04-26 15:34:32.820326,2026-04-26 15:34:33.483888,0 days 00:00:00.663562,117.88940659330561,3.850247701413524,0.5920517499965221,Au,PRUNED
2803,0.0,2026-04-26 15:34:32.850776,2026-04-26 15:34:33.483299,0 days 00:00:00.632523,35.42883846416855,17.65729705000688,1.9968840160343926,Au,PRUNED
2804,0.0,2026-04-26 15:34:33.036279,2026-04-26 15:34:33.416742,0 days 00:00:00.380463,31.459077487991344,17.898870184846302,1.671275723472974,Au,PRUNED
2805,0.0,2026-04-26 15:34:33.324912,2026-04-26 15:34:34.080738,0 days 00:00:00.755826,48.32118386735782,19.978395177729,1.4455053964680846,Au,PRUNED
2806,0.0,2026-04-26 15:34:33.542673,2026-04-26 15:34:34.453803,0 days 00:00:00.911130,34.40002594596664,17.248669748446936,1.7630746271198172,Au,PRUNED
2807,0.0,2026-04-26 15:34:33.576260,2026-04-26 15:34:34.200806,0 days 00:00:00.624546,20.04109057797464,16.811566357589857,1.7924772707510852,Au,PRUNED
2808,0.0,2026-04-26 15:34:33.620211,2026-04-26 15:34:34.296498,0 days 00:00:00.676287,33.259266924777926,19.87674154704514,1.4760184073468114,Au,PRUNED
2809,0.0,2026-04-26 15:34:33.658417,2026-04-26 15:34:34.309499,0 days 00:00:00.651082,34.86876945278575,19.774813472318396,1.5970995166509065,Au,PRUNED
2810,-8.928571428570304,2026-04-26 15:34:33.690207,2026-04-26 15:34:34.437660,0 days 00:00:00.747453,21.262465786895753,19.922781033017902,1.7859051898113727,Au,PRUNED
2811,-8.928571428570862,2026-04-26 15:34:33.703915,2026-04-26 15:34:34.562411,0 days 00:00:00.858496,35.22845962260645,9.490856127572107,1.259756898374421,Au,PRUNED
2812,0.0,2026-04-26 15:34:33.862298,2026-04-26 15:34:34.608978,0 days 00:00:00.746680,38.088408095918645,19.941729022968385,1.760320986978398,Au,PRUNED
2813,0.0,2026-04-26 15:34:34.176321,2026-04-26 15:34:34.783837,0 days 00:00:00.607516,20.152001644059787,17.024124953206446,1.646792152682617,Au,PRUNED
2814,0.0,2026-04-26 15:34:34.307497,2026-04-26 15:34:35.138573,0 days 00:00:00.831076,20.18884463327846,19.90479650043299,1.8920115746792687,Au,PRUNED
2815,0.0,2026-04-26 15:34:34.420757,2026-04-26 15:34:35.122012,0 days 00:00:00.701255,30.76906296179724,19.98301066167444,1.7527234095833681,Au,PRUNED
2816,-546.5838509316143,2026-04-26 15:34:34.478098,2026-04-26 15:34:34.991547,0 days 00:00:00.513449,21.319494104949147,19.78868456552177,1.251250367942086,Au,COMPLETE
2817,0.0,2026-04-26 15:34:34.515735,2026-04-26 15:34:35.245466,0 days 00:00:00.729731,45.05877072102733,19.234725151200536,0.34817897373728457,Au,PRUNED
2818,2.463054187191946,2026-04-26 15:34:34.582569,2026-04-26 15:34:35.369060,0 days 00:00:00.786491,36.81390307645138,17.031559210806922,1.9565481395550068,Cu,PRUNED
2819,0.0,2026-04-26 15:34:34.700934,2026-04-26 15:34:35.525017,0 days 00:00:00.824083,20.125215386313492,17.426593443441234,1.808547257981379,Au,PRUNED
2820,0.0,2026-04-26 15:34:34.719418,2026-04-26 15:34:35.464973,0 days 00:00:00.745555,20.61935997308433,16.844606375358715,1.4426267094812035,Au,PRUNED
2821,0.0,2026-04-26 15:34:34.872141,2026-04-26 15:34:35.616277,0 days 00:00:00.744136,20.132037091417793,17.282723596204637,1.8459489034511667,Au,PRUNED
2822,0.0,2026-04-26 15:34:35.162091,2026-04-26 15:34:35.789580,0 days 00:00:00.627489,32.06369814474625,19.90197980840084,1.542363365770328,Au,PRUNED
2823,0.0,2026-04-26 15:34:35.280873,2026-04-26 15:34:35.929032,0 days 00:00:00.648159,40.50760405276108,19.988983381783356,1.7475834179260648,Au,PRUNED
2824,2.5510204081630805,2026-04-26 15:34:35.341710,2026-04-26 15:34:36.119367,0 days 00:00:00.777657,41.18451008596446,14.001316715558936,0.9532663216921663,Au,PRUNED
2825,0.0,2026-04-26 15:34:35.410030,2026-04-26 15:34:36.100946,0 days 00:00:00.690916,33.498552819424326,17.80789694690925,1.990715085008168,Au,PRUNED
2826,0.0,2026-04-26 15:34:35.449693,2026-04-26 15:34:36.053359,0 days 00:00:00.603666,40.906259901190836,19.99984359516997,1.6155155170150561,Au,PRUNED
2827,0.0,2026-04-26 15:34:35.535116,2026-04-26 15:34:36.119367,0 days 00:00:00.584251,28.066926619590543,19.90615165981486,1.819944019581504,Au,PRUNED
2828,0.0,2026-04-26 15:34:35.604260,2026-04-26 15:34:36.487467,0 days 00:00:00.883207,20.585038123353723,19.480922361452844,1.4888745381480162,Au,PRUNED
2829,141.75824175823726,2026-04-26 15:34:35.706348,2026-04-26 15:34:36.224497,0 days 00:00:00.518149,32.42304470350453,17.602985421410786,1.267304469707309,Au,PRUNED
2830,0.0,2026-04-26 15:34:35.844323,2026-04-26 15:34:36.725446,0 days 00:00:00.881123,20.103749816276363,19.644071628200166,1.1052230128838532,Au,PRUNED
2831,0.0,2026-04-26 15:34:36.075457,2026-04-26 15:34:36.645426,0 days 00:00:00.569969,34.34326161031797,16.920297733150413,1.7898527203783903,Au,PRUNED
2832,0.0,2026-04-26 15:34:36.142211,2026-04-26 15:34:37.162312,0 days 00:00:01.020101,33.44727051256282,19.94163194331635,1.6664540919407391,Au,PRUNED
2833,-0.6002400960384047,2026-04-26 15:34:36.198173,2026-04-26 15:34:36.783811,0 days 00:00:00.585638,62.93326168711292,14.824477602021236,1.2453462499320949,Au,PRUNED
2834,0.0,2026-04-26 15:34:36.293951,2026-04-26 15:34:36.807447,0 days 00:00:00.513496,31.89669947706178,19.992694473746774,1.3861413702812548,Au,PRUNED
2835,-10.204081632652322,2026-04-26 15:34:36.335369,2026-04-26 15:34:36.909080,0 days 00:00:00.573711,25.962709146473543,19.80392699734923,1.3733618831018737,Ag,PRUNED
2836,-0.5760368663594372,2026-04-26 15:34:36.400989,2026-04-26 15:34:37.270670,0 days 00:00:00.869681,68.39034186903842,12.91345214433225,1.4926315773010161,Au,PRUNED
2837,0.0,2026-04-26 15:34:36.582790,2026-04-26 15:34:37.435506,0 days 00:00:00.852716,20.422457728300696,19.916070509487234,1.6403602203272905,Au,PRUNED
2838,0.0,2026-04-26 15:34:36.836463,2026-04-26 15:34:37.623919,0 days 00:00:00.787456,34.51434694044349,17.34435731847446,1.1266600509784306,Au,PRUNED
2839,0.0,2026-04-26 15:34:36.862709,2026-04-26 15:34:37.861474,0 days 00:00:00.998765,20.278642446639402,18.800248975034304,1.312201401003536,Au,PRUNED
2840,0.0,2026-04-26 15:34:36.810478,2026-04-26 15:34:37.662026,0 days 00:00:00.851548,20.83541055295197,17.102929031003676,1.6120929045513446,Au,PRUNED
2841,-8.928571428570304,2026-04-26 15:34:36.958214,2026-04-26 15:34:37.755230,0 days 00:00:00.797016,21.853320128019593,19.702003141017524,1.6724760750856977,Au,PRUNED
2842,0.0,2026-04-26 15:34:37.006802,2026-04-26 15:34:37.925159,0 days 00:00:00.918357,35.92415037067716,17.34162238388554,1.039362821834135,Au,PRUNED
2843,0.0,2026-04-26 15:34:37.253164,2026-04-26 15:34:37.893272,0 days 00:00:00.640108,31.237607796705152,19.893817934671915,1.612586319889968,Au,PRUNED
2844,-8.403361344536819,2026-04-26 15:34:37.388942,2026-04-26 15:34:38.237162,0 days 00:00:00.848220,21.04013247668306,19.93116305155082,1.8508406667428339,Au,PRUNED
2845,0.0,2026-04-26 15:34:37.480028,2026-04-26 15:34:38.203829,0 days 00:00:00.723801,37.750479788209375,19.948996660819436,0.9774330161109094,Au,PRUNED
2846,0.0,2026-04-26 15:34:37.664588,2026-04-26 15:34:38.596970,0 days 00:00:00.932382,49.26027923757226,17.779848638939054,1.278129012402741,Au,PRUNED
2847,0.0,2026-04-26 15:34:37.752369,2026-04-26 15:34:38.583675,0 days 00:00:00.831306,30.441882026546565,19.841073038767195,1.5020348971805142,Au,PRUNED
2848,0.0,2026-04-26 15:34:37.838064,2026-04-26 15:34:38.566846,0 days 00:00:00.728782,33.576228931839836,18.348099701873686,1.9843262838866176,Au,PRUNED
2849,0.0,2026-04-26 15:34:38.032701,2026-04-26 15:34:38.721323,0 days 00:00:00.688622,34.06387805297021,17.627560091423362,1.8187488348491136,Au,PRUNED
2850,141.75824175823726,2026-04-26 15:34:38.098033,2026-04-26 15:34:38.918409,0 days 00:00:00.820376,32.52696329710743,17.035733313335747,1.3631699398565225,Au,PRUNED
2851,0.0,2026-04-26 15:34:38.177186,2026-04-26 15:34:38.801974,0 days 00:00:00.624788,33.44932554030643,19.92002291036699,1.8736956001415772,Au,PRUNED
2852,0.0,2026-04-26 15:34:38.236653,2026-04-26 15:34:39.217685,0 days 00:00:00.981032,34.5854153602204,17.66208041881884,1.3411717893757726,Au,PRUNED
2853,0.0,2026-04-26 15:34:38.335305,2026-04-26 15:34:38.989093,0 days 00:00:00.653788,31.358316528367602,19.775358714774615,1.5123808339153195,Au,PRUNED
2854,0.0,2026-04-26 15:34:38.695528,2026-04-26 15:34:39.451239,0 days 00:00:00.755711,30.014121869458215,19.937643829276954,1.5903189799746547,Au,PRUNED
2855,0.0,2026-04-26 15:34:38.776485,2026-04-26 15:34:39.612248,0 days 00:00:00.835763,20.022235294420064,19.402089998334556,1.9629863402543326,Au,PRUNED
2856,-15.306122448977392,2026-04-26 15:34:38.818465,2026-04-26 15:34:39.688223,0 days 00:00:00.869758,62.80331482353696,0.8688817985123602,0.8421893569418404,Cu,PRUNED
2857,0.0,2026-04-26 15:34:38.922433,2026-04-26 15:34:39.684188,0 days 00:00:00.761755,20.711473182802635,19.708215967577328,1.3588943484398173,Au,PRUNED
2858,0.0,2026-04-26 15:34:38.976496,2026-04-26 15:34:39.611249,0 days 00:00:00.634753,31.84086386723549,19.967588789929486,1.5187800227108066,Au,PRUNED
2859,-8.928571428570304,2026-04-26 15:34:39.004667,2026-04-26 15:34:39.560749,0 days 00:00:00.556082,21.68950148950996,19.91017511514443,1.7159397754455399,Au,PRUNED
2860,-8.928571428570304,2026-04-26 15:34:39.191582,2026-04-26 15:34:40.200225,0 days 00:00:01.008643,21.699632482658743,19.578089325149907,1.9873116109962483,Au,PRUNED
2861,0.0,2026-04-26 15:34:39.304252,2026-04-26 15:34:39.962298,0 days 00:00:00.658046,46.08664443154811,17.330543413843724,1.690177998929171,Au,PRUNED
2862,0.0,2026-04-26 15:34:39.560749,2026-04-26 15:34:40.482505,0 days 00:00:00.921756,20.22750507170627,19.53211470889213,1.7890419177668364,Au,PRUNED
2863,143.9560439560394,2026-04-26 15:34:39.642260,2026-04-26 15:34:40.297527,0 days 00:00:00.655267,29.912212054375715,17.654451054836034,1.7190352369930613,Au,PRUNED
2864,2.463054187191946,2026-04-26 15:34:39.718647,2026-04-26 15:34:40.372433,0 days 00:00:00.653786,35.80240393290331,14.384151131960623,1.9920972481577794,Au,PRUNED
2865,24.74690663667,2026-04-26 15:34:39.764732,2026-04-26 15:34:40.615800,0 days 00:00:00.851068,104.76584354118654,5.440682560614515,1.9565893005225385,Au,PRUNED
2866,-563.0449362843059,2026-04-26 15:34:39.828133,2026-04-26 15:34:40.448190,0 days 00:00:00.620057,20.38547835790709,19.99475473589822,1.9528596982509459,Au,COMPLETE
2867,0.0,2026-04-26 15:34:39.888623,2026-04-26 15:34:40.605737,0 days 00:00:00.717114,20.21058266562156,16.94889232369329,1.4554191087653512,Au,PRUNED
2868,0.0,2026-04-26 15:34:40.038493,2026-04-26 15:34:40.814418,0 days 00:00:00.775925,20.14048681691397,14.475394543862745,1.8467208021366504,Au,PRUNED
2869,-1.7857142857142545,2026-04-26 15:34:40.352567,2026-04-26 15:34:41.000427,0 days 00:00:00.647860,103.15926865608498,9.288903690554172,1.5774261508659881,Ag,PRUNED
2870,-1.7142857142856853,2026-04-26 15:34:40.459346,2026-04-26 15:34:41.059410,0 days 00:00:00.600064,118.7078252432554,11.10276448684334,1.5221987131728927,Ag,PRUNED
2871,0.0,2026-04-26 15:34:40.513630,2026-04-26 15:34:41.168708,0 days 00:00:00.655078,34.251828436728005,19.916375157458855,1.6920103831664075,Au,PRUNED
2872,0.0,2026-04-26 15:34:40.703340,2026-04-26 15:34:41.481581,0 days 00:00:00.778241,20.277960635977834,17.353076630202192,1.6851728086594946,Au,PRUNED
2873,0.0,2026-04-26 15:34:40.724012,2026-04-26 15:34:41.405579,0 days 00:00:00.681567,32.49029501469676,17.738624210155084,1.6959554611833463,Cu,PRUNED
2874,-547.237659365743,2026-04-26 15:34:40.753150,2026-04-26 15:34:41.654237,0 days 00:00:00.901087,20.202110736867848,19.929496419950905,1.9920880966838819,Au,COMPLETE
2875,0.0,2026-04-26 15:34:40.742368,2026-04-26 15:34:41.496119,0 days 00:00:00.753751,20.58155515116865,18.9151994476265,1.7110689005605109,Cu,PRUNED
2876,0.0,2026-04-26 15:34:40.929928,2026-04-26 15:34:41.449880,0 days 00:00:00.519952,35.25486825871239,19.91489945872239,1.8112572222524916,Au,PRUNED
2877,0.0,2026-04-26 15:34:41.082964,2026-04-26 15:34:41.785335,0 days 00:00:00.702371,20.95929830148919,17.37410085733733,1.2068218975033669,Au,PRUNED
2878,-8.928571428570304,2026-04-26 15:34:41.132936,2026-04-26 15:34:41.825517,0 days 00:00:00.692581,21.898802721081587,19.979380585622074,1.8875970260748165,Au,PRUNED
2879,0.0,2026-04-26 15:34:41.222358,2026-04-26 15:34:42.198124,0 days 00:00:00.975766,20.390475769261528,16.788967036514677,1.8297915440046684,Au,PRUNED
2880,-8.403361344536819,2026-04-26 15:34:41.453967,2026-04-26 15:34:42.281160,0 days 00:00:00.827193,21.49752307412021,19.784030502381274,1.6451097245653785,Au,PRUNED
2881,0.0,2026-04-26 15:34:41.564703,2026-04-26 15:34:42.276353,0 days 00:00:00.711650,20.266757523355434,16.971547547515012,1.5961449125899323,Au,PRUNED
2882,0.0,2026-04-26 15:34:41.593391,2026-04-26 15:34:42.337894,0 days 00:00:00.744503,33.4087808094506,17.91496702519023,1.6938690285626743,Au,PRUNED
2883,0.0,2026-04-26 15:34:41.625234,2026-04-26 15:34:42.305205,0 days 00:00:00.679971,31.34080028587583,19.85742727355142,1.1502431271825377,Au,PRUNED
2884,0.0,2026-04-26 15:34:41.858538,2026-04-26 15:34:42.804229,0 days 00:00:00.945691,46.28249157449622,19.84846559962105,1.1722804275697905,Au,PRUNED
2885,0.0,2026-04-26 15:34:41.906973,2026-04-26 15:34:42.643998,0 days 00:00:00.737025,21.054440971196847,17.261214811665063,1.5901641354173686,Au,PRUNED
2886,-0.5854800936768048,2026-04-26 15:34:41.928498,2026-04-26 15:34:42.787522,0 days 00:00:00.859024,98.22043088210499,12.636089891204136,0.36888599152193646,Au,PRUNED
2887,0.0,2026-04-26 15:34:42.323018,2026-04-26 15:34:42.894161,0 days 00:00:00.571143,35.15363331581747,17.839528073049856,1.9997053150607442,Au,PRUNED
2888,0.0,2026-04-26 15:34:42.366127,2026-04-26 15:34:43.086354,0 days 00:00:00.720227,38.59438525990007,17.39959263768359,1.7940698735135285,Au,PRUNED
2889,-8.928571428570304,2026-04-26 15:34:42.336266,2026-04-26 15:34:43.083760,0 days 00:00:00.747494,22.09678508618799,19.850286356307734,1.723019885274247,Au,PRUNED
2890,-4.464285714285152,2026-04-26 15:34:42.450765,2026-04-26 15:34:43.130843,0 days 00:00:00.680078,23.067121923080567,19.925602956712257,1.6898685715340702,Au,PRUNED
2891,-14.880952380951127,2026-04-26 15:34:42.569409,2026-04-26 15:34:43.285335,0 days 00:00:00.715926,39.29771604560254,15.402355628511298,1.9997043198879634,Ag,PRUNED
2892,-2.2148394241417133,2026-04-26 15:34:42.735697,2026-04-26 15:34:43.365219,0 days 00:00:00.629522,91.7649510480478,15.126670511634993,1.6201627948376038,Ag,PRUNED
2893,-7.518796992480405,2026-04-26 15:34:42.844076,2026-04-26 15:34:43.691979,0 days 00:00:00.847903,30.94693585266708,14.287546824948777,1.7034812088585813,Au,PRUNED
2894,-20.40816326530416,2026-04-26 15:34:42.963334,2026-04-26 15:34:43.800862,0 days 00:00:00.837528,51.681076168032156,15.883429766130323,1.7961324261639011,Ag,PRUNED
2895,-2.5062656641603547,2026-04-26 15:34:42.995056,2026-04-26 15:34:43.617584,0 days 00:00:00.622528,99.27965869385706,1.1421647706025873,1.4961709663075133,Au,PRUNED
2896,0.0,2026-04-26 15:34:43.207426,2026-04-26 15:34:44.012615,0 days 00:00:00.805189,49.30810766462291,19.98016810213823,1.3645047653842615,Au,PRUNED
2897,-585.8533194298898,2026-04-26 15:34:43.289045,2026-04-26 15:34:44.105917,0 days 00:00:00.816872,21.144370762367924,19.97237295898651,1.628659137953922,Au,COMPLETE
2898,-1.0660980810234213,2026-04-26 15:34:43.348686,2026-04-26 15:34:44.093279,0 days 00:00:00.744593,20.213954457813966,15.748904500270879,1.319689386356673,Ag,PRUNED
2899,0.0,2026-04-26 15:34:43.383337,2026-04-26 15:34:44.439983,0 days 00:00:01.056646,20.342635620638035,19.192260720224677,1.427072273980758,Au,PRUNED
2900,0.0,2026-04-26 15:34:43.455468,2026-04-26 15:34:43.976520,0 days 00:00:00.521052,32.60308518832649,14.488450234420586,1.5002872609538882,Au,PRUNED
2901,141.75824175823726,2026-04-26 15:34:43.691979,2026-04-26 15:34:44.502345,0 days 00:00:00.810366,31.603682313519,17.385950676843557,1.7888064021317338,Au,PRUNED
2902,-8.928571428570304,2026-04-26 15:34:43.746671,2026-04-26 15:34:44.457226,0 days 00:00:00.710555,22.17245724877195,19.906527517001667,1.5862314994629048,Au,PRUNED
2903,0.0,2026-04-26 15:34:43.903113,2026-04-26 15:34:44.737639,0 days 00:00:00.834526,20.108864699844133,17.24218764696799,1.4578300801968425,Au,PRUNED
2904,0.0,2026-04-26 15:34:44.032486,2026-04-26 15:34:44.771571,0 days 00:00:00.739085,34.61271190460549,17.379687632608462,1.248933623140282,Au,PRUNED
2905,0.0,2026-04-26 15:34:44.146146,2026-04-26 15:34:44.807784,0 days 00:00:00.661638,20.25528164416323,18.977731367599024,1.3876324803747733,Au,PRUNED
2906,0.0,2026-04-26 15:34:44.209532,2026-04-26 15:34:44.847978,0 days 00:00:00.638446,46.86845415969276,19.988044356741057,1.2933785419600827,Au,PRUNED
2907,141.75824175823726,2026-04-26 15:34:44.265841,2026-04-26 15:34:45.098460,0 days 00:00:00.832619,33.3012410155507,16.671306708776193,1.4645119113426759,Au,PRUNED
2908,2.5510204081630805,2026-04-26 15:34:44.553072,2026-04-26 15:34:45.563938,0 days 00:00:01.010866,38.70222252267381,16.7404123534402,1.174691884855294,Cu,PRUNED
2909,-13.392857142855457,2026-04-26 15:34:44.583749,2026-04-26 15:34:45.345765,0 days 00:00:00.762016,22.274536055890394,19.94938114379538,1.2496202418541045,Au,PRUNED
2910,0.0,2026-04-26 15:34:44.620878,2026-04-26 15:34:45.605902,0 days 00:00:00.985024,29.816026384033844,19.838628351750618,1.4559772039214143,Au,PRUNED
2911,-0.5807200929152049,2026-04-26 15:34:44.806785,2026-04-26 15:34:45.548053,0 days 00:00:00.741268,91.51451755737446,19.94771985786229,0.2823118791655954,Cu,PRUNED
2912,0.0,2026-04-26 15:34:44.898354,2026-04-26 15:34:45.605902,0 days 00:00:00.707548,30.71016031755603,19.920893265553207,1.4227047484302906,Au,PRUNED
2913,141.75824175823726,2026-04-26 15:34:44.925451,2026-04-26 15:34:45.531808,0 days 00:00:00.606357,31.241581436566175,17.76845842741693,1.4940700413408212,Au,PRUNED
2914,0.0,2026-04-26 15:34:45.011358,2026-04-26 15:34:45.580673,0 days 00:00:00.569315,20.96737118097075,17.260363196152113,1.2757914007797466,Au,PRUNED
2915,-1.7421602787456147,2026-04-26 15:34:45.195822,2026-04-26 15:34:46.094128,0 days 00:00:00.898306,117.25273255838094,0.8822806867272526,1.8813772323704383,Ag,PRUNED
2916,0.0,2026-04-26 15:34:45.493911,2026-04-26 15:34:46.373127,0 days 00:00:00.879216,32.59339239394451,19.936037626573842,1.3815675940441048,Au,PRUNED
2917,0.0,2026-04-26 15:34:45.642684,2026-04-26 15:34:46.432650,0 days 00:00:00.789966,20.395152124467497,16.988730470782848,1.992548602448986,Au,PRUNED
2918,0.0,2026-04-26 15:34:45.659044,2026-04-26 15:34:46.263551,0 days 00:00:00.604507,20.86079654985288,17.95693586579046,1.4834608807081329,Au,PRUNED
2919,0.0,2026-04-26 15:34:45.673915,2026-04-26 15:34:46.525297,0 days 00:00:00.851382,32.52291033957912,14.727635369127132,1.5651456945001296,Au,PRUNED
2920,0.0,2026-04-26 15:34:45.691616,2026-04-26 15:34:46.266056,0 days 00:00:00.574440,32.2182896248492,19.983870531645646,1.5656423473660874,Au,PRUNED
2921,0.0,2026-04-26 15:34:45.720290,2026-04-26 15:34:46.389426,0 days 00:00:00.669136,33.22468528396678,19.93615875399083,1.2988275530490732,Au,PRUNED
2922,0.0,2026-04-26 15:34:45.822265,2026-04-26 15:34:46.374131,0 days 00:00:00.551866,33.826002834982695,17.757679688766707,1.5030257876468909,Au,PRUNED
2923,0.0,2026-04-26 15:34:46.289984,2026-04-26 15:34:47.086514,0 days 00:00:00.796530,21.12191109153038,16.843777838022,1.6045382045892318,Au,PRUNED
2924,-564.3697478990921,2026-04-26 15:34:46.342116,2026-04-26 15:34:46.966400,0 days 00:00:00.624284,21.514948498766618,19.678536587092843,1.4268231152579667,Au,COMPLETE
2925,0.0,2026-04-26 15:34:46.462358,2026-04-26 15:34:47.072296,0 days 00:00:00.609938,36.88000261796047,17.205100628563514,1.4613030294295741,Au,PRUNED
2926,0.0,2026-04-26 15:34:46.483628,2026-04-26 15:34:47.148317,0 days 00:00:00.664689,42.26036706004736,16.445576354494747,1.4905537437492764,Au,PRUNED
2927,0.0,2026-04-26 15:34:46.499631,2026-04-26 15:34:47.042637,0 days 00:00:00.543006,34.66108229134534,18.138484472875312,1.5136871545888755,Au,PRUNED
2928,0.0,2026-04-26 15:34:46.597713,2026-04-26 15:34:47.376583,0 days 00:00:00.778870,46.570122037226824,17.078206569820125,1.6169419692672302,Au,PRUNED
2929,0.0,2026-04-26 15:34:46.646383,2026-04-26 15:34:47.305533,0 days 00:00:00.659150,20.19497582241259,19.663227410105026,1.5333290546032345,Au,PRUNED
2930,0.0,2026-04-26 15:34:46.695991,2026-04-26 15:34:47.335567,0 days 00:00:00.639576,35.58829853901697,18.295705962745384,1.3765994485327555,Au,PRUNED
2931,-10.989010989010133,2026-04-26 15:34:47.184911,2026-04-26 15:34:47.919671,0 days 00:00:00.734760,46.36397291970858,9.541192771584992,0.7303684860000508,Cu,PRUNED
2932,-1.2106537530266126,2026-04-26 15:34:47.199360,2026-04-26 15:34:48.286330,0 days 00:00:01.086970,76.45904150615533,19.679552717202732,1.7523073357678673,Au,PRUNED
2933,140.65934065933618,2026-04-26 15:34:47.234295,2026-04-26 15:34:47.969491,0 days 00:00:00.735196,33.76548099234897,17.121837501052067,1.3810424778602284,Au,PRUNED
2934,0.0,2026-04-26 15:34:47.266746,2026-04-26 15:34:47.926257,0 days 00:00:00.659511,20.435623731017287,19.62817419321059,1.734858146729574,Ag,PRUNED
2935,-8.658008658008125,2026-04-26 15:34:47.276500,2026-04-26 15:34:47.924703,0 days 00:00:00.648203,23.97610126761495,16.81184310159947,1.3800406639239957,Cu,PRUNED
2936,0.0,2026-04-26 15:34:47.452501,2026-04-26 15:34:47.955196,0 days 00:00:00.502695,20.76036682008761,14.5476009791885,1.5023704576574943,Au,PRUNED
2937,-3.6166365280288377,2026-04-26 15:34:47.476664,2026-04-26 15:34:48.026177,0 days 00:00:00.549513,90.89099146125302,14.908959176625164,0.5989737956723801,Ag,PRUNED
2938,0.0,2026-04-26 15:34:47.550959,2026-04-26 15:34:48.087471,0 days 00:00:00.536512,33.6011607609856,19.878288504032056,1.4910679005456116,Au,PRUNED
2939,0.0,2026-04-26 15:34:48.052278,2026-04-26 15:34:48.923957,0 days 00:00:00.871679,36.29753345278395,19.952567152578812,1.5518587498016256,Cu,PRUNED
2940,-10.204081632652322,2026-04-26 15:34:48.029256,2026-04-26 15:34:48.888781,0 days 00:00:00.859525,29.46042487568763,17.377074942178215,1.6887445698471246,Ag,PRUNED
2941,0.0,2026-04-26 15:34:48.109167,2026-04-26 15:34:48.842530,0 days 00:00:00.733363,20.527469933494856,17.51147178824324,1.4643719607626198,Au,PRUNED
2942,-10.582010582009788,2026-04-26 15:34:48.113636,2026-04-26 15:34:48.922958,0 days 00:00:00.809322,30.844639925239235,16.882562084931145,1.6687263747373833,Ag,PRUNED
2943,-557.1428571427922,2026-04-26 15:34:48.157972,2026-04-26 15:34:49.126256,0 days 00:00:00.968284,20.51697331439668,19.98638468699739,1.7885349096653747,Au,COMPLETE
2944,141.75824175823726,2026-04-26 15:34:48.179126,2026-04-26 15:34:48.963549,0 days 00:00:00.784423,32.366223590874654,16.668192247233808,1.8093491226287535,Au,PRUNED
2945,0.0,2026-04-26 15:34:48.221191,2026-04-26 15:34:49.277744,0 days 00:00:01.056553,20.00837018880045,19.174233825063368,1.4460727841449186,Au,PRUNED
2946,0.0,2026-04-26 15:34:48.377880,2026-04-26 15:34:49.278248,0 days 00:00:00.900368,20.01405470115158,18.494077584751004,1.0101794528369634,Au,PRUNED
2947,-0.6053268765133063,2026-04-26 15:34:48.999648,2026-04-26 15:34:49.871916,0 days 00:00:00.872268,77.22046431411667,17.795552602309307,1.2228055096794823,Au,PRUNED
2948,3.7593984962402023,2026-04-26 15:34:49.031437,2026-04-26 15:34:49.745179,0 days 00:00:00.713742,29.204952368733565,17.558864585125917,1.507782830817876,Au,PRUNED
2949,0.0,2026-04-26 15:34:49.081337,2026-04-26 15:34:49.797126,0 days 00:00:00.715789,34.1486142615574,17.70864887503421,1.7394839875523194,Au,PRUNED
2950,0.0,2026-04-26 15:34:49.113996,2026-04-26 15:34:49.693366,0 days 00:00:00.579370,45.75739632486475,17.503860672199636,1.6975996000397195,Au,PRUNED
2951,0.0,2026-04-26 15:34:49.219427,2026-04-26 15:34:50.030101,0 days 00:00:00.810674,20.22306962179546,19.730237460904135,1.8162285796167281,Au,PRUNED
2952,0.0,2026-04-26 15:34:49.312573,2026-04-26 15:34:49.840785,0 days 00:00:00.528212,20.293771777431573,17.323738404129816,1.5214927073196647,Au,PRUNED
2953,0.0,2026-04-26 15:34:49.338178,2026-04-26 15:34:50.028162,0 days 00:00:00.689984,44.25037724389698,19.807668933361377,1.7246386821368929,Au,PRUNED
2954,0.0,2026-04-26 15:34:49.389936,2026-04-26 15:34:50.137461,0 days 00:00:00.747525,32.52941799006135,19.969759494076463,1.2736466925395105,Au,PRUNED
2955,0.0,2026-04-26 15:34:49.796124,2026-04-26 15:34:50.737202,0 days 00:00:00.941078,36.30264770625613,19.9737468164799,1.6949955179742642,Au,PRUNED
2956,0.0,2026-04-26 15:34:49.810369,2026-04-26 15:34:50.710782,0 days 00:00:00.900413,20.3893663215684,19.563826761037014,1.7450040384720815,Au,PRUNED
2957,-4.464285714285152,2026-04-26 15:34:49.994600,2026-04-26 15:34:51.105605,0 days 00:00:01.111005,23.18541539646939,19.983807013138687,1.378089535484142,Au,PRUNED
2958,0.0,2026-04-26 15:34:50.094700,2026-04-26 15:34:51.039066,0 days 00:00:00.944366,20.493875109951038,19.79383993334389,1.395351123116562,Au,PRUNED
2959,-8.928571428570304,2026-04-26 15:34:50.170748,2026-04-26 15:34:50.738214,0 days 00:00:00.567466,21.45698189161427,19.815213362633617,1.704392156408771,Au,PRUNED
2960,0.0,2026-04-26 15:34:50.184177,2026-04-26 15:34:50.970502,0 days 00:00:00.786325,34.93486668657328,19.894147751681714,1.5444879167849523,Au,PRUNED
2961,0.0,2026-04-26 15:34:50.265162,2026-04-26 15:34:50.865807,0 days 00:00:00.600645,33.19457666496504,19.852670545944196,1.436157356062401,Au,PRUNED
2962,146.1538461538415,2026-04-26 15:34:50.338696,2026-04-26 15:34:51.149383,0 days 00:00:00.810687,25.892747338822776,19.972078747968457,1.5299573593862872,Au,PRUNED
2963,-547.0742072572108,2026-04-26 15:34:50.787427,2026-04-26 15:34:51.722509,0 days 00:00:00.935082,21.11202086544875,19.680769608246745,1.5349505792000304,Au,COMPLETE
2964,-2.0703933747411387,2026-04-26 15:34:50.869392,2026-04-26 15:34:51.663885,0 days 00:00:00.794493,47.672628515966196,19.91910139875598,1.9860637429817236,Cu,PRUNED
2965,0.0,2026-04-26 15:34:50.985717,2026-04-26 15:34:51.804106,0 days 00:00:00.818389,112.11397971927249,11.683473102919356,0.8961668947231903,Cu,PRUNED
2966,0.0,2026-04-26 15:34:50.991858,2026-04-26 15:34:51.641458,0 days 00:00:00.649600,20.082484384895977,19.681613974886353,1.4006045361924313,Au,PRUNED
2967,0.0,2026-04-26 15:34:51.070278,2026-04-26 15:34:51.757903,0 days 00:00:00.687625,20.33861658466896,18.433734593783413,1.7455108377722293,Au,PRUNED
2968,0.0,2026-04-26 15:34:51.107613,2026-04-26 15:34:51.725077,0 days 00:00:00.617464,20.287910426727365,17.26156106809256,1.7061160902522652,Au,PRUNED
2969,0.0,2026-04-26 15:34:51.210986,2026-04-26 15:34:51.876018,0 days 00:00:00.665032,33.73073261542661,17.47802079540474,1.7529628643907667,Au,PRUNED
2970,0.0,2026-04-26 15:34:51.228142,2026-04-26 15:34:52.270838,0 days 00:00:01.042696,20.292402897487985,19.339305060060852,1.6028140581218098,Au,PRUNED
2971,-530.86223353478,2026-04-26 15:34:51.683643,2026-04-26 15:34:52.332551,0 days 00:00:00.648908,20.256407764828907,19.684050674184842,1.9985547868880689,Au,COMPLETE
2972,0.0,2026-04-26 15:34:51.776322,2026-04-26 15:34:52.488093,0 days 00:00:00.711771,29.486006923335946,19.98841918411792,1.3962553442720562,Au,PRUNED
2973,-10.204081632652322,2026-04-26 15:34:51.822529,2026-04-26 15:34:52.567038,0 days 00:00:00.744509,26.225591683388828,19.92061135405789,1.5888462319370698,Ag,PRUNED
2974,-545.1728636659512,2026-04-26 15:34:51.887530,2026-04-26 15:34:52.411790,0 days 00:00:00.524260,20.75294957549891,19.93145832014111,1.50987271489304,Au,COMPLETE
2975,-1.050420168067195,2026-04-26 15:34:51.916219,2026-04-26 15:34:52.597519,0 days 00:00:00.681300,21.72300727529654,0.5272215389665611,1.034879507449778,Ag,PRUNED
2976,0.0,2026-04-26 15:34:51.931150,2026-04-26 15:34:52.694392,0 days 00:00:00.763242,34.3828718259241,17.805066934572988,1.7719306138605277,Au,PRUNED
2977,-547.8374836172369,2026-04-26 15:34:51.977952,2026-04-26 15:34:52.661208,0 days 00:00:00.683256,21.044152563346014,19.875469204904352,1.3711631256980947,Au,COMPLETE
2978,0.0,2026-04-26 15:34:52.478183,2026-04-26 15:34:53.096036,0 days 00:00:00.617853,32.84495138588123,19.951190322972973,1.807950380462021,Au,PRUNED
2979,0.0,2026-04-26 15:34:52.539046,2026-04-26 15:34:53.237628,0 days 00:00:00.698582,20.756299412303505,15.191236662517964,1.2340489826786614,Au,PRUNED
2980,0.0,2026-04-26 15:34:52.618877,2026-04-26 15:34:53.391231,0 days 00:00:00.772354,31.69960407445837,19.928440878498204,1.730246704876795,Au,PRUNED
2981,0.0,2026-04-26 15:34:52.697386,2026-04-26 15:34:53.299453,0 days 00:00:00.602067,27.95176787294635,19.954134261831175,1.6582169514172556,Au,PRUNED
2982,0.0,2026-04-26 15:34:52.735717,2026-04-26 15:34:53.540835,0 days 00:00:00.805118,31.832708235219382,17.786453673989605,1.6738516038510893,Au,PRUNED
2983,0.0,2026-04-26 15:34:52.757986,2026-04-26 15:34:53.596982,0 days 00:00:00.838996,20.768591206270496,17.367769845743773,1.7272488974190165,Au,PRUNED
2984,-8.928571428570304,2026-04-26 15:34:52.726829,2026-04-26 15:34:53.707556,0 days 00:00:00.980727,21.507332723967295,19.957245735580468,1.5531575916522513,Au,PRUNED
2985,0.0,2026-04-26 15:34:52.891465,2026-04-26 15:34:53.642939,0 days 00:00:00.751474,33.339412833855775,19.974912647812396,1.6217897858660848,Au,PRUNED
2986,0.0,2026-04-26 15:34:53.316234,2026-04-26 15:34:54.016963,0 days 00:00:00.700729,20.171671777521812,17.83687518438981,1.6538715662271324,Au,PRUNED
2987,2.5510204081630805,2026-04-26 15:34:53.362729,2026-04-26 15:34:54.332191,0 days 00:00:00.969462,32.49639747699413,19.88349304614273,1.3010491581347874,Cu,PRUNED
2988,-14.285714285712844,2026-04-26 15:34:53.440429,2026-04-26 15:34:54.063436,0 days 00:00:00.623007,67.73654072684074,5.658695768929348,0.5343019400678529,Cu,PRUNED
2989,3.7593984962402023,2026-04-26 15:34:53.496597,2026-04-26 15:34:54.389913,0 days 00:00:00.893316,30.910171546122996,16.03382041276722,1.4873388134869756,Au,PRUNED
2990,-545.439686171889,2026-04-26 15:34:53.661023,2026-04-26 15:34:54.264913,0 days 00:00:00.603890,21.576638580704156,19.999904633683958,0.8009277935353802,Au,COMPLETE
2991,0.0,2026-04-26 15:34:53.709554,2026-04-26 15:34:54.471449,0 days 00:00:00.761895,32.547301896926236,19.962556295630105,1.650224618357724,Au,PRUNED
2992,0.0,2026-04-26 15:34:53.740270,2026-04-26 15:34:54.328865,0 days 00:00:00.588595,36.679053973833135,19.906728922759942,1.475944775740724,Au,PRUNED
2993,0.0,2026-04-26 15:34:53.799700,2026-04-26 15:34:54.291963,0 days 00:00:00.492263,20.0433116336501,17.403367383014725,0.9982375843000073,Au,PRUNED
2994,7.518796992480405,2026-04-26 15:34:54.157969,2026-04-26 15:34:54.717279,0 days 00:00:00.559310,31.064980416476462,16.897671390142847,1.1800728918503323,Au,PRUNED
2995,-8.928571428570304,2026-04-26 15:34:54.229831,2026-04-26 15:34:54.947774,0 days 00:00:00.717943,22.22115221980798,19.889507733345933,1.4776900298254543,Au,PRUNED
2996,0.0,2026-04-26 15:34:54.362301,2026-04-26 15:34:54.807863,0 days 00:00:00.445562,20.187850912793873,17.622220737099585,1.3987836582531266,Au,PRUNED
2997,0.0,2026-04-26 15:34:54.443174,2026-04-26 15:34:54.899752,0 days 00:00:00.456578,34.73458841666848,19.877897263982167,1.7528499727006284,Au,PRUNED
2998,-0.5760368663594372,2026-04-26 15:34:54.509798,2026-04-26 15:34:54.940163,0 days 00:00:00.430365,54.909758822890474,19.402510518488207,0.4688516594222476,Cu,PRUNED
2999,0.0,2026-04-26 15:34:54.471449,2026-04-26 15:34:54.808406,0 days 00:00:00.336957,34.38698820029515,19.93806656972212,1.4189871787532913,Au,PRUNED
