number,value,datetime_start,datetime_complete,duration,params_D2_nm,params_D3_nm,params_D4_nm,params_metal,state
0,0.0,2025-11-13 12:25:34.241048,2025-11-13 12:25:38.718323,0 days 00:00:04.477275,119.99018837026208,18.259653268002275,1.0870691912346175,Cu,COMPLETE
1,-20.461309523805895,2025-11-13 12:25:34.269357,2025-11-13 12:25:38.849221,0 days 00:00:04.579864,85.1646542081692,6.914827566304099,0.9742322707163492,Ag,COMPLETE
2,-25.84388185653363,2025-11-13 12:25:34.241048,2025-11-13 12:25:38.718323,0 days 00:00:04.477275,79.8547655036709,3.7238117783040066,1.7479800605051563,Ag,COMPLETE
3,54.39814814814663,2025-11-13 12:25:34.297416,2025-11-13 12:25:38.765291,0 days 00:00:04.467875,47.63551681487391,16.46262252763266,0.35966859172988297,Cu,COMPLETE
4,1.0883084577114266,2025-11-13 12:25:34.331260,2025-11-13 12:25:38.858184,0 days 00:00:04.526924,64.8258087977377,17.721264611593803,0.7163389133597076,Ag,COMPLETE
5,18.61001317523027,2025-11-13 12:25:34.358153,2025-11-13 12:25:38.772663,0 days 00:00:04.414510,92.77954329484734,8.447670544598248,0.43720824574552475,Au,COMPLETE
6,-13.005780346819277,2025-11-13 12:25:34.367714,2025-11-13 12:25:38.805869,0 days 00:00:04.438155,26.904220662719386,18.069674180826816,0.3140397309162333,Cu,COMPLETE
7,26.399491094147184,2025-11-13 12:25:34.395459,2025-11-13 12:25:38.948271,0 days 00:00:04.552812,65.40326670646525,10.37711331176005,0.4874367834960027,Au,COMPLETE
8,-17.105263157892892,2025-11-13 12:25:38.789048,2025-11-13 12:25:39.124969,0 days 00:00:00.335921,85.16631339248843,12.207221607496626,0.8901417263299986,Ag,COMPLETE
9,-2.0693041526374434,2025-11-13 12:25:38.772341,2025-11-13 12:25:39.136993,0 days 00:00:00.364652,90.42788360499075,3.538429992651332,0.6681311772867293,Cu,COMPLETE
10,-1.4844804318488287,2025-11-13 12:25:39.096474,2025-11-13 12:25:39.431010,0 days 00:00:00.334536,118.20027027562281,0.6382684628369262,1.8826011059664056,Ag,COMPLETE
11,-1.5206812652067905,2025-11-13 12:25:39.180698,2025-11-13 12:25:39.631958,0 days 00:00:00.451260,116.42042183037555,1.3594507267334883,1.7769611647113388,Ag,COMPLETE
12,-1.5169902912621185,2025-11-13 12:25:39.203415,2025-11-13 12:25:39.649252,0 days 00:00:00.445837,118.65125757717982,1.4170426069964037,1.8772738932064925,Ag,COMPLETE
13,-26.74897119340891,2025-11-13 12:25:39.227577,2025-11-13 12:25:39.696924,0 days 00:00:00.469347,78.021089892032,5.725055388162296,1.3760089386703607,Ag,COMPLETE
14,-26.289682539676246,2025-11-13 12:25:39.248760,2025-11-13 12:25:39.702557,0 days 00:00:00.453797,78.98097055305482,5.855211368986092,1.332128816432587,Ag,COMPLETE
15,-26.66666666665953,2025-11-13 12:25:39.397773,2025-11-13 12:25:39.883469,0 days 00:00:00.485696,49.950046626594606,4.399378164435335,1.4237851456014943,Ag,COMPLETE
16,-25.49019607842531,2025-11-13 12:25:39.448207,2025-11-13 12:25:40.182687,0 days 00:00:00.734480,50.243919311218875,5.955659651498192,1.364200389331444,Ag,COMPLETE
17,-26.422764227635877,2025-11-13 12:25:39.486059,2025-11-13 12:25:40.062735,0 days 00:00:00.576676,51.97226710645124,5.829382650950035,1.4704984570652033,Ag,COMPLETE
18,0.0,2025-11-13 12:25:39.668171,2025-11-13 12:25:40.449449,0 days 00:00:00.781278,44.77438386499288,13.8971611529764,1.4589851662871371,Au,COMPLETE
19,-5.383895131085549,2025-11-13 12:25:39.916130,2025-11-13 12:25:40.434478,0 days 00:00:00.518348,30.02798226953483,13.442660687794977,1.62994449414952,Au,COMPLETE
20,-17.379679144383193,2025-11-13 12:25:39.966247,2025-11-13 12:25:40.497063,0 days 00:00:00.530816,30.060669935374246,11.915733273890254,1.3510461281936659,Au,COMPLETE
21,-7.022471910111609,2025-11-13 12:25:39.966247,2025-11-13 12:25:40.462604,0 days 00:00:00.496357,31.279888379384296,12.950977159778981,1.443413516504532,Au,COMPLETE
22,-187.06293706292405,2025-11-13 12:25:40.031398,2025-11-13 12:25:40.453605,0 days 00:00:00.422207,24.43283124108465,13.543175931956924,1.6151183753813054,Au,COMPLETE
23,2.4509803921566706,2025-11-13 12:25:40.078277,2025-11-13 12:25:40.559683,0 days 00:00:00.481406,32.00244868212165,13.73205095054689,1.5789367915165804,Au,COMPLETE
24,-15.773809523807282,2025-11-13 12:25:40.559683,2025-11-13 12:25:41.042773,0 days 00:00:00.483090,40.0809254547943,8.317448959963851,1.192515685346985,Ag,COMPLETE
25,-0.8865248226950103,2025-11-13 12:25:40.528436,2025-11-13 12:25:41.135843,0 days 00:00:00.607407,20.389044587646712,8.896840898535089,1.1687543175507051,Ag,COMPLETE
26,-25.67340067339563,2025-11-13 12:25:40.666110,2025-11-13 12:25:41.182884,0 days 00:00:00.516774,55.75066497197122,9.117953206069867,1.184604756635008,Ag,COMPLETE
27,-26.881720430101765,2025-11-13 12:25:40.697391,2025-11-13 12:25:41.135843,0 days 00:00:00.438452,57.75284279568161,8.871885846693438,1.1108167868751921,Ag,COMPLETE
28,-0.7122507122507,2025-11-13 12:25:40.728382,2025-11-13 12:25:41.514928,0 days 00:00:00.786546,71.94479457216019,16.02636286405382,0.8564037082700229,Au,COMPLETE
29,-2.098816405174759,2025-11-13 12:25:40.733442,2025-11-13 12:25:41.088593,0 days 00:00:00.355151,102.29307715957233,8.94578495411798,1.157986030423819,Ag,COMPLETE
30,-1.6401451702958991,2025-11-13 12:25:40.803163,2025-11-13 12:25:41.230407,0 days 00:00:00.427244,103.66846749087219,3.525363802623294,1.170235336112835,Ag,COMPLETE
31,-0.8300132802124702,2025-11-13 12:25:41.057287,2025-11-13 12:25:41.530575,0 days 00:00:00.473288,70.6884712345185,15.420999069201105,0.15650415482378066,Cu,COMPLETE
32,-28.846153846146578,2025-11-13 12:25:41.365978,2025-11-13 12:25:41.904034,0 days 00:00:00.538056,57.40783439182732,7.229625543205202,1.0155142485610407,Ag,COMPLETE
33,24.088541666666295,2025-11-13 12:25:41.432669,2025-11-13 12:25:41.997322,0 days 00:00:00.564653,56.58238648085221,19.63932572416798,1.6481877684974564,Ag,COMPLETE
34,-30.251141552503118,2025-11-13 12:25:41.470463,2025-11-13 12:25:41.793925,0 days 00:00:00.323462,60.70508597647013,6.986057494168386,1.018510207423254,Ag,COMPLETE
35,-26.09034267912293,2025-11-13 12:25:41.482698,2025-11-13 12:25:42.248964,0 days 00:00:00.766266,63.524755210253886,10.496978301446823,1.0474873332622021,Ag,COMPLETE
36,-25.81521739129862,2025-11-13 12:25:41.547723,2025-11-13 12:25:42.248964,0 days 00:00:00.701241,58.281764403182855,6.81813309179894,1.997129180945695,Ag,COMPLETE
37,-26.515151515145487,2025-11-13 12:25:41.563445,2025-11-13 12:25:42.169288,0 days 00:00:00.605843,59.26202106996297,7.236592760913195,1.5974968416147677,Ag,COMPLETE
38,-8.917589175891129,2025-11-13 12:25:41.778215,2025-11-13 12:25:42.446242,0 days 00:00:00.668027,60.21420359848342,10.56398602156951,1.0145599953580575,Cu,COMPLETE
39,-12.51584283903581,2025-11-13 12:25:42.329023,2025-11-13 12:25:42.767667,0 days 00:00:00.438644,42.89301306403337,11.302459444328932,0.7360138340169469,Cu,COMPLETE
40,-3.984063745019602,2025-11-13 12:25:42.344638,2025-11-13 12:25:42.952285,0 days 00:00:00.607647,38.46957281054105,11.608790296244756,0.7429692728247451,Au,COMPLETE
41,2.358490566037558,2025-11-13 12:25:42.344638,2025-11-13 12:25:42.952285,0 days 00:00:00.607647,42.306967000158785,11.65357041062293,0.9369613959959786,Au,COMPLETE
42,-12.254901960783414,2025-11-13 12:25:42.415424,2025-11-13 12:25:42.858613,0 days 00:00:00.443189,40.04844843022342,7.41479730468242,0.7856318605355657,Au,COMPLETE
43,-35.81871345027982,2025-11-13 12:25:42.532034,2025-11-13 12:25:43.303449,0 days 00:00:00.771415,75.60230077132316,4.851276267185592,0.6109781800869742,Ag,COMPLETE
44,-32.051282051272224,2025-11-13 12:25:42.565053,2025-11-13 12:25:43.196306,0 days 00:00:00.631253,77.48766514756952,4.777617739027296,0.9576302776888345,Ag,COMPLETE
45,-7.864792503346103,2025-11-13 12:25:42.597696,2025-11-13 12:25:43.132519,0 days 00:00:00.534823,37.00661919989837,11.551890712305896,0.7263664257398248,Au,COMPLETE
46,-33.46994535518047,2025-11-13 12:25:42.767667,2025-11-13 12:25:43.285352,0 days 00:00:00.517685,77.72222736788942,5.113676444548252,0.6001122206594177,Ag,COMPLETE
47,-14.388489208631016,2025-11-13 12:25:43.166956,2025-11-13 12:25:43.531995,0 days 00:00:00.365039,90.12436227271435,4.687886942555261,0.594041580745136,Ag,COMPLETE
48,-22.940074906361872,2025-11-13 12:25:43.198474,2025-11-13 12:25:43.864311,0 days 00:00:00.665837,86.35965794526466,4.860522409418823,0.5971341454970329,Ag,COMPLETE
49,-28.40909090908219,2025-11-13 12:25:43.245355,2025-11-13 12:25:43.732209,0 days 00:00:00.486854,85.47560990327904,2.3873526128486784,0.5722507645918967,Ag,COMPLETE
50,-27.777777777770062,2025-11-13 12:25:43.303449,2025-11-13 12:25:43.879916,0 days 00:00:00.576467,83.94356132521717,4.496271895353421,0.5649046156824075,Ag,COMPLETE
51,-40.76086956519973,2025-11-13 12:25:43.401514,2025-11-13 12:25:43.995355,0 days 00:00:00.593841,74.62928218429319,2.789557206880767,0.5762239917907681,Ag,COMPLETE
52,-39.85507246375091,2025-11-13 12:25:43.430271,2025-11-13 12:25:43.813762,0 days 00:00:00.383491,75.95554567695609,2.416813258733296,0.5981293069625908,Ag,COMPLETE
53,-11.84433164128474,2025-11-13 12:25:43.570719,2025-11-13 12:25:44.138939,0 days 00:00:00.568220,75.54571570771702,2.8361199224575047,0.41282181600342427,Cu,COMPLETE
54,-41.66666666664841,2025-11-13 12:25:43.631471,2025-11-13 12:25:44.182718,0 days 00:00:00.551247,75.95870427662842,2.7364143665953593,0.3878791499897264,Ag,COMPLETE
55,-42.635658914708635,2025-11-13 12:25:43.780366,2025-11-13 12:25:44.164819,0 days 00:00:00.384453,74.87136181280563,2.5139508686093297,0.34406729286316146,Ag,COMPLETE
56,-44.71544715444965,2025-11-13 12:25:44.113684,2025-11-13 12:25:44.782067,0 days 00:00:00.668383,73.8568083863593,2.672732036788695,0.2445798521544452,Ag,COMPLETE
57,-49.99999999997152,2025-11-13 12:25:44.134724,2025-11-13 12:25:44.526864,0 days 00:00:00.392140,66.83361832802885,0.5214937463025124,0.3176207036294908,Ag,COMPLETE
58,-48.42342342339707,2025-11-13 12:25:44.247631,2025-11-13 12:25:44.511320,0 days 00:00:00.263689,72.38936015598301,1.7787091615987265,0.12572597592899437,Ag,COMPLETE
59,-50.24509803918625,2025-11-13 12:25:44.263175,2025-11-13 12:25:44.748613,0 days 00:00:00.485438,66.92813763641847,0.5491193096542517,0.2622199413362546,Ag,COMPLETE
60,-49.999999999971564,2025-11-13 12:25:44.315926,2025-11-13 12:25:44.894111,0 days 00:00:00.578185,67.56907663034877,0.9358155933597792,0.2459198846872715,Ag,COMPLETE
61,-50.24509803918625,2025-11-13 12:25:44.315926,2025-11-13 12:25:44.798045,0 days 00:00:00.482119,68.25654625462703,0.5819313730950508,0.25509596188725536,Ag,COMPLETE
62,-50.24509803918625,2025-11-13 12:25:44.526864,2025-11-13 12:25:45.143334,0 days 00:00:00.616470,66.64357666267813,0.5767477134228169,0.2458742304574124,Ag,COMPLETE
63,-51.47058823526383,2025-11-13 12:25:44.633849,2025-11-13 12:25:45.152551,0 days 00:00:00.518702,66.47725613733888,0.6672962286695624,0.22948918927379003,Ag,COMPLETE
64,-51.47058823526383,2025-11-13 12:25:44.816068,2025-11-13 12:25:45.121123,0 days 00:00:00.305055,68.43830667621671,0.6150330312700818,0.24055662523725296,Ag,COMPLETE
65,-51.47058823526388,2025-11-13 12:25:44.862879,2025-11-13 12:25:45.449928,0 days 00:00:00.587049,64.85136670103391,0.5646712849553035,0.23842083475822123,Ag,COMPLETE
66,-18.82716049382434,2025-11-13 12:25:45.050229,2025-11-13 12:25:45.449928,0 days 00:00:00.399699,66.17438788872349,1.2154625836382793,0.2279845674539864,Au,COMPLETE
67,-18.82716049382434,2025-11-13 12:25:45.090543,2025-11-13 12:25:45.481982,0 days 00:00:00.391439,67.52558242044,1.2300065974197256,0.23870839774984062,Au,COMPLETE
68,-38.94927536230185,2025-11-13 12:25:45.198513,2025-11-13 12:25:45.632995,0 days 00:00:00.434482,54.135606913684605,1.8168717205096279,0.46634651511254777,Ag,COMPLETE
69,-18.967661691539455,2025-11-13 12:25:45.154612,2025-11-13 12:25:45.824990,0 days 00:00:00.670378,67.68250170773301,1.1600908305937256,0.2026287642249142,Au,COMPLETE
70,-39.81481481479711,2025-11-13 12:25:45.316956,2025-11-13 12:25:45.778200,0 days 00:00:00.461244,52.348613629600386,1.7108125561133638,0.18823216230280104,Ag,COMPLETE
71,-15.25821596243915,2025-11-13 12:25:45.425471,2025-11-13 12:25:45.900343,0 days 00:00:00.474872,63.49928680132776,1.8482725201500387,0.15813645160359457,Cu,COMPLETE
72,-49.99999999997149,2025-11-13 12:25:45.610311,2025-11-13 12:25:46.047900,0 days 00:00:00.437589,63.64867176058097,0.6585487195331166,0.27515259959916166,Ag,COMPLETE
73,-51.47058823526383,2025-11-13 12:25:45.746943,2025-11-13 12:25:46.198007,0 days 00:00:00.451064,70.17585350130858,0.5829714723066178,0.29206223540231563,Ag,COMPLETE
74,-34.72222222220921,2025-11-13 12:25:45.824990,2025-11-13 12:25:46.314407,0 days 00:00:00.489417,81.30863423148892,3.656942204148538,0.2892852957889251,Ag,COMPLETE
75,-50.24509803918625,2025-11-13 12:25:45.947790,2025-11-13 12:25:46.314407,0 days 00:00:00.366617,69.25767135043588,0.5139077550122613,0.28377171067434515,Ag,COMPLETE
76,-30.36723163840784,2025-11-13 12:25:46.165216,2025-11-13 12:25:46.748944,0 days 00:00:00.583728,46.928621777831374,2.0289703927299994,0.5103458532848572,Ag,COMPLETE
77,-26.701877934268587,2025-11-13 12:25:46.237470,2025-11-13 12:25:47.020472,0 days 00:00:00.783002,61.73241763947076,14.741180445049633,0.11953147231799505,Ag,COMPLETE
78,-44.715447154449805,2025-11-13 12:25:46.198007,2025-11-13 12:25:46.799009,0 days 00:00:00.601002,70.48371244530287,3.2619117379169453,0.10042287513997983,Ag,COMPLETE
79,-130.35714285713357,2025-11-13 12:25:46.262737,2025-11-13 12:25:46.782825,0 days 00:00:00.520088,24.13247536137964,17.435903833132212,0.10150819602867242,Ag,COMPLETE
80,-1.1150234741783764,2025-11-13 12:25:46.331155,2025-11-13 12:25:47.312193,0 days 00:00:00.981038,22.17879231218746,3.273920359378985,0.1251919904026903,Ag,COMPLETE
81,-0.8992805755395424,2025-11-13 12:25:46.589176,2025-11-13 12:25:47.633414,0 days 00:00:01.044238,21.867402389795423,18.738441665647947,0.3426739108716452,Ag,COMPLETE
82,-14.79076479076353,2025-11-13 12:25:46.743879,2025-11-13 12:25:47.422325,0 days 00:00:00.678446,33.8524845312881,16.845317724963476,0.43790704972469385,Ag,COMPLETE
83,-0.8928571428571173,2025-11-13 12:25:47.036240,2025-11-13 12:25:47.437801,0 days 00:00:00.401561,20.260152641467826,16.689428918795866,0.36732022377287266,Ag,COMPLETE
84,-1.0806916426512656,2025-11-13 12:25:47.114646,2025-11-13 12:25:47.758273,0 days 00:00:00.643627,22.44756752234036,19.00543151766244,0.3906095097790666,Ag,COMPLETE
85,-9.293680297397081,2025-11-13 12:25:47.151334,2025-11-13 12:25:47.633414,0 days 00:00:00.482080,26.166054820053674,17.398192285405152,0.34026740044999965,Ag,COMPLETE
86,-8.454106280192624,2025-11-13 12:25:47.180075,2025-11-13 12:25:47.813730,0 days 00:00:00.633655,25.273940902608835,16.993980116867192,0.3603830654203416,Ag,COMPLETE
87,-8.290816326529752,2025-11-13 12:25:47.296286,2025-11-13 12:25:48.071678,0 days 00:00:00.775392,25.948355306633946,1.4185946859898628,0.1857007989376595,Ag,COMPLETE
88,-48.611111111084135,2025-11-13 12:25:47.534711,2025-11-13 12:25:48.063664,0 days 00:00:00.528953,61.99238053879692,0.9861486454118003,0.1985707396023487,Ag,COMPLETE
89,-8.01787592008361,2025-11-13 12:25:47.543632,2025-11-13 12:25:48.248363,0 days 00:00:00.704731,26.839565585091364,12.567789107906018,1.2505642829002468,Cu,COMPLETE
90,-13.976793248943373,2025-11-13 12:25:47.711417,2025-11-13 12:25:48.247871,0 days 00:00:00.536454,62.20765949989525,0.9805572006520233,1.246543648615391,Cu,COMPLETE
91,-48.809523809495936,2025-11-13 12:25:47.962378,2025-11-13 12:25:48.828501,0 days 00:00:00.866123,69.13284169225923,0.5192811100892284,0.30506181594515813,Ag,COMPLETE
92,-51.47058823526383,2025-11-13 12:25:48.153273,2025-11-13 12:25:48.686482,0 days 00:00:00.533209,70.34307639725382,0.6027190601071939,0.2904293414667155,Ag,COMPLETE
93,-49.99999999997152,2025-11-13 12:25:48.196415,2025-11-13 12:25:48.686482,0 days 00:00:00.490067,70.38849776288366,0.5564401392894064,0.2921387913928414,Ag,COMPLETE
94,-49.99999999997152,2025-11-13 12:25:48.269320,2025-11-13 12:25:48.781283,0 days 00:00:00.511963,69.62274291231058,0.5520127295262861,0.29353457195700433,Ag,COMPLETE
95,-49.99999999997132,2025-11-13 12:25:48.286286,2025-11-13 12:25:48.781283,0 days 00:00:00.494997,69.77682475067928,0.7465867089498668,0.27978326876088033,Ag,COMPLETE
96,-51.47058823526383,2025-11-13 12:25:48.443595,2025-11-13 12:25:49.003673,0 days 00:00:00.560078,68.80284256922688,0.5665142246254257,0.3116275121758755,Ag,COMPLETE
97,-37.581699346390316,2025-11-13 12:25:48.663342,2025-11-13 12:25:49.167465,0 days 00:00:00.504123,79.98701954636336,4.068736186274227,0.15651485121214131,Ag,COMPLETE
98,-13.40996168582273,2025-11-13 12:25:48.768193,2025-11-13 12:25:49.263860,0 days 00:00:00.495667,80.41066497981609,4.032943667741458,1.5170420671500442,Au,COMPLETE
99,-2.2897585345545046,2025-11-13 12:25:48.932308,2025-11-13 12:25:49.649076,0 days 00:00:00.716768,106.95231245692537,2.1112322995855,0.5097039481049253,Au,COMPLETE
100,-17.668776371305817,2025-11-13 12:25:48.968628,2025-11-13 12:25:49.436491,0 days 00:00:00.467863,72.59870423736575,2.119095563530757,0.5107189486626142,Au,COMPLETE
101,-16.025641025639217,2025-11-13 12:25:49.003673,2025-11-13 12:25:49.503078,0 days 00:00:00.499405,72.95026168373491,1.4649828584065454,1.508811143241515,Au,COMPLETE
102,-17.73648648648411,2025-11-13 12:25:49.097756,2025-11-13 12:25:49.500078,0 days 00:00:00.402322,64.97493852053385,1.5539027684122284,0.5241940657139283,Au,COMPLETE
103,7.026143790849563,2025-11-13 12:25:49.194716,2025-11-13 12:25:49.816816,0 days 00:00:00.622100,107.7809908150134,14.420876641565629,0.43337448476861584,Ag,COMPLETE
104,-1.6304347826086645,2025-11-13 12:25:49.376700,2025-11-13 12:25:49.932661,0 days 00:00:00.555961,101.9210326076822,1.1408247097928896,1.7588603289624978,Ag,COMPLETE
105,-31.249999999992188,2025-11-13 12:25:49.546686,2025-11-13 12:25:50.153776,0 days 00:00:00.607090,65.37687721033488,9.994567474684878,0.2312354159126729,Ag,COMPLETE
106,-26.930894308939838,2025-11-13 12:25:49.750004,2025-11-13 12:25:50.202341,0 days 00:00:00.452337,65.685665221016,16.036577488263553,0.2259103117587088,Ag,COMPLETE
107,-47.29729729727182,2025-11-13 12:25:49.850100,2025-11-13 12:25:50.405461,0 days 00:00:00.555361,65.76352099545876,1.5648728313420897,0.22089257165138082,Ag,COMPLETE
108,-47.29729729727182,2025-11-13 12:25:49.883784,2025-11-13 12:25:50.386733,0 days 00:00:00.502949,60.18992279305409,1.4557232403581852,0.1697494617268639,Ag,COMPLETE
109,-49.76851851849095,2025-11-13 12:25:49.966919,2025-11-13 12:25:50.254243,0 days 00:00:00.287324,65.03593359956409,1.4424493616235172,0.21607341897826066,Ag,COMPLETE
110,-47.29729729727148,2025-11-13 12:25:50.028615,2025-11-13 12:25:50.562250,0 days 00:00:00.533635,59.679790771176094,1.3698956504299904,0.17557001933148741,Ag,COMPLETE
111,-44.871794871771776,2025-11-13 12:25:50.254243,2025-11-13 12:25:50.700858,0 days 00:00:00.446615,55.415454378670965,0.9536548940269076,0.13949683512201527,Ag,COMPLETE
112,-23.373983739831736,2025-11-13 12:25:50.363266,2025-11-13 12:25:50.735881,0 days 00:00:00.372615,82.66252957808283,2.204662393985854,1.8518588689682083,Ag,COMPLETE
113,-49.99999999997132,2025-11-13 12:25:50.515246,2025-11-13 12:25:51.299060,0 days 00:00:00.783814,68.91307570118542,1.0089594387314322,0.26454056406195164,Ag,COMPLETE
114,-34.97023809522566,2025-11-13 12:25:50.515246,2025-11-13 12:25:50.909902,0 days 00:00:00.394656,68.71787715129447,2.183482955164582,1.8225532339814408,Ag,COMPLETE
115,-45.94017094014722,2025-11-13 12:25:50.402390,2025-11-13 12:25:51.113094,0 days 00:00:00.710704,68.4474640451659,2.222255827712134,0.2738320018450682,Ag,COMPLETE
116,-45.94017094014738,2025-11-13 12:25:50.717935,2025-11-13 12:25:51.025526,0 days 00:00:00.307591,78.19955769858504,0.9215301318417211,0.26157701398772915,Ag,COMPLETE
117,-16.025641025637924,2025-11-13 12:25:50.821912,2025-11-13 12:25:51.331506,0 days 00:00:00.509594,34.45090020696795,0.9329085869111375,0.32280652675774557,Ag,COMPLETE
118,-48.61111111108394,2025-11-13 12:25:50.848519,2025-11-13 12:25:51.464508,0 days 00:00:00.615989,72.17874167052585,0.8453920837505888,0.32835469322527,Ag,COMPLETE
119,-43.560606060586124,2025-11-13 12:25:51.018478,2025-11-13 12:25:51.594989,0 days 00:00:00.576511,71.63698408399713,3.209688923430767,0.40204636822545714,Ag,COMPLETE
120,-42.61363636361706,2025-11-13 12:25:51.196826,2025-11-13 12:25:51.804050,0 days 00:00:00.607224,63.20926789922493,3.141976665492085,0.3837176000464402,Ag,COMPLETE
121,-46.171171171146376,2025-11-13 12:25:51.333541,2025-11-13 12:25:51.806150,0 days 00:00:00.472609,58.24074273806273,0.5291529042561949,0.36596727954945063,Ag,COMPLETE
122,-48.8095238094959,2025-11-13 12:25:51.513796,2025-11-13 12:25:52.241502,0 days 00:00:00.727706,63.41872097062078,0.5295857327635576,0.37193623585023633,Ag,COMPLETE
123,-22.206959706957267,2025-11-13 12:25:51.548254,2025-11-13 12:25:52.129953,0 days 00:00:00.581699,62.59331076903963,13.379126813027465,1.9425296754736092,Ag,COMPLETE
124,-45.833333333310414,2025-11-13 12:25:51.730010,2025-11-13 12:25:52.152326,0 days 00:00:00.422316,67.19741426070041,1.8842557514856086,0.4560814541860557,Ag,COMPLETE
125,-10.28806584362012,2025-11-13 12:25:51.850154,2025-11-13 12:25:52.786880,0 days 00:00:00.936726,28.688161114856918,1.6702395220700148,0.2503541578419565,Ag,COMPLETE
126,-10.822510822509418,2025-11-13 12:25:51.978245,2025-11-13 12:25:52.278932,0 days 00:00:00.300687,29.500024342119243,1.8513797488466603,0.1995832376918653,Ag,COMPLETE
127,-48.42342342339707,2025-11-13 12:25:52.081390,2025-11-13 12:25:52.755709,0 days 00:00:00.674319,74.26746198607468,1.1989484506838337,0.255790748101831,Ag,COMPLETE
128,-48.6111111110841,2025-11-13 12:25:52.129953,2025-11-13 12:25:52.818138,0 days 00:00:00.688185,73.68400336376429,1.1519444573445778,0.10330859883751226,Ag,COMPLETE
129,-15.318627450978095,2025-11-13 12:25:52.310143,2025-11-13 12:25:53.179074,0 days 00:00:00.868931,67.00051978783912,0.8497812062804773,0.14473941966475812,Cu,COMPLETE
130,-0.8573388203017691,2025-11-13 12:25:52.349594,2025-11-13 12:25:53.212583,0 days 00:00:00.862989,70.98491479181918,19.66189008947946,0.15052540473617693,Cu,COMPLETE
131,-12.35177865612552,2025-11-13 12:25:52.708840,2025-11-13 12:25:53.228083,0 days 00:00:00.519243,72.09828149500278,8.136617544598568,0.14337617415563972,Cu,COMPLETE
132,-0.664010624169976,2025-11-13 12:25:52.724475,2025-11-13 12:25:53.104742,0 days 00:00:00.380267,67.49121813710059,15.09870971932781,0.8361707574641125,Cu,COMPLETE
133,-13.554216867468199,2025-11-13 12:25:52.833758,2025-11-13 12:25:53.315677,0 days 00:00:00.481919,71.16977686757913,2.519695541017785,0.1537830019451613,Cu,COMPLETE
134,-48.809523809495936,2025-11-13 12:25:53.274963,2025-11-13 12:25:53.807045,0 days 00:00:00.532082,76.54954943905707,0.5112869643473521,0.20560630740982433,Ag,COMPLETE
135,-47.29729729727182,2025-11-13 12:25:53.228083,2025-11-13 12:25:53.807045,0 days 00:00:00.578962,76.34076607513933,0.5404683103242229,0.32340564453095444,Ag,COMPLETE
136,-47.453703703677256,2025-11-13 12:25:53.212583,2025-11-13 12:25:53.774832,0 days 00:00:00.562249,60.724210602323375,0.5007986618353663,0.3107949174270496,Ag,COMPLETE
137,-47.29729729727182,2025-11-13 12:25:53.349100,2025-11-13 12:25:53.807045,0 days 00:00:00.457945,76.80789865357572,0.52265822432468,0.3137638410080708,Ag,COMPLETE
138,-33.48214285713095,2025-11-13 12:25:53.402885,2025-11-13 12:25:54.231691,0 days 00:00:00.828806,77.13696956177864,1.2209124779961926,1.6664907612353497,Ag,COMPLETE
139,-46.0526315789233,2025-11-13 12:25:53.407880,2025-11-13 12:25:53.955152,0 days 00:00:00.547272,75.78857948442898,1.2555234509117803,0.31616746077717356,Ag,COMPLETE
140,-36.6666666666521,2025-11-13 12:25:53.463094,2025-11-13 12:25:54.231691,0 days 00:00:00.768597,66.6753477483512,1.216741663573949,1.7158732150290783,Ag,COMPLETE
141,21.223470661672593,2025-11-13 12:25:53.743443,2025-11-13 12:25:54.297149,0 days 00:00:00.553706,66.28864575878544,18.306115168033575,0.24856213364319343,Ag,COMPLETE
142,-48.423423423397416,2025-11-13 12:25:53.998931,2025-11-13 12:25:54.543453,0 days 00:00:00.544522,69.6880917723443,1.7250719796930443,0.2800049785858804,Ag,COMPLETE
143,-48.42342342339725,2025-11-13 12:25:54.181794,2025-11-13 12:25:54.647421,0 days 00:00:00.465627,69.94074457507102,1.6359930604273678,0.2912923133536415,Ag,COMPLETE
144,-48.61111111108426,2025-11-13 12:25:54.204644,2025-11-13 12:25:54.986805,0 days 00:00:00.782161,69.68076098379031,0.8697839047925655,0.42402295580604177,Ag,COMPLETE
145,-48.423423423397416,2025-11-13 12:25:54.272797,2025-11-13 12:25:54.664123,0 days 00:00:00.391326,69.9098582031614,1.7012645133939421,0.28542951040177705,Ag,COMPLETE
146,-47.14912280699298,2025-11-13 12:25:54.312253,2025-11-13 12:25:54.955547,0 days 00:00:00.643294,64.5456586200352,0.9169405773519712,0.6512290926721953,Ag,COMPLETE
147,-47.14912280699298,2025-11-13 12:25:54.350700,2025-11-13 12:25:54.924298,0 days 00:00:00.573598,69.89501923564728,1.662680987329606,0.28939379869736787,Ag,COMPLETE
148,-48.61111111108426,2025-11-13 12:25:54.423941,2025-11-13 12:25:55.094506,0 days 00:00:00.670565,64.07148368954884,0.8694591830362828,0.41896376699914567,Ag,COMPLETE
149,-49.99999999997132,2025-11-13 12:25:54.681647,2025-11-13 12:25:55.687532,0 days 00:00:01.005885,64.325325917489,0.8673680323970646,0.19989290213742222,Ag,COMPLETE
150,-35.919540229872865,2025-11-13 12:25:54.664123,2025-11-13 12:25:55.198170,0 days 00:00:00.534047,64.26512259814491,6.316524530637393,0.42058346895306603,Ag,COMPLETE
151,-19.402035623406675,2025-11-13 12:25:54.814182,2025-11-13 12:25:55.297666,0 days 00:00:00.483484,73.73705588810387,0.9183183995990318,0.18277196090935663,Au,COMPLETE
152,-19.510582010578915,2025-11-13 12:25:55.138372,2025-11-13 12:25:55.718691,0 days 00:00:00.580319,73.57288184428853,0.5041431557963663,0.18600261205776616,Au,COMPLETE
153,-49.99999999997149,2025-11-13 12:25:55.201156,2025-11-13 12:25:55.994473,0 days 00:00:00.793317,68.0083214931375,0.5613743664166018,0.3569519506781603,Ag,COMPLETE
154,-50.24509803918605,2025-11-13 12:25:55.281610,2025-11-13 12:25:55.815069,0 days 00:00:00.533459,67.79056071393613,0.508400471586911,0.22566657853730293,Ag,COMPLETE
155,-0.5868544600938801,2025-11-13 12:25:55.218775,2025-11-13 12:25:55.849604,0 days 00:00:00.630829,24.29050468266321,1.2888530694892424,0.19536165114249907,Au,COMPLETE
156,-48.6111111110841,2025-11-13 12:25:55.336853,2025-11-13 12:25:56.396251,0 days 00:00:01.059398,67.82299369375873,1.3449080946822805,0.23451675121746163,Ag,COMPLETE
157,-48.61111111108375,2025-11-13 12:25:55.751160,2025-11-13 12:25:56.363938,0 days 00:00:00.612778,67.48182252901081,1.2557170268809459,0.23908006824714273,Ag,COMPLETE
158,-48.423423423397416,2025-11-13 12:25:55.815069,2025-11-13 12:25:56.365001,0 days 00:00:00.549932,66.03298891574318,1.3873522213096372,0.349280812228509,Ag,COMPLETE
159,-31.770833333325353,2025-11-13 12:25:55.865800,2025-11-13 12:25:56.380627,0 days 00:00:00.514827,67.59577806791593,10.007898794941962,0.2357340824810653,Ag,COMPLETE
160,-48.6111111110841,2025-11-13 12:25:55.963143,2025-11-13 12:25:56.459135,0 days 00:00:00.495992,67.28624516961469,1.3434448139104493,0.2430775607216994,Ag,COMPLETE
161,-9.598603839440534,2025-11-13 12:25:56.112194,2025-11-13 12:25:56.659188,0 days 00:00:00.546994,93.0266717541918,2.019454424257898,0.10276647746252941,Ag,COMPLETE
162,-48.809523809495936,2025-11-13 12:25:56.255847,2025-11-13 12:25:56.847050,0 days 00:00:00.591203,71.53839690223359,0.5124330809672738,0.29979957817551045,Ag,COMPLETE
163,-48.611111111084135,2025-11-13 12:25:56.427502,2025-11-13 12:25:57.180146,0 days 00:00:00.752644,61.85261397064314,0.8366582618879697,0.29237489517426574,Ag,COMPLETE
164,-48.809523809495936,2025-11-13 12:25:56.515394,2025-11-13 12:25:56.915247,0 days 00:00:00.399853,70.68578192074293,0.5184703773211933,0.298353074194894,Ag,COMPLETE
165,-48.6111111110841,2025-11-13 12:25:56.565881,2025-11-13 12:25:57.232151,0 days 00:00:00.666270,70.60807723596139,0.8911366486781074,0.33142342046823203,Ag,COMPLETE
166,-48.809523809495936,2025-11-13 12:25:56.572842,2025-11-13 12:25:57.180146,0 days 00:00:00.607304,71.35093296662527,0.7905540210535089,0.3005851615408903,Ag,COMPLETE
167,-48.611111111084135,2025-11-13 12:25:56.690433,2025-11-13 12:25:57.059955,0 days 00:00:00.369522,62.32467009192084,0.8601374390507464,0.2674524191373789,Ag,COMPLETE
168,-28.21180555554965,2025-11-13 12:25:56.862679,2025-11-13 12:25:57.622797,0 days 00:00:00.760118,73.08054855025107,10.862452560728757,0.37317453491618197,Ag,COMPLETE
169,-39.062499999983785,2025-11-13 12:25:57.012978,2025-11-13 12:25:57.638423,0 days 00:00:00.625445,73.79674617011032,1.912874709510595,1.0961040034381537,Ag,COMPLETE
170,-19.40993788819637,2025-11-13 12:25:57.180146,2025-11-13 12:25:57.529049,0 days 00:00:00.348903,47.45026252494516,12.243236674118794,1.4042422793016192,Ag,COMPLETE
171,-48.61111111108426,2025-11-13 12:25:57.248194,2025-11-13 12:25:57.805508,0 days 00:00:00.557314,65.41345201403843,1.1302812048703883,0.22042281083112852,Ag,COMPLETE
172,-45.83333333331025,2025-11-13 12:25:57.270242,2025-11-13 12:25:57.762452,0 days 00:00:00.492210,72.90037688348808,2.1694838196444177,0.36045316929361415,Ag,COMPLETE
173,-47.453703703677256,2025-11-13 12:25:57.466710,2025-11-13 12:25:58.246699,0 days 00:00:00.779989,59.13780779598221,0.5110249881926557,0.22415326311517642,Ag,COMPLETE
174,-31.926406926398702,2025-11-13 12:25:57.544672,2025-11-13 12:25:58.330690,0 days 00:00:00.786018,68.38252853143386,9.462214587405384,0.26245949039756666,Ag,COMPLETE
175,-49.99999999997149,2025-11-13 12:25:57.689621,2025-11-13 12:25:58.012242,0 days 00:00:00.322621,69.30184755246206,1.029786679336003,0.266008409625183,Ag,COMPLETE
176,-53.03030303027077,2025-11-13 12:25:57.847510,2025-11-13 12:25:58.432280,0 days 00:00:00.584770,65.69063843294985,0.5279458817651681,0.1770578088811884,Ag,COMPLETE
177,-32.22222222221352,2025-11-13 12:25:57.884845,2025-11-13 12:25:58.569975,0 days 00:00:00.685130,65.60608701970935,9.429786486708139,0.1739085688548758,Ag,COMPLETE
178,-26.92307692307275,2025-11-13 12:25:57.967986,2025-11-13 12:25:58.616073,0 days 00:00:00.648087,65.44811756330404,13.982213082859246,0.16031922609661944,Ag,COMPLETE
179,-26.67682926828941,2025-11-13 12:25:58.199847,2025-11-13 12:25:58.767913,0 days 00:00:00.568066,65.5957494106397,16.268537763864146,0.16123128701393272,Ag,COMPLETE
180,-27.096114519424148,2025-11-13 12:25:58.330690,2025-11-13 12:25:59.037947,0 days 00:00:00.707257,65.73004055755952,15.920766373414109,0.20317492168358287,Ag,COMPLETE
181,-51.190476190446745,2025-11-13 12:25:58.381036,2025-11-13 12:25:58.919905,0 days 00:00:00.538869,65.82752338069736,1.4347153469806169,0.1421761564824213,Ag,COMPLETE
182,-48.61111111108426,2025-11-13 12:25:58.569975,2025-11-13 12:25:59.065283,0 days 00:00:00.495308,62.25926785965117,1.5762314978088705,0.1246660078188558,Ag,COMPLETE
183,-1.1134552273792424,2025-11-13 12:25:58.528826,2025-11-13 12:25:59.065283,0 days 00:00:00.536457,23.820241313469673,1.456563368613446,0.1247907758338275,Ag,COMPLETE
184,-49.99999999997132,2025-11-13 12:25:58.813850,2025-11-13 12:25:59.350830,0 days 00:00:00.536980,68.88165337827552,1.082553387297219,0.20197618328214734,Ag,COMPLETE
185,-51.47058823526388,2025-11-13 12:25:58.947926,2025-11-13 12:25:59.350830,0 days 00:00:00.402904,68.7322030608685,0.969446851084044,0.19671369743496797,Ag,COMPLETE
186,-40.74074074072269,2025-11-13 12:25:58.949092,2025-11-13 12:25:59.591198,0 days 00:00:00.642106,68.8228505241626,0.982954692070863,1.3073309702717482,Ag,COMPLETE
187,-49.99999999997173,2025-11-13 12:25:59.081477,2025-11-13 12:25:59.464318,0 days 00:00:00.382841,68.50534700763149,0.9889686521595464,0.21535494038402048,Ag,COMPLETE
188,-49.99999999997132,2025-11-13 12:25:59.166865,2025-11-13 12:25:59.622042,0 days 00:00:00.455177,63.854649388247964,0.8896417430633303,0.17081829248248828,Ag,COMPLETE
189,-49.99999999997173,2025-11-13 12:25:59.280927,2025-11-13 12:25:59.813531,0 days 00:00:00.532604,63.02590279177983,1.0451588807132135,0.18133558655452237,Ag,COMPLETE
190,-48.6111111110841,2025-11-13 12:25:59.445489,2025-11-13 12:25:59.826545,0 days 00:00:00.381056,63.887016828521595,1.5484964267337236,0.10657808121156143,Ag,COMPLETE
191,-1.4297385620914798,2025-11-13 12:25:59.512670,2025-11-13 12:26:00.147429,0 days 00:00:00.634759,114.4454453088357,1.1604601660182627,0.2262991354011228,Ag,COMPLETE
192,-49.99999999997149,2025-11-13 12:25:59.684243,2025-11-13 12:26:00.147429,0 days 00:00:00.463186,66.81445984449385,1.0935517682172384,0.22116515239246876,Ag,COMPLETE
193,-47.297297297271975,2025-11-13 12:25:59.767601,2025-11-13 12:26:00.339806,0 days 00:00:00.572205,60.17513062929897,1.160988154163054,0.21033280828792084,Ag,COMPLETE
194,-1.429738562091475,2025-11-13 12:25:59.864451,2025-11-13 12:26:00.371148,0 days 00:00:00.506697,114.2684285941792,1.2306964094256103,0.21565588835466326,Ag,COMPLETE
195,-50.24509803918605,2025-11-13 12:25:59.897676,2025-11-13 12:26:00.230527,0 days 00:00:00.332851,66.85430272172998,0.5083763914841442,0.22022778721499434,Ag,COMPLETE
196,-48.61111111108426,2025-11-13 12:25:59.987988,2025-11-13 12:26:00.599682,0 days 00:00:00.611694,60.735314788861565,0.853846398538987,0.15227011406840785,Ag,COMPLETE
197,-49.99999999997132,2025-11-13 12:26:00.049070,2025-11-13 12:26:00.636180,0 days 00:00:00.587110,60.51082392870325,0.5543909224167279,0.15092248237797085,Ag,COMPLETE
198,-18.39080459769862,2025-11-13 12:26:00.230527,2025-11-13 12:26:00.836120,0 days 00:00:00.605593,68.11035603248835,1.9226676703072427,0.250209013716107,Au,COMPLETE
199,-18.550228310499705,2025-11-13 12:26:00.465032,2025-11-13 12:26:00.854706,0 days 00:00:00.389674,67.96978711263594,1.9369941051297437,0.26119882643932846,Au,COMPLETE
200,-18.356643356640802,2025-11-13 12:26:00.501125,2025-11-13 12:26:01.081882,0 days 00:00:00.580757,68.454830510069,1.762443027076366,0.2601667541634606,Au,COMPLETE
201,-18.678160919537643,2025-11-13 12:26:00.578130,2025-11-13 12:26:01.070175,0 days 00:00:00.492045,68.1923001774122,1.8929586273714534,0.25916606748197757,Au,COMPLETE
202,-0.3097893432465877,2025-11-13 12:26:00.647010,2025-11-13 12:26:01.334600,0 days 00:00:00.687590,71.67100529837685,17.52489561804543,0.18812387727258395,Ag,COMPLETE
203,-0.7342143906020427,2025-11-13 12:26:00.679964,2025-11-13 12:26:01.113765,0 days 00:00:00.433801,67.43982371942157,17.674510302145215,0.2573349775175964,Au,COMPLETE
204,-51.47058823526383,2025-11-13 12:26:01.010048,2025-11-13 12:26:01.514615,0 days 00:00:00.504567,71.34351635203353,0.5200037782331302,0.1854031632520573,Ag,COMPLETE
205,-49.99999999997149,2025-11-13 12:26:01.162143,2025-11-13 12:26:01.503401,0 days 00:00:00.341258,71.49747908069479,0.7701564204957532,0.17989419652569386,Ag,COMPLETE
206,-50.24509803918605,2025-11-13 12:26:01.163921,2025-11-13 12:26:01.644478,0 days 00:00:00.480557,63.74303938109226,0.584904688376744,0.17066041147649794,Ag,COMPLETE
207,-51.76767676764536,2025-11-13 12:26:01.210174,2025-11-13 12:26:01.795553,0 days 00:00:00.585379,63.46852999157274,0.5160000294539683,0.12425854330977021,Ag,COMPLETE
208,-49.99999999997152,2025-11-13 12:26:01.413599,2025-11-13 12:26:01.867125,0 days 00:00:00.453526,63.64517091423809,0.5085786789914202,0.33184580550098636,Ag,COMPLETE
209,-49.99999999997149,2025-11-13 12:26:01.444872,2025-11-13 12:26:01.930904,0 days 00:00:00.486032,64.06041742954733,0.8245781438819215,0.14069003648321154,Ag,COMPLETE
210,-50.245098039186,2025-11-13 12:26:01.515137,2025-11-13 12:26:01.985291,0 days 00:00:00.470154,63.360115779221914,0.5849597359713533,0.10683087413370672,Ag,COMPLETE
211,-47.45370370367742,2025-11-13 12:26:01.751219,2025-11-13 12:26:02.181895,0 days 00:00:00.430676,57.00193096603231,0.5274018001740862,0.10003415614399769,Ag,COMPLETE
212,-53.03030303027077,2025-11-13 12:26:01.795553,2025-11-13 12:26:02.414323,0 days 00:00:00.618770,65.7888067208678,0.5712705433923628,0.13341548749875645,Ag,COMPLETE
213,-51.76767676764536,2025-11-13 12:26:01.930904,2025-11-13 12:26:02.414323,0 days 00:00:00.483419,65.96904577993949,0.5143612103042874,0.13043415867789843,Ag,COMPLETE
214,-47.45370370367742,2025-11-13 12:26:01.996965,2025-11-13 12:26:02.669400,0 days 00:00:00.672435,56.8026086597923,0.5260162990391835,0.11607630312275635,Ag,COMPLETE
215,-49.99999999997136,2025-11-13 12:26:02.050227,2025-11-13 12:26:02.533362,0 days 00:00:00.483135,65.83713117880369,1.4109620771767846,0.10212132630969292,Ag,COMPLETE
216,-49.99999999997116,2025-11-13 12:26:02.152042,2025-11-13 12:26:02.682051,0 days 00:00:00.530009,66.46918868805516,1.4021801185775586,0.14157537538134354,Ag,COMPLETE
217,-51.76767676764536,2025-11-13 12:26:02.181895,2025-11-13 12:26:02.915998,0 days 00:00:00.734103,70.67176493396421,0.5349757103058617,0.13846498257300688,Ag,COMPLETE
218,-51.76767676764536,2025-11-13 12:26:02.363516,2025-11-13 12:26:02.915998,0 days 00:00:00.552482,70.09712559832505,0.5335532034113135,0.13632538798013016,Ag,COMPLETE
219,-51.47058823526383,2025-11-13 12:26:02.568848,2025-11-13 12:26:02.884472,0 days 00:00:00.315624,69.77297909291097,0.8833453213371258,0.17652085252094324,Ag,COMPLETE
220,-49.99999999997136,2025-11-13 12:26:02.631495,2025-11-13 12:26:03.299424,0 days 00:00:00.667929,70.61170840746605,0.9910682099466259,0.14494607684716512,Ag,COMPLETE
221,-51.4705882352638,2025-11-13 12:26:02.816716,2025-11-13 12:26:03.145428,0 days 00:00:00.328712,70.99358535460763,0.8595490702698619,0.1416421229651549,Ag,COMPLETE
222,-49.999999999971564,2025-11-13 12:26:02.846455,2025-11-13 12:26:03.408841,0 days 00:00:00.562386,70.54566402970471,1.064448327967584,0.14165869705800857,Ag,COMPLETE
223,-51.47058823526383,2025-11-13 12:26:02.931817,2025-11-13 12:26:03.324862,0 days 00:00:00.393045,70.74048319727105,0.923232220303787,0.13330376910104966,Ag,COMPLETE
224,-48.6111111110841,2025-11-13 12:26:03.086369,2025-11-13 12:26:04.064945,0 days 00:00:00.978576,72.76076246216006,1.4637586889886904,0.16969976459483743,Ag,COMPLETE
225,-35.1562499999891,2025-11-13 12:26:03.035568,2025-11-13 12:26:03.854670,0 days 00:00:00.819102,72.95461766581573,7.8468083124200945,0.14498408034920096,Ag,COMPLETE
226,-49.76851851849078,2025-11-13 12:26:03.279771,2025-11-13 12:26:04.018018,0 days 00:00:00.738247,74.46735581710197,1.3928169837431452,0.16704629732569418,Ag,COMPLETE
227,-48.61111111108375,2025-11-13 12:26:03.330335,2025-11-13 12:26:04.064945,0 days 00:00:00.734610,74.09778800972316,1.3666042100028069,0.14041501243699384,Ag,COMPLETE
228,-48.42342342339725,2025-11-13 12:26:03.509506,2025-11-13 12:26:04.316586,0 days 00:00:00.807080,74.65508013968014,1.4047483885496255,0.17407983790899761,Ag,COMPLETE
229,-50.24509803918621,2025-11-13 12:26:03.627520,2025-11-13 12:26:04.571683,0 days 00:00:00.944163,71.79178668105924,0.8559944079677944,0.10259198286215845,Ag,COMPLETE
230,-51.4705882352638,2025-11-13 12:26:03.964024,2025-11-13 12:26:04.548287,0 days 00:00:00.584263,70.36550110651433,0.8978177284925124,0.10885758922851901,Ag,COMPLETE
231,-50.245098039186,2025-11-13 12:26:03.979645,2025-11-13 12:26:04.455277,0 days 00:00:00.475632,70.44727929612584,0.9136231932682808,0.12176808998137438,Ag,COMPLETE
232,-51.4705882352638,2025-11-13 12:26:04.316586,2025-11-13 12:26:04.862728,0 days 00:00:00.546142,69.998404434677,0.9056017494659526,0.11237193586238178,Ag,COMPLETE
233,-51.47058823526383,2025-11-13 12:26:04.391972,2025-11-13 12:26:04.962077,0 days 00:00:00.570105,69.74744578008776,0.859977555915685,0.19162717332385898,Ag,COMPLETE
234,-51.47058823526383,2025-11-13 12:26:04.107056,2025-11-13 12:26:04.835429,0 days 00:00:00.728373,69.64301279138589,0.9070274648948933,0.17640731121445236,Ag,COMPLETE
235,-51.47058823526383,2025-11-13 12:26:04.471287,2025-11-13 12:26:05.243125,0 days 00:00:00.771838,69.77990946826783,0.9647625648712937,0.1322816617271888,Ag,COMPLETE
236,-51.4705882352638,2025-11-13 12:26:04.572688,2025-11-13 12:26:05.121611,0 days 00:00:00.548923,69.8117090826308,0.9011568890727885,0.10343218051311451,Ag,COMPLETE
237,-51.4705882352638,2025-11-13 12:26:04.773545,2025-11-13 12:26:05.280150,0 days 00:00:00.506605,69.98691132148792,0.8803612378146808,0.10530673616264144,Ag,COMPLETE
238,-40.816326530595404,2025-11-13 12:26:04.824320,2025-11-13 12:26:05.331490,0 days 00:00:00.507170,69.86941342027873,5.452765939703525,0.10029453052758579,Ag,COMPLETE
239,-53.03030303027077,2025-11-13 12:26:04.920625,2025-11-13 12:26:05.463960,0 days 00:00:00.543335,70.18685666177561,0.9554832640457829,0.1029600136659464,Ag,COMPLETE
240,-49.99999999997149,2025-11-13 12:26:05.193349,2025-11-13 12:26:05.940939,0 days 00:00:00.747590,72.70801528716692,1.164709438345166,0.18752751989669236,Ag,COMPLETE
241,-28.005464480865214,2025-11-13 12:26:05.353965,2025-11-13 12:26:05.715242,0 days 00:00:00.361277,43.53338273914066,1.138399500580901,0.18325731289034825,Ag,COMPLETE
242,-51.4705882352638,2025-11-13 12:26:05.397320,2025-11-13 12:26:06.570222,0 days 00:00:01.172902,72.4787456435131,0.8558863486872954,0.14360787205208592,Ag,COMPLETE
243,-51.190476190446915,2025-11-13 12:26:05.437471,2025-11-13 12:26:05.734187,0 days 00:00:00.296716,71.646537860907,1.1991772542836896,0.18590542686752673,Ag,COMPLETE
244,-49.99999999997149,2025-11-13 12:26:05.463960,2025-11-13 12:26:05.940939,0 days 00:00:00.476979,72.2182792723525,1.1694356136314905,0.18842732656757655,Ag,COMPLETE
245,-51.4705882352638,2025-11-13 12:26:05.463960,2025-11-13 12:26:06.004794,0 days 00:00:00.540834,71.73573837870471,0.8475542277102495,0.13751564007713166,Ag,COMPLETE
246,-48.61111111108426,2025-11-13 12:26:05.546322,2025-11-13 12:26:05.894061,0 days 00:00:00.347739,72.641661856253,1.1561968046328652,0.18430103864855374,Ag,COMPLETE
247,-53.03030303027095,2025-11-13 12:26:05.795859,2025-11-13 12:26:06.311226,0 days 00:00:00.515367,69.52080064952158,0.8128702770551057,0.14764026210128084,Ag,COMPLETE
248,-50.24509803918621,2025-11-13 12:26:06.049218,2025-11-13 12:26:06.507376,0 days 00:00:00.458158,69.65535134168614,0.786011419890678,0.13905959260576084,Ag,COMPLETE
249,-48.8095238094959,2025-11-13 12:26:06.099233,2025-11-13 12:26:06.601490,0 days 00:00:00.502257,74.80293314523416,0.8034695120977989,0.14124812969425013,Ag,COMPLETE
250,-2.813260340632558,2025-11-13 12:26:06.116922,2025-11-13 12:26:06.621659,0 days 00:00:00.504737,96.03814250553685,12.794461735647838,0.13904248260407803,Ag,COMPLETE
251,-42.65873015870962,2025-11-13 12:26:06.132581,2025-11-13 12:26:06.637562,0 days 00:00:00.504981,75.00601280770826,0.5210666636438651,0.9027782259157207,Ag,COMPLETE
252,-48.8095238094959,2025-11-13 12:26:06.199297,2025-11-13 12:26:06.966549,0 days 00:00:00.767252,75.38553081878803,0.7774207976054226,0.14887063097759984,Ag,COMPLETE
253,-49.99999999997132,2025-11-13 12:26:06.264008,2025-11-13 12:26:06.585866,0 days 00:00:00.321858,75.3397554902868,0.7627456982569247,0.15181026264099232,Ag,COMPLETE
254,-9.447674418603528,2025-11-13 12:26:06.637562,2025-11-13 12:26:07.153764,0 days 00:00:00.516202,27.88222336412549,1.6564821656359676,0.20225674566326507,Ag,COMPLETE
255,-47.29729729727148,2025-11-13 12:26:06.732100,2025-11-13 12:26:07.028686,0 days 00:00:00.296586,68.62557608222754,1.6659353074333052,0.1993895914833489,Ag,COMPLETE
256,-48.61111111108426,2025-11-13 12:26:06.837066,2025-11-13 12:26:07.138131,0 days 00:00:00.301065,69.2250696076747,1.5150822565816695,0.2005977782619236,Ag,COMPLETE
257,-50.24509803918605,2025-11-13 12:26:06.850993,2025-11-13 12:26:07.416565,0 days 00:00:00.565572,69.12316934073192,0.5258055752775884,0.21017302158765835,Ag,COMPLETE
258,-15.236318407957919,2025-11-13 12:26:06.864068,2025-11-13 12:26:07.422582,0 days 00:00:00.558514,67.66413127860916,0.5108168661674897,0.16239344789757343,Cu,COMPLETE
259,-15.90330788803834,2025-11-13 12:26:06.967549,2025-11-13 12:26:07.635130,0 days 00:00:00.667581,66.84115946703513,0.5029638013842456,0.10076503776355511,Cu,COMPLETE
260,-0.8573388203017691,2025-11-13 12:26:07.106892,2025-11-13 12:26:07.476701,0 days 00:00:00.369809,67.0301803462946,19.072347442867606,0.16459489312205167,Cu,COMPLETE
261,-1.1134552273792424,2025-11-13 12:26:07.314072,2025-11-13 12:26:07.804694,0 days 00:00:00.490622,22.33461116333142,1.2281851477713428,0.11121901813845024,Ag,COMPLETE
262,-49.99999999997149,2025-11-13 12:26:07.392222,2025-11-13 12:26:07.831042,0 days 00:00:00.438820,70.29995146416029,1.2030617024487702,0.12276245630905236,Ag,COMPLETE
263,-1.1134552273792508,2025-11-13 12:26:07.445674,2025-11-13 12:26:08.013439,0 days 00:00:00.567765,21.108946857046938,1.1191001572952581,0.13574760284947315,Ag,COMPLETE
264,-53.03030303027077,2025-11-13 12:26:07.562132,2025-11-13 12:26:08.050914,0 days 00:00:00.488782,71.11354616444524,0.5019526517243608,0.18089383425823352,Ag,COMPLETE
265,-18.726591760295435,2025-11-13 12:26:07.730521,2025-11-13 12:26:08.299230,0 days 00:00:00.568709,36.23257432482493,0.5345534136234198,0.22815513471794574,Ag,COMPLETE
266,-16.249999999998344,2025-11-13 12:26:07.806772,2025-11-13 12:26:08.175058,0 days 00:00:00.368286,38.458000076468764,15.584498305438654,0.17194840861226807,Ag,COMPLETE
267,-40.74074074072244,2025-11-13 12:26:07.947920,2025-11-13 12:26:08.481974,0 days 00:00:00.534054,65.55882523722804,0.5070321346101091,1.5814028642815474,Ag,COMPLETE
268,-14.508928571426008,2025-11-13 12:26:07.973631,2025-11-13 12:26:08.480973,0 days 00:00:00.507342,32.8688941910424,0.5158281114738784,0.23200470461128722,Ag,COMPLETE
269,-50.24509803918605,2025-11-13 12:26:08.015563,2025-11-13 12:26:08.600035,0 days 00:00:00.584472,65.68081626324245,0.517829939598164,0.22847038284632187,Ag,COMPLETE
270,-48.423423423397416,2025-11-13 12:26:08.397663,2025-11-13 12:26:08.912385,0 days 00:00:00.514722,71.37573101443681,1.5907860628238508,0.17667591716100414,Ag,COMPLETE
271,-48.42342342339707,2025-11-13 12:26:08.495970,2025-11-13 12:26:09.076942,0 days 00:00:00.580972,71.40298627141775,1.674409651846109,0.1790651299755502,Ag,COMPLETE
272,-49.76851851849098,2025-11-13 12:26:08.536122,2025-11-13 12:26:08.955846,0 days 00:00:00.419724,71.56269584830842,1.6461258971746542,0.18081238715744194,Ag,COMPLETE
273,-44.79166666664434,2025-11-13 12:26:08.565091,2025-11-13 12:26:09.076942,0 days 00:00:00.511851,78.97026021843953,1.554102020046337,0.1763764067579157,Ag,COMPLETE
274,-48.423423423397416,2025-11-13 12:26:08.606034,2025-11-13 12:26:09.152524,0 days 00:00:00.546490,70.71038239292596,1.6036036386064358,0.17214028850413854,Ag,COMPLETE
275,-49.99999999997132,2025-11-13 12:26:08.665468,2025-11-13 12:26:09.527728,0 days 00:00:00.862260,69.13645694926888,1.053260887287089,0.207322987752922,Ag,COMPLETE
276,-49.99999999997132,2025-11-13 12:26:08.784281,2025-11-13 12:26:09.584011,0 days 00:00:00.799730,69.05588971562713,1.0758158119831742,0.20401629610110872,Ag,COMPLETE
277,-23.6872146118689,2025-11-13 12:26:08.963651,2025-11-13 12:26:09.613631,0 days 00:00:00.649980,52.143758682315074,14.367636951079717,0.21241130291053284,Ag,COMPLETE
278,-0.7153075822603596,2025-11-13 12:26:09.504909,2025-11-13 12:26:09.940889,0 days 00:00:00.435980,73.78665615143201,19.93338479695784,0.13701653713689102,Au,COMPLETE
279,-19.551282051279042,2025-11-13 12:26:09.535000,2025-11-13 12:26:09.939434,0 days 00:00:00.404434,73.42656987122949,0.9536749722625206,0.14600424470140652,Au,COMPLETE
280,-47.00854700852281,2025-11-13 12:26:09.547811,2025-11-13 12:26:10.332280,0 days 00:00:00.784469,67.64260519229984,2.3918773745784256,0.2488678719080949,Ag,COMPLETE
281,-19.37984496123722,2025-11-13 12:26:09.630287,2025-11-13 12:26:10.084333,0 days 00:00:00.454046,67.36402613205948,0.9400189869833918,0.14072915463401253,Au,COMPLETE
282,-26.960784313717557,2025-11-13 12:26:09.698418,2025-11-13 12:26:10.335021,0 days 00:00:00.636603,87.4483300347247,2.3347127602796602,0.25184578865150703,Ag,COMPLETE
283,-23.550724637678265,2025-11-13 12:26:09.800897,2025-11-13 12:26:10.584131,0 days 00:00:00.783234,67.08496660692525,13.499377004013658,1.1341132364087825,Ag,COMPLETE
284,-49.99999999997149,2025-11-13 12:26:09.946701,2025-11-13 12:26:10.956760,0 days 00:00:01.010059,64.83301904520225,1.287615835532403,0.10733739719272681,Ag,COMPLETE
285,-8.515815085157524,2025-11-13 12:26:10.084333,2025-11-13 12:26:10.807795,0 days 00:00:00.723462,25.363015454744108,17.0508165134631,0.23362231191891805,Ag,COMPLETE
286,-49.99999999997152,2025-11-13 12:26:10.300739,2025-11-13 12:26:10.965773,0 days 00:00:00.665034,68.97263441759829,1.230851458831486,0.2158208700887717,Ag,COMPLETE
287,-49.99999999997132,2025-11-13 12:26:10.416769,2025-11-13 12:26:11.232140,0 days 00:00:00.815371,65.04701006951998,1.2075183603055732,0.10159645994513487,Ag,COMPLETE
288,-49.99999999997149,2025-11-13 12:26:10.547467,2025-11-13 12:26:11.093208,0 days 00:00:00.545741,64.95012889259269,1.2402707560245938,0.10338798275572718,Ag,COMPLETE
289,-48.61111111108426,2025-11-13 12:26:10.714012,2025-11-13 12:26:11.397424,0 days 00:00:00.683412,76.82877886404694,0.8493602974419008,0.1529753878096484,Ag,COMPLETE
290,-51.4705882352638,2025-11-13 12:26:10.729641,2025-11-13 12:26:11.464872,0 days 00:00:00.735231,72.59569749178374,0.839154242815678,0.1534673081019442,Ag,COMPLETE
291,-47.297297297271975,2025-11-13 12:26:11.030702,2025-11-13 12:26:11.679543,0 days 00:00:00.648841,77.55908601353272,0.8460755015727793,0.16462851569444573,Ag,COMPLETE
292,-12.596899224804279,2025-11-13 12:26:11.125650,2025-11-13 12:26:11.583265,0 days 00:00:00.457615,31.097682940347845,0.8281670907995574,0.15503918947570366,Ag,COMPLETE
293,-48.245614035062324,2025-11-13 12:26:11.275777,2025-11-13 12:26:12.181477,0 days 00:00:00.905700,70.72087028648993,1.9080094619839603,0.2837056528511323,Ag,COMPLETE
294,-29.255319148930052,2025-11-13 12:26:11.277803,2025-11-13 12:26:11.805690,0 days 00:00:00.527887,69.98647828023665,11.136858516609996,0.272140939463183,Ag,COMPLETE
295,-49.99999999997152,2025-11-13 12:26:11.414250,2025-11-13 12:26:12.181477,0 days 00:00:00.767227,70.91412010958517,0.7918289950563421,0.2845027171238758,Ag,COMPLETE
296,18.717447916666377,2025-11-13 12:26:11.481188,2025-11-13 12:26:11.947418,0 days 00:00:00.466230,70.68419282454792,18.264193400831918,1.5025486199530125,Ag,COMPLETE
297,-42.635658914708635,2025-11-13 12:26:11.583265,2025-11-13 12:26:12.180145,0 days 00:00:00.596880,71.56807834795943,1.9209617382423136,0.7887198565576061,Ag,COMPLETE
298,-35.947712418286486,2025-11-13 12:26:11.774446,2025-11-13 12:26:12.112196,0 days 00:00:00.337750,71.19865539183185,0.511501287357656,1.9743744242024697,Ag,COMPLETE
299,-49.76851851849078,2025-11-13 12:26:11.864988,2025-11-13 12:26:12.400700,0 days 00:00:00.535712,68.34496095797067,1.3787848875191688,0.19539978989416842,Ag,COMPLETE
300,-48.61111111108375,2025-11-13 12:26:11.888952,2025-11-13 12:26:12.400700,0 days 00:00:00.511748,67.61441380247813,1.2927682181863331,0.20109620641966505,Ag,COMPLETE
301,-48.611111111084135,2025-11-13 12:26:12.096662,2025-11-13 12:26:13.033429,0 days 00:00:00.936767,62.1879606512599,0.9031362717492131,0.23327332145405222,Ag,COMPLETE
302,-53.03030303027077,2025-11-13 12:26:12.127903,2025-11-13 12:26:12.614832,0 days 00:00:00.486929,68.32546016314956,0.5059521096488815,0.19680634111169334,Ag,COMPLETE
303,-49.99999999997152,2025-11-13 12:26:12.217601,2025-11-13 12:26:13.033429,0 days 00:00:00.815828,73.67780251680354,0.8411104266137894,0.22410762075863727,Ag,COMPLETE
304,-42.658730158709766,2025-11-13 12:26:12.505807,2025-11-13 12:26:13.080218,0 days 00:00:00.574411,66.25495782041274,0.5262928199404553,1.2211372340021354,Ag,COMPLETE
305,-42.658730158709766,2025-11-13 12:26:12.532001,2025-11-13 12:26:13.048965,0 days 00:00:00.516964,66.03206130625512,0.5583908137432945,1.209230727713996,Ag,COMPLETE
306,-46.05263157892345,2025-11-13 12:26:12.709965,2025-11-13 12:26:13.336944,0 days 00:00:00.626979,66.55162616700262,0.5289045990290514,0.6905180920443773,Ag,COMPLETE
307,-53.03030303027082,2025-11-13 12:26:12.700969,2025-11-13 12:26:13.548221,0 days 00:00:00.847252,68.35763094710704,0.5313155170279462,0.23925262013903217,Ag,COMPLETE
308,-49.99999999997136,2025-11-13 12:26:12.797973,2025-11-13 12:26:13.215002,0 days 00:00:00.417029,62.31236786728292,0.5464269345153273,0.23875183049264187,Ag,COMPLETE
309,-42.65873015870962,2025-11-13 12:26:12.907752,2025-11-13 12:26:13.126821,0 days 00:00:00.219069,66.21586953588887,0.5001359073173848,1.217010854619978,Ag,COMPLETE
310,-48.61111111108375,2025-11-13 12:26:13.313544,2025-11-13 12:26:13.882272,0 days 00:00:00.568728,68.61556389155314,1.1662826395170471,0.31782446175070733,Ag,COMPLETE
311,-23.60139860139535,2025-11-13 12:26:13.349090,2025-11-13 12:26:13.998833,0 days 00:00:00.649743,68.3920008531317,12.199515863851593,1.3003128460545983,Ag,COMPLETE
312,-26.442307692304272,2025-11-13 12:26:13.429663,2025-11-13 12:26:13.882272,0 days 00:00:00.452609,63.87675456925819,15.07405490605691,0.3206357508279206,Ag,COMPLETE
313,-48.61111111108375,2025-11-13 12:26:13.476906,2025-11-13 12:26:14.182130,0 days 00:00:00.705224,68.65104305357912,1.1812298852970313,0.31099554121822715,Ag,COMPLETE
314,-49.76851851849059,2025-11-13 12:26:13.569358,2025-11-13 12:26:14.307845,0 days 00:00:00.738487,68.17960422211601,1.1648664730986735,0.2950787134809647,Ag,COMPLETE
315,-36.76470588233841,2025-11-13 12:26:13.636272,2025-11-13 12:26:14.300844,0 days 00:00:00.664572,68.47365961703896,1.3400834748521575,1.715098210935916,Ag,COMPLETE
316,-15.25054466230738,2025-11-13 12:26:13.799212,2025-11-13 12:26:14.747207,0 days 00:00:00.947995,50.32828621100745,0.8444816124172183,0.19250082961345344,Au,COMPLETE
317,-19.11027568922022,2025-11-13 12:26:13.803563,2025-11-13 12:26:14.511636,0 days 00:00:00.708073,73.32966081327847,0.9182882361557153,0.26665786404754394,Au,COMPLETE
318,-17.20430107526662,2025-11-13 12:26:14.213946,2025-11-13 12:26:14.769225,0 days 00:00:00.555279,73.4438840826175,0.853102748490015,1.0252561495215926,Au,COMPLETE
319,-10.953608247421576,2025-11-13 12:26:14.281823,2025-11-13 12:26:14.766318,0 days 00:00:00.484495,40.871000027709414,0.8932921686493793,0.25799061988198047,Au,COMPLETE
320,-38.580246913565965,2025-11-13 12:26:14.349110,2025-11-13 12:26:15.323559,0 days 00:00:00.974449,64.31252054867676,6.201161482029458,0.18839235521729011,Ag,COMPLETE
321,-53.03030303027077,2025-11-13 12:26:14.365282,2025-11-13 12:26:15.065790,0 days 00:00:00.700508,65.24657094314428,0.5060595159568153,0.19025565867874092,Ag,COMPLETE
322,-53.03030303027077,2025-11-13 12:26:14.634145,2025-11-13 12:26:15.477336,0 days 00:00:00.843191,64.26357163053132,0.5053638399555169,0.19156851152028287,Ag,COMPLETE
323,-5.225080385851765,2025-11-13 12:26:14.747207,2025-11-13 12:26:15.587168,0 days 00:00:00.839961,24.031435472891303,1.558750117375781,0.24103179124893825,Cu,COMPLETE
324,-48.42342342339725,2025-11-13 12:26:15.020357,2025-11-13 12:26:15.682117,0 days 00:00:00.661760,63.86304826056266,1.5874105263713045,0.21763217082081204,Ag,COMPLETE
325,-15.950520833330817,2025-11-13 12:26:15.098827,2025-11-13 12:26:15.763138,0 days 00:00:00.664311,60.78482083965602,0.5280433881932337,0.2162953091500115,Cu,COMPLETE
326,-48.42342342339725,2025-11-13 12:26:15.214718,2025-11-13 12:26:15.778755,0 days 00:00:00.564037,63.16058487515148,1.7113729842980139,0.23540459301479216,Ag,COMPLETE
327,-47.29729729727182,2025-11-13 12:26:15.346298,2025-11-13 12:26:16.261061,0 days 00:00:00.914763,62.44341444637276,1.5626928427577278,0.23214889001897465,Ag,COMPLETE
328,-15.950520833330817,2025-11-13 12:26:15.445023,2025-11-13 12:26:16.229418,0 days 00:00:00.784395,59.790178460524054,0.5559650954027834,0.22766047972830455,Cu,COMPLETE
329,-1.384386817936226,2025-11-13 12:26:15.698226,2025-11-13 12:26:16.324254,0 days 00:00:00.626028,119.88966423469869,0.5630662248571352,0.13851802866615354,Ag,COMPLETE
330,-43.69918699184859,2025-11-13 12:26:15.778755,2025-11-13 12:26:16.339897,0 days 00:00:00.561142,62.0256233189714,0.5285746259213399,0.9720190817874169,Ag,COMPLETE
331,-50.245098039186,2025-11-13 12:26:15.897674,2025-11-13 12:26:16.402677,0 days 00:00:00.505003,65.08069599147022,0.5042487087157232,0.14893424963426571,Ag,COMPLETE
332,-37.49999999998504,2025-11-13 12:26:16.013600,2025-11-13 12:26:16.681223,0 days 00:00:00.667623,65.47070325250793,1.1530570520920667,1.8015271874051717,Ag,COMPLETE
333,-51.470588235264046,2025-11-13 12:26:16.292764,2025-11-13 12:26:16.610881,0 days 00:00:00.318117,65.73646063592832,1.17632459708802,0.10361434495632073,Ag,COMPLETE
334,-2.6584867075663965,2025-11-13 12:26:16.371428,2025-11-13 12:26:16.819251,0 days 00:00:00.447823,98.06618070508667,6.917916982965354,0.16477734022835477,Ag,COMPLETE
335,-2.445447705041329,2025-11-13 12:26:16.550669,2025-11-13 12:26:17.082290,0 days 00:00:00.531621,99.12250319382272,6.893575843445968,0.17192409642474804,Ag,COMPLETE
336,-51.470588235264046,2025-11-13 12:26:16.562673,2025-11-13 12:26:17.113412,0 days 00:00:00.550739,66.54224943362877,1.1743899224011511,0.10566845931496373,Ag,COMPLETE
337,-49.99999999997132,2025-11-13 12:26:16.627980,2025-11-13 12:26:17.012953,0 days 00:00:00.384973,66.23642137283011,1.2312226981788248,0.17606414434315232,Ag,COMPLETE
338,-49.99999999997149,2025-11-13 12:26:16.734477,2025-11-13 12:26:17.365538,0 days 00:00:00.631061,66.1263651432127,1.2224749979472564,0.10924526130764009,Ag,COMPLETE
339,-47.149122806992466,2025-11-13 12:26:16.971590,2025-11-13 12:26:17.416626,0 days 00:00:00.445036,64.34769721858174,2.078081530752939,0.11216978363976007,Ag,COMPLETE
340,-49.99999999997136,2025-11-13 12:26:16.928597,2025-11-13 12:26:17.781948,0 days 00:00:00.853351,63.434612528845825,1.0147098374957786,0.1313603227234244,Ag,COMPLETE
341,-48.61111111108426,2025-11-13 12:26:17.179595,2025-11-13 12:26:17.730982,0 days 00:00:00.551387,58.443035002330944,0.9125058525059244,0.10203436842785502,Ag,COMPLETE
342,-48.8095238094959,2025-11-13 12:26:17.320236,2025-11-13 12:26:17.980868,0 days 00:00:00.660632,59.08643767882914,0.5001486322454,0.13234149019992664,Ag,COMPLETE
343,-33.58208955222883,2025-11-13 12:26:17.381428,2025-11-13 12:26:17.914865,0 days 00:00:00.533437,61.727933415942786,8.441808091406596,0.1059430172597967,Ag,COMPLETE
344,-53.03030303027095,2025-11-13 12:26:17.421578,2025-11-13 12:26:18.141072,0 days 00:00:00.719494,62.09849726570202,0.523768828701626,0.10128176692204373,Ag,COMPLETE
345,-22.534013605437583,2025-11-13 12:26:17.480965,2025-11-13 12:26:18.214059,0 days 00:00:00.733094,46.00607067884216,8.463591458164073,0.27837997799202485,Ag,COMPLETE
346,-50.245098039186,2025-11-13 12:26:17.531539,2025-11-13 12:26:18.137542,0 days 00:00:00.606003,62.01635120188359,0.5106723905292134,0.1275801626115845,Ag,COMPLETE
347,-48.423423423397416,2025-11-13 12:26:17.950799,2025-11-13 12:26:18.347403,0 days 00:00:00.396604,66.63154176086506,1.468219904858926,0.28491275663627064,Ag,COMPLETE
348,-42.68292682924754,2025-11-13 12:26:18.030720,2025-11-13 12:26:18.564020,0 days 00:00:00.533300,54.04736343964534,1.3323831138535949,0.10533807875831,Ag,COMPLETE
349,-48.61111111108375,2025-11-13 12:26:18.078762,2025-11-13 12:26:18.525848,0 days 00:00:00.447086,64.3416663435152,1.419243628893809,0.10329022659172238,Ag,COMPLETE
350,-48.6111111110841,2025-11-13 12:26:18.183423,2025-11-13 12:26:18.681619,0 days 00:00:00.498196,63.863945510669836,1.312691623494853,0.14964456648151658,Ag,COMPLETE
351,21.85534591194936,2025-11-13 12:26:18.260935,2025-11-13 12:26:18.963108,0 days 00:00:00.702173,64.83174687468369,18.806342113536196,0.1562498142634391,Ag,COMPLETE
352,-9.502923976607054,2025-11-13 12:26:18.416328,2025-11-13 12:26:18.947436,0 days 00:00:00.531108,27.506054328877767,0.9422076848359897,0.1561645234546258,Ag,COMPLETE
353,-22.69900497512099,2025-11-13 12:26:18.463348,2025-11-13 12:26:18.898049,0 days 00:00:00.434701,64.7057481089303,10.503984706137341,1.8940965007345811,Ag,COMPLETE
354,-51.47058823526383,2025-11-13 12:26:18.681619,2025-11-13 12:26:19.280662,0 days 00:00:00.599043,67.38128842871228,0.9056872244144132,0.17031333570744528,Ag,COMPLETE
355,-28.877887788773236,2025-11-13 12:26:18.845431,2025-11-13 12:26:19.329199,0 days 00:00:00.483768,66.96855470961428,11.714719088165664,0.3483148832319941,Ag,COMPLETE
356,-24.36647173488997,2025-11-13 12:26:18.869885,2025-11-13 12:26:19.212908,0 days 00:00:00.343023,67.00993896177751,16.445408792510097,0.20013073014933777,Ag,COMPLETE
357,-44.79166666664434,2025-11-13 12:26:18.918817,2025-11-13 12:26:19.650856,0 days 00:00:00.732039,60.35419371036913,2.003061440720354,0.34117390342267806,Ag,COMPLETE
358,-44.71544715444966,2025-11-13 12:26:19.183244,2025-11-13 12:26:19.542284,0 days 00:00:00.359040,60.53209719438087,2.791692521666626,0.10113959614944494,Ag,COMPLETE
359,-48.80952380949574,2025-11-13 12:26:19.193242,2025-11-13 12:26:19.936764,0 days 00:00:00.743522,61.03534181289287,0.5158330633960697,0.20376115458715427,Ag,COMPLETE
360,-49.99999999997136,2025-11-13 12:26:19.369552,2025-11-13 12:26:20.030211,0 days 00:00:00.660659,62.46874901602767,0.5053163455519534,0.26140940804900464,Ag,COMPLETE
361,-53.03030303027077,2025-11-13 12:26:19.345375,2025-11-13 12:26:19.694569,0 days 00:00:00.349194,65.47034946293007,0.504097110106565,0.19904972471452945,Ag,COMPLETE
362,-50.24509803918605,2025-11-13 12:26:19.414730,2025-11-13 12:26:20.030211,0 days 00:00:00.615481,62.61426442743592,0.5038149262253394,0.20827426872472474,Ag,COMPLETE
363,-0.8741258741258496,2025-11-13 12:26:19.517346,2025-11-13 12:26:20.220532,0 days 00:00:00.703186,20.19883680493445,0.9254726735416879,0.20297523518247707,Ag,COMPLETE
364,-49.99999999997132,2025-11-13 12:26:19.710220,2025-11-13 12:26:20.336121,0 days 00:00:00.625901,62.54697775765076,0.8625475050523256,0.19776892200051463,Ag,COMPLETE
365,-48.809523809495936,2025-11-13 12:26:19.694569,2025-11-13 12:26:20.781430,0 days 00:00:01.086861,65.13024134125999,0.9906478439437512,0.14470991501733454,Ag,COMPLETE
366,-42.658730158709915,2025-11-13 12:26:19.862968,2025-11-13 12:26:20.261929,0 days 00:00:00.398961,62.889776960727296,0.9326287321291922,1.0668692167471083,Ag,COMPLETE
367,-51.47058823526388,2025-11-13 12:26:19.986241,2025-11-13 12:26:20.861836,0 days 00:00:00.875595,65.13194847234047,1.0489361449756975,0.144443888303374,Ag,COMPLETE
368,-16.37764932562432,2025-11-13 12:26:20.382180,2025-11-13 12:26:21.265141,0 days 00:00:00.882961,66.88819417667936,1.343050204275627,1.4252989701216001,Au,COMPLETE
369,-18.856447688561687,2025-11-13 12:26:20.364909,2025-11-13 12:26:21.137884,0 days 00:00:00.772975,67.48679809186842,1.5425921206548543,0.140905317443225,Au,COMPLETE
370,-18.74999999999738,2025-11-13 12:26:20.646481,2025-11-13 12:26:21.348162,0 days 00:00:00.701681,66.43188305080763,1.793313583817645,0.13945730602719905,Au,COMPLETE
371,-0.6858710562414153,2025-11-13 12:26:20.699074,2025-11-13 12:26:21.185908,0 days 00:00:00.486834,65.8217223260958,13.02953454032626,0.13711211184767974,Au,COMPLETE
372,-49.76851851849095,2025-11-13 12:26:20.728383,2025-11-13 12:26:21.314441,0 days 00:00:00.586058,65.36497407228163,1.8758403636811374,0.13886939064124976,Ag,COMPLETE
373,-47.29729729727182,2025-11-13 12:26:20.814534,2025-11-13 12:26:21.532527,0 days 00:00:00.717993,64.84201131838321,1.8876135542564598,0.10005525741457666,Ag,COMPLETE
374,-49.99999999997132,2025-11-13 12:26:21.213232,2025-11-13 12:26:21.815238,0 days 00:00:00.602006,64.27347688470738,1.1966253981099304,0.10004203274911888,Ag,COMPLETE
375,0.46641791044775427,2025-11-13 12:26:21.303625,2025-11-13 12:26:21.769585,0 days 00:00:00.465960,68.02215143318145,17.963076216194622,0.16847519389160495,Ag,COMPLETE
376,-49.99999999997132,2025-11-13 12:26:21.397327,2025-11-13 12:26:22.342803,0 days 00:00:00.945476,68.8119254109079,1.113192184331549,0.17511546027849573,Ag,COMPLETE
377,-49.99999999997149,2025-11-13 12:26:21.491168,2025-11-13 12:26:21.910162,0 days 00:00:00.418994,68.31013227372519,1.2109546954405586,0.17230413382350357,Ag,COMPLETE
378,-1.1134552273792508,2025-11-13 12:26:21.580995,2025-11-13 12:26:22.913763,0 days 00:00:01.332768,22.562812068266147,0.862071881732411,0.17495798842827487,Ag,COMPLETE
379,-26.081424936382817,2025-11-13 12:26:21.647318,2025-11-13 12:26:22.358404,0 days 00:00:00.711086,57.97696854638366,13.910472362297103,0.1800818285592063,Ag,COMPLETE
380,-1.1134552273792424,2025-11-13 12:26:21.735016,2025-11-13 12:26:22.483343,0 days 00:00:00.748327,23.312559891365602,0.8875908162644998,0.1811554606252989,Ag,COMPLETE
381,-1.4571190674437724,2025-11-13 12:26:21.878922,2025-11-13 12:26:22.585401,0 days 00:00:00.706479,107.45514555687609,0.8760638381846557,0.1837626346507909,Ag,COMPLETE
382,-47.29729729727182,2025-11-13 12:26:22.049559,2025-11-13 12:26:22.564922,0 days 00:00:00.515363,58.80115497798238,0.8715154183051965,0.179449878149026,Ag,COMPLETE
383,-8.333333333332481,2025-11-13 12:26:22.077493,2025-11-13 12:26:22.665470,0 days 00:00:00.587977,26.088770586369964,0.9347581513081941,0.18215701710241325,Ag,COMPLETE
384,-1.1134552273792424,2025-11-13 12:26:22.066408,2025-11-13 12:26:22.782208,0 days 00:00:00.715800,22.895192352124006,0.8734745788923439,0.10018147229855891,Ag,COMPLETE
385,-50.24509803918605,2025-11-13 12:26:22.564922,2025-11-13 12:26:23.245987,0 days 00:00:00.681065,63.669786170236215,0.5160008546701437,0.24084322111391038,Ag,COMPLETE
386,-48.423423423397416,2025-11-13 12:26:22.734760,2025-11-13 12:26:23.432141,0 days 00:00:00.697381,63.96720566842298,1.5191892404422855,0.2365060543634436,Ag,COMPLETE
387,-41.66666666664881,2025-11-13 12:26:22.798144,2025-11-13 12:26:23.251418,0 days 00:00:00.453274,63.9456006876447,4.105378667399144,0.25513570710655464,Ag,COMPLETE
388,-50.24509803918605,2025-11-13 12:26:22.847183,2025-11-13 12:26:23.513993,0 days 00:00:00.666810,63.537301173712976,0.5051149339507662,0.2406604359191293,Ag,COMPLETE
389,-15.258215962439264,2025-11-13 12:26:22.913763,2025-11-13 12:26:23.581506,0 days 00:00:00.667743,66.2599221459428,1.5292994724901399,0.14381094114094042,Cu,COMPLETE
390,-14.921171171169185,2025-11-13 12:26:22.938014,2025-11-13 12:26:23.668819,0 days 00:00:00.730805,61.132361504335826,1.4737636087249357,0.6347043350053236,Cu,COMPLETE
391,-15.25821596243915,2025-11-13 12:26:23.168081,2025-11-13 12:26:23.698774,0 days 00:00:00.530693,66.35894111074312,1.585916096871836,0.13631610958446055,Cu,COMPLETE
392,-36.20218579233785,2025-11-13 12:26:23.483115,2025-11-13 12:26:23.931681,0 days 00:00:00.448566,68.97573422507794,7.601312798038601,0.13100470668544895,Ag,COMPLETE
393,-38.26530612243335,2025-11-13 12:26:23.513993,2025-11-13 12:26:24.253909,0 days 00:00:00.739916,69.15116112105503,1.1523380105725214,1.6187424128067638,Ag,COMPLETE
394,-48.24561403506214,2025-11-13 12:26:23.632187,2025-11-13 12:26:24.158409,0 days 00:00:00.526222,68.62928748131452,2.3764790713757176,0.10040023235530364,Ag,COMPLETE
395,-18.44941956882071,2025-11-13 12:26:23.675821,2025-11-13 12:26:24.346125,0 days 00:00:00.670304,68.64661758770558,14.55236558972743,1.6509935623840457,Ag,COMPLETE
396,-48.42342342339725,2025-11-13 12:26:23.731398,2025-11-13 12:26:24.299729,0 days 00:00:00.568331,69.30097268954057,2.1455319922462444,0.1323192425648922,Ag,COMPLETE
397,-47.149122806992644,2025-11-13 12:26:23.775289,2025-11-13 12:26:24.480173,0 days 00:00:00.704884,67.69282863339065,2.1566925408184074,0.10023357406006318,Ag,COMPLETE
398,-26.54109589040733,2025-11-13 12:26:23.931681,2025-11-13 12:26:24.659742,0 days 00:00:00.728061,66.12412430838401,14.654419944806605,0.21399311241832364,Ag,COMPLETE
399,-48.6111111110841,2025-11-13 12:26:24.307707,2025-11-13 12:26:24.690993,0 days 00:00:00.383286,65.79544647381418,1.1966059029106406,0.21299447623795775,Ag,COMPLETE
400,-18.09523809523602,2025-11-13 12:26:24.397879,2025-11-13 12:26:25.279174,0 days 00:00:00.881295,61.95992037063053,17.1599918539726,0.1562909876168629,Ag,COMPLETE
401,-24.224806201547572,2025-11-13 12:26:24.484205,2025-11-13 12:26:24.897180,0 days 00:00:00.412975,62.01455778779233,15.52591355111176,0.857093188237203,Ag,COMPLETE
402,-50.245098039186,2025-11-13 12:26:24.548010,2025-11-13 12:26:25.041982,0 days 00:00:00.493972,60.879540022610705,0.5103615006545889,0.15266243803752844,Ag,COMPLETE
403,-51.4705882352638,2025-11-13 12:26:24.628492,2025-11-13 12:26:25.202770,0 days 00:00:00.574278,72.29516485835246,0.8619346973830626,0.14726211600475733,Ag,COMPLETE
404,-51.76767676764536,2025-11-13 12:26:24.706636,2025-11-13 12:26:25.465287,0 days 00:00:00.758651,71.68632307785492,0.5277298906061099,0.15396167697141103,Ag,COMPLETE
405,-48.8095238094959,2025-11-13 12:26:24.765381,2025-11-13 12:26:25.223466,0 days 00:00:00.458085,61.33516815675427,0.527255371213218,0.15975309898956747,Ag,COMPLETE
406,-39.81481481479712,2025-11-13 12:26:24.897180,2025-11-13 12:26:25.565535,0 days 00:00:00.668355,64.86179072872045,1.1385640010311395,1.366052343977963,Ag,COMPLETE
407,-40.71969696967839,2025-11-13 12:26:25.088857,2025-11-13 12:26:25.769352,0 days 00:00:00.680495,82.08404705515109,1.2551214766191263,0.21758338969966767,Ag,COMPLETE
408,-48.809523809495936,2025-11-13 12:26:25.313990,2025-11-13 12:26:26.378411,0 days 00:00:01.064421,75.21455114255424,0.5003239629609885,0.21224198562940308,Ag,COMPLETE
409,-1.4367816091953787,2025-11-13 12:26:25.384617,2025-11-13 12:26:26.221089,0 days 00:00:00.836472,111.86690670986742,1.1972039945858133,0.20319755425432467,Ag,COMPLETE
410,-51.47058823526383,2025-11-13 12:26:25.495469,2025-11-13 12:26:26.512638,0 days 00:00:01.017169,71.92539045851093,0.8248244062598298,0.10032701971342162,Ag,COMPLETE
411,-48.42342342339707,2025-11-13 12:26:25.511145,2025-11-13 12:26:26.205468,0 days 00:00:00.694323,75.05140760807338,1.268116950827695,0.21292848441019332,Ag,COMPLETE
412,-51.4705882352638,2025-11-13 12:26:25.630947,2025-11-13 12:26:26.733806,0 days 00:00:01.102859,72.43900006474642,0.8674179886388598,0.13347023341432063,Ag,COMPLETE
413,-51.47058823526401,2025-11-13 12:26:25.929219,2025-11-13 12:26:26.481005,0 days 00:00:00.551786,71.0836537527633,0.822982796500196,0.13276287178937302,Ag,COMPLETE
414,-49.99999999997149,2025-11-13 12:26:26.268425,2025-11-13 12:26:26.763160,0 days 00:00:00.494735,72.83448203728794,0.8255204832908328,0.13376238683575106,Ag,COMPLETE
415,-49.76851851849095,2025-11-13 12:26:26.425377,2025-11-13 12:26:27.100066,0 days 00:00:00.674689,67.04486449895916,1.6888797002226796,0.1014299982757351,Ag,COMPLETE
416,-24.211711711705078,2025-11-13 12:26:26.612749,2025-11-13 12:26:27.133949,0 days 00:00:00.521200,88.94200062682363,1.6609144630585404,0.13479798874434584,Ag,COMPLETE
417,-49.76851851849078,2025-11-13 12:26:26.657860,2025-11-13 12:26:27.006946,0 days 00:00:00.349086,70.44128427386316,1.7704677386925791,0.1318824320540945,Ag,COMPLETE
418,-10.065543071159942,2025-11-13 12:26:26.685985,2025-11-13 12:26:27.100066,0 days 00:00:00.414081,92.80909009184174,1.5280832865323248,0.10034243061122454,Ag,COMPLETE
419,-32.657657657648684,2025-11-13 12:26:26.780437,2025-11-13 12:26:27.274120,0 days 00:00:00.493683,70.56801880103777,9.51059654376678,0.12988119989386138,Ag,COMPLETE
420,-19.37984496123722,2025-11-13 12:26:26.896518,2025-11-13 12:26:27.527041,0 days 00:00:00.630523,70.4949062593256,0.8525445738637476,0.1738294295460552,Au,COMPLETE
421,-19.205729166663687,2025-11-13 12:26:27.215176,2025-11-13 12:26:27.593756,0 days 00:00:00.378580,67.17927697050487,0.8452219772182546,0.17071319718439387,Au,COMPLETE
422,-19.333333333330202,2025-11-13 12:26:27.247773,2025-11-13 12:26:28.022163,0 days 00:00:00.774390,66.94287635380441,0.5217194615863978,0.17085287342320568,Au,COMPLETE
423,-50.245098039186,2025-11-13 12:26:27.367307,2025-11-13 12:26:27.860001,0 days 00:00:00.492694,64.99688082066214,0.5076940546247032,0.17077980373659798,Ag,COMPLETE
424,-51.76767676764536,2025-11-13 12:26:27.433932,2025-11-13 12:26:27.922420,0 days 00:00:00.488488,65.0607441023629,0.507827540399209,0.17500482708215054,Ag,COMPLETE
425,-11.65501165501002,2025-11-13 12:26:27.527041,2025-11-13 12:26:28.457359,0 days 00:00:00.930318,30.07757938720445,1.2352751590236268,0.1530725303718669,Ag,COMPLETE
426,-49.99999999997149,2025-11-13 12:26:27.593756,2025-11-13 12:26:28.129884,0 days 00:00:00.536128,67.2074435300866,1.1970025409583147,0.15861663030132916,Ag,COMPLETE
427,-39.814814814796996,2025-11-13 12:26:27.747216,2025-11-13 12:26:28.249877,0 days 00:00:00.502661,63.16707605017275,0.5073996877569295,1.5520540644537397,Ag,COMPLETE
428,-51.76767676764536,2025-11-13 12:26:27.860001,2025-11-13 12:26:28.580584,0 days 00:00:00.720583,63.836993288706275,0.5004036760792636,0.13610670055383914,Ag,COMPLETE
429,-29.109589041087872,2025-11-13 12:26:28.017165,2025-11-13 12:26:28.647711,0 days 00:00:00.630546,56.7942527041435,5.2098581515730205,1.5507350057586589,Ag,COMPLETE
430,-42.68292682924754,2025-11-13 12:26:28.145398,2025-11-13 12:26:28.695732,0 days 00:00:00.550334,55.728189981240625,1.3128753708885097,0.13149819728133635,Ag,COMPLETE
431,-41.666666666646194,2025-11-13 12:26:28.224272,2025-11-13 12:26:28.972532,0 days 00:00:00.748260,54.547341648026496,1.1673231511588207,0.1299915152501327,Ag,COMPLETE
432,-47.297297297271975,2025-11-13 12:26:28.345172,2025-11-13 12:26:29.034147,0 days 00:00:00.688975,59.35200185816794,0.8378819337261106,0.1319146311414604,Ag,COMPLETE
433,-43.74999999997812,2025-11-13 12:26:28.409861,2025-11-13 12:26:29.095448,0 days 00:00:00.685587,54.861048929974885,0.8522444856276454,0.19630693955356532,Ag,COMPLETE
434,-1.530328324986062,2025-11-13 12:26:28.472876,2025-11-13 12:26:29.330486,0 days 00:00:00.857610,104.55948937509507,0.8717722433154849,1.463522470450156,Ag,COMPLETE
435,-51.47058823526383,2025-11-13 12:26:28.644376,2025-11-13 12:26:29.663732,0 days 00:00:01.019356,63.50736091085108,0.5016451975657624,0.19795529778035872,Ag,COMPLETE
436,-41.66666666664696,2025-11-13 12:26:28.954270,2025-11-13 12:26:29.704601,0 days 00:00:00.750331,76.57529370719563,0.530891648404434,0.7508827884083422,Ag,COMPLETE
437,-53.03030303027077,2025-11-13 12:26:29.038187,2025-11-13 12:26:29.612603,0 days 00:00:00.574416,64.74084615378229,0.5015571959795084,0.19651869791590257,Ag,COMPLETE
438,-18.518518518514433,2025-11-13 12:26:29.145308,2025-11-13 12:26:29.827478,0 days 00:00:00.682170,35.87161433975348,0.5133729694098467,0.19661146452724104,Ag,COMPLETE
439,-51.47058823526383,2025-11-13 12:26:29.201785,2025-11-13 12:26:30.033247,0 days 00:00:00.831462,63.214294975190896,0.8142565825023179,0.10169032100063546,Ag,COMPLETE
440,23.200757575757226,2025-11-13 12:26:29.296720,2025-11-13 12:26:30.081248,0 days 00:00:00.784528,61.052965899975845,19.32082942353097,0.10461258233227022,Ag,COMPLETE
441,-48.8095238094959,2025-11-13 12:26:29.551196,2025-11-13 12:26:30.208936,0 days 00:00:00.657740,59.9784823705382,0.5312733849344836,0.10573704676734325,Ag,COMPLETE
442,-51.47058823526401,2025-11-13 12:26:29.663732,2025-11-13 12:26:30.177379,0 days 00:00:00.513647,62.04414954999817,0.5224398174492905,0.10016449950099734,Ag,COMPLETE
443,-48.8095238094959,2025-11-13 12:26:29.884537,2025-11-13 12:26:30.360704,0 days 00:00:00.476167,59.79621978741801,0.5054980061326448,0.16416711868416334,Ag,COMPLETE
444,-50.245098039186,2025-11-13 12:26:30.011295,2025-11-13 12:26:30.453746,0 days 00:00:00.442451,62.16677179644914,0.5056358611378854,0.14917626920090396,Ag,COMPLETE
445,-47.29729729727182,2025-11-13 12:26:30.130502,2025-11-13 12:26:30.782835,0 days 00:00:00.652333,58.68715528069588,1.121828317817231,0.15559434590980586,Ag,COMPLETE
446,-46.05263157892295,2025-11-13 12:26:30.238448,2025-11-13 12:26:30.881301,0 days 00:00:00.642853,58.513641571675045,1.268344892663575,0.1370708734202375,Ag,COMPLETE
447,-30.172413793096386,2025-11-13 12:26:30.301706,2025-11-13 12:26:30.778777,0 days 00:00:00.477071,61.89916456360518,10.941777966683375,0.10002752998501983,Ag,COMPLETE
448,-49.99999999997173,2025-11-13 12:26:30.329395,2025-11-13 12:26:30.782835,0 days 00:00:00.453440,64.80354198084238,1.142065241727314,0.10126351362990765,Ag,COMPLETE
449,-49.99999999997132,2025-11-13 12:26:30.481091,2025-11-13 12:26:31.069937,0 days 00:00:00.588846,64.82587517229503,1.117082327520274,0.15862938420807304,Ag,COMPLETE
450,-51.47058823526383,2025-11-13 12:26:30.696962,2025-11-13 12:26:31.347698,0 days 00:00:00.650736,65.09284124841182,0.9052759416205214,0.18068067024886797,Ag,COMPLETE
451,-48.6111111110841,2025-11-13 12:26:30.815993,2025-11-13 12:26:31.314599,0 days 00:00:00.498606,74.26939100196871,0.8604845799559475,0.1836303328532134,Ag,COMPLETE
452,-7.8382838283820675,2025-11-13 12:26:30.827908,2025-11-13 12:26:31.204626,0 days 00:00:00.376718,25.22587349965305,0.8813649905679081,0.1755275965779337,Ag,COMPLETE
453,-34.45512820511499,2025-11-13 12:26:30.963084,2025-11-13 12:26:31.892699,0 days 00:00:00.929615,84.19746529252201,0.8297075195454676,0.5483377887252558,Ag,COMPLETE
454,-15.046296296294207,2025-11-13 12:26:31.161703,2025-11-13 12:26:32.249574,0 days 00:00:01.087871,67.63508266087193,1.4769651850404715,0.13729716235905337,Cu,COMPLETE
455,-18.849206349203353,2025-11-13 12:26:31.266381,2025-11-13 12:26:31.986769,0 days 00:00:00.720388,63.078528531389814,0.5016446836267023,0.1405320056974504,Au,COMPLETE
456,-14.840182648399779,2025-11-13 12:26:31.314599,2025-11-13 12:26:32.080483,0 days 00:00:00.765884,68.12599615174096,1.5790920253390641,0.1303284552813761,Cu,COMPLETE
457,-14.94252873563021,2025-11-13 12:26:31.459809,2025-11-13 12:26:32.485984,0 days 00:00:01.026175,67.88002749378124,1.435547258365642,0.21540653985758818,Cu,COMPLETE
458,-14.94252873563013,2025-11-13 12:26:31.507326,2025-11-13 12:26:32.397826,0 days 00:00:00.890500,67.57670822788485,1.5671705454257499,0.13450200332929238,Cu,COMPLETE
459,-26.589912280698233,2025-11-13 12:26:31.892699,2025-11-13 12:26:32.397826,0 days 00:00:00.505127,67.29786316969938,15.123255883739375,0.13682700471628234,Ag,COMPLETE
460,-48.6111111110841,2025-11-13 12:26:31.955582,2025-11-13 12:26:32.531149,0 days 00:00:00.575567,70.27670469716107,1.36822205439366,0.22311354588467383,Ag,COMPLETE
461,-49.99999999997136,2025-11-13 12:26:32.266298,2025-11-13 12:26:32.988155,0 days 00:00:00.721857,72.53952385918059,0.9425637068915675,0.18158748465272986,Ag,COMPLETE
462,-51.47058823526383,2025-11-13 12:26:32.397826,2025-11-13 12:26:32.863095,0 days 00:00:00.465269,71.99111375826182,0.8665765300944892,0.18901399259070747,Ag,COMPLETE
463,18.80674448767805,2025-11-13 12:26:32.454549,2025-11-13 12:26:32.878687,0 days 00:00:00.424138,78.89246246660014,18.472698068450008,0.1970104003148602,Ag,COMPLETE
464,-29.003267973850587,2025-11-13 12:26:32.547434,2025-11-13 12:26:33.119753,0 days 00:00:00.572319,63.590933603252246,12.3246856770866,0.10240647613762133,Ag,COMPLETE
465,-50.245098039186,2025-11-13 12:26:32.618160,2025-11-13 12:26:33.197837,0 days 00:00:00.579677,63.43784835262681,0.855929250930818,0.16546225191721164,Ag,COMPLETE
466,-21.351575456050966,2025-11-13 12:26:32.698770,2025-11-13 12:26:33.276283,0 days 00:00:00.577513,78.22779372345208,15.854804595583094,0.10095952801697178,Ag,COMPLETE
467,-51.76767676764536,2025-11-13 12:26:32.751752,2025-11-13 12:26:33.403963,0 days 00:00:00.652211,64.65095020661471,0.5079537725791099,0.10059630162748837,Ag,COMPLETE
468,-33.65384615383321,2025-11-13 12:26:32.799593,2025-11-13 12:26:33.447062,0 days 00:00:00.647469,49.33536254197543,0.5147349692062767,0.9186233177646248,Ag,COMPLETE
469,-47.149122806992644,2025-11-13 12:26:33.148438,2025-11-13 12:26:33.547579,0 days 00:00:00.399141,65.76143503424254,2.011924992272417,0.24196839851880036,Ag,COMPLETE
470,-16.66666666666466,2025-11-13 12:26:33.316458,2025-11-13 12:26:33.804650,0 days 00:00:00.488192,65.86535792366361,1.1727470023604005,1.280006444547153,Au,COMPLETE
471,-18.518518518515943,2025-11-13 12:26:33.347276,2025-11-13 12:26:34.114693,0 days 00:00:00.767417,69.80476232992919,1.9019450325084233,0.21385941657354707,Au,COMPLETE
472,-18.99509803921285,2025-11-13 12:26:33.430598,2025-11-13 12:26:34.024506,0 days 00:00:00.593908,65.68176938861168,1.2276866003076066,0.2565347793875476,Au,COMPLETE
473,-16.566265060238916,2025-11-13 12:26:33.447062,2025-11-13 12:26:33.962053,0 days 00:00:00.514991,69.98853635171928,1.1192396784588006,1.2832579745984274,Au,COMPLETE
474,-51.47058823526388,2025-11-13 12:26:33.669139,2025-11-13 12:26:34.135643,0 days 00:00:00.466504,69.8228031576091,0.9078655324721938,0.24439617145880926,Ag,COMPLETE
475,-49.99999999997152,2025-11-13 12:26:33.832639,2025-11-13 12:26:34.504612,0 days 00:00:00.671973,69.513691749889,0.8306595790924542,0.25472219538733953,Ag,COMPLETE
476,-51.76767676764536,2025-11-13 12:26:33.919283,2025-11-13 12:26:34.718038,0 days 00:00:00.798755,69.72701822674352,0.5201990225405826,0.16095758997269277,Ag,COMPLETE
477,-17.52336448597971,2025-11-13 12:26:33.946378,2025-11-13 12:26:35.011377,0 days 00:00:01.064999,72.96237750690257,16.577517101255292,0.1593288658514916,Ag,COMPLETE
478,-49.99999999997149,2025-11-13 12:26:34.114693,2025-11-13 12:26:34.874703,0 days 00:00:00.760010,74.52391587140553,0.8288830950320012,0.1616324941892261,Ag,COMPLETE
479,-50.245098039186,2025-11-13 12:26:34.270302,2025-11-13 12:26:35.064907,0 days 00:00:00.794605,73.64844608573878,0.5006812647541197,0.16328180235337153,Ag,COMPLETE
480,-50.24509803918621,2025-11-13 12:26:34.229679,2025-11-13 12:26:35.118059,0 days 00:00:00.888380,74.02381914983805,0.513014738807348,0.16142653076168778,Ag,COMPLETE
481,-11.9047619047611,2025-11-13 12:26:34.331193,2025-11-13 12:26:35.064907,0 days 00:00:00.733714,74.25588915925267,16.65885484917897,0.15946213232127954,Ag,COMPLETE
482,-26.736111111106627,2025-11-13 12:26:34.513335,2025-11-13 12:26:35.118059,0 days 00:00:00.604724,73.65443392367162,13.056619942227123,0.15849340809201332,Ag,COMPLETE
483,-51.190476190446915,2025-11-13 12:26:35.042638,2025-11-13 12:26:35.380843,0 days 00:00:00.338205,65.40197702948682,1.1969617632526335,0.19215641093464347,Ag,COMPLETE
484,-51.19047619044695,2025-11-13 12:26:35.098200,2025-11-13 12:26:35.606514,0 days 00:00:00.508314,65.3635074490252,1.2521640434586276,0.2140550430671232,Ag,COMPLETE
485,-31.645569620245386,2025-11-13 12:26:35.147350,2025-11-13 12:26:35.778392,0 days 00:00:00.631042,65.12736125250883,9.924475842033694,0.206342808734228,Ag,COMPLETE
486,-31.517094017085917,2025-11-13 12:26:35.222783,2025-11-13 12:26:35.978488,0 days 00:00:00.755705,64.40816787807141,9.982225265998732,0.12950649634687406,Ag,COMPLETE
487,-9.368836291912075,2025-11-13 12:26:35.348812,2025-11-13 12:26:35.945966,0 days 00:00:00.597154,27.42911471534777,0.5137840651491594,0.20719626372497893,Ag,COMPLETE
488,-51.47058823526383,2025-11-13 12:26:35.460940,2025-11-13 12:26:36.129280,0 days 00:00:00.668340,66.25195539759551,0.8759629955263009,0.212107872316307,Ag,COMPLETE
489,-23.760330578508555,2025-11-13 12:26:35.544105,2025-11-13 12:26:36.111600,0 days 00:00:00.567495,67.05828420912691,9.994694508634346,1.7117272818777753,Ag,COMPLETE
490,-18.65671641790773,2025-11-13 12:26:35.544105,2025-11-13 12:26:36.081873,0 days 00:00:00.537768,44.90849547118739,9.981625887704762,1.1393135556256264,Ag,COMPLETE
491,-53.030303030271,2025-11-13 12:26:35.882069,2025-11-13 12:26:36.253739,0 days 00:00:00.371670,67.61609989854514,0.7878549293320661,0.10243780618070406,Ag,COMPLETE
492,-51.4705882352638,2025-11-13 12:26:35.994089,2025-11-13 12:26:36.754390,0 days 00:00:00.760301,68.96580001046038,0.9091153543461549,0.10089352944995275,Ag,COMPLETE
493,-51.76767676764536,2025-11-13 12:26:36.176156,2025-11-13 12:26:36.548693,0 days 00:00:00.372537,68.83041621035721,0.5015224004935304,0.12944334708565558,Ag,COMPLETE
494,-53.03030303027095,2025-11-13 12:26:36.223031,2025-11-13 12:26:36.896034,0 days 00:00:00.673003,68.75918980583263,0.523986698631354,0.10183722885192394,Ag,COMPLETE
495,-26.378896882490196,2025-11-13 12:26:36.273436,2025-11-13 12:26:37.613237,0 days 00:00:01.339801,71.43011166353232,14.202839435662657,0.18226577593029689,Ag,COMPLETE
496,-38.63636363634959,2025-11-13 12:26:36.358626,2025-11-13 12:26:36.996448,0 days 00:00:00.637822,68.82046780314187,6.497366135013991,0.1334904441406466,Ag,COMPLETE
497,-51.76767676764536,2025-11-13 12:26:36.478363,2025-11-13 12:26:37.042997,0 days 00:00:00.564634,69.21065855233218,0.5422456001916403,0.13091445788713096,Ag,COMPLETE
498,-21.786492374724833,2025-11-13 12:26:36.564700,2025-11-13 12:26:37.447803,0 days 00:00:00.883103,69.84837602342472,11.344932869131243,1.9081038424465537,Ag,COMPLETE
499,-51.47058823526388,2025-11-13 12:26:36.644997,2025-11-13 12:26:37.541554,0 days 00:00:00.896557,71.71437543208262,0.5100307427110542,0.25949323619803377,Ag,COMPLETE
500,-51.4705882352638,2025-11-13 12:26:37.095441,2025-11-13 12:26:37.698663,0 days 00:00:00.603222,71.40590370069687,0.833159731733278,0.17917043170963373,Ag,COMPLETE
501,-49.99999999997132,2025-11-13 12:26:37.416553,2025-11-13 12:26:37.954454,0 days 00:00:00.537901,61.375320685647154,0.5043784781071063,0.18100539620882178,Ag,COMPLETE
502,-50.245098039186,2025-11-13 12:26:37.479138,2025-11-13 12:26:38.079816,0 days 00:00:00.600678,61.04446927890346,0.5262137690626043,0.13568910551563443,Ag,COMPLETE
503,-48.6111111110841,2025-11-13 12:26:37.646345,2025-11-13 12:26:38.048438,0 days 00:00:00.402093,61.04025930546621,0.8387495097870346,0.23209669482496398,Ag,COMPLETE
504,-49.99999999997132,2025-11-13 12:26:37.714493,2025-11-13 12:26:38.449045,0 days 00:00:00.734552,67.52877568907643,1.5390923200180786,0.1015125061332601,Ag,COMPLETE
505,-51.190476190446915,2025-11-13 12:26:37.787348,2025-11-13 12:26:38.480349,0 days 00:00:00.693001,67.60965788830549,1.5243886997729388,0.13193647893184815,Ag,COMPLETE
506,-49.99999999997149,2025-11-13 12:26:37.920716,2025-11-13 12:26:38.610899,0 days 00:00:00.690183,67.55658179834698,1.5902787679594121,0.13757554609517272,Ag,COMPLETE
507,-49.76851851849095,2025-11-13 12:26:38.019186,2025-11-13 12:26:38.610899,0 days 00:00:00.591713,67.33491623633664,1.5356307262948705,0.13363006813374928,Ag,COMPLETE
508,-49.99999999997136,2025-11-13 12:26:38.130379,2025-11-13 12:26:38.981504,0 days 00:00:00.851125,63.77501638196397,0.9515847167048959,0.19342407049984894,Ag,COMPLETE
509,-49.99999999997173,2025-11-13 12:26:38.252833,2025-11-13 12:26:38.811787,0 days 00:00:00.558954,63.1853606546907,1.075450586893828,0.15580431268119205,Ag,COMPLETE
510,-49.99999999997136,2025-11-13 12:26:38.315540,2025-11-13 12:26:39.019404,0 days 00:00:00.703864,63.35928688004545,0.9511061891457431,0.1983129260498694,Ag,COMPLETE
511,-49.999999999971564,2025-11-13 12:26:38.514642,2025-11-13 12:26:39.014991,0 days 00:00:00.500349,63.33346661244615,1.0088034497786167,0.19068344399027048,Ag,COMPLETE
512,-51.47058823526388,2025-11-13 12:26:38.843006,2025-11-13 12:26:39.414938,0 days 00:00:00.571932,71.19654482124795,0.5167560195871437,0.24850696853716625,Ag,COMPLETE
513,-47.29729729727182,2025-11-13 12:26:38.921205,2025-11-13 12:26:39.650610,0 days 00:00:00.729405,76.2375503509988,0.8124643485116368,0.253426730152034,Ag,COMPLETE
514,-48.61111111108394,2025-11-13 12:26:38.970506,2025-11-13 12:26:39.597463,0 days 00:00:00.626957,76.53125160677511,0.5153930718443612,0.23973493453363479,Ag,COMPLETE
515,-33.10502283104114,2025-11-13 12:26:39.020492,2025-11-13 12:26:39.771871,0 days 00:00:00.751379,70.99096668419902,9.025540117363278,0.2607951534098156,Ag,COMPLETE
516,-50.24509803918621,2025-11-13 12:26:39.112561,2025-11-13 12:26:39.472375,0 days 00:00:00.359814,70.64709297433714,0.843716752003959,0.10010549273194344,Ag,COMPLETE
517,-46.05263157892295,2025-11-13 12:26:39.329032,2025-11-13 12:26:39.800788,0 days 00:00:00.471756,75.89801216794797,1.2121812528630185,0.23253823941971227,Ag,COMPLETE
518,-7.371794871794331,2025-11-13 12:26:39.465378,2025-11-13 12:26:40.430812,0 days 00:00:00.965434,31.568191959398092,1.3509875655553025,0.16498185702160545,Au,COMPLETE
519,-11.44214162348756,2025-11-13 12:26:39.544443,2025-11-13 12:26:40.080709,0 days 00:00:00.536266,41.793751674592414,1.3025022658730783,0.16528427513422694,Au,COMPLETE
520,-19.647696476961613,2025-11-13 12:26:39.679350,2025-11-13 12:26:40.243833,0 days 00:00:00.564483,66.36473122594168,0.5143831942013269,0.10047264009337349,Au,COMPLETE
521,-43.604651162770274,2025-11-13 12:26:39.774872,2025-11-13 12:26:40.369109,0 days 00:00:00.594237,66.03138886692201,3.5413750799986454,0.1628903489799466,Ag,COMPLETE
522,-51.4705882352638,2025-11-13 12:26:39.839377,2025-11-13 12:26:40.753736,0 days 00:00:00.914359,65.81499285368514,0.8147042344190113,0.16484727505257657,Ag,COMPLETE
523,-24.282560706398538,2025-11-13 12:26:40.120412,2025-11-13 12:26:40.604155,0 days 00:00:00.483743,68.56263120892379,13.59958838777946,0.8030332329681835,Ag,COMPLETE
524,-51.76767676764536,2025-11-13 12:26:40.196956,2025-11-13 12:26:40.749600,0 days 00:00:00.552644,69.07813062925734,0.5145649458762886,0.16233049530460106,Ag,COMPLETE
525,-51.47058823526383,2025-11-13 12:26:40.277974,2025-11-13 12:26:41.100913,0 days 00:00:00.822939,68.97290714507238,0.8775725522187354,0.20367316384112288,Ag,COMPLETE
526,-37.414965986379336,2025-11-13 12:26:40.430812,2025-11-13 12:26:40.937729,0 days 00:00:00.506917,68.8542846133973,0.504181185301156,1.8465157941017538,Ag,COMPLETE
527,-48.61111111108426,2025-11-13 12:26:40.564511,2025-11-13 12:26:41.096367,0 days 00:00:00.531856,72.2627569156754,1.1184702837150335,0.21030284049018733,Ag,COMPLETE
528,-49.99999999997132,2025-11-13 12:26:40.678281,2025-11-13 12:26:41.329928,0 days 00:00:00.651647,72.22222334688759,1.0461237093918334,0.20811096940695803,Ag,COMPLETE
529,-48.423423423397416,2025-11-13 12:26:40.839261,2025-11-13 12:26:41.484879,0 days 00:00:00.645618,64.55849553678408,1.9385451248546177,0.13386222095155642,Ag,COMPLETE
530,-48.42342342339707,2025-11-13 12:26:40.947004,2025-11-13 12:26:41.456456,0 days 00:00:00.509452,64.56456256396358,1.817629331744912,0.10182144711141314,Ag,COMPLETE
531,-51.76767676764536,2025-11-13 12:26:41.178233,2025-11-13 12:26:41.884965,0 days 00:00:00.706732,64.27102583531344,0.5009123685586837,0.13806175474636084,Ag,COMPLETE
532,0.0,2025-11-13 12:26:41.276823,2025-11-13 12:26:41.829080,0 days 00:00:00.552257,110.63663047967555,17.922532729945612,0.13521396091487906,Ag,COMPLETE
533,-13.519503546097837,2025-11-13 12:26:41.378079,2025-11-13 12:26:41.937944,0 days 00:00:00.559865,61.72230937208953,17.421272800541143,0.13499688848554842,Ag,COMPLETE
534,-47.453703703677256,2025-11-13 12:26:41.409483,2025-11-13 12:26:41.946445,0 days 00:00:00.536962,60.149722461473225,0.5085919766053443,0.285999980853247,Ag,COMPLETE
535,-47.45370370367742,2025-11-13 12:26:41.585951,2025-11-13 12:26:42.447951,0 days 00:00:00.862000,59.67372950143046,0.8626579932514639,0.1004034627152543,Ag,COMPLETE
536,-21.624472573834243,2025-11-13 12:26:41.690885,2025-11-13 12:26:42.338246,0 days 00:00:00.647361,38.64522813315088,0.9019620195023017,0.2842014805720968,Ag,COMPLETE
537,-7.665094339621905,2025-11-13 12:26:41.748118,2025-11-13 12:26:42.363513,0 days 00:00:00.615395,24.7257040865169,1.2306334876647733,0.18372723891358414,Ag,COMPLETE
538,-39.85507246375066,2025-11-13 12:26:41.849580,2025-11-13 12:26:42.340617,0 days 00:00:00.491037,66.54184320515452,1.3553205546365326,1.342944770954531,Ag,COMPLETE
539,-37.499999999985164,2025-11-13 12:26:42.020912,2025-11-13 12:26:43.346205,0 days 00:00:01.325293,70.47984201294666,1.1211180385001542,1.7758227583173103,Ag,COMPLETE
540,-13.237847222220827,2025-11-13 12:26:42.254774,2025-11-13 12:26:43.087056,0 days 00:00:00.832282,70.1369925543043,4.709502860183244,0.17991835422593827,Cu,COMPLETE
541,-0.8802816901408202,2025-11-13 12:26:42.176642,2025-11-13 12:26:43.133851,0 days 00:00:00.957209,20.43749582399412,0.9349077450775676,0.17345976103527827,Cu,COMPLETE
542,-51.47058823526383,2025-11-13 12:26:42.326454,2025-11-13 12:26:43.180828,0 days 00:00:00.854374,70.5225342410354,0.8835540062482643,0.17780854522823356,Ag,COMPLETE
543,-0.8802816901408202,2025-11-13 12:26:42.484022,2025-11-13 12:26:43.118324,0 days 00:00:00.634302,20.031012334296236,0.9184390967085991,0.16946191258526352,Cu,COMPLETE
544,-0.8802816901408202,2025-11-13 12:26:42.655387,2025-11-13 12:26:43.424312,0 days 00:00:00.768925,20.250793691159412,0.5021158060637645,0.17927648801491963,Cu,COMPLETE
545,-1.1150234741783764,2025-11-13 12:26:43.040190,2025-11-13 12:26:43.509922,0 days 00:00:00.469732,21.661535900146205,0.8767420422957842,1.0066707219099917,Ag,COMPLETE
546,-48.6111111110841,2025-11-13 12:26:43.071438,2025-11-13 12:26:43.813473,0 days 00:00:00.742035,67.547466379936,1.3830589154904371,0.22685594367960016,Ag,COMPLETE
547,21.07652399481161,2025-11-13 12:26:43.377446,2025-11-13 12:26:43.974249,0 days 00:00:00.596803,67.369133590177,19.566539598539183,0.2237187068348765,Ag,COMPLETE
548,-51.76767676764536,2025-11-13 12:26:43.462947,2025-11-13 12:26:43.891650,0 days 00:00:00.428703,67.13843434063868,0.5004270203137962,0.1341385860117316,Ag,COMPLETE
549,-43.60465116277055,2025-11-13 12:26:43.556699,2025-11-13 12:26:44.505705,0 days 00:00:00.949006,67.32611788433776,2.612286500523976,0.4837536694308896,Ag,COMPLETE
550,-47.14912280699262,2025-11-13 12:26:43.581922,2025-11-13 12:26:44.314555,0 days 00:00:00.732633,62.11984236457629,1.836184758154162,0.21896557193243416,Ag,COMPLETE
551,-42.63565891470892,2025-11-13 12:26:43.689892,2025-11-13 12:26:44.379560,0 days 00:00:00.689668,62.547715606979445,2.5093282940032093,0.4681462992922857,Ag,COMPLETE
552,-47.29729729727148,2025-11-13 12:26:43.764275,2025-11-13 12:26:44.442151,0 days 00:00:00.677876,62.587085089028676,1.639684583586585,0.22165127057086292,Ag,COMPLETE
553,-47.29729729727182,2025-11-13 12:26:43.844774,2025-11-13 12:26:44.379560,0 days 00:00:00.534786,62.757180456428536,1.6867707656377617,0.12994357219910188,Ag,COMPLETE
554,-1.423921887713565,2025-11-13 12:26:44.166975,2025-11-13 12:26:44.765288,0 days 00:00:00.598313,116.98921693417765,1.4571787784005568,0.10123867351679494,Ag,COMPLETE
555,-48.245614035062324,2025-11-13 12:26:44.348534,2025-11-13 12:26:44.830656,0 days 00:00:00.482122,65.02834416624842,2.4411145632415394,0.13161261115018796,Ag,COMPLETE
556,-9.74658869395598,2025-11-13 12:26:44.259784,2025-11-13 12:26:44.830656,0 days 00:00:00.570872,27.711298013430877,1.3012807205843853,0.14113464866757672,Ag,COMPLETE
557,-0.6747638326585585,2025-11-13 12:26:44.618636,2025-11-13 12:26:45.228230,0 days 00:00:00.609594,72.61520093298097,11.86928180619986,0.10262179714297043,Au,COMPLETE
558,-19.37984496123722,2025-11-13 12:26:44.719001,2025-11-13 12:26:45.275111,0 days 00:00:00.556110,72.25981618562705,0.8709478964854753,0.15132451744366818,Au,COMPLETE
559,-19.531249999996948,2025-11-13 12:26:44.799343,2025-11-13 12:26:45.212606,0 days 00:00:00.413263,71.67209873167019,0.8145361931017893,0.15524147258211093,Au,COMPLETE
560,-17.639902676396417,2025-11-13 12:26:44.830656,2025-11-13 12:26:45.736625,0 days 00:00:00.905969,56.85715990279503,0.8318012676710681,0.10133473069079003,Au,COMPLETE
561,-19.66666666666346,2025-11-13 12:26:44.893162,2025-11-13 12:26:45.811062,0 days 00:00:00.917900,72.74713337593995,0.5034897316234825,0.16081957321571008,Au,COMPLETE
562,-49.999999999971564,2025-11-13 12:26:44.969478,2025-11-13 12:26:45.696966,0 days 00:00:00.727488,73.31097917921831,1.1183231841022172,0.10277037832894602,Ag,COMPLETE
563,-53.03030303027077,2025-11-13 12:26:45.003640,2025-11-13 12:26:45.645377,0 days 00:00:00.641737,69.18353529172845,0.5123358702319651,0.20008098170378275,Ag,COMPLETE
564,-53.03030303027077,2025-11-13 12:26:45.182818,2025-11-13 12:26:45.732627,0 days 00:00:00.549809,65.3185008693123,0.5037836433548739,0.19964265285265545,Ag,COMPLETE
565,-48.6111111110841,2025-11-13 12:26:45.452589,2025-11-13 12:26:45.984156,0 days 00:00:00.531567,65.89541194932359,1.1604821140802966,0.2531807626447226,Ag,COMPLETE
566,-16.025641025637945,2025-11-13 12:26:45.645377,2025-11-13 12:26:46.438150,0 days 00:00:00.792773,34.537168131236605,1.2174204967039124,0.24025603863474299,Ag,COMPLETE
567,-49.76851851849078,2025-11-13 12:26:45.795480,2025-11-13 12:26:46.265552,0 days 00:00:00.470072,65.90157125502864,1.2764337302035842,0.2771161582939118,Ag,COMPLETE
568,-48.61111111108375,2025-11-13 12:26:45.922184,2025-11-13 12:26:46.438150,0 days 00:00:00.515966,68.34371439362769,1.2200214693714972,0.2942473550039392,Ag,COMPLETE
569,-49.76851851849078,2025-11-13 12:26:45.923185,2025-11-13 12:26:46.579160,0 days 00:00:00.655975,68.67536636058658,1.2296447578077727,0.29841917203943413,Ag,COMPLETE
570,-25.64102564102262,2025-11-13 12:26:46.086952,2025-11-13 12:26:46.900094,0 days 00:00:00.813142,68.4332884123198,16.109569102400663,0.21548438397460795,Ag,COMPLETE
571,-50.245098039186,2025-11-13 12:26:46.344220,2025-11-13 12:26:46.705610,0 days 00:00:00.361390,68.8005353862192,0.8140474928890565,0.2081169431415229,Ag,COMPLETE
572,-40.71969696967839,2025-11-13 12:26:46.359849,2025-11-13 12:26:46.965177,0 days 00:00:00.605328,64.23541341464028,0.5186121235776514,1.406566173660956,Ag,COMPLETE
573,-48.8095238094959,2025-11-13 12:26:46.438150,2025-11-13 12:26:46.929710,0 days 00:00:00.491560,64.42880419648364,0.8064088413269501,0.20893085478735485,Ag,COMPLETE
574,-30.516431924874166,2025-11-13 12:26:46.534594,2025-11-13 12:26:47.262936,0 days 00:00:00.728342,65.074151427173,5.9504475878198155,1.3976850199070043,Ag,COMPLETE
575,-49.99999999997136,2025-11-13 12:26:46.705610,2025-11-13 12:26:47.397774,0 days 00:00:00.692164,66.76806751923506,0.8734496146652526,0.24532773765242835,Ag,COMPLETE
576,-35.71428571427107,2025-11-13 12:26:46.967096,2025-11-13 12:26:47.767007,0 days 00:00:00.799911,48.69792296318141,0.8502121819569652,0.2580416555653969,Ag,COMPLETE
577,-49.999999999971564,2025-11-13 12:26:47.069125,2025-11-13 12:26:47.429597,0 days 00:00:00.360472,65.63688582431922,0.9172276754662738,0.2667210836982897,Ag,COMPLETE
578,-51.47058823526388,2025-11-13 12:26:46.997315,2025-11-13 12:26:47.680187,0 days 00:00:00.682872,66.65930402250419,0.9140680274852071,0.2444667141455515,Ag,COMPLETE
579,-53.03030303027077,2025-11-13 12:26:47.164559,2025-11-13 12:26:47.931725,0 days 00:00:00.767166,70.46958488083112,0.5022956684243254,0.19279868885364687,Ag,COMPLETE
580,-41.66666666664742,2025-11-13 12:26:47.213876,2025-11-13 12:26:47.843834,0 days 00:00:00.629958,80.4008025962153,1.778268816534024,0.1924563337914616,Ag,COMPLETE
581,-50.24509803918605,2025-11-13 12:26:47.296268,2025-11-13 12:26:48.031835,0 days 00:00:00.735567,70.27229588836815,0.5144090818927338,0.2018198493086509,Ag,COMPLETE
582,-27.02702702702214,2025-11-13 12:26:47.542865,2025-11-13 12:26:48.141782,0 days 00:00:00.598917,58.470022838010564,12.576742668290613,0.19366398527302708,Ag,COMPLETE
583,-39.00709219856502,2025-11-13 12:26:47.633860,2025-11-13 12:26:48.180826,0 days 00:00:00.546966,60.438792240776095,1.7535318631404375,1.1762624550713758,Ag,COMPLETE
584,-27.286135693210404,2025-11-13 12:26:47.796912,2025-11-13 12:26:48.248198,0 days 00:00:00.451286,70.6941768672833,12.733148531181422,0.19452462312605515,Ag,COMPLETE
585,-11.054421768705994,2025-11-13 12:26:47.952443,2025-11-13 12:26:48.831243,0 days 00:00:00.878800,29.315357704140617,0.5083574518191023,0.32186850852903076,Ag,COMPLETE
586,-33.459595959585705,2025-11-13 12:26:48.110460,2025-11-13 12:26:48.999189,0 days 00:00:00.888729,75.92896384355006,7.3085466606211895,0.3185836698338913,Ag,COMPLETE
587,-42.65873015871006,2025-11-13 12:26:48.180826,2025-11-13 12:26:48.913594,0 days 00:00:00.732768,70.35771164565685,1.3908383695746322,0.8695435207087592,Ag,COMPLETE
588,-45.94017094014722,2025-11-13 12:26:48.248198,2025-11-13 12:26:48.929242,0 days 00:00:00.681044,76.0534041995478,1.5039581353033853,0.30075402465503187,Ag,COMPLETE
589,-47.297297297271975,2025-11-13 12:26:48.524364,2025-11-13 12:26:49.237191,0 days 00:00:00.712827,74.73574712661647,1.127655776010307,0.2239158257101866,Ag,COMPLETE
590,-48.809523809495936,2025-11-13 12:26:48.780643,2025-11-13 12:26:49.397375,0 days 00:00:00.616732,74.47564411415455,0.5027954271342968,0.20961859964532573,Ag,COMPLETE
591,-48.611111111084135,2025-11-13 12:26:48.831243,2025-11-13 12:26:49.480401,0 days 00:00:00.649158,73.28624723936296,0.9210145211329928,0.2304806417092214,Ag,COMPLETE
592,-48.809523809495936,2025-11-13 12:26:48.913594,2025-11-13 12:26:49.511668,0 days 00:00:00.598074,74.36434400093528,0.5047955451037671,0.2271201560498979,Ag,COMPLETE
593,-50.24509803918605,2025-11-13 12:26:49.003188,2025-11-13 12:26:49.542921,0 days 00:00:00.539733,73.31257885792472,0.5095260022770699,0.21238781969880807,Ag,COMPLETE
594,-3.583333333333196,2025-11-13 12:26:49.344040,2025-11-13 12:26:50.231726,0 days 00:00:00.887686,94.95666516643648,2.172466619260291,0.1640713585046465,Ag,COMPLETE
595,-47.149122806992644,2025-11-13 12:26:49.397375,2025-11-13 12:26:49.955685,0 days 00:00:00.558310,69.12952022955685,2.0631882519180875,0.17300956935525633,Ag,COMPLETE
596,-49.99999999997132,2025-11-13 12:26:49.496134,2025-11-13 12:26:49.893188,0 days 00:00:00.397054,69.09099261075798,1.1190915655486269,0.16975968897111166,Ag,COMPLETE
597,-45.94017094014737,2025-11-13 12:26:49.564139,2025-11-13 12:26:50.130906,0 days 00:00:00.566767,69.89946376057385,1.223429643794748,0.6684781419756864,Ag,COMPLETE
598,-51.4705882352638,2025-11-13 12:26:49.681956,2025-11-13 12:26:50.130906,0 days 00:00:00.448950,68.72338760860747,1.1719887030618548,0.1731306974365519,Ag,COMPLETE
599,-49.76851851849078,2025-11-13 12:26:49.767910,2025-11-13 12:26:50.397656,0 days 00:00:00.629746,70.9596119608768,1.4463035877919375,0.1480267570625279,Ag,COMPLETE
600,-8.203799654575997,2025-11-13 12:26:49.846305,2025-11-13 12:26:50.397656,0 days 00:00:00.551351,26.185930379992836,1.4266231555285167,0.17175621435733446,Ag,COMPLETE
601,-49.99999999997136,2025-11-13 12:26:49.940058,2025-11-13 12:26:50.664737,0 days 00:00:00.724679,71.42221478465689,0.8344279670939334,0.2715696993836717,Ag,COMPLETE
602,-51.4705882352638,2025-11-13 12:26:50.097288,2025-11-13 12:26:50.609357,0 days 00:00:00.512069,70.97556605219542,0.8457064281910897,0.15184091387391482,Ag,COMPLETE
603,-49.99999999997136,2025-11-13 12:26:50.263423,2025-11-13 12:26:50.946992,0 days 00:00:00.683569,66.92998088326455,0.8903639347846256,0.2507301697333811,Ag,COMPLETE
604,-42.68292682924754,2025-11-13 12:26:50.514102,2025-11-13 12:26:50.962712,0 days 00:00:00.448610,67.47142355186236,0.5009501827527316,1.1048338735555054,Ag,COMPLETE
605,-27.027027027023426,2025-11-13 12:26:50.549565,2025-11-13 12:26:51.219778,0 days 00:00:00.670213,67.23658803360044,14.930860192318804,0.132184228777223,Ag,COMPLETE
606,-18.36917562723621,2025-11-13 12:26:50.582842,2025-11-13 12:26:51.546714,0 days 00:00:00.963872,90.57050743972253,0.8747809249206203,0.1351001360021188,Ag,COMPLETE
607,-51.47058823526383,2025-11-13 12:26:50.702474,2025-11-13 12:26:51.296599,0 days 00:00:00.594125,67.21562921421727,0.9614458198536451,0.13287627685876868,Ag,COMPLETE
608,-8.522727272726605,2025-11-13 12:26:50.828328,2025-11-13 12:26:51.264704,0 days 00:00:00.436376,67.59413445638626,15.29334911964325,1.6833134959206724,Ag,COMPLETE
609,-50.245098039186,2025-11-13 12:26:50.897620,2025-11-13 12:26:51.300598,0 days 00:00:00.402978,67.69005579125515,0.910665273317909,0.13604087078396146,Ag,COMPLETE
610,-39.72868217052415,2025-11-13 12:26:51.025121,2025-11-13 12:26:51.686286,0 days 00:00:00.661165,51.51986589294212,0.5053082673129942,0.1983640055085876,Ag,COMPLETE
611,-47.14912280699298,2025-11-13 12:26:51.314042,2025-11-13 12:26:51.946349,0 days 00:00:00.632307,72.25242195494461,1.775803272417317,0.192283089540012,Ag,COMPLETE
612,-1.9080582179623276,2025-11-13 12:26:51.447980,2025-11-13 12:26:51.961976,0 days 00:00:00.513996,101.03105679719704,1.7217773446772755,0.1839215578168433,Ag,COMPLETE
613,-48.42342342339725,2025-11-13 12:26:51.481339,2025-11-13 12:26:52.043675,0 days 00:00:00.562336,71.70559115880395,1.6059967028802467,0.19244969787456795,Ag,COMPLETE
614,-47.29729729727182,2025-11-13 12:26:51.497866,2025-11-13 12:26:52.039674,0 days 00:00:00.541808,63.83871478635345,1.6159904531457128,0.19108952948007224,Ag,COMPLETE
615,-31.432748538000652,2025-11-13 12:26:51.578020,2025-11-13 12:26:52.604828,0 days 00:00:01.026808,86.0900460545314,1.650992381176527,0.1949754150403629,Ag,COMPLETE
616,-19.02887139107306,2025-11-13 12:26:51.634411,2025-11-13 12:26:52.604828,0 days 00:00:00.970417,65.8014090628816,0.5039333014329775,0.26404543433317756,Au,COMPLETE
617,-7.315521628498142,2025-11-13 12:26:51.921018,2025-11-13 12:26:52.298291,0 days 00:00:00.377273,65.53978309404279,8.634331922608553,0.24897444295790383,Au,COMPLETE
618,-35.25641025639949,2025-11-13 12:26:52.060679,2025-11-13 12:26:52.482162,0 days 00:00:00.421483,69.55745654757395,7.9873717859417095,0.2660839058586911,Ag,COMPLETE
619,-51.76767676764536,2025-11-13 12:26:52.147574,2025-11-13 12:26:52.915062,0 days 00:00:00.767488,69.49856009634456,0.5002810559745908,0.1005703651000577,Ag,COMPLETE
620,-49.99999999997149,2025-11-13 12:26:52.283551,2025-11-13 12:26:52.882998,0 days 00:00:00.599447,69.68197122747667,1.196386803175478,0.13640441385672109,Ag,COMPLETE
621,-24.211711711708396,2025-11-13 12:26:52.354466,2025-11-13 12:26:53.059550,0 days 00:00:00.705084,62.70065817165531,13.307821694636075,0.9478044928443043,Ag,COMPLETE
622,-49.99999999997149,2025-11-13 12:26:52.426062,2025-11-13 12:26:53.202661,0 days 00:00:00.776599,62.66177273021184,0.8582195773993455,0.13358809354157342,Ag,COMPLETE
623,-1.1134552273792424,2025-11-13 12:26:52.523880,2025-11-13 12:26:53.201642,0 days 00:00:00.677762,22.978796147425314,0.9131683755386151,0.10011480119055972,Ag,COMPLETE
624,-0.8608815426997103,2025-11-13 12:26:52.615080,2025-11-13 12:26:53.447239,0 days 00:00:00.832159,64.85167576675711,18.677033198835744,1.9590080589213268,Cu,COMPLETE
625,-51.47058823526383,2025-11-13 12:26:52.978213,2025-11-13 12:26:53.448084,0 days 00:00:00.469871,65.51591473062732,0.933419529157881,0.15525799545152846,Ag,COMPLETE
626,-12.544802867382153,2025-11-13 12:26:53.107172,2025-11-13 12:26:53.655451,0 days 00:00:00.548279,65.033593638124,1.3451821413706067,1.9952604077658724,Cu,COMPLETE
627,-28.22580645160364,2025-11-13 12:26:53.296770,2025-11-13 12:26:53.897705,0 days 00:00:00.600935,43.61173415211087,1.2365187456652824,0.2207231801912988,Ag,COMPLETE
628,-49.76851851849059,2025-11-13 12:26:53.328021,2025-11-13 12:26:54.347479,0 days 00:00:01.019458,72.15958941920621,1.2260422985597592,0.22915215527509247,Ag,COMPLETE
629,-48.6111111110841,2025-11-13 12:26:53.406729,2025-11-13 12:26:54.166350,0 days 00:00:00.759621,68.94229498202836,1.1876774186671692,0.22391106363338323,Ag,COMPLETE
630,-7.723577235771578,2025-11-13 12:26:53.484626,2025-11-13 12:26:54.522134,0 days 00:00:01.037508,24.850795121585033,0.5051206489663905,0.23007418130948726,Ag,COMPLETE
631,-7.62910798121992,2025-11-13 12:26:53.536569,2025-11-13 12:26:54.396671,0 days 00:00:00.860102,24.68463884192926,1.1732098075821642,0.23167972387312322,Ag,COMPLETE
632,-47.45370370367742,2025-11-13 12:26:53.830109,2025-11-13 12:26:54.706659,0 days 00:00:00.876550,61.04364277465061,0.8489394410688395,0.16914886488040975,Ag,COMPLETE
633,-51.76767676764536,2025-11-13 12:26:53.881742,2025-11-13 12:26:54.658339,0 days 00:00:00.776597,68.04216194492506,0.5021345974209395,0.15197001540594796,Ag,COMPLETE
634,-51.4705882352638,2025-11-13 12:26:54.275389,2025-11-13 12:26:54.812613,0 days 00:00:00.537224,68.26860369197072,0.8418921279551222,0.16719590967359246,Ag,COMPLETE
635,-49.99999999997149,2025-11-13 12:26:54.367065,2025-11-13 12:26:54.819598,0 days 00:00:00.452533,60.919540864557845,0.8029701060735304,0.16431546526882707,Ag,COMPLETE
636,-51.76767676764536,2025-11-13 12:26:54.427408,2025-11-13 12:26:55.098182,0 days 00:00:00.670774,71.49768279623747,0.5015746699765291,0.17024258971136041,Ag,COMPLETE
637,-44.95614035085377,2025-11-13 12:26:54.717923,2025-11-13 12:26:55.195272,0 days 00:00:00.477349,78.4061482181451,0.893145579072597,0.12920894416193218,Ag,COMPLETE
638,-51.4705882352638,2025-11-13 12:26:54.796986,2025-11-13 12:26:55.622868,0 days 00:00:00.825882,66.08849912024033,0.8850270565342337,0.13284848908399025,Ag,COMPLETE
639,-53.03030303027095,2025-11-13 12:26:54.914519,2025-11-13 12:26:55.697500,0 days 00:00:00.782981,74.18443550716505,0.5004104409242868,0.10024261997709624,Ag,COMPLETE
640,-47.297297297271975,2025-11-13 12:26:55.047594,2025-11-13 12:26:55.670234,0 days 00:00:00.622640,63.67560212558827,1.4076951603257521,0.28493975641389024,Ag,COMPLETE
641,-47.00854700852281,2025-11-13 12:26:55.098182,2025-11-13 12:26:56.036539,0 days 00:00:00.938357,66.70236641649856,2.9602280052697907,0.10168299839185778,Ag,COMPLETE
642,-39.93055555553879,2025-11-13 12:26:55.157392,2025-11-13 12:26:55.762503,0 days 00:00:00.605111,73.69206977765525,4.2034734633197255,0.29079882994514133,Ag,COMPLETE
643,-51.47058823526388,2025-11-13 12:26:55.194272,2025-11-13 12:26:55.669241,0 days 00:00:00.474969,73.37624856121505,0.5066134846948398,0.2732190757447196,Ag,COMPLETE
644,-16.385767790260353,2025-11-13 12:26:55.297197,2025-11-13 12:26:56.284491,0 days 00:00:00.987294,70.52236793730292,1.4352278587659566,1.4841025684657763,Au,COMPLETE
645,-51.76767676764536,2025-11-13 12:26:55.575996,2025-11-13 12:26:56.094663,0 days 00:00:00.518667,66.72010335921368,0.5075920264175113,0.13451159324472312,Ag,COMPLETE
646,-0.6973500697349952,2025-11-13 12:26:55.762503,2025-11-13 12:26:56.463233,0 days 00:00:00.700730,77.19823863333129,14.10486583242107,0.10345318977643994,Au,COMPLETE
647,-18.68872549019331,2025-11-13 12:26:55.644717,2025-11-13 12:26:56.494470,0 days 00:00:00.849753,77.18678392720591,1.1423844750564098,0.1037836809859198,Au,COMPLETE
648,-17.73648648648411,2025-11-13 12:26:55.928972,2025-11-13 12:26:56.352097,0 days 00:00:00.423125,74.50981735454926,1.17921583884854,0.6040542568175239,Au,COMPLETE
649,-45.94017094014738,2025-11-13 12:26:56.064187,2025-11-13 12:26:56.615123,0 days 00:00:00.550936,73.23946660659573,0.8930001761068901,0.6030637581621807,Ag,COMPLETE
650,-51.4705882352638,2025-11-13 12:26:56.329836,2025-11-13 12:26:56.781165,0 days 00:00:00.451329,72.3653957198964,0.8425242771985937,0.14026328073287125,Ag,COMPLETE
651,-47.00854700852298,2025-11-13 12:26:56.463233,2025-11-13 12:26:57.003038,0 days 00:00:00.539805,76.1706193195713,2.088962073178557,0.134690755071799,Ag,COMPLETE
652,-51.47058823526383,2025-11-13 12:26:56.572832,2025-11-13 12:26:57.264967,0 days 00:00:00.692135,70.9090213450111,0.8884811134935069,0.1934324242321678,Ag,COMPLETE
653,-43.65079365077271,2025-11-13 12:26:56.654514,2025-11-13 12:26:57.234637,0 days 00:00:00.580123,79.31989012435999,2.088643556741801,0.136215066591471,Ag,COMPLETE
654,-48.8095238094959,2025-11-13 12:26:56.717071,2025-11-13 12:26:57.491951,0 days 00:00:00.774880,71.19437884991738,0.8412750973783885,0.18940224271728529,Ag,COMPLETE
655,-45.94017094014722,2025-11-13 12:26:56.753324,2025-11-13 12:26:57.476343,0 days 00:00:00.723019,75.39666468624578,2.0345995237307415,0.13350178926125397,Ag,COMPLETE
656,-48.6111111110841,2025-11-13 12:26:56.830103,2025-11-13 12:26:57.349822,0 days 00:00:00.519719,75.76078191632135,0.8444068397603757,0.18804725159033583,Ag,COMPLETE
657,-53.03030303027077,2025-11-13 12:26:56.898260,2025-11-13 12:26:57.596098,0 days 00:00:00.697838,70.82646107448211,0.5098706905590219,0.19296984528352812,Ag,COMPLETE
658,-49.99999999997116,2025-11-13 12:26:57.111228,2025-11-13 12:26:57.779715,0 days 00:00:00.668487,70.54286479641729,1.4079269363926121,0.1316535526371323,Ag,COMPLETE
659,-49.99999999997116,2025-11-13 12:26:57.429448,2025-11-13 12:26:58.055145,0 days 00:00:00.625697,69.7139576685952,1.4368383154082638,0.10187128427363605,Ag,COMPLETE
660,-50.24509803918605,2025-11-13 12:26:57.570361,2025-11-13 12:26:58.365024,0 days 00:00:00.794663,68.9008640421077,0.5051660879118495,0.2337563468372681,Ag,COMPLETE
661,-48.6111111110841,2025-11-13 12:26:57.643530,2025-11-13 12:26:58.380612,0 days 00:00:00.737082,68.83733815348208,1.21547665160693,0.20422395440087626,Ag,COMPLETE
662,-4.729474082481921,2025-11-13 12:26:57.694632,2025-11-13 12:26:58.380612,0 days 00:00:00.685980,82.2653088279359,15.765781320823956,0.10163999782080982,Ag,COMPLETE
663,-48.6111111110841,2025-11-13 12:26:57.736928,2025-11-13 12:26:58.546120,0 days 00:00:00.809192,69.31576013702806,1.2073665015841186,0.2111865890210295,Ag,COMPLETE
664,-40.816326530595646,2025-11-13 12:26:57.835918,2025-11-13 12:26:58.499561,0 days 00:00:00.663643,69.62092928735619,5.352579862442672,0.10087291569276008,Ag,COMPLETE
665,-51.190476190446915,2025-11-13 12:26:57.977038,2025-11-13 12:26:58.589416,0 days 00:00:00.612378,68.59835328496905,1.1808537785770177,0.2098616109029695,Ag,COMPLETE
666,-51.47058823526383,2025-11-13 12:26:58.291651,2025-11-13 12:26:59.007624,0 days 00:00:00.715973,73.50595181836952,0.5148511697804484,0.1690591526550287,Ag,COMPLETE
667,-51.76767676764536,2025-11-13 12:26:58.480855,2025-11-13 12:26:59.054518,0 days 00:00:00.573663,73.15754411513352,0.5056321806998568,0.16685694032656348,Ag,COMPLETE
668,-49.99999999997149,2025-11-13 12:26:58.620538,2025-11-13 12:26:59.164761,0 days 00:00:00.544223,73.25062946971943,0.819908990798437,0.16916291255750288,Ag,COMPLETE
669,-27.227722772271793,2025-11-13 12:26:58.666171,2025-11-13 12:26:59.164761,0 days 00:00:00.498590,72.13747883009196,10.550025293612169,0.6990014722471739,Ag,COMPLETE
670,-51.4705882352638,2025-11-13 12:26:58.716100,2025-11-13 12:26:59.281417,0 days 00:00:00.565317,71.86751011425338,0.8402716850958796,0.17078922118024203,Ag,COMPLETE
671,-30.882352941169163,2025-11-13 12:26:58.761257,2025-11-13 12:26:59.384039,0 days 00:00:00.622782,71.69906473818862,10.512185606239395,0.16553975692663725,Ag,COMPLETE
672,-51.4705882352638,2025-11-13 12:26:58.800493,2025-11-13 12:26:59.297636,0 days 00:00:00.497143,72.97906488224733,0.8338484738488144,0.15676915933935445,Ag,COMPLETE
673,-13.888888888887216,2025-11-13 12:26:59.102508,2025-11-13 12:27:00.261652,0 days 00:00:01.159144,66.25730986526722,1.659570534450279,0.7361958513465786,Cu,COMPLETE
674,-15.416666666665096,2025-11-13 12:26:59.365988,2025-11-13 12:26:59.963762,0 days 00:00:00.597774,66.91580518022238,16.92037271323034,0.2511482026143264,Ag,COMPLETE
675,-45.94017094014737,2025-11-13 12:26:59.384039,2025-11-13 12:27:00.414584,0 days 00:00:01.030545,66.37275608375448,1.6834990966523868,0.3840665148203905,Ag,COMPLETE
676,-14.921171171169135,2025-11-13 12:26:59.430979,2025-11-13 12:27:00.387276,0 days 00:00:00.956297,66.96392232833303,1.7790277065854934,0.24205903868980588,Cu,COMPLETE
677,-15.25821596243915,2025-11-13 12:26:59.471985,2025-11-13 12:27:00.614659,0 days 00:00:01.142674,63.283819545066294,1.7819281037657704,0.20617829167061058,Cu,COMPLETE
678,-14.739229024941299,2025-11-13 12:26:59.530899,2025-11-13 12:27:00.372905,0 days 00:00:00.842006,66.92015223388661,1.6726392259865457,0.2563783953060096,Cu,COMPLETE
679,-49.99999999997152,2025-11-13 12:26:59.912867,2025-11-13 12:27:00.414759,0 days 00:00:00.501892,63.81488646748433,0.5027717054869588,0.3379795509741346,Ag,COMPLETE
680,-15.258215962439067,2025-11-13 12:26:59.938561,2025-11-13 12:27:00.383167,0 days 00:00:00.444606,63.108822057018045,1.7184729794389724,0.20734551751563712,Cu,COMPLETE
681,-21.901709401703823,2025-11-13 12:27:00.557620,2025-11-13 12:27:01.407957,0 days 00:00:00.850337,38.76922514370276,1.064158114496832,0.13766600374253318,Ag,COMPLETE
682,-51.47058823526388,2025-11-13 12:27:00.526372,2025-11-13 12:27:01.266669,0 days 00:00:00.740297,68.50625501457938,1.0884169786396667,0.10193922855151412,Ag,COMPLETE
683,-49.99999999997173,2025-11-13 12:27:00.630415,2025-11-13 12:27:01.328969,0 days 00:00:00.698554,68.5129718033065,1.1063759272797524,0.13523715750259976,Ag,COMPLETE
684,-51.47058823526388,2025-11-13 12:27:00.667986,2025-11-13 12:27:01.652387,0 days 00:00:00.984401,68.09692169204313,1.0721702233801644,0.10040003520339477,Ag,COMPLETE
685,-51.47058823526388,2025-11-13 12:27:00.681164,2025-11-13 12:27:01.074305,0 days 00:00:00.393141,68.93286842196478,1.1067685465733437,0.10043663270738688,Ag,COMPLETE
686,-48.61111111108426,2025-11-13 12:27:00.715274,2025-11-13 12:27:01.582585,0 days 00:00:00.867311,58.25613990358352,0.8554741627870064,0.14242633423581655,Ag,COMPLETE
687,23.966165413533478,2025-11-13 12:27:00.996071,2025-11-13 12:27:02.263575,0 days 00:00:01.267504,58.0946055684197,19.154946123422864,0.2972646569454111,Ag,COMPLETE
688,-1.4919011082693743,2025-11-13 12:27:01.089932,2025-11-13 12:27:01.652387,0 days 00:00:00.562455,104.97944929760783,0.798669491623538,0.14427162706046381,Ag,COMPLETE
689,-50.245098039186,2025-11-13 12:27:01.319166,2025-11-13 12:27:01.945971,0 days 00:00:00.626805,64.54581517288317,0.8300774294686708,0.1916766644395796,Ag,COMPLETE
690,-27.369281045746337,2025-11-13 12:27:01.617974,2025-11-13 12:27:02.409373,0 days 00:00:00.791399,74.81022531504695,11.430755233523573,0.28200376105807284,Ag,COMPLETE
691,-47.453703703677256,2025-11-13 12:27:01.724594,2025-11-13 12:27:02.461699,0 days 00:00:00.737105,61.18425947556766,0.5117820869122047,0.2955298460224816,Ag,COMPLETE
692,-50.24509803918625,2025-11-13 12:27:01.773510,2025-11-13 12:27:02.714117,0 days 00:00:00.940607,70.5947862068815,0.5007589458092498,0.3033927938782186,Ag,COMPLETE
693,-28.198653198647392,2025-11-13 12:27:01.897565,2025-11-13 12:27:02.802067,0 days 00:00:00.904502,74.93461315649934,11.439752979312336,0.19122427218445892,Ag,COMPLETE
694,-48.809523809495936,2025-11-13 12:27:01.838871,2025-11-13 12:27:02.960463,0 days 00:00:01.121592,75.1366085020789,0.5350331313909502,0.19568736167349493,Ag,COMPLETE
695,-49.76851851849078,2025-11-13 12:27:01.980574,2025-11-13 12:27:02.881595,0 days 00:00:00.901021,70.95983826972177,1.3822568680166158,0.19360514005493043,Ag,COMPLETE
696,-18.68872549019331,2025-11-13 12:27:02.297959,2025-11-13 12:27:02.971869,0 days 00:00:00.673910,65.28921592669661,1.3660367031657898,0.19336781950658594,Au,COMPLETE
697,-9.789156626504836,2025-11-13 12:27:02.714117,2025-11-13 12:27:03.212794,0 days 00:00:00.498677,27.928157563838834,0.9171785404940989,0.23732205915337629,Ag,COMPLETE
698,-10.284810126580986,2025-11-13 12:27:02.835116,2025-11-13 12:27:03.721180,0 days 00:00:00.886064,28.53857629968895,0.8688211476634368,0.22890450816059288,Ag,COMPLETE
699,-48.6111111110841,2025-11-13 12:27:02.914134,2025-11-13 12:27:03.418299,0 days 00:00:00.504165,62.630148233469804,0.8679061454613075,0.23123645373381851,Ag,COMPLETE
700,-0.5274261603375261,2025-11-13 12:27:03.032300,2025-11-13 12:27:03.721180,0 days 00:00:00.688880,62.97240769761448,17.595626233463594,0.5232471419686628,Ag,COMPLETE
701,-11.43067846607565,2025-11-13 12:27:03.097999,2025-11-13 12:27:04.064762,0 days 00:00:00.966763,33.61333540485115,12.144150704668334,1.8176364928949518,Ag,COMPLETE
702,-0.7109297725024645,2025-11-13 12:27:03.163258,2025-11-13 12:27:03.721180,0 days 00:00:00.557922,64.7367577949069,17.763687191408405,0.1362075632996388,Ag,COMPLETE
703,-50.245098039186,2025-11-13 12:27:03.214498,2025-11-13 12:27:04.015609,0 days 00:00:00.801111,70.68761149773721,0.5196334668586835,0.1364860121816835,Ag,COMPLETE
704,-40.74074074072269,2025-11-13 12:27:03.535848,2025-11-13 12:27:04.131773,0 days 00:00:00.595925,64.79928452443433,1.3349318051048025,1.253284031473892,Ag,COMPLETE
705,-36.05769230767838,2025-11-13 12:27:03.644942,2025-11-13 12:27:04.216016,0 days 00:00:00.571074,70.0553293685178,1.367088500272406,1.7466285324472643,Ag,COMPLETE
706,0.0,2025-11-13 12:27:03.968663,2025-11-13 12:27:04.284868,0 days 00:00:00.316205,46.82846683235955,19.766265701602354,1.6144266686856512,Au,COMPLETE
707,-0.5868544600938801,2025-11-13 12:27:04.081016,2025-11-13 12:27:04.624964,0 days 00:00:00.543948,22.8419116984348,1.23916120815162,0.1499821592404136,Au,COMPLETE
708,-19.531249999996948,2025-11-13 12:27:04.102178,2025-11-13 12:27:04.664464,0 days 00:00:00.562286,67.15174234023866,0.8452540482981792,0.15150079989678486,Au,COMPLETE
709,-19.333333333330202,2025-11-13 12:27:04.118427,2025-11-13 12:27:04.662777,0 days 00:00:00.544350,67.3280936611949,0.5133658771670763,0.16388166887227384,Au,COMPLETE
710,-49.99999999997132,2025-11-13 12:27:04.165149,2025-11-13 12:27:05.198138,0 days 00:00:01.032989,67.09854712725212,0.8971378187151761,0.15842996559503136,Ag,COMPLETE
711,-47.149122806992466,2025-11-13 12:27:04.284868,2025-11-13 12:27:04.943751,0 days 00:00:00.658883,67.50140178501704,0.506153817433548,0.8255404861714484,Ag,COMPLETE
712,-48.8095238094959,2025-11-13 12:27:04.314347,2025-11-13 12:27:05.293909,0 days 00:00:00.979562,60.16024398385609,0.5012950937557865,0.1736929992163641,Ag,COMPLETE
713,-46.05263157892295,2025-11-13 12:27:04.586653,2025-11-13 12:27:05.496967,0 days 00:00:00.910314,77.89614448892868,0.9133810835838791,0.17024095106932272,Ag,COMPLETE
714,-49.99999999997149,2025-11-13 12:27:04.730111,2025-11-13 12:27:05.569791,0 days 00:00:00.839680,60.463373219783044,0.8382510471214853,0.13088069377814665,Ag,COMPLETE
715,-41.66666666664772,2025-11-13 12:27:04.959377,2025-11-13 12:27:06.069695,0 days 00:00:01.110318,70.0986850493043,1.2389040352664642,1.057204613809021,Ag,COMPLETE
716,-49.76851851849095,2025-11-13 12:27:05.124604,2025-11-13 12:27:06.007198,0 days 00:00:00.882594,69.85214182132529,1.3948240061281396,0.25638822088362084,Ag,COMPLETE
717,-48.6111111110841,2025-11-13 12:27:05.450184,2025-11-13 12:27:06.022858,0 days 00:00:00.572674,65.29125789341684,1.1522224397872884,0.25836610526980014,Ag,COMPLETE
718,-48.6111111110841,2025-11-13 12:27:05.496967,2025-11-13 12:27:06.482244,0 days 00:00:00.985277,70.35785442324327,1.3669757586970837,0.22198573334411106,Ag,COMPLETE
719,-49.99999999997152,2025-11-13 12:27:05.528217,2025-11-13 12:27:06.022858,0 days 00:00:00.494641,69.25448222688281,1.2182359877837654,0.21735730486893895,Ag,COMPLETE
720,-41.666666666647146,2025-11-13 12:27:05.616809,2025-11-13 12:27:06.429713,0 days 00:00:00.812904,69.94717794421385,1.3592277484924429,1.054084091087169,Ag,COMPLETE
721,-51.76767676764536,2025-11-13 12:27:05.944695,2025-11-13 12:27:06.429713,0 days 00:00:00.485018,71.61649764159237,0.5099623777562307,0.12763443013188802,Ag,COMPLETE
722,-40.67460317458373,2025-11-13 12:27:06.147260,2025-11-13 12:27:06.885459,0 days 00:00:00.738199,52.758616966803736,0.8299388682746742,0.10195569976824648,Ag,COMPLETE
723,-51.4705882352638,2025-11-13 12:27:06.147260,2025-11-13 12:27:06.795972,0 days 00:00:00.648712,72.24229236708184,0.8624830058557488,0.10334539374781745,Ag,COMPLETE
724,-49.99999999997149,2025-11-13 12:27:06.374378,2025-11-13 12:27:06.994610,0 days 00:00:00.620232,64.25293497531416,0.8527271819313172,0.13082620506253886,Ag,COMPLETE
725,-48.6111111110841,2025-11-13 12:27:06.468002,2025-11-13 12:27:06.978930,0 days 00:00:00.510928,62.17759626386388,0.9701033326254904,0.12799192990985986,Ag,COMPLETE
726,-49.99999999997149,2025-11-13 12:27:06.555294,2025-11-13 12:27:07.010179,0 days 00:00:00.454885,62.21969023999417,0.8724370912562365,0.10592556935008292,Ag,COMPLETE
727,-32.22222222221368,2025-11-13 12:27:06.613449,2025-11-13 12:27:07.312705,0 days 00:00:00.699256,65.47738953421545,9.492524042779198,0.1916024476681959,Ag,COMPLETE
728,-51.76767676764519,2025-11-13 12:27:06.914354,2025-11-13 12:27:07.429962,0 days 00:00:00.515608,66.22960173151561,0.5309846989509608,0.1867191276824075,Ag,COMPLETE
729,-25.394477317551264,2025-11-13 12:27:07.010179,2025-11-13 12:27:07.647009,0 days 00:00:00.636830,67.94797387672648,16.284006076065012,0.174461627638471,Ag,COMPLETE
730,-48.42342342339705,2025-11-13 12:27:07.148273,2025-11-13 12:27:07.631336,0 days 00:00:00.483063,68.04426692216502,1.9395974592336427,0.17835027536128065,Ag,COMPLETE
731,-53.03030303027077,2025-11-13 12:27:07.217887,2025-11-13 12:27:08.185690,0 days 00:00:00.967803,68.21022555517436,0.5119479590960764,0.17663404047453518,Ag,COMPLETE
732,-47.14912280699298,2025-11-13 12:27:07.312705,2025-11-13 12:27:07.999081,0 days 00:00:00.686376,73.8899930830142,1.5635582089198872,0.1616070174254205,Ag,COMPLETE
733,-48.809523809495936,2025-11-13 12:27:07.527174,2025-11-13 12:27:07.999081,0 days 00:00:00.471907,73.91743829375577,0.5097074266725625,0.23674497450987386,Ag,COMPLETE
734,-47.29729729727148,2025-11-13 12:27:07.561672,2025-11-13 12:27:08.219243,0 days 00:00:00.657571,72.63146107615263,1.639073119485209,0.2205769379478036,Ag,COMPLETE
735,-8.333333333332503,2025-11-13 12:27:07.680330,2025-11-13 12:27:08.296131,0 days 00:00:00.615801,26.196800777517446,1.6235281658224978,0.24053865103554403,Ag,COMPLETE
736,-37.41496598637912,2025-11-13 12:27:07.846003,2025-11-13 12:27:08.540453,0 days 00:00:00.694450,64.98637049755251,0.5160861157810512,1.911843962417262,Ag,COMPLETE
737,-49.99999999997149,2025-11-13 12:27:07.947238,2025-11-13 12:27:08.509211,0 days 00:00:00.561973,64.0050770361299,0.8481793185273128,0.13495685752919603,Ag,COMPLETE
738,-48.6111111110841,2025-11-13 12:27:08.068337,2025-11-13 12:27:08.587333,0 days 00:00:00.518996,63.86382839037183,1.113367644285627,0.2701851109631546,Ag,COMPLETE
739,-48.61111111108426,2025-11-13 12:27:08.147841,2025-11-13 12:27:08.763530,0 days 00:00:00.615689,63.67814556740057,1.144930995720058,0.20895884980293378,Ag,COMPLETE
740,-15.13532763532632,2025-11-13 12:27:08.283645,2025-11-13 12:27:08.831762,0 days 00:00:00.548117,30.823720776438876,18.3420708783521,0.28008323188358414,Ag,COMPLETE
741,-50.24509803918605,2025-11-13 12:27:08.478034,2025-11-13 12:27:09.252110,0 days 00:00:00.774076,66.02600346488909,0.510850795365263,0.20631395107886533,Ag,COMPLETE
742,-51.47058823526383,2025-11-13 12:27:08.665745,2025-11-13 12:27:09.250107,0 days 00:00:00.584362,66.82301297044053,0.8851230431143551,0.19784770367448815,Ag,COMPLETE
743,-48.809523809495936,2025-11-13 12:27:08.714090,2025-11-13 12:27:09.311308,0 days 00:00:00.597218,66.56175277646376,0.9249683223005807,0.19528917462110285,Ag,COMPLETE
744,-49.99999999997152,2025-11-13 12:27:08.763530,2025-11-13 12:27:09.311308,0 days 00:00:00.547778,65.97801965397079,0.5143588578053325,0.33454150555580475,Ag,COMPLETE
745,-49.99999999997132,2025-11-13 12:27:08.831762,2025-11-13 12:27:09.685961,0 days 00:00:00.854199,66.50449578715995,0.8532077621047227,0.20597601206009541,Ag,COMPLETE
746,-44.79166666664434,2025-11-13 12:27:08.928131,2025-11-13 12:27:09.662970,0 days 00:00:00.734839,66.31387458096575,2.2966273227266747,0.345465383575592,Ag,COMPLETE
747,-49.99999999997132,2025-11-13 12:27:09.184859,2025-11-13 12:27:09.979409,0 days 00:00:00.794550,68.61045427630391,1.245574710950216,0.1592873277305526,Ag,COMPLETE
748,-44.573643410831764,2025-11-13 12:27:09.373726,2025-11-13 12:27:10.598267,0 days 00:00:01.224541,68.47790501805382,3.858813665233943,0.15609970701322143,Ag,COMPLETE
749,-51.76767676764536,2025-11-13 12:27:09.564819,2025-11-13 12:27:10.138354,0 days 00:00:00.573535,68.74013742392981,0.5040049742809226,0.1601897453743709,Ag,COMPLETE
750,-51.190476190446915,2025-11-13 12:27:09.599152,2025-11-13 12:27:10.090292,0 days 00:00:00.491140,68.72363926206641,1.2400637205556053,0.15759210143604005,Ag,COMPLETE
751,-49.99999999997149,2025-11-13 12:27:09.695961,2025-11-13 12:27:10.350352,0 days 00:00:00.654391,68.95994996584061,1.222408541266618,0.15410426616906234,Ag,COMPLETE
752,-48.611111111084135,2025-11-13 12:27:09.763420,2025-11-13 12:27:10.504028,0 days 00:00:00.740608,61.07283877763209,1.1182399934535439,0.10194126863508202,Ag,COMPLETE
753,-47.453703703677256,2025-11-13 12:27:09.947093,2025-11-13 12:27:10.700185,0 days 00:00:00.753092,61.53410820320573,0.8531150411022974,0.2523629464337153,Ag,COMPLETE
754,-0.7062146892655247,2025-11-13 12:27:10.168275,2025-11-13 12:27:11.294290,0 days 00:00:01.126015,71.89467776337398,14.625346343081645,0.10055286144572331,Au,COMPLETE
755,-18.48370927318017,2025-11-13 12:27:10.285970,2025-11-13 12:27:11.273027,0 days 00:00:00.987057,61.92807749268616,0.8234931158027,0.25974391533353003,Au,COMPLETE
756,-0.7342143906020427,2025-11-13 12:27:10.431202,2025-11-13 12:27:11.297378,0 days 00:00:00.866176,62.7988926729571,14.481952251833512,1.3271122899041823,Au,COMPLETE
757,-0.5296610169491436,2025-11-13 12:27:10.489361,2025-11-13 12:27:11.436188,0 days 00:00:00.946827,71.04017669202551,14.639443885802768,0.13163397314043493,Au,COMPLETE
758,-18.382352941173767,2025-11-13 12:27:10.540778,2025-11-13 12:27:11.405058,0 days 00:00:00.864280,80.84038661574675,0.8043667768886273,0.10053409582977887,Au,COMPLETE
759,-49.76851851849095,2025-11-13 12:27:10.752407,2025-11-13 12:27:11.933602,0 days 00:00:01.181195,70.55952955798664,1.610456311858536,0.13046462965129318,Ag,COMPLETE
760,-41.666666666647856,2025-11-13 12:27:11.139130,2025-11-13 12:27:11.617939,0 days 00:00:00.478809,71.27861529995833,1.5168561942761911,0.9954119420216755,Ag,COMPLETE
761,-42.65873015870962,2025-11-13 12:27:11.313003,2025-11-13 12:27:11.931596,0 days 00:00:00.618593,56.94022340518696,2.0323780455719547,0.22611459554328237,Ag,COMPLETE
762,-47.149122806992644,2025-11-13 12:27:11.413821,2025-11-13 12:27:12.348978,0 days 00:00:00.935157,67.6534035877594,2.006908241662062,0.22745691214732555,Ag,COMPLETE
763,-23.069679849338236,2025-11-13 12:27:11.569806,2025-11-13 12:27:12.622668,0 days 00:00:01.052862,64.16640376602057,13.792285169345714,1.5343708542430097,Ag,COMPLETE
764,-36.29032258063328,2025-11-13 12:27:11.736653,2025-11-13 12:27:12.667479,0 days 00:00:00.930826,64.80899823559662,7.715952233260824,0.18220476063772584,Ag,COMPLETE
765,-29.166666666660173,2025-11-13 12:27:11.867226,2025-11-13 12:27:13.062792,0 days 00:00:01.195566,59.46864585268532,10.906941028877636,0.1835121464898584,Ag,COMPLETE
766,-50.24509803918605,2025-11-13 12:27:11.955322,2025-11-13 12:27:12.794660,0 days 00:00:00.839338,64.56917092735755,0.5388791817283032,0.19325714850110254,Ag,COMPLETE
767,-49.99999999997152,2025-11-13 12:27:12.113240,2025-11-13 12:27:13.325430,0 days 00:00:01.212190,75.67522265703647,0.5157713033406951,0.18468717324561962,Ag,COMPLETE
768,-48.6111111110841,2025-11-13 12:27:12.310890,2025-11-13 12:27:13.109287,0 days 00:00:00.798397,77.2515209260513,0.5060990538513278,0.1807935838451783,Ag,COMPLETE
769,-1.1134552273792424,2025-11-13 12:27:12.430233,2025-11-13 12:27:13.110297,0 days 00:00:00.680064,23.44341762880678,0.8681525622895219,0.18965805893784282,Ag,COMPLETE
770,-49.99999999997149,2025-11-13 12:27:12.667479,2025-11-13 12:27:13.571960,0 days 00:00:00.904481,59.85186259639666,0.5127199281365754,0.10124626918377788,Ag,COMPLETE
771,-49.99999999997132,2025-11-13 12:27:13.046085,2025-11-13 12:27:13.714508,0 days 00:00:00.668423,68.07901997344689,1.1519555372547297,0.1372590925587559,Ag,COMPLETE
772,-51.190476190446915,2025-11-13 12:27:13.144471,2025-11-13 12:27:14.096628,0 days 00:00:00.952157,67.99141086268615,1.175510240166279,0.13754282609176735,Ag,COMPLETE
773,-49.99999999997149,2025-11-13 12:27:13.314317,2025-11-13 12:27:14.104339,0 days 00:00:00.790022,68.60539468514645,1.175264566552112,0.1461962733051669,Ag,COMPLETE
774,-51.47058823526388,2025-11-13 12:27:13.370443,2025-11-13 12:27:14.099282,0 days 00:00:00.728839,69.75605225649448,1.0619053958724658,0.10007616671376705,Ag,COMPLETE
775,-49.99999999997149,2025-11-13 12:27:13.429870,2025-11-13 12:27:14.087578,0 days 00:00:00.657708,67.79106225877293,1.1765212800013085,0.1523049730747253,Ag,COMPLETE
776,-35.91954022987266,2025-11-13 12:27:13.510914,2025-11-13 12:27:14.387802,0 days 00:00:00.876888,73.7926667931523,6.412397987570667,0.27887541740947125,Ag,COMPLETE
777,-48.809523809495936,2025-11-13 12:27:13.714508,2025-11-13 12:27:14.650166,0 days 00:00:00.935658,72.52622223509621,0.8233478637754031,0.2695230167042728,Ag,COMPLETE
778,-13.457556935816067,2025-11-13 12:27:14.017157,2025-11-13 12:27:14.689488,0 days 00:00:00.672331,72.24239330143017,1.536892949722072,0.264029535522856,Cu,COMPLETE
779,-14.076576576574729,2025-11-13 12:27:14.159262,2025-11-13 12:27:15.170814,0 days 00:00:01.011552,72.0105848781202,0.5110459975900005,0.23636549248271707,Cu,COMPLETE
780,-50.24509803918605,2025-11-13 12:27:14.386803,2025-11-13 12:27:15.109852,0 days 00:00:00.723049,64.84656103215453,0.5006957419064073,0.21411545535417126,Ag,COMPLETE
781,-49.99999999997152,2025-11-13 12:27:14.406800,2025-11-13 12:27:15.138261,0 days 00:00:00.731461,66.14311802336309,0.8605300246928911,0.23332098145163238,Ag,COMPLETE
782,-49.99999999997132,2025-11-13 12:27:14.529025,2025-11-13 12:27:15.294887,0 days 00:00:00.765862,64.930999572895,0.838949688326593,0.2087129623059132,Ag,COMPLETE
783,-27.08333333332877,2025-11-13 12:27:14.608095,2025-11-13 12:27:15.477124,0 days 00:00:00.869029,65.06297067896735,13.289835613559278,0.22147793228353302,Ag,COMPLETE
784,-50.24509803918605,2025-11-13 12:27:14.724205,2025-11-13 12:27:15.279250,0 days 00:00:00.555045,65.58518023417713,0.5059795299714633,0.22666505582314747,Ag,COMPLETE
785,-49.76851851849095,2025-11-13 12:27:15.076175,2025-11-13 12:27:15.748755,0 days 00:00:00.672580,62.95275300295927,1.5478362700862887,0.13662849669071214,Ag,COMPLETE
786,-23.648648648642254,2025-11-13 12:27:15.249448,2025-11-13 12:27:15.483974,0 days 00:00:00.234526,41.328534121311975,1.5433154713967658,0.5669292746370127,Ag,COMPLETE
787,-38.94927536230196,2025-11-13 12:27:15.406175,2025-11-13 12:27:16.067555,0 days 00:00:00.661380,62.23158940118599,0.8748785230755276,1.4441484460271292,Ag,COMPLETE
788,-49.76851851849078,2025-11-13 12:27:15.513359,2025-11-13 12:27:16.067555,0 days 00:00:00.554196,69.4305081115009,1.4544287813648502,0.1360740405796882,Ag,COMPLETE
789,-48.8095238094959,2025-11-13 12:27:15.579089,2025-11-13 12:27:15.973791,0 days 00:00:00.394702,62.65690696017699,0.8842745455596499,0.14366029277869716,Ag,COMPLETE
790,-38.94927536230196,2025-11-13 12:27:15.625980,2025-11-13 12:27:16.315802,0 days 00:00:00.689822,70.15980114566601,0.8670936363642415,1.4533429522787755,Ag,COMPLETE
791,-49.99999999997132,2025-11-13 12:27:15.673579,2025-11-13 12:27:16.788613,0 days 00:00:01.115034,70.19344445845742,1.1195170220570057,0.17227892249663782,Ag,COMPLETE
792,-51.76767676764536,2025-11-13 12:27:15.911226,2025-11-13 12:27:16.812395,0 days 00:00:00.901169,70.44051829240546,0.5006757298031409,0.1715061773558481,Ag,COMPLETE
793,-24.999999999992887,2025-11-13 12:27:15.973791,2025-11-13 12:27:16.936121,0 days 00:00:00.962330,88.76989480014501,1.1238737231213998,0.17018306836272207,Ag,COMPLETE
794,-14.573070607551939,2025-11-13 12:27:16.144854,2025-11-13 12:27:17.166678,0 days 00:00:01.021824,66.68435864807475,17.177328633275774,0.10156793159970663,Ag,COMPLETE
795,-48.6111111110841,2025-11-13 12:27:16.645856,2025-11-13 12:27:17.344441,0 days 00:00:00.698585,75.27643375213529,0.5053616389625646,0.32027320309104135,Ag,COMPLETE
796,-50.24509803918621,2025-11-13 12:27:16.685538,2025-11-13 12:27:17.278366,0 days 00:00:00.592828,67.2495021449155,0.8499364535421066,0.10113034094856468,Ag,COMPLETE
797,-49.999999999971564,2025-11-13 12:27:16.784579,2025-11-13 12:27:17.344441,0 days 00:00:00.559862,67.08734040292596,0.8435326203890965,0.30956449687903054,Ag,COMPLETE
798,-53.03030303027095,2025-11-13 12:27:16.849951,2025-11-13 12:27:17.468994,0 days 00:00:00.619043,66.8321773427976,0.8669568722415808,0.10132645682097886,Ag,COMPLETE
799,-1.4391447368420864,2025-11-13 12:27:16.952269,2025-11-13 12:27:17.682466,0 days 00:00:00.730197,111.375584634164,0.8494823621654535,0.12778761377552794,Ag,COMPLETE
800,-49.76851851849098,2025-11-13 12:27:17.297432,2025-11-13 12:27:17.798695,0 days 00:00:00.501263,64.5630151600283,1.7779509993258786,0.10168132574248952,Ag,COMPLETE
801,-35.49382716048066,2025-11-13 12:27:17.444660,2025-11-13 12:27:18.332658,0 days 00:00:00.887998,62.95445459123969,1.817702123437566,1.8604706054622793,Ag,COMPLETE
802,-35.31073446326472,2025-11-13 12:27:17.500590,2025-11-13 12:27:18.237778,0 days 00:00:00.737188,62.69125233926892,5.62546094020523,0.7629109400370397,Ag,COMPLETE
803,-26.9764957264922,2025-11-13 12:27:17.591951,2025-11-13 12:27:18.593487,0 days 00:00:01.001536,63.521503637226374,15.458552621480266,0.13576819665021192,Ag,COMPLETE
804,-45.9401709401477,2025-11-13 12:27:17.648472,2025-11-13 12:27:18.301981,0 days 00:00:00.653509,63.830561367524226,2.2277566069902046,0.13640534810013988,Ag,COMPLETE
805,-48.42342342339707,2025-11-13 12:27:17.699769,2025-11-13 12:27:18.301981,0 days 00:00:00.602212,62.77069965636955,1.438023146256259,0.13671091469045643,Ag,COMPLETE
806,-29.10052910051983,2025-11-13 12:27:17.816103,2025-11-13 12:27:18.558038,0 days 00:00:00.741935,84.20348590136301,1.5393682536857716,0.901749835827431,Ag,COMPLETE
807,-49.99999999997152,2025-11-13 12:27:18.079870,2025-11-13 12:27:18.804210,0 days 00:00:00.724340,66.2246010153938,1.3515483776776893,0.10139116416797657,Ag,COMPLETE
808,-51.190476190446915,2025-11-13 12:27:18.466724,2025-11-13 12:27:19.047138,0 days 00:00:00.580414,66.93638071028215,1.2204028866358256,0.1785273017364226,Ag,COMPLETE
809,-18.11594202898157,2025-11-13 12:27:18.563745,2025-11-13 12:27:19.350357,0 days 00:00:00.786612,36.31179379753219,1.169474449215183,0.18231405120281413,Ag,COMPLETE
810,-47.297297297271975,2025-11-13 12:27:18.655982,2025-11-13 12:27:19.394187,0 days 00:00:00.738205,60.14935506120112,1.170933762444824,0.17630771060056777,Ag,COMPLETE
811,-19.194756554302785,2025-11-13 12:27:18.706129,2025-11-13 12:27:19.350357,0 days 00:00:00.644228,37.166955405577454,1.1426450960230818,0.4165514524923283,Ag,COMPLETE
812,-49.99999999997132,2025-11-13 12:27:18.868187,2025-11-13 12:27:19.571920,0 days 00:00:00.703733,68.64112780123313,1.0968700173471744,0.19302850203556352,Ag,COMPLETE
813,-19.23076923076616,2025-11-13 12:27:18.942941,2025-11-13 12:27:20.111894,0 days 00:00:01.168953,67.6318153501025,0.8411522279983614,0.21309746482724454,Au,COMPLETE
814,-15.771028037381734,2025-11-13 12:27:19.251029,2025-11-13 12:27:20.158868,0 days 00:00:00.907839,66.26677466004924,3.315588957172311,1.5817502370546797,Au,COMPLETE
815,-0.5868544600938801,2025-11-13 12:27:19.482068,2025-11-13 12:27:20.081373,0 days 00:00:00.599305,22.371668958749964,0.514296131772933,0.10109617055301666,Au,COMPLETE
816,-18.910256410253545,2025-11-13 12:27:19.583591,2025-11-13 12:27:20.298485,0 days 00:00:00.714894,65.97893081648698,0.7591157358708625,0.23599803965600993,Au,COMPLETE
817,-48.42342342339705,2025-11-13 12:27:19.655172,2025-11-13 12:27:20.811073,0 days 00:00:01.155901,65.28847457535444,1.9510699316118356,0.15676783680322282,Ag,COMPLETE
818,-0.6720430107526773,2025-11-13 12:27:19.686882,2025-11-13 12:27:20.905457,0 days 00:00:01.218575,98.79837507445771,8.84070868079234,0.2443621383506644,Au,COMPLETE
819,-48.423423423397416,2025-11-13 12:27:19.872639,2025-11-13 12:27:20.842562,0 days 00:00:00.969923,68.94928589712133,1.8801005180940753,0.15918047527448514,Ag,COMPLETE
820,-50.245098039186,2025-11-13 12:27:19.995378,2025-11-13 12:27:20.812901,0 days 00:00:00.817523,60.78410994992051,0.5073049018330483,0.15604816056349946,Ag,COMPLETE
821,-45.94017094014722,2025-11-13 12:27:20.339502,2025-11-13 12:27:21.051866,0 days 00:00:00.712364,60.85311243442278,2.00362395666523,0.15323524843873393,Ag,COMPLETE
822,-14.059304703474794,2025-11-13 12:27:20.397666,2025-11-13 12:27:21.343392,0 days 00:00:00.945726,68.10124710606561,2.706353418703978,0.27707305170670316,Cu,COMPLETE
823,-48.61111111108426,2025-11-13 12:27:20.500829,2025-11-13 12:27:21.374550,0 days 00:00:00.873721,60.945853641322486,0.8437167967099075,0.15668724000552478,Ag,COMPLETE
824,-5.762411347517287,2025-11-13 12:27:20.842562,2025-11-13 12:27:21.515202,0 days 00:00:00.672640,26.417115658061665,0.5005949327524413,0.20097082399905863,Cu,COMPLETE
825,-49.99999999997116,2025-11-13 12:27:21.103029,2025-11-13 12:27:21.892865,0 days 00:00:00.789836,71.0660855585085,1.4378588054432093,0.10268504446846695,Ag,COMPLETE
826,-7.170542635658268,2025-11-13 12:27:21.163654,2025-11-13 12:27:21.940428,0 days 00:00:00.776774,24.15938304715991,0.5074825422280151,0.2032541560613917,Ag,COMPLETE
827,-47.297297297271975,2025-11-13 12:27:21.390512,2025-11-13 12:27:22.293297,0 days 00:00:00.902785,71.30245190230968,1.4694494432432057,0.2094067338412835,Ag,COMPLETE
828,-49.99999999997152,2025-11-13 12:27:21.390512,2025-11-13 12:27:22.221705,0 days 00:00:00.831193,70.4047976971756,1.3690018728401085,0.10023160413592073,Ag,COMPLETE
829,-49.99999999997173,2025-11-13 12:27:21.515202,2025-11-13 12:27:22.759790,0 days 00:00:01.244588,64.91216993815901,1.1151691917671545,0.14002906064813025,Ag,COMPLETE
830,-1.427406199021184,2025-11-13 12:27:21.615688,2025-11-13 12:27:22.666875,0 days 00:00:01.051187,115.19046424328653,1.4543466895787376,0.12616000478245082,Ag,COMPLETE
831,-51.4705882352638,2025-11-13 12:27:21.818654,2025-11-13 12:27:22.712446,0 days 00:00:00.893792,65.13097599711624,0.8927643011413572,0.13170243621807015,Ag,COMPLETE
832,-50.245098039186,2025-11-13 12:27:21.846507,2025-11-13 12:27:23.048327,0 days 00:00:01.201820,65.45427111299921,0.8956136088639368,0.13728203498899835,Ag,COMPLETE
833,-41.666666666648545,2025-11-13 12:27:22.439419,2025-11-13 12:27:23.130940,0 days 00:00:00.691521,64.72903134223108,4.495950585529624,0.1381588752761576,Ag,COMPLETE
834,-49.99999999997136,2025-11-13 12:27:22.487009,2025-11-13 12:27:23.313211,0 days 00:00:00.826202,66.08917728564002,0.8947919852712136,0.2536638145303991,Ag,COMPLETE
835,-49.99999999997132,2025-11-13 12:27:22.496789,2025-11-13 12:27:22.963041,0 days 00:00:00.466252,65.62167438511052,0.9161521006344076,0.13680051722179262,Ag,COMPLETE
836,-49.99999999997136,2025-11-13 12:27:22.586413,2025-11-13 12:27:23.379836,0 days 00:00:00.793423,67.84060576100704,0.8627235454692253,0.2537725225791787,Ag,COMPLETE
837,-51.47058823526383,2025-11-13 12:27:22.963041,2025-11-13 12:27:23.552564,0 days 00:00:00.589523,68.25411316732071,0.8210573102561245,0.24324505972999377,Ag,COMPLETE
838,-44.95614035085329,2025-11-13 12:27:23.066771,2025-11-13 12:27:23.878373,0 days 00:00:00.811602,57.893537476197416,0.8566092940981318,0.2503033228370608,Ag,COMPLETE
839,-38.94927536230196,2025-11-13 12:27:23.179724,2025-11-13 12:27:23.846941,0 days 00:00:00.667217,55.5785883539274,0.5168765122092743,1.177527048122428,Ag,COMPLETE
840,-47.297297297271975,2025-11-13 12:27:23.255974,2025-11-13 12:27:23.878373,0 days 00:00:00.622399,73.8779339809901,1.1542240909728232,0.19083077125983094,Ag,COMPLETE
841,-51.47058823526383,2025-11-13 12:27:23.297726,2025-11-13 12:27:23.848938,0 days 00:00:00.551212,73.08700607329956,0.5063721087508181,0.18782015104084526,Ag,COMPLETE
842,-46.05263157892295,2025-11-13 12:27:23.456846,2025-11-13 12:27:24.061123,0 days 00:00:00.604277,58.45542087242051,1.2593703331650294,0.17862089151153593,Ag,COMPLETE
843,-49.99999999997149,2025-11-13 12:27:23.581181,2025-11-13 12:27:24.165904,0 days 00:00:00.584723,68.79851775027358,1.1462441171728797,0.18479121756546266,Ag,COMPLETE
844,-3.1362007168457757,2025-11-13 12:27:23.802847,2025-11-13 12:27:24.381559,0 days 00:00:00.578712,95.88449286982569,0.508571521130457,0.10063891659929267,Ag,COMPLETE
845,-47.297297297271975,2025-11-13 12:27:24.018760,2025-11-13 12:27:24.708717,0 days 00:00:00.689957,79.77479326962457,0.5223962939071803,0.10141864193741433,Ag,COMPLETE
846,-43.80341880339635,2025-11-13 12:27:24.061123,2025-11-13 12:27:24.892764,0 days 00:00:00.831641,78.91995797983628,0.5004954146032539,0.3088701734801122,Ag,COMPLETE
847,-44.79166666664434,2025-11-13 12:27:24.211292,2025-11-13 12:27:24.594517,0 days 00:00:00.383225,79.26666986638483,1.6299988599557462,0.10111057108254606,Ag,COMPLETE
848,-29.63917525772584,2025-11-13 12:27:24.273846,2025-11-13 12:27:24.998348,0 days 00:00:00.724502,70.0078652207044,11.818490468123102,0.10017604674123926,Ag,COMPLETE
849,-53.03030303027095,2025-11-13 12:27:24.314757,2025-11-13 12:27:24.998348,0 days 00:00:00.683591,69.47708692222673,0.5107288495508696,0.10022946992465086,Ag,COMPLETE
850,-13.059701492535334,2025-11-13 12:27:24.337114,2025-11-13 12:27:25.094155,0 days 00:00:00.757041,91.74493695298587,0.5193190735530429,0.21654142332710505,Ag,COMPLETE
851,-49.999999999971564,2025-11-13 12:27:24.414514,2025-11-13 12:27:25.436742,0 days 00:00:01.022228,69.71877151938905,0.8613412221304486,0.2968996517354491,Ag,COMPLETE
852,-51.47058823526383,2025-11-13 12:27:24.677092,2025-11-13 12:27:25.109797,0 days 00:00:00.432705,70.12025520904426,0.852688683309581,0.21111057366006628,Ag,COMPLETE
853,-51.190476190446915,2025-11-13 12:27:24.946914,2025-11-13 12:27:25.439748,0 days 00:00:00.492834,69.36004313321742,1.1749370278032831,0.21566350652278393,Ag,COMPLETE
854,-36.72316384179542,2025-11-13 12:27:24.899837,2025-11-13 12:27:25.796207,0 days 00:00:00.896370,70.08069504042255,7.169730552656094,0.16860786943610068,Ag,COMPLETE
855,-22.685185185180075,2025-11-13 12:27:25.214740,2025-11-13 12:27:26.028906,0 days 00:00:00.814166,44.96022318495396,7.152014620366254,0.16266123359165763,Ag,COMPLETE
856,-47.297297297271456,2025-11-13 12:27:25.352962,2025-11-13 12:27:25.846308,0 days 00:00:00.493346,75.10635271712707,1.2416454932367613,0.16438751569425905,Ag,COMPLETE
857,-48.423423423397416,2025-11-13 12:27:25.405577,2025-11-13 12:27:26.050525,0 days 00:00:00.644948,72.62522479024993,1.5277919911380027,0.15677860457320925,Ag,COMPLETE
858,-36.16352201256492,2025-11-13 12:27:24.778355,2025-11-13 12:27:26.050525,0 days 00:00:01.272170,72.74842421929254,1.567413553568989,1.674197998928392,Ag,COMPLETE
859,-48.423423423397416,2025-11-13 12:27:25.444742,2025-11-13 12:27:26.314810,0 days 00:00:00.870068,74.74216448613615,1.5166818260857355,0.1557154002459932,Ag,COMPLETE
860,-49.76851851849095,2025-11-13 12:27:25.703823,2025-11-13 12:27:26.446947,0 days 00:00:00.743124,72.39348051195799,1.5096838238577364,0.13805777389476184,Ag,COMPLETE
861,-15.20681265206587,2025-11-13 12:27:25.902821,2025-11-13 12:27:26.948009,0 days 00:00:01.045188,67.60612054303604,0.8777731655591803,0.1324985723295734,Cu,COMPLETE
862,-13.978494623654104,2025-11-13 12:27:26.183424,2025-11-13 12:27:26.896819,0 days 00:00:00.713395,50.396720642196684,2.3583935718193585,0.13711332632345538,Cu,COMPLETE
863,-13.535031847131982,2025-11-13 12:27:26.070830,2025-11-13 12:27:26.897879,0 days 00:00:00.827049,72.20845834139311,0.9159464813377239,0.3679131213716705,Cu,COMPLETE
864,-50.24509803918621,2025-11-13 12:27:26.336374,2025-11-13 12:27:26.912481,0 days 00:00:00.576107,67.78278244603135,0.8577349355719786,0.10104347322555046,Ag,COMPLETE
865,-15.547263681589719,2025-11-13 12:27:26.384203,2025-11-13 12:27:26.897879,0 days 00:00:00.513676,67.74255416894944,0.504911205379558,0.1327930715023651,Cu,COMPLETE
866,-49.99999999997132,2025-11-13 12:27:26.494324,2025-11-13 12:27:27.502685,0 days 00:00:01.008361,71.86542387845068,1.0650701573790315,0.2039297744558122,Ag,COMPLETE
867,-48.809523809495936,2025-11-13 12:27:26.849019,2025-11-13 12:27:27.499688,0 days 00:00:00.650669,76.22783203877647,0.5058949622229391,0.20557616519438882,Ag,COMPLETE
868,-45.94017094014737,2025-11-13 12:27:27.010290,2025-11-13 12:27:27.546029,0 days 00:00:00.535739,77.43090996921623,1.1676974899400574,0.20454780898165853,Ag,COMPLETE
869,-38.39869281044234,2025-11-13 12:27:27.427655,2025-11-13 12:27:28.209306,0 days 00:00:00.781651,63.353974049983215,5.020409191263327,0.28284087620775855,Ag,COMPLETE
870,-51.47058823526388,2025-11-13 12:27:27.450534,2025-11-13 12:27:28.209306,0 days 00:00:00.758772,70.85464458691199,0.5039401091200947,0.2651330795630578,Ag,COMPLETE
871,-48.61111111108426,2025-11-13 12:27:27.906302,2025-11-13 12:27:28.812489,0 days 00:00:00.906187,71.00929621528188,1.1540542862364656,0.17442084825680684,Ag,COMPLETE
872,-48.423423423397416,2025-11-13 12:27:27.937680,2025-11-13 12:27:28.815500,0 days 00:00:00.877820,67.14174460341548,1.899477080936646,0.16985270020839283,Ag,COMPLETE
873,-48.423423423397416,2025-11-13 12:27:27.997506,2025-11-13 12:27:28.659510,0 days 00:00:00.662004,67.17719742958317,1.809587145596991,0.1693284934651702,Ag,COMPLETE
874,-11.60714285714122,2025-11-13 12:27:27.997506,2025-11-13 12:27:28.781510,0 days 00:00:00.784004,30.280765438559147,1.1376562232924747,0.1733733626578046,Ag,COMPLETE
875,-20.488029465927745,2025-11-13 12:27:28.101340,2025-11-13 12:27:28.690271,0 days 00:00:00.588931,67.3007625104869,16.75184260529174,0.17217621340650702,Ag,COMPLETE
876,-49.99999999997149,2025-11-13 12:27:28.162316,2025-11-13 12:27:29.130810,0 days 00:00:00.968494,66.84595044555826,1.1960473607787088,0.17245458771593314,Ag,COMPLETE
877,-9.219858156027593,2025-11-13 12:27:28.572590,2025-11-13 12:27:29.289072,0 days 00:00:00.716482,29.409223796536562,12.824944220677828,0.1276533642692095,Ag,COMPLETE
878,20.50781249999968,2025-11-13 12:27:28.674605,2025-11-13 12:27:28.976234,0 days 00:00:00.301629,67.4771501042183,19.916272150484378,0.1732147559013512,Ag,COMPLETE
879,-49.99999999997149,2025-11-13 12:27:28.737136,2025-11-13 12:27:29.119336,0 days 00:00:00.382200,69.10666184389066,1.1476744391482927,0.17499688731614957,Ag,COMPLETE
880,-18.623737373734535,2025-11-13 12:27:29.086270,2025-11-13 12:27:29.629914,0 days 00:00:00.543644,63.32436343373664,0.8163429067518975,0.22750843724417152,Au,COMPLETE
881,-18.93939393939098,2025-11-13 12:27:29.129033,2025-11-13 12:27:29.915790,0 days 00:00:00.786757,64.0413017342058,0.9095156142685847,0.23127506542058382,Au,COMPLETE
882,-18.623737373734574,2025-11-13 12:27:29.184257,2025-11-13 12:27:29.770632,0 days 00:00:00.586375,63.799051883319855,0.8475267349855642,0.22713554447267256,Au,COMPLETE
883,-51.4705882352638,2025-11-13 12:27:29.211933,2025-11-13 12:27:30.197972,0 days 00:00:00.986039,73.71358263422677,0.8480288692650708,0.136062455479816,Ag,COMPLETE
884,-19.205729166663687,2025-11-13 12:27:29.264572,2025-11-13 12:27:30.132158,0 days 00:00:00.867586,63.43524858362701,0.8380803275488438,0.1027422039593454,Au,COMPLETE
885,-18.76590330788519,2025-11-13 12:27:29.313538,2025-11-13 12:27:30.136166,0 days 00:00:00.822628,63.31241008247315,0.8386697394690366,0.22830626409101037,Au,COMPLETE
886,-47.29729729727182,2025-11-13 12:27:29.580750,2025-11-13 12:27:30.325576,0 days 00:00:00.744826,70.07637841383381,0.5058184726250041,0.6464750350413966,Ag,COMPLETE
887,-49.99999999997149,2025-11-13 12:27:29.645542,2025-11-13 12:27:30.381366,0 days 00:00:00.735824,74.42140769045257,0.8326022326864123,0.13506600156832002,Ag,COMPLETE
888,-50.245098039186,2025-11-13 12:27:30.055257,2025-11-13 12:27:30.639175,0 days 00:00:00.583918,74.21429223349199,0.5092581642213633,0.13014890728084894,Ag,COMPLETE
889,-43.6991869918486,2025-11-13 12:27:30.138165,2025-11-13 12:27:30.767508,0 days 00:00:00.629343,69.08814432865475,0.5089461006952211,1.1295298195427377,Ag,COMPLETE
890,-0.8802816901408202,2025-11-13 12:27:30.247983,2025-11-13 12:27:30.933198,0 days 00:00:00.685215,22.024312957341152,1.4455741624838008,0.12792394296475257,Ag,COMPLETE
891,-49.99999999997116,2025-11-13 12:27:30.415614,2025-11-13 12:27:31.383998,0 days 00:00:00.968384,65.83608108159068,1.4467957714704789,0.1032950524984716,Ag,COMPLETE
892,-12.626262626261555,2025-11-13 12:27:30.540365,2025-11-13 12:27:31.012498,0 days 00:00:00.472133,32.66354259729988,15.943064748940223,0.271783358630615,Ag,COMPLETE
893,-0.8992805755395424,2025-11-13 12:27:30.645687,2025-11-13 12:27:31.352677,0 days 00:00:00.706990,21.50204629579527,18.90876655846884,0.10216836501080087,Ag,COMPLETE
894,-49.76851851849095,2025-11-13 12:27:30.735136,2025-11-13 12:27:31.496467,0 days 00:00:00.761331,70.93024341909478,1.3829618921008395,0.2652377513120936,Ag,COMPLETE
895,-51.19047619044695,2025-11-13 12:27:30.801846,2025-11-13 12:27:31.653040,0 days 00:00:00.851194,65.8372035301816,1.3933304624308591,0.10434688700318014,Ag,COMPLETE
896,-48.6111111110841,2025-11-13 12:27:30.808764,2025-11-13 12:27:31.559978,0 days 00:00:00.751214,65.95136556066133,1.3304563924492934,0.26942717021974605,Ag,COMPLETE
897,-34.72222222221182,2025-11-13 12:27:31.258428,2025-11-13 12:27:31.915873,0 days 00:00:00.657445,68.63014385872835,8.313377978123949,0.20291727501928397,Ag,COMPLETE
898,-1.723847965018462,2025-11-13 12:27:31.606857,2025-11-13 12:27:32.440000,0 days 00:00:00.833143,101.93825846984211,0.5128737433729079,0.19989346248945927,Ag,COMPLETE
899,-46.0526315789233,2025-11-13 12:27:31.559978,2025-11-13 12:27:32.810400,0 days 00:00:01.250422,61.485543478581775,1.8221303882674915,0.15317895965668393,Ag,COMPLETE
900,-7.723577235771607,2025-11-13 12:27:31.714994,2025-11-13 12:27:32.440000,0 days 00:00:00.725006,24.797187634393737,0.5008046890698148,0.13773078259811025,Ag,COMPLETE
901,-51.47058823526383,2025-11-13 12:27:31.784939,2025-11-13 12:27:32.377393,0 days 00:00:00.592454,72.53021893078295,0.5037249970435709,0.20094569444537136,Ag,COMPLETE
902,-49.99999999997132,2025-11-13 12:27:31.811549,2025-11-13 12:27:32.152830,0 days 00:00:00.341281,68.55746565568171,0.8487974497194811,0.19653914159592378,Ag,COMPLETE
903,-1.4831677704194037,2025-11-13 12:27:31.843516,2025-11-13 12:27:32.550369,0 days 00:00:00.706853,108.87108943806336,1.8077985758321728,0.19762278043482848,Ag,COMPLETE
904,-7.79967159277427,2025-11-13 12:27:31.899103,2025-11-13 12:27:32.747102,0 days 00:00:00.847999,24.911741210306477,0.5072423493021976,0.1411331146405094,Ag,COMPLETE
905,-51.470588235264046,2025-11-13 12:27:32.361880,2025-11-13 12:27:33.076730,0 days 00:00:00.714850,71.31239533489807,1.1148304961699447,0.14406840771370422,Ag,COMPLETE
906,-38.12056737587031,2025-11-13 12:27:32.614660,2025-11-13 12:27:33.061100,0 days 00:00:00.446440,61.53614264588592,1.068166632762073,1.3680355564061413,Ag,COMPLETE
907,-48.61111111108426,2025-11-13 12:27:32.715639,2025-11-13 12:27:33.659056,0 days 00:00:00.943417,70.90509507183256,1.0765598904179026,0.2329988339755545,Ag,COMPLETE
908,-49.99999999997136,2025-11-13 12:27:32.747102,2025-11-13 12:27:33.547145,0 days 00:00:00.800043,71.35576836009221,1.0406519897014537,0.10068762634000135,Ag,COMPLETE
909,-49.99999999997173,2025-11-13 12:27:32.889366,2025-11-13 12:27:33.947054,0 days 00:00:01.057688,69.05537638639946,1.111750731434255,0.13341309569266993,Ag,COMPLETE
910,-34.97023809522566,2025-11-13 12:27:33.061100,2025-11-13 12:27:33.881783,0 days 00:00:00.820683,69.22652759535005,2.2748866340260583,1.7475498312195876,Ag,COMPLETE
911,-47.00854700852281,2025-11-13 12:27:33.167852,2025-11-13 12:27:34.108801,0 days 00:00:00.940949,69.04526758003894,2.3353619594983206,0.3037723303051182,Ag,COMPLETE
912,-51.4705882352638,2025-11-13 12:27:33.437988,2025-11-13 12:27:33.952353,0 days 00:00:00.514365,69.63522504346614,0.8964946375858731,0.10056309435553472,Ag,COMPLETE
913,-26.416122004353912,2025-11-13 12:27:33.562517,2025-11-13 12:27:34.203732,0 days 00:00:00.641215,68.6569591816055,15.045127847906999,0.1621862309396966,Ag,COMPLETE
914,-33.10502283104127,2025-11-13 12:27:33.834158,2025-11-13 12:27:34.398096,0 days 00:00:00.563938,65.33460650207672,9.34468307069778,0.16713705893064565,Ag,COMPLETE
915,-49.76851851849095,2025-11-13 12:27:33.930078,2025-11-13 12:27:34.563045,0 days 00:00:00.632967,64.55308692055033,1.5981194035152702,0.1599015367103324,Ag,COMPLETE
916,-26.92307692307266,2025-11-13 12:27:34.061931,2025-11-13 12:27:34.560969,0 days 00:00:00.499038,65.70531113745244,13.817530687833603,0.23756695479368822,Ag,COMPLETE
917,-51.47058823526383,2025-11-13 12:27:34.180729,2025-11-13 12:27:34.767396,0 days 00:00:00.586667,65.06053603790927,0.8334288335859119,0.24509228695961804,Ag,COMPLETE
918,18.92493638676816,2025-11-13 12:27:34.307798,2025-11-13 12:27:34.913324,0 days 00:00:00.605526,76.15670226157802,18.153975594846724,0.10025982927650784,Ag,COMPLETE
919,-47.297297297271975,2025-11-13 12:27:34.453004,2025-11-13 12:27:35.298883,0 days 00:00:00.845879,59.2169415670453,1.1840551561374955,0.18537430656962378,Ag,COMPLETE
920,-2.8985507246374307,2025-11-13 12:27:34.594417,2025-11-13 12:27:35.429595,0 days 00:00:00.835178,58.92937265697302,18.132922770302294,0.1014415419538923,Ag,COMPLETE
921,-49.99999999997149,2025-11-13 12:27:34.652377,2025-11-13 12:27:35.189686,0 days 00:00:00.537309,76.9037597192958,0.5002838546563446,0.10174113857274956,Ag,COMPLETE
922,-48.8095238094959,2025-11-13 12:27:34.700698,2025-11-13 12:27:35.649777,0 days 00:00:00.949079,73.32003959753361,0.8325773229110669,0.19242264257685637,Ag,COMPLETE
923,-49.99999999997132,2025-11-13 12:27:34.812813,2025-11-13 12:27:35.665299,0 days 00:00:00.852486,66.80396502121998,0.8385715200597108,0.2011854365660884,Ag,COMPLETE
924,-51.47058823526383,2025-11-13 12:27:34.860592,2025-11-13 12:27:35.602784,0 days 00:00:00.742192,67.20047403318387,0.8619265638324273,0.19836950684622176,Ag,COMPLETE
925,-33.65384615383321,2025-11-13 12:27:35.313333,2025-11-13 12:27:36.126591,0 days 00:00:00.813258,47.63287150398087,1.4555499571849988,0.1359317250316551,Ag,COMPLETE
926,-49.99999999997149,2025-11-13 12:27:35.108914,2025-11-13 12:27:36.011639,0 days 00:00:00.902725,72.6883387966918,0.8170616943140083,0.139225161020947,Ag,COMPLETE
927,22.596153846153502,2025-11-13 12:27:35.539837,2025-11-13 12:27:36.130258,0 days 00:00:00.590421,62.93294212672181,19.429793966738128,0.33393060847341166,Ag,COMPLETE
928,-48.42342342339707,2025-11-13 12:27:35.618427,2025-11-13 12:27:36.133305,0 days 00:00:00.514878,61.79313524715612,1.4374428394266086,0.14026228042990216,Ag,COMPLETE
929,-8.400537634407948,2025-11-13 12:27:35.752877,2025-11-13 12:27:36.496501,0 days 00:00:00.743624,27.6057949061473,12.25523775038131,0.13874260508634298,Ag,COMPLETE
930,-42.708333333311906,2025-11-13 12:27:35.861963,2025-11-13 12:27:36.853171,0 days 00:00:00.991208,53.7576224898154,0.5073109386182818,0.23870855000242489,Ag,COMPLETE
931,-48.61111111108375,2025-11-13 12:27:35.894321,2025-11-13 12:27:36.799476,0 days 00:00:00.905155,67.10784593920883,1.2897829097922782,0.2375504072077992,Ag,COMPLETE
932,-53.03030303027082,2025-11-13 12:27:35.986051,2025-11-13 12:27:36.917495,0 days 00:00:00.931444,67.63966498540142,0.5271416474079664,0.24768736616197948,Ag,COMPLETE
933,-51.190476190446915,2025-11-13 12:27:36.206836,2025-11-13 12:27:37.026879,0 days 00:00:00.820043,67.17146790684737,1.1387941845255738,0.24688187577350645,Ag,COMPLETE
934,-49.99999999997152,2025-11-13 12:27:36.506181,2025-11-13 12:27:37.812896,0 days 00:00:01.306715,71.11360840057134,0.5128131698657306,0.3217079322193023,Ag,COMPLETE
935,-42.70833333331205,2025-11-13 12:27:36.642249,2025-11-13 12:27:37.073786,0 days 00:00:00.431537,53.42449225349107,0.5041104541891183,0.1694858975895625,Ag,COMPLETE
936,-48.809523809495936,2025-11-13 12:27:36.753048,2025-11-13 12:27:37.396891,0 days 00:00:00.643843,71.34940764462482,0.5014168067445762,0.30623857381446684,Ag,COMPLETE
937,-18.518518518515943,2025-11-13 12:27:36.926496,2025-11-13 12:27:37.919222,0 days 00:00:00.992726,70.17890118724836,1.760996453985797,0.2863107186317156,Au,COMPLETE
938,-44.79166666664434,2025-11-13 12:27:37.089382,2025-11-13 12:27:37.733085,0 days 00:00:00.643703,70.5713129651416,1.8406136046693635,0.45093628728689183,Ag,COMPLETE
939,-47.14912280699262,2025-11-13 12:27:37.153483,2025-11-13 12:27:37.812896,0 days 00:00:00.659413,71.37736082900015,1.8219723743070313,0.2675436727747242,Ag,COMPLETE
940,-18.26484018264588,2025-11-13 12:27:37.296289,2025-11-13 12:27:37.964346,0 days 00:00:00.668057,70.45454063103045,1.8437209444099842,0.2897287261746929,Au,COMPLETE
941,-18.264840182645916,2025-11-13 12:27:37.363421,2025-11-13 12:27:37.963562,0 days 00:00:00.600141,71.17796259117556,1.7047533771511134,0.3607364597008835,Au,COMPLETE
942,-18.93939393939107,2025-11-13 12:27:37.443769,2025-11-13 12:27:38.245666,0 days 00:00:00.801897,69.56433894771529,0.8368704335195756,0.30087603332284363,Au,COMPLETE
943,-47.297297297271975,2025-11-13 12:27:37.812896,2025-11-13 12:27:38.705038,0 days 00:00:00.892142,74.44002442604179,1.1156939922006397,0.22399965146129608,Ag,COMPLETE
944,-48.61111111108426,2025-11-13 12:27:38.029934,2025-11-13 12:27:38.765541,0 days 00:00:00.735607,74.34622455901608,1.1408356339860917,0.2210954075209379,Ag,COMPLETE
945,-51.47058823526388,2025-11-13 12:27:38.128985,2025-11-13 12:27:39.023004,0 days 00:00:00.894019,67.61274879420895,0.887517012620677,0.26216241436563376,Ag,COMPLETE
946,-49.99999999997136,2025-11-13 12:27:38.189225,2025-11-13 12:27:39.038645,0 days 00:00:00.849420,67.61826456046755,0.8540919181003479,0.268396915792423,Ag,COMPLETE
947,-49.99999999997136,2025-11-13 12:27:38.239161,2025-11-13 12:27:39.479588,0 days 00:00:01.240427,68.30767943518066,0.8658261740511021,0.2594346733949521,Ag,COMPLETE
948,-41.66666666664742,2025-11-13 12:27:38.659190,2025-11-13 12:27:39.479588,0 days 00:00:00.820398,67.9294674173191,0.8952001425730552,1.2322551391774605,Ag,COMPLETE
949,-41.666666666647146,2025-11-13 12:27:38.746583,2025-11-13 12:27:39.672492,0 days 00:00:00.925909,66.5321147367716,0.8224853526037726,1.2308117686623952,Ag,COMPLETE
950,-51.190476190446915,2025-11-13 12:27:38.781095,2025-11-13 12:27:39.537793,0 days 00:00:00.756698,68.77958235577542,1.1724424293078386,0.20868120238828963,Ag,COMPLETE
951,-49.76851851849059,2025-11-13 12:27:38.912736,2025-11-13 12:27:39.713632,0 days 00:00:00.800896,68.26486099557287,1.2669518728674842,0.21348108410728833,Ag,COMPLETE
952,-49.99999999997132,2025-11-13 12:27:38.975909,2025-11-13 12:27:39.716769,0 days 00:00:00.740860,67.83061344684226,0.8403155307896717,0.20417428214373307,Ag,COMPLETE
953,-47.29729729727182,2025-11-13 12:27:39.495219,2025-11-13 12:27:40.231985,0 days 00:00:00.736766,73.55847360841942,1.4547897436172235,0.17622071758669122,Ag,COMPLETE
954,-13.34422657951894,2025-11-13 12:27:39.618484,2025-11-13 12:27:40.187277,0 days 00:00:00.568793,73.4335634600472,0.5018119036251258,0.17178476269844628,Cu,COMPLETE
955,-49.76851851849078,2025-11-13 12:27:39.766703,2025-11-13 12:27:40.253553,0 days 00:00:00.486850,72.72229047304315,1.4081811671191176,0.17742124497185174,Ag,COMPLETE
956,-10.643115942027844,2025-11-13 12:27:39.802981,2025-11-13 12:27:40.187277,0 days 00:00:00.384296,39.628204188963956,1.3366777156351737,0.17150506275248556,Cu,COMPLETE
957,-51.47058823526383,2025-11-13 12:27:39.946805,2025-11-13 12:27:40.670864,0 days 00:00:00.724059,72.70421980439993,0.5131462460273442,0.17462303184538036,Ag,COMPLETE
958,-48.61111111108375,2025-11-13 12:27:40.048817,2025-11-13 12:27:40.689851,0 days 00:00:00.641034,65.18386441603627,1.3574858391054083,0.17368199066254936,Ag,COMPLETE
959,-50.24509803918605,2025-11-13 12:27:40.109222,2025-11-13 12:27:40.864176,0 days 00:00:00.754954,65.41990728335969,0.5029677981133859,0.23745106373076924,Ag,COMPLETE
960,-22.79005524861629,2025-11-13 12:27:40.247549,2025-11-13 12:27:40.779640,0 days 00:00:00.532091,65.57277171435501,14.168087740353977,1.507614695138159,Ag,COMPLETE
961,-44.79166666664419,2025-11-13 12:27:40.545498,2025-11-13 12:27:41.464287,0 days 00:00:00.918789,69.46560762482822,0.854709145793309,0.8152392035732213,Ag,COMPLETE
962,-50.24509803918605,2025-11-13 12:27:40.729575,2025-11-13 12:27:41.370542,0 days 00:00:00.640967,69.99283415409876,0.5004014157394842,0.22395088892270543,Ag,COMPLETE
963,-44.79166666664419,2025-11-13 12:27:40.779640,2025-11-13 12:27:41.370542,0 days 00:00:00.590902,69.65666127546505,0.8923274909549487,0.8306542421497005,Ag,COMPLETE
964,-1.453095431197595,2025-11-13 12:27:40.864176,2025-11-13 12:27:41.667670,0 days 00:00:00.803494,118.55502824139015,0.8291830740338029,0.8431622114441801,Ag,COMPLETE
965,-29.43840579709502,2025-11-13 12:27:40.913050,2025-11-13 12:27:41.636474,0 days 00:00:00.723424,70.23154105811778,11.133041824418102,0.22160291199526436,Ag,COMPLETE
966,-51.47058823526383,2025-11-13 12:27:40.900805,2025-11-13 12:27:41.589541,0 days 00:00:00.688736,70.36211254004085,0.8484498910420973,0.22473998872789708,Ag,COMPLETE
967,-27.116402116393523,2025-11-13 12:27:40.964400,2025-11-13 12:27:41.986698,0 days 00:00:01.022298,42.88971111675476,1.1908194908550276,0.14423282372332075,Ag,COMPLETE
968,-50.24509803918605,2025-11-13 12:27:41.111907,2025-11-13 12:27:41.845591,0 days 00:00:00.733684,64.05106359225316,0.503192729793798,0.22258061531949697,Ag,COMPLETE
969,-43.65079365077271,2025-11-13 12:27:41.723705,2025-11-13 12:27:42.231257,0 days 00:00:00.507552,66.46094305750742,1.176937750575008,0.9644796913569594,Ag,COMPLETE
970,-51.190476190446915,2025-11-13 12:27:41.809978,2025-11-13 12:27:42.782901,0 days 00:00:00.972923,66.316640914971,1.1796433230930101,0.13389027554044405,Ag,COMPLETE
971,-27.658045977006697,2025-11-13 12:27:41.834620,2025-11-13 12:27:42.590291,0 days 00:00:00.755671,66.47557395371736,13.169878864116257,0.13426160392699665,Ag,COMPLETE
972,-49.99999999997173,2025-11-13 12:27:41.931202,2025-11-13 12:27:42.500684,0 days 00:00:00.569482,66.81286106336846,1.1175575180105821,0.13055256032568607,Ag,COMPLETE
973,-48.8095238094959,2025-11-13 12:27:41.946243,2025-11-13 12:27:42.778891,0 days 00:00:00.832648,76.22787993348652,0.5067799544228343,0.13566536307429714,Ag,COMPLETE
974,-38.19444444442853,2025-11-13 12:27:42.062899,2025-11-13 12:27:42.594277,0 days 00:00:00.531378,64.61266993779294,1.1028938688269618,1.6338883636005854,Ag,COMPLETE
975,-53.03030303027095,2025-11-13 12:27:42.173564,2025-11-13 12:27:43.187157,0 days 00:00:01.013593,71.77320834293846,0.5096943485100819,0.10009120662888767,Ag,COMPLETE
976,-49.99999999997173,2025-11-13 12:27:42.281050,2025-11-13 12:27:42.737044,0 days 00:00:00.455994,64.23991525921029,1.1756439140505883,0.10054450701592217,Ag,COMPLETE
977,-44.79166666664419,2025-11-13 12:27:42.675399,2025-11-13 12:27:43.215357,0 days 00:00:00.539958,72.16318673452174,2.1343673917505077,0.33100230130150815,Ag,COMPLETE
978,-47.00854700852281,2025-11-13 12:27:42.830037,2025-11-13 12:27:43.496793,0 days 00:00:00.666756,72.15577738407151,2.142885435783351,0.29547112878636106,Ag,COMPLETE
979,-47.00854700852281,2025-11-13 12:27:42.867680,2025-11-13 12:27:43.655911,0 days 00:00:00.788231,71.7300702658767,2.202678992345234,0.26186441559130924,Ag,COMPLETE
980,-48.6111111110841,2025-11-13 12:27:42.784899,2025-11-13 12:27:43.592063,0 days 00:00:00.807164,77.3403257455649,0.8098759855754144,0.10202602376537698,Ag,COMPLETE
981,-17.467248908295424,2025-11-13 12:27:42.951519,2025-11-13 12:27:43.651848,0 days 00:00:00.700329,75.72279041661383,16.399315216858867,0.13134066482400575,Ag,COMPLETE
982,-47.14912280699298,2025-11-13 12:27:43.043963,2025-11-13 12:27:43.764205,0 days 00:00:00.720242,76.06175535280772,1.6434593349518438,0.10192661464637974,Ag,COMPLETE
983,-51.4705882352638,2025-11-13 12:27:43.233096,2025-11-13 12:27:43.832982,0 days 00:00:00.599886,72.18496428683233,0.8328174171811691,0.13012436373156883,Ag,COMPLETE
984,-50.245098039186,2025-11-13 12:27:43.429299,2025-11-13 12:27:44.385157,0 days 00:00:00.955858,72.88041894987089,0.5025693025972372,0.12908194429189981,Ag,COMPLETE
985,-50.245098039186,2025-11-13 12:27:43.683084,2025-11-13 12:27:44.460211,0 days 00:00:00.777127,73.47311370897671,0.502532764768978,0.16262290696329473,Ag,COMPLETE
986,-18.779342723002067,2025-11-13 12:27:44.117604,2025-11-13 12:27:45.039610,0 days 00:00:00.922006,74.39431248212665,1.6672924687126685,0.1641124253666022,Au,COMPLETE
987,-48.61111111108426,2025-11-13 12:27:44.237895,2025-11-13 12:27:44.831093,0 days 00:00:00.593198,72.92047139579257,0.5132227953571695,0.3985949814235743,Ag,COMPLETE
988,-15.889830508473255,2025-11-13 12:27:44.330475,2025-11-13 12:27:45.298316,0 days 00:00:00.967841,75.38364982052181,6.650374440695309,0.10210780340828346,Au,COMPLETE
989,-18.71980676328237,2025-11-13 12:27:44.280501,2025-11-13 12:27:45.039610,0 days 00:00:00.759109,74.9657502977588,1.3745488950551583,0.16332027078193828,Au,COMPLETE
990,-18.719806763282246,2025-11-13 12:27:44.382241,2025-11-13 12:27:45.008348,0 days 00:00:00.626107,75.480164236798,1.472864005613498,0.10051628816755222,Au,COMPLETE
991,-19.021739130432067,2025-11-13 12:27:44.396283,2025-11-13 12:27:44.945712,0 days 00:00:00.549429,74.11002123500029,1.5550964008632011,0.10248887092220448,Au,COMPLETE
992,-18.61702127659305,2025-11-13 12:27:44.497457,2025-11-13 12:27:45.298316,0 days 00:00:00.800859,75.52956205440319,1.5588002961473033,0.16226488848234907,Au,COMPLETE
993,-41.6666666666471,2025-11-13 12:27:44.878487,2025-11-13 12:27:45.574788,0 days 00:00:00.696301,82.82403372584184,0.8791727919267018,0.10065614632536261,Ag,COMPLETE
994,-9.17288557213863,2025-11-13 12:27:45.233159,2025-11-13 12:27:45.512207,0 days 00:00:00.279048,26.180143914467457,17.336627471735536,0.1001150115138004,Ag,COMPLETE
995,-36.6666666666521,2025-11-13 12:27:45.254734,2025-11-13 12:27:45.773903,0 days 00:00:00.519169,69.0294763635199,0.8950703809010538,1.7905443967286327,Ag,COMPLETE
996,-51.47058823526383,2025-11-13 12:27:45.313641,2025-11-13 12:27:45.974673,0 days 00:00:00.661032,69.07717628106028,0.8686563019182237,0.19555577061127902,Ag,COMPLETE
997,-14.860139860137824,2025-11-13 12:27:45.429503,2025-11-13 12:27:46.133481,0 days 00:00:00.703978,69.3727502139687,0.8852559119474804,0.19395579381438174,Cu,COMPLETE
998,-48.6111111110841,2025-11-13 12:27:45.466017,2025-11-13 12:27:46.215321,0 days 00:00:00.749304,61.90734277552589,0.8798337940764941,0.1916606190550325,Ag,COMPLETE
999,-14.964788732392295,2025-11-13 12:27:45.657731,2025-11-13 12:27:46.279052,0 days 00:00:00.621321,69.20396109496942,0.8839141612220394,0.1873430263282686,Cu,COMPLETE
1000,-50.245098039186,2025-11-13 12:27:45.727010,2025-11-13 12:27:46.532125,0 days 00:00:00.805115,64.2590340255276,0.5144225409517865,0.1535460607835336,Ag,COMPLETE
1001,-35.37735849055267,2025-11-13 12:27:45.875236,2025-11-13 12:27:46.672617,0 days 00:00:00.797381,70.47116008566834,1.163736934833232,1.945428243231326,Ag,COMPLETE
1002,-49.99999999997149,2025-11-13 12:27:45.996566,2025-11-13 12:27:46.747118,0 days 00:00:00.750552,71.11711973328481,1.1822379624257409,0.14281056032192813,Ag,COMPLETE
1003,-50.245098039186,2025-11-13 12:27:46.162335,2025-11-13 12:27:46.735426,0 days 00:00:00.573091,63.65917276662631,0.5110709352299494,0.15046489484225112,Ag,COMPLETE
1004,-48.6111111110841,2025-11-13 12:27:46.453477,2025-11-13 12:27:47.325148,0 days 00:00:00.871671,67.5126028054272,1.1540473214904603,0.2713009173732465,Ag,COMPLETE
1005,-48.6111111110841,2025-11-13 12:27:46.640919,2025-11-13 12:27:47.376794,0 days 00:00:00.735875,66.65865504285928,1.1705126029610085,0.2545523158279471,Ag,COMPLETE
1006,-51.190476190446915,2025-11-13 12:27:46.688534,2025-11-13 12:27:47.392438,0 days 00:00:00.703904,67.899387802409,1.1201177021624051,0.26223785335632566,Ag,COMPLETE
1007,-38.52201257860204,2025-11-13 12:27:46.796312,2025-11-13 12:27:47.486684,0 days 00:00:00.690372,67.61953676970536,5.881946327534077,0.25366774949419085,Ag,COMPLETE
1008,-31.124497991960414,2025-11-13 12:27:46.885201,2025-11-13 12:27:47.714300,0 days 00:00:00.829099,67.30878828027217,10.197856065277794,0.25850752024961066,Ag,COMPLETE
1009,-42.68292682924754,2025-11-13 12:27:47.112260,2025-11-13 12:27:48.033993,0 days 00:00:00.921733,71.32122259057772,0.5165713635136764,1.0840197158545062,Ag,COMPLETE
1010,-50.245098039186,2025-11-13 12:27:47.263416,2025-11-13 12:27:47.889599,0 days 00:00:00.626183,70.7546685004435,0.5138274170948267,0.13895259216883776,Ag,COMPLETE
1011,-49.99999999997149,2025-11-13 12:27:47.455434,2025-11-13 12:27:48.135188,0 days 00:00:00.679754,62.521498434222295,0.8651943632265071,0.13344958743721352,Ag,COMPLETE
1012,-49.99999999997132,2025-11-13 12:27:47.549175,2025-11-13 12:27:48.430611,0 days 00:00:00.881436,62.048966684110745,0.5068543254898057,0.20138345714480366,Ag,COMPLETE
1013,-48.80952380949574,2025-11-13 12:27:47.712286,2025-11-13 12:27:48.387938,0 days 00:00:00.675652,61.90788384951983,0.5046170470731424,0.2073412975147944,Ag,COMPLETE
1014,-0.8928571428571173,2025-11-13 12:27:47.748922,2025-11-13 12:27:48.303041,0 days 00:00:00.554119,22.8580265148059,15.325826285938856,0.20757653684345867,Ag,COMPLETE
1015,-49.76851851849095,2025-11-13 12:27:47.952903,2025-11-13 12:27:48.729328,0 days 00:00:00.776425,64.95277350133391,1.4679271675309127,0.19788054446869288,Ag,COMPLETE
1016,-47.00854700852281,2025-11-13 12:27:48.036067,2025-11-13 12:27:48.764114,0 days 00:00:00.728047,65.50985347026301,2.6498331849721195,0.10008591900851757,Ag,COMPLETE
1017,-49.99999999997132,2025-11-13 12:27:48.518151,2025-11-13 12:27:49.370382,0 days 00:00:00.852231,72.262898849713,0.8901966615188884,0.1539699551818703,Ag,COMPLETE
1018,-50.245098039186,2025-11-13 12:27:48.614302,2025-11-13 12:27:49.320475,0 days 00:00:00.706173,70.09618137747177,0.8717333986220528,0.15738378431718145,Ag,COMPLETE
1019,-47.297297297271975,2025-11-13 12:27:48.665043,2025-11-13 12:27:49.289225,0 days 00:00:00.624182,77.60248291310353,0.8474981864678299,0.15780963278483026,Ag,COMPLETE
1020,-47.29729729727182,2025-11-13 12:27:48.502481,2025-11-13 12:27:49.928769,0 days 00:00:01.426288,78.00901149491064,0.8942115192432252,0.15973563538859145,Ag,COMPLETE
1021,-51.4705882352638,2025-11-13 12:27:48.468148,2025-11-13 12:27:49.383956,0 days 00:00:00.915808,71.92291024269868,0.8400094140883154,0.15813665207468272,Ag,COMPLETE
1022,-51.47058823526383,2025-11-13 12:27:48.766111,2025-11-13 12:27:49.273600,0 days 00:00:00.507489,69.32297154323153,0.9548955147623871,0.15594583665046266,Ag,COMPLETE
1023,-43.74999999997827,2025-11-13 12:27:49.041293,2025-11-13 12:27:49.931105,0 days 00:00:00.889812,78.43160241659496,1.4659540116962715,0.1392798384725105,Ag,COMPLETE
1024,-49.99999999997132,2025-11-13 12:27:49.242357,2025-11-13 12:27:50.076424,0 days 00:00:00.834067,66.15387997082401,1.508426700797375,0.13321309617873717,Ag,COMPLETE
1025,-49.76851851849059,2025-11-13 12:27:49.478553,2025-11-13 12:27:50.751963,0 days 00:00:01.273410,68.68773817547816,1.257700439828179,0.22541252171336426,Ag,COMPLETE
1026,-1.464435146443485,2025-11-13 12:27:49.870664,2025-11-13 12:27:50.830350,0 days 00:00:00.959686,105.99817745279765,1.2454033373315814,0.2224057984089606,Ag,COMPLETE
1027,22.003745318351733,2025-11-13 12:27:49.931105,2025-11-13 12:27:50.751963,0 days 00:00:00.820858,64.03412008449943,18.651623715336445,0.10082077229153456,Ag,COMPLETE
1028,-43.69918699184875,2025-11-13 12:27:50.050933,2025-11-13 12:27:51.234371,0 days 00:00:01.183438,64.03766945995902,1.8146432479367163,0.5430588078492589,Ag,COMPLETE
1029,-49.76851851849059,2025-11-13 12:27:50.127512,2025-11-13 12:27:50.924100,0 days 00:00:00.796588,68.49210541995805,1.261052655022618,0.2224792417347567,Ag,COMPLETE
1030,-50.24509803918605,2025-11-13 12:27:50.162747,2025-11-13 12:27:51.000842,0 days 00:00:00.838095,68.37369466329865,0.5066415851134876,0.22910557002350435,Ag,COMPLETE
1031,-47.149122806992466,2025-11-13 12:27:50.371522,2025-11-13 12:27:51.233154,0 days 00:00:00.861632,66.36619264506955,1.1952344103849515,0.5363130513198328,Ag,COMPLETE
1032,-48.42342342339707,2025-11-13 12:27:50.705088,2025-11-13 12:27:51.181260,0 days 00:00:00.476172,66.0601894480585,1.9943089020406664,0.19335314383142044,Ag,COMPLETE
1033,-39.062499999983785,2025-11-13 12:27:51.012900,2025-11-13 12:27:51.857308,0 days 00:00:00.844408,59.65026886290146,3.010879392447083,0.7180063085268138,Ag,COMPLETE
1034,-49.99999999997149,2025-11-13 12:27:51.129488,2025-11-13 12:27:51.778789,0 days 00:00:00.649301,73.2126315930016,0.8611523588024643,0.10115298809514042,Ag,COMPLETE
1035,-51.4705882352638,2025-11-13 12:27:51.221369,2025-11-13 12:27:52.122810,0 days 00:00:00.901441,73.15104196445184,0.8998031380805418,0.10091816248212565,Ag,COMPLETE
1036,-14.166666666664812,2025-11-13 12:27:51.295665,2025-11-13 12:27:52.677528,0 days 00:00:01.381863,70.53548665781027,0.8405000356135044,0.35451618136918295,Cu,COMPLETE
1037,-25.839793281649754,2025-11-13 12:27:51.355519,2025-11-13 12:27:52.153965,0 days 00:00:00.798446,60.23891814502191,13.516144581316922,0.3175322626074356,Ag,COMPLETE
1038,-12.651821862347175,2025-11-13 12:27:51.526231,2025-11-13 12:27:52.404954,0 days 00:00:00.878723,70.9417736297122,8.022585382139985,0.18428770068781875,Cu,COMPLETE
1039,-0.8802816901408202,2025-11-13 12:27:51.582032,2025-11-13 12:27:52.185297,0 days 00:00:00.603265,20.237520852465252,0.7678252063936523,0.297099149186853,Cu,COMPLETE
1040,-0.8802816901408202,2025-11-13 12:27:51.694612,2025-11-13 12:27:52.185297,0 days 00:00:00.490685,20.335082470098584,0.5048786437284523,0.34050001096419713,Cu,COMPLETE
1041,-48.42342342339707,2025-11-13 12:27:52.122810,2025-11-13 12:27:52.833789,0 days 00:00:00.710979,70.99605174935425,1.6823513909020757,0.17715990074727184,Ag,COMPLETE
1042,-12.457044673538256,2025-11-13 12:27:52.295554,2025-11-13 12:27:53.065484,0 days 00:00:00.769930,34.73252260094196,12.5989664601162,0.13278599239024955,Ag,COMPLETE
1043,-19.060283687939265,2025-11-13 12:27:52.358057,2025-11-13 12:27:53.261762,0 days 00:00:00.903705,87.66427351065877,0.5175016431875962,1.3166353670419764,Ag,COMPLETE
1044,-51.76767676764536,2025-11-13 12:27:52.448557,2025-11-13 12:27:53.066404,0 days 00:00:00.617847,69.43137051464899,0.5028409537365828,0.1343610446927634,Ag,COMPLETE
1045,-48.6111111110841,2025-11-13 12:27:52.513748,2025-11-13 12:27:53.067454,0 days 00:00:00.553706,66.14084680916721,1.4808029088570396,0.13450794259134302,Ag,COMPLETE
1046,-9.339080459769033,2025-11-13 12:27:52.566077,2025-11-13 12:27:53.339996,0 days 00:00:00.773919,27.0119769302416,0.5011692901186376,0.1368521023465994,Ag,COMPLETE
1047,-15.931372549016434,2025-11-13 12:27:52.645093,2025-11-13 12:27:53.261762,0 days 00:00:00.616669,34.029812147951546,0.5066918712833068,0.13617313069476142,Ag,COMPLETE
1048,-49.99999999997149,2025-11-13 12:27:53.143492,2025-11-13 12:27:53.827696,0 days 00:00:00.684204,63.707527306484224,1.1178083924305553,0.19012089089757714,Ag,COMPLETE
1049,-48.61111111108426,2025-11-13 12:27:53.181420,2025-11-13 12:27:53.874623,0 days 00:00:00.693203,63.44318759278127,1.139757407640642,0.18481072421257963,Ag,COMPLETE
1050,-48.61111111108426,2025-11-13 12:27:53.308726,2025-11-13 12:27:53.890248,0 days 00:00:00.581522,64.07359812043055,1.1454181716432537,0.1909534573684412,Ag,COMPLETE
1051,16.025641025640574,2025-11-13 12:27:53.355633,2025-11-13 12:27:53.890248,0 days 00:00:00.534615,23.965735180233185,1.164616447122041,0.1887187548255594,Ag,COMPLETE
1052,-48.42342342339707,2025-11-13 12:27:53.428901,2025-11-13 12:27:54.339731,0 days 00:00:00.910830,67.54077741993764,1.6120473336378174,0.2294382207319593,Ag,COMPLETE
1053,-48.61111111108426,2025-11-13 12:27:53.544223,2025-11-13 12:27:54.418487,0 days 00:00:00.874264,63.829597813393356,1.1388432176952792,0.18701320243004682,Ag,COMPLETE
1054,-31.517094017085764,2025-11-13 12:27:53.689452,2025-11-13 12:27:54.482996,0 days 00:00:00.793544,67.83088667254191,9.703051506063153,0.2347017701807841,Ag,COMPLETE
1055,-43.74999999997827,2025-11-13 12:27:53.778897,2025-11-13 12:27:54.230870,0 days 00:00:00.451973,56.37814239151859,1.194829740208465,0.18254960624012537,Ag,COMPLETE
1056,-32.77777777776917,2025-11-13 12:27:54.261604,2025-11-13 12:27:54.602837,0 days 00:00:00.341233,68.69277735011455,9.69799833126482,0.1008433955219134,Ag,COMPLETE
1057,-48.611111111084135,2025-11-13 12:27:54.355356,2025-11-13 12:27:54.820033,0 days 00:00:00.464677,73.84068435334177,0.8227352732607076,0.2843120119138832,Ag,COMPLETE
1058,-40.71969696967866,2025-11-13 12:27:54.453961,2025-11-13 12:27:54.943974,0 days 00:00:00.490013,74.26085288145751,0.870173662254417,1.0189719200859009,Ag,COMPLETE
1059,-53.03030303027095,2025-11-13 12:27:54.308488,2025-11-13 12:27:55.021068,0 days 00:00:00.712580,72.5525874753857,0.5060920839434117,0.10018203573725575,Ag,COMPLETE
1060,-42.658730158709915,2025-11-13 12:27:54.562761,2025-11-13 12:27:55.503289,0 days 00:00:00.940528,65.81772711779767,0.500839998287187,1.2735706283055825,Ag,COMPLETE
1061,-51.4705882352638,2025-11-13 12:27:54.726322,2025-11-13 12:27:55.514431,0 days 00:00:00.788109,65.45108282144201,0.8616501587127876,0.13623284318261794,Ag,COMPLETE
1062,-6.03254769921397,2025-11-13 12:27:54.912696,2025-11-13 12:27:55.828543,0 days 00:00:00.915847,93.82934690361412,1.5096966129643514,0.12814111689739854,Ag,COMPLETE
1063,-18.74999999999738,2025-11-13 12:27:55.360546,2025-11-13 12:27:56.069547,0 days 00:00:00.709001,72.31691165579271,1.709444170649395,0.1292331997799315,Au,COMPLETE
1064,-49.76851851849098,2025-11-13 12:27:55.363730,2025-11-13 12:27:56.032992,0 days 00:00:00.669262,72.27636375570691,1.7429681753960053,0.10154755134866444,Ag,COMPLETE
1065,-0.5319148936170122,2025-11-13 12:27:55.442579,2025-11-13 12:27:56.032992,0 days 00:00:00.590413,74.67663731075143,16.95320377009699,0.1022269686753545,Au,COMPLETE
1066,-18.912529550824747,2025-11-13 12:27:55.547496,2025-11-13 12:27:56.287931,0 days 00:00:00.740435,72.20763716512977,1.7963687995404012,0.10219934218364171,Au,COMPLETE
1067,24.576822916666284,2025-11-13 12:27:55.626179,2025-11-13 12:27:56.272306,0 days 00:00:00.646127,72.06862544132325,10.792706844050844,0.10003386427432207,Au,COMPLETE
1068,-49.99999999997149,2025-11-13 12:27:55.828543,2025-11-13 12:27:56.879621,0 days 00:00:01.051078,61.339881920375205,0.8830467294082864,0.10136303518963163,Ag,COMPLETE
1069,-47.45370370367742,2025-11-13 12:27:56.032992,2025-11-13 12:27:56.848351,0 days 00:00:00.815359,77.11508645361678,0.8528280624823779,0.10066422444430852,Ag,COMPLETE
1070,-26.67682926828941,2025-11-13 12:27:56.225438,2025-11-13 12:27:57.163220,0 days 00:00:00.937782,68.13440760308627,15.803189522895892,0.15472066484913527,Ag,COMPLETE
1071,-48.8095238094959,2025-11-13 12:27:56.350817,2025-11-13 12:27:57.128994,0 days 00:00:00.778177,62.002066748668895,0.8699070255241531,0.15195947979347335,Ag,COMPLETE
1072,-51.4705882352638,2025-11-13 12:27:56.413617,2025-11-13 12:27:57.423260,0 days 00:00:01.009643,69.26069548711155,0.8547540421329243,0.1588312940823371,Ag,COMPLETE
1073,-50.245098039186,2025-11-13 12:27:56.483703,2025-11-13 12:27:57.313275,0 days 00:00:00.829572,61.539827578881535,0.5071426144986513,0.150370489650632,Ag,COMPLETE
1074,-48.8095238094959,2025-11-13 12:27:56.530167,2025-11-13 12:27:57.163220,0 days 00:00:00.633053,61.26653660748471,0.8091932455849462,0.13826023956294875,Ag,COMPLETE
1075,-45.94017094014738,2025-11-13 12:27:56.675693,2025-11-13 12:27:57.927984,0 days 00:00:01.252291,68.58130842376184,0.5084216739768591,0.9200061275381433,Ag,COMPLETE
1076,-51.19047619044695,2025-11-13 12:27:57.210097,2025-11-13 12:27:57.742372,0 days 00:00:00.532275,66.22345354979426,1.3557319126703442,0.1382774008590851,Ag,COMPLETE
1077,-43.60465116277041,2025-11-13 12:27:57.360584,2025-11-13 12:27:58.420032,0 days 00:00:01.059448,65.36716511797843,3.667998745381378,0.1639331051649466,Ag,COMPLETE
1078,-49.99999999997149,2025-11-13 12:27:57.438920,2025-11-13 12:27:58.031197,0 days 00:00:00.592277,67.01969619101276,1.2404596725286647,0.13038956951316164,Ag,COMPLETE
1079,-25.219298245609554,2025-11-13 12:27:57.485863,2025-11-13 12:27:58.094078,0 days 00:00:00.608215,80.31245057429739,11.799421325363358,0.1376177686679375,Ag,COMPLETE
1080,20.1972010178114,2025-11-13 12:27:57.564482,2025-11-13 12:27:58.420032,0 days 00:00:00.855550,70.38072266672876,17.81291810894221,0.8885551382961039,Ag,COMPLETE
1081,-33.92857142856179,2025-11-13 12:27:57.630313,2025-11-13 12:27:58.420032,0 days 00:00:00.789719,70.35747253377819,8.961492792730699,0.13109540887913151,Ag,COMPLETE
1082,-9.818007662834113,2025-11-13 12:27:57.959305,2025-11-13 12:27:58.776243,0 days 00:00:00.816938,28.89829255878811,3.5436140058061083,0.1705791065374222,Ag,COMPLETE
1083,-51.19047619044695,2025-11-13 12:27:58.189770,2025-11-13 12:27:58.838741,0 days 00:00:00.648971,67.56010041743514,1.3150864120730796,0.172389047956604,Ag,COMPLETE
1084,-51.47058823526383,2025-11-13 12:27:58.305485,2025-11-13 12:27:59.080818,0 days 00:00:00.775333,74.37781646447931,0.504591485859587,0.18039026650435017,Ag,COMPLETE
1085,-49.76851851849095,2025-11-13 12:27:58.511819,2025-11-13 12:27:59.511163,0 days 00:00:00.999344,75.26187251074951,1.2986309185934766,0.10142967652359326,Ag,COMPLETE
1086,-47.297297297271975,2025-11-13 12:27:58.641563,2025-11-13 12:27:59.864872,0 days 00:00:01.223309,75.27122839329522,1.176445537759747,0.1753865668264461,Ag,COMPLETE
1087,-47.29729729727182,2025-11-13 12:27:58.744991,2025-11-13 12:27:59.769173,0 days 00:00:01.024182,76.06327442788768,0.8664509801345859,0.21802532792264218,Ag,COMPLETE
1088,-44.79166666664434,2025-11-13 12:27:58.807495,2025-11-13 12:27:59.583725,0 days 00:00:00.776230,73.1145545128517,0.8659192219861043,0.7723393002527024,Ag,COMPLETE
1089,-48.61111111108426,2025-11-13 12:27:59.011963,2025-11-13 12:28:00.040999,0 days 00:00:01.029036,65.11338709136692,1.1168570406618945,0.23378741179114615,Ag,COMPLETE
1090,-2.700617283950543,2025-11-13 12:27:59.080818,2025-11-13 12:28:00.009663,0 days 00:00:00.928845,96.96088346483594,0.8616103580202452,0.10121265936681258,Ag,COMPLETE
1091,-48.809523809495936,2025-11-13 12:27:59.181960,2025-11-13 12:28:00.025385,0 days 00:00:00.843425,65.2444221138033,0.8803951081852063,0.23326796821047663,Ag,COMPLETE
1092,-50.24509803918621,2025-11-13 12:27:59.722732,2025-11-13 12:28:00.391784,0 days 00:00:00.669052,64.61534848289702,0.840336581271339,0.10118190312245375,Ag,COMPLETE
1093,20.671834625322678,2025-11-13 12:27:59.831603,2025-11-13 12:28:00.316850,0 days 00:00:00.485247,70.04440288883735,19.252433837874595,0.10159769315700765,Ag,COMPLETE
1094,-51.76767676764536,2025-11-13 12:27:59.962785,2025-11-13 12:28:00.686968,0 days 00:00:00.724183,69.53106661685665,0.5146083698461713,0.13477272347294114,Ag,COMPLETE
1095,-53.03030303027095,2025-11-13 12:27:59.913756,2025-11-13 12:28:01.034369,0 days 00:00:01.120613,69.54520225160779,0.5070091905736583,0.10028501833594934,Ag,COMPLETE
1096,-38.82575757573999,2025-11-13 12:28:00.119624,2025-11-13 12:28:01.613791,0 days 00:00:01.494167,50.03449503458437,0.500222758494204,0.13910788238343383,Ag,COMPLETE
1097,-51.76767676764536,2025-11-13 12:28:00.281886,2025-11-13 12:28:01.860728,0 days 00:00:01.578842,69.20565547790981,0.5095997036303345,0.13861008741846498,Ag,COMPLETE
1098,-51.76767676764536,2025-11-13 12:28:00.376163,2025-11-13 12:28:01.179912,0 days 00:00:00.803749,69.40631519841132,0.5215769716819278,0.13451583118443056,Ag,COMPLETE
1099,-37.234042553175584,2025-11-13 12:28:00.391784,2025-11-13 12:28:01.242848,0 days 00:00:00.851064,50.944034150939586,1.4950550317730709,0.1407881443549557,Ag,COMPLETE
1100,-26.9274376417197,2025-11-13 12:28:00.577615,2025-11-13 12:28:01.564028,0 days 00:00:00.986413,66.5747796072034,14.892848865322105,0.13505778967513818,Ag,COMPLETE
1101,-48.6111111110841,2025-11-13 12:28:01.175240,2025-11-13 12:28:01.708206,0 days 00:00:00.532966,66.8784362306822,1.5149271485648819,0.10024411239706416,Ag,COMPLETE
1102,-48.42342342339707,2025-11-13 12:28:01.179912,2025-11-13 12:28:01.803280,0 days 00:00:00.623368,67.1445602536121,2.0944732887236275,0.10188791459038972,Ag,COMPLETE
1103,-48.42342342339707,2025-11-13 12:28:01.282097,2025-11-13 12:28:02.037266,0 days 00:00:00.755169,67.42654760841914,2.0768773915292185,0.13053881348532287,Ag,COMPLETE
1104,-31.609195402288027,2025-11-13 12:28:01.429905,2025-11-13 12:28:02.131101,0 days 00:00:00.701196,85.95452377249791,2.3599609679885747,0.1001755681152474,Ag,COMPLETE
1105,-8.037225042300365,2025-11-13 12:28:01.645741,2025-11-13 12:28:02.347587,0 days 00:00:00.701846,25.729207952748233,1.1817794990055404,0.15645129792755308,Ag,COMPLETE
1106,-50.24509803918621,2025-11-13 12:28:01.927466,2025-11-13 12:28:02.523574,0 days 00:00:00.596108,62.85027963775477,0.5003367202861643,0.1004112302001345,Ag,COMPLETE
1107,-38.19444444442853,2025-11-13 12:28:02.099830,2025-11-13 12:28:02.555773,0 days 00:00:00.455943,63.557964876599065,1.1799346679326557,1.571639727795782,Ag,COMPLETE
1108,-15.796703296701534,2025-11-13 12:28:02.215780,2025-11-13 12:28:02.919189,0 days 00:00:00.703409,71.28309913409403,0.9100941540773302,1.8348888415773656,Au,COMPLETE
1109,-49.99999999997173,2025-11-13 12:28:02.295975,2025-11-13 12:28:02.863370,0 days 00:00:00.567395,63.89976816652772,1.0848067828683343,0.1696392813602154,Ag,COMPLETE
1110,-37.41496598637935,2025-11-13 12:28:02.435081,2025-11-13 12:28:02.888668,0 days 00:00:00.453587,62.85738372974412,1.1366536969153909,1.7215257070830374,Ag,COMPLETE
1111,-49.99999999997149,2025-11-13 12:28:02.461053,2025-11-13 12:28:02.780726,0 days 00:00:00.319673,62.66975230753129,1.1394156220414378,0.17282216522717792,Ag,COMPLETE
1112,-13.666666666664465,2025-11-25 10:23:32.987702,2025-11-25 10:24:00.630867,0 days 00:00:27.643165,32.15004303915077,1.681344404492817,0.13076337415893907,Ag,COMPLETE
1113,-51.190476190446915,2025-11-25 10:23:33.013241,2025-11-25 10:24:00.630867,0 days 00:00:27.617626,68.04373497956169,1.574015109695163,0.10035986968949753,Ag,COMPLETE
1114,-47.29729729727182,2025-11-25 10:23:32.998217,2025-11-25 10:24:00.534925,0 days 00:00:27.536708,71.99273947548198,1.6758545177642006,0.1337116401356514,Ag,COMPLETE
1115,-42.57246376809763,2025-11-25 10:23:33.072989,2025-11-25 10:24:00.664274,0 days 00:00:27.591285,71.69173585601244,4.745611799736711,0.10099211474112486,Ag,COMPLETE
1116,-49.76851851849095,2025-11-25 10:23:33.104348,2025-11-25 10:24:00.534925,0 days 00:00:27.430577,71.42088375176183,1.6149666447476787,0.13590268415248957,Ag,COMPLETE
1117,-44.871794871771776,2025-11-25 10:23:33.143863,2025-11-25 10:24:00.599138,0 days 00:00:27.455275,59.07452110665773,1.6263257281822467,0.16751345593446126,Ag,COMPLETE
1118,-48.42342342339725,2025-11-25 10:23:33.168022,2025-11-25 10:24:00.731733,0 days 00:00:27.563711,71.7614807090739,1.7950280372730973,0.16029217190099918,Ag,COMPLETE
1119,-49.76851851849095,2025-11-25 10:23:33.182826,2025-11-25 10:24:00.588127,0 days 00:00:27.405301,71.6167339981413,1.5630032881349214,0.10013456559752186,Ag,COMPLETE
1120,-15.782828282825847,2025-11-25 10:24:00.656261,2025-11-25 10:24:01.233305,0 days 00:00:00.577044,65.8433066803154,0.5027894995727356,0.20167678670757946,Cu,COMPLETE
1121,-15.782828282825847,2025-11-25 10:24:00.588127,2025-11-25 10:24:01.967451,0 days 00:00:01.379324,65.92847076797791,0.5071990626616905,0.18765677591098115,Cu,COMPLETE
1122,-19.333333333330202,2025-11-25 10:24:00.809214,2025-11-25 10:24:02.061269,0 days 00:00:01.252055,68.34728459510778,0.5018433257208147,0.1992966974834883,Au,COMPLETE
1123,-15.54726368158969,2025-11-25 10:24:00.924195,2025-11-25 10:24:01.742435,0 days 00:00:00.818240,65.30349133543993,0.8338636890924352,0.19529074085664055,Cu,COMPLETE
1124,-15.624999999997724,2025-11-25 10:24:00.946988,2025-11-25 10:24:01.968705,0 days 00:00:01.021717,66.57588440218888,0.8357961721097558,0.1985101396452724,Cu,COMPLETE
1125,-16.985138004244096,2025-11-25 10:24:00.974076,2025-11-25 10:24:02.124885,0 days 00:00:01.150809,68.79949743616794,0.8631126085825718,1.1629670609475347,Au,COMPLETE
1126,-19.37984496123722,2025-11-25 10:24:01.073367,2025-11-25 10:24:01.905051,0 days 00:00:00.831684,68.40239835579924,0.8521159938813497,0.19549840547340247,Au,COMPLETE
1127,-51.4705882352638,2025-11-25 10:24:01.041502,2025-11-25 10:24:02.604374,0 days 00:00:01.562872,68.75822390263829,0.8666373225238693,0.14873012262934426,Ag,COMPLETE
1128,-0.8234519104084191,2025-11-25 10:24:01.805434,2025-11-25 10:24:02.725867,0 days 00:00:00.920433,73.64756527420589,19.995691564303804,0.15785316444551628,Ag,COMPLETE
1129,-1.1134552273792424,2025-11-25 10:24:01.968705,2025-11-25 10:24:02.568133,0 days 00:00:00.599428,22.622014645795193,1.208278917660571,0.15522632440411557,Ag,COMPLETE
1130,18.640350877192702,2025-11-25 10:24:02.192139,2025-11-25 10:24:02.982214,0 days 00:00:00.790075,73.76409257628018,16.382251435252254,1.4011621024485326,Ag,COMPLETE
1131,-25.167785234896,2025-11-25 10:24:02.342850,2025-11-25 10:24:03.056069,0 days 00:00:00.713219,74.41625803524559,14.275145409353458,0.2530514743449981,Ag,COMPLETE
1132,-49.76851851849059,2025-11-25 10:24:02.445567,2025-11-25 10:24:03.086986,0 days 00:00:00.641419,73.67205896800225,1.1980577356043944,0.26160997492775867,Ag,COMPLETE
1133,-51.76767676764536,2025-11-25 10:24:02.514061,2025-11-25 10:24:03.208726,0 days 00:00:00.694665,64.71426369789401,0.5072085079335557,0.13333543434804496,Ag,COMPLETE
1134,-48.61111111108426,2025-11-25 10:24:02.612683,2025-11-25 10:24:03.724406,0 days 00:00:01.111723,60.35470297125918,0.8466188552134619,0.1372611704271076,Ag,COMPLETE
1135,-51.76767676764536,2025-11-25 10:24:02.923678,2025-11-25 10:24:03.745361,0 days 00:00:00.821683,64.54991407593802,0.5029449893034401,0.13316824039560798,Ag,COMPLETE
1136,-34.39153439152359,2025-11-25 10:24:02.995269,2025-11-25 10:24:03.767758,0 days 00:00:00.772489,60.076439334028585,7.5822334101731865,0.16740893197555948,Ag,COMPLETE
1137,-51.4705882352638,2025-11-25 10:24:03.155662,2025-11-25 10:24:03.948399,0 days 00:00:00.792737,70.1247745414703,0.8813224569210651,0.1355584904007918,Ag,COMPLETE
1138,-51.4705882352638,2025-11-25 10:24:03.325087,2025-11-25 10:24:03.948399,0 days 00:00:00.623312,69.50059916870423,1.1764153969366495,0.16346231552307944,Ag,COMPLETE
1139,-36.05769230767859,2025-11-25 10:24:03.413751,2025-11-25 10:24:04.320576,0 days 00:00:00.906825,69.88725551108044,1.2350618002557918,1.9085492576476302,Ag,COMPLETE
1140,-49.76851851849059,2025-11-25 10:24:03.529895,2025-11-25 10:24:04.388154,0 days 00:00:00.858259,67.00103660804713,1.2473110961925902,0.23043347861455787,Ag,COMPLETE
1141,-49.99999999997116,2025-11-25 10:24:03.647966,2025-11-25 10:24:04.549045,0 days 00:00:00.901079,66.89869668782929,1.3262737044554114,0.21305126376559988,Ag,COMPLETE
1142,-49.99999999997132,2025-11-25 10:24:04.059313,2025-11-25 10:24:04.949682,0 days 00:00:00.890369,66.89358911571718,0.8465294826470942,0.20795613633601082,Ag,COMPLETE
1143,-50.24509803918621,2025-11-25 10:24:04.150496,2025-11-25 10:24:05.054919,0 days 00:00:00.904423,67.48509352839768,0.8547808344488976,0.10110226444795357,Ag,COMPLETE
1144,-1.4320785597381105,2025-11-25 10:24:04.237656,2025-11-25 10:24:05.385084,0 days 00:00:01.147428,113.55923705057539,0.5018292159683573,0.2843986564077279,Ag,COMPLETE
1145,-50.24509803918605,2025-11-25 10:24:04.345053,2025-11-25 10:24:05.297533,0 days 00:00:00.952480,66.73126017763343,0.5029190758856723,0.21946356852038026,Ag,COMPLETE
1146,-20.576131687237737,2025-11-25 10:24:04.406705,2025-11-25 10:24:05.989391,0 days 00:00:01.582686,37.347205638783684,0.5078148024291108,0.1007377218866729,Ag,COMPLETE
1147,-50.24509803918621,2025-11-25 10:24:04.670409,2025-11-25 10:24:05.722772,0 days 00:00:01.052363,62.57288237760156,0.8433148439498037,0.1003467280824408,Ag,COMPLETE
1148,-43.74999999997812,2025-11-25 10:24:04.873803,2025-11-25 10:24:05.986781,0 days 00:00:01.112978,76.75804791740781,0.8805510712940923,0.4943894123464073,Ag,COMPLETE
1149,-23.972602739719356,2025-11-25 10:24:04.993283,2025-11-25 10:24:06.292321,0 days 00:00:01.299038,41.09292646463912,1.9757946239204962,0.17464939781164573,Ag,COMPLETE
1150,-30.505952380941356,2025-11-25 10:24:05.533929,2025-11-25 10:24:06.418206,0 days 00:00:00.884277,44.98804437655721,0.8659262783196197,0.17107883800383306,Ag,COMPLETE
1151,-23.7268518518453,2025-11-25 10:24:05.666807,2025-11-25 10:24:06.476812,0 days 00:00:00.810005,40.70641446445853,1.3704637547547232,0.16775837088659912,Ag,COMPLETE
1152,-47.149122806992466,2025-11-25 10:24:05.796870,2025-11-25 10:24:06.296483,0 days 00:00:00.499613,64.47448658486839,1.997255871059987,0.1701495502880887,Ag,COMPLETE
1153,0.0,2026-03-20 05:20:08.245552,2026-03-20 05:20:12.221393,0 days 00:00:03.975841,39.76084643316546,14.43412702743459,1.5281056346055322,Au,PRUNED
1154,-38.52201257860172,2026-03-20 05:20:08.247563,2026-03-20 05:20:12.222406,0 days 00:00:03.974843,64.59014650787545,5.422537402462579,0.415899848286039,Ag,COMPLETE
1155,-0.8928571428571173,2026-03-20 05:20:08.252297,2026-03-20 05:20:12.128824,0 days 00:00:03.876527,20.71297792546983,17.049279025439105,0.4218063123661786,Ag,PRUNED
1156,-2.0746887966804635,2026-03-20 05:20:08.319176,2026-03-20 05:20:12.132366,0 days 00:00:03.813190,96.0966133064205,3.9111927881492603,0.545000145981426,Cu,PRUNED
1157,-2.2290809327845995,2026-03-20 05:20:08.332994,2026-03-20 05:20:12.162836,0 days 00:00:03.829842,89.85826546397482,5.190660646611471,0.7173134082276278,Cu,PRUNED
1158,-8.20707070707021,2026-03-20 05:20:08.348972,2026-03-20 05:20:12.159614,0 days 00:00:03.810642,26.44070028150566,9.974011076378037,1.8360885044890598,Au,PRUNED
1159,-16.534391534389805,2026-03-20 05:20:08.367413,2026-03-20 05:20:11.903763,0 days 00:00:03.536350,29.428873361139036,12.039180495280023,1.5711865903205364,Au,COMPLETE
1160,-11.261261261260044,2026-03-20 05:20:08.397754,2026-03-20 05:20:12.161621,0 days 00:00:03.763867,31.431859415786967,11.97162343127117,1.844676826227409,Au,PRUNED
1161,-38.88888888887155,2026-03-20 05:20:12.050406,2026-03-20 05:20:12.691772,0 days 00:00:00.641366,54.26338566460032,0.9950889194636894,0.6341728152109607,Ag,COMPLETE
1162,-26.785714285706632,2026-03-20 05:20:12.241794,2026-03-20 05:20:12.852918,0 days 00:00:00.611124,84.42968907892826,3.9688366108823945,0.42885041587066897,Ag,PRUNED
1163,-0.2955082742316701,2026-03-20 05:20:12.223641,2026-03-20 05:20:12.817294,0 days 00:00:00.593653,24.976910507420875,4.744512804993205,1.4589100786241218,Au,PRUNED
1164,-0.7183908045976887,2026-03-20 05:20:12.330199,2026-03-20 05:20:12.865441,0 days 00:00:00.535242,73.18146309978647,19.97669270121652,1.0074694084770783,Au,PRUNED
1165,-20.833333333328703,2026-03-20 05:20:12.353617,2026-03-20 05:20:12.959953,0 days 00:00:00.606336,45.52926245822067,5.696281420801754,0.7394148573360313,Ag,PRUNED
1166,-10.80246913580087,2026-03-20 05:20:12.362409,2026-03-20 05:20:12.908527,0 days 00:00:00.546118,37.98252824328541,19.0743683891696,0.5637722985278462,Ag,PRUNED
1167,-22.058823529406574,2026-03-20 05:20:12.426883,2026-03-20 05:20:13.063286,0 days 00:00:00.636403,87.35422275783003,1.7110175675154686,0.7069747276815411,Ag,PRUNED
1168,-0.5186721991701159,2026-03-20 05:20:12.448488,2026-03-20 05:20:13.131717,0 days 00:00:00.683229,99.86993084377617,16.261556339697766,0.6181720975965005,Au,PRUNED
1169,-1.870748299319697,2026-03-20 05:20:12.930673,2026-03-20 05:20:13.695779,0 days 00:00:00.765106,109.92391764525448,6.917919416639361,1.2266997568040585,Ag,PRUNED
1170,79.6568627450957,2026-03-20 05:20:12.978326,2026-03-20 05:20:13.459815,0 days 00:00:00.481489,28.75182856277238,19.624205994474785,1.7145803692324018,Cu,PRUNED
1171,-10.233918128654253,2026-03-20 05:20:12.992904,2026-03-20 05:20:13.724560,0 days 00:00:00.731656,34.42736258286475,11.076226316271564,0.17669899140676837,Cu,PRUNED
1172,0.0,2026-03-20 05:20:13.024105,2026-03-20 05:20:13.718037,0 days 00:00:00.693932,20.910426722450577,14.465465641753898,1.8117724181739994,Au,PRUNED
1173,78.39506172839273,2026-03-20 05:20:13.086019,2026-03-20 05:20:13.694263,0 days 00:00:00.608244,36.71688512762882,14.08590009754653,1.7800652133794352,Au,PRUNED
1174,-2.3809523809521087,2026-03-20 05:20:13.130706,2026-03-20 05:20:13.681429,0 days 00:00:00.550723,27.65610163161908,15.070281118525523,1.6001479963359515,Au,PRUNED
1175,-14.639639639638055,2026-03-20 05:20:13.228767,2026-03-20 05:20:13.695779,0 days 00:00:00.467012,26.16810209255506,14.460379571466794,1.3403995378871305,Au,PRUNED
1176,-24.50980392156286,2026-03-20 05:20:13.264415,2026-03-20 05:20:14.036795,0 days 00:00:00.772380,85.43430087394884,4.717785960849546,0.6314501774259623,Ag,PRUNED
1177,-3.1779661016948078,2026-03-20 05:20:13.652268,2026-03-20 05:20:14.146255,0 days 00:00:00.493987,95.67702059198089,2.1498424529342524,0.4721204722750514,Ag,PRUNED
1178,78.1249999999977,2026-03-20 05:20:13.725560,2026-03-20 05:20:14.238422,0 days 00:00:00.512862,37.28819252053566,14.705731742646849,0.9415699189527738,Au,PRUNED
1179,-0.6887052341597681,2026-03-20 05:20:13.836287,2026-03-20 05:20:14.433343,0 days 00:00:00.597056,104.35875888197344,12.418650394140538,1.7322540613326773,Au,PRUNED
1180,-24.99999999999333,2026-03-20 05:20:13.870543,2026-03-20 05:20:14.572942,0 days 00:00:00.702399,47.48376401365222,5.36622719641533,0.24401886090744118,Ag,PRUNED
1181,-0.6747638326585585,2026-03-20 05:20:13.882415,2026-03-20 05:20:14.615446,0 days 00:00:00.733031,94.22776549526645,13.124408877447411,1.6598735787321435,Cu,PRUNED
1182,-1.700680272108816,2026-03-20 05:20:13.912561,2026-03-20 05:20:14.472306,0 days 00:00:00.559745,112.99322844019571,1.5291046628724096,1.4353125798119457,Cu,PRUNED
1183,-28.84615384614497,2026-03-20 05:20:13.932974,2026-03-20 05:20:14.430824,0 days 00:00:00.497850,44.8971482719842,1.2246674525169745,0.542909252039801,Ag,PRUNED
1184,-9.09090909090843,2026-03-20 05:20:14.076286,2026-03-20 05:20:14.877096,0 days 00:00:00.800810,33.89629814618408,4.759107960813301,0.6604620014522806,Au,PRUNED
1185,-33.33333333332222,2026-03-20 05:20:14.328307,2026-03-20 05:20:14.972796,0 days 00:00:00.644489,54.54623258860216,5.355223539207398,0.41479315374912223,Ag,COMPLETE
1186,-24.99999999999333,2026-03-20 05:20:14.489546,2026-03-20 05:20:15.131736,0 days 00:00:00.642190,49.14767439081623,5.36528679918598,0.5456123288823003,Ag,PRUNED
1187,-6.7204301075264485,2026-03-20 05:20:14.583932,2026-03-20 05:20:15.089485,0 days 00:00:00.505553,28.167505318142894,6.57692982286061,0.9244757807049053,Cu,PRUNED
1188,0.0,2026-03-20 05:20:14.653216,2026-03-20 05:20:15.240266,0 days 00:00:00.587050,31.11926723196359,17.95441093744374,1.1887999809331613,Au,PRUNED
1189,-32.05128205127219,2026-03-20 05:20:14.686773,2026-03-20 05:20:15.128910,0 days 00:00:00.442137,50.29400294905068,4.124934957081142,0.5555113264820374,Ag,PRUNED
1190,-24.50980392156286,2026-03-20 05:20:14.677135,2026-03-20 05:20:15.309958,0 days 00:00:00.632823,83.09615176486035,5.885680111626057,0.5345280995253276,Ag,PRUNED
1191,-38.46153846152378,2026-03-20 05:20:14.619232,2026-03-20 05:20:15.447439,0 days 00:00:00.828207,70.5897874728593,4.728993281591802,0.542059450643665,Ag,COMPLETE
1192,-39.21568627449459,2026-03-20 05:20:14.942108,2026-03-20 05:20:15.655806,0 days 00:00:00.713698,69.32901258261892,4.4473877393707895,0.6066966851453497,Ag,COMPLETE
1193,-16.02564102563856,2026-03-20 05:20:15.132742,2026-03-20 05:20:15.813094,0 days 00:00:00.680352,90.09303082341529,6.694884221099638,0.13634854554158832,Ag,PRUNED
1194,-20.833333333328124,2026-03-20 05:20:15.225543,2026-03-20 05:20:15.624729,0 days 00:00:00.399186,87.63674268548688,1.390792452518593,0.5750851923692062,Ag,PRUNED
1195,-26.041666666660156,2026-03-20 05:20:15.241825,2026-03-20 05:20:15.857492,0 days 00:00:00.615667,83.30670511693454,5.640113575042012,0.4140487159475953,Ag,PRUNED
1196,-31.249999999989583,2026-03-20 05:20:15.364036,2026-03-20 05:20:16.222915,0 days 00:00:00.858879,54.454001144167236,4.120673661923492,0.49978214798145626,Ag,PRUNED
1197,0.0,2026-03-20 05:20:15.413510,2026-03-20 05:20:16.298680,0 days 00:00:00.885170,111.41409964453962,9.159967994157382,0.9614749571050617,Cu,PRUNED
1198,-13.565891472866955,2026-03-20 05:20:15.401344,2026-03-20 05:20:16.222915,0 days 00:00:00.821571,35.75431791347573,14.404163798503404,0.6189337536363966,Ag,PRUNED
1199,-28.84615384614497,2026-03-20 05:20:15.672701,2026-03-20 05:20:16.643871,0 days 00:00:00.971170,80.0817580271751,5.2915826283174905,0.20815856330144533,Ag,PRUNED
1200,-24.99999999999333,2026-03-20 05:20:15.697583,2026-03-20 05:20:16.485326,0 days 00:00:00.787743,48.08212982787605,5.474400449069946,0.11759811199627272,Ag,PRUNED
1201,-159.62441314552865,2026-03-20 05:20:15.747511,2026-03-20 05:20:16.664138,0 days 00:00:00.916627,22.427736243481952,18.360407829310027,1.703619201860898,Ag,COMPLETE
1202,-29.761904761896258,2026-03-20 05:20:15.899232,2026-03-20 05:20:16.643871,0 days 00:00:00.744639,84.70491646993563,4.977080816786028,0.12517408606860828,Ag,PRUNED
1203,0.0,2026-03-20 05:20:15.924009,2026-03-20 05:20:16.803249,0 days 00:00:00.879240,118.60158976644276,19.700333871491303,0.716270691575422,Ag,PRUNED
1204,-27.77777777777037,2026-03-20 05:20:16.294289,2026-03-20 05:20:16.893052,0 days 00:00:00.598763,85.70843882505912,5.197165289951775,0.15050466943931337,Ag,PRUNED
1205,-1.4988009592325708,2026-03-20 05:20:16.419009,2026-03-20 05:20:17.108825,0 days 00:00:00.689816,21.191624457301835,19.473194200669194,1.666906384207601,Ag,PRUNED
1206,2.3809523809521087,2026-03-20 05:20:16.503424,2026-03-20 05:20:17.074864,0 days 00:00:00.571440,29.291967279491296,18.4069316813098,0.7616109949249996,Cu,PRUNED
1207,-37.962962962946214,2026-03-20 05:20:16.601136,2026-03-20 05:20:17.193308,0 days 00:00:00.592172,52.12079255936624,0.6370360546567736,0.5791336025703817,Ag,COMPLETE
1208,-22.84946236558845,2026-03-20 05:20:16.759191,2026-03-20 05:20:17.503136,0 days 00:00:00.743945,29.80206984793172,18.367285862803325,1.955440098087748,Ag,PRUNED
1209,-28.273809523805483,2026-03-20 05:20:16.769672,2026-03-20 05:20:17.654856,0 days 00:00:00.885184,35.43059258833354,16.841396718706747,1.61406430648583,Ag,PRUNED
1210,-13.605442176869637,2026-03-20 05:20:16.811719,2026-03-20 05:20:17.409756,0 days 00:00:00.598037,28.068807568916238,17.988458986132972,1.6593432182649814,Ag,PRUNED
1211,0.0,2026-03-20 05:20:16.860555,2026-03-20 05:20:17.611895,0 days 00:00:00.751340,37.59646763483735,18.969699988423724,1.1689594742076883,Ag,PRUNED
1212,-1.436781609195204,2026-03-20 05:20:17.006796,2026-03-20 05:20:17.610383,0 days 00:00:00.603587,33.022544798921246,19.702599327509887,1.2634434474912877,Ag,PRUNED
1213,-0.6802721088435263,2026-03-20 05:20:17.144673,2026-03-20 05:20:17.786016,0 days 00:00:00.641343,80.14840529949011,18.672069399244123,0.9789149214497289,Cu,PRUNED
1214,-1.984126984126858,2026-03-20 05:20:17.195923,2026-03-20 05:20:17.843189,0 days 00:00:00.647266,57.753240224498526,11.291027176084441,1.5764571451355018,Cu,PRUNED
1215,-28.84615384614497,2026-03-20 05:20:17.412821,2026-03-20 05:20:18.029185,0 days 00:00:00.616364,84.2128488515265,3.5734244741213077,0.44360828884545395,Ag,PRUNED
1216,5.102040816326114,2026-03-20 05:20:17.552423,2026-03-20 05:20:18.343297,0 days 00:00:00.790874,45.96214356757974,18.36817420226309,1.6927915519807384,Ag,PRUNED
1217,-13.8888888888878,2026-03-20 05:20:17.603859,2026-03-20 05:20:18.436846,0 days 00:00:00.832987,31.13326045187478,16.31654142923978,1.7895831769243762,Ag,PRUNED
1218,-22.435897435895136,2026-03-20 05:20:17.675329,2026-03-20 05:20:18.252905,0 days 00:00:00.577576,45.61785295511715,16.94390628593098,0.36177046174855376,Ag,PRUNED
1219,-3.267973856208894,2026-03-20 05:20:17.709576,2026-03-20 05:20:18.219439,0 days 00:00:00.509863,51.426845075305145,8.751621755196215,1.4865594244778193,Au,PRUNED
1220,0.0,2026-03-20 05:20:17.719589,2026-03-20 05:20:18.297368,0 days 00:00:00.577779,31.438238828994592,19.0724752382857,1.7179084954885155,Au,PRUNED
1221,-17.24137931034245,2026-03-20 05:20:17.824144,2026-03-20 05:20:18.883796,0 days 00:00:01.059652,32.81892237066776,18.15917732849797,1.8239261826271342,Ag,PRUNED
1222,0.0,2026-03-20 05:20:17.921947,2026-03-20 05:20:18.484323,0 days 00:00:00.562376,20.818323530679898,16.336196490851208,0.32705842111902916,Cu,PRUNED
1223,-13.888888888887346,2026-03-20 05:20:18.173728,2026-03-20 05:20:18.843969,0 days 00:00:00.670241,23.401853473006867,19.22688043213926,0.14925594511159485,Cu,PRUNED
1224,-16.02564102563856,2026-03-20 05:20:18.316468,2026-03-20 05:20:19.072656,0 days 00:00:00.756188,36.431559103675724,19.72659583915374,0.10978554291772477,Ag,PRUNED
1225,-8.064516129031738,2026-03-20 05:20:18.339792,2026-03-20 05:20:19.193690,0 days 00:00:00.853898,24.160670076287666,14.769165182309703,1.7204087818256084,Cu,PRUNED
1226,-12.41134751772944,2026-03-20 05:20:18.396589,2026-03-20 05:20:19.150062,0 days 00:00:00.753473,34.03206232952756,14.092077773274813,1.2836344920367666,Ag,PRUNED
1227,-0.8928571428571173,2026-03-20 05:20:18.480898,2026-03-20 05:20:19.056855,0 days 00:00:00.575957,21.387401766290054,14.097457242823594,1.5837001022257748,Ag,PRUNED
1228,-42.63565891470892,2026-03-20 05:20:18.544672,2026-03-20 05:20:19.228403,0 days 00:00:00.683731,59.5312330681485,2.0853034488892357,0.5695755670083249,Ag,COMPLETE
1229,-9.180790960451354,2026-03-20 05:20:18.577552,2026-03-20 05:20:19.398627,0 days 00:00:00.821075,24.50055487481739,15.848675677388538,1.2289342254189246,Cu,PRUNED
1230,-31.249999999989583,2026-03-20 05:20:18.933013,2026-03-20 05:20:19.615267,0 days 00:00:00.682254,57.31942718121191,5.778589286158019,0.12440884724728633,Ag,PRUNED
1231,-15.765765765764062,2026-03-20 05:20:19.094385,2026-03-20 05:20:19.790234,0 days 00:00:00.695849,56.95998015420686,3.2570518879361208,0.6557759496414259,Au,PRUNED
1232,-38.398692810442675,2026-03-20 05:20:19.115296,2026-03-20 05:20:19.866881,0 days 00:00:00.751585,59.10694925639112,4.053698547167723,0.5954532870720335,Ag,COMPLETE
1233,-9.672619047618356,2026-03-20 05:20:19.163034,2026-03-20 05:20:19.790234,0 days 00:00:00.627200,24.910773795215274,17.625892100585478,1.3739252719105517,Ag,PRUNED
1234,-32.05128205127219,2026-03-20 05:20:19.242444,2026-03-20 05:20:19.837969,0 days 00:00:00.595525,53.71032856939664,6.014928218520533,0.18859316926959085,Ag,PRUNED
1235,-2.314814814814775,2026-03-20 05:20:19.273665,2026-03-20 05:20:19.976156,0 days 00:00:00.702491,100.83548343058231,1.9453904899917376,0.23312390932064508,Au,PRUNED
1236,-31.249999999989583,2026-03-20 05:20:19.424293,2026-03-20 05:20:20.116522,0 days 00:00:00.692229,52.18486158928044,3.7088707335152424,0.5041670393071563,Ag,PRUNED
1237,-1.1990407673860566,2026-03-20 05:20:19.468335,2026-03-20 05:20:20.220189,0 days 00:00:00.751854,20.975184818781305,16.761763641555614,1.8463049063422032,Ag,PRUNED
1238,-2.049180327868819,2026-03-20 05:20:19.681776,2026-03-20 05:20:20.134499,0 days 00:00:00.452723,113.03715684174361,1.1377718679678086,1.401180230139387,Au,PRUNED
1239,-0.5165289256198261,2026-03-20 05:20:19.866370,2026-03-20 05:20:20.691096,0 days 00:00:00.824726,114.64586089229863,18.122360521647515,1.2086845089262472,Au,PRUNED
1240,-33.33333333332,2026-03-20 05:20:19.906988,2026-03-20 05:20:20.677846,0 days 00:00:00.770858,55.75801365962977,1.3662036807098108,0.5945097548859666,Ag,PRUNED
1241,4.6296296296292185,2026-03-20 05:20:19.899752,2026-03-20 05:20:20.709637,0 days 00:00:00.809885,33.13888203203433,19.908420526199336,1.7839949439150726,Ag,PRUNED
1242,-11.00628930817527,2026-03-20 05:20:20.040156,2026-03-20 05:20:20.675842,0 days 00:00:00.635686,45.85223272895645,9.737408519400883,1.9871131260918617,Cu,PRUNED
1243,-13.888888888887731,2026-03-20 05:20:20.160632,2026-03-20 05:20:20.645905,0 days 00:00:00.485273,31.01034927403524,17.511176170831703,0.26731722625306087,Ag,PRUNED
1244,-78.90855457226678,2026-03-20 05:20:20.148228,2026-03-20 05:20:20.708700,0 days 00:00:00.560472,23.329823940834657,4.9770658560427865,1.4671414570515264,Cu,COMPLETE
1245,-27.777777777768517,2026-03-20 05:20:20.244179,2026-03-20 05:20:20.805077,0 days 00:00:00.560898,85.1727218844359,1.8158281466167678,0.5247403608709359,Ag,PRUNED
1246,-16.26016260162443,2026-03-20 05:20:20.304131,2026-03-20 05:20:20.804028,0 days 00:00:00.499897,39.367815321526955,15.679281965283199,0.12390632853732163,Ag,PRUNED
1247,-6.048387096773803,2026-03-20 05:20:20.701249,2026-03-20 05:20:21.257521,0 days 00:00:00.556272,26.514455306176018,2.9976149612713967,1.3346633406216672,Cu,PRUNED
1248,-11.904761904760544,2026-03-20 05:20:20.765033,2026-03-20 05:20:21.429853,0 days 00:00:00.664820,47.974943065779826,0.8560757495608398,1.293801082088219,Cu,PRUNED
1249,-12.019230769229845,2026-03-20 05:20:20.774093,2026-03-20 05:20:21.415745,0 days 00:00:00.641652,45.79230336754304,8.947647121720333,1.3895670067842743,Cu,PRUNED
1250,-9.259259259258437,2026-03-20 05:20:20.851372,2026-03-20 05:20:21.508957,0 days 00:00:00.657585,38.79273078598467,2.241408340293115,1.4416612751861133,Cu,PRUNED
1251,-4.901960784313437,2026-03-20 05:20:20.895608,2026-03-20 05:20:21.453098,0 days 00:00:00.557490,23.457737602010674,4.580024206742361,1.3781633967997193,Cu,PRUNED
1252,-7.768361581920377,2026-03-20 05:20:20.913761,2026-03-20 05:20:21.774410,0 days 00:00:00.860649,31.577685679884254,7.95165083694639,1.0860996782536432,Cu,PRUNED
1253,-28.84615384614497,2026-03-20 05:20:20.933629,2026-03-20 05:20:21.401455,0 days 00:00:00.467826,83.94563033937875,3.1238309826478856,0.5095474972859718,Ag,PRUNED
1254,-6.944444444443982,2026-03-20 05:20:21.040480,2026-03-20 05:20:21.609797,0 days 00:00:00.569317,29.587386636001373,5.179129243230934,1.3116002660480814,Cu,PRUNED
1255,-5.514705882352617,2026-03-20 05:20:21.320026,2026-03-20 05:20:22.242773,0 days 00:00:00.922747,23.817577337489006,6.666141084507663,1.8251857001664988,Cu,PRUNED
1256,-6.410256410256017,2026-03-20 05:20:21.526641,2026-03-20 05:20:22.777191,0 days 00:00:01.250550,26.6299241037129,8.012375608164449,1.683427476251443,Cu,PRUNED
1257,0.0,2026-03-20 05:20:21.575867,2026-03-20 05:20:22.321028,0 days 00:00:00.745161,119.73607844621154,15.150694775459524,1.6372431958794031,Cu,PRUNED
1258,3.086419753086191,2026-03-20 05:20:21.587812,2026-03-20 05:20:22.451463,0 days 00:00:00.863651,42.66586653746301,11.29800428921904,1.6843823367251514,Au,PRUNED
1259,-3.0487804878048186,2026-03-20 05:20:21.612859,2026-03-20 05:20:22.337137,0 days 00:00:00.724278,93.75041493520361,11.365619910124158,1.215934472712143,Ag,PRUNED
1260,-9.615384615383876,2026-03-20 05:20:21.664258,2026-03-20 05:20:22.227108,0 days 00:00:00.562850,40.50924138380118,5.830498767620401,1.7170175552461453,Cu,PRUNED
1261,-7.5757575757570255,2026-03-20 05:20:21.721711,2026-03-20 05:20:22.383840,0 days 00:00:00.662129,32.79586397292176,3.8330829913603184,1.7287181350282999,Cu,PRUNED
1262,-8.54700854700767,2026-03-20 05:20:21.856082,2026-03-20 05:20:22.452521,0 days 00:00:00.596439,92.62789738907834,0.9686636438579079,0.4929033540410014,Ag,PRUNED
1263,-36.949685534577355,2026-03-20 05:20:22.282501,2026-03-20 05:20:23.011877,0 days 00:00:00.729376,76.37573057430649,4.07298609956432,0.5510568299447753,Ag,COMPLETE
1264,-0.5868544600938801,2026-03-20 05:20:22.370501,2026-03-20 05:20:23.216230,0 days 00:00:00.845729,22.210435644530666,1.0685655073346694,1.0037083838959475,Cu,PRUNED
1265,-0.5868544600938801,2026-03-20 05:20:22.404998,2026-03-20 05:20:23.216230,0 days 00:00:00.811232,20.765150213026132,5.101810943369908,1.4062674350522775,Cu,PRUNED
1266,-17.54385964912096,2026-03-20 05:20:22.500280,2026-03-20 05:20:26.912258,0 days 00:00:04.411978,31.560410925560642,11.197366955963163,1.5219711528644768,Au,PRUNED
1267,-2.175368139223526,2026-03-20 05:20:22.542468,2026-03-20 05:20:26.711861,0 days 00:00:04.169393,108.79171768008985,11.103769072305186,0.8178274641011448,Ag,PRUNED
1268,,2026-03-20 05:20:22.583304,,,20.613540154360404,4.09854009968302,1.424273399027205,Cu,RUNNING
1269,-2.0928462709284243,2026-03-20 05:20:22.574635,2026-03-20 05:20:26.865206,0 days 00:00:04.290571,89.90284133269854,1.4231628617425893,0.15135597671254816,Cu,PRUNED
1270,-10.416666666665972,2026-03-20 05:20:22.902844,2026-03-20 05:20:27.009021,0 days 00:00:04.106177,34.26192501891488,8.349424715986974,1.3459253802193554,Au,PRUNED
1271,-13.020833333331707,2026-03-20 05:20:23.312755,2026-03-20 05:20:26.959774,0 days 00:00:03.647019,35.55302771766093,6.955438233089665,1.2327372108783063,Ag,PRUNED
1272,-34.72222222221065,2026-03-20 05:20:23.997829,2026-03-20 05:20:27.196247,0 days 00:00:03.198418,80.03586630452314,5.3972727251401444,0.10243596533505615,Ag,PRUNED
1273,-7.392473118279093,2026-03-20 05:20:26.700305,2026-03-20 05:20:27.189198,0 days 00:00:00.488893,30.019294175702278,3.6482683745501667,1.9948988910973902,Au,PRUNED
1274,-28.84615384614497,2026-03-20 05:20:26.796710,2026-03-20 05:20:27.162138,0 days 00:00:00.365428,50.887755283867534,4.4829131680982,0.19647545417738038,Ag,PRUNED
1275,-20.833333333328703,2026-03-20 05:22:03.115166,2026-03-20 05:22:07.080727,0 days 00:00:03.965561,88.32534898166496,2.6185546800333435,0.4895447682663067,Ag,PRUNED
1276,-5.050505050504745,2026-03-20 05:22:03.138661,2026-03-20 05:22:06.939601,0 days 00:00:03.800940,23.78331684631663,2.648443207486409,1.5851382952284965,Cu,PRUNED
1277,-28.84615384614497,2026-03-20 05:22:03.153294,2026-03-20 05:22:07.049819,0 days 00:00:03.896525,48.76680365489443,3.5198755146902228,0.39356039932675424,Ag,PRUNED
1278,-0.8928571428571173,2026-03-20 05:22:03.170407,2026-03-20 05:22:06.631329,0 days 00:00:03.460922,21.904940719418356,13.592423866933746,1.987471666455869,Ag,PRUNED
1279,-5.050505050504745,2026-03-20 05:22:03.186476,2026-03-20 05:22:06.574024,0 days 00:00:03.387548,24.69864054862317,5.00685484256338,1.6440158733461048,Cu,PRUNED
1280,0.0,2026-03-20 05:22:03.201105,2026-03-20 05:22:06.781089,0 days 00:00:03.579984,110.81224682025513,8.497928765344973,1.5788855166481957,Cu,PRUNED
1281,-0.7183908045976887,2026-03-20 05:22:03.233293,2026-03-20 05:22:06.875978,0 days 00:00:03.642685,68.64053948405314,14.864176946543243,1.8179975524283336,Au,PRUNED
1282,-9.433962264150232,2026-03-20 05:22:03.247977,2026-03-20 05:22:06.877984,0 days 00:00:03.630007,27.65778525192205,16.29551200115786,0.12375272046328825,Ag,PRUNED
1283,-318.80952380948725,2026-03-20 05:22:06.632325,2026-03-20 05:22:07.631647,0 days 00:00:00.999322,22.257616210929843,16.4792100803087,1.7882195909126646,Au,COMPLETE
1284,0.0,2026-03-20 05:22:06.745076,2026-03-20 05:22:07.642656,0 days 00:00:00.897580,20.31068651673864,15.881061574931447,0.11927936666603275,Au,PRUNED
1285,-2.2435897435897094,2026-03-20 05:22:06.833432,2026-03-20 05:22:07.611473,0 days 00:00:00.778041,75.12097819162636,8.086335282590364,1.6414496040931055,Cu,PRUNED
1286,-8.928571428570578,2026-03-20 05:22:07.021100,2026-03-20 05:22:07.958023,0 days 00:00:00.936923,51.13463858275023,15.752637974874393,1.961026152653136,Ag,PRUNED
1287,0.0,2026-03-20 05:22:07.129014,2026-03-20 05:22:07.631647,0 days 00:00:00.502633,20.271602846926775,18.226688939864975,0.17555930455752694,Au,PRUNED
1288,-47.14912280699298,2026-03-20 05:22:07.113351,2026-03-20 05:22:07.973446,0 days 00:00:00.860095,71.87398760712016,0.518237282626018,0.6770489312099508,Ag,COMPLETE
1289,-16.47286821705273,2026-03-20 05:22:07.176324,2026-03-20 05:22:07.860397,0 days 00:00:00.684073,61.01767244261337,5.779477104534449,0.41735850302929445,Au,PRUNED
1290,-34.090909090896695,2026-03-20 05:22:07.187838,2026-03-20 05:22:07.754740,0 days 00:00:00.566902,74.53420841995668,3.672844916320485,0.5651396393922998,Ag,PRUNED
1291,0.0,2026-03-20 05:22:07.717620,2026-03-20 05:22:08.500560,0 days 00:00:00.782940,112.41167202437705,17.54752274036057,0.6147407869183672,Cu,PRUNED
1292,-12.731481481480067,2026-03-20 05:22:07.758120,2026-03-20 05:22:08.379192,0 days 00:00:00.621072,23.276013102772545,15.35817462709295,1.944942833369375,Au,PRUNED
1293,0.0,2026-03-20 05:22:07.799811,2026-03-20 05:22:08.320872,0 days 00:00:00.521061,23.960527784244334,11.820072021131843,1.8371163879382828,Au,PRUNED
1294,0.0,2026-03-20 05:22:07.879424,2026-03-20 05:22:08.380139,0 days 00:00:00.500715,21.739885796271707,13.45564686795258,1.6998324185302998,Au,PRUNED
1295,-9.114583333332195,2026-03-20 05:22:07.924550,2026-03-20 05:22:08.609292,0 days 00:00:00.684742,24.265066833895414,16.69908681136259,1.4799727432854783,Au,PRUNED
1296,1.1904761904760544,2026-03-20 05:22:07.972941,2026-03-20 05:22:08.643400,0 days 00:00:00.670459,27.226542587220713,16.022176727881888,1.4230218012825773,Au,PRUNED
1297,-14.957264957263424,2026-03-20 05:22:08.051070,2026-03-20 05:22:08.499495,0 days 00:00:00.448425,26.329627171274158,12.87799009787474,1.7963026825587598,Au,PRUNED
1298,-12.731481481480067,2026-03-20 05:22:08.164610,2026-03-20 05:22:09.017695,0 days 00:00:00.853085,49.81921702392182,3.402390685801661,0.4925009597452511,Cu,PRUNED
1299,-1.1904761904760544,2026-03-20 05:22:08.409698,2026-03-20 05:22:09.077540,0 days 00:00:00.667842,27.432268039145086,15.571573044969737,1.4011054360570268,Au,PRUNED
1300,82.41421568627209,2026-03-20 05:22:08.461103,2026-03-20 05:22:09.111146,0 days 00:00:00.650043,24.243189010827532,19.108694986199037,1.767198895424774,Au,PRUNED
1301,-0.8992805755395424,2026-03-20 05:22:08.533369,2026-03-20 05:22:09.048065,0 days 00:00:00.514696,20.351803438391876,16.898817630373454,1.7549202101095442,Ag,PRUNED
1302,-34.090909090896695,2026-03-20 05:22:08.573907,2026-03-20 05:22:09.280665,0 days 00:00:00.706758,63.99328366119439,4.117978149613362,0.5012031540230119,Ag,PRUNED
1303,79.01234567901,2026-03-20 05:22:08.617063,2026-03-20 05:22:09.372885,0 days 00:00:00.755822,34.89472151362568,14.591124318319903,1.7323072439457734,Au,PRUNED
1304,-8.62068965517182,2026-03-20 05:22:08.747705,2026-03-20 05:22:09.372885,0 days 00:00:00.625180,33.80259143002528,7.437052477169191,0.14847851230664216,Au,PRUNED
1305,-38.88888888887154,2026-03-20 05:22:08.797409,2026-03-20 05:22:09.529830,0 days 00:00:00.732421,53.77196733130668,1.1594979459603652,0.5494715245207864,Ag,COMPLETE
1306,-8.474576271185866,2026-03-20 05:22:09.112651,2026-03-20 05:22:09.833090,0 days 00:00:00.720439,33.41077922657932,8.345657200642279,1.5515785844037662,Cu,PRUNED
1307,0.0,2026-03-20 05:22:09.174480,2026-03-20 05:22:10.171282,0 days 00:00:00.996802,119.4258644509978,17.229814664936857,1.7484509617373631,Ag,PRUNED
1308,0.0,2026-03-20 05:22:09.201024,2026-03-20 05:22:09.903777,0 days 00:00:00.702753,34.62982652707008,15.93765823672123,1.9446195195034686,Au,PRUNED
1309,-1.1904761904761563,2026-03-20 05:22:09.288197,2026-03-20 05:22:09.874373,0 days 00:00:00.586176,20.30824818059116,17.884079321047125,0.33889669153625246,Ag,PRUNED
1310,-0.8468834688346746,2026-03-20 05:22:09.471965,2026-03-20 05:22:09.927365,0 days 00:00:00.455400,91.09358311085069,16.043040723207596,0.43367646084757605,Cu,PRUNED
1311,0.0,2026-03-20 05:22:09.500899,2026-03-20 05:22:10.171282,0 days 00:00:00.670383,105.18037309559298,15.319673786617162,1.4224634490351897,Ag,PRUNED
1312,-36.8589743589601,2026-03-20 05:22:09.552196,2026-03-20 05:22:10.044525,0 days 00:00:00.492329,56.12822715217089,3.998425511836481,0.3923435954187082,Ag,COMPLETE
1313,-0.5165289256198261,2026-03-20 05:22:09.734008,2026-03-20 05:22:10.466084,0 days 00:00:00.732076,116.4754142176412,13.022953328371152,0.2803593337176056,Au,PRUNED
1314,-0.5165289256198261,2026-03-20 05:22:09.951000,2026-03-20 05:22:10.494331,0 days 00:00:00.543331,113.4032243097858,12.261392767363226,0.4828562825517886,Au,PRUNED
1315,-9.722222222220926,2026-03-20 05:22:10.015820,2026-03-20 05:22:10.649958,0 days 00:00:00.634138,22.061786799882512,17.818440256288262,1.8139655949709161,Au,PRUNED
1316,80.86419753086179,2026-03-20 05:22:10.062695,2026-03-20 05:22:10.777873,0 days 00:00:00.715178,29.466343648571367,16.380645397457982,1.9272328470026157,Au,PRUNED
1317,-34.090909090896695,2026-03-20 05:22:10.098923,2026-03-20 05:22:10.839702,0 days 00:00:00.740779,48.8934153374531,0.7372278811015043,0.5005439226217518,Ag,PRUNED
1318,0.0,2026-03-20 05:22:10.165280,2026-03-20 05:22:11.023452,0 days 00:00:00.858172,30.983989535866534,17.194022100983755,1.777824762145967,Au,PRUNED
1319,-2.4038461538461076,2026-03-20 05:22:10.405198,2026-03-20 05:22:10.967449,0 days 00:00:00.562251,85.3488564017044,5.20711562687549,0.11535184936629178,Cu,PRUNED
1320,-31.249999999989583,2026-03-20 05:22:10.452369,2026-03-20 05:22:11.170322,0 days 00:00:00.717953,48.93369318850225,1.6546352210477795,0.5626137625419237,Ag,PRUNED
1321,-20.833333333328703,2026-03-20 05:22:10.629179,2026-03-20 05:22:11.171426,0 days 00:00:00.542247,88.63695109825292,3.874170588994227,0.26397338711219087,Ag,PRUNED
1322,0.0,2026-03-20 05:22:10.668091,2026-03-20 05:22:11.324182,0 days 00:00:00.656091,58.51352484653107,19.01007492934679,1.8968385581625455,Au,PRUNED
1323,0.0,2026-03-20 05:22:10.748727,2026-03-20 05:22:11.244630,0 days 00:00:00.495903,40.48934428253248,16.8877626184126,1.7773556066515221,Au,PRUNED
1324,0.0,2026-03-20 05:22:10.876154,2026-03-20 05:22:11.400582,0 days 00:00:00.524428,41.12386612822699,19.99452710070753,0.44036683909504915,Au,PRUNED
1325,-11.261261261260044,2026-03-20 05:22:10.916292,2026-03-20 05:22:11.743491,0 days 00:00:00.827199,33.38140867093738,7.2501285557822435,1.6750017459885167,Ag,PRUNED
1326,1.689189189189098,2026-03-20 05:22:11.073092,2026-03-20 05:22:11.520688,0 days 00:00:00.447596,52.910486846586394,14.258079206870544,0.5465421047720499,Cu,PRUNED
1327,-0.5827505827505663,2026-03-20 05:22:11.104506,2026-03-20 05:22:11.774059,0 days 00:00:00.669553,51.82160303587279,12.584278016333693,1.924762970185424,Au,PRUNED
1328,0.0,2026-03-20 05:22:11.277495,2026-03-20 05:22:11.803533,0 days 00:00:00.526038,23.097420246060924,13.234128442452342,1.4336328582374318,Au,PRUNED
1329,-34.72222222221065,2026-03-20 05:22:11.299811,2026-03-20 05:22:12.115594,0 days 00:00:00.815783,75.75799602946877,5.381022311850485,0.3403546249861064,Ag,PRUNED
1330,-34.72222222221065,2026-03-20 05:22:11.325240,2026-03-20 05:22:11.983003,0 days 00:00:00.657763,65.63385945960441,4.918588536044725,0.5088720958554098,Ag,PRUNED
1331,-37.499999999985,2026-03-20 05:22:11.403164,2026-03-20 05:22:12.047155,0 days 00:00:00.643991,71.90904633536964,2.9076556331684156,0.6132373033520712,Ag,PRUNED
1332,0.1693766937669349,2026-03-20 05:22:11.481806,2026-03-20 05:22:12.116099,0 days 00:00:00.634293,105.30925051971815,13.526040139568073,1.1811775114034166,Cu,PRUNED
1333,-0.6802721088435263,2026-03-20 05:22:11.578472,2026-03-20 05:22:12.329551,0 days 00:00:00.751079,89.67325385822187,10.352814042062521,0.6722415565948106,Au,PRUNED
1334,-37.499999999985,2026-03-20 05:22:11.821973,2026-03-20 05:22:12.456226,0 days 00:00:00.634253,75.4882389325459,3.244381494022951,0.5666827963465284,Ag,PRUNED
1335,0.0,2026-03-20 05:22:11.933894,2026-03-20 05:22:12.486444,0 days 00:00:00.552550,42.74862484667199,16.875385605896206,1.3985407018307272,Au,PRUNED
1336,-1.1990407673860566,2026-03-20 05:22:11.957534,2026-03-20 05:22:12.631169,0 days 00:00:00.673635,20.144340838731722,17.98534993681092,1.555807450276192,Ag,PRUNED
1337,0.0,2026-03-20 05:22:12.082909,2026-03-20 05:22:12.797678,0 days 00:00:00.714769,20.204497919008972,15.777408980408289,1.4892350310760045,Au,PRUNED
1338,-12.195121951218322,2026-03-20 05:22:12.168863,2026-03-20 05:22:13.017717,0 days 00:00:00.848854,51.537050886322035,4.465313356966454,1.1582521290800953,Cu,PRUNED
1339,-34.72222222221065,2026-03-20 05:22:12.244405,2026-03-20 05:22:12.915238,0 days 00:00:00.670833,81.68054455271728,4.898708215020931,0.15355468882352943,Ag,PRUNED
1340,-32.05128205127219,2026-03-20 05:22:12.261642,2026-03-20 05:22:12.861182,0 days 00:00:00.599540,82.5338072020501,5.210172562751577,0.19794468420644373,Ag,PRUNED
1341,-7.751937984495402,2026-03-20 05:22:12.388092,2026-03-20 05:22:13.059606,0 days 00:00:00.671514,28.014623933304698,4.330013523144615,1.594348820038252,Ag,PRUNED
1342,0.29761904761903907,2026-03-20 05:22:12.537020,2026-03-20 05:22:13.316514,0 days 00:00:00.779494,21.081735561913046,8.803623841241823,1.5443010734478702,Au,PRUNED
1343,-5.681818181817838,2026-03-20 05:22:12.566267,2026-03-20 05:22:13.391409,0 days 00:00:00.825142,25.336956493999658,6.946272402448351,1.4693052613769257,Cu,PRUNED
1344,-32.05128205127219,2026-03-20 05:22:12.792843,2026-03-20 05:22:13.454249,0 days 00:00:00.661406,83.31053035589457,4.628911629295782,0.1034161883526648,Ag,PRUNED
1345,-2.873563218390408,2026-03-20 05:22:12.946893,2026-03-20 05:22:13.563975,0 days 00:00:00.617082,21.602695254823534,19.041004914546654,1.967318611491716,Au,PRUNED
1346,-40.03267973854628,2026-03-20 05:22:12.955208,2026-03-20 05:22:13.566035,0 days 00:00:00.610827,66.82182963510584,5.704931729216668,0.10516761715455979,Ag,COMPLETE
1347,-0.8169934640522235,2026-03-20 05:22:12.989060,2026-03-20 05:22:13.677512,0 days 00:00:00.688452,35.23837216510967,12.373009236071168,1.1533173816687616,Au,PRUNED
1348,-43.65079365077286,2026-03-20 05:22:13.122579,2026-03-20 05:22:13.969801,0 days 00:00:00.847222,73.63086073784743,1.9565006193964498,0.5711349335274531,Ag,COMPLETE
1349,-0.5910165484633402,2026-03-20 05:22:13.161149,2026-03-20 05:22:13.674787,0 days 00:00:00.513638,22.62305775533835,6.278584634883718,1.331106786997965,Cu,PRUNED
1350,-33.33333333332,2026-03-20 05:22:13.510930,2026-03-20 05:22:14.215884,0 days 00:00:00.704954,52.14148638819356,1.0212771871133763,0.4761403691141625,Ag,PRUNED
1351,-0.8928571428571173,2026-03-20 05:22:13.533411,2026-03-20 05:22:14.310726,0 days 00:00:00.777315,21.5293063045854,16.878836100908988,0.11904217956149116,Ag,PRUNED
1352,0.0,2026-03-20 05:22:13.616393,2026-03-20 05:22:14.188641,0 days 00:00:00.572248,20.05117020026219,16.350740783557825,1.6661845713220695,Au,PRUNED
1353,-43.749999999978115,2026-03-20 05:22:13.647710,2026-03-20 05:22:14.139879,0 days 00:00:00.492169,58.80694260007814,0.6347225453299499,0.5880614839370062,Ag,COMPLETE
1354,-37.66025641024198,2026-03-20 05:22:13.778335,2026-03-20 05:22:14.650776,0 days 00:00:00.872441,77.11397536472539,4.1727779612440035,0.44227628414636944,Ag,COMPLETE
1355,-19.60784313725029,2026-03-20 05:22:13.829639,2026-03-20 05:22:14.475914,0 days 00:00:00.646275,88.31888713170235,1.800499142094513,0.5210926524273432,Ag,PRUNED
1356,-19.736842105259,2026-03-20 05:22:13.889242,2026-03-20 05:22:14.527872,0 days 00:00:00.638630,88.96171484090479,3.5457839971409078,0.32078971525414524,Ag,PRUNED
1357,-0.5952380952380781,2026-03-20 05:22:14.233685,2026-03-20 05:22:15.044024,0 days 00:00:00.810339,21.609715583186365,11.396785241677712,1.9429776471039504,Cu,PRUNED
1358,-0.6973500697349952,2026-03-20 05:22:14.273946,2026-03-20 05:22:15.181747,0 days 00:00:00.907801,86.29326805479326,16.2079537819743,1.142494383624171,Au,PRUNED
1359,-34.72222222221065,2026-03-20 05:22:14.343215,2026-03-20 05:22:14.965653,0 days 00:00:00.622438,53.51133639057471,5.647109993189483,0.1838068662837328,Ag,PRUNED
1360,-0.6915629322268211,2026-03-20 05:22:14.410969,2026-03-20 05:22:15.196601,0 days 00:00:00.785632,95.41769313126943,14.030274620766654,1.1737649179890994,Au,PRUNED
1361,-34.090909090896695,2026-03-20 05:22:14.259497,2026-03-20 05:22:15.183744,0 days 00:00:00.924247,65.03674614892505,5.0664680396761135,0.23981600648126883,Ag,PRUNED
1362,-31.249999999989583,2026-03-20 05:22:14.599606,2026-03-20 05:22:15.367933,0 days 00:00:00.768327,54.86001908229666,4.59363146732878,0.3905520371576363,Ag,PRUNED
1363,-33.33333333332,2026-03-20 05:22:14.629094,2026-03-20 05:22:15.221753,0 days 00:00:00.592659,53.90423577521799,0.9181884335218291,0.5473856494759634,Ag,PRUNED
1364,-37.499999999985,2026-03-20 05:22:14.785751,2026-03-20 05:22:15.516555,0 days 00:00:00.730804,64.03219690064132,4.468426733488155,0.39277080568617223,Ag,PRUNED
1365,7.852564102563981,2026-03-20 05:22:15.082277,2026-03-20 05:22:15.706707,0 days 00:00:00.624430,97.25032461105867,13.41099040434356,1.7837315450300388,Ag,PRUNED
1366,-23.809523809517003,2026-03-20 05:22:15.127911,2026-03-20 05:22:15.788676,0 days 00:00:00.660765,88.114669761968,0.6974422080306836,0.3439177457892022,Ag,PRUNED
1367,-31.249999999989583,2026-03-20 05:22:15.227849,2026-03-20 05:22:15.976054,0 days 00:00:00.748205,47.83523078783135,3.3297981454767687,0.13493782982088862,Ag,PRUNED
1368,-1.6801075268816934,2026-03-20 05:22:15.300843,2026-03-20 05:22:15.947285,0 days 00:00:00.646442,119.44214936377526,6.514297878269407,0.7514376601711212,Ag,PRUNED
1369,-39.99999999998411,2026-03-20 05:22:15.387487,2026-03-20 05:22:16.113957,0 days 00:00:00.726470,63.766784142513806,5.3504434034074535,0.12555853820400525,Ag,COMPLETE
1370,12.896825396825191,2026-03-20 05:22:15.439259,2026-03-20 05:22:16.148289,0 days 00:00:00.709030,108.33180133687931,4.5793591586816484,0.7850231626314768,Au,PRUNED
1371,-26.785714285706632,2026-03-20 05:22:15.484155,2026-03-20 05:22:16.194956,0 days 00:00:00.710801,84.10416830964569,4.428838286311656,0.15454348855680242,Ag,PRUNED
1372,-20.833333333328703,2026-03-20 05:22:15.547251,2026-03-20 05:22:16.323182,0 days 00:00:00.775931,88.79898989995165,2.740731235913508,0.2993348764953879,Ag,PRUNED
1373,-34.090909090896695,2026-03-20 05:22:15.777608,2026-03-20 05:22:16.539877,0 days 00:00:00.762269,54.74555238916781,3.581581435779208,0.3760233465806899,Ag,PRUNED
1374,-1.4988009592325708,2026-03-20 05:22:15.898053,2026-03-20 05:22:16.617858,0 days 00:00:00.719805,20.47879724004107,19.265972363474585,1.5173687151483817,Ag,PRUNED
1375,-43.803418803396184,2026-03-20 05:22:16.035164,2026-03-20 05:22:16.847975,0 days 00:00:00.812811,58.5958391380322,0.6037863281697982,0.5307213563986204,Ag,COMPLETE
1376,-9.523809523808435,2026-03-20 05:22:16.084290,2026-03-20 05:22:16.894813,0 days 00:00:00.810523,92.45033127743932,1.6106363629257796,0.32149714720975137,Ag,PRUNED
1377,0.0,2026-03-20 05:22:16.242024,2026-03-20 05:22:16.680038,0 days 00:00:00.438014,21.71382199100033,12.117349940678658,1.3687914417991491,Au,PRUNED
1378,-28.84615384614497,2026-03-20 05:22:16.260717,2026-03-20 05:22:16.879651,0 days 00:00:00.618934,49.2515254833675,4.2716292519762815,0.2077255626923068,Ag,PRUNED
1379,-24.99999999999333,2026-03-20 05:22:16.306586,2026-03-20 05:22:17.111551,0 days 00:00:00.804965,45.44949850228248,3.449814691298757,0.36812850432428434,Ag,PRUNED
1380,-31.249999999989583,2026-03-20 05:22:16.397836,2026-03-20 05:22:17.081791,0 days 00:00:00.683955,52.99756448927897,4.537656955186491,0.114324232636951,Ag,PRUNED
1381,-12.596899224805028,2026-03-20 05:22:16.655739,2026-03-20 05:22:17.599324,0 days 00:00:00.943585,51.44627739469139,6.781480397259845,0.12404435299144503,Cu,PRUNED
1382,-34.090909090896695,2026-03-20 05:22:16.716195,2026-03-20 05:22:17.309702,0 days 00:00:00.593507,75.51427102634572,4.540970484905805,0.3794983602691224,Ag,PRUNED
1383,-3.968253968253779,2026-03-20 05:22:16.727806,2026-03-20 05:22:17.198649,0 days 00:00:00.470843,94.58794757848318,1.0154737337912612,0.10144543209049092,Ag,PRUNED
1384,-5.747126436780816,2026-03-20 05:22:16.948177,2026-03-20 05:22:17.580477,0 days 00:00:00.632300,35.7544546591662,18.538849770407232,1.5416191575059166,Ag,PRUNED
1385,-0.7374631268436447,2026-03-20 05:22:16.969243,2026-03-20 05:22:17.440532,0 days 00:00:00.471289,64.25265457916666,15.862977185002585,0.6088544679360672,Au,PRUNED
1386,-10.86956521739036,2026-03-20 05:22:17.017860,2026-03-20 05:22:18.034240,0 days 00:00:01.016380,48.119800737832115,5.107786081624352,1.4948714482795729,Cu,PRUNED
1387,-34.72222222221065,2026-03-20 05:22:17.165026,2026-03-20 05:22:17.818023,0 days 00:00:00.652997,77.11864087735371,5.313063677836826,0.3991546819861919,Ag,PRUNED
1388,6.720430107526774,2026-03-20 05:22:17.186953,2026-03-20 05:22:17.977928,0 days 00:00:00.790975,109.69980970056974,4.717560529993693,1.0651596998630515,Cu,PRUNED
1389,-37.499999999985,2026-03-20 05:22:17.288076,2026-03-20 05:22:17.767134,0 days 00:00:00.479058,75.9135265727906,4.0376844868847295,0.39974426730300006,Ag,PRUNED
1390,-37.037037037020575,2026-03-20 05:22:17.396412,2026-03-20 05:22:18.108795,0 days 00:00:00.712383,57.512578340504476,0.8887189154942979,0.6163544868929213,Ag,PRUNED
1391,-37.499999999985,2026-03-20 05:22:17.499280,2026-03-20 05:22:18.049129,0 days 00:00:00.549849,75.53988952342422,2.380786333064835,0.6251465244616914,Ag,PRUNED
1392,-0.49603174603173816,2026-03-20 05:22:17.655415,2026-03-20 05:22:18.505552,0 days 00:00:00.850137,81.81867086418505,8.733768353050717,1.4776069122992626,Au,PRUNED
1393,-10.22012578616275,2026-03-20 05:22:17.711096,2026-03-20 05:22:18.535969,0 days 00:00:00.824873,24.725087863379436,19.28958818313039,0.4473122672106863,Ag,PRUNED
1394,0.0,2026-03-20 05:22:17.891236,2026-03-20 05:22:18.465806,0 days 00:00:00.574570,21.431348453916602,13.278210585190086,0.6264080935762083,Au,PRUNED
1395,-34.090909090896695,2026-03-20 05:22:17.961877,2026-03-20 05:22:18.874073,0 days 00:00:00.912196,76.9755339686927,4.1761164523154175,0.40960578549803656,Ag,PRUNED
1396,-37.735849056589586,2026-03-20 05:22:18.098254,2026-03-20 05:22:18.836012,0 days 00:00:00.737758,71.95297516492064,5.264329667346541,0.37014838514165377,Ag,COMPLETE
1397,-33.33333333332,2026-03-20 05:22:18.164159,2026-03-20 05:22:18.875075,0 days 00:00:00.710916,80.31851603801343,0.5153493429789037,0.5559606125133022,Ag,PRUNED
1398,-45.94017094014737,2026-03-20 05:22:18.241411,2026-03-20 05:22:18.821623,0 days 00:00:00.580212,75.21353473347752,0.6870932102324414,0.6128128048242132,Ag,COMPLETE
1399,-43.74999999997827,2026-03-20 05:22:18.270495,2026-03-20 05:22:18.961581,0 days 00:00:00.691086,76.78865703543421,0.6156175852060659,0.6017645812180973,Ag,COMPLETE
1400,0.0,2026-03-20 05:22:18.623801,2026-03-20 05:22:19.556718,0 days 00:00:00.932917,36.53962628078,15.012904257954542,1.6969366936479024,Au,PRUNED
1401,-37.499999999985,2026-03-20 05:22:18.648960,2026-03-20 05:22:19.754591,0 days 00:00:01.105631,66.11088583427892,5.470750335618678,0.11251050420299707,Ag,PRUNED
1402,-34.72222222221065,2026-03-20 05:22:18.678428,2026-03-20 05:22:19.477552,0 days 00:00:00.799124,60.883165824249886,5.58319049186935,0.24673308958309725,Ag,PRUNED
1403,-17.857142857139454,2026-03-20 05:22:18.993753,2026-03-20 05:22:19.556718,0 days 00:00:00.562965,89.8104383673679,3.147150671178669,0.12222553203828454,Ag,PRUNED
1404,-14.492753623185884,2026-03-20 05:22:18.963087,2026-03-20 05:22:19.631589,0 days 00:00:00.668502,90.86143529243526,0.6326710187928709,0.4346110495928498,Ag,PRUNED
1405,0.0,2026-03-20 05:22:19.056447,2026-03-20 05:22:19.600820,0 days 00:00:00.544373,22.40106950834967,13.928323203787293,1.7783874997336016,Au,PRUNED
1406,-28.84615384614497,2026-03-20 05:22:19.153880,2026-03-20 05:22:19.880544,0 days 00:00:00.726664,50.68374340058237,4.129351527287475,0.28962273057585186,Ag,PRUNED
1407,0.0,2026-03-20 05:22:19.162432,2026-03-20 05:22:19.693950,0 days 00:00:00.531518,39.26252751610477,15.200560933662798,1.660313850537318,Au,PRUNED
1408,-5.1282051282048124,2026-03-20 05:22:19.598276,2026-03-20 05:22:20.550494,0 days 00:00:00.952218,25.221525718427397,2.8886828307342944,1.8895527532861296,Cu,PRUNED
1409,-0.8928571428571173,2026-03-20 05:22:19.711578,2026-03-20 05:22:20.459735,0 days 00:00:00.748157,20.71025569485261,16.20858528998448,1.6087945326883806,Ag,PRUNED
1410,-8.928571428570791,2026-03-20 05:22:19.733804,2026-03-20 05:22:20.475346,0 days 00:00:00.741542,22.281998986029258,18.971839575534847,1.9685309147262706,Ag,PRUNED
1411,-39.166666666650826,2026-03-20 05:22:19.790014,2026-03-20 05:22:20.488129,0 days 00:00:00.698115,64.8719612560016,4.525006014616126,0.4765084573801588,Ag,COMPLETE
1412,-1.1820330969266803,2026-03-20 05:22:19.804618,2026-03-20 05:22:20.394965,0 days 00:00:00.590347,20.074089689203593,14.325534023644241,0.12888083595992395,Ag,PRUNED
1413,-12.34567901234385,2026-03-20 05:22:19.819730,2026-03-20 05:22:20.397481,0 days 00:00:00.577751,91.18909617875818,0.7557860008876738,0.4024918926735722,Ag,PRUNED
1414,-9.259259259258574,2026-03-20 05:22:19.850957,2026-03-20 05:22:20.474344,0 days 00:00:00.623387,28.848465324263604,14.46969621460102,1.6349147331855314,Ag,PRUNED
1415,-10.802469135801669,2026-03-20 05:22:19.957171,2026-03-20 05:22:20.458739,0 days 00:00:00.501568,28.734653942285462,16.018203818414577,1.4811925083012756,Ag,PRUNED
1416,-22.058823529406574,2026-03-20 05:22:20.416127,2026-03-20 05:22:21.152322,0 days 00:00:00.736195,89.29972999967607,2.4883362556869097,0.10120579686200941,Ag,PRUNED
1417,-1.446759259259219,2026-03-20 05:22:20.580488,2026-03-20 05:22:21.168955,0 days 00:00:00.588467,45.36436772435395,17.310351127501182,1.9335059476574856,Cu,PRUNED
1418,-9.9999999999992,2026-03-20 05:22:20.618190,2026-03-20 05:22:21.418070,0 days 00:00:00.799880,41.272259218989916,5.751616573482475,1.2347745193930568,Cu,PRUNED
1419,-44.871794871771925,2026-03-20 05:22:20.658108,2026-03-20 05:22:21.311067,0 days 00:00:00.652959,59.58371670856496,0.7036042444068895,0.549881948015443,Ag,COMPLETE
1420,-0.8865248226950103,2026-03-20 05:22:20.680202,2026-03-20 05:22:21.227299,0 days 00:00:00.547097,21.201767706087452,13.316709295021116,0.5402916687783232,Ag,PRUNED
1421,-37.037037037020575,2026-03-20 05:22:20.610459,2026-03-20 05:22:21.230367,0 days 00:00:00.619908,77.90990854444765,0.5794828313655934,0.5782830905631219,Ag,PRUNED
1422,-12.121212121211238,2026-03-20 05:22:20.719848,2026-03-20 05:22:21.228305,0 days 00:00:00.508457,88.90619635246634,4.022539258696534,0.5453314722207514,Au,PRUNED
1423,-28.84615384614497,2026-03-20 05:22:20.750850,2026-03-20 05:22:21.229361,0 days 00:00:00.478511,49.66836785751157,3.9645818177968097,0.27701237592796174,Ag,PRUNED
1424,-11.43790849673113,2026-03-20 05:22:21.204936,2026-03-20 05:22:22.016419,0 days 00:00:00.811483,28.122155396545786,18.1607140704507,0.11427466072387236,Ag,PRUNED
1425,-34.090909090896695,2026-03-20 05:22:21.279699,2026-03-20 05:22:22.069205,0 days 00:00:00.789506,53.60330824631727,2.8661773025354518,0.525871604279827,Ag,PRUNED
1426,-0.5868544600938801,2026-03-20 05:22:21.372376,2026-03-20 05:22:22.131313,0 days 00:00:00.758937,20.17024274541426,1.5294996187033782,1.5973814865558829,Cu,PRUNED
1427,-28.84615384614497,2026-03-20 05:22:21.454053,2026-03-20 05:22:22.225781,0 days 00:00:00.771728,83.74131905844924,3.7262995358875757,0.4094885450352499,Ag,PRUNED
1428,-2.822045152722399,2026-03-20 05:22:21.480258,2026-03-20 05:22:21.959559,0 days 00:00:00.479301,94.7296255790356,5.13269811400543,0.1200254588987267,Au,PRUNED
1429,-16.30434782608554,2026-03-20 05:22:21.527587,2026-03-20 05:22:22.115028,0 days 00:00:00.587441,28.85021629819814,19.567829248516553,0.19544121951914287,Ag,PRUNED
1430,-28.84615384614497,2026-03-20 05:22:21.594940,2026-03-20 05:22:22.274498,0 days 00:00:00.679558,87.10434279859004,0.5546902829724264,0.3873587100530587,Ag,PRUNED
1431,65.60283687943075,2026-03-20 05:22:21.655552,2026-03-20 05:22:22.533259,0 days 00:00:00.877707,47.86867895250049,12.285363521966994,1.3955246037992068,Au,PRUNED
1432,-7.075471698112674,2026-03-20 05:22:22.045083,2026-03-20 05:22:22.736496,0 days 00:00:00.691413,24.542129959031065,8.733391550522585,0.4712240547191501,Ag,PRUNED
1433,-31.249999999989583,2026-03-20 05:22:22.086414,2026-03-20 05:22:22.715145,0 days 00:00:00.628731,74.98739975475273,4.821869931485964,0.31044203205761045,Ag,PRUNED
1434,-40.798611111094175,2026-03-20 05:22:22.172953,2026-03-20 05:22:23.034916,0 days 00:00:00.861963,74.33296275187789,4.597986289423448,0.10238540000511671,Ag,COMPLETE
1435,55.55555555555401,2026-03-20 05:22:22.211795,2026-03-20 05:22:22.771858,0 days 00:00:00.560063,47.05865070651802,16.776423756573454,0.9900883670635083,Cu,PRUNED
1436,-12.254901960782872,2026-03-20 05:22:22.244049,2026-03-20 05:22:22.797461,0 days 00:00:00.553412,22.586637133150358,16.638421392942394,1.7379152982204422,Au,PRUNED
1437,-31.249999999989583,2026-03-20 05:22:22.303981,2026-03-20 05:22:23.036266,0 days 00:00:00.732285,51.05511119607705,4.336432126083258,0.14183611481582328,Ag,PRUNED
1438,-31.249999999989583,2026-03-20 05:22:22.302974,2026-03-20 05:22:22.861964,0 days 00:00:00.558990,50.03349523461772,3.5011092101148833,0.11500500213822701,Ag,PRUNED
1439,-34.090909090896695,2026-03-20 05:22:22.639476,2026-03-20 05:22:23.424124,0 days 00:00:00.784648,59.816990953773235,3.0903910885564305,0.5423127048965504,Ag,PRUNED
1440,-26.785714285706632,2026-03-20 05:22:22.816149,2026-03-20 05:22:23.607707,0 days 00:00:00.791558,45.560223703022544,2.6242876018513073,0.37469334737832316,Ag,PRUNED
1441,-28.84615384614497,2026-03-20 05:22:22.910705,2026-03-20 05:22:23.380483,0 days 00:00:00.469778,47.90136069979653,3.7583485404904025,0.10425832990282198,Ag,PRUNED
1442,-31.249999999989583,2026-03-20 05:22:22.943916,2026-03-20 05:22:23.516399,0 days 00:00:00.572483,52.15009196387425,4.370955885078464,0.16425831921364314,Ag,PRUNED
1443,-37.499999999985,2026-03-20 05:22:22.958476,2026-03-20 05:22:23.669383,0 days 00:00:00.710907,56.048320038775984,2.164217348457741,0.4987905105901067,Ag,PRUNED
1444,-25.641025641017748,2026-03-20 05:22:22.987298,2026-03-20 05:22:24.091476,0 days 00:00:01.104178,46.72433364921186,1.923892681473053,0.478071002509605,Ag,PRUNED
1445,16.634366925064345,2026-03-20 05:22:23.130559,2026-03-20 05:22:24.044552,0 days 00:00:00.913993,81.5979677885756,11.24325857501819,0.9062975584632598,Cu,PRUNED
1446,-17.045454545451445,2026-03-20 05:22:23.218381,2026-03-20 05:22:24.045599,0 days 00:00:00.827218,90.42412625747188,3.6155071856581036,0.15746362285650994,Ag,PRUNED
1447,-38.46153846152378,2026-03-20 05:22:23.478115,2026-03-20 05:22:23.969066,0 days 00:00:00.490951,76.41622049835793,5.240653317646107,0.10871053877630607,Ag,COMPLETE
1448,-14.166666666665535,2026-03-20 05:22:23.513617,2026-03-20 05:22:24.107980,0 days 00:00:00.594363,77.56316660664216,5.406403875855143,0.9029006436282319,Au,PRUNED
1449,-34.72222222221065,2026-03-20 05:22:23.639063,2026-03-20 05:22:24.386607,0 days 00:00:00.747544,51.323783217367875,3.965207071519715,0.10057047531583907,Ag,PRUNED
1450,-12.96296296296181,2026-03-20 05:22:23.772140,2026-03-20 05:22:24.241479,0 days 00:00:00.469339,60.65478612224597,7.095900097745348,0.5477401924153844,Cu,PRUNED
1451,0.0,2026-03-20 05:22:23.797525,2026-03-20 05:22:24.583185,0 days 00:00:00.785660,20.26917777542949,15.416985760944355,1.694970799254926,Au,PRUNED
1452,-14.492753623187145,2026-03-20 05:22:24.126259,2026-03-20 05:22:24.840593,0 days 00:00:00.714334,48.919084535828006,6.334614322190902,0.10581723355359719,Au,PRUNED
1453,0.0,2026-03-20 05:22:24.159755,2026-03-20 05:22:24.902670,0 days 00:00:00.742915,34.72853200208707,19.88988109533486,1.4602707905124754,Au,PRUNED
1454,-48.6111111110841,2026-03-20 05:22:24.187931,2026-03-20 05:22:24.734103,0 days 00:00:00.546172,69.2792577776692,0.565434157571748,0.5802826266582232,Ag,COMPLETE
1455,-37.037037037020575,2026-03-20 05:22:24.224732,2026-03-20 05:22:25.060562,0 days 00:00:00.835830,76.42940327722117,0.8819127852186474,0.5737734285959182,Ag,PRUNED
1456,-37.037037037020575,2026-03-20 05:22:24.276715,2026-03-20 05:22:24.855994,0 days 00:00:00.579279,76.0708256875262,0.9055950348457358,0.5427022685103451,Ag,PRUNED
1457,-8.986928104574458,2026-03-20 05:22:24.325907,2026-03-20 05:22:24.931357,0 days 00:00:00.605450,37.808431342056934,4.737216312747388,1.5396211774315596,Cu,PRUNED
1458,-8.54700854700767,2026-03-20 05:22:24.484860,2026-03-20 05:22:25.419035,0 days 00:00:00.934175,93.16613229907345,0.796422124665488,0.2028435244799227,Ag,PRUNED
1459,-37.499999999985,2026-03-20 05:22:24.670362,2026-03-20 05:22:25.272291,0 days 00:00:00.601929,74.16478631307547,4.1666717408496625,0.3639642959758619,Ag,PRUNED
1460,0.0,2026-03-20 05:22:24.803406,2026-03-20 05:22:25.371312,0 days 00:00:00.567906,20.84817840747351,18.589973928056153,0.7216055747677326,Au,PRUNED
1461,-34.090909090896695,2026-03-20 05:22:24.970299,2026-03-20 05:22:25.697621,0 days 00:00:00.727322,64.6844963078128,4.7465663579686606,0.5106826025882684,Ag,PRUNED
1462,-24.99999999999333,2026-03-20 05:22:24.934115,2026-03-20 05:22:25.559622,0 days 00:00:00.625507,89.0501805653679,0.7384817320999958,0.21411172566885506,Ag,PRUNED
1463,-39.21568627449437,2026-03-20 05:22:25.014968,2026-03-20 05:22:25.927237,0 days 00:00:00.912269,73.71782354070871,5.310359941657515,0.16813915477501543,Ag,COMPLETE
1464,-34.090909090896695,2026-03-20 05:22:25.081182,2026-03-20 05:22:25.574886,0 days 00:00:00.493704,63.28647225593519,4.874756830131887,0.34997359756476476,Ag,PRUNED
1465,-28.84615384614497,2026-03-20 05:22:25.140337,2026-03-20 05:22:25.696872,0 days 00:00:00.556535,84.18154670159221,3.6264492114163085,0.38436628513446475,Ag,PRUNED
1466,-30.30303030301928,2026-03-20 05:22:25.329441,2026-03-20 05:22:25.928356,0 days 00:00:00.598915,46.8527817178191,0.93985482768578,0.1012329843705384,Ag,PRUNED
1467,-37.499999999985,2026-03-20 05:22:25.467779,2026-03-20 05:22:26.133794,0 days 00:00:00.666015,70.06314487459271,3.72231432458256,0.5001704976590985,Ag,PRUNED
1468,-41.66666666664881,2026-03-20 05:22:25.573312,2026-03-20 05:22:26.304914,0 days 00:00:00.731602,63.46867953597757,4.662240928888297,0.155084142368156,Ag,COMPLETE
1469,-37.499999999985,2026-03-20 05:22:25.648232,2026-03-20 05:22:26.131315,0 days 00:00:00.483083,62.2631408439729,4.092334927857592,0.45399135369380483,Ag,PRUNED
1470,-44.871794871771776,2026-03-20 05:22:25.683413,2026-03-20 05:22:26.241630,0 days 00:00:00.558217,60.399062203991754,0.8352573408737742,0.5419159062428499,Ag,COMPLETE
1471,-0.29342723004694005,2026-03-20 05:22:25.797552,2026-03-20 05:22:26.520174,0 days 00:00:00.722622,23.486437918023874,1.196665935501752,0.8503659250411548,Au,PRUNED
1472,-11.775362318839555,2026-03-20 05:22:25.823000,2026-03-20 05:22:26.400753,0 days 00:00:00.577753,76.30467043764598,5.059485343322608,0.3755745430060483,Cu,PRUNED
1473,-37.499999999985,2026-03-20 05:22:26.010500,2026-03-20 05:22:26.760538,0 days 00:00:00.750038,58.82281593109012,4.421520142761473,0.11315003551649136,Ag,PRUNED
1474,-44.871794871771776,2026-03-20 05:22:26.072002,2026-03-20 05:22:26.727864,0 days 00:00:00.655862,59.96202535364378,0.8731585113108822,0.5276185710482616,Ag,COMPLETE
1475,-23.809523809517003,2026-03-20 05:22:26.191414,2026-03-20 05:22:26.883318,0 days 00:00:00.691904,85.41947466584871,2.286289145107,0.4827236169077708,Ag,PRUNED
1476,-34.090909090896695,2026-03-20 05:22:26.283959,2026-03-20 05:22:26.900146,0 days 00:00:00.616187,62.90495638753863,4.515108326249399,0.40506299685260183,Ag,PRUNED
1477,-1.6869095816463964,2026-03-20 05:22:26.370122,2026-03-20 05:22:27.119065,0 days 00:00:00.748943,116.88389897062046,4.887567995925658,1.7994887902095003,Ag,PRUNED
1478,-5.514705882352617,2026-03-20 05:22:26.453500,2026-03-20 05:22:26.946510,0 days 00:00:00.493010,23.78857064246843,7.620726422836878,1.4298965350343174,Cu,PRUNED
1479,-44.87179487177163,2026-03-20 05:22:26.467903,2026-03-20 05:22:27.184218,0 days 00:00:00.716315,59.61255508931376,0.5243139163021879,0.5770586262228576,Ag,COMPLETE
1480,-46.05263157892295,2026-03-20 05:22:26.615654,2026-03-20 05:22:27.171239,0 days 00:00:00.555585,62.424994517164485,0.8813237352435751,0.515500144747527,Ag,COMPLETE
1481,-37.499999999985,2026-03-20 05:22:26.916868,2026-03-20 05:22:27.348613,0 days 00:00:00.431745,66.45889774077935,3.062388587879756,0.5318231540951222,Ag,PRUNED
1482,-2.0833333333332984,2026-03-20 05:22:26.965674,2026-03-20 05:22:27.631154,0 days 00:00:00.665480,93.43324610599619,1.6780174304963502,1.914222477376954,Cu,PRUNED
1483,-30.30303030301928,2026-03-20 05:22:26.979441,2026-03-20 05:22:27.655574,0 days 00:00:00.676133,49.83981463763088,2.5025920221511875,0.3720703351865916,Ag,PRUNED
1484,-0.8538251366120079,2026-03-20 05:22:27.029498,2026-03-20 05:22:27.526806,0 days 00:00:00.497308,73.69344483175296,18.189211303839652,1.4655219494229277,Cu,PRUNED
1485,-37.499999999985,2026-03-20 05:22:27.057350,2026-03-20 05:22:27.928114,0 days 00:00:00.870764,72.50629254314646,4.559135473228477,0.27923402780201234,Ag,PRUNED
1486,-31.249999999989583,2026-03-20 05:22:27.277740,2026-03-20 05:22:27.976101,0 days 00:00:00.698361,48.73568784908156,2.2117514932140514,0.4510145134372106,Ag,PRUNED
1487,-34.72222222221065,2026-03-20 05:22:27.367141,2026-03-20 05:22:27.943893,0 days 00:00:00.576752,81.52528043687244,4.152767369559668,0.22277254279557168,Ag,PRUNED
1488,-27.777777777768517,2026-03-20 05:22:27.390653,2026-03-20 05:22:27.902048,0 days 00:00:00.511395,48.50952227316659,1.6221918804024091,0.3101124060358545,Ag,PRUNED
1489,-37.037037037020575,2026-03-20 05:22:27.417910,2026-03-20 05:22:28.462611,0 days 00:00:01.044701,54.574909295421975,0.535702562254483,0.4385567186658794,Ag,PRUNED
1490,-47.29729729727148,2026-03-20 05:22:27.644099,2026-03-20 05:22:28.989339,0 days 00:00:01.345240,72.41509998004237,0.5475662789197867,0.5609614500779978,Ag,COMPLETE
1491,0.0,2026-03-20 05:22:27.807102,2026-03-20 05:22:28.693034,0 days 00:00:00.885932,22.40122503550039,10.491776359470647,1.0917959197527884,Au,PRUNED
1492,-30.30303030301928,2026-03-20 05:22:27.821472,2026-03-20 05:22:29.037491,0 days 00:00:01.216019,49.876297925437996,1.2496760454940876,0.3506086785167825,Ag,PRUNED
1493,-37.499999999985,2026-03-20 05:22:28.030427,2026-03-20 05:22:28.959805,0 days 00:00:00.929378,80.21394585407792,0.7282040234994063,0.5871135871511255,Ag,PRUNED
1494,-37.499999999985,2026-03-20 05:22:28.079406,2026-03-20 05:22:28.884789,0 days 00:00:00.805383,80.32382671404238,3.672620170357586,0.1074021508308634,Ag,PRUNED
1495,-338.8888888888474,2026-03-20 05:22:28.103349,2026-03-20 05:22:28.991346,0 days 00:00:00.887997,20.14435662739182,18.572250054573075,1.5319394825602395,Au,COMPLETE
1496,-37.499999999985,2026-03-20 05:22:28.070703,2026-03-20 05:22:29.100785,0 days 00:00:01.030082,74.43211739543491,3.7154022580424524,0.47810825901961707,Ag,PRUNED
1497,-37.499999999985,2026-03-20 05:22:28.542637,2026-03-20 05:22:29.236554,0 days 00:00:00.693917,80.08183252260572,0.7914427703637803,0.5483699066296289,Ag,PRUNED
1498,-47.29729729727148,2026-03-20 05:22:28.807460,2026-03-20 05:22:29.570447,0 days 00:00:00.762987,63.57002489290235,0.5294374429651576,0.5750482444385616,Ag,COMPLETE
1499,-31.249999999989583,2026-03-20 05:22:28.934375,2026-03-20 05:22:29.530353,0 days 00:00:00.595978,48.39112282004568,2.646467285071245,0.10021782225752093,Ag,PRUNED
1500,-20.114942528732858,2026-03-20 05:22:29.005928,2026-03-20 05:22:29.668197,0 days 00:00:00.662269,36.52424207103634,17.594694728237762,1.516077252628925,Ag,PRUNED
1501,0.166002656042494,2026-03-20 05:22:29.151100,2026-03-20 05:22:29.715254,0 days 00:00:00.564154,96.90133281778965,17.468554248333906,1.0657821354299377,Ag,PRUNED
1502,0.0,2026-03-20 05:22:29.191345,2026-03-20 05:22:29.927747,0 days 00:00:00.736402,37.92793554807283,18.61147959375709,1.8133592192226766,Au,PRUNED
1503,81.17283950617043,2026-03-20 05:22:29.266587,2026-03-20 05:22:30.010798,0 days 00:00:00.744211,30.23132641430012,16.154387715361274,1.4850393590570294,Au,PRUNED
1504,-2.525252525252219,2026-03-20 05:22:29.324335,2026-03-20 05:22:29.981521,0 days 00:00:00.657186,25.678657015871618,16.327548056244094,1.5422327729816045,Au,PRUNED
1505,-0.5165289256198261,2026-03-20 05:22:29.398692,2026-03-20 05:22:29.966932,0 days 00:00:00.568240,110.68369844006298,10.646165868997599,1.2577480628784379,Au,PRUNED
1506,0.0,2026-03-20 05:22:29.592854,2026-03-20 05:22:30.383800,0 days 00:00:00.790946,20.233220829386468,15.334490331375727,1.5510187948134866,Au,PRUNED
1507,-29.9999999999952,2026-03-20 05:22:29.664185,2026-03-20 05:22:30.281917,0 days 00:00:00.617732,40.36356128626106,18.284015431805454,0.246817628732054,Ag,PRUNED
1508,0.0,2026-03-20 05:22:29.770743,2026-03-20 05:22:30.459478,0 days 00:00:00.688735,42.943924783723006,19.537959129556796,1.8604341030570928,Au,PRUNED
1509,82.40740740740496,2026-03-20 05:22:29.873422,2026-03-20 05:22:30.522012,0 days 00:00:00.648590,24.97201428427777,19.50219345941917,1.5434696009193933,Au,PRUNED
1510,0.0,2026-03-20 05:22:30.062724,2026-03-20 05:22:30.568830,0 days 00:00:00.506106,29.932563834095127,18.952085618147304,1.7917984395554172,Au,PRUNED
1511,0.0,2026-03-20 05:22:30.077117,2026-03-20 05:22:30.663766,0 days 00:00:00.586649,31.835601397125494,19.06261439324388,1.0349020490967324,Au,PRUNED
1512,81.17283950617043,2026-03-20 05:22:30.104439,2026-03-20 05:22:30.897757,0 days 00:00:00.793318,27.154655476520777,18.40657596659904,1.6604833970455606,Au,PRUNED
1513,-1.9230769230768936,2026-03-20 05:22:30.145809,2026-03-20 05:22:30.896751,0 days 00:00:00.750942,95.85046760343268,4.711009519234752,1.5977845378736677,Au,PRUNED
1514,3.787878787878329,2026-03-20 05:22:30.339510,2026-03-20 05:22:30.791403,0 days 00:00:00.451893,23.956390273659466,18.686878730552362,1.441299740006571,Au,PRUNED
1515,83.02696078431127,2026-03-20 05:22:30.420132,2026-03-20 05:22:31.368022,0 days 00:00:00.947890,23.401485126838516,19.17047038586606,1.4934066659090752,Au,PRUNED
1516,0.0,2026-03-20 05:22:30.543016,2026-03-20 05:22:31.594288,0 days 00:00:01.051272,29.861143536725717,19.756363965833668,1.330230298725196,Au,PRUNED
1517,-6.313131313130548,2026-03-20 05:22:30.605725,2026-03-20 05:22:31.511688,0 days 00:00:00.905963,25.657805056501772,15.660101928911455,1.7628172576502072,Au,PRUNED
1518,-2.525252525252219,2026-03-20 05:22:30.949436,2026-03-20 05:22:31.652621,0 days 00:00:00.703185,25.539385596911778,16.60962322552037,1.4899672726099988,Au,PRUNED
1519,0.0,2026-03-20 05:22:30.979767,2026-03-20 05:22:31.596384,0 days 00:00:00.616617,21.632670884436127,15.672068975893414,1.158379390262084,Au,PRUNED
1520,-7.062146892654889,2026-03-20 05:22:31.008079,2026-03-20 05:22:31.807370,0 days 00:00:00.799291,29.98956241537607,7.364328919748678,0.3886691015152346,Cu,PRUNED
1521,0.0,2026-03-20 05:22:31.041162,2026-03-20 05:22:31.653629,0 days 00:00:00.612467,29.598410238306705,19.53193073605424,1.1612704280272663,Au,PRUNED
1522,79.3504901960761,2026-03-20 05:22:31.065935,2026-03-20 05:22:31.745850,0 days 00:00:00.679915,34.70660556168416,13.936577502721814,1.6524089048783916,Au,PRUNED
1523,-28.84615384614497,2026-03-20 05:22:31.543160,2026-03-20 05:22:32.214243,0 days 00:00:00.671083,85.19316097011966,3.687053553360293,0.10362836261485268,Ag,PRUNED
1524,-0.6915629322268211,2026-03-20 05:22:31.622738,2026-03-20 05:22:32.260724,0 days 00:00:00.637986,110.87032803386242,19.115856058761267,0.2605996617702573,Au,PRUNED
1525,-11.904761904760203,2026-03-20 05:22:31.780227,2026-03-20 05:22:32.261733,0 days 00:00:00.481506,92.09552275079899,0.9094318023884518,0.1649669701393528,Ag,PRUNED
1526,-1.1990407673860566,2026-03-20 05:22:31.826320,2026-03-20 05:22:32.352877,0 days 00:00:00.526557,20.418167972471913,19.67049006244426,1.687995436154562,Ag,PRUNED
1527,-16.30434782608554,2026-03-20 05:22:31.859833,2026-03-20 05:22:32.540595,0 days 00:00:00.680762,57.681175275721614,5.256505522969297,1.130822396317973,Au,PRUNED
1528,83.02696078431127,2026-03-20 05:22:31.881988,2026-03-20 05:22:32.840316,0 days 00:00:00.958328,23.209002871253965,19.70505415957241,1.670797815663412,Au,PRUNED
1529,-1.1990407673860566,2026-03-20 05:22:31.918326,2026-03-20 05:22:32.603620,0 days 00:00:00.685294,20.684822219965632,19.493505307872518,1.3281348478816635,Ag,PRUNED
1530,-22.058823529406574,2026-03-20 05:22:31.872453,2026-03-20 05:22:32.605880,0 days 00:00:00.733427,89.20082575446808,0.8713606253697023,0.4674355752413927,Ag,PRUNED
1531,0.8012820512819896,2026-03-20 05:22:32.312909,2026-03-20 05:22:33.062967,0 days 00:00:00.750058,34.46177681985304,12.494754303997256,1.5484764336917012,Au,PRUNED
1532,-44.87179487177194,2026-03-20 05:22:32.433292,2026-03-20 05:22:33.193259,0 days 00:00:00.759967,76.7872097468607,0.6448967649175595,0.5003993748554629,Ag,COMPLETE
1533,0.0,2026-03-20 05:22:32.470419,2026-03-20 05:22:33.308391,0 days 00:00:00.837972,36.912547010218596,16.80376374621851,1.6137584173144297,Au,PRUNED
1534,-2.3809523809521087,2026-03-20 05:22:32.503247,2026-03-20 05:22:33.323993,0 days 00:00:00.820746,26.276263885365474,15.47651472351409,1.896226783776332,Au,PRUNED
1535,0.0,2026-03-20 05:22:32.665525,2026-03-20 05:22:33.165692,0 days 00:00:00.500167,24.306365912517286,10.717860544439421,1.5983218033588331,Au,PRUNED
1536,58.75299760191677,2026-03-20 05:22:32.734838,2026-03-20 05:22:33.338497,0 days 00:00:00.603659,40.13666988292479,19.989265311406832,1.735614264205531,Ag,PRUNED
1537,-6.2499999999995834,2026-03-20 05:22:32.815071,2026-03-20 05:22:33.427730,0 days 00:00:00.612659,27.60293075615948,2.9795625013400375,1.288909301331216,Cu,PRUNED
1538,-37.499999999985,2026-03-20 05:22:32.979426,2026-03-20 05:22:33.677270,0 days 00:00:00.697844,57.95645849297667,4.104707134216472,0.15491223691433958,Ag,PRUNED
1539,-9.353741496597875,2026-03-20 05:22:33.105425,2026-03-20 05:22:33.731395,0 days 00:00:00.625970,38.01863598698609,3.7648357732862046,1.3723063897690486,Cu,PRUNED
1540,0.0,2026-03-20 05:22:33.360675,2026-03-20 05:22:34.028561,0 days 00:00:00.667886,20.484009767133934,12.617354119210336,1.5475443034456409,Au,PRUNED
1541,-10.593220338982333,2026-03-20 05:22:33.412571,2026-03-20 05:22:34.228583,0 days 00:00:00.816012,33.22406162125754,12.312914531464443,1.3023998176197225,Cu,PRUNED
1542,-0.669344042838008,2026-03-20 05:22:33.429295,2026-03-20 05:22:33.891286,0 days 00:00:00.461991,104.85615099036161,5.890445564295681,1.948936476471005,Au,PRUNED
1543,-9.548611111110315,2026-03-20 05:22:33.500084,2026-03-20 05:22:34.064621,0 days 00:00:00.564537,29.619124303716795,10.758548837807393,1.4654390701674191,Ag,PRUNED
1544,-350.7812499999562,2026-03-20 05:22:33.536307,2026-03-20 05:22:34.127826,0 days 00:00:00.591519,20.860721418463793,18.430975347934133,1.3111560525467585,Au,COMPLETE
1545,-6.410256410255917,2026-03-20 05:22:33.551493,2026-03-20 05:22:34.028561,0 days 00:00:00.477068,93.62883606674612,0.6459554848036158,0.13791959238342796,Ag,PRUNED
1546,-37.499999999985,2026-03-20 05:22:33.777704,2026-03-20 05:22:34.661346,0 days 00:00:00.883642,65.55369260903363,3.746294749893849,0.4322273070127616,Ag,PRUNED
1547,-34.090909090896695,2026-03-20 05:22:33.830711,2026-03-20 05:22:34.566875,0 days 00:00:00.736164,58.64069093378601,3.9906249008690526,0.10610199552209545,Ag,PRUNED
1548,0.0,2026-03-20 05:22:33.993894,2026-03-20 05:22:34.630047,0 days 00:00:00.636153,27.63760590118889,18.25392315202867,1.8036834762538838,Au,PRUNED
1549,-37.499999999985,2026-03-20 05:22:34.153873,2026-03-20 05:22:34.972775,0 days 00:00:00.818902,82.8476823483239,1.302009628429539,0.43684460933841635,Ag,PRUNED
1550,0.0,2026-03-20 05:22:34.205957,2026-03-20 05:22:34.893454,0 days 00:00:00.687497,38.464740624654596,16.759942236341256,1.383696439051816,Au,PRUNED
1551,0.0,2026-03-20 05:22:34.231089,2026-03-20 05:22:35.162874,0 days 00:00:00.931785,33.367419397522966,19.302879998964336,1.3132749613490187,Au,PRUNED
1552,0.0,2026-03-20 05:22:34.267972,2026-03-20 05:22:34.859791,0 days 00:00:00.591819,34.68233865739406,17.134492293389744,1.153885116443283,Au,PRUNED
1553,82.10784313725247,2026-03-20 05:22:34.332897,2026-03-20 05:22:34.894994,0 days 00:00:00.562097,26.697394054601126,17.418206838757456,1.4564935380073516,Au,PRUNED
1554,0.0,2026-03-20 05:22:34.606104,2026-03-20 05:22:35.448409,0 days 00:00:00.842305,51.07473004603384,17.093822058470703,1.1263398898929071,Au,PRUNED
1555,-0.721500721500709,2026-03-20 05:22:34.739521,2026-03-20 05:22:35.298863,0 days 00:00:00.559342,52.53600918090453,19.952647598766806,0.5670099946730032,Cu,PRUNED
1556,82.10784313725247,2026-03-20 05:22:34.771634,2026-03-20 05:22:35.336189,0 days 00:00:00.564555,26.519724704013022,18.016902585139093,1.2759014289019706,Au,PRUNED
1557,-0.6915629322268211,2026-03-20 05:22:34.942691,2026-03-20 05:22:35.822070,0 days 00:00:00.879379,66.47766652641803,12.522783777104511,0.928408537458143,Au,PRUNED
1558,0.0,2026-03-20 05:22:35.027035,2026-03-20 05:22:35.761081,0 days 00:00:00.734046,44.87195805178446,17.748500619760488,1.5352712137605027,Au,PRUNED
1559,82.41421568627209,2026-03-20 05:22:35.056027,2026-03-20 05:22:35.822070,0 days 00:00:00.766043,26.780508234597306,17.238778557615177,1.2951495417231094,Au,PRUNED
1560,0.0,2026-03-20 05:22:35.086869,2026-03-20 05:22:35.752670,0 days 00:00:00.665801,28.933959720625616,18.327377347953668,1.0595144837115136,Au,PRUNED
1561,79.62962962962726,2026-03-20 05:22:35.270371,2026-03-20 05:22:35.930228,0 days 00:00:00.659857,33.68502418118051,16.027786686535755,0.9076278985305613,Au,PRUNED
1562,-1.855600539811036,2026-03-20 05:22:35.370778,2026-03-20 05:22:35.820113,0 days 00:00:00.449335,109.780581930836,5.257324347838382,0.1281447329354921,Cu,PRUNED
1563,0.0,2026-03-20 05:22:35.415565,2026-03-20 05:22:36.138444,0 days 00:00:00.722879,25.42043526575216,19.97384525557022,1.211581771379863,Au,PRUNED
1564,-348.3436853001639,2026-03-20 05:22:35.498166,2026-03-20 05:22:35.787792,0 days 00:00:00.289626,20.878833145324926,18.638594134275426,1.0556195952038627,Au,COMPLETE
1565,0.0,2026-03-20 05:22:35.798694,2026-03-20 05:22:36.294128,0 days 00:00:00.495434,42.99570605210385,18.48810239583884,0.8147405058726623,Au,PRUNED
1566,81.80147058823289,2026-03-20 05:22:35.833517,2026-03-20 05:22:36.386118,0 days 00:00:00.552601,27.204535437715556,17.335542427733465,1.4854904355405356,Au,PRUNED
1567,0.0,2026-03-20 05:22:35.974784,2026-03-20 05:22:36.680596,0 days 00:00:00.705812,26.392599301191677,19.55124616710501,1.0552790948167046,Au,PRUNED
1568,-326.0233918128277,2026-03-20 05:22:35.996938,2026-03-20 05:22:36.556196,0 days 00:00:00.559258,21.993118153107005,17.23322059828123,1.2613091835979733,Au,COMPLETE
1569,80.57598039215449,2026-03-20 05:22:36.028862,2026-03-20 05:22:36.441841,0 days 00:00:00.412979,32.37704693476276,15.183618610191933,1.0520374642178405,Au,PRUNED
1570,0.0,2026-03-20 05:22:36.042053,2026-03-20 05:22:36.819610,0 days 00:00:00.777557,50.934172558765546,17.43098519131693,1.0348054247743086,Au,PRUNED
1571,-366.0714285713814,2026-03-20 05:22:36.079470,2026-03-20 05:22:36.605837,0 days 00:00:00.526367,20.484859025243413,18.789700988999016,1.5071271352973934,Au,COMPLETE
1572,-1.2254901960782871,2026-03-20 05:22:36.243860,2026-03-20 05:22:36.679068,0 days 00:00:00.435208,28.013181016672064,15.861154265278177,0.8901659630851824,Au,PRUNED
1573,-14.25438596491078,2026-03-20 05:22:36.443900,2026-03-20 05:22:37.135132,0 days 00:00:00.691232,24.324140658650478,15.178771508778599,1.2712887486036022,Au,PRUNED
1574,0.0,2026-03-20 05:22:36.484822,2026-03-20 05:22:37.341288,0 days 00:00:00.856466,34.03515335164899,16.488805762227223,1.1351844430371987,Au,PRUNED
1575,0.0,2026-03-20 05:22:36.493344,2026-03-20 05:22:37.135132,0 days 00:00:00.641788,29.963519420705932,19.9946262488869,1.0815445821552192,Au,PRUNED
1576,-4.9019607843131485,2026-03-20 05:22:36.716014,2026-03-20 05:22:37.214685,0 days 00:00:00.498671,25.497350717352738,19.114555639067376,1.0633692959300414,Cu,PRUNED
1577,0.0,2026-03-20 05:22:36.752815,2026-03-20 05:22:37.253478,0 days 00:00:00.500663,20.445251027854976,17.600482947500776,1.5330466471134192,Au,PRUNED
1578,4.761904761904217,2026-03-20 05:22:36.780433,2026-03-20 05:22:37.400344,0 days 00:00:00.619911,29.057736723339055,15.836415880235792,1.0773456338754022,Au,PRUNED
1579,83.33333333333088,2026-03-20 05:22:36.810595,2026-03-20 05:22:37.491798,0 days 00:00:00.681203,22.501845573438487,19.908418449330377,1.4022330844202135,Au,PRUNED
1580,-11.494252873561631,2026-03-20 05:22:36.850336,2026-03-20 05:22:37.447121,0 days 00:00:00.596785,22.95392549361066,18.098342045353434,0.9733921928672853,Au,PRUNED
1581,0.0,2026-03-20 05:22:37.216951,2026-03-20 05:22:37.828269,0 days 00:00:00.611318,21.79736883584494,14.654240274354187,1.1854565469892677,Au,PRUNED
1582,0.0,2026-03-20 05:22:37.284658,2026-03-20 05:22:37.888002,0 days 00:00:00.603344,27.71184934166258,19.107640030298395,1.583279059426183,Au,PRUNED
1583,0.0,2026-03-20 05:22:37.309591,2026-03-20 05:22:37.886996,0 days 00:00:00.577405,20.531872880465183,17.55029398377533,1.2181442324473075,Au,PRUNED
1584,-1.3888888888887037,2026-03-20 05:22:37.341288,2026-03-20 05:22:37.745501,0 days 00:00:00.404213,23.22921166269303,18.74343501983154,1.210324841243791,Au,PRUNED
1585,81.80147058823289,2026-03-20 05:22:37.409677,2026-03-20 05:22:38.160675,0 days 00:00:00.750998,28.07290388314304,17.192848843389626,1.1488236561416665,Au,PRUNED
1586,4.006410256409948,2026-03-20 05:22:37.582565,2026-03-20 05:22:38.106606,0 days 00:00:00.524041,30.04353455950759,15.550781280905289,1.3533232893012448,Au,PRUNED
1587,-9.433962264150232,2026-03-20 05:22:37.600348,2026-03-20 05:22:38.193570,0 days 00:00:00.593222,28.25731884869843,16.105735947963232,0.8598232248877704,Ag,PRUNED
1588,-305.9392265193033,2026-03-20 05:22:37.645059,2026-03-20 05:22:38.194122,0 days 00:00:00.549063,23.080156064633243,16.03996272836626,1.3535373581090302,Au,COMPLETE
1589,-367.64705882348085,2026-03-20 05:22:37.839194,2026-03-20 05:22:38.558374,0 days 00:00:00.719180,20.391956515242153,19.2186689358215,1.089615160191633,Au,COMPLETE
1590,-124.9999999999915,2026-03-20 05:22:37.985318,2026-03-20 05:22:38.629324,0 days 00:00:00.644006,23.29115989429578,16.25541732934918,1.0432807344431096,Ag,COMPLETE
1591,82.72058823529169,2026-03-20 05:22:37.949803,2026-03-20 05:22:38.497368,0 days 00:00:00.547565,24.812192390273516,18.489692508074697,1.3292715102006813,Au,PRUNED
1592,0.0,2026-03-20 05:22:38.078151,2026-03-20 05:22:38.782861,0 days 00:00:00.704710,21.63768656792494,15.789282631383463,1.0649597121319354,Au,PRUNED
1593,-291.88829787230935,2026-03-20 05:22:38.218924,2026-03-20 05:22:38.900183,0 days 00:00:00.681259,23.290864401729525,15.43951464173313,1.3953600334037672,Au,COMPLETE
1594,0.0,2026-03-20 05:22:38.265803,2026-03-20 05:22:38.869217,0 days 00:00:00.603414,50.69442414668852,17.735288534382626,1.368415326143894,Au,PRUNED
1595,-8.333333333332222,2026-03-20 05:22:38.314092,2026-03-20 05:22:39.093526,0 days 00:00:00.779434,23.603350491404328,17.25152048836233,1.4901662390887391,Au,PRUNED
1596,-10.416666666665364,2026-03-20 05:22:38.412995,2026-03-20 05:22:39.063367,0 days 00:00:00.650372,25.299017336331996,16.4009722333444,0.9929157730709549,Au,PRUNED
1597,-4.464285714285077,2026-03-20 05:22:38.577162,2026-03-20 05:22:39.116226,0 days 00:00:00.539064,33.89694458028201,19.62066145243932,1.0219886529537812,Ag,PRUNED
1598,0.0,2026-03-20 05:22:38.671665,2026-03-20 05:22:39.530084,0 days 00:00:00.858419,21.46454469668888,14.740330623568717,1.4309750268540797,Au,PRUNED
1599,-8.928571428570791,2026-03-20 05:22:38.872297,2026-03-20 05:22:39.640059,0 days 00:00:00.767762,24.92650799826656,17.759395002117408,0.7930519152362364,Ag,PRUNED
1600,-11.43790849673113,2026-03-20 05:22:38.970568,2026-03-20 05:22:39.623299,0 days 00:00:00.652731,31.139439063184327,15.34710111020528,1.036921105352835,Ag,PRUNED
1601,0.0,2026-03-20 05:22:38.984755,2026-03-20 05:22:39.813117,0 days 00:00:00.828362,33.29669512529726,16.827736212885643,0.8949908447587471,Au,PRUNED
1602,-19.30894308942901,2026-03-20 05:22:39.060732,2026-03-20 05:22:39.812049,0 days 00:00:00.751317,45.96795433359968,15.106843462897947,1.2272532458430383,Ag,PRUNED
1603,80.86419753086179,2026-03-20 05:22:39.169205,2026-03-20 05:22:40.169681,0 days 00:00:01.000476,29.0227322069843,18.350138518330688,0.7988393039436703,Au,PRUNED
1604,-7.716049382714907,2026-03-20 05:22:39.205214,2026-03-20 05:22:40.031454,0 days 00:00:00.826240,22.40201072108596,18.836238101402515,1.135634854876464,Au,PRUNED
1605,0.0,2026-03-20 05:22:39.158211,2026-03-20 05:22:39.723788,0 days 00:00:00.565577,43.43903706722763,18.99728163558675,1.2551324089774039,Au,PRUNED
1606,-6.172839506171925,2026-03-20 05:22:39.677872,2026-03-20 05:22:40.309528,0 days 00:00:00.631656,22.022814654580195,19.719704190962858,0.8846926283926135,Au,PRUNED
1607,-358.8110403396572,2026-03-20 05:22:39.773209,2026-03-20 05:22:40.385516,0 days 00:00:00.612307,22.085981003132133,17.84826551933045,1.1865886117197322,Au,COMPLETE
1608,0.0,2026-03-20 05:22:39.710960,2026-03-20 05:22:40.538390,0 days 00:00:00.827430,24.641819791724465,17.894834889777904,1.1957142097076803,Au,PRUNED
1609,0.0,2026-03-20 05:22:39.890553,2026-03-20 05:22:40.518187,0 days 00:00:00.627634,21.383515504892447,17.72230884524348,0.8173761992710185,Au,PRUNED
1610,0.0,2026-03-20 05:22:39.922911,2026-03-20 05:22:40.399207,0 days 00:00:00.476296,22.047834636624177,16.732020758787883,0.8380662670640892,Au,PRUNED
1611,78.70370370370136,2026-03-20 05:22:39.942042,2026-03-20 05:22:40.479215,0 days 00:00:00.537173,35.08055517462694,15.166631183672836,1.3886674114507793,Au,PRUNED
1612,-0.8992805755395424,2026-03-20 05:22:40.101556,2026-03-20 05:22:40.958521,0 days 00:00:00.856965,22.75950407785846,17.712264546793044,1.1373410131015174,Ag,PRUNED
1613,-355.7489451476346,2026-03-20 05:22:40.237142,2026-03-20 05:22:40.929385,0 days 00:00:00.692243,21.72687325556133,18.09768950878807,1.0857466358735892,Au,COMPLETE
1614,-335.3293413173249,2026-03-20 05:22:40.445494,2026-03-20 05:22:40.930575,0 days 00:00:00.485081,22.22354418396091,17.25624687199137,1.2960024995104795,Au,COMPLETE
1615,-319.92337164747255,2026-03-20 05:22:40.553924,2026-03-20 05:22:41.099468,0 days 00:00:00.545544,21.72402180660936,17.31091466474822,1.285609431830511,Au,COMPLETE
1616,0.0,2026-03-20 05:22:40.579587,2026-03-20 05:22:41.154283,0 days 00:00:00.574696,43.828843753432395,14.54279567882434,1.2117933953405884,Au,PRUNED
1617,0.0,2026-03-20 05:22:40.571925,2026-03-20 05:22:41.286791,0 days 00:00:00.714866,21.735859309049875,16.104944653363173,1.2333095704727286,Au,PRUNED
1618,0.0,2026-03-20 05:22:40.618913,2026-03-20 05:22:41.271738,0 days 00:00:00.652825,20.216306434959083,17.604193979849693,1.1016726367149403,Au,PRUNED
1619,0.0,2026-03-20 05:22:40.731353,2026-03-20 05:22:41.332590,0 days 00:00:00.601237,23.228115521529684,13.53504649889204,1.1532735246618964,Au,PRUNED
1620,-9.433962264150232,2026-03-20 05:22:41.005188,2026-03-20 05:22:41.788445,0 days 00:00:00.783257,28.68163248549995,15.525429251725836,1.1626631981940703,Ag,PRUNED
1621,-10.658914728681179,2026-03-20 05:22:41.133656,2026-03-20 05:22:41.756644,0 days 00:00:00.622988,32.32960801682647,10.85356369697197,0.8848863801282634,Ag,PRUNED
1622,-417.89215686268363,2026-03-20 05:22:41.182243,2026-03-20 05:22:41.978601,0 days 00:00:00.796358,20.70023468294824,19.467926146225697,1.3732187136722487,Au,COMPLETE
1623,0.0,2026-03-20 05:22:41.217276,2026-03-20 05:22:42.224741,0 days 00:00:01.007465,20.683720347341932,17.96469235669175,1.2959955972520596,Au,PRUNED
1624,0.0,2026-03-20 05:22:41.306454,2026-03-20 05:22:41.856450,0 days 00:00:00.549996,45.79360694918866,19.160625963728815,1.0211779310956002,Au,PRUNED
1625,-8.169934640522236,2026-03-20 05:22:41.385851,2026-03-20 05:22:41.882487,0 days 00:00:00.496636,27.88855286023363,11.768372776316474,1.0470845890690321,Ag,PRUNED
1626,-2.976190476190051,2026-03-20 05:22:41.414998,2026-03-20 05:22:42.199073,0 days 00:00:00.784075,21.912926120735374,19.636035532881554,1.3285244332950972,Au,PRUNED
1627,-0.8865248226950103,2026-03-20 05:22:41.487253,2026-03-20 05:22:42.196817,0 days 00:00:00.709564,20.0445025912978,12.924238770346438,1.2950371518609334,Ag,PRUNED
1628,0.0,2026-03-20 05:22:41.791448,2026-03-20 05:22:42.441955,0 days 00:00:00.650507,28.867575557491328,19.194557923582938,1.1097801446772486,Au,PRUNED
1629,0.0,2026-03-20 05:22:41.919335,2026-03-20 05:22:42.538500,0 days 00:00:00.619165,37.352684814473136,15.656131573225139,1.2703596560479031,Au,PRUNED
1630,-0.8928571428571173,2026-03-20 05:22:41.946530,2026-03-20 05:22:42.616701,0 days 00:00:00.670171,22.284882652620343,13.772316816360782,0.9959791513859975,Ag,PRUNED
1631,-328.4313725489807,2026-03-20 05:22:41.977601,2026-03-20 05:22:42.679684,0 days 00:00:00.702083,21.192858209317876,17.72896370246835,1.4158246565716253,Au,COMPLETE
1632,0.0,2026-03-20 05:22:42.242064,2026-03-20 05:22:43.002215,0 days 00:00:00.760151,33.89445548630239,17.292242114034895,1.2752007933804763,Au,PRUNED
1633,0.0,2026-03-20 05:22:42.271838,2026-03-20 05:22:42.936039,0 days 00:00:00.664201,20.526117622341427,18.224633795821568,1.2255803182676943,Au,PRUNED
1634,-12.387387387386047,2026-03-20 05:22:42.396725,2026-03-20 05:22:42.970742,0 days 00:00:00.574017,24.17565989577478,17.73125959114706,1.3648601715147348,Cu,PRUNED
1635,64.88095238095053,2026-03-20 05:22:42.381092,2026-03-20 05:22:42.935029,0 days 00:00:00.553937,40.59886515244259,16.463743010631045,1.3390540930966386,Cu,PRUNED
1636,0.0,2026-03-20 05:22:42.510540,2026-03-20 05:22:43.146761,0 days 00:00:00.636221,20.75607379031916,15.319193243492013,0.9989905189322802,Au,PRUNED
1637,1.436781609195204,2026-03-20 05:22:42.648674,2026-03-20 05:22:43.315955,0 days 00:00:00.667281,22.215994202129313,19.665914377520362,1.4496047809557522,Au,PRUNED
1638,0.0,2026-03-20 05:22:42.678679,2026-03-20 05:22:43.315955,0 days 00:00:00.637276,21.167947889676423,15.707043724155167,1.4097707906999004,Au,PRUNED
1639,-315.34090909087325,2026-03-20 05:22:42.893828,2026-03-20 05:22:43.531899,0 days 00:00:00.638071,21.805639405318118,17.116583576553946,1.2897101208442263,Au,COMPLETE
1640,0.0,2026-03-20 05:22:43.004655,2026-03-20 05:22:43.749814,0 days 00:00:00.745159,44.799777144202736,19.533999715789736,1.4561128643776975,Au,PRUNED
1641,-8.928571428570153,2026-03-20 05:22:43.082310,2026-03-20 05:22:43.860863,0 days 00:00:00.778553,21.63932905842556,19.128382764831624,1.3784830619690223,Au,PRUNED
1642,-384.0702947845281,2026-03-20 05:22:43.114996,2026-03-20 05:22:43.887454,0 days 00:00:00.772458,20.279644930131482,19.422258547549557,1.1970871945430828,Au,COMPLETE
1643,83.02696078431127,2026-03-20 05:22:43.145180,2026-03-20 05:22:43.734550,0 days 00:00:00.589370,24.215852348755604,19.18360860978463,1.3782552155890218,Au,PRUNED
1644,0.0,2026-03-20 05:22:43.291956,2026-03-20 05:22:44.047515,0 days 00:00:00.755559,20.33883803778612,16.054582129061203,1.3718468370955885,Au,PRUNED
1645,-10.802469135801669,2026-03-20 05:22:43.375287,2026-03-20 05:22:44.080508,0 days 00:00:00.705221,34.60555741174842,13.814613490336193,0.8399739101585142,Cu,PRUNED
1646,0.0,2026-03-20 05:22:43.418283,2026-03-20 05:22:44.231807,0 days 00:00:00.813524,39.571659945471666,18.959676585534034,1.4312885923772247,Au,PRUNED
1647,0.0,2026-03-20 05:22:43.769470,2026-03-20 05:22:44.669507,0 days 00:00:00.900037,21.11959602983115,15.908427517192939,1.1876986928297495,Au,PRUNED
1648,-12.499999999998334,2026-03-20 05:22:43.811340,2026-03-20 05:22:44.604979,0 days 00:00:00.793639,22.394958073520858,18.25989263663494,1.0077029568222045,Au,PRUNED
1649,-368.4640522875337,2026-03-20 05:22:43.878525,2026-03-20 05:22:44.602215,0 days 00:00:00.723690,21.587628707592824,18.48440660740724,0.9846475601734563,Au,COMPLETE
1650,83.33333333333088,2026-03-20 05:22:43.941654,2026-03-20 05:22:44.793626,0 days 00:00:00.851972,23.082301992136035,19.97457443102921,1.0762925247634914,Au,PRUNED
1651,79.01234567901,2026-03-20 05:22:44.048514,2026-03-20 05:22:44.878242,0 days 00:00:00.829728,34.05655376983485,15.803904142800265,1.28834614263843,Au,PRUNED
1652,0.0,2026-03-20 05:22:44.166468,2026-03-20 05:22:44.579518,0 days 00:00:00.413050,22.818562524651057,14.949818030387807,1.317760397151313,Au,PRUNED
1653,-369.00871459690114,2026-03-20 05:22:44.206796,2026-03-20 05:22:44.948441,0 days 00:00:00.741645,21.537391144106365,18.234036117615005,1.3448118063299133,Au,COMPLETE
1654,0.0,2026-03-20 05:22:44.291221,2026-03-20 05:22:44.716133,0 days 00:00:00.424912,31.201705587716702,19.764494316839464,0.9244019729405585,Au,PRUNED
1655,0.0,2026-03-20 05:22:44.682159,2026-03-20 05:22:45.514290,0 days 00:00:00.832131,42.933255923190316,19.688439867297294,1.1716469298352568,Au,PRUNED
1656,0.0,2026-03-20 05:22:44.738043,2026-03-20 05:22:45.285140,0 days 00:00:00.547097,41.9039168855965,19.44630170400743,0.981672164511383,Au,PRUNED
1657,-323.6434108526756,2026-03-20 05:22:44.753497,2026-03-20 05:22:45.571817,0 days 00:00:00.818320,20.64047616062631,18.04718635062526,1.38390795396154,Au,COMPLETE
1658,0.0,2026-03-20 05:22:44.779272,2026-03-20 05:22:45.516345,0 days 00:00:00.737073,20.717802338592055,16.89106744100855,1.2277130533025715,Au,PRUNED
1659,-389.3678160918998,2026-03-20 05:22:44.849589,2026-03-20 05:22:45.415409,0 days 00:00:00.565820,20.42971843838564,19.675056649700682,0.8641511883039266,Au,COMPLETE
1660,0.0,2026-03-20 05:22:44.886820,2026-03-20 05:22:45.587212,0 days 00:00:00.700392,39.95239820642542,17.47164710443174,1.2118943888288387,Au,PRUNED
1661,-8.620689655171224,2026-03-20 05:22:44.939311,2026-03-20 05:22:45.758397,0 days 00:00:00.819086,22.758681777056694,18.244956765714257,1.2220060459318018,Au,PRUNED
1662,0.0,2026-03-20 05:22:45.182722,2026-03-20 05:22:45.969106,0 days 00:00:00.786384,37.47460439413655,19.138873804032283,1.2344858418355338,Au,PRUNED
1663,0.0,2026-03-20 05:22:45.434193,2026-03-20 05:22:46.001478,0 days 00:00:00.567285,20.589930211507223,17.085067312606544,0.6534859322109698,Au,PRUNED
1664,0.0,2026-03-20 05:22:45.605893,2026-03-20 05:22:46.229571,0 days 00:00:00.623678,20.019116098856014,17.413101052289807,1.4819792042159816,Au,PRUNED
1665,0.0,2026-03-20 05:22:45.659937,2026-03-20 05:22:46.291507,0 days 00:00:00.631570,33.27091339090083,19.55183864794177,0.6496668194763615,Au,PRUNED
1666,0.0,2026-03-20 05:22:45.668921,2026-03-20 05:22:46.198014,0 days 00:00:00.529093,20.751632486991774,17.59406266169954,0.7965849463505518,Au,PRUNED
1667,0.0,2026-03-20 05:22:45.710240,2026-03-20 05:22:46.197000,0 days 00:00:00.486760,28.012050306206206,19.092462955287285,0.6274415741265608,Au,PRUNED
1668,6.313131313130548,2026-03-20 05:22:45.824831,2026-03-20 05:22:46.369450,0 days 00:00:00.544619,26.38551131431992,18.098864314461757,0.6039766251422634,Au,PRUNED
1669,-319.20498084287544,2026-03-20 05:22:45.872744,2026-03-20 05:22:46.192773,0 days 00:00:00.320029,21.30961974988112,17.59466504685079,1.2387671115953136,Au,COMPLETE
1670,83.02696078431127,2026-03-20 05:22:46.009466,2026-03-20 05:22:46.884833,0 days 00:00:00.875367,23.581144890291327,19.710933410813848,1.4001236493277445,Au,PRUNED
1671,-395.9790209789654,2026-03-20 05:22:46.078281,2026-03-20 05:22:47.023857,0 days 00:00:00.945576,20.80245665374017,19.24570835345657,1.1583004860148307,Au,COMPLETE
1672,0.0,2026-03-20 05:22:46.323464,2026-03-20 05:22:46.931758,0 days 00:00:00.608294,20.981079654608358,17.167219804777943,1.0903086194229004,Au,PRUNED
1673,-358.2802547770239,2026-03-20 05:22:46.401048,2026-03-20 05:22:46.933100,0 days 00:00:00.532052,21.31608015281571,18.383438297483615,1.1285492405609827,Au,COMPLETE
1674,0.0,2026-03-20 05:22:46.443607,2026-03-20 05:22:46.884833,0 days 00:00:00.441226,20.46558319830395,14.53922935103294,0.963704152592519,Au,PRUNED
1675,-8.01282051281928,2026-03-20 05:22:46.464038,2026-03-20 05:22:46.993317,0 days 00:00:00.529279,21.133335661384045,19.89726149318988,1.1345236066305047,Au,PRUNED
1676,0.0,2026-03-20 05:22:46.434103,2026-03-20 05:22:46.934369,0 days 00:00:00.500266,20.60379002376692,15.372848464070401,1.0179484958415164,Au,PRUNED
1677,0.0,2026-03-20 05:22:46.494077,2026-03-20 05:22:46.887832,0 days 00:00:00.393755,37.690272341892374,15.482938094838651,1.0977402798781037,Au,PRUNED
1678,0.0,2026-03-20 05:22:46.904898,2026-03-20 05:22:47.584151,0 days 00:00:00.679253,20.984873648477,17.159453786626997,0.9403301869363413,Au,PRUNED
1679,-2.976190476190051,2026-03-20 05:22:47.070187,2026-03-20 05:22:47.897317,0 days 00:00:00.827130,22.43842763970762,19.611470617025322,0.9626650891501688,Au,PRUNED
1680,0.0,2026-03-20 05:22:47.091759,2026-03-20 05:22:47.774368,0 days 00:00:00.682609,34.58378874299248,19.610293319196295,0.8275138970449728,Au,PRUNED
1681,0.0,2026-03-20 05:22:47.103895,2026-03-20 05:22:47.776731,0 days 00:00:00.672836,20.8036045169169,17.763327504859475,1.2127431879075377,Au,PRUNED
1682,0.0,2026-03-20 05:22:47.222920,2026-03-20 05:22:47.773364,0 days 00:00:00.550444,20.570120070577516,15.986232462569582,1.2914464254134443,Au,PRUNED
1683,0.0,2026-03-20 05:22:47.250885,2026-03-20 05:22:47.881133,0 days 00:00:00.630248,27.595209849143707,19.8999132159603,0.8072112525648155,Au,PRUNED
1684,0.0,2026-03-20 05:22:47.292683,2026-03-20 05:22:47.802211,0 days 00:00:00.509528,38.45502599405383,16.94361829510156,1.2900497418366494,Au,PRUNED
1685,-327.69607843133423,2026-03-20 05:22:47.311992,2026-03-20 05:22:47.776731,0 days 00:00:00.464739,21.00203181158964,18.022078285791018,1.1982064302096096,Au,COMPLETE
1686,0.0,2026-03-20 05:22:47.706923,2026-03-20 05:22:48.223001,0 days 00:00:00.516078,37.10807322721803,17.622673249598144,1.3282918883253523,Au,PRUNED
1687,0.0,2026-03-20 05:22:47.918020,2026-03-20 05:22:48.608857,0 days 00:00:00.690837,20.03284566295125,16.536833791867757,1.051986593237871,Cu,PRUNED
1688,0.0,2026-03-20 05:22:47.932773,2026-03-20 05:22:48.522854,0 days 00:00:00.590081,39.18409956058125,17.17618367290391,1.0331669207810676,Au,PRUNED
1689,-6.172839506171925,2026-03-20 05:22:47.950878,2026-03-20 05:22:48.554089,0 days 00:00:00.603211,21.75320269092803,19.63140907275504,1.1643990532726134,Au,PRUNED
1690,0.0,2026-03-20 05:22:47.964774,2026-03-20 05:22:48.629956,0 days 00:00:00.665182,32.854450393044615,19.967346524664222,1.2496215852453498,Au,PRUNED
1691,-1.4880952380950254,2026-03-20 05:22:47.983729,2026-03-20 05:22:48.803673,0 days 00:00:00.819944,22.60338492800204,19.581208268381193,0.9509471439371993,Au,PRUNED
1692,78.4313725490173,2026-03-20 05:22:48.027529,2026-03-20 05:22:48.838046,0 days 00:00:00.810517,31.479949429820536,19.658065516376183,1.2802356649329831,Cu,PRUNED
1693,-348.8612836438491,2026-03-20 05:22:48.080607,2026-03-20 05:22:48.942955,0 days 00:00:00.862348,21.785548108406037,17.797594561612815,1.269885417341279,Au,COMPLETE
1694,83.33333333333088,2026-03-20 05:22:48.447056,2026-03-20 05:22:49.149215,0 days 00:00:00.702159,23.40322876865685,19.6238492965433,1.1545495171026157,Au,PRUNED
1695,-392.93981481476027,2026-03-20 05:22:48.630961,2026-03-20 05:22:49.150212,0 days 00:00:00.519251,20.17878527797246,19.62658244718873,1.2116279841798847,Au,COMPLETE
1696,0.0,2026-03-20 05:22:48.635089,2026-03-20 05:22:49.218078,0 days 00:00:00.582989,20.1522343740211,17.77485679804995,1.390177034323499,Au,PRUNED
1697,-343.8139059304286,2026-03-20 05:22:48.728145,2026-03-20 05:22:49.605798,0 days 00:00:00.877653,20.609697961870587,18.242945025693306,1.5964774850091408,Au,COMPLETE
1698,78.4313725490173,2026-03-20 05:22:48.761030,2026-03-20 05:22:49.357660,0 days 00:00:00.596630,37.77741446175404,14.731247438282995,0.47755315660241804,Au,PRUNED
1699,-341.46341463410465,2026-03-20 05:22:48.904570,2026-03-20 05:22:49.606936,0 days 00:00:00.702366,20.845670402216793,18.17818944146582,1.4357540184171154,Au,COMPLETE
1700,-367.64705882348085,2026-03-20 05:22:48.934753,2026-03-20 05:22:49.606936,0 days 00:00:00.672183,20.086597502440256,19.29017295655016,1.2633969454781877,Au,COMPLETE
1701,-356.0126582278027,2026-03-20 05:22:49.134419,2026-03-20 05:22:49.909956,0 days 00:00:00.775537,21.56646459771255,18.047619426459782,1.2724982388586077,Au,COMPLETE
1702,-371.16228070170547,2026-03-20 05:22:49.224149,2026-03-20 05:22:49.799786,0 days 00:00:00.575637,22.475337479564878,17.93100158148875,0.9769873624757053,Au,COMPLETE
1703,-383.7868480725106,2026-03-20 05:22:49.268236,2026-03-20 05:22:49.844322,0 days 00:00:00.576086,20.20625170406243,19.511353016941882,1.1447843126847734,Au,COMPLETE
1704,-9.615384615383135,2026-03-20 05:22:49.477196,2026-03-20 05:22:50.029361,0 days 00:00:00.552165,20.492041165615724,19.8361419197945,1.5548397636505442,Au,PRUNED
1705,0.0,2026-03-20 05:22:49.521771,2026-03-20 05:22:50.081779,0 days 00:00:00.560008,34.56550141366652,19.82304939056805,1.4765491100119463,Au,PRUNED
1706,-1.3888888888887037,2026-03-20 05:22:49.728229,2026-03-20 05:22:50.415670,0 days 00:00:00.687441,22.70328865940826,19.117626916959356,1.3535908389556948,Au,PRUNED
1707,-4.629629629628944,2026-03-20 05:22:49.784925,2026-03-20 05:22:50.444001,0 days 00:00:00.659076,21.444158274003097,19.568029373413616,1.5381365083413545,Au,PRUNED
1708,0.0,2026-03-20 05:22:49.943235,2026-03-20 05:22:50.441401,0 days 00:00:00.498166,42.13732657611527,19.976619999754092,1.242966863330815,Au,PRUNED
1709,0.0,2026-03-20 05:22:50.027856,2026-03-20 05:22:50.675071,0 days 00:00:00.647215,41.43979853303915,16.596971953673837,0.7052962530768613,Au,PRUNED
1710,-4.464285714285077,2026-03-20 05:22:50.118132,2026-03-20 05:22:50.848631,0 days 00:00:00.730499,22.63463075807992,19.158159523332102,0.9676004201976767,Au,PRUNED
1711,-312.3822975517539,2026-03-20 05:22:50.094707,2026-03-20 05:22:51.113365,0 days 00:00:01.018658,21.61538174399756,17.523709676135805,0.9001150858302619,Au,COMPLETE
1712,0.0,2026-03-20 05:22:50.193585,2026-03-20 05:22:50.880606,0 days 00:00:00.687021,20.147512496080463,19.003111519770787,0.816472231695849,Au,PRUNED
1713,0.0,2026-03-20 05:22:50.175564,2026-03-20 05:22:50.893540,0 days 00:00:00.717976,37.54063782304321,15.754618444033571,0.6336412830343391,Au,PRUNED
1714,1.3888888888887037,2026-03-20 05:22:50.537693,2026-03-20 05:22:51.349427,0 days 00:00:00.811734,23.088046715436416,19.607679096767125,0.9292776452063719,Au,PRUNED
1715,0.0,2026-03-20 05:22:50.552842,2026-03-20 05:22:51.179213,0 days 00:00:00.626371,20.019113212269914,16.470031398464243,0.9825491374892947,Au,PRUNED
1716,0.0,2026-03-20 05:22:50.591307,2026-03-20 05:22:51.177213,0 days 00:00:00.585906,30.60198199990368,19.175778095038787,0.9702227754590855,Au,PRUNED
1717,0.0,2026-03-20 05:22:50.739217,2026-03-20 05:22:51.284093,0 days 00:00:00.544876,20.605336876235256,18.504466978021817,0.8561330705660405,Au,PRUNED
1718,-395.68764568759013,2026-03-20 05:22:50.924870,2026-03-20 05:22:51.650211,0 days 00:00:00.725341,20.526490260950226,19.328280085667792,1.262238079525767,Au,COMPLETE
1719,0.0,2026-03-20 05:22:50.958204,2026-03-20 05:22:51.788990,0 days 00:00:00.830786,36.16197694486175,18.756656229058535,0.9312487887103518,Au,PRUNED
1720,-9.615384615383135,2026-03-20 05:22:51.007462,2026-03-20 05:22:51.898191,0 days 00:00:00.890729,21.24927850926586,19.817963244106103,0.9581294538135536,Au,PRUNED
1721,0.0,2026-03-20 05:22:51.253315,2026-03-20 05:22:51.993933,0 days 00:00:00.740618,22.23453762558096,19.80233872305404,1.0779913795648417,Au,PRUNED
1722,-338.8888888888474,2026-03-20 05:22:51.302693,2026-03-20 05:22:51.806093,0 days 00:00:00.503400,20.362117507404896,18.75002391779559,1.1884592728293664,Au,COMPLETE
1723,0.0,2026-03-20 05:22:51.341792,2026-03-20 05:22:51.936235,0 days 00:00:00.594443,39.42821630930904,16.67460964070884,1.0021192501105527,Au,PRUNED
1724,0.0,2026-03-20 05:22:51.393066,2026-03-20 05:22:52.302984,0 days 00:00:00.909918,30.72286731786199,19.96793249707055,1.1256002608739937,Au,PRUNED
1725,-430.87121212114675,2026-03-20 05:22:51.353351,2026-03-20 05:22:51.931689,0 days 00:00:00.578338,20.572015744232893,19.652702370256108,1.4537772629545311,Au,COMPLETE
1726,0.0,2026-03-20 05:22:51.841593,2026-03-20 05:22:52.368191,0 days 00:00:00.526598,36.53886000388319,19.49284487542845,1.3462543616820484,Au,PRUNED
1727,-7.716049382714907,2026-03-20 05:22:51.934705,2026-03-20 05:22:52.368191,0 days 00:00:00.433486,21.39606737658872,19.57370251967568,1.3078577736750228,Au,PRUNED
1728,0.0,2026-03-20 05:22:51.990237,2026-03-20 05:22:52.672088,0 days 00:00:00.681851,28.628833083933063,19.583868781545185,1.4270342486135874,Au,PRUNED
1729,0.0,2026-03-20 05:22:52.058060,2026-03-20 05:22:52.637637,0 days 00:00:00.579577,33.36543297745588,17.308773418854873,1.2434379658825963,Au,PRUNED
1730,-411.53381642506076,2026-03-20 05:22:52.106338,2026-03-20 05:22:52.692680,0 days 00:00:00.586342,20.890491701834925,19.057904074900822,1.6570697612370622,Au,COMPLETE
1731,0.0,2026-03-20 05:22:52.119396,2026-03-20 05:22:52.690682,0 days 00:00:00.571286,21.049121870648992,17.131352456662484,1.1357762595449141,Au,PRUNED
1732,83.02696078431127,2026-03-20 05:22:52.152264,2026-03-20 05:22:52.729501,0 days 00:00:00.577237,23.35222539200436,19.717484257867397,1.5584426756228043,Au,PRUNED
1733,0.0,2026-03-20 05:22:52.399349,2026-03-20 05:22:52.994102,0 days 00:00:00.594753,39.754931824315086,19.90345528545772,1.3772474374154475,Au,PRUNED
1734,0.0,2026-03-20 05:22:52.430952,2026-03-20 05:22:53.223692,0 days 00:00:00.792740,37.48483419264953,18.34242975013885,1.202537048022385,Au,PRUNED
1735,-373.3443708608775,2026-03-20 05:22:52.461181,2026-03-20 05:22:53.192326,0 days 00:00:00.731145,20.049482162311197,19.27530971209996,1.4119854624953443,Au,COMPLETE
1736,0.0,2026-03-20 05:22:52.730510,2026-03-20 05:22:53.326934,0 days 00:00:00.596424,38.981991201050064,19.45492872468315,1.6671277322866027,Au,PRUNED
1737,-1.3888888888887037,2026-03-20 05:22:52.680653,2026-03-20 05:22:53.482053,0 days 00:00:00.801400,22.61678667919529,18.677270091284623,1.6377964336197672,Au,PRUNED
1738,0.0,2026-03-20 05:22:52.836127,2026-03-20 05:22:53.411052,0 days 00:00:00.574925,39.74031762766322,19.045031038233265,1.565494325987084,Au,PRUNED
1739,-341.46341463410465,2026-03-20 05:22:52.854318,2026-03-20 05:22:53.480048,0 days 00:00:00.625730,20.01838657286317,18.70258967097033,1.5735255835388737,Au,COMPLETE
1740,-8.01282051281928,2026-03-20 05:22:53.086475,2026-03-20 05:22:53.614313,0 days 00:00:00.527838,20.870075378184016,19.85848302957346,1.48900864858489,Au,PRUNED
1741,0.0,2026-03-20 05:22:53.146704,2026-03-20 05:22:53.806721,0 days 00:00:00.660017,31.118108898622424,19.926057305926037,1.763534402371675,Au,PRUNED
1742,82.09876543209633,2026-03-20 05:22:53.345162,2026-03-20 05:22:54.049797,0 days 00:00:00.704635,24.425324434081766,19.816439458402577,1.7995233878349277,Au,PRUNED
1743,0.0,2026-03-20 05:22:53.347223,2026-03-20 05:22:54.083315,0 days 00:00:00.736092,32.06127440219526,19.947507672970904,1.1188746928088866,Au,PRUNED
1744,0.0,2026-03-20 05:22:53.426739,2026-03-20 05:22:54.005906,0 days 00:00:00.579167,27.494298378640945,19.52654953730439,1.2255292034282967,Au,PRUNED
1745,83.33333333333088,2026-03-20 05:22:53.530906,2026-03-20 05:22:54.199776,0 days 00:00:00.668870,22.937633864891225,19.890198709445325,1.3396106554983875,Au,PRUNED
1746,-420.98765432092506,2026-03-20 05:22:53.553915,2026-03-20 05:22:54.129446,0 days 00:00:00.575531,21.024692961247556,19.351634767017746,1.2596453809615444,Au,COMPLETE
1747,-405.0595238094659,2026-03-20 05:22:53.589039,2026-03-20 05:22:54.266502,0 days 00:00:00.677463,20.300068738016837,19.666887109886588,1.2432998571738332,Au,COMPLETE
1748,0.0,2026-03-20 05:22:53.676002,2026-03-20 05:22:54.363532,0 days 00:00:00.687530,34.035172915216705,19.94959849543182,1.4284943264197922,Au,PRUNED
1749,-365.2597402596925,2026-03-20 05:22:53.885215,2026-03-20 05:22:54.676536,0 days 00:00:00.791321,20.613863851169086,19.030703625077482,1.0911577737662168,Au,COMPLETE
1750,-427.63157894730426,2026-03-20 05:22:54.137477,2026-03-20 05:22:54.755016,0 days 00:00:00.617539,21.216693729311352,19.463957889164636,1.1277250861009473,Au,COMPLETE
1751,0.0,2026-03-20 05:22:54.145945,2026-03-20 05:22:54.677536,0 days 00:00:00.531591,116.20715504943948,14.975410673096565,0.18968949849980543,Cu,PRUNED
1752,0.0,2026-03-20 05:22:54.209896,2026-03-20 05:22:54.877924,0 days 00:00:00.668028,30.23460758879785,17.9843823081274,1.0094921531719174,Au,PRUNED
1753,0.0,2026-03-20 05:22:54.340886,2026-03-20 05:22:54.994978,0 days 00:00:00.654092,38.196006680775795,18.82560291585577,1.1242102950083854,Au,PRUNED
1754,0.0,2026-03-20 05:22:54.351809,2026-03-20 05:22:55.160809,0 days 00:00:00.809000,34.88149628892596,17.56162216587593,1.056618639475761,Au,PRUNED
1755,0.0,2026-03-20 05:22:54.474789,2026-03-20 05:22:55.159799,0 days 00:00:00.685010,37.54933955482818,19.99824766242167,1.0974666751611446,Au,PRUNED
1756,2.873563218390408,2026-03-20 05:22:54.504831,2026-03-20 05:22:55.268555,0 days 00:00:00.763724,22.49395941072952,19.847442575767705,1.1424403092532205,Au,PRUNED
1757,0.0,2026-03-20 05:22:54.767989,2026-03-20 05:22:55.510740,0 days 00:00:00.742751,34.90007832025263,16.621881150871815,0.9672516824954192,Au,PRUNED
1758,-376.1111111110613,2026-03-20 05:22:54.805925,2026-03-20 05:22:55.510237,0 days 00:00:00.704312,21.026828484444383,18.8185762315992,1.143409533606988,Au,COMPLETE
1759,-437.820512820445,2026-03-20 05:22:54.922957,2026-03-20 05:22:55.507732,0 days 00:00:00.584775,20.64651759997179,19.9751648133542,1.0333064683585809,Au,COMPLETE
1760,-381.19369369364284,2026-03-20 05:22:54.957526,2026-03-20 05:22:55.667010,0 days 00:00:00.709484,20.319170096307747,19.55015029706423,0.9884252597469627,Au,COMPLETE
1761,-1.1990407673860566,2026-03-20 05:22:55.089041,2026-03-20 05:22:55.769843,0 days 00:00:00.680802,21.50115565554426,19.285554952695943,0.9530807255945699,Ag,PRUNED
1762,23.00514800514765,2026-03-20 05:22:55.191377,2026-03-20 05:22:55.769843,0 days 00:00:00.578466,74.34589477095783,8.04711375537346,1.940778137406319,Au,PRUNED
1763,-384.35374149654615,2026-03-20 05:22:55.298742,2026-03-20 05:22:55.882014,0 days 00:00:00.583272,20.464297812358332,19.310016196419877,1.2012006427844055,Au,COMPLETE
1764,-381.75675675670516,2026-03-20 05:22:55.404369,2026-03-20 05:22:56.070682,0 days 00:00:00.666313,21.797304789023755,18.499981148197126,0.9848561298663094,Au,COMPLETE
1765,82.41421568627209,2026-03-20 05:22:55.740238,2026-03-20 05:22:56.220688,0 days 00:00:00.480450,24.735492450174867,19.94964073360316,1.0492004973195674,Au,PRUNED
1766,0.0,2026-03-20 05:22:55.669520,2026-03-20 05:22:56.387384,0 days 00:00:00.717864,39.81674413111854,19.935819174772273,1.0598713896699756,Au,PRUNED
1767,83.02696078431127,2026-03-20 05:22:55.826026,2026-03-20 05:22:56.331330,0 days 00:00:00.505304,23.79355212327623,19.426167517223693,1.2116996913867641,Au,PRUNED
1768,-7.4404761904751275,2026-03-20 05:22:55.849814,2026-03-20 05:22:56.531851,0 days 00:00:00.682037,22.251361105647554,19.17501079302179,1.0739739561976653,Au,PRUNED
1769,0.0,2026-03-20 05:22:55.881017,2026-03-20 05:22:56.427517,0 days 00:00:00.546500,37.48255865235974,19.38707812847543,0.792454157362882,Au,PRUNED
1770,0.0,2026-03-20 05:22:55.971232,2026-03-20 05:22:56.577198,0 days 00:00:00.605966,20.021363580695866,19.257719176646663,1.0144512377389978,Au,PRUNED
1771,2.7777777777774073,2026-03-20 05:22:56.155267,2026-03-20 05:22:57.066435,0 days 00:00:00.911168,23.799867204087406,19.495977851589096,0.6149540272392167,Au,PRUNED
1772,83.02696078431127,2026-03-20 05:22:56.196913,2026-03-20 05:22:56.768698,0 days 00:00:00.571785,24.622837752403925,19.62220310068513,0.7158530022239312,Au,PRUNED
1773,0.0,2026-03-20 05:22:56.272062,2026-03-20 05:22:56.849016,0 days 00:00:00.576954,27.239559236953074,19.95078531224532,0.9254223770536237,Au,PRUNED
1774,0.0,2026-03-20 05:22:56.458607,2026-03-20 05:22:57.066435,0 days 00:00:00.607828,27.70907302681446,19.489239599149002,0.5130373957769503,Au,PRUNED
1775,83.33333333333088,2026-03-20 05:22:56.512921,2026-03-20 05:22:57.161810,0 days 00:00:00.648889,23.32483838853384,19.89625994010646,0.9825079739230407,Au,PRUNED
1776,0.0,2026-03-20 05:22:56.534884,2026-03-20 05:22:57.297473,0 days 00:00:00.762589,26.311974003635967,19.888594216112196,0.7940387444006,Au,PRUNED
1777,-289.47368421049583,2026-03-20 05:22:56.671538,2026-03-20 05:22:57.460699,0 days 00:00:00.789161,22.614949482063142,16.566055725609203,0.8478899393995678,Au,PRUNED
1778,-420.6790123456165,2026-03-20 05:22:56.617962,2026-03-20 05:22:57.440015,0 days 00:00:00.822053,20.522953241441424,19.825999121411293,1.0643493802690698,Au,COMPLETE
1779,81.18872549019368,2026-03-20 05:22:56.881639,2026-03-20 05:22:57.626950,0 days 00:00:00.745311,30.591749768478603,16.337241356213788,0.720209954294579,Au,PRUNED
1780,82.72058823529169,2026-03-20 05:22:56.940852,2026-03-20 05:22:57.563913,0 days 00:00:00.623061,24.21101296269463,19.90916379315696,1.2040911373643184,Au,PRUNED
1781,0.0,2026-03-20 05:22:57.189805,2026-03-20 05:22:57.765090,0 days 00:00:00.575285,35.93955014154251,19.35970087917172,1.0375052004941574,Au,PRUNED
1782,0.0,2026-03-20 05:22:57.222156,2026-03-20 05:22:57.944316,0 days 00:00:00.722160,35.72289776889804,19.874754106987886,1.1846869205791946,Au,PRUNED
1783,78.7377450980369,2026-03-20 05:22:57.247683,2026-03-20 05:22:57.887510,0 days 00:00:00.639827,32.06728612236331,19.365667851073734,0.9847607445575429,Cu,PRUNED
1784,-0.6915629322268211,2026-03-20 05:22:57.413894,2026-03-20 05:22:58.115353,0 days 00:00:00.701459,97.67778472811811,17.263158814548007,1.7575874978558588,Au,PRUNED
1785,-384.35374149654615,2026-03-20 05:22:57.513062,2026-03-20 05:22:58.168494,0 days 00:00:00.655432,21.713744064405002,18.65116413706082,0.9026308276231987,Au,COMPLETE
1786,-357.21868365175925,2026-03-20 05:22:57.626435,2026-03-20 05:22:58.378303,0 days 00:00:00.751868,20.14115432329076,19.408418734012447,0.9434473695881695,Au,COMPLETE
1787,0.0,2026-03-20 05:22:57.672726,2026-03-20 05:22:58.116350,0 days 00:00:00.443624,39.21189824724351,19.916042990882882,1.1338694473245328,Au,PRUNED
1788,0.0,2026-03-20 05:22:57.729410,2026-03-20 05:22:58.332186,0 days 00:00:00.602776,21.287656186205403,16.720995745880977,0.8142017723249467,Au,PRUNED
1789,-373.06843267103204,2026-03-20 05:22:57.848698,2026-03-20 05:22:58.444092,0 days 00:00:00.595394,20.007019997951442,19.444314590226163,1.2599614384584126,Au,COMPLETE
1790,-357.21868365175925,2026-03-20 05:22:57.962991,2026-03-20 05:22:58.723507,0 days 00:00:00.760516,20.167034284962938,19.513170682327015,0.8162140739510575,Au,COMPLETE
1791,0.0,2026-03-20 05:22:58.052915,2026-03-20 05:22:58.565093,0 days 00:00:00.512178,22.800740189154556,14.826509185030496,0.7691030129164697,Au,PRUNED
1792,-8.01282051281928,2026-03-20 05:22:58.242106,2026-03-20 05:22:59.052394,0 days 00:00:00.810288,21.212655273312244,19.896438876018394,1.044685643174234,Au,PRUNED
1793,-434.16030534344486,2026-03-20 05:22:58.293770,2026-03-20 05:22:58.844073,0 days 00:00:00.550303,20.744032883529115,19.978779617517738,0.8698618262599064,Au,COMPLETE
1794,82.09876543209633,2026-03-20 05:22:58.303898,2026-03-20 05:22:59.253848,0 days 00:00:00.949950,25.203000268494904,19.91089598753356,1.2382297769585684,Au,PRUNED
1795,80.26960784313488,2026-03-20 05:22:58.491615,2026-03-20 05:22:59.052908,0 days 00:00:00.561293,31.459748009258487,16.15279988180231,0.9465715716891054,Au,PRUNED
1796,-368.19172113284964,2026-03-20 05:22:58.588547,2026-03-20 05:22:59.252615,0 days 00:00:00.664068,20.887350864693264,18.899695135324805,1.0660631657896995,Au,COMPLETE
1797,-1.4880952380950254,2026-03-20 05:22:58.606893,2026-03-20 05:22:59.254386,0 days 00:00:00.647493,21.869582003090947,19.86436942136417,1.239380167004215,Au,PRUNED
1798,79.01234567901,2026-03-20 05:22:58.630481,2026-03-20 05:22:59.316869,0 days 00:00:00.686388,34.32492832331253,15.839778239802332,0.9797349648943977,Au,PRUNED
1799,-7.352941176469723,2026-03-20 05:22:58.846607,2026-03-20 05:22:59.645643,0 days 00:00:00.799036,24.342403175654884,18.822330857701562,1.5231092466176954,Cu,PRUNED
1800,0.0,2026-03-20 05:22:59.088375,2026-03-20 05:22:59.692847,0 days 00:00:00.604472,24.5097451715003,19.73223291289135,1.5814334567042088,Cu,PRUNED
1801,-7.575757575756658,2026-03-20 05:22:59.154759,2026-03-20 05:22:59.771721,0 days 00:00:00.616962,23.828214079665422,19.30505415790177,1.4117896009891664,Cu,PRUNED
1802,0.0,2026-03-20 05:22:59.179674,2026-03-20 05:22:59.816060,0 days 00:00:00.636386,45.14238089719696,17.885868113463697,0.7337261350597227,Au,PRUNED
1803,-3.6764705882348614,2026-03-20 05:22:59.372635,2026-03-20 05:22:59.925807,0 days 00:00:00.553172,28.05806582519767,15.963721488708826,0.6142568945685005,Au,PRUNED
1804,0.0,2026-03-20 05:22:59.398207,2026-03-20 05:22:59.927861,0 days 00:00:00.529654,40.32533401300312,19.419144109934926,0.856499703378176,Au,PRUNED
1805,0.0,2026-03-20 05:22:59.427856,2026-03-20 05:22:59.839613,0 days 00:00:00.411757,52.11979642974218,19.54030410044942,0.815349589764832,Au,PRUNED
1806,-1.1140819964349138,2026-03-20 05:22:59.498758,2026-03-20 05:23:00.237649,0 days 00:00:00.738891,58.877201343378616,19.010056823481296,0.7359732672412566,Au,PRUNED
1807,0.0,2026-03-20 05:22:59.710992,2026-03-20 05:23:00.677248,0 days 00:00:00.966256,34.31198858609327,19.97450882797265,0.9082916774293801,Au,PRUNED
1808,0.0,2026-03-20 05:22:59.785404,2026-03-20 05:23:00.785377,0 days 00:00:00.999973,23.47116029652016,19.315009352634824,0.7098537961239297,Au,PRUNED
1809,0.0,2026-03-20 05:22:59.884470,2026-03-20 05:23:00.554537,0 days 00:00:00.670067,22.217029507221525,16.199595181817173,0.9110035940351207,Au,PRUNED
1810,0.0,2026-03-20 05:22:59.873820,2026-03-20 05:23:00.754135,0 days 00:00:00.880315,21.782443860551613,15.323267099371998,0.6979850479934673,Au,PRUNED
1811,-441.2144702841686,2026-03-20 05:22:59.843180,2026-03-20 05:23:00.428591,0 days 00:00:00.585411,21.490285239965832,19.889860086076364,0.4454310285277567,Au,COMPLETE
1812,0.0,2026-03-20 05:23:00.009881,2026-03-20 05:23:00.786445,0 days 00:00:00.776564,37.57773972951811,19.719069904209558,0.8692721605667297,Au,PRUNED
1813,83.33333333333088,2026-03-20 05:23:00.073298,2026-03-20 05:23:00.896938,0 days 00:00:00.823640,23.5611490389523,19.824362174416134,0.7214246871999817,Au,PRUNED
1814,83.02696078431127,2026-03-20 05:23:00.290469,2026-03-20 05:23:01.053607,0 days 00:00:00.763138,24.396820934000772,19.881871266963657,0.5689777138238772,Au,PRUNED
1815,3.787878787878329,2026-03-20 05:23:00.685273,2026-03-20 05:23:01.498801,0 days 00:00:00.813528,26.319072234819284,18.12411703157568,0.36879552481663314,Au,PRUNED
1816,-11.11111111110963,2026-03-20 05:23:00.816740,2026-03-20 05:23:01.756591,0 days 00:00:00.939851,25.541144633934813,17.11549819738558,0.4069185495197025,Au,PRUNED
1817,0.0,2026-03-20 05:23:00.918307,2026-03-20 05:23:01.549514,0 days 00:00:00.631207,29.721803832108264,19.31087393720435,0.4049163525463785,Au,PRUNED
1818,-389.65517241373954,2026-03-20 05:23:00.944372,2026-03-20 05:23:01.549514,0 days 00:00:00.605142,21.779369184167788,18.924900183198105,0.6030918181609156,Au,COMPLETE
1819,0.0,2026-03-20 05:23:00.976409,2026-03-20 05:23:01.523415,0 days 00:00:00.547006,27.24522673501862,19.89347902555093,0.5407142357284745,Au,PRUNED
1820,-6.410256410255424,2026-03-20 05:23:01.026059,2026-03-20 05:23:01.548515,0 days 00:00:00.522456,21.928962024933927,19.99234055258848,0.6681604051837067,Au,PRUNED
1821,0.0,2026-03-20 05:23:01.070684,2026-03-20 05:23:01.630955,0 days 00:00:00.560271,41.25044213292612,18.06298575031155,0.5411941000157596,Au,PRUNED
1822,0.0,2026-03-20 05:23:01.191034,2026-03-20 05:23:01.817266,0 days 00:00:00.626232,20.56059770541237,18.951155942140574,0.6698594770546112,Au,PRUNED
1823,78.1249999999977,2026-03-20 05:23:01.571988,2026-03-20 05:23:02.132566,0 days 00:00:00.560578,37.614178278387485,15.47668032657214,0.33710656394125593,Au,PRUNED
1824,0.0,2026-03-20 05:23:01.616826,2026-03-20 05:23:02.256007,0 days 00:00:00.639181,34.33972584317844,18.79321200598714,0.25600678471404825,Au,PRUNED
1825,0.0,2026-03-20 05:23:01.649050,2026-03-20 05:23:02.604364,0 days 00:00:00.955314,36.89868893810339,18.628812639623337,0.2768592696798513,Au,PRUNED
1826,-11.904761904760544,2026-03-20 05:23:01.700459,2026-03-20 05:23:02.474883,0 days 00:00:00.774424,21.612881300450727,19.780606567895827,1.1458168083192126,Cu,PRUNED
1827,0.0,2026-03-20 05:23:01.710935,2026-03-20 05:23:02.282422,0 days 00:00:00.571487,21.92356857967963,16.692715477532452,0.6478507443489621,Au,PRUNED
1828,0.0,2026-03-20 05:23:01.796611,2026-03-20 05:23:02.283925,0 days 00:00:00.487314,51.469573731084196,19.41484764880761,0.2706132003555739,Au,PRUNED
1829,-361.1111111110648,2026-03-20 05:23:01.860690,2026-03-20 05:23:02.555192,0 days 00:00:00.694502,22.918643469696065,17.74980346667224,0.7318001684026714,Au,COMPLETE
1830,81.18872549019368,2026-03-20 05:23:01.903167,2026-03-20 05:23:02.385003,0 days 00:00:00.481836,30.45868754999886,16.476795921212766,0.6267422384814743,Au,PRUNED
1831,-0.7002801120448061,2026-03-20 05:23:02.320966,2026-03-20 05:23:03.007024,0 days 00:00:00.686058,58.805008584130036,19.647145798015565,1.0467466367944993,Cu,PRUNED
1832,81.17283950617043,2026-03-20 05:23:02.354477,2026-03-20 05:23:02.986189,0 days 00:00:00.631712,30.3121723535355,16.942072715779247,0.9420781538281586,Au,PRUNED
1833,0.0,2026-03-20 05:23:02.387012,2026-03-20 05:23:03.143870,0 days 00:00:00.756858,41.30179111205314,19.358963775462357,0.6481146154765602,Au,PRUNED
1834,0.0,2026-03-20 05:23:02.452777,2026-03-20 05:23:03.179745,0 days 00:00:00.726968,20.121391897673245,16.498032158271084,1.0124034772212986,Au,PRUNED
1835,0.0,2026-03-20 05:23:02.508376,2026-03-20 05:23:03.123753,0 days 00:00:00.615377,21.005461977733624,15.485438083038078,0.5144919945037079,Au,PRUNED
1836,0.0,2026-03-20 05:23:02.574878,2026-03-20 05:23:03.212799,0 days 00:00:00.637921,38.44335773854816,19.97336699521492,1.3853736408700008,Au,PRUNED
1837,0.0,2026-03-20 05:23:02.697298,2026-03-20 05:23:03.213306,0 days 00:00:00.516008,26.09771883090809,19.841230906588276,0.971436678976863,Au,PRUNED
1838,0.0,2026-03-20 05:23:02.743843,2026-03-20 05:23:03.154513,0 days 00:00:00.410670,41.39617522135157,19.753740490213087,0.7853227018194887,Au,PRUNED
1839,-187.13450292396345,2026-03-20 05:23:03.061718,2026-03-20 05:23:03.562121,0 days 00:00:00.500403,21.592840903173407,18.53167635283621,0.5901370666773575,Cu,PRUNED
1840,-9.848484848484132,2026-03-20 05:23:03.086844,2026-03-20 05:23:03.838097,0 days 00:00:00.751253,24.51443716857478,17.029480185173178,0.7102372805073228,Cu,PRUNED
1841,0.0,2026-03-20 05:23:03.177225,2026-03-20 05:23:03.726533,0 days 00:00:00.549308,37.37469191456135,17.774345812902858,0.9648309407981093,Au,PRUNED
1842,-12.34567901234385,2026-03-20 05:23:03.215311,2026-03-20 05:23:03.964390,0 days 00:00:00.749079,22.800804544369228,18.989383266985033,0.49194256089278177,Au,PRUNED
1843,79.32098765431864,2026-03-20 05:23:03.234738,2026-03-20 05:23:03.902303,0 days 00:00:00.667565,33.18795870131612,16.577689771219664,0.9163407071551921,Au,PRUNED
1844,-398.76760563374626,2026-03-20 05:23:03.317086,2026-03-20 05:23:04.089306,0 days 00:00:00.772220,21.483300368586917,19.30042445502549,0.5661207566202651,Au,COMPLETE
1845,-7.716049382714907,2026-03-20 05:23:03.356901,2026-03-20 05:23:03.900478,0 days 00:00:00.543577,21.344359156440934,19.571130175716796,1.3607770584798522,Au,PRUNED
1846,0.0,2026-03-20 05:23:03.383517,2026-03-20 05:23:04.010326,0 days 00:00:00.626809,20.024340183175305,18.490173171018434,0.8669706559247142,Au,PRUNED
1847,0.0,2026-03-20 05:23:03.611746,2026-03-20 05:23:04.339521,0 days 00:00:00.727775,37.35674993155058,16.429173673761422,1.0619878365720594,Au,PRUNED
1848,0.0,2026-03-20 05:23:03.861862,2026-03-20 05:23:04.418417,0 days 00:00:00.556555,31.476004231073016,19.967799983036816,1.3482501242595544,Au,PRUNED
1849,0.0,2026-03-20 05:23:03.981422,2026-03-20 05:23:04.666476,0 days 00:00:00.685054,40.723841661695374,19.501368236938895,0.509947429941153,Au,PRUNED
1850,0.0,2026-03-20 05:23:04.029969,2026-03-20 05:23:04.557959,0 days 00:00:00.527990,20.180960465492106,17.306037929905433,0.607197313231698,Au,PRUNED
1851,0.0,2026-03-20 05:23:04.063194,2026-03-20 05:23:04.666476,0 days 00:00:00.603282,20.833296221418333,16.94228573261081,0.638787107323076,Au,PRUNED
1852,0.0,2026-03-20 05:23:04.109798,2026-03-20 05:23:04.548664,0 days 00:00:00.438866,37.27071397106744,17.456226855232607,0.5051667283680752,Au,PRUNED
1853,-404.46428571422797,2026-03-20 05:23:04.127901,2026-03-20 05:23:04.824452,0 days 00:00:00.696551,20.735046165635563,19.95265157996141,0.5169799868070308,Au,COMPLETE
1854,0.0,2026-03-20 05:23:04.244423,2026-03-20 05:23:04.931445,0 days 00:00:00.687022,28.656557737858904,19.35702111615709,0.4530119515614913,Au,PRUNED
1855,-13.888888888887038,2026-03-20 05:23:04.432489,2026-03-20 05:23:04.931445,0 days 00:00:00.498956,23.523816260735003,18.054035539677177,0.4002083999251096,Au,PRUNED
1856,-362.0967741935015,2026-03-20 05:23:04.589683,2026-03-20 05:23:05.085886,0 days 00:00:00.496203,21.277947068694637,19.045684298120808,0.46913149072238436,Au,COMPLETE
1857,83.02696078431127,2026-03-20 05:23:04.629674,2026-03-20 05:23:05.222565,0 days 00:00:00.592891,23.31175771379057,19.975197371733667,1.2987243149585017,Au,PRUNED
1858,0.0,2026-03-20 05:23:04.732102,2026-03-20 05:23:05.308065,0 days 00:00:00.575963,27.58596430457861,19.877889323257566,0.27089949415963455,Au,PRUNED
1859,0.0,2026-03-20 05:23:04.758140,2026-03-20 05:23:05.448383,0 days 00:00:00.690243,39.54382113017182,18.40776150008304,0.38583068453597114,Au,PRUNED
1860,0.0,2026-03-20 05:23:04.873483,2026-03-20 05:23:05.539488,0 days 00:00:00.666005,27.777090161247447,19.884832710607764,0.21654588604308517,Au,PRUNED
1861,0.0,2026-03-20 05:23:05.001027,2026-03-20 05:23:05.580101,0 days 00:00:00.579074,21.97235076897326,18.037256423714087,0.18975666103053518,Au,PRUNED
1862,83.02696078431127,2026-03-20 05:23:05.024721,2026-03-20 05:23:05.742863,0 days 00:00:00.718142,24.283938161164315,19.808604666895874,0.8265803411205124,Au,PRUNED
1863,0.0,2026-03-20 05:23:05.084885,2026-03-20 05:23:05.680868,0 days 00:00:00.595983,33.99383364849952,17.748243063466525,0.1548307570794326,Au,PRUNED
1864,0.0,2026-03-20 05:23:05.281416,2026-03-20 05:23:05.861521,0 days 00:00:00.580105,21.32738392426964,18.842164382641926,0.2069104690487572,Au,PRUNED
1865,-6.510416666665853,2026-03-20 05:23:05.324959,2026-03-20 05:23:06.212301,0 days 00:00:00.887342,27.565519786396848,16.37665473950397,0.28852137526681554,Au,PRUNED
1866,76.64233576642111,2026-03-20 05:23:05.372828,2026-03-20 05:23:05.882631,0 days 00:00:00.509803,39.84204127418448,15.56497441513061,0.10817649110055066,Au,PRUNED
1867,0.0,2026-03-20 05:23:05.516676,2026-03-20 05:23:06.528728,0 days 00:00:01.012052,42.133291134434714,19.764432453041717,0.562217744914626,Au,PRUNED
1868,0.0,2026-03-20 05:23:05.592635,2026-03-20 05:23:06.274162,0 days 00:00:00.681527,27.208204362143668,19.95287523923332,0.6573548074321978,Au,PRUNED
1869,0.0,2026-03-20 05:23:05.715238,2026-03-20 05:23:06.445486,0 days 00:00:00.730248,22.98554444931211,15.465413457672287,0.3835798980920808,Au,PRUNED
1870,-14.367816091952042,2026-03-20 05:23:05.771973,2026-03-20 05:23:06.350781,0 days 00:00:00.578808,23.220933325373714,18.254749343823274,0.45707219139577343,Au,PRUNED
1871,0.0,2026-03-20 05:23:05.806694,2026-03-20 05:23:06.526529,0 days 00:00:00.719835,20.73394065719735,18.22037996905293,0.5752148006365281,Au,PRUNED
1872,-11.904761904760203,2026-03-20 05:23:05.956927,2026-03-20 05:23:06.709988,0 days 00:00:00.753061,23.272465966390982,18.370468439093727,0.48942196953771167,Au,PRUNED
1873,0.0,2026-03-20 05:23:06.074823,2026-03-20 05:23:07.023540,0 days 00:00:00.948717,20.09147908643649,15.219139186937579,0.44912405910910197,Au,PRUNED
1874,-25.297619047615434,2026-03-20 05:23:06.322553,2026-03-20 05:23:07.216431,0 days 00:00:00.893878,30.014197601526377,19.900440726466336,0.729664799671695,Ag,PRUNED
1875,-405.0595238094659,2026-03-20 05:23:06.392929,2026-03-20 05:23:07.104489,0 days 00:00:00.711560,21.435725613701262,19.30284646571719,0.7141544309300002,Au,COMPLETE
1876,0.0,2026-03-20 05:23:06.411023,2026-03-20 05:23:06.930191,0 days 00:00:00.519168,20.60275909803397,19.016147147902906,0.6783121680322985,Au,PRUNED
1877,0.0,2026-03-20 05:23:06.473003,2026-03-20 05:23:07.228624,0 days 00:00:00.755621,27.95691397788935,19.859238237723783,0.7598757853054531,Au,PRUNED
1878,0.0,2026-03-20 05:23:06.648494,2026-03-20 05:23:07.214014,0 days 00:00:00.565520,35.570671732039315,16.46873152398637,0.8393384550902724,Au,PRUNED
1879,-8.01282051281928,2026-03-20 05:23:06.680695,2026-03-20 05:23:07.245709,0 days 00:00:00.565014,22.242064984459773,19.76488310126099,0.5143590502675299,Au,PRUNED
1880,0.0,2026-03-20 05:23:06.777459,2026-03-20 05:23:07.481867,0 days 00:00:00.704408,36.6568055429225,17.53398596841116,0.7033426766243933,Au,PRUNED
1881,0.0,2026-03-20 05:23:07.121730,2026-03-20 05:23:07.946449,0 days 00:00:00.824719,33.44206670704357,19.95078787356459,0.6440840550890299,Au,PRUNED
1882,-411.23188405791177,2026-03-20 05:23:07.152601,2026-03-20 05:23:07.894041,0 days 00:00:00.741440,21.003250449361598,19.518281093745173,0.9020145130363315,Au,COMPLETE
1883,0.0,2026-03-20 05:23:07.271164,2026-03-20 05:23:07.868939,0 days 00:00:00.597775,20.237353193986372,19.837672752731972,0.6645229058699025,Cu,PRUNED
1884,-389.3678160918998,2026-03-20 05:23:07.309674,2026-03-20 05:23:08.300570,0 days 00:00:00.990896,20.730802518452503,19.74219595244566,0.5388452625419722,Au,COMPLETE
1885,0.0,2026-03-20 05:23:07.338223,2026-03-20 05:23:07.930713,0 days 00:00:00.592490,37.32318852069293,16.210782278346052,0.7013016141825761,Au,PRUNED
1886,-347.82608695647866,2026-03-20 05:23:07.362905,2026-03-20 05:23:08.025178,0 days 00:00:00.662273,21.239727143377348,18.567482268765726,0.7993959196424759,Au,COMPLETE
1887,0.0,2026-03-20 05:23:07.412790,2026-03-20 05:23:07.946966,0 days 00:00:00.534176,29.904131466374366,19.970221788956447,0.8859468215695444,Au,PRUNED
1888,-401.59574468079353,2026-03-20 05:23:07.522015,2026-03-20 05:23:08.199385,0 days 00:00:00.677370,20.938689978201797,19.390651966149953,0.9304760366269426,Au,COMPLETE
1889,-8.01282051281928,2026-03-20 05:23:07.986388,2026-03-20 05:23:08.759530,0 days 00:00:00.773142,22.776212874259194,19.706542924314903,0.3371341915869626,Au,PRUNED
1890,0.0,2026-03-20 05:23:08.074726,2026-03-20 05:23:08.610729,0 days 00:00:00.536003,22.047626019773443,16.54156002499212,0.8402251909727823,Au,PRUNED
1891,-12.34567901234385,2026-03-20 05:23:08.105938,2026-03-20 05:23:08.681628,0 days 00:00:00.575690,21.960745820717623,19.282144787910884,0.6889203965033829,Au,PRUNED
1892,-373.3443708608775,2026-03-20 05:23:08.122535,2026-03-20 05:23:08.824359,0 days 00:00:00.701824,21.6882637700196,18.69134723091734,0.73429801692508,Au,COMPLETE
1893,0.0,2026-03-20 05:23:08.165651,2026-03-20 05:23:08.783531,0 days 00:00:00.617880,34.06696996000534,19.518961956551554,0.6954082765545985,Au,PRUNED
1894,0.0,2026-03-20 05:23:08.225685,2026-03-20 05:23:08.888930,0 days 00:00:00.663245,35.155003487708164,18.624693924069142,0.6501222106953612,Au,PRUNED
1895,-8.928571428570153,2026-03-20 05:23:08.251815,2026-03-20 05:23:08.794252,0 days 00:00:00.542437,23.515848100604323,18.98835576871277,0.30437896460544245,Au,PRUNED
1896,-3.0864197530859623,2026-03-20 05:23:08.435686,2026-03-20 05:23:09.035679,0 days 00:00:00.599993,22.42850357455696,19.92403620573217,0.6817426203607918,Au,PRUNED
1897,0.0,2026-03-20 05:23:08.657468,2026-03-20 05:23:09.230654,0 days 00:00:00.573186,36.0768063154147,18.301302031884536,0.5764941107002663,Au,PRUNED
1898,0.0,2026-03-20 05:23:08.725633,2026-03-20 05:23:09.231680,0 days 00:00:00.506047,33.69400859604102,19.659496378150205,0.4609096247906091,Au,PRUNED
1899,0.0,2026-03-20 05:23:08.874770,2026-03-20 05:23:09.510771,0 days 00:00:00.636001,33.439667853153885,19.286183261231372,0.5401940596144968,Au,PRUNED
1900,0.0,2026-03-20 05:23:08.888930,2026-03-20 05:23:09.484819,0 days 00:00:00.595889,38.284345834417636,19.74117913314647,0.4431096977277762,Au,PRUNED
1901,82.40740740740496,2026-03-20 05:23:08.983350,2026-03-20 05:23:09.511960,0 days 00:00:00.528610,26.444567911938417,19.527288784091063,0.4739538022939273,Au,PRUNED
1902,0.0,2026-03-20 05:23:09.014016,2026-03-20 05:23:09.729282,0 days 00:00:00.715266,33.93594223112735,19.91932308128498,0.5511410839228388,Au,PRUNED
1903,3.9308176100625967,2026-03-20 05:23:09.059161,2026-03-20 05:23:09.619207,0 days 00:00:00.560046,39.93210961027775,12.664580540824943,0.812046911709097,Au,PRUNED
1904,82.41421568627209,2026-03-20 05:23:09.139199,2026-03-20 05:23:09.812865,0 days 00:00:00.673666,25.620070883631563,19.30782290505793,0.731396905580497,Au,PRUNED
1905,-430.5555555554903,2026-03-20 05:23:09.327640,2026-03-20 05:23:10.209283,0 days 00:00:00.881643,21.49240303360898,19.562241774781473,0.6804572869904513,Au,COMPLETE
1906,0.0,2026-03-20 05:23:09.405796,2026-03-20 05:23:10.116575,0 days 00:00:00.710779,21.673919631241343,17.103804081709992,0.85013845641895,Au,PRUNED
1907,0.0,2026-03-20 05:23:09.595101,2026-03-20 05:23:10.163089,0 days 00:00:00.567988,43.306679418862,18.095038704630063,0.935371468195249,Au,PRUNED
1908,82.10784313725247,2026-03-20 05:23:09.637145,2026-03-20 05:23:10.421062,0 days 00:00:00.783917,25.069742040222856,19.866380105390643,0.9197994877877339,Au,PRUNED
1909,-380.63063063057916,2026-03-20 05:23:09.670502,2026-03-20 05:23:10.118080,0 days 00:00:00.447578,21.385374829471758,19.351382378095284,0.30925774031358166,Au,COMPLETE
1910,0.0,2026-03-20 05:23:09.680801,2026-03-20 05:23:10.366868,0 days 00:00:00.686067,22.357022543465916,16.68346404556487,0.5156893528702965,Au,PRUNED
1911,0.0,2026-03-20 05:23:09.802629,2026-03-20 05:23:10.485997,0 days 00:00:00.683368,20.387494730244565,16.704081460183684,0.6395687634588982,Au,PRUNED
1912,0.0,2026-03-20 05:23:09.890402,2026-03-20 05:23:10.296924,0 days 00:00:00.406522,20.44677995034983,16.978326056845816,0.8910079717091556,Au,PRUNED
1913,-338.38383838379735,2026-03-20 05:23:10.252491,2026-03-20 05:23:10.818296,0 days 00:00:00.565805,21.850588899360922,18.207897651424705,0.5926336624906748,Au,PRUNED
1914,-441.2144702841686,2026-03-20 05:23:10.239248,2026-03-20 05:23:10.976138,0 days 00:00:00.736890,21.19747221997175,19.977295087046297,0.5634901853367696,Au,COMPLETE
1915,-372.7924944811867,2026-03-20 05:23:10.306089,2026-03-20 05:23:11.052541,0 days 00:00:00.746452,20.740561738566075,19.48498384345586,0.6043018376874666,Au,COMPLETE
1916,49.189814814813445,2026-03-20 05:23:10.279549,2026-03-20 05:23:11.193105,0 days 00:00:00.913556,50.24551313488524,19.401234483421746,0.9503807616517083,Ag,PRUNED
1917,0.0,2026-03-20 05:23:10.385149,2026-03-20 05:23:11.053074,0 days 00:00:00.667925,23.854643659899594,19.29421176867854,0.47342666742977935,Au,PRUNED
1918,-372.7924944811867,2026-03-20 05:23:10.494198,2026-03-20 05:23:11.211231,0 days 00:00:00.717033,21.883201518967315,18.74451125859467,0.47650956089447105,Au,COMPLETE
1919,-420.6790123456165,2026-03-20 05:23:10.531859,2026-03-20 05:23:11.177588,0 days 00:00:00.645729,22.311085963258087,19.121520438686062,0.46896471151539865,Au,COMPLETE
1920,0.0,2026-03-20 05:23:10.541780,2026-03-20 05:23:11.114835,0 days 00:00:00.573055,23.36168355173725,19.466775831901693,0.627996509876146,Au,PRUNED
1921,-2.158034528552422,2026-03-20 05:23:11.014537,2026-03-20 05:23:11.758566,0 days 00:00:00.744029,93.90626229180678,6.256194104148539,1.315558632185006,Cu,PRUNED
1922,0.0,2026-03-20 05:23:11.147681,2026-03-20 05:23:11.758566,0 days 00:00:00.610885,29.486234841317682,19.847081818670585,0.17046057291533873,Au,PRUNED
1923,0.0,2026-03-20 05:23:11.241823,2026-03-20 05:23:11.803917,0 days 00:00:00.562094,20.20513720722862,19.56818176938871,0.7011945638027425,Au,PRUNED
1924,0.0,2026-03-20 05:23:11.259988,2026-03-20 05:23:11.944155,0 days 00:00:00.684167,20.53584428695388,19.841733482506037,0.1389497424055468,Au,PRUNED
1925,0.0,2026-03-20 05:23:11.290301,2026-03-20 05:23:11.760071,0 days 00:00:00.469770,24.60772447001061,11.82450278576312,0.21876261089947668,Au,PRUNED
1926,0.0,2026-03-20 05:23:11.321910,2026-03-20 05:23:11.988771,0 days 00:00:00.666861,33.436349058019225,19.867678142795924,0.48950387412521706,Au,PRUNED
1927,0.0,2026-03-20 05:23:11.438003,2026-03-20 05:23:12.071115,0 days 00:00:00.633112,28.82944484591987,19.887846569756302,0.44122754360065153,Au,PRUNED
1928,-355.48523206746586,2026-03-20 05:23:11.502746,2026-03-20 05:23:12.126213,0 days 00:00:00.623467,22.86367069634769,17.9320408810953,0.4298365450914964,Au,COMPLETE
1929,77.5122549019585,2026-03-20 05:23:11.861642,2026-03-20 05:23:12.364245,0 days 00:00:00.502603,37.33240722879093,15.65226256757548,0.5663731610387919,Au,PRUNED
1930,-0.8680555555555314,2026-03-20 05:23:11.885192,2026-03-20 05:23:12.712931,0 days 00:00:00.827739,53.133787501280864,16.768747095751763,0.47995090495690107,Au,PRUNED
1931,0.0,2026-03-20 05:23:11.920047,2026-03-20 05:23:12.789982,0 days 00:00:00.869935,23.36839062042167,19.772361526019715,0.45513588661598026,Au,PRUNED
1932,79.32098765431864,2026-03-20 05:23:11.959816,2026-03-20 05:23:12.759010,0 days 00:00:00.799194,33.49649945745705,16.966172746407373,0.4380723674484792,Au,PRUNED
1933,0.0,2026-03-20 05:23:12.006769,2026-03-20 05:23:13.010950,0 days 00:00:01.004181,22.21293221438598,17.185861453877944,0.4263047713682592,Au,PRUNED
1934,3.2051282051279584,2026-03-20 05:23:12.059761,2026-03-20 05:23:12.713942,0 days 00:00:00.654181,39.14938798673218,16.8851792072201,0.19753236597666002,Cu,PRUNED
1935,-1.1990407673860566,2026-03-20 05:23:12.151728,2026-03-20 05:23:12.749090,0 days 00:00:00.597362,21.956263586915902,19.573670612486747,0.6395777433046785,Ag,PRUNED
1936,0.0,2026-03-20 05:23:12.253224,2026-03-20 05:23:12.748088,0 days 00:00:00.494864,23.40084164937568,19.702603445793052,0.4469184923599063,Au,PRUNED
1937,0.0,2026-03-20 05:23:12.447863,2026-03-20 05:23:12.705957,0 days 00:00:00.258094,32.93951969529033,19.805346104065404,0.8686166151439064,Au,PRUNED
1938,0.0,2026-03-20 05:23:12.835909,2026-03-20 05:23:13.453532,0 days 00:00:00.617623,20.642790537888125,17.398903579654974,0.5208312922158549,Au,PRUNED
1939,0.0,2026-03-20 05:23:12.871027,2026-03-20 05:23:13.559553,0 days 00:00:00.688526,39.9629945258783,19.947300012448054,0.6016689362188594,Au,PRUNED
1940,0.0,2026-03-20 05:23:12.884077,2026-03-20 05:23:13.392021,0 days 00:00:00.507944,41.186070542386126,16.798602309423643,0.4566106216274301,Au,PRUNED
1941,0.0,2026-03-20 05:23:12.916534,2026-03-20 05:23:13.695454,0 days 00:00:00.778920,20.861205239323347,17.97399934023156,0.4468691209790593,Au,PRUNED
1942,5.952380952380272,2026-03-20 05:23:12.933140,2026-03-20 05:23:13.382257,0 days 00:00:00.449117,30.314620053585408,16.048107659152837,0.5516899397046943,Au,PRUNED
1943,0.0,2026-03-20 05:23:12.949248,2026-03-20 05:23:13.557759,0 days 00:00:00.608511,20.310898093962603,19.657186208950883,0.5822062302377948,Au,PRUNED
1944,0.0,2026-03-20 05:23:12.964314,2026-03-20 05:23:13.430746,0 days 00:00:00.466432,41.90943964571986,19.811287588336523,0.6853774815327587,Au,PRUNED
1945,-375.5555555555051,2026-03-20 05:23:13.086448,2026-03-20 05:23:13.508565,0 days 00:00:00.422117,20.62793041440943,19.574535138457232,0.6458409601005313,Au,COMPLETE
1946,-2.525252525252219,2026-03-20 05:23:13.464281,2026-03-20 05:23:14.292053,0 days 00:00:00.827772,26.31545265938156,19.729672308253914,0.4115365856531896,Cu,PRUNED
1947,0.0,2026-03-20 05:23:13.536415,2026-03-20 05:23:14.240503,0 days 00:00:00.704088,20.143381421763706,17.355231312346163,0.7493787681359435,Au,PRUNED
1948,0.0,2026-03-20 05:23:13.594374,2026-03-20 05:23:14.194141,0 days 00:00:00.599767,20.026448135867433,15.790593788250849,0.7307752608031011,Au,PRUNED
1949,0.0,2026-03-20 05:23:13.560062,2026-03-20 05:23:14.253070,0 days 00:00:00.693008,21.314582165665165,16.494074888878725,0.5018718100326083,Au,PRUNED
1950,4.166666666666111,2026-03-20 05:23:13.651161,2026-03-20 05:23:14.502885,0 days 00:00:00.851724,22.95225025119483,19.922031257398036,0.9407007931379109,Au,PRUNED
1951,0.0,2026-03-20 05:23:13.666873,2026-03-20 05:23:14.320573,0 days 00:00:00.653700,21.066019342579924,16.07717142599105,0.5914827417016999,Au,PRUNED
1952,-389.3678160918998,2026-03-20 05:23:13.752459,2026-03-20 05:23:14.320573,0 days 00:00:00.568114,20.722408667936694,19.67575465445616,0.6139102453783315,Au,COMPLETE
1953,-404.46428571422797,2026-03-20 05:23:13.847741,2026-03-20 05:23:14.622849,0 days 00:00:00.775108,20.75374038722149,19.861346608021258,0.6017171127692698,Au,COMPLETE
1954,-0.5165289256198261,2026-03-20 05:23:14.272832,2026-03-20 05:23:15.069539,0 days 00:00:00.796707,118.95982014971199,9.77156896471225,0.7943961506208194,Au,PRUNED
1955,0.0,2026-03-20 05:23:14.321573,2026-03-20 05:23:14.976029,0 days 00:00:00.654456,36.29935343327262,17.381998912466578,0.5410775229068944,Au,PRUNED
1956,0.0,2026-03-20 05:23:14.401285,2026-03-20 05:23:14.976029,0 days 00:00:00.574744,34.26114220827432,17.634582322715666,0.7980746804170736,Au,PRUNED
1957,0.0,2026-03-20 05:23:14.435666,2026-03-20 05:23:14.928377,0 days 00:00:00.492711,41.8915748503956,19.75545808748156,0.3496426706911828,Au,PRUNED
1958,-417.27941176464446,2026-03-20 05:23:14.428069,2026-03-20 05:23:15.095329,0 days 00:00:00.667260,20.69610218689654,19.888680825991873,0.7871228621717723,Au,COMPLETE
1959,0.0,2026-03-20 05:23:14.625004,2026-03-20 05:23:15.469920,0 days 00:00:00.844916,20.57670301915603,19.505014520462044,0.42903906973598427,Au,PRUNED
1960,0.0,2026-03-20 05:23:14.662141,2026-03-20 05:23:15.469383,0 days 00:00:00.807242,38.30088428994634,17.31387171132253,0.8308463053317621,Au,PRUNED
1961,0.0,2026-03-20 05:23:14.748686,2026-03-20 05:23:15.352726,0 days 00:00:00.604040,20.338434949327542,17.24304606163525,0.7045581411995355,Au,PRUNED
1962,81.49509803921329,2026-03-20 05:23:15.005734,2026-03-20 05:23:15.625707,0 days 00:00:00.619973,29.565610812252693,16.663640532454494,0.6846211823946098,Au,PRUNED
1963,-1.436781609195204,2026-03-20 05:23:15.039532,2026-03-20 05:23:15.658842,0 days 00:00:00.619310,23.323759876136126,19.079524278295604,0.8656926471329922,Au,PRUNED
1964,80.55555555555317,2026-03-20 05:23:15.175801,2026-03-20 05:23:15.908642,0 days 00:00:00.732841,30.295477702434013,17.59028136648289,0.7685536105387245,Au,PRUNED
1965,0.0,2026-03-20 05:23:15.274815,2026-03-20 05:23:15.893706,0 days 00:00:00.618891,33.11211197491964,19.276808091508364,0.8655187153320257,Au,PRUNED
1966,0.0,2026-03-20 05:23:15.325848,2026-03-20 05:23:15.938485,0 days 00:00:00.612637,41.49210376301117,19.985084769970804,0.8243873285558777,Au,PRUNED
1967,83.33333333333088,2026-03-20 05:23:15.409012,2026-03-20 05:23:15.992273,0 days 00:00:00.583261,23.85517590410718,19.692938052749856,0.7940017914923372,Au,PRUNED
1968,0.0,2026-03-20 05:23:15.544339,2026-03-20 05:23:16.526390,0 days 00:00:00.982051,36.034224299948505,19.80118347609329,0.5805974711970625,Au,PRUNED
1969,0.0,2026-03-20 05:23:15.616704,2026-03-20 05:23:16.259130,0 days 00:00:00.642426,37.357639765533904,17.27460000718321,0.8113074916954011,Au,PRUNED
1970,0.0,2026-03-20 05:23:15.866957,2026-03-20 05:23:16.719466,0 days 00:00:00.852509,20.171582325059784,19.440524553775454,0.7330499862498241,Au,PRUNED
1971,0.0,2026-03-20 05:23:15.905740,2026-03-20 05:23:16.415039,0 days 00:00:00.509299,34.0302495150861,19.87529879541568,0.9430051089990005,Au,PRUNED
1972,0.0,2026-03-20 05:23:15.955786,2026-03-20 05:23:16.524646,0 days 00:00:00.568860,20.11576223760457,19.38570983695065,0.5052034982325431,Au,PRUNED
1973,71.55797101449068,2026-03-20 05:23:16.018405,2026-03-20 05:23:16.707148,0 days 00:00:00.688743,37.17494168954261,17.89171404099456,0.5723251677946882,Cu,PRUNED
1974,83.33333333333088,2026-03-20 05:23:15.995340,2026-03-20 05:23:16.746648,0 days 00:00:00.751308,23.39843215136805,19.845081197056825,0.8275366308167015,Au,PRUNED
1975,0.0,2026-03-20 05:23:16.081147,2026-03-20 05:23:16.948112,0 days 00:00:00.866965,35.987457164499986,19.64446277645459,0.671538989295203,Au,PRUNED
1976,0.0,2026-03-20 05:23:16.458154,2026-03-20 05:23:17.336125,0 days 00:00:00.877971,38.56722356475028,19.78223397316718,0.33222835413536067,Au,PRUNED
1977,0.0,2026-03-20 05:23:16.590913,2026-03-20 05:23:17.178493,0 days 00:00:00.587580,35.1469061762409,16.740691982953063,0.7182557606292609,Au,PRUNED
1978,-417.27941176464446,2026-03-20 05:23:16.630735,2026-03-20 05:23:17.336125,0 days 00:00:00.705390,21.430746868060304,19.469248884715903,0.6587129124465513,Au,COMPLETE
1979,-1.446759259259219,2026-03-20 05:23:16.669016,2026-03-20 05:23:17.448514,0 days 00:00:00.779498,46.86437795054411,19.831363084188688,1.5645641792487361,Cu,PRUNED
1980,5.952380952380272,2026-03-20 05:23:16.833612,2026-03-20 05:23:17.479820,0 days 00:00:00.646208,29.90029446995429,16.476179625089106,0.3417690556458932,Au,PRUNED
1981,-7.716049382714907,2026-03-20 05:23:16.824106,2026-03-20 05:23:17.681245,0 days 00:00:00.857139,22.28812646180207,19.37520654743377,0.8805708754931808,Au,PRUNED
1982,-395.1048951048396,2026-03-20 05:23:16.934019,2026-03-20 05:23:17.555749,0 days 00:00:00.621730,20.361358320125262,19.985188844608334,0.651620372997836,Au,COMPLETE
1983,0.0,2026-03-20 05:23:17.040359,2026-03-20 05:23:17.652548,0 days 00:00:00.612189,36.911614355834445,16.93272451097738,0.4897060966031632,Au,PRUNED
1984,-3.6764705882348614,2026-03-20 05:23:17.233479,2026-03-20 05:23:17.759852,0 days 00:00:00.526373,29.88271341246555,15.172000260003793,0.43807969595372803,Au,PRUNED
1985,0.0,2026-03-20 05:23:17.501055,2026-03-20 05:23:18.213767,0 days 00:00:00.712712,34.9062589114693,19.958448259713144,0.9179683068518684,Cu,PRUNED
1986,0.0,2026-03-20 05:23:17.579645,2026-03-20 05:23:18.508934,0 days 00:00:00.929289,20.271943071937795,19.22818329938591,0.26248762282308513,Au,PRUNED
1987,82.40740740740496,2026-03-20 05:23:17.556798,2026-03-20 05:23:18.106808,0 days 00:00:00.550010,26.368453563858292,19.551784872397757,0.5604651300343508,Au,PRUNED
1988,0.0,2026-03-20 05:23:17.617931,2026-03-20 05:23:18.132986,0 days 00:00:00.515055,27.043011435071136,19.9327896179338,0.7624854733494169,Au,PRUNED
1989,0.0,2026-03-20 05:23:17.723630,2026-03-20 05:23:18.410097,0 days 00:00:00.686467,20.714914177656887,18.50076682554599,0.484299075984898,Au,PRUNED
1990,-2.976190476190051,2026-03-20 05:23:17.793719,2026-03-20 05:23:18.511646,0 days 00:00:00.717927,22.574703123048813,19.87219040884321,0.7213484027426883,Au,PRUNED
1991,0.0,2026-03-20 05:23:17.833456,2026-03-20 05:23:18.352644,0 days 00:00:00.519188,33.44813638780775,19.94675315791652,0.44304173015774917,Au,PRUNED
1992,0.0,2026-03-20 05:23:17.823507,2026-03-20 05:23:18.410149,0 days 00:00:00.586642,38.86718126261362,19.3525532736557,0.7442017357742228,Au,PRUNED
1993,0.0,2026-03-20 05:23:18.227988,2026-03-20 05:23:18.913650,0 days 00:00:00.685662,21.622642665463516,16.15490457206875,0.7141131605702941,Au,PRUNED
1994,-378.07606263977044,2026-03-20 05:23:18.314872,2026-03-20 05:23:18.994509,0 days 00:00:00.679637,20.46111216471624,19.640574475052734,0.7200272021407526,Au,COMPLETE
1995,-420.98765432092506,2026-03-20 05:23:18.371736,2026-03-20 05:23:19.131910,0 days 00:00:00.760174,21.405005687688405,19.45630529202695,0.8031430639815722,Au,COMPLETE
1996,0.0,2026-03-20 05:23:18.464559,2026-03-20 05:23:19.678066,0 days 00:00:01.213507,20.091083664821298,19.175737116986088,0.5628684373483663,Au,PRUNED
1997,6.806108897742255,2026-03-20 05:23:18.557140,2026-03-20 05:23:19.273626,0 days 00:00:00.716486,78.00440669319775,19.682948625491562,1.8657815263618716,Ag,PRUNED
1998,0.0,2026-03-20 05:23:18.605220,2026-03-20 05:23:19.274626,0 days 00:00:00.669406,34.6498671054333,17.513149863088334,0.6577594627877095,Au,PRUNED
1999,0.0,2026-03-20 05:23:18.635489,2026-03-20 05:23:19.148161,0 days 00:00:00.512672,20.151534788715352,16.768955772090106,0.3536357472990167,Au,PRUNED
2000,14.485677083333107,2026-03-20 05:23:18.686019,2026-03-20 05:23:19.150712,0 days 00:00:00.464693,90.8965463291496,11.170597749588552,0.1015443853313921,Cu,PRUNED
2001,0.0,2026-03-20 05:23:19.011626,2026-03-20 05:23:19.835662,0 days 00:00:00.824036,34.22031506732409,19.928585156445166,0.6441350239390767,Au,PRUNED
2002,0.0,2026-03-20 05:23:19.125831,2026-03-20 05:23:19.851924,0 days 00:00:00.726093,33.367549434376656,19.926960451428176,0.9447581682441396,Au,PRUNED
2003,-401.004728132331,2026-03-20 05:23:19.431213,2026-03-20 05:23:20.042090,0 days 00:00:00.610877,20.727573500396776,19.964394312903543,0.4451753262790216,Au,COMPLETE
2004,0.0,2026-03-20 05:23:19.463885,2026-03-20 05:23:20.363029,0 days 00:00:00.899144,33.80893471300699,17.203345972713016,0.5926796017897553,Au,PRUNED
2005,0.0,2026-03-20 05:23:19.500592,2026-03-20 05:23:20.073044,0 days 00:00:00.572452,36.18284282951714,19.583693977985686,0.92344109609576,Au,PRUNED
2006,-339.6464646464235,2026-03-20 05:23:19.532620,2026-03-20 05:23:20.305558,0 days 00:00:00.772938,20.98934186331366,18.88177365546367,0.6887774106719069,Au,PRUNED
2007,0.0,2026-03-20 05:23:19.598585,2026-03-20 05:23:20.269434,0 days 00:00:00.670849,33.67814079836575,17.0953617019635,0.6453642424303105,Au,PRUNED
2008,-338.38383838379735,2026-03-20 05:23:19.737395,2026-03-20 05:23:20.365034,0 days 00:00:00.627639,20.651408764557054,18.812823559762354,0.8672444295548262,Au,PRUNED
2009,0.0,2026-03-20 05:23:19.939847,2026-03-20 05:23:20.495664,0 days 00:00:00.555817,37.37131629517259,19.94509542920127,0.7707977766524994,Au,PRUNED
2010,0.0,2026-03-20 05:23:20.141496,2026-03-20 05:23:20.871792,0 days 00:00:00.730296,20.632266245515094,16.91227524369626,0.6809811262536073,Au,PRUNED
2011,0.0,2026-03-20 05:23:20.166846,2026-03-20 05:23:20.785524,0 days 00:00:00.618678,20.344446347950928,19.083098070835604,0.27201788815302597,Au,PRUNED
2012,82.41421568627209,2026-03-20 05:23:20.219716,2026-03-20 05:23:20.836146,0 days 00:00:00.616430,25.98102105186438,19.743808907567303,0.2087460266359879,Au,PRUNED
2013,-15.476190476188707,2026-03-20 05:23:20.463922,2026-03-20 05:23:21.133539,0 days 00:00:00.669617,25.032560230551425,16.077720182532527,0.33542140863121134,Au,PRUNED
2014,0.0,2026-03-20 05:23:20.509242,2026-03-20 05:23:21.081632,0 days 00:00:00.572390,20.78999894746764,18.78289004634304,0.2987430059404168,Au,PRUNED
2015,0.0,2026-03-20 05:23:20.537358,2026-03-20 05:23:21.135056,0 days 00:00:00.597698,20.31314850890876,17.49582305227717,0.1672417603370565,Au,PRUNED
2016,79.62962962962726,2026-03-20 05:23:20.574345,2026-03-20 05:23:21.393164,0 days 00:00:00.818819,32.91372690013954,16.969101841376748,0.5618902310063362,Au,PRUNED
2017,-348.9583333332897,2026-03-20 05:23:20.639760,2026-03-20 05:23:21.196760,0 days 00:00:00.557000,20.871607313348722,19.2975694490209,0.3635971378820394,Au,PRUNED
2018,0.0,2026-03-20 05:23:20.819542,2026-03-20 05:23:21.339081,0 days 00:00:00.519539,37.575110946392755,17.621965585980078,0.27125582928120756,Au,PRUNED
2019,0.0,2026-03-20 05:23:20.900282,2026-03-20 05:23:21.565007,0 days 00:00:00.664725,20.358406590944515,18.609161416714073,0.3965606548231966,Au,PRUNED
2020,-2.976190476190051,2026-03-20 05:23:20.960134,2026-03-20 05:23:21.840734,0 days 00:00:00.880600,23.10772262635882,19.77554263946553,0.44190434010700863,Au,PRUNED
2021,-317.8571428571065,2026-03-20 05:23:21.216774,2026-03-20 05:23:21.933921,0 days 00:00:00.717147,23.20901208829218,16.82930152434691,0.7327686921064794,Au,PRUNED
2022,0.0,2026-03-20 05:23:21.251453,2026-03-20 05:23:21.873400,0 days 00:00:00.621947,20.67581632600835,19.329321205543824,0.379534777738325,Au,PRUNED
2023,-413.9294403892341,2026-03-20 05:23:21.290601,2026-03-20 05:23:21.870384,0 days 00:00:00.579783,20.9388626764238,19.868697706222513,0.5407478208955576,Au,COMPLETE
2024,-0.8928571428571173,2026-03-20 05:23:21.326496,2026-03-20 05:23:21.934919,0 days 00:00:00.608423,20.82775417131998,16.37028846423467,0.7535359588172181,Ag,PRUNED
2025,83.33333333333088,2026-03-20 05:23:21.416919,2026-03-20 05:23:21.902706,0 days 00:00:00.485787,23.133389645693622,19.979245085250174,0.923663629175857,Au,PRUNED
2026,82.40740740740496,2026-03-20 05:23:21.469542,2026-03-20 05:23:21.963453,0 days 00:00:00.493911,26.269427411728515,19.6935364897904,0.47645005024506115,Au,PRUNED
2027,-0.8928571428571173,2026-03-20 05:23:21.603260,2026-03-20 05:23:22.556145,0 days 00:00:00.952885,21.814876216210028,16.783295635843352,0.6266697680869662,Ag,PRUNED
2028,0.0,2026-03-20 05:23:21.905657,2026-03-20 05:23:22.857977,0 days 00:00:00.952320,40.94050614410999,19.752665159754596,0.4445359755665578,Au,PRUNED
2029,0.0,2026-03-20 05:23:21.980998,2026-03-20 05:23:22.592303,0 days 00:00:00.611305,35.62285501900766,17.196591234195743,0.7296033395459407,Au,PRUNED
2030,0.0,2026-03-20 05:23:22.007548,2026-03-20 05:23:22.489933,0 days 00:00:00.482385,32.47428128447561,19.966992505843052,0.5521060603496412,Au,PRUNED
2031,-2.184139784946201,2026-03-20 05:23:21.996671,2026-03-20 05:23:22.679708,0 days 00:00:00.683037,104.69283998052218,10.019485808356237,1.6783177507879632,Ag,PRUNED
2032,-17.857142857140307,2026-03-20 05:23:22.045437,2026-03-20 05:23:22.695517,0 days 00:00:00.650080,84.87933874395935,7.886189462536614,1.4203539041253483,Ag,PRUNED
2033,0.0,2026-03-20 05:23:22.109150,2026-03-20 05:23:22.694381,0 days 00:00:00.585231,40.041572289980486,19.57510656004906,0.13204881112675176,Au,PRUNED
2034,0.0,2026-03-20 05:23:22.137749,2026-03-20 05:23:22.648344,0 days 00:00:00.510595,49.59994042049307,19.823577756599413,0.5916926933592435,Au,PRUNED
2035,0.0,2026-03-20 05:23:22.612946,2026-03-20 05:23:23.411219,0 days 00:00:00.798273,20.28423921736522,16.548391195452567,0.38841545841498537,Au,PRUNED
2036,0.0,2026-03-20 05:23:22.649342,2026-03-20 05:23:23.380557,0 days 00:00:00.731215,37.641233305959034,17.305960981279455,0.45529426302072457,Au,PRUNED
2037,80.55555555555317,2026-03-20 05:23:22.722416,2026-03-20 05:23:23.280622,0 days 00:00:00.558206,31.915435429623727,16.79898644858643,0.5706779608252374,Au,PRUNED
2038,-401.30023640656185,2026-03-20 05:23:22.760695,2026-03-20 05:23:23.475644,0 days 00:00:00.714949,20.373599779891844,19.770015236185454,0.9560372811912546,Au,COMPLETE
2039,0.0,2026-03-20 05:23:22.789278,2026-03-20 05:23:23.380557,0 days 00:00:00.591279,20.14284102126991,18.52796375724328,0.8762056471109173,Au,PRUNED
2040,0.0,2026-03-20 05:23:22.803764,2026-03-20 05:23:23.320678,0 days 00:00:00.516914,37.98844543920511,16.915348154411625,0.5473003868786336,Au,PRUNED
2041,-0.5827505827505663,2026-03-20 05:23:22.898965,2026-03-20 05:23:23.689702,0 days 00:00:00.790737,52.634551816670424,14.074958989951412,0.6736795394546453,Au,PRUNED
2042,-9.027777777777175,2026-03-20 05:23:22.963137,2026-03-20 05:23:23.379030,0 days 00:00:00.415893,27.648340726909055,14.893108205847088,0.5375086840075848,Cu,PRUNED
2043,0.0,2026-03-20 05:23:23.307802,2026-03-20 05:23:23.937451,0 days 00:00:00.629649,20.719675010715683,16.95875234847805,0.5378059492370697,Au,PRUNED
2044,-1.1655011655011327,2026-03-20 05:23:23.514778,2026-03-20 05:23:24.205768,0 days 00:00:00.690990,42.16364380224383,19.816168290760885,0.15683217847553077,Cu,PRUNED
2045,0.0,2026-03-20 05:23:23.552378,2026-03-20 05:23:24.147788,0 days 00:00:00.595410,35.876900818775354,19.963390387906088,0.7697347122732271,Au,PRUNED
2046,0.0,2026-03-20 05:23:23.572884,2026-03-20 05:23:24.149367,0 days 00:00:00.576483,33.94061495889971,19.97526670440603,0.6916724443579148,Au,PRUNED
2047,-444.98697916659717,2026-03-20 05:23:23.598128,2026-03-20 05:23:24.100985,0 days 00:00:00.502857,21.45958408932165,19.931696384073078,0.5046671631062666,Au,COMPLETE
2048,0.0,2026-03-20 05:23:23.632837,2026-03-20 05:23:24.699411,0 days 00:00:01.066574,20.079158020421417,19.387628625635614,0.5720537410118464,Au,PRUNED
2049,0.0,2026-03-20 05:23:23.615668,2026-03-20 05:23:24.204762,0 days 00:00:00.589094,29.605432180033265,19.92320820476536,0.8383009626542458,Au,PRUNED
2050,0.0,2026-03-20 05:23:23.755205,2026-03-20 05:23:24.501579,0 days 00:00:00.746374,29.392895382491844,19.773904972992014,0.6518348317328666,Au,PRUNED
2051,0.0,2026-03-20 05:23:23.989157,2026-03-20 05:23:24.765519,0 days 00:00:00.776362,37.38232963766672,18.20748234871086,0.7139286717159187,Au,PRUNED
2052,83.02696078431127,2026-03-20 05:23:24.271228,2026-03-20 05:23:24.892146,0 days 00:00:00.620918,25.103436989092295,19.600994875714125,0.3526008365372921,Au,PRUNED
2053,-0.6613756613756508,2026-03-20 05:23:24.299937,2026-03-20 05:23:24.993827,0 days 00:00:00.693890,77.48256034172184,12.033784090507364,1.9603859715569323,Cu,PRUNED
2054,-9.9999999999984,2026-03-20 05:23:24.318293,2026-03-20 05:23:24.938229,0 days 00:00:00.619936,21.693293454915484,19.797713858113312,0.6777240326194441,Au,PRUNED
2055,-350.2604166666229,2026-03-20 05:23:24.346627,2026-03-20 05:23:25.008996,0 days 00:00:00.662369,20.52560029138516,19.514062593611563,0.5402192529715091,Au,PRUNED
2056,83.02696078431127,2026-03-20 05:23:24.391001,2026-03-20 05:23:24.848536,0 days 00:00:00.457535,24.724551078623108,19.85824343379146,0.58922105121636,Au,PRUNED
2057,0.0,2026-03-20 05:23:24.579810,2026-03-20 05:23:25.348621,0 days 00:00:00.768811,28.611313878368417,19.866093840997028,0.290807140264291,Au,PRUNED
2058,0.0,2026-03-20 05:23:24.804741,2026-03-20 05:23:25.847945,0 days 00:00:01.043204,30.705140077639907,19.835406499756285,0.8403501454377811,Au,PRUNED
2059,0.0,2026-03-20 05:23:24.851537,2026-03-20 05:23:25.458343,0 days 00:00:00.606806,20.54363541741873,18.632830472686873,0.7978576349023565,Au,PRUNED
2060,-9.615384615383135,2026-03-20 05:23:24.965032,2026-03-20 05:23:25.497115,0 days 00:00:00.532083,22.217490766555123,19.739347392087478,0.45085755641626024,Au,PRUNED
2061,0.0,2026-03-20 05:23:25.050089,2026-03-20 05:23:25.520892,0 days 00:00:00.470803,38.34189720784981,19.667415813218515,0.3553926111504276,Au,PRUNED
2062,0.0,2026-03-20 05:23:25.082966,2026-03-20 05:23:25.761723,0 days 00:00:00.678757,20.804818139037486,17.057292443260682,0.7803241487166329,Au,PRUNED
2063,0.0,2026-03-20 05:23:25.074431,2026-03-20 05:23:26.083917,0 days 00:00:01.009486,32.689046176047675,19.942181954840414,0.693010729282659,Au,PRUNED
2064,0.0,2026-03-20 05:23:25.173176,2026-03-20 05:23:25.872995,0 days 00:00:00.699819,27.893354619848285,19.97578876915762,0.37795403400590205,Au,PRUNED
2065,-350.2604166666229,2026-03-20 05:23:25.436619,2026-03-20 05:23:26.209810,0 days 00:00:00.773191,21.00821958183159,18.84060298834444,0.8044457538139788,Au,PRUNED
2066,0.0,2026-03-20 05:23:25.500170,2026-03-20 05:23:26.503313,0 days 00:00:01.003143,20.523977450172104,16.491709159518226,0.8386614286126418,Au,PRUNED
2067,0.0,2026-03-20 05:23:25.632811,2026-03-20 05:23:26.148267,0 days 00:00:00.515456,20.046480336760684,16.09364304299834,0.5885283982814123,Au,PRUNED
2068,0.0,2026-03-20 05:23:25.656008,2026-03-20 05:23:26.256986,0 days 00:00:00.600978,33.55933540610753,17.25820914141198,0.8308348666218561,Au,PRUNED
2069,-444.98697916659717,2026-03-20 05:23:25.838735,2026-03-20 05:23:26.927378,0 days 00:00:01.088643,21.662012689638548,19.798183395782413,0.5796587803670297,Au,COMPLETE
2070,-427.31829573928434,2026-03-20 05:23:25.925995,2026-03-20 05:23:26.793044,0 days 00:00:00.867049,21.099477328590893,19.68409843416581,0.8183173195241104,Au,COMPLETE
2071,0.0,2026-03-20 05:23:25.983994,2026-03-20 05:23:26.766771,0 days 00:00:00.782777,33.770939025125124,17.833975608899355,0.8084620168096873,Au,PRUNED
2072,-10.86956521739036,2026-03-20 05:23:26.209299,2026-03-20 05:23:27.072653,0 days 00:00:00.863354,42.24938464392742,2.3139868517742297,1.2120208777853942,Au,PRUNED
2073,0.0,2026-03-20 05:23:26.313389,2026-03-20 05:23:27.057054,0 days 00:00:00.743665,20.323105060592567,19.173653771028523,0.8553760652245941,Au,PRUNED
2074,0.0,2026-03-20 05:23:26.358500,2026-03-20 05:23:26.928688,0 days 00:00:00.570188,20.63240323846626,17.859390087195507,0.8307598895141621,Au,PRUNED
2075,0.0,2026-03-20 05:23:26.420270,2026-03-20 05:23:27.459586,0 days 00:00:01.039316,20.118454164355885,16.56012819241583,0.6011428872890491,Au,PRUNED
2076,-413.6253041361929,2026-03-20 05:23:26.574692,2026-03-20 05:23:27.583491,0 days 00:00:01.008799,20.813648460365556,19.831835684990743,0.6580959057249105,Au,COMPLETE
2077,79.62962962962726,2026-03-20 05:23:26.821815,2026-03-20 05:23:27.429830,0 days 00:00:00.608015,32.78872713762984,16.962735183326956,0.6462598636051285,Au,PRUNED
2078,-364.17748917744217,2026-03-20 05:23:27.033724,2026-03-20 05:23:27.740210,0 days 00:00:00.706486,20.506994147466717,19.720201127973557,0.39628172551465213,Au,COMPLETE
2079,0.0,2026-03-20 05:23:27.095328,2026-03-20 05:23:27.830250,0 days 00:00:00.734922,43.15384773274625,19.960374038005025,0.8513301089375649,Au,PRUNED
2080,-417.89215686268363,2026-03-20 05:23:27.150067,2026-03-20 05:23:27.828744,0 days 00:00:00.678677,20.537653306103085,19.309094804952476,1.7842798272755946,Au,COMPLETE
2081,-11.217948717946992,2026-03-20 05:23:27.171962,2026-03-20 05:23:27.961252,0 days 00:00:00.789290,21.897381591159704,19.48178894285325,0.7570235782318027,Au,PRUNED
2082,78.16301703162789,2026-03-20 05:23:27.310408,2026-03-20 05:23:27.916206,0 days 00:00:00.605798,32.320637236082575,19.50358842892727,0.693419088362046,Cu,PRUNED
2083,0.0,2026-03-20 05:23:27.565646,2026-03-20 05:23:28.473254,0 days 00:00:00.907608,39.252325978160854,17.048523731221792,1.7264677794036545,Au,PRUNED
2084,-9.803921568626297,2026-03-20 05:23:27.605977,2026-03-20 05:23:28.323740,0 days 00:00:00.717763,25.6988605912296,18.68579058021083,0.751687745558989,Cu,PRUNED
2085,83.33333333333088,2026-03-20 05:23:27.718456,2026-03-20 05:23:28.448396,0 days 00:00:00.729940,22.343865172427137,19.85434096774755,1.772053380848471,Au,PRUNED
2086,0.0,2026-03-20 05:23:27.885209,2026-03-20 05:23:28.444254,0 days 00:00:00.559045,33.583504219959025,19.47713949694663,1.9579301528366093,Au,PRUNED
2087,-11.363636363634987,2026-03-20 05:23:27.918706,2026-03-20 05:23:28.741982,0 days 00:00:00.823276,22.960290842213738,19.918485645341047,0.7837642973159076,Cu,PRUNED
2088,0.0,2026-03-20 05:23:28.014351,2026-03-20 05:23:28.552782,0 days 00:00:00.538431,29.55132432027802,18.792500946523745,1.6893813774751991,Au,PRUNED
2089,-0.850340136054408,2026-03-20 05:23:28.041598,2026-03-20 05:23:28.876821,0 days 00:00:00.835223,92.50734091020017,18.77787879655492,1.7637907170900398,Cu,PRUNED
2090,83.33333333333088,2026-03-20 05:23:28.099829,2026-03-20 05:23:28.699259,0 days 00:00:00.599430,22.351440967734757,19.71966749692103,1.7048902901894507,Au,PRUNED
2091,0.0,2026-03-20 05:23:28.376576,2026-03-20 05:23:29.117321,0 days 00:00:00.740745,37.95534625024294,19.25360120075694,1.77242003489447,Au,PRUNED
2092,0.0,2026-03-20 05:23:28.500975,2026-03-20 05:23:29.164199,0 days 00:00:00.663224,28.742802542681737,19.916825863636618,0.7745050119145225,Au,PRUNED
2093,83.02696078431127,2026-03-20 05:23:28.534934,2026-03-20 05:23:29.211104,0 days 00:00:00.676170,23.204850633653688,19.781964955751473,1.6223938905951494,Au,PRUNED
2094,-16.891891891890065,2026-03-20 05:23:28.605035,2026-03-20 05:23:29.335369,0 days 00:00:00.730334,29.956370079253183,13.17724939583681,0.7004191239293875,Au,PRUNED
2095,1.6025641025639792,2026-03-20 05:23:28.635766,2026-03-20 05:23:29.287746,0 days 00:00:00.651980,37.177046755842454,12.996197236118423,0.6553359916530677,Au,PRUNED
2096,-187.86549707601023,2026-03-20 05:23:28.819496,2026-03-20 05:23:29.582436,0 days 00:00:00.762940,21.11531085731666,17.392530835265163,1.9340162478380456,Cu,PRUNED
2097,-6.172839506171925,2026-03-20 05:23:28.855510,2026-03-20 05:23:29.756817,0 days 00:00:00.901307,20.398189841244942,19.8223140767184,1.8932333061836202,Au,PRUNED
2098,0.0,2026-03-20 05:23:28.962660,2026-03-20 05:23:29.788026,0 days 00:00:00.825366,54.70355532328581,19.99128034023259,1.0371873041706174,Au,PRUNED
2099,0.0,2026-03-20 05:23:29.181012,2026-03-20 05:23:29.832913,0 days 00:00:00.651901,20.547666023306405,16.65907251945246,0.45327005783827196,Au,PRUNED
2100,0.0,2026-03-20 05:23:29.313916,2026-03-20 05:23:30.129979,0 days 00:00:00.816063,21.276500920306564,15.902762293308811,0.4958925519233941,Au,PRUNED
2101,-9.40860215053642,2026-03-20 05:23:29.368464,2026-03-20 05:23:29.980116,0 days 00:00:00.611652,22.4548682789215,17.339941928911863,1.8673057571902092,Au,PRUNED
2102,0.0,2026-03-20 05:23:29.398633,2026-03-20 05:23:30.206796,0 days 00:00:00.808163,29.156708654010174,18.68325848261885,1.9867388085096336,Au,PRUNED
2103,0.0,2026-03-20 05:23:29.472444,2026-03-20 05:23:30.078154,0 days 00:00:00.605710,38.5860317523262,19.79780492388349,0.600994540074385,Au,PRUNED
2104,0.0,2026-03-20 05:23:29.684191,2026-03-20 05:23:30.463599,0 days 00:00:00.779408,20.10553958068416,19.01291571737477,0.8271152534533175,Au,PRUNED
2105,0.0,2026-03-20 05:23:29.789031,2026-03-20 05:23:30.794041,0 days 00:00:01.005010,32.09320352133199,19.710558181079172,0.7304539283304773,Au,PRUNED
2106,0.0,2026-03-20 05:23:29.900104,2026-03-20 05:23:30.557177,0 days 00:00:00.657073,39.890703597701105,19.880656947311078,0.6534019314395598,Au,PRUNED
2107,0.0,2026-03-20 05:23:29.934147,2026-03-20 05:23:30.462581,0 days 00:00:00.528434,29.595391227264656,19.93591563340436,0.7042714245450992,Au,PRUNED
2108,0.0,2026-03-20 05:23:30.116399,2026-03-20 05:23:30.897040,0 days 00:00:00.780641,38.51725418052261,16.691763300180014,0.5302611356080698,Au,PRUNED
2109,-1.4988009592325708,2026-03-20 05:23:30.158180,2026-03-20 05:23:30.792990,0 days 00:00:00.634810,20.201253670443577,19.678339505479336,0.7979377645584943,Ag,PRUNED
2110,0.0,2026-03-20 05:23:30.206242,2026-03-20 05:23:30.807825,0 days 00:00:00.601583,31.104325448069353,19.841542593315612,1.6223917331336266,Au,PRUNED
2111,-17.992424242422604,2026-03-20 05:23:30.276442,2026-03-20 05:23:30.794591,0 days 00:00:00.518149,39.86330264005929,16.183598671003907,0.77079977107306,Ag,PRUNED
2112,0.0,2026-03-20 05:23:30.525510,2026-03-20 05:23:30.785779,0 days 00:00:00.260269,33.56794784969451,19.762468058292345,0.5621956805915543,Au,PRUNED
2113,-383.5034013604926,2026-03-20 05:23:30.558176,2026-03-20 05:23:31.380347,0 days 00:00:00.822171,20.485330478082844,19.736063257511905,0.6651656568705475,Au,COMPLETE
2114,4.7348484848480545,2026-03-20 05:23:30.618383,2026-03-20 05:23:31.708827,0 days 00:00:01.090444,39.58400041060314,19.760908945516874,0.6160061545100004,Ag,PRUNED
2115,22.021546261089654,2026-03-20 05:23:30.823650,2026-03-20 05:23:31.543304,0 days 00:00:00.719654,64.38093074442892,13.872403906462324,0.1514635518732762,Cu,PRUNED
2116,-397.8873239436063,2026-03-20 05:23:30.946901,2026-03-20 05:23:31.816820,0 days 00:00:00.869919,20.426762589036013,19.940827008062357,0.6669184987878226,Au,COMPLETE
2117,-340.9090909090496,2026-03-20 05:23:30.978489,2026-03-20 05:23:31.588764,0 days 00:00:00.610275,20.068969407243422,18.489077504586948,1.8818140320759975,Au,PRUNED
2118,0.0,2026-03-20 05:23:31.029541,2026-03-20 05:23:31.744168,0 days 00:00:00.714627,31.571715488624527,19.914004294234555,0.42031998484674604,Au,PRUNED
2119,0.0,2026-03-20 05:23:31.059890,2026-03-20 05:23:31.710837,0 days 00:00:00.650947,35.3109282979352,19.949172022276475,0.6818822096179593,Au,PRUNED
2120,0.0,2026-03-20 05:23:31.101197,2026-03-20 05:23:32.157014,0 days 00:00:01.055817,20.001283791434354,19.38209035926275,0.559986853482972,Au,PRUNED
2121,0.0,2026-03-20 05:23:31.592625,2026-03-20 05:23:32.223941,0 days 00:00:00.631316,20.382668179516738,17.592124940686478,0.6225114565076233,Au,PRUNED
2122,-0.6587615283267353,2026-03-20 05:23:31.653913,2026-03-20 05:23:32.315023,0 days 00:00:00.661110,85.53171285281321,11.365692012412062,1.282891184867775,Cu,PRUNED
2123,-0.8802816901408202,2026-03-20 05:23:31.680170,2026-03-20 05:23:32.456387,0 days 00:00:00.776217,21.303662916832252,6.365329181780137,1.9708169015174328,Ag,PRUNED
2124,-416.9730392156249,2026-03-20 05:23:31.787547,2026-03-20 05:23:32.440501,0 days 00:00:00.652954,21.144780179296625,19.701577203592176,0.5842051718827397,Au,COMPLETE
2125,79.01234567901,2026-03-20 05:23:31.857552,2026-03-20 05:23:32.897291,0 days 00:00:01.039739,33.98457768370808,16.259798560544596,0.9498537252277129,Au,PRUNED
2126,0.0,2026-03-20 05:23:31.991572,2026-03-20 05:23:32.659794,0 days 00:00:00.668222,36.349486496485056,19.85953840079982,1.0742440095827517,Au,PRUNED
2127,0.0,2026-03-20 05:23:31.978468,2026-03-20 05:23:32.699352,0 days 00:00:00.720884,35.39299055227102,19.87732987663635,1.5314292534076377,Au,PRUNED
2128,0.0,2026-03-20 05:23:32.293807,2026-03-20 05:23:32.846875,0 days 00:00:00.553068,20.982740506392133,14.61543717527347,0.7629737950533656,Au,PRUNED
2129,0.0,2026-03-20 05:23:32.338049,2026-03-20 05:23:32.972052,0 days 00:00:00.634003,21.717616345997115,17.374696334745103,0.6688491099828094,Au,PRUNED
2130,0.0,2026-03-20 05:23:32.480711,2026-03-20 05:23:33.108943,0 days 00:00:00.628232,35.49028795722379,17.33086031723915,1.0031125987947123,Au,PRUNED
2131,0.0,2026-03-20 05:23:32.702928,2026-03-20 05:23:33.406696,0 days 00:00:00.703768,20.713630598918485,15.934566710069735,0.7580050619353066,Au,PRUNED
2132,0.0,2026-03-20 05:23:32.595242,2026-03-20 05:23:33.501737,0 days 00:00:00.906495,43.1204050454092,16.13834733955166,0.8594370591971398,Au,PRUNED
2133,0.0,2026-03-20 05:23:32.761263,2026-03-20 05:23:33.880502,0 days 00:00:01.119239,20.463151224055984,16.28593258585683,0.956911740449381,Au,PRUNED
2134,0.0,2026-03-20 05:23:32.975145,2026-03-20 05:23:33.825766,0 days 00:00:00.850621,41.351289872413645,17.248834801480733,1.4841363415937914,Au,PRUNED
2135,0.0,2026-03-20 05:23:33.023377,2026-03-20 05:23:33.596822,0 days 00:00:00.573445,41.86102195869284,17.68944223280139,0.5133458799360706,Au,PRUNED
2136,0.0,2026-03-20 05:23:33.041978,2026-03-20 05:23:33.675744,0 days 00:00:00.633766,35.70861410206456,17.093322602918803,0.32838711032753837,Au,PRUNED
2137,-298.4234234233911,2026-03-20 05:23:33.056772,2026-03-20 05:23:33.692130,0 days 00:00:00.635358,21.0940675713726,16.805269932239252,1.7821885009359577,Au,PRUNED
2138,0.0,2026-03-20 05:23:33.206057,2026-03-20 05:23:34.112988,0 days 00:00:00.906931,20.507707096156015,17.430904755602448,1.6127186686869126,Au,PRUNED
2139,80.86419753086179,2026-03-20 05:23:33.538470,2026-03-20 05:23:34.298412,0 days 00:00:00.759942,31.083957921942577,17.109327592167563,0.6170627902908095,Au,PRUNED
2140,0.0,2026-03-20 05:23:33.618201,2026-03-20 05:23:34.367612,0 days 00:00:00.749411,35.967041098444284,16.82758124245087,0.812367526306113,Au,PRUNED
2141,81.18872549019368,2026-03-20 05:23:33.646778,2026-03-20 05:23:34.286779,0 days 00:00:00.640001,30.37755028230783,16.84343976874404,0.577233705635634,Au,PRUNED
2142,0.0,2026-03-20 05:23:33.736292,2026-03-20 05:23:34.407208,0 days 00:00:00.670916,35.07076750009071,17.34042692527452,0.7191320272335229,Au,PRUNED
2143,-365.2597402596925,2026-03-20 05:23:33.771360,2026-03-20 05:23:34.391397,0 days 00:00:00.620037,20.957761663840543,19.05342692450563,0.7791367164854107,Au,COMPLETE
2144,-8.01282051281928,2026-03-20 05:23:33.949245,2026-03-20 05:23:34.817130,0 days 00:00:00.867885,21.47249760703588,19.899020108100906,0.964479537281862,Au,PRUNED
2145,0.0,2026-03-20 05:23:33.991865,2026-03-20 05:23:35.003861,0 days 00:00:01.011996,20.08698072849213,18.90907443589503,0.6727086231290748,Au,PRUNED
2146,0.0,2026-03-20 05:23:34.194211,2026-03-20 05:23:35.160122,0 days 00:00:00.965911,28.357282427968226,19.900882753365195,0.9580746320760589,Au,PRUNED
2147,0.0,2026-03-20 05:23:34.349574,2026-03-20 05:23:35.095353,0 days 00:00:00.745779,42.81724994131155,19.941063799160084,0.9038303502493016,Au,PRUNED
2148,0.0,2026-03-20 05:23:34.426271,2026-03-20 05:23:35.195371,0 days 00:00:00.769100,33.57085008243273,17.485673812755174,0.31706410574711785,Au,PRUNED
2149,0.0,2026-03-20 05:23:34.477042,2026-03-20 05:23:35.078101,0 days 00:00:00.601059,40.23942292388398,19.840916892979052,0.9508105709493117,Au,PRUNED
2150,2.7777777777774073,2026-03-20 05:23:34.485548,2026-03-20 05:23:35.414637,0 days 00:00:00.929089,23.235131531212637,19.946437939327904,0.6028338733748717,Au,PRUNED
2151,0.0,2026-03-20 05:23:34.563623,2026-03-20 05:23:35.254795,0 days 00:00:00.691172,20.497285315574736,16.37604853943882,0.5761428232013651,Au,PRUNED
2152,-6.410256410255424,2026-03-20 05:23:35.139497,2026-03-20 05:23:35.929796,0 days 00:00:00.790299,21.627996481394383,19.945095471792264,0.9419908663634324,Au,PRUNED
2153,0.0,2026-03-20 05:23:35.227474,2026-03-20 05:23:36.191520,0 days 00:00:00.964046,25.24544918494551,19.886058950602077,1.823900025514626,Au,PRUNED
2154,-329.65686274505924,2026-03-20 05:23:35.273929,2026-03-20 05:23:35.959965,0 days 00:00:00.686036,20.1423360421551,18.213393124649315,1.9345499252380687,Au,PRUNED
2155,0.0,2026-03-20 05:23:35.305156,2026-03-20 05:23:36.070984,0 days 00:00:00.765828,37.68141099395615,17.96585417782166,1.4377503545903358,Au,PRUNED
2156,0.0,2026-03-20 05:23:35.336131,2026-03-20 05:23:36.069978,0 days 00:00:00.733847,32.879706924670494,19.567970543846968,0.5315207356004464,Au,PRUNED
2157,-407.6738609112121,2026-03-20 05:23:35.371431,2026-03-20 05:23:36.188841,0 days 00:00:00.817410,20.32954381827187,19.732800073738574,1.1249336686872722,Au,COMPLETE
2158,0.0,2026-03-20 05:23:35.457492,2026-03-20 05:23:35.985572,0 days 00:00:00.528080,20.207896250083326,17.350353231146762,0.6696770485022445,Au,PRUNED
2159,0.0,2026-03-20 05:23:35.558819,2026-03-20 05:23:36.522233,0 days 00:00:00.963414,32.43764269802243,19.994577538952672,0.36872378068830425,Au,PRUNED
2160,0.0,2026-03-20 05:23:36.035252,2026-03-20 05:23:36.773662,0 days 00:00:00.738410,33.78371794537907,17.041724987169697,1.105213834509758,Au,PRUNED
2161,0.0,2026-03-20 05:23:36.102724,2026-03-20 05:23:36.649033,0 days 00:00:00.546309,37.80484497394063,19.89749211351243,1.6218946613740346,Au,PRUNED
2162,80.24691358024454,2026-03-20 05:23:36.135803,2026-03-20 05:23:36.862017,0 days 00:00:00.726214,30.963639000278693,16.918429093951627,1.0133396470343685,Au,PRUNED
2163,-6.172839506171925,2026-03-20 05:23:36.170301,2026-03-20 05:23:36.693026,0 days 00:00:00.522725,21.786009479622322,19.855040081854106,1.0163276917371225,Au,PRUNED
2164,0.0,2026-03-20 05:23:36.228886,2026-03-20 05:23:36.818450,0 days 00:00:00.589564,37.974275449110046,19.40853143997747,1.2509143431373437,Au,PRUNED
2165,0.0,2026-03-20 05:23:36.344645,2026-03-20 05:23:37.392026,0 days 00:00:01.047381,33.84677125846247,17.2632098012117,0.9472032242045596,Au,PRUNED
2166,0.0,2026-03-20 05:23:36.414551,2026-03-20 05:23:37.191629,0 days 00:00:00.777078,34.30690081749701,16.473029657421637,1.0331843667963654,Au,PRUNED
2167,0.0,2026-03-20 05:23:36.582231,2026-03-20 05:23:37.221404,0 days 00:00:00.639173,42.1923006869109,19.965471235897184,1.3255192637567434,Au,PRUNED
2168,0.0,2026-03-20 05:23:36.795541,2026-03-20 05:23:37.324471,0 days 00:00:00.528930,37.95017544225976,18.03522179902591,1.066846637618793,Au,PRUNED
2169,0.0,2026-03-20 05:23:36.837087,2026-03-20 05:23:37.393661,0 days 00:00:00.556574,41.174291878044414,17.328070075572654,1.2703726152494623,Au,PRUNED
2170,0.0,2026-03-20 05:23:36.882742,2026-03-20 05:23:37.534788,0 days 00:00:00.652046,34.35855174478245,19.81823276987173,1.4201427803040458,Au,PRUNED
2171,0.0,2026-03-20 05:23:36.908660,2026-03-20 05:23:37.707014,0 days 00:00:00.798354,38.797124247676564,19.712423942190924,1.0419218437877862,Au,PRUNED
2172,-427.00501253126436,2026-03-20 05:23:36.898818,2026-03-20 05:23:37.560053,0 days 00:00:00.661235,20.707487194624193,19.98624065143656,0.7512371107615845,Au,COMPLETE
2173,0.0,2026-03-20 05:23:37.263799,2026-03-20 05:23:38.052897,0 days 00:00:00.789098,32.54002655383157,19.574979695668603,1.082582491085735,Au,PRUNED
2174,0.0,2026-03-20 05:23:37.483066,2026-03-20 05:23:38.105092,0 days 00:00:00.622026,20.390627738637043,17.32409386893473,0.8420779691402096,Au,PRUNED
2175,0.0,2026-03-20 05:23:37.520768,2026-03-20 05:23:38.158249,0 days 00:00:00.637481,31.128648488940584,19.69857351224431,0.8112108479259477,Au,PRUNED
2176,0.0,2026-03-20 05:23:37.563338,2026-03-20 05:23:38.377969,0 days 00:00:00.814631,33.5621043815896,17.822398540623535,0.7774586720878982,Au,PRUNED
2177,82.72058823529169,2026-03-20 05:23:37.622304,2026-03-20 05:23:38.329802,0 days 00:00:00.707498,24.756083669167552,19.95386364899019,0.7120131221664805,Au,PRUNED
2178,0.0,2026-03-20 05:23:37.665408,2026-03-20 05:23:38.244479,0 days 00:00:00.579071,20.240070851915892,18.442754015389305,0.8010540962132365,Au,PRUNED
2179,0.0,2026-03-20 05:23:37.765987,2026-03-20 05:23:38.280322,0 days 00:00:00.514335,20.943990237936944,16.863082753877883,0.8561320745781626,Au,PRUNED
2180,-2.042483660130679,2026-03-20 05:23:37.789072,2026-03-20 05:23:38.847926,0 days 00:00:01.058854,87.34330533608698,1.4374319123414008,0.923432028725504,Cu,PRUNED
2181,0.0,2026-03-20 05:23:38.124485,2026-03-20 05:23:38.911927,0 days 00:00:00.787442,34.91164726813396,19.65973611323306,0.6360861333005683,Au,PRUNED
2182,0.0,2026-03-20 05:23:38.206494,2026-03-20 05:23:39.191376,0 days 00:00:00.984882,38.275279974052104,19.90511659369694,0.5311505044506969,Au,PRUNED
2183,-6.172839506171925,2026-03-20 05:23:38.306216,2026-03-20 05:23:39.050741,0 days 00:00:00.744525,22.086241897348707,19.92534195243447,0.7413562362958488,Au,PRUNED
2184,0.0,2026-03-20 05:23:38.348386,2026-03-20 05:23:39.075893,0 days 00:00:00.727507,22.92752879313749,19.989104807830408,0.5696318735025717,Au,PRUNED
2185,-0.5952380952380781,2026-03-20 05:23:38.422420,2026-03-20 05:23:39.066057,0 days 00:00:00.643637,23.05465502720503,11.097337117748516,0.7817591304624204,Cu,PRUNED
2186,-8.01282051281928,2026-03-20 05:23:38.440489,2026-03-20 05:23:39.447912,0 days 00:00:01.007423,22.62651380402141,19.666497159826697,0.3721750364263391,Au,PRUNED
2187,0.0,2026-03-20 05:23:38.472529,2026-03-20 05:23:39.449372,0 days 00:00:00.976843,20.0554651537144,18.876017421568037,0.7949517629961607,Au,PRUNED
2188,0.0,2026-03-20 05:23:38.969895,2026-03-20 05:23:40.040297,0 days 00:00:01.070402,21.132823110074337,14.128059796826737,0.24367063751957296,Au,PRUNED
2189,-199.84567901233086,2026-03-20 05:23:39.006149,2026-03-20 05:23:39.812294,0 days 00:00:00.806145,24.156393143932668,15.558601708267304,0.31437223775221584,Au,PRUNED
2190,0.0,2026-03-20 05:23:39.104484,2026-03-20 05:23:39.814503,0 days 00:00:00.710019,20.470377869118874,17.389746150060404,0.20835075818226184,Au,PRUNED
2191,0.0,2026-03-20 05:23:39.133613,2026-03-20 05:23:39.877664,0 days 00:00:00.744051,21.863206726216987,16.844780901180343,0.9375645140168072,Au,PRUNED
2192,81.18872549019368,2026-03-20 05:23:39.163182,2026-03-20 05:23:40.043955,0 days 00:00:00.880773,30.77379876922173,16.589975171072712,0.41660009378838325,Au,PRUNED
2193,-11.178861788616794,2026-03-20 05:23:39.302719,2026-03-20 05:23:40.041887,0 days 00:00:00.739168,71.35527854890242,2.379254827624755,1.3394369202985041,Cu,PRUNED
2194,-389.65517241373954,2026-03-20 05:23:39.533838,2026-03-20 05:23:40.095506,0 days 00:00:00.561668,20.367312308509533,19.535287681888903,1.0747083886455957,Au,COMPLETE
2195,0.0,2026-03-20 05:23:39.569211,2026-03-20 05:23:40.605746,0 days 00:00:01.036535,37.04167231318526,17.204245002862578,0.5138333095082248,Au,PRUNED
2196,80.55555555555317,2026-03-20 05:23:39.918178,2026-03-20 05:23:40.699954,0 days 00:00:00.781776,31.884613798895902,16.90319578021196,0.43114979375628654,Au,PRUNED
2197,0.0,2026-03-20 05:23:39.946158,2026-03-20 05:23:40.948591,0 days 00:00:01.002433,20.227050003952257,19.432684290311347,0.6852474352055055,Au,PRUNED
2198,0.0,2026-03-20 05:23:39.976076,2026-03-20 05:23:40.824435,0 days 00:00:00.848359,32.005642185962095,17.56062236277394,0.6726528342796914,Au,PRUNED
2199,0.0,2026-03-20 05:23:40.189027,2026-03-20 05:23:40.747979,0 days 00:00:00.558952,47.480053111634405,16.426987728344432,0.7309128371624214,Au,PRUNED
2200,0.0,2026-03-20 05:23:40.219615,2026-03-20 05:23:41.206883,0 days 00:00:00.987268,35.730037607446526,17.367396958621143,0.6622184618238748,Au,PRUNED
2201,-392.3611111110566,2026-03-20 05:23:40.258246,2026-03-20 05:23:41.054413,0 days 00:00:00.796167,20.342151187795924,19.78244336931196,0.8740170498055242,Au,COMPLETE
2202,-1.4988009592325708,2026-03-20 05:23:40.367459,2026-03-20 05:23:40.885019,0 days 00:00:00.517560,20.245749100444637,19.475824700933018,1.2221860491293917,Ag,PRUNED
2203,0.0,2026-03-20 05:23:40.718466,2026-03-20 05:23:41.517011,0 days 00:00:00.798545,36.95907499613927,19.756368562361505,1.0877148435626325,Au,PRUNED
2204,0.0,2026-03-20 05:23:40.748989,2026-03-20 05:23:41.276587,0 days 00:00:00.527598,20.22109978076433,16.31575269845848,0.46162067455609057,Au,PRUNED
2205,-1.4880952380950254,2026-03-20 05:23:40.838450,2026-03-20 05:23:41.592976,0 days 00:00:00.754526,22.379141749418952,19.96999751927641,0.81606926544465,Au,PRUNED
2206,-396.56177156171583,2026-03-20 05:23:40.901255,2026-03-20 05:23:41.885940,0 days 00:00:00.984685,20.67163073891647,18.974266895826503,1.6478953307111,Au,COMPLETE
2207,-361.55913978489957,2026-03-20 05:23:41.005867,2026-03-20 05:23:41.448844,0 days 00:00:00.442977,20.543856499414435,19.49677089093701,0.5735839217300098,Au,PRUNED
2208,0.0,2026-03-20 05:23:41.044626,2026-03-20 05:23:41.685882,0 days 00:00:00.641256,38.46474414011463,19.8293938259043,0.6394079463326474,Au,PRUNED
2209,0.0,2026-03-20 05:23:41.233101,2026-03-20 05:23:41.827604,0 days 00:00:00.594503,20.435276265351593,16.26227781516391,1.0236820947631982,Au,PRUNED
2210,-389.0804597700614,2026-03-20 05:23:41.312093,2026-03-20 05:23:42.140556,0 days 00:00:00.828463,20.74409787395617,19.87060959005911,0.39469709469311315,Au,COMPLETE
2211,0.0,2026-03-20 05:23:41.393655,2026-03-20 05:23:42.421073,0 days 00:00:01.027418,38.16941982934498,19.898974415202147,0.3862406555269031,Au,PRUNED
2212,0.0,2026-03-20 05:23:41.529600,2026-03-20 05:23:42.297450,0 days 00:00:00.767850,20.315450184168597,17.57311123290245,0.720850394106393,Au,PRUNED
2213,0.0,2026-03-20 05:23:41.715785,2026-03-20 05:23:42.296943,0 days 00:00:00.581158,20.217026087684594,16.836118467425674,0.4760952757665694,Au,PRUNED
2214,-1.1990407673860566,2026-03-20 05:23:41.766521,2026-03-20 05:23:42.279836,0 days 00:00:00.513315,22.537865194252596,19.56388321686005,0.49980258075040235,Ag,PRUNED
2215,0.0,2026-03-20 05:23:41.825602,2026-03-20 05:23:42.496220,0 days 00:00:00.670618,49.552891271311005,16.635008624855953,0.25473883437410794,Au,PRUNED
2216,-389.0804597700614,2026-03-20 05:23:42.001433,2026-03-20 05:23:42.775010,0 days 00:00:00.773577,20.246647025421453,19.974250399629152,0.682186173335718,Au,COMPLETE
2217,0.0,2026-03-20 05:23:42.069743,2026-03-20 05:23:42.871153,0 days 00:00:00.801410,38.69718446218109,19.88479971010292,0.36080844282349467,Au,PRUNED
2218,-9.848484848484132,2026-03-20 05:23:42.374063,2026-03-20 05:23:42.902710,0 days 00:00:00.528647,23.13645858538626,17.602084649865233,0.954991924394429,Cu,PRUNED
2219,0.0,2026-03-20 05:23:42.389472,2026-03-20 05:23:43.132181,0 days 00:00:00.742709,31.5295141432196,19.794587791217655,0.8829619634596626,Au,PRUNED
2220,0.0,2026-03-20 05:23:42.424077,2026-03-20 05:23:43.061863,0 days 00:00:00.637786,21.044182447359606,15.808355274339279,1.022016438363951,Au,PRUNED
2221,-9.50292397660752,2026-03-20 05:23:42.470058,2026-03-20 05:23:43.325950,0 days 00:00:00.855892,24.571490135901385,17.120058113723008,0.42045079464133217,Cu,PRUNED
2222,5.681818181817666,2026-03-20 05:23:42.514854,2026-03-20 05:23:43.234606,0 days 00:00:00.719752,39.29352496547756,19.79919427176283,0.828050725684881,Ag,PRUNED
2223,-375.2777777777274,2026-03-20 05:23:42.558784,2026-03-20 05:23:43.170320,0 days 00:00:00.611536,20.411223699922733,19.72303049619208,0.6457850379227105,Au,COMPLETE
2224,0.0,2026-03-20 05:23:42.921830,2026-03-20 05:23:43.581272,0 days 00:00:00.659442,20.475155492000248,17.144107073761717,0.6662476326507217,Au,PRUNED
2225,0.0,2026-03-20 05:23:43.017242,2026-03-20 05:23:43.924336,0 days 00:00:00.907094,34.320697233512924,19.947158047246667,0.903144186797187,Au,PRUNED
2226,0.0,2026-03-20 05:23:43.065384,2026-03-20 05:23:43.750521,0 days 00:00:00.685137,20.251210100582203,16.99216976817443,0.8999678021957053,Au,PRUNED
2227,-437.1794871794194,2026-03-20 05:23:43.208756,2026-03-20 05:23:44.128907,0 days 00:00:00.920151,21.300009648311956,19.9429880632724,0.41291038970296434,Au,COMPLETE
2228,-8.01282051281928,2026-03-20 05:23:43.247737,2026-03-20 05:23:44.033690,0 days 00:00:00.785953,22.059641936936114,19.99157024161547,0.555983238687574,Au,PRUNED
2229,0.0,2026-03-20 05:23:43.341080,2026-03-20 05:23:43.922820,0 days 00:00:00.581740,31.35970160640823,17.302063420662787,1.5925015335203794,Au,PRUNED
2230,0.0,2026-03-20 05:23:43.391299,2026-03-20 05:23:44.171771,0 days 00:00:00.780472,33.03157438586066,16.80890695177012,1.6857469054958172,Au,PRUNED
2231,80.86419753086179,2026-03-20 05:23:43.437750,2026-03-20 05:23:44.127897,0 days 00:00:00.690147,29.58737784197556,16.82147865674241,1.5884363658785863,Au,PRUNED
2232,0.0,2026-03-20 05:23:43.643923,2026-03-20 05:23:44.459945,0 days 00:00:00.816022,34.33744477469307,17.830094701954113,0.7951645148763665,Au,PRUNED
2233,0.0,2026-03-20 05:23:43.997834,2026-03-20 05:23:44.626549,0 days 00:00:00.628715,36.43411275031029,19.46238832372006,0.2286725491666279,Au,PRUNED
2234,0.0,2026-03-20 05:23:44.058773,2026-03-20 05:23:44.660175,0 days 00:00:00.601402,32.72414469817403,19.8157420934241,0.4501691667094505,Au,PRUNED
2235,0.0,2026-03-20 05:23:44.072381,2026-03-20 05:23:45.278022,0 days 00:00:01.205641,38.90783440340739,17.913034508178324,0.19832916814534468,Au,PRUNED
2236,0.0,2026-03-20 05:23:44.098506,2026-03-20 05:23:44.689073,0 days 00:00:00.590567,34.60666301844554,16.9944601039034,0.25104379713289915,Au,PRUNED
2237,0.0,2026-03-20 05:23:44.174829,2026-03-20 05:23:44.689073,0 days 00:00:00.514244,35.38428296312729,19.83708896609089,0.5236987139465241,Au,PRUNED
2238,0.0,2026-03-20 05:23:44.314781,2026-03-20 05:23:44.907861,0 days 00:00:00.593080,33.23744957261864,18.216548293115775,0.4284439537563852,Au,PRUNED
2239,-3.0864197530859623,2026-03-20 05:23:44.398890,2026-03-20 05:23:45.111141,0 days 00:00:00.712251,22.74449869549738,19.969703776344822,0.39429095172627204,Au,PRUNED
2240,81.49509803921329,2026-03-20 05:23:44.533408,2026-03-20 05:23:45.110636,0 days 00:00:00.577228,30.41674021331888,16.655481931287085,0.3198642248999939,Au,PRUNED
2241,0.0,2026-03-20 05:23:44.705862,2026-03-20 05:23:45.588469,0 days 00:00:00.882607,20.382536755491817,10.245065481425259,0.7149157395379022,Au,PRUNED
2242,0.0,2026-03-20 05:23:44.796113,2026-03-20 05:23:45.602798,0 days 00:00:00.806685,20.496484890396673,17.636585336835974,0.5550368453514487,Au,PRUNED
2243,-13.480392156861159,2026-03-20 05:23:44.829544,2026-03-20 05:23:45.572845,0 days 00:00:00.743301,24.377567788758665,19.16372638637051,0.35493409103019136,Cu,PRUNED
2244,0.0,2026-03-20 05:23:44.852916,2026-03-20 05:23:45.588469,0 days 00:00:00.735553,20.08189248159642,19.8185473313336,0.31508131836906805,Au,PRUNED
2245,0.0,2026-03-20 05:23:45.019922,2026-03-20 05:23:45.801040,0 days 00:00:00.781118,34.68435838023828,19.980834424670544,0.5814140450253706,Au,PRUNED
2246,-386.41552511410265,2026-03-20 05:23:45.203100,2026-03-20 05:23:45.737896,0 days 00:00:00.534796,21.75998734006676,19.29139728563434,0.17701784222945344,Au,COMPLETE
2247,0.0,2026-03-20 05:23:45.235550,2026-03-20 05:23:46.119845,0 days 00:00:00.884295,22.43917146227138,19.898674168473306,0.9239194701143403,Au,PRUNED
2248,0.0,2026-03-20 05:23:45.355239,2026-03-20 05:23:46.148917,0 days 00:00:00.793678,31.878110665463304,19.472386205845467,0.18291806197073635,Au,PRUNED
2249,0.0,2026-03-20 05:23:45.669066,2026-03-20 05:23:46.611040,0 days 00:00:00.941974,53.82369694728704,18.83948318506348,0.5073917113085491,Au,PRUNED
2250,-9.615384615383135,2026-03-20 05:23:45.683116,2026-03-20 05:23:46.429771,0 days 00:00:00.746655,20.497284556969102,19.870191952446273,1.5312627278266246,Au,PRUNED
2251,0.0,2026-03-20 05:23:45.719026,2026-03-20 05:23:46.322777,0 days 00:00:00.603751,32.4878837446348,19.88925575285811,0.5315656264261943,Au,PRUNED
2252,0.0,2026-03-20 05:23:45.737896,2026-03-20 05:23:46.431779,0 days 00:00:00.693883,20.532370276463773,16.631523420651423,0.3346509769153995,Au,PRUNED
2253,0.0,2026-03-20 05:23:45.849728,2026-03-20 05:23:46.430779,0 days 00:00:00.581051,33.31350454903817,16.99623858951704,0.6364560405150295,Au,PRUNED
2254,-423.81840796013535,2026-03-20 05:23:45.923935,2026-03-20 05:23:46.644547,0 days 00:00:00.720612,21.120234954169582,19.763016171289287,0.6341192017444686,Au,COMPLETE
2255,-441.53746770019023,2026-03-20 05:23:46.235425,2026-03-20 05:23:46.914935,0 days 00:00:00.679510,20.446107537380346,19.948253542424393,1.506965484444557,Au,COMPLETE
2256,0.0,2026-03-20 05:23:46.294204,2026-03-20 05:23:46.944452,0 days 00:00:00.650248,22.987075753808696,19.847733534507903,0.5000952417570368,Au,PRUNED
2257,0.0,2026-03-20 05:23:46.549077,2026-03-20 05:23:47.356336,0 days 00:00:00.807259,21.214114210568216,17.241556305427352,0.5333500521039527,Au,PRUNED
2258,0.0,2026-03-20 05:23:46.574497,2026-03-20 05:23:47.088957,0 days 00:00:00.514460,36.06836884785519,17.253492259951695,0.7866924663748748,Au,PRUNED
2259,0.0,2026-03-20 05:23:46.594620,2026-03-20 05:23:47.245260,0 days 00:00:00.650640,20.2214651512651,15.547703265572933,0.3994080412102221,Au,PRUNED
2260,0.0,2026-03-20 05:23:46.619464,2026-03-20 05:23:47.423155,0 days 00:00:00.803691,21.01476339797851,15.780215169310768,0.6474544282750162,Cu,PRUNED
2261,2.4509803921566706,2026-03-20 05:23:46.683748,2026-03-20 05:23:47.198978,0 days 00:00:00.515230,36.86327807988203,13.35110237489369,0.41071348853832357,Au,PRUNED
2262,0.0,2026-03-20 05:23:46.916935,2026-03-20 05:23:47.589199,0 days 00:00:00.672264,21.032214049691763,17.54662916054113,0.5030279464990556,Au,PRUNED
2263,-386.41552511410265,2026-03-20 05:23:47.091957,2026-03-20 05:23:47.994389,0 days 00:00:00.902432,20.133436966163544,19.856762010643795,0.8782564254060721,Au,COMPLETE
2264,0.0,2026-03-20 05:23:47.144233,2026-03-20 05:23:47.836569,0 days 00:00:00.692336,20.87842666197794,17.33915099575906,0.4240771474194147,Au,PRUNED
2265,0.0,2026-03-20 05:23:47.173349,2026-03-20 05:23:47.798178,0 days 00:00:00.624829,30.26476520988426,19.91981700455992,0.2765771945097563,Au,PRUNED
2266,0.0,2026-03-20 05:23:47.301820,2026-03-20 05:23:47.902752,0 days 00:00:00.600932,38.372146907978745,18.006135103854913,0.5536854267580928,Au,PRUNED
2267,0.0,2026-03-20 05:23:47.353365,2026-03-20 05:23:47.911445,0 days 00:00:00.558080,36.11185343113773,17.485150868823073,0.5203133791001879,Au,PRUNED
2268,0.0,2026-03-20 05:23:47.477979,2026-03-20 05:23:48.332478,0 days 00:00:00.854499,37.34847791892832,19.970371774492115,0.5424696463770093,Au,PRUNED
2269,0.0,2026-03-20 05:23:47.512183,2026-03-20 05:23:47.979837,0 days 00:00:00.467654,38.960615003476235,19.959673373231354,0.34469684445214843,Au,PRUNED
2270,0.0,2026-03-20 05:23:47.676809,2026-03-20 05:23:48.348626,0 days 00:00:00.671817,27.96153067952516,19.944140332111335,0.3996223162911863,Au,PRUNED
2271,0.0,2026-03-20 05:23:47.885573,2026-03-20 05:23:48.520729,0 days 00:00:00.635156,20.592870978050154,17.820926291457667,0.510321529710139,Au,PRUNED
2272,0.0,2026-03-20 05:23:47.912989,2026-03-20 05:23:48.627982,0 days 00:00:00.714993,36.516500361320354,19.851976918605775,0.8157995811270949,Au,PRUNED
2273,0.0,2026-03-20 05:23:47.965659,2026-03-20 05:23:48.725925,0 days 00:00:00.760266,31.000848552103,17.881758698629902,0.617117447161714,Au,PRUNED
2274,2.7777777777774073,2026-03-20 05:23:48.019056,2026-03-20 05:23:48.771208,0 days 00:00:00.752152,23.39835835958059,19.966854175587873,0.5264990838966672,Au,PRUNED
2275,-423.50746268650437,2026-03-20 05:23:48.066965,2026-03-20 05:23:49.097588,0 days 00:00:01.030623,21.21408749082518,19.765798054151002,0.5262960313536486,Au,COMPLETE
2276,0.0,2026-03-20 05:23:48.187930,2026-03-20 05:23:48.966412,0 days 00:00:00.778482,34.081133155684775,19.9877079513444,0.8707751531343694,Au,PRUNED
2277,0.0,2026-03-20 05:23:48.399309,2026-03-20 05:23:48.914350,0 days 00:00:00.515041,20.169553597915332,17.449819768929544,0.136337212502826,Au,PRUNED
2278,83.33333333333088,2026-03-20 05:23:48.442452,2026-03-20 05:23:48.914350,0 days 00:00:00.471898,23.644491698081787,19.943324367844905,0.748852571676531,Au,PRUNED
2279,-2.057613168724246,2026-03-20 05:23:48.589075,2026-03-20 05:23:49.311475,0 days 00:00:00.722400,119.93174304650941,0.701438147259541,1.027416847203663,Au,PRUNED
2280,4.310344827585612,2026-03-20 05:23:48.659240,2026-03-20 05:23:49.506342,0 days 00:00:00.847102,23.569954463811904,19.937264670987584,0.4537983842988148,Au,PRUNED
2281,0.0,2026-03-20 05:23:48.887133,2026-03-20 05:23:49.415431,0 days 00:00:00.528298,20.786564696375123,19.327058379701047,0.3579702902147266,Au,PRUNED
2282,83.02696078431127,2026-03-20 05:23:48.878623,2026-03-20 05:23:49.549656,0 days 00:00:00.671033,24.920990740755204,19.781492694840125,0.3659216371776197,Au,PRUNED
2283,-420.6790123456165,2026-03-20 05:23:48.990038,2026-03-20 05:23:49.903774,0 days 00:00:00.913736,22.14918955294629,19.309848880458688,0.340865440136645,Au,COMPLETE
2284,0.0,2026-03-20 05:23:49.077933,2026-03-20 05:23:49.902766,0 days 00:00:00.824833,28.984307489618644,19.798495165847164,0.15518817263730728,Au,PRUNED
2285,0.0,2026-03-20 05:23:49.151228,2026-03-20 05:23:49.783721,0 days 00:00:00.632493,39.0026335592795,19.966252030410313,0.6436362154699626,Au,PRUNED
2286,6.97146562905307,2026-03-20 05:23:49.215617,2026-03-20 05:23:49.954807,0 days 00:00:00.739190,100.54733035263519,13.994496532220907,0.7132879297620061,Ag,PRUNED
2287,0.0,2026-03-20 05:23:49.470526,2026-03-20 05:23:50.110857,0 days 00:00:00.640331,20.0389834403392,19.48757795042471,0.6250870273451486,Au,PRUNED
2288,0.0,2026-03-20 05:23:49.443094,2026-03-20 05:23:50.220731,0 days 00:00:00.777637,32.57216179472701,17.64470743958156,0.388478900315771,Au,PRUNED
2289,-9.9999999999984,2026-03-20 05:23:49.551787,2026-03-20 05:23:50.500957,0 days 00:00:00.949170,21.67124330646126,19.986099843871116,0.6107852058213907,Au,PRUNED
2290,0.0,2026-03-20 05:23:49.631539,2026-03-20 05:23:50.439511,0 days 00:00:00.807972,20.164898065792677,19.59814640071603,0.31609885879598687,Au,PRUNED
2291,0.0,2026-03-20 05:23:49.843702,2026-03-20 05:23:50.634315,0 days 00:00:00.790613,20.356309339089098,15.959141689282603,0.34561545361737983,Au,PRUNED
2292,0.0,2026-03-20 05:23:50.001673,2026-03-20 05:23:50.672406,0 days 00:00:00.670733,23.289189415800834,19.98043716866892,0.1928348726878458,Au,PRUNED
2293,80.57598039215449,2026-03-20 05:23:50.051360,2026-03-20 05:23:50.704205,0 days 00:00:00.652845,32.70252987681566,16.01332481146309,0.24898180397164887,Au,PRUNED
2294,0.0,2026-03-20 05:23:50.151584,2026-03-20 05:23:51.156951,0 days 00:00:01.005367,34.79226435454339,17.0377091048445,0.1759672198591355,Au,PRUNED
2295,80.55555555555317,2026-03-20 05:23:50.193208,2026-03-20 05:23:50.908291,0 days 00:00:00.715083,30.96624361724794,17.483931205575068,0.44856224875926715,Au,PRUNED
2296,-13.888888888887038,2026-03-20 05:23:50.275043,2026-03-20 05:23:50.923346,0 days 00:00:00.648303,25.25857305198103,17.20566472969602,0.16251603106891288,Au,PRUNED
2297,0.0,2026-03-20 05:23:50.585062,2026-03-20 05:23:51.330761,0 days 00:00:00.745699,39.33978436229671,19.62457524055893,0.11976341613515806,Au,PRUNED
2298,0.0,2026-03-20 05:23:50.612231,2026-03-20 05:23:51.312123,0 days 00:00:00.699892,53.96296971883401,19.901621811189386,0.6007659359574639,Au,PRUNED
2299,0.0,2026-03-20 05:23:50.690500,2026-03-20 05:23:51.485772,0 days 00:00:00.795272,20.235657905770783,16.79318989796636,0.5099258125983002,Au,PRUNED
2300,0.0,2026-03-20 05:23:50.797244,2026-03-20 05:23:51.426455,0 days 00:00:00.629211,36.74626504202268,19.7834462659509,0.16582248387954063,Au,PRUNED
2301,0.0,2026-03-20 05:23:50.895703,2026-03-20 05:23:51.437036,0 days 00:00:00.541333,114.53844147704558,7.597053134936834,0.5460982127888537,Cu,PRUNED
2302,-420.6790123456165,2026-03-20 05:23:51.026793,2026-03-20 05:23:51.694655,0 days 00:00:00.667862,20.611378759148423,19.91068009190836,0.8903790073009471,Au,COMPLETE
2303,0.0,2026-03-20 05:23:51.016723,2026-03-20 05:23:51.735149,0 days 00:00:00.718426,21.406676969590382,19.880012777672437,1.7493851842508756,Au,PRUNED
2304,-430.5555555554903,2026-03-20 05:23:51.284554,2026-03-20 05:23:51.934728,0 days 00:00:00.650174,21.626331691356743,19.687681958787255,0.40220063475921475,Au,COMPLETE
2305,79.62962962962726,2026-03-20 05:23:51.358879,2026-03-20 05:23:52.122340,0 days 00:00:00.763461,32.70058968093973,16.824753593877936,0.8006247131807668,Au,PRUNED
2306,-377.79642058160425,2026-03-20 05:23:51.394578,2026-03-20 05:23:52.081606,0 days 00:00:00.687028,20.152298857413864,19.802523461491536,0.7913903326148803,Au,COMPLETE
2307,0.0,2026-03-20 05:23:51.600838,2026-03-20 05:23:52.098981,0 days 00:00:00.498143,35.49047591637767,16.970576904435024,1.1478223600085555,Au,PRUNED
2308,0.0,2026-03-20 05:23:51.615454,2026-03-20 05:23:52.101321,0 days 00:00:00.485867,34.72277760496822,19.87440594378397,1.6238347648380584,Au,PRUNED
2309,0.0,2026-03-20 05:23:51.643452,2026-03-20 05:23:52.361339,0 days 00:00:00.717887,28.236278098417472,19.91656008569961,1.1140308593124544,Au,PRUNED
2310,0.0,2026-03-20 05:23:51.828173,2026-03-20 05:23:52.363230,0 days 00:00:00.535057,37.10328972322404,19.46521994315451,1.5924415407496777,Au,PRUNED
2311,-388.79310344822244,2026-03-20 05:23:51.936277,2026-03-20 05:23:52.808182,0 days 00:00:00.871905,20.84623332947348,19.9753606560385,0.17953310074079187,Au,COMPLETE
2312,0.0,2026-03-20 05:23:52.075574,2026-03-20 05:23:52.980743,0 days 00:00:00.905169,21.989148119060772,19.87539464628069,1.2623078772245195,Au,PRUNED
2313,0.0,2026-03-20 05:23:52.233660,2026-03-20 05:23:53.339712,0 days 00:00:01.106052,30.290782257955094,19.74485745737804,1.5127786214835068,Au,PRUNED
2314,81.18872549019368,2026-03-20 05:23:52.248559,2026-03-20 05:23:52.980743,0 days 00:00:00.732184,30.824782981624566,17.006138795385603,0.22485957351485833,Au,PRUNED
2315,-13.888888888887731,2026-03-20 05:23:52.299951,2026-03-20 05:23:53.248187,0 days 00:00:00.948236,26.38193375057505,19.867850187904256,0.5568395620613822,Ag,PRUNED
2316,-14.78494623655723,2026-03-20 05:23:52.402958,2026-03-20 05:23:53.028610,0 days 00:00:00.625652,23.91234554981215,17.726388435147843,0.2684456064666243,Au,PRUNED
2317,0.0,2026-03-20 05:23:52.473864,2026-03-20 05:23:53.147055,0 days 00:00:00.673191,20.703681871368957,18.350360670044566,0.25155561808058524,Au,PRUNED
2318,81.80147058823289,2026-03-20 05:23:52.512319,2026-03-20 05:23:53.108467,0 days 00:00:00.596148,28.807863214480008,17.47605468009922,0.4705555344117933,Au,PRUNED
2319,0.0,2026-03-20 05:23:53.044487,2026-03-20 05:23:53.755331,0 days 00:00:00.710844,36.578958957332276,16.8082942710558,0.39393104033989235,Au,PRUNED
2320,-440.89147286814887,2026-03-20 05:23:53.083173,2026-03-20 05:23:53.858282,0 days 00:00:00.775109,21.28901911994731,19.954092278041106,0.4826512058247307,Au,COMPLETE
2321,0.0,2026-03-20 05:23:53.108467,2026-03-20 05:23:53.888064,0 days 00:00:00.779597,26.596814521044525,19.743977258859864,1.5730100230250526,Au,PRUNED
2322,0.0,2026-03-20 05:23:53.218684,2026-03-20 05:23:53.756331,0 days 00:00:00.537647,43.92485972911396,19.994011808002515,0.23873484046004279,Au,PRUNED
2323,0.0,2026-03-20 05:23:53.293957,2026-03-20 05:23:53.839642,0 days 00:00:00.545685,22.03394930994,19.80755177350418,1.4561521165376994,Au,PRUNED
2324,-0.8468834688346746,2026-03-20 05:23:53.328676,2026-03-20 05:23:53.949451,0 days 00:00:00.620775,69.47188344810532,17.212691972731626,0.5057958746382205,Cu,PRUNED
2325,-351.56249999995606,2026-03-20 05:23:53.407436,2026-03-20 05:23:53.886918,0 days 00:00:00.479482,20.466747430440808,18.5757029594844,1.539049176210875,Au,PRUNED
2326,-0.29342723004694005,2026-03-20 05:23:53.424098,2026-03-20 05:23:54.294667,0 days 00:00:00.870569,48.118894577705845,15.129102755495026,0.37071066292730104,Au,PRUNED
2327,-7.716049382715478,2026-03-20 05:23:53.811628,2026-03-20 05:23:54.447916,0 days 00:00:00.636288,59.331584722014426,11.045256669246015,0.9089219350593256,Cu,PRUNED
2328,0.0,2026-03-20 05:23:53.854873,2026-03-20 05:23:54.463641,0 days 00:00:00.608768,24.5084939780119,13.022502372116383,0.4784276500509058,Au,PRUNED
2329,0.0,2026-03-20 05:23:53.877034,2026-03-20 05:23:54.668829,0 days 00:00:00.791795,31.08999655603436,19.761143706869685,0.19993079182820922,Au,PRUNED
2330,-3.0864197530859623,2026-03-20 05:23:53.991598,2026-03-20 05:23:54.508229,0 days 00:00:00.516631,21.2050986384571,19.94078260219959,1.5895714966173848,Au,PRUNED
2331,0.0,2026-03-20 05:23:54.015079,2026-03-20 05:23:54.669837,0 days 00:00:00.654758,20.701714268777913,18.608018291484008,0.43131410022556504,Au,PRUNED
2332,0.0,2026-03-20 05:23:54.064458,2026-03-20 05:23:54.829843,0 days 00:00:00.765385,20.92154650273674,15.888984471924877,0.30251882138285646,Au,PRUNED
2333,0.0,2026-03-20 05:23:54.174149,2026-03-20 05:23:54.747970,0 days 00:00:00.573821,36.67556265633185,19.369091318029923,0.3963308649976296,Au,PRUNED
2334,0.0,2026-03-20 05:23:54.352949,2026-03-20 05:23:55.087451,0 days 00:00:00.734502,39.175237697804754,18.105073307735083,0.43422337934643007,Au,PRUNED
2335,79.32098765431864,2026-03-20 05:23:54.510740,2026-03-20 05:23:55.151746,0 days 00:00:00.641006,33.120586661838836,17.161368926957305,0.43932930275515625,Au,PRUNED
2336,0.0,2026-03-20 05:23:54.644572,2026-03-20 05:23:55.152756,0 days 00:00:00.508184,21.07740928888899,17.462915175585806,0.2631099188952172,Au,PRUNED
2337,82.72058823529169,2026-03-20 05:23:54.772254,2026-03-20 05:23:55.357091,0 days 00:00:00.584837,25.4981933095553,19.888576674441673,0.35707361611934463,Au,PRUNED
2338,0.0,2026-03-20 05:23:54.797069,2026-03-20 05:23:55.603674,0 days 00:00:00.806605,35.14628241478059,19.950080168557378,0.4496394735308356,Au,PRUNED
2339,0.0,2026-03-20 05:23:54.810689,2026-03-20 05:23:55.605199,0 days 00:00:00.794510,22.999333456114627,15.958265732220418,0.12463890700101521,Au,PRUNED
2340,-1.1737089201877602,2026-03-20 05:23:54.861056,2026-03-20 05:23:55.494754,0 days 00:00:00.633698,20.715652219168014,6.154083099667,0.8724626864568323,Ag,PRUNED
2341,81.17283950617043,2026-03-20 05:23:54.872222,2026-03-20 05:23:55.455821,0 days 00:00:00.583599,30.31166327442842,17.57088093640502,0.38814422377339475,Au,PRUNED
2342,-8.01282051281928,2026-03-20 05:23:55.144665,2026-03-20 05:23:56.322418,0 days 00:00:01.177753,20.81518098097267,19.808455302457546,1.4359996678786997,Au,PRUNED
2343,0.0,2026-03-20 05:23:55.201391,2026-03-20 05:23:55.832140,0 days 00:00:00.630749,20.070928281116746,17.537668091606687,0.37468768948520675,Au,PRUNED
2344,0.0,2026-03-20 05:23:55.254774,2026-03-20 05:23:55.993347,0 days 00:00:00.738573,32.49183088533411,19.994004515076398,1.1369095400379463,Au,PRUNED
2345,0.0,2026-03-20 05:23:55.401220,2026-03-20 05:23:56.181172,0 days 00:00:00.779952,31.900720319329643,19.95847630556572,1.2163734790938836,Au,PRUNED
2346,0.0,2026-03-20 05:23:55.535113,2026-03-20 05:23:56.117425,0 days 00:00:00.582312,20.78922851218463,16.714211015229058,0.4495759408755875,Au,PRUNED
2347,-350.2604166666229,2026-03-20 05:23:55.549081,2026-03-20 05:23:56.134454,0 days 00:00:00.585373,21.219419748809383,19.042176720428575,0.3889186906525123,Au,PRUNED
2348,0.0,2026-03-20 05:23:55.724553,2026-03-20 05:23:56.214049,0 days 00:00:00.489496,31.307559300455452,19.825314318864173,0.41527557169127693,Au,PRUNED
2349,-0.8468834688346746,2026-03-20 05:23:55.773220,2026-03-20 05:23:56.422208,0 days 00:00:00.648988,92.59461227488055,15.335722749750461,0.7879344921003966,Cu,PRUNED
2350,79.0441176470565,2026-03-20 05:23:55.875200,2026-03-20 05:23:56.975739,0 days 00:00:01.100539,35.93211906048992,14.91949469831821,0.6139326974095691,Au,PRUNED
2351,-7.812499999999023,2026-03-20 05:23:56.083174,2026-03-20 05:23:56.819150,0 days 00:00:00.735976,24.574775715459737,19.81828473685208,0.5323323502542354,Cu,PRUNED
2352,0.0,2026-03-20 05:23:56.236840,2026-03-20 05:23:56.882779,0 days 00:00:00.645939,20.2365048843778,17.58991903721464,1.0364772378221292,Au,PRUNED
2353,-13.605442176869637,2026-03-20 05:23:56.184686,2026-03-20 05:23:56.951475,0 days 00:00:00.766789,32.58777250643675,16.952494255905176,0.5325140332094854,Ag,PRUNED
2354,-11.666666666664801,2026-03-20 05:23:56.275647,2026-03-20 05:23:57.070987,0 days 00:00:00.795340,22.536573194668872,19.651206695324035,0.1392119362945714,Au,PRUNED
2355,83.02696078431127,2026-03-20 05:23:56.346886,2026-03-20 05:23:57.025001,0 days 00:00:00.678115,24.70222543913264,19.880119367401722,0.39955675592316287,Au,PRUNED
2356,0.0,2026-03-20 05:23:56.389444,2026-03-20 05:23:57.071994,0 days 00:00:00.682550,32.51601997161096,19.695979637805664,0.36794099303787414,Au,PRUNED
2357,0.0,2026-03-20 05:23:56.496838,2026-03-20 05:23:57.234503,0 days 00:00:00.737665,34.2337977174786,17.345618020113392,0.5245709604104172,Au,PRUNED
2358,0.0,2026-03-20 05:23:56.945964,2026-03-20 05:23:57.776969,0 days 00:00:00.831005,20.28675036606294,17.1647885819422,0.6422863413207445,Au,PRUNED
2359,-389.3678160918998,2026-03-20 05:23:56.996934,2026-03-20 05:23:57.711103,0 days 00:00:00.714169,21.66214386737356,19.215487792624412,0.36608773339058137,Au,COMPLETE
2360,0.0,2026-03-20 05:23:57.040075,2026-03-20 05:23:57.603799,0 days 00:00:00.563724,34.01257887420577,17.28194343637136,0.826374066668508,Au,PRUNED
2361,0.0,2026-03-20 05:23:57.118375,2026-03-20 05:23:57.696019,0 days 00:00:00.577644,22.264292183825976,19.942591829755624,1.0623051385250444,Au,PRUNED
2362,0.0,2026-03-20 05:23:57.150686,2026-03-20 05:23:57.819219,0 days 00:00:00.668533,32.172487225048854,17.518760439871684,0.6741761513777157,Au,PRUNED
2363,-135.73232323231503,2026-03-20 05:23:57.182632,2026-03-20 05:23:57.759329,0 days 00:00:00.576697,23.627331536684704,14.097520315903115,0.1313026342053451,Cu,PRUNED
2364,0.0,2026-03-20 05:23:57.328919,2026-03-20 05:23:57.819219,0 days 00:00:00.490300,45.594912696317785,16.842835034423942,0.4285551885866181,Au,PRUNED
2365,1.4367816091953032,2026-03-20 05:23:57.375900,2026-03-20 05:23:58.226639,0 days 00:00:00.850739,44.32631833885604,14.197372926703672,1.673466468574591,Cu,PRUNED
2366,-424.44029850739975,2026-03-20 05:23:57.735592,2026-03-20 05:23:58.497404,0 days 00:00:00.761812,20.338032355366305,19.680326065711146,1.5376827671895614,Au,COMPLETE
2367,0.0,2026-03-20 05:23:57.711933,2026-03-20 05:23:58.324429,0 days 00:00:00.612496,115.3638395067315,7.029130808487064,1.9146473554230468,Cu,PRUNED
2368,0.0,2026-03-20 05:23:57.870216,2026-03-20 05:23:58.604453,0 days 00:00:00.734237,37.167913940044215,17.553033793201966,0.5745033910310469,Au,PRUNED
2369,0.0,2026-03-20 05:23:57.902745,2026-03-20 05:23:58.497404,0 days 00:00:00.594659,36.11008816857735,16.96799863043142,1.3995210227013626,Au,PRUNED
2370,0.0,2026-03-20 05:23:57.936147,2026-03-20 05:23:58.498409,0 days 00:00:00.562262,43.940350577094634,19.94793624030769,0.6895507876797717,Au,PRUNED
2371,0.0,2026-03-20 05:23:57.948620,2026-03-20 05:23:58.717167,0 days 00:00:00.768547,39.405774092673504,19.663990817801718,0.699405835998457,Au,PRUNED
2372,-8.01282051281928,2026-03-20 05:23:58.028848,2026-03-20 05:23:58.741490,0 days 00:00:00.712642,22.372881815929624,19.86147224446596,0.4653222349612648,Au,PRUNED
2373,0.0,2026-03-20 05:23:58.340267,2026-03-20 05:23:59.087406,0 days 00:00:00.747139,43.13422293556891,19.912632565528273,1.3948921081071979,Au,PRUNED
2374,0.0,2026-03-20 05:23:58.440521,2026-03-20 05:23:59.147050,0 days 00:00:00.706529,28.89377431133641,19.868531940031037,0.29552312878719184,Au,PRUNED
2375,82.71604938271359,2026-03-20 05:23:58.584684,2026-03-20 05:23:59.256172,0 days 00:00:00.671488,24.571940944160467,19.894226569581342,1.298442433116906,Au,PRUNED
2376,0.0,2026-03-20 05:23:58.621690,2026-03-20 05:23:59.598640,0 days 00:00:00.976950,37.08585390752676,19.791150556820565,1.216015475177211,Au,PRUNED
2377,0.0,2026-03-20 05:23:58.665920,2026-03-20 05:23:59.209207,0 days 00:00:00.543287,35.207565001741614,18.88308162162268,1.371294394555828,Au,PRUNED
2378,0.0,2026-03-20 05:23:58.699018,2026-03-20 05:23:59.136367,0 days 00:00:00.437349,41.86981646744306,17.65998942027947,1.4714875179838747,Au,PRUNED
2379,0.0,2026-03-20 05:23:58.784408,2026-03-20 05:23:59.563684,0 days 00:00:00.779276,20.034064512776553,18.649655410381122,0.9974933515936057,Cu,PRUNED
2380,0.0,2026-03-20 05:23:58.878119,2026-03-20 05:23:59.531915,0 days 00:00:00.653796,20.08959839864669,15.780033019952285,0.67507883299685,Au,PRUNED
2381,-307.87037037033616,2026-03-20 05:23:59.146039,2026-03-20 05:23:59.754027,0 days 00:00:00.607988,21.373200184631262,17.11276072562628,1.4837901219247305,Au,PRUNED
2382,0.0,2026-03-20 05:23:59.229886,2026-03-20 05:24:00.068642,0 days 00:00:00.838756,31.812750615071064,19.915374526005987,1.4355555121044814,Au,PRUNED
2383,0.0,2026-03-20 05:23:59.273789,2026-03-20 05:23:59.849135,0 days 00:00:00.575346,30.638449698913604,19.759159580174657,1.259050058977737,Au,PRUNED
2384,-392.6504629629084,2026-03-20 05:23:59.306296,2026-03-20 05:23:59.928619,0 days 00:00:00.622323,20.092665637946947,19.549850612280224,1.342616530985213,Au,COMPLETE
2385,-1.456876456876416,2026-03-20 05:23:59.344640,2026-03-20 05:24:00.223048,0 days 00:00:00.878408,43.92565469402122,19.436884683930153,1.280001688990475,Cu,PRUNED
2386,-395.68764568759013,2026-03-20 05:23:59.613198,2026-03-20 05:24:00.358823,0 days 00:00:00.745625,20.434867301476135,19.743710586067046,0.9019541849503185,Au,COMPLETE
2387,0.0,2026-03-20 05:23:59.653550,2026-03-20 05:24:00.442400,0 days 00:00:00.788850,20.668730467887748,16.315595779989764,1.1009612463700555,Au,PRUNED
2388,80.24691358024454,2026-03-20 05:23:59.795407,2026-03-20 05:24:00.645076,0 days 00:00:00.849669,31.190056113027396,16.554069360768978,1.279823052096999,Au,PRUNED
2389,0.0,2026-03-20 05:23:59.815779,2026-03-20 05:24:00.481740,0 days 00:00:00.665961,33.96431157523334,17.485478670328618,1.4790366051118073,Au,PRUNED
2390,0.0,2026-03-20 05:23:59.960321,2026-03-20 05:24:01.095361,0 days 00:00:01.135040,33.994389343407335,17.958000590648314,0.5703026705087749,Au,PRUNED
2391,80.24691358024454,2026-03-20 05:24:00.093937,2026-03-20 05:24:00.647067,0 days 00:00:00.553130,32.06049361376259,17.189555751004022,0.3779356415216496,Au,PRUNED
2392,0.0,2026-03-20 05:24:00.187110,2026-03-20 05:24:00.953955,0 days 00:00:00.766845,49.12474213745025,19.58453723291299,0.34602207975664323,Au,PRUNED
2393,0.0,2026-03-20 05:24:00.361344,2026-03-20 05:24:00.955988,0 days 00:00:00.594644,21.056906957733215,17.72089216911265,0.37215118334324215,Au,PRUNED
2394,0.0,2026-03-20 05:24:00.553036,2026-03-20 05:24:01.498499,0 days 00:00:00.945463,21.516376672871285,18.078686390201412,0.4902227508663591,Au,PRUNED
2395,-1.0016025641025448,2026-03-20 05:24:00.587686,2026-03-20 05:24:01.536280,0 days 00:00:00.948594,60.520063477550536,17.582197356023777,1.4835336922686033,Au,PRUNED
2396,0.0,2026-03-20 05:24:00.709939,2026-03-20 05:24:01.536791,0 days 00:00:00.826852,20.95299714847274,18.713258858555612,0.19810241313598909,Au,PRUNED
2397,-362.9032258064048,2026-03-20 05:24:00.772439,2026-03-20 05:24:01.376253,0 days 00:00:00.603814,20.39199491836651,19.53979758493623,0.7794133171182539,Au,PRUNED
2398,-1.157407407407375,2026-03-20 05:24:00.881029,2026-03-20 05:24:01.498499,0 days 00:00:00.617470,45.53464626781831,19.995399623673933,0.4150114660793786,Cu,PRUNED
2399,0.0,2026-03-20 05:24:01.060384,2026-03-20 05:24:01.887727,0 days 00:00:00.827343,21.20135176941025,17.15151143517469,0.7579551971054477,Au,PRUNED
2400,-427.00501253126436,2026-03-20 05:24:01.149801,2026-03-20 05:24:02.020884,0 days 00:00:00.871083,20.978183857990786,19.97761190477551,0.5363963111621468,Au,COMPLETE
2401,83.02696078431127,2026-03-20 05:24:01.176852,2026-03-20 05:24:02.007080,0 days 00:00:00.830228,25.062370363449148,19.990177248384292,0.2607941100850554,Au,PRUNED
2402,-7.716049382714907,2026-03-20 05:24:01.465757,2026-03-20 05:24:02.106105,0 days 00:00:00.640348,22.783295506566475,19.55860154359292,0.3953382218910806,Au,PRUNED
2403,0.0,2026-03-20 05:24:01.554936,2026-03-20 05:24:02.230742,0 days 00:00:00.675806,37.06703207877721,17.141981886235,1.184938669443897,Au,PRUNED
2404,0.0,2026-03-20 05:24:01.608898,2026-03-20 05:24:02.420341,0 days 00:00:00.811443,20.553869994186865,19.633736401388997,0.19890546641293086,Au,PRUNED
2405,0.0,2026-03-20 05:24:01.657483,2026-03-20 05:24:02.248456,0 days 00:00:00.590973,20.146091017313893,17.910183918283312,1.0570899329907562,Au,PRUNED
2406,0.0,2026-03-20 05:24:01.621371,2026-03-20 05:24:02.632870,0 days 00:00:01.011499,34.72273253819265,19.853000332011344,0.5572129726087182,Au,PRUNED
2407,0.0,2026-03-20 05:24:02.009161,2026-03-20 05:24:02.739872,0 days 00:00:00.730711,36.03571025443375,19.74171972536735,0.49620250875231864,Au,PRUNED
2408,-8.01282051281928,2026-03-20 05:24:02.133963,2026-03-20 05:24:02.882309,0 days 00:00:00.748346,22.11019774075539,19.87092653711034,0.6267277406251361,Au,PRUNED
2409,0.0,2026-03-20 05:24:02.203809,2026-03-20 05:24:02.808577,0 days 00:00:00.604768,21.68528269894404,16.518859811669607,0.4449933387579968,Au,PRUNED
2410,-1.1990407673860566,2026-03-20 05:24:02.279784,2026-03-20 05:24:02.932190,0 days 00:00:00.652406,22.10301256957528,19.467890892836756,1.0012823493747147,Ag,PRUNED
2411,-372.7924944811867,2026-03-20 05:24:02.331096,2026-03-20 05:24:03.287032,0 days 00:00:00.955936,21.120922653614443,19.325788019901257,0.4714046212901759,Au,COMPLETE
2412,0.0,2026-03-20 05:24:02.321042,2026-03-20 05:24:03.105783,0 days 00:00:00.784741,32.50416420064262,19.88736570665315,0.399826880845182,Au,PRUNED
2413,0.0,2026-03-20 05:24:02.509195,2026-03-20 05:24:03.135835,0 days 00:00:00.626640,41.08929647270638,16.5728137797629,0.15315392225277635,Au,PRUNED
2414,0.0,2026-03-20 05:24:02.695149,2026-03-20 05:24:03.308199,0 days 00:00:00.613050,37.93311886679121,17.3613593272983,0.6375634574774801,Au,PRUNED
2415,0.0,2026-03-20 05:24:02.798911,2026-03-20 05:24:03.798178,0 days 00:00:00.999267,20.13655771857018,18.450867703785512,0.3685770234104125,Au,PRUNED
2416,0.0,2026-03-20 05:24:02.853872,2026-03-20 05:24:03.444825,0 days 00:00:00.590953,31.83394814462565,17.662104577639656,0.704215249143038,Au,PRUNED
2417,0.0,2026-03-20 05:24:02.947813,2026-03-20 05:24:03.925720,0 days 00:00:00.977907,20.081224718080872,16.820221557209976,0.45986138727917897,Au,PRUNED
2418,0.0,2026-03-20 05:24:03.108125,2026-03-20 05:24:04.097597,0 days 00:00:00.989472,23.154701249139492,19.90624753456227,0.41813945648804596,Au,PRUNED
2419,0.0,2026-03-20 05:24:03.166582,2026-03-20 05:24:03.799178,0 days 00:00:00.632596,35.37022180776583,17.802736081293848,0.5239604844759665,Au,PRUNED
2420,-8.333333333332,2026-03-20 05:24:03.228891,2026-03-20 05:24:04.087484,0 days 00:00:00.858593,21.81498754057343,19.900535468036384,0.6670826378359664,Au,PRUNED
2421,0.0,2026-03-20 05:24:03.409263,2026-03-20 05:24:04.361677,0 days 00:00:00.952414,20.773328823550997,17.283890477872426,0.5718475355837775,Au,PRUNED
2422,0.0,2026-03-20 05:24:03.463186,2026-03-20 05:24:04.502756,0 days 00:00:01.039570,20.024545591857827,17.98062557668668,0.3576196563987023,Au,PRUNED
2423,0.0,2026-03-20 05:24:03.508691,2026-03-20 05:24:04.274899,0 days 00:00:00.766208,28.878420371731153,19.89702313127526,0.6032510248827222,Au,PRUNED
2424,0.0,2026-03-20 05:24:03.902029,2026-03-20 05:24:04.628769,0 days 00:00:00.726740,20.28398242908437,15.843714176849002,0.750170677632706,Au,PRUNED
2425,0.0,2026-03-20 05:24:03.941963,2026-03-20 05:24:04.573564,0 days 00:00:00.631601,34.72977916884203,19.729779247135482,0.6373459131269985,Au,PRUNED
2426,0.0,2026-03-20 05:24:03.988721,2026-03-20 05:24:04.537166,0 days 00:00:00.548445,21.592742685442268,16.78435517748055,0.7114893057477473,Au,PRUNED
2427,0.0,2026-03-20 05:24:04.193362,2026-03-20 05:24:04.959997,0 days 00:00:00.766635,34.95762191151433,19.716266937690826,0.5015630766528727,Au,PRUNED
2428,0.0,2026-03-20 05:24:04.273868,2026-03-20 05:24:05.228412,0 days 00:00:00.954544,34.87818448374083,19.914626079237504,0.4445088993786026,Au,PRUNED
2429,0.0,2026-03-20 05:24:04.427831,2026-03-20 05:24:05.032627,0 days 00:00:00.604796,33.178503818705025,17.279766728152484,0.8395851638121983,Au,PRUNED
2430,2.3521505376343708,2026-03-20 05:24:04.598967,2026-03-20 05:24:05.150765,0 days 00:00:00.551798,100.04034779620729,12.260124049459531,0.6362092196398239,Cu,PRUNED
2431,0.0,2026-03-20 05:24:04.619194,2026-03-20 05:24:05.290480,0 days 00:00:00.671286,20.021285044166866,19.795883862507015,0.46638716441350697,Au,PRUNED
2432,0.0,2026-03-20 05:24:04.656682,2026-03-20 05:24:05.451694,0 days 00:00:00.795012,37.52430882680919,17.477998707681532,0.7101390555298039,Au,PRUNED
2433,-11.666666666664801,2026-03-20 05:24:04.711846,2026-03-20 05:24:05.573770,0 days 00:00:00.861924,22.03644688018432,19.85509247088771,0.3370194656876294,Au,PRUNED
2434,-404.46428571422797,2026-03-20 05:24:04.725872,2026-03-20 05:24:05.514391,0 days 00:00:00.788519,20.180674530620124,19.944202843842458,0.9771298737568832,Au,COMPLETE
2435,82.40740740740496,2026-03-20 05:24:05.034629,2026-03-20 05:24:06.259112,0 days 00:00:01.224483,25.675710556987738,19.934967814769657,0.7273532554147719,Au,PRUNED
2436,83.02696078431127,2026-03-20 05:24:05.106801,2026-03-20 05:24:06.117582,0 days 00:00:01.010781,24.35643310746834,19.970483005738753,0.6369439832679213,Au,PRUNED
2437,0.0,2026-03-20 05:24:05.344320,2026-03-20 05:24:05.994191,0 days 00:00:00.649871,35.23867382843092,17.467292161653152,0.3464089319386823,Au,PRUNED
2438,0.0,2026-03-20 05:24:05.359047,2026-03-20 05:24:06.117077,0 days 00:00:00.758030,53.018569666318555,17.550959604105465,0.8293924387874002,Au,PRUNED
2439,0.8333333333332666,2026-03-20 05:24:05.418220,2026-03-20 05:24:06.227166,0 days 00:00:00.808946,34.57294554990352,13.719394224126589,0.5113592648058478,Au,PRUNED
2440,0.0,2026-03-20 05:24:05.560941,2026-03-20 05:24:06.321850,0 days 00:00:00.760909,20.359985788433573,19.580602571794614,0.10435311950604065,Au,PRUNED
2441,0.0,2026-03-20 05:24:05.655081,2026-03-20 05:24:06.463351,0 days 00:00:00.808270,20.423235346759764,16.93376794651123,0.742087921854895,Au,PRUNED
2442,82.72058823529169,2026-03-20 05:24:05.710219,2026-03-20 05:24:06.478443,0 days 00:00:00.768224,24.95718572411977,19.893788799625703,0.6285104894090212,Au,PRUNED
2443,0.0,2026-03-20 05:24:06.320296,2026-03-20 05:24:07.276757,0 days 00:00:00.956461,44.6011379290581,19.79969302858654,0.8040717061874787,Au,PRUNED
2444,0.0,2026-03-20 05:24:06.275351,2026-03-20 05:24:07.397135,0 days 00:00:01.121784,21.444599842654664,16.142581736328307,0.5878804875481556,Au,PRUNED
2445,-3.0864197530859623,2026-03-20 05:24:06.372231,2026-03-20 05:24:07.492186,0 days 00:00:01.119955,22.6609584211648,19.881711743310827,0.5438929002095616,Au,PRUNED
2446,-441.2144702841686,2026-03-20 05:24:06.401503,2026-03-20 05:24:07.427394,0 days 00:00:01.025891,21.7576992096136,19.693182357071365,0.5318072715144804,Au,COMPLETE
2447,0.0,2026-03-20 05:24:06.433670,2026-03-20 05:24:07.349916,0 days 00:00:00.916246,31.980966787282597,17.541066362005356,0.8008862779768473,Au,PRUNED
2448,0.0,2026-03-20 05:24:06.515566,2026-03-20 05:24:07.397135,0 days 00:00:00.881569,37.507018868904105,17.378671829778703,0.9208992416723112,Au,PRUNED
2449,0.0,2026-03-20 05:24:06.557865,2026-03-20 05:24:07.587175,0 days 00:00:01.029310,39.191614303338284,19.340379191890033,0.9116288590970577,Au,PRUNED
2450,0.0,2026-03-20 05:24:06.589180,2026-03-20 05:24:07.468689,0 days 00:00:00.879509,20.02975468861903,17.262359076752773,0.633977709735986,Au,PRUNED
2451,-8.838383838382768,2026-03-20 05:24:07.368307,2026-03-20 05:24:08.369615,0 days 00:00:01.001308,26.080224680034853,19.136758627010472,0.30459106983285,Cu,PRUNED
2452,0.0,2026-03-20 05:24:07.510003,2026-03-20 05:24:08.412235,0 days 00:00:00.902232,21.557243962661584,16.174095202986305,0.37117250385679196,Au,PRUNED
2453,79.6568627450957,2026-03-20 05:24:07.557167,2026-03-20 05:24:08.413740,0 days 00:00:00.856573,34.082991686378456,15.84600137915033,0.3238468011077841,Au,PRUNED
2454,0.0,2026-03-20 05:24:07.623925,2026-03-20 05:24:08.617216,0 days 00:00:00.993291,47.61006516045376,19.528687835501735,0.3988915378867944,Au,PRUNED
2455,-11.79245283018779,2026-03-20 05:24:07.636595,2026-03-20 05:24:08.320282,0 days 00:00:00.683687,64.72300924378642,8.560626798177523,1.262746127688123,Cu,PRUNED
2456,0.0,2026-03-20 05:24:07.648465,2026-03-20 05:24:08.573707,0 days 00:00:00.925242,28.404552317392415,19.856575678768053,0.34923571025338984,Au,PRUNED
2457,-8.01282051281928,2026-03-20 05:24:07.719746,2026-03-20 05:24:08.572465,0 days 00:00:00.852719,22.148458225927417,19.871281903508976,0.5461163343006278,Au,PRUNED
2458,-2.2018970189701537,2026-03-20 05:24:07.844618,2026-03-20 05:24:08.666155,0 days 00:00:00.821537,106.35883866768674,11.156584353573418,0.360084487179016,Ag,PRUNED
2459,-381.19369369364284,2026-03-20 05:24:08.474572,2026-03-20 05:24:09.489795,0 days 00:00:01.015223,21.348865938614843,19.34948779367482,0.3921850537124356,Au,COMPLETE
2460,0.0,2026-03-20 05:24:08.509092,2026-03-20 05:24:09.382134,0 days 00:00:00.873042,39.258507308702434,18.832783438172267,0.11957558197185914,Au,PRUNED
2461,0.0,2026-03-20 05:24:08.542298,2026-03-20 05:24:09.606330,0 days 00:00:01.064032,95.20383258125162,19.008296022445364,0.6237055055448478,Ag,PRUNED
2462,80.88235294117409,2026-03-20 05:24:08.685167,2026-03-20 05:24:09.608869,0 days 00:00:00.923702,31.64622524607787,16.775339660922793,0.18763464298044924,Au,PRUNED
2463,-0.8992805755395424,2026-03-20 05:24:08.714786,2026-03-20 05:24:09.607349,0 days 00:00:00.892563,20.832498926234145,19.426966345178244,0.2930430011001745,Ag,PRUNED
2464,-386.13013698624883,2026-03-20 05:24:08.744454,2026-03-20 05:24:09.518413,0 days 00:00:00.773959,20.77076098921727,19.761467435830976,0.4318595607240766,Au,COMPLETE
2465,0.0,2026-03-20 05:24:08.760671,2026-03-20 05:24:09.610376,0 days 00:00:00.849705,40.145644809005276,18.0359526231312,0.3643134880754044,Au,PRUNED
2466,-437.4999999999331,2026-03-20 05:24:08.815031,2026-03-20 05:24:09.676848,0 days 00:00:00.861817,21.807518525140484,19.749771319541722,0.28741463621708097,Au,COMPLETE
2467,80.24691358024454,2026-03-20 05:24:09.521496,2026-03-20 05:24:10.459313,0 days 00:00:00.937817,31.49463391262698,17.55084699319849,0.3288281942319302,Au,PRUNED
2468,79.32098765431864,2026-03-20 05:24:09.697124,2026-03-20 05:24:10.678298,0 days 00:00:00.981174,33.60671199335475,16.611782521220515,0.5534705178335371,Au,PRUNED
2469,0.0,2026-03-20 05:24:09.726369,2026-03-20 05:24:10.693155,0 days 00:00:00.966786,32.518473353634505,17.727315691351123,0.5319405808937351,Au,PRUNED
2470,0.0,2026-03-20 05:24:09.768860,2026-03-20 05:24:10.681634,0 days 00:00:00.912774,22.016766165799634,16.72874918373375,0.2631925625415815,Au,PRUNED
2471,79.01234567901,2026-03-20 05:24:09.833351,2026-03-20 05:24:10.771868,0 days 00:00:00.938517,34.25920374749116,16.63391251008873,0.5370717129874101,Au,PRUNED
2472,0.0,2026-03-20 05:24:09.864164,2026-03-20 05:24:10.676543,0 days 00:00:00.812379,21.00577634530133,19.10704278829704,0.19640436940920608,Au,PRUNED
2473,0.0,2026-03-20 05:24:09.893407,2026-03-20 05:24:10.676034,0 days 00:00:00.782627,39.516148124975004,19.728766692443997,0.1438638867308798,Au,PRUNED
2474,79.62962962962726,2026-03-20 05:24:09.918606,2026-03-20 05:24:10.789963,0 days 00:00:00.871357,33.564486726401675,16.757869920770197,0.30324294370750554,Au,PRUNED
2475,0.0,2026-03-20 05:24:10.626102,2026-03-20 05:24:11.631218,0 days 00:00:01.005116,20.569517165269858,17.003887613167976,0.30694367124041466,Au,PRUNED
2476,23.648648648648287,2026-03-20 05:24:10.794055,2026-03-20 05:24:11.927159,0 days 00:00:01.133104,57.791613666512646,19.291570600584976,1.382604571883259,Ag,PRUNED
2477,0.0,2026-03-20 05:24:10.884582,2026-03-20 05:24:11.818883,0 days 00:00:00.934301,31.75168874676011,19.96715813888394,0.35610391179085765,Au,PRUNED
2478,80.55555555555317,2026-03-20 05:24:10.962603,2026-03-20 05:24:11.818340,0 days 00:00:00.855737,31.6973544363885,16.93598730939801,0.6260176851331377,Au,PRUNED
2479,-417.27941176464446,2026-03-20 05:24:10.994297,2026-03-20 05:24:11.816825,0 days 00:00:00.822528,21.143159962955377,19.74839249834645,0.5537337324451056,Au,COMPLETE
2480,0.0,2026-03-20 05:24:11.024395,2026-03-20 05:24:11.926154,0 days 00:00:00.901759,20.108215756158828,19.885392372111006,0.40737235339953115,Au,PRUNED
2481,0.0,2026-03-20 05:24:11.080106,2026-03-20 05:24:11.768859,0 days 00:00:00.688753,20.128853139853863,19.987874737989177,0.3202138182014189,Au,PRUNED
2482,0.0,2026-03-20 05:24:11.072098,2026-03-20 05:24:11.959368,0 days 00:00:00.887270,46.365544135836885,19.991540422920096,0.45724229225637847,Au,PRUNED
2483,0.0,2026-03-20 05:24:11.718300,2026-03-20 05:24:12.756277,0 days 00:00:01.037977,33.584879093256,19.740311330678654,0.2384824000921032,Au,PRUNED
2484,0.0,2026-03-20 05:24:11.865455,2026-03-20 05:24:12.552706,0 days 00:00:00.687251,38.08793841899236,19.89731755991098,0.4316192402434459,Au,PRUNED
2485,0.0,2026-03-20 05:24:11.962398,2026-03-20 05:24:12.915691,0 days 00:00:00.953293,20.381747980527614,19.444065098825853,0.647587167633992,Au,PRUNED
2486,0.0,2026-03-20 05:24:12.011085,2026-03-20 05:24:12.961091,0 days 00:00:00.950006,31.29077687931118,19.815242330223615,0.5143270155221875,Au,PRUNED
2487,0.0,2026-03-20 05:24:12.037825,2026-03-20 05:24:12.852628,0 days 00:00:00.814803,44.95691107668037,19.987308372525867,0.599528036185385,Au,PRUNED
2488,0.0,2026-03-20 05:24:12.070366,2026-03-20 05:24:13.241892,0 days 00:00:01.171526,36.32266302221714,17.4314824681167,0.6388554759057139,Au,PRUNED
2489,17.696267696267423,2026-03-20 05:24:12.105187,2026-03-20 05:24:12.870494,0 days 00:00:00.765307,78.63377620575433,11.964826985310038,0.5761199724984543,Cu,PRUNED
2490,0.0,2026-03-20 05:24:12.147390,2026-03-20 05:24:13.035284,0 days 00:00:00.887894,32.23034956256434,19.970782254629537,0.8307242664432192,Au,PRUNED
2491,0.0,2026-03-20 05:24:12.706133,2026-03-20 05:24:13.567261,0 days 00:00:00.861128,34.28694282220788,19.939693932833194,0.5333594896392593,Au,PRUNED
2492,0.0,2026-03-20 05:24:12.869492,2026-03-20 05:24:13.929609,0 days 00:00:01.060117,21.98660540857514,13.236885596306003,0.7080864709214857,Au,PRUNED
2493,-377.79642058160425,2026-03-20 05:24:12.914689,2026-03-20 05:24:13.885484,0 days 00:00:00.970795,20.097353089420757,19.989654439598894,0.6510462458828181,Au,COMPLETE
2494,0.0,2026-03-20 05:24:13.071726,2026-03-20 05:24:13.788105,0 days 00:00:00.716379,21.065403325729676,17.836730207504846,0.4989719211020264,Au,PRUNED
2495,0.0,2026-03-20 05:24:13.102621,2026-03-20 05:24:13.929076,0 days 00:00:00.826455,33.15266555215851,18.082022005628218,0.5430124139260887,Au,PRUNED
2496,0.0,2026-03-20 05:24:13.156499,2026-03-20 05:24:13.994756,0 days 00:00:00.838257,22.058072706549932,13.378853410899858,0.7557413643233141,Au,PRUNED
2497,-388.79310344822244,2026-03-20 05:24:13.147929,2026-03-20 05:24:14.013867,0 days 00:00:00.865938,21.339101046424286,19.64965686742128,0.11518112407661107,Au,COMPLETE
2498,0.0,2026-03-20 05:24:13.442759,2026-03-20 05:24:14.437393,0 days 00:00:00.994634,33.00836551259636,19.987943466250503,0.26895486052709217,Au,PRUNED
2499,81.18872549019368,2026-03-20 05:24:13.654285,2026-03-20 05:24:14.722344,0 days 00:00:01.068059,29.764361850162704,17.256431284138642,0.5881115529523997,Au,PRUNED
2500,0.0,2026-03-20 05:24:13.856957,2026-03-20 05:24:15.219927,0 days 00:00:01.362970,20.230223131296306,17.36211964015997,0.3374960945351314,Au,PRUNED
2501,0.0,2026-03-20 05:24:14.061386,2026-03-20 05:24:14.819329,0 days 00:00:00.757943,36.66642929875967,19.966917980814113,0.5128030311845682,Au,PRUNED
2502,-398.1807511736532,2026-03-20 05:24:14.086760,2026-03-20 05:24:14.950763,0 days 00:00:00.864003,20.569287964045586,19.92188711230636,0.5936097750294125,Au,COMPLETE
2503,0.0,2026-03-20 05:24:14.119964,2026-03-20 05:24:14.950763,0 days 00:00:00.830799,34.96037652962918,19.79038639780645,0.6350479557701911,Au,PRUNED
2504,0.0,2026-03-20 05:24:14.166338,2026-03-20 05:24:15.082239,0 days 00:00:00.915901,20.65875809344694,19.422857117553086,0.42835494885091724,Au,PRUNED
2505,0.0,2026-03-20 05:24:14.245856,2026-03-20 05:24:15.020231,0 days 00:00:00.774375,36.3136845774925,19.76712353003206,0.4493212777852259,Au,PRUNED
2506,-362.9032258064048,2026-03-20 05:24:14.533750,2026-03-20 05:24:15.334622,0 days 00:00:00.800872,20.619093665955464,19.57821357720858,0.514465882097823,Au,PRUNED
2507,0.0,2026-03-20 05:24:14.831395,2026-03-20 05:24:15.771879,0 days 00:00:00.940484,20.023460545721925,19.806040284266366,0.7220300431599798,Au,PRUNED
2508,0.0,2026-03-20 05:24:14.905992,2026-03-20 05:24:15.771879,0 days 00:00:00.865887,20.961567023624948,17.356091943328114,0.43655884446824605,Au,PRUNED
2509,0.8333333333332666,2026-03-20 05:24:15.039813,2026-03-20 05:24:15.939370,0 days 00:00:00.899557,32.96264174437957,16.860829299561292,0.7803831395804347,Cu,PRUNED
2510,-30.448717948713263,2026-03-20 05:24:15.084249,2026-03-20 05:24:16.063438,0 days 00:00:00.979189,37.549068218867774,17.99683036152698,0.5893337797750762,Ag,PRUNED
2511,0.0,2026-03-20 05:24:15.194785,2026-03-20 05:24:16.110625,0 days 00:00:00.915840,20.939090469701842,16.74453930284644,0.8426446528766091,Au,PRUNED
2512,3.144654088050077,2026-03-20 05:24:15.240580,2026-03-20 05:24:16.109115,0 days 00:00:00.868535,38.36530162884202,16.36571042303526,0.9632339483444169,Cu,PRUNED
2513,0.0,2026-03-20 05:24:15.305143,2026-03-20 05:24:16.110117,0 days 00:00:00.804974,33.17835653987965,17.017479473906377,0.8981372329154611,Au,PRUNED
2514,0.0,2026-03-20 05:24:15.399364,2026-03-20 05:24:16.206005,0 days 00:00:00.806641,35.914659248307416,17.44404338617521,0.860073003539945,Au,PRUNED
2515,0.0,2026-03-20 05:24:15.852954,2026-03-20 05:24:17.132406,0 days 00:00:01.279452,31.36829058323743,19.96718716956054,0.633432832044225,Au,PRUNED
2516,0.0,2026-03-20 05:24:15.957077,2026-03-20 05:24:17.166171,0 days 00:00:01.209094,21.16875352729328,17.182404245151055,0.5133514956135006,Au,PRUNED
2517,0.0,2026-03-20 05:24:16.025092,2026-03-20 05:24:17.013633,0 days 00:00:00.988541,20.220894313200326,16.387257201620685,0.7698514547281011,Au,PRUNED
2518,0.0,2026-03-20 05:24:16.177748,2026-03-20 05:24:17.352838,0 days 00:00:01.175090,20.80200175676048,17.172598343862454,0.364718944881167,Au,PRUNED
2519,0.0,2026-03-20 05:24:16.245671,2026-03-20 05:24:17.097559,0 days 00:00:00.851888,20.896797433191864,18.16182580309246,0.4616032506106448,Cu,PRUNED
2520,-329.65686274505924,2026-03-20 05:24:16.256212,2026-03-20 05:24:17.132406,0 days 00:00:00.876194,22.6110074199106,17.78476645662118,0.5445144556483144,Au,PRUNED
2521,0.0,2026-03-20 05:24:16.311887,2026-03-20 05:24:17.060049,0 days 00:00:00.748162,35.12348819335129,19.95406886656788,0.9353996098119937,Au,PRUNED
2522,80.88235294117409,2026-03-20 05:24:16.375926,2026-03-20 05:24:17.148044,0 days 00:00:00.772118,30.123379707910722,17.304986718567235,0.6023591863798172,Au,PRUNED
2523,0.0,2026-03-20 05:24:17.148553,2026-03-20 05:24:18.155274,0 days 00:00:01.006721,20.074879965022888,18.721077881775994,0.4670843448827617,Au,PRUNED
2524,-395.3962703962157,2026-03-20 05:24:17.232881,2026-03-20 05:24:18.358982,0 days 00:00:01.126101,20.84942837501078,19.710253963484625,0.5597282508300604,Au,COMPLETE
2525,0.0,2026-03-20 05:24:17.259298,2026-03-20 05:24:18.385100,0 days 00:00:01.125802,38.53962674300239,19.865371723974345,0.7175419049217195,Au,PRUNED
2526,1.436781609195204,2026-03-20 05:24:17.268884,2026-03-20 05:24:18.252210,0 days 00:00:00.983326,23.434019347042998,19.843548607004713,0.4422384446443137,Au,PRUNED
2527,-401.004728132331,2026-03-20 05:24:17.290709,2026-03-20 05:24:18.252714,0 days 00:00:00.962005,21.12884508969074,19.98734967547762,0.10363114121168351,Au,COMPLETE
2528,0.0,2026-03-20 05:24:17.294722,2026-03-20 05:24:18.447138,0 days 00:00:01.152416,21.227252720479616,14.657448640181762,0.163799056107431,Au,PRUNED
2529,-423.50746268650437,2026-03-20 05:24:17.389021,2026-03-20 05:24:18.249431,0 days 00:00:00.860410,21.07606529167154,19.896995555909633,0.49210140881626546,Au,COMPLETE
2530,80.26960784313488,2026-03-20 05:24:17.486141,2026-03-20 05:24:18.109441,0 days 00:00:00.623300,32.673653756831634,16.600254344887986,0.1973950030636586,Au,PRUNED
2531,0.0,2026-03-20 05:24:18.184933,2026-03-20 05:24:19.104438,0 days 00:00:00.919505,32.65228375683114,19.63837877890129,0.97913242645274,Au,PRUNED
2532,0.0,2026-03-20 05:24:18.217107,2026-03-20 05:24:18.318079,0 days 00:00:00.100972,35.56034200489248,19.94908077731186,0.6139970473401108,Cu,PRUNED
2533,0.0,2026-03-20 05:24:18.336611,2026-03-20 05:24:18.931435,0 days 00:00:00.594824,20.366014632430293,19.780541333229337,0.39765931680162797,Cu,PRUNED
2534,83.33333333333088,2026-03-20 05:24:18.380147,2026-03-20 05:24:19.212389,0 days 00:00:00.832242,23.766360973332098,19.816973263183897,0.7154550542794058,Au,PRUNED
2535,0.0,2026-03-20 05:24:18.285241,2026-03-20 05:24:19.258406,0 days 00:00:00.973165,34.31704556508955,19.847261114577417,0.9429516904341686,Au,PRUNED
2536,0.0,2026-03-20 05:24:18.624235,2026-03-20 05:24:19.699484,0 days 00:00:01.075249,20.401761941655405,18.168338042904555,0.8119444263812436,Au,PRUNED
2537,-9.615384615383135,2026-03-20 05:24:18.652778,2026-03-20 05:24:19.700482,0 days 00:00:01.047704,21.151713028109203,19.816011212893756,1.129718416545276,Au,PRUNED
2538,-9.848484848484132,2026-03-20 05:24:18.879126,2026-03-20 05:24:19.776255,0 days 00:00:00.897129,25.68242932753706,18.145580147134673,0.6123297515360517,Ag,PRUNED
2539,0.0,2026-03-20 05:24:18.982518,2026-03-20 05:24:19.808830,0 days 00:00:00.826312,39.53038726778884,19.978140744770666,0.3084923630207436,Au,PRUNED
2540,0.0,2026-03-20 05:24:19.063153,2026-03-20 05:24:19.810343,0 days 00:00:00.747190,20.496257637984122,17.195176439186547,0.8166361146860992,Au,PRUNED
2541,0.0,2026-03-20 05:24:19.247890,2026-03-20 05:24:20.026230,0 days 00:00:00.778340,36.65894910849134,19.767879523679948,0.7882198109938281,Au,PRUNED
2542,-13.071895424835576,2026-03-20 05:24:19.288420,2026-03-20 05:24:20.494828,0 days 00:00:01.206408,45.56500727599774,10.127475229291411,0.549660868915283,Cu,PRUNED
2543,0.0,2026-03-20 05:24:19.340642,2026-03-20 05:24:20.403166,0 days 00:00:01.062524,39.77325934556447,19.945708972637757,0.3324145085494261,Au,PRUNED
2544,-407.9736211030594,2026-03-20 05:24:19.853122,2026-03-20 05:24:20.744735,0 days 00:00:00.891613,20.36699562248763,19.5045710086474,1.4050234718169552,Au,COMPLETE
2545,2.873563218390408,2026-03-20 05:24:19.871616,2026-03-20 05:24:20.690430,0 days 00:00:00.818814,22.405895205949324,19.991785724924814,1.122641138832987,Au,PRUNED
2546,83.33333333333088,2026-03-20 05:24:19.901250,2026-03-20 05:24:20.842161,0 days 00:00:00.940911,24.11109283577136,19.923568180522725,0.43605287256759073,Au,PRUNED
2547,-3.0864197530859623,2026-03-20 05:24:19.919819,2026-03-20 05:24:20.889453,0 days 00:00:00.969634,22.3145206056159,19.801138746787128,0.84930447073448,Au,PRUNED
2548,0.0,2026-03-20 05:24:19.950446,2026-03-20 05:24:20.784013,0 days 00:00:00.833567,32.104171334901366,19.97544577337662,0.5227929180936783,Au,PRUNED
2549,-4.629629629628944,2026-03-20 05:24:20.167715,2026-03-20 05:24:21.353339,0 days 00:00:01.185624,22.005644106912452,19.973316471750028,0.8570961224129189,Au,PRUNED
2550,0.0,2026-03-20 05:24:20.581599,2026-03-20 05:24:21.534502,0 days 00:00:00.952903,32.639784784358,19.80749038669522,0.7244543911102761,Au,PRUNED
2551,80.86419753086179,2026-03-20 05:24:20.617809,2026-03-20 05:24:21.471193,0 days 00:00:00.853384,29.949234160741057,17.69214638034835,0.6477121692952212,Au,PRUNED
2552,0.0,2026-03-20 05:24:20.817065,2026-03-20 05:24:21.819394,0 days 00:00:01.002329,20.067865464439937,16.91252722829344,0.5804887095550488,Au,PRUNED
2553,0.0,2026-03-20 05:24:20.860349,2026-03-20 05:24:22.392514,0 days 00:00:01.532165,20.404352497897456,19.20166556375716,0.4952400241381757,Au,PRUNED
2554,0.0,2026-03-20 05:24:20.892451,2026-03-20 05:24:22.080987,0 days 00:00:01.188536,30.20773613495942,19.931193277731296,0.560772885990492,Au,PRUNED
2555,0.0,2026-03-20 05:24:20.970811,2026-03-20 05:24:22.193137,0 days 00:00:01.222326,36.00453809778105,19.91892555445916,0.43166377773469056,Au,PRUNED
2556,0.0,2026-03-20 05:24:21.026598,2026-03-20 05:24:22.021779,0 days 00:00:00.995181,20.80121154860267,16.73036501587583,0.4491676506062428,Au,PRUNED
2557,-440.89147286814887,2026-03-20 05:24:21.478203,2026-03-20 05:24:22.541633,0 days 00:00:01.063430,21.457958787986673,19.89182114675337,0.4176977467133479,Au,COMPLETE
2558,0.0,2026-03-20 05:24:21.614258,2026-03-20 05:24:22.488121,0 days 00:00:00.873863,33.74915802196489,19.784564412786796,0.5289656641348436,Au,PRUNED
2559,79.01234567901,2026-03-20 05:24:21.871721,2026-03-20 05:24:22.899199,0 days 00:00:01.027478,34.062079732759685,16.889829814014433,0.41571598539332266,Au,PRUNED
2560,-3.0864197530859623,2026-03-20 05:24:21.968738,2026-03-20 05:24:22.782894,0 days 00:00:00.814156,22.74075605858031,19.95895723190504,0.5064826885997308,Au,PRUNED
2561,2.873563218390408,2026-03-20 05:24:22.158101,2026-03-20 05:24:23.323410,0 days 00:00:01.165309,23.497772703315338,19.9400236380459,0.39981891388573787,Au,PRUNED
2562,-13.88888888888786,2026-03-20 05:24:22.291840,2026-03-20 05:24:23.089319,0 days 00:00:00.797479,42.71615251245453,8.173985149673403,0.8085055318674619,Au,PRUNED
2563,80.88235294117409,2026-03-20 05:24:22.320978,2026-03-20 05:24:23.356370,0 days 00:00:01.035392,31.503278979308863,16.523473673962204,0.32289777485298,Au,PRUNED
2564,0.0,2026-03-20 05:24:22.467798,2026-03-20 05:24:23.074280,0 days 00:00:00.606482,20.29193120930229,19.778347880988306,0.42207902151444443,Au,PRUNED
2565,-8.333333333332,2026-03-20 05:24:22.604487,2026-03-20 05:24:23.134535,0 days 00:00:00.530048,22.099721646910375,19.915543290855194,0.4492289414006923,Au,PRUNED
2566,-0.8741258741258496,2026-03-20 05:24:22.732807,2026-03-20 05:24:23.529203,0 days 00:00:00.796396,51.34799729917859,16.695996420245166,0.43888373002167314,Au,PRUNED
2567,0.0,2026-03-20 05:24:22.825850,2026-03-20 05:24:23.668931,0 days 00:00:00.843081,34.57317810005789,18.241410274216808,0.41234794006051856,Au,PRUNED
2568,-410.62801932361236,2026-03-20 05:24:23.089319,2026-03-20 05:24:23.996333,0 days 00:00:00.907014,21.350107531992045,19.737236869097217,0.30828812473585854,Au,COMPLETE
2569,0.0,2026-03-20 05:24:23.190498,2026-03-20 05:24:23.915313,0 days 00:00:00.724815,49.627343369259265,17.64491269966304,0.6595271856273008,Au,PRUNED
2570,0.0,2026-03-20 05:24:23.230536,2026-03-20 05:24:24.517763,0 days 00:00:01.287227,20.083155259156005,19.152686597145596,0.27081645057233783,Au,PRUNED
2571,0.0,2026-03-20 05:24:23.251702,2026-03-20 05:24:24.280169,0 days 00:00:01.028467,32.1418046767194,19.657343452999708,0.1580239021089207,Au,PRUNED
2572,0.0,2026-03-20 05:24:23.461949,2026-03-20 05:24:24.266004,0 days 00:00:00.804055,20.446067493754065,17.396187566202734,0.3730124915052231,Au,PRUNED
2573,0.0,2026-03-20 05:24:23.544346,2026-03-20 05:24:24.327546,0 days 00:00:00.783200,20.821741818963737,19.10985573715407,0.27035588820680223,Au,PRUNED
2574,80.88235294117409,2026-03-20 05:24:23.580055,2026-03-20 05:24:24.247805,0 days 00:00:00.667750,30.70536567334451,17.017861427787153,0.48235208519592676,Au,PRUNED
2575,79.93827160493589,2026-03-20 05:24:23.755053,2026-03-20 05:24:24.795484,0 days 00:00:01.040431,31.8970461551503,17.889477477829015,0.1259694148941739,Au,PRUNED
2576,-11.904761904760933,2026-03-20 05:24:24.024260,2026-03-20 05:24:24.927400,0 days 00:00:00.903140,67.68792923233632,5.5384712994635095,1.7823188314090979,Cu,PRUNED
2577,0.0,2026-03-20 05:24:24.345697,2026-03-20 05:24:25.041684,0 days 00:00:00.695987,20.271370038443088,17.736662563616242,0.6400852193885567,Au,PRUNED
2578,0.0,2026-03-20 05:24:24.372062,2026-03-20 05:24:25.393434,0 days 00:00:01.021372,42.613159958651025,17.141986029462284,0.47635045865333814,Au,PRUNED
2579,0.0,2026-03-20 05:24:24.390636,2026-03-20 05:24:25.500357,0 days 00:00:01.109721,33.419891122336516,19.622136581025508,0.10730023748482659,Au,PRUNED
2580,0.0,2026-03-20 05:24:24.422026,2026-03-20 05:24:25.255988,0 days 00:00:00.833962,20.264457976386346,16.508818924089187,0.6131635414952779,Au,PRUNED
2581,-0.721500721500709,2026-03-20 05:24:24.576902,2026-03-20 05:24:25.394527,0 days 00:00:00.817625,71.79698220135248,19.58713276089735,0.43398135636081187,Au,PRUNED
2582,0.0,2026-03-20 05:24:24.596379,2026-03-20 05:24:25.815280,0 days 00:00:01.218901,32.70450912535179,19.980069748035373,0.4529908804441567,Au,PRUNED
2583,0.0,2026-03-20 05:24:24.954012,2026-03-20 05:24:25.764304,0 days 00:00:00.810292,20.322562627519762,17.21556338233236,0.21724247475770042,Au,PRUNED
2584,0.0,2026-03-20 05:24:25.023097,2026-03-20 05:24:25.725018,0 days 00:00:00.701921,31.490442577503792,19.838725406867752,0.17694550133678738,Au,PRUNED
2585,-17.15686274509602,2026-03-20 05:24:25.190577,2026-03-20 05:24:25.861938,0 days 00:00:00.671361,82.69083397431307,9.524363246310582,1.9048502896640378,Ag,PRUNED
2586,0.0,2026-03-20 05:24:25.325908,2026-03-20 05:24:26.241092,0 days 00:00:00.915184,20.01926337908419,19.13772164464468,0.3234594491111582,Au,PRUNED
2587,0.0,2026-03-20 05:24:25.630272,2026-03-20 05:24:26.456077,0 days 00:00:00.825805,33.250180856170374,19.96352695854572,0.5701969762574846,Au,PRUNED
2588,-11.217948717946992,2026-03-20 05:24:25.593536,2026-03-20 05:24:26.456077,0 days 00:00:00.862541,22.087268868370085,19.96376060090165,0.3185906970562727,Au,PRUNED
2589,70.25547445255269,2026-03-20 05:24:25.675558,2026-03-20 05:24:26.549187,0 days 00:00:00.873629,44.176588399519716,13.29825265608176,0.14604154088951815,Au,PRUNED
2590,79.93827160493589,2026-03-20 05:24:25.835802,2026-03-20 05:24:26.582741,0 days 00:00:00.746939,31.98905346491837,17.333522770779975,0.4952757643858603,Au,PRUNED
2591,-416.66666666660535,2026-03-20 05:24:25.895129,2026-03-20 05:24:26.784367,0 days 00:00:00.889238,21.2280507194538,19.81318482163516,0.3652124320399638,Au,COMPLETE
2592,-407.3741007193657,2026-03-20 05:24:25.927916,2026-03-20 05:24:27.008578,0 days 00:00:01.080662,21.329442941749893,19.664478919498546,0.36507593005193023,Au,COMPLETE
2593,0.0,2026-03-20 05:24:25.959095,2026-03-20 05:24:26.777597,0 days 00:00:00.818502,35.1001359216464,17.118299042635993,0.4157576431301855,Au,PRUNED
2594,-448.49081364822314,2026-03-20 05:24:26.319413,2026-03-20 05:24:27.008578,0 days 00:00:00.689165,21.56655608442386,19.86717514959365,0.5989990614799368,Au,COMPLETE
2595,4.807692307691938,2026-03-20 05:24:26.615435,2026-03-20 05:24:27.289384,0 days 00:00:00.673949,32.297818609665185,15.456842809080332,0.6474176426929275,Au,PRUNED
2596,5.787037037036394,2026-03-20 05:24:26.661412,2026-03-20 05:24:27.456255,0 days 00:00:00.794843,29.320562448837254,16.39726172495142,0.7741880280436675,Au,PRUNED
2597,0.0,2026-03-20 05:24:26.687731,2026-03-20 05:24:27.541629,0 days 00:00:00.853898,29.59344550958871,19.985329802653233,0.6390695327872226,Au,PRUNED
2598,0.0,2026-03-20 05:24:26.723152,2026-03-20 05:24:27.337765,0 days 00:00:00.614613,20.132733357012633,17.609769973964667,0.7118319245739326,Au,PRUNED
2599,-26.234567901230683,2026-03-20 05:24:26.975742,2026-03-20 05:24:27.597981,0 days 00:00:00.622239,36.74492867930672,18.61409012337843,0.4661969106724083,Ag,PRUNED
2600,6.127450980391436,2026-03-20 05:24:26.956147,2026-03-20 05:24:27.922404,0 days 00:00:00.966257,29.347255637074536,16.966722799420932,0.11237207012528128,Au,PRUNED
2601,61.761229314419055,2026-03-20 05:24:27.144289,2026-03-20 05:24:28.241210,0 days 00:00:01.096921,42.167592143507086,16.76566204270743,0.629761468339427,Cu,PRUNED
2602,0.0,2026-03-20 05:24:27.260768,2026-03-20 05:24:28.243864,0 days 00:00:00.983096,21.26421622149672,13.83681263954714,0.4053507028185279,Au,PRUNED
2603,0.0,2026-03-20 05:24:27.413817,2026-03-20 05:24:28.345489,0 days 00:00:00.931672,20.331480489598892,19.1102540008859,0.6512961723923749,Au,PRUNED
2604,0.0,2026-03-20 05:24:27.475419,2026-03-20 05:24:28.437879,0 days 00:00:00.962460,46.02340497341392,19.91874649635027,0.45143310344913107,Au,PRUNED
2605,-361.55913978489957,2026-03-20 05:24:27.573863,2026-03-20 05:24:28.323778,0 days 00:00:00.749915,20.50882788478202,19.691832862698046,0.41453348619409375,Au,PRUNED
2606,0.0,2026-03-20 05:24:27.614542,2026-03-20 05:24:28.324779,0 days 00:00:00.710237,32.896869297468136,19.970431221463873,0.5871044318670944,Au,PRUNED
2607,0.0,2026-03-20 05:24:27.636626,2026-03-20 05:24:28.502807,0 days 00:00:00.866181,20.107493058816157,16.874032921138582,0.3812426592492526,Au,PRUNED
2608,0.0,2026-03-20 05:24:28.127490,2026-03-20 05:24:29.017292,0 days 00:00:00.889802,38.14579258266389,17.177942496047383,0.4206107107176363,Au,PRUNED
2609,0.0,2026-03-20 05:24:28.397238,2026-03-20 05:24:29.250644,0 days 00:00:00.853406,30.475709897140213,19.936008441351216,0.7222275843033259,Au,PRUNED
2610,0.0,2026-03-20 05:24:28.410280,2026-03-20 05:24:29.330034,0 days 00:00:00.919754,32.810305552859866,19.96129060246508,0.6143798987832806,Au,PRUNED
2611,0.0,2026-03-20 05:24:28.472629,2026-03-20 05:24:29.297062,0 days 00:00:00.824433,20.459216894279088,14.884647767162203,0.581166889645424,Au,PRUNED
2612,-0.8928571428571173,2026-03-20 05:24:28.522469,2026-03-20 05:24:29.181511,0 days 00:00:00.659042,20.039795240931735,16.11140925240906,0.532327736041308,Ag,PRUNED
2613,0.0,2026-03-20 05:24:28.553128,2026-03-20 05:24:29.438804,0 days 00:00:00.885676,20.382253215817244,19.772282892496925,0.6885721010972603,Cu,PRUNED
2614,0.0,2026-03-20 05:24:28.612406,2026-03-20 05:24:29.454468,0 days 00:00:00.842062,40.30377088226424,18.126058310371253,0.3191657316688077,Au,PRUNED
2615,-3.0864197530859623,2026-03-20 05:24:28.798473,2026-03-20 05:24:30.061517,0 days 00:00:01.263044,22.382655139454876,19.952447421617347,0.6463544160460295,Au,PRUNED
2616,0.0,2026-03-20 05:24:29.220096,2026-03-20 05:24:30.331192,0 days 00:00:01.111096,26.7483675838581,19.956796063622168,0.5178203097538899,Au,PRUNED
2617,0.0,2026-03-20 05:24:29.269300,2026-03-20 05:24:30.332203,0 days 00:00:01.062903,20.27622335585359,17.31529236748508,0.6149972160876107,Au,PRUNED
2618,-1.1990407673860566,2026-03-20 05:24:29.332987,2026-03-20 05:24:30.468683,0 days 00:00:01.135696,20.592886886005605,19.70021389293761,0.7747424818107144,Ag,PRUNED
2619,-27.298850574708876,2026-03-20 05:24:29.381923,2026-03-20 05:24:30.547116,0 days 00:00:01.165193,29.11439138530382,19.96126267913105,0.6596564111318216,Ag,PRUNED
2620,0.0,2026-03-20 05:24:29.409452,2026-03-20 05:24:30.254445,0 days 00:00:00.844993,20.1967738530845,16.281508120363668,0.6133453733704297,Au,PRUNED
2621,-383.5034013604926,2026-03-20 05:24:29.534768,2026-03-20 05:24:30.580718,0 days 00:00:01.045950,20.411806318559318,19.96223585012798,0.5039267751185305,Au,COMPLETE
2622,80.88235294117409,2026-03-20 05:24:29.762188,2026-03-20 05:24:30.839211,0 days 00:00:01.077023,31.210372542755348,16.414009606393112,0.5604161476179476,Au,PRUNED
2623,24.556400506970476,2026-03-20 05:24:30.356080,2026-03-20 05:24:31.284974,0 days 00:00:00.928894,69.94546313039912,9.033437925614054,1.0177014167860376,Au,PRUNED
2624,0.0,2026-03-20 05:24:30.298232,2026-03-20 05:24:31.404474,0 days 00:00:01.106242,38.34784717145715,17.142395160375898,0.3750360063175189,Au,PRUNED
2625,0.0,2026-03-20 05:24:30.518358,2026-03-20 05:24:31.595276,0 days 00:00:01.076918,20.173991979327592,18.754779236505605,0.47484902995014855,Au,PRUNED
2626,0.0,2026-03-20 05:24:30.670517,2026-03-20 05:24:31.596319,0 days 00:00:00.925802,20.180749652151313,15.853882775272897,1.5246229798814006,Au,PRUNED
2627,-383.7868480725106,2026-03-20 05:24:30.705646,2026-03-20 05:24:31.388747,0 days 00:00:00.683101,20.802004814296087,19.561105072787456,0.6126399567644562,Au,COMPLETE
2628,0.0,2026-03-20 05:24:30.735864,2026-03-20 05:24:31.596841,0 days 00:00:00.860977,37.3994841859505,19.850887353262085,0.7305228811809611,Au,PRUNED
2629,-3.0864197530859623,2026-03-20 05:24:30.988218,2026-03-20 05:24:32.104861,0 days 00:00:01.116643,22.99453904787297,19.94367826324803,0.31409432335313964,Au,PRUNED
2630,-0.6944444444444328,2026-03-20 05:24:31.030110,2026-03-20 05:24:32.220460,0 days 00:00:01.190350,90.49420413325976,19.026651532607094,0.7733882991310908,Au,PRUNED
2631,0.0,2026-03-20 05:24:31.488035,2026-03-20 05:24:32.269934,0 days 00:00:00.781899,20.223356810749213,17.56243560718946,0.5551192974509669,Au,PRUNED
2632,0.0,2026-03-20 05:24:31.517130,2026-03-20 05:24:32.287017,0 days 00:00:00.769887,20.253006550659645,19.618989301748602,0.3244129405606654,Au,PRUNED
2633,80.24691358024454,2026-03-20 05:24:31.706299,2026-03-20 05:24:32.534740,0 days 00:00:00.828441,31.62159525914605,17.319503644256947,0.44114073024498407,Au,PRUNED
2634,0.0,2026-03-20 05:24:31.762489,2026-03-20 05:24:32.533682,0 days 00:00:00.771193,20.074128143145607,19.2169126841215,0.3030420745407553,Au,PRUNED
2635,0.0,2026-03-20 05:24:31.800194,2026-03-20 05:24:32.936099,0 days 00:00:01.135905,20.541352623013818,17.094360930532027,0.11840300663975079,Au,PRUNED
2636,0.0,2026-03-20 05:24:31.833368,2026-03-20 05:24:33.187676,0 days 00:00:01.354308,48.774040582331075,17.31440471727091,0.6566779729830174,Au,PRUNED
2637,0.0,2026-03-20 05:24:32.315872,2026-03-20 05:24:33.221443,0 days 00:00:00.905571,35.7688926113672,17.937140239034967,0.5401759135442881,Au,PRUNED
2638,0.0,2026-03-20 05:24:32.381521,2026-03-20 05:24:33.080485,0 days 00:00:00.698964,20.61483687371187,17.739166527195998,0.5434468420974496,Au,PRUNED
2639,-0.8680555555555314,2026-03-20 05:24:32.428894,2026-03-20 05:24:33.162219,0 days 00:00:00.733325,53.0384106253927,16.55468832630992,0.6849117268579618,Au,PRUNED
2640,0.0,2026-03-20 05:24:32.475958,2026-03-20 05:24:33.642110,0 days 00:00:01.166152,22.732431339467343,16.714053029016846,0.11284449029988847,Au,PRUNED
2641,1.6666666666665333,2026-03-20 05:24:32.640515,2026-03-20 05:24:33.606860,0 days 00:00:00.966345,32.518334898380374,17.616562769547464,0.3185872666719531,Cu,PRUNED
2642,-410.92995169076204,2026-03-20 05:24:32.677065,2026-03-20 05:24:33.536263,0 days 00:00:00.859198,20.92555451293354,19.804522628562335,0.6091679648273567,Au,COMPLETE
2643,-2.4703557312252573,2026-03-20 05:24:33.120830,2026-03-20 05:24:33.943746,0 days 00:00:00.822916,97.1292956125022,3.990860246711799,1.1512353191950677,Au,PRUNED
2644,0.0,2026-03-20 05:24:33.378747,2026-03-20 05:24:34.649727,0 days 00:00:01.270980,34.90796579160963,17.360245493304888,0.42612188851442706,Au,PRUNED
2645,0.0,2026-03-20 05:24:33.379798,2026-03-20 05:24:34.168479,0 days 00:00:00.788681,20.283854072548493,17.64835134591351,0.42692451700531986,Au,PRUNED
2646,83.02696078431127,2026-03-20 05:24:33.448974,2026-03-20 05:24:34.141695,0 days 00:00:00.692721,23.35283669291837,19.886583575420357,1.5056232497455626,Au,PRUNED
2647,-407.3741007193657,2026-03-20 05:24:33.474601,2026-03-20 05:24:34.241769,0 days 00:00:00.767168,20.859864116913982,19.861159632440557,0.5219106846093919,Au,COMPLETE
2648,0.0,2026-03-20 05:24:33.714324,2026-03-20 05:24:34.605244,0 days 00:00:00.890920,34.412062953073395,19.976980123502393,1.5686923696726345,Au,PRUNED
2649,-19.097222222219038,2026-03-20 05:24:33.830915,2026-03-20 05:24:34.774817,0 days 00:00:00.943902,84.12874636331497,4.69797385057268,1.9379600208209147,Ag,PRUNED
2650,0.0,2026-03-20 05:24:33.845517,2026-03-20 05:24:34.791994,0 days 00:00:00.946477,34.7887128891381,19.83303424627358,0.41178959481870203,Au,PRUNED
2651,0.0,2026-03-20 05:24:34.200277,2026-03-20 05:24:35.152488,0 days 00:00:00.952211,32.59197233150836,17.752210512247498,0.7425335703053677,Au,PRUNED
2652,0.0,2026-03-20 05:24:34.279957,2026-03-20 05:24:35.167100,0 days 00:00:00.887143,38.88625991532017,19.92459276034307,0.48633675078267863,Au,PRUNED
2653,0.0,2026-03-20 05:24:34.374969,2026-03-20 05:24:35.525936,0 days 00:00:01.150967,38.04130559861264,19.876107454215038,0.2762674102966062,Au,PRUNED
2654,-4.629629629628944,2026-03-20 05:24:34.504243,2026-03-20 05:24:35.464491,0 days 00:00:00.960248,22.55448857604122,19.95233814824402,0.46195045168579235,Au,PRUNED
2655,-11.217948717946992,2026-03-20 05:24:34.765513,2026-03-20 05:24:35.573661,0 days 00:00:00.808148,21.768147084286255,19.73782659655566,0.5958534275022117,Au,PRUNED
2656,0.0,2026-03-20 05:24:34.856626,2026-03-20 05:24:35.930379,0 days 00:00:01.073753,38.608973670469545,19.823437801932418,0.688524553079404,Au,PRUNED
2657,0.0,2026-03-20 05:24:34.917053,2026-03-20 05:24:35.891742,0 days 00:00:00.974689,20.008557320968926,17.67652364607023,0.7471535891507457,Au,PRUNED
2658,0.0,2026-03-20 05:24:34.950890,2026-03-20 05:24:35.931390,0 days 00:00:00.980500,33.06241679168279,19.935494304418185,0.5072843041268466,Au,PRUNED
2659,0.0,2026-03-20 05:24:35.294812,2026-03-20 05:24:36.584395,0 days 00:00:01.289583,35.751213388492516,16.65280480423066,1.615091390674976,Au,PRUNED
2660,-24.999999999995,2026-03-20 05:24:35.497132,2026-03-20 05:24:36.271098,0 days 00:00:00.773966,60.89751203286127,9.023607684227247,1.1862156534943915,Ag,PRUNED
2661,4.844961240309627,2026-03-20 05:24:35.604308,2026-03-20 05:24:36.521936,0 days 00:00:00.917628,43.38904233432042,19.61455800157598,0.3887222007014935,Ag,PRUNED
2662,0.0,2026-03-20 05:24:35.637402,2026-03-20 05:24:36.943555,0 days 00:00:01.306153,26.731620993486555,19.99906861059206,0.7709434543693441,Au,PRUNED
2663,0.0,2026-03-20 05:24:35.767244,2026-03-20 05:24:36.927792,0 days 00:00:01.160548,39.2972803428577,19.970126216723337,0.34596931805188214,Au,PRUNED
2664,80.55555555555317,2026-03-20 05:24:36.073534,2026-03-20 05:24:37.094529,0 days 00:00:01.020995,31.297494429735806,17.142587042434347,0.6083027188912346,Au,PRUNED
2665,-1.1990407673860566,2026-03-20 05:24:36.103270,2026-03-20 05:24:36.778994,0 days 00:00:00.675724,21.665359217846188,19.33798076630268,0.5548183418319645,Ag,PRUNED
2666,0.0,2026-03-20 05:24:36.173119,2026-03-20 05:24:37.331484,0 days 00:00:01.158365,36.77316025900539,19.728225944520577,0.24203658623852858,Au,PRUNED
2667,0.0,2026-03-20 05:24:36.395823,2026-03-20 05:24:37.425832,0 days 00:00:01.030009,20.09541594407813,19.751387263510363,0.7167964436585208,Au,PRUNED
2668,79.32098765431864,2026-03-20 05:24:36.664179,2026-03-20 05:24:37.346084,0 days 00:00:00.681905,34.053170789518205,16.501105118879746,0.4989667773379188,Au,PRUNED
2669,0.0,2026-03-20 05:24:36.694911,2026-03-20 05:24:37.783368,0 days 00:00:01.088457,33.73557641840231,16.968680286173704,0.5790780853239474,Au,PRUNED
2670,0.0,2026-03-20 05:24:36.832302,2026-03-20 05:24:38.030942,0 days 00:00:01.198640,35.51813264691159,17.904010543308708,0.5038698563368594,Au,PRUNED
2671,26.15914786967379,2026-03-20 05:24:36.997253,2026-03-20 05:24:38.000754,0 days 00:00:01.003501,53.359912138470236,13.746464502493627,1.248786930150023,Cu,PRUNED
2672,0.0,2026-03-20 05:24:37.109093,2026-03-20 05:24:38.304997,0 days 00:00:01.195904,36.890192104259654,19.98268888576498,0.6977630926582968,Au,PRUNED
2673,-1.4880952380950254,2026-03-20 05:24:37.308658,2026-03-20 05:24:38.302845,0 days 00:00:00.994187,22.799957979625134,19.996339469780317,0.4764212522110466,Au,PRUNED
2674,-448.16272965872184,2026-03-20 05:24:37.441389,2026-03-20 05:24:38.440291,0 days 00:00:00.998902,21.499302134777956,19.998297948909123,0.3449861597182903,Au,COMPLETE
2675,-329.65686274505924,2026-03-20 05:24:37.473614,2026-03-20 05:24:38.365043,0 days 00:00:00.891429,22.231316654578535,16.979670108168584,1.571593204207859,Au,PRUNED
2676,0.0,2026-03-20 05:24:37.518506,2026-03-20 05:24:38.410161,0 days 00:00:00.891655,29.904333430016813,19.914005395325873,0.6443694099098419,Au,PRUNED
2677,83.02696078431127,2026-03-20 05:24:38.167341,2026-03-20 05:24:39.552865,0 days 00:00:01.385524,25.191879869509712,19.857005221088674,0.296039509821882,Au,PRUNED
2678,0.0,2026-03-20 05:24:38.210816,2026-03-20 05:24:39.656238,0 days 00:00:01.445422,20.170499081720298,15.88860835355247,0.5467899666066952,Au,PRUNED
2679,-2.008032128514024,2026-03-20 05:24:38.247096,2026-03-20 05:24:39.220222,0 days 00:00:00.973126,95.17412085311815,5.113828188714422,1.6656404307442658,Cu,PRUNED
2680,79.62962962962726,2026-03-20 05:24:38.506544,2026-03-20 05:24:39.797370,0 days 00:00:01.290826,32.60444920689535,17.421114820791235,0.2868853949803458,Au,PRUNED
2681,0.0,2026-03-20 05:24:38.552868,2026-03-20 05:24:39.672052,0 days 00:00:01.119184,34.50006681425236,17.834096401510447,0.18862125175355005,Au,PRUNED
2682,0.0,2026-03-20 05:24:38.582274,2026-03-20 05:24:39.825449,0 days 00:00:01.243175,20.640952666945886,17.19863777977208,0.32704967920294215,Au,PRUNED
2683,-386.41552511410265,2026-03-20 05:24:38.665584,2026-03-20 05:24:39.657314,0 days 00:00:00.991730,20.290665512343182,19.96160237080006,0.6484562988281087,Au,COMPLETE
2684,0.0,2026-03-20 05:24:38.785073,2026-03-20 05:24:39.937379,0 days 00:00:01.152306,40.05991206563609,19.925449146323526,0.3080678312193976,Au,PRUNED
2685,-2.2018970189701537,2026-03-20 05:24:39.398138,2026-03-20 05:24:40.327221,0 days 00:00:00.929083,108.62109235146247,1.5571090117806055,1.831676431529873,Au,PRUNED
2686,-4.901960784313341,2026-03-20 05:24:39.620995,2026-03-20 05:24:40.626608,0 days 00:00:01.005613,38.01149672689759,14.804702647670865,0.4058099218269013,Cu,PRUNED
2687,0.0,2026-03-20 05:24:39.762077,2026-03-20 05:24:40.576236,0 days 00:00:00.814159,30.659294510996478,19.906723998008445,0.1288806721543106,Au,PRUNED
2688,0.0,2026-03-20 05:24:39.847245,2026-03-20 05:24:40.937684,0 days 00:00:01.090439,21.092279513576788,18.066252741108965,0.2669646064596626,Au,PRUNED
2689,-27.298850574708876,2026-03-20 05:24:39.892279,2026-03-20 05:24:40.784141,0 days 00:00:00.891862,29.631252610706365,19.95932750353964,0.4550836642259203,Ag,PRUNED
2690,-5.050505050504438,2026-03-20 05:24:39.909063,2026-03-20 05:24:40.826294,0 days 00:00:00.917231,26.468581738003213,19.62161495269329,0.1603468397898985,Cu,PRUNED
2691,0.0,2026-03-20 05:24:39.990291,2026-03-20 05:24:40.755460,0 days 00:00:00.765169,28.598433949946198,19.92247963854587,0.3770606964889617,Au,PRUNED
2692,-361.55913978489957,2026-03-20 05:24:40.049897,2026-03-20 05:24:40.841997,0 days 00:00:00.792100,21.30479773835576,19.37511977265779,0.10976238580277309,Au,PRUNED
2693,80.88235294117409,2026-03-20 05:24:40.496489,2026-03-20 05:24:41.665965,0 days 00:00:01.169476,30.991926012401677,16.949906610531503,0.3776563675824653,Au,PRUNED
2694,2.7777777777774073,2026-03-20 05:24:40.630166,2026-03-20 05:24:41.574938,0 days 00:00:00.944772,23.85838659080396,19.855116478799054,0.267305870992136,Au,PRUNED
2695,0.0,2026-03-20 05:24:40.772545,2026-03-20 05:24:41.605353,0 days 00:00:00.832808,38.52068916706666,19.839070500746764,0.6027243619729818,Au,PRUNED
2696,-455.666666666593,2026-03-20 05:24:40.715120,2026-03-20 05:24:41.759320,0 days 00:00:01.044200,21.60493597111168,19.99585667203169,0.42149863502101337,Au,COMPLETE
2697,79.9632352941153,2026-03-20 05:24:40.937684,2026-03-20 05:24:41.712583,0 days 00:00:00.774899,32.71263311468042,16.717959930394116,0.2922249160720699,Au,PRUNED
2698,0.0,2026-03-20 05:24:41.014243,2026-03-20 05:24:41.998872,0 days 00:00:00.984629,33.58132018076947,17.912557138193396,0.4071443222304061,Au,PRUNED
2699,-374.99999999995,2026-03-20 05:24:41.054083,2026-03-20 05:24:41.811345,0 days 00:00:00.757262,20.722811403828324,19.874229443077695,0.23928868914320284,Au,PRUNED
2700,0.0,2026-03-20 05:24:41.035383,2026-03-20 05:24:42.085352,0 days 00:00:01.049969,20.672170782884038,19.596252077652995,0.30378601422002427,Au,PRUNED
2701,0.0,2026-03-20 05:24:41.728688,2026-03-20 05:24:42.515592,0 days 00:00:00.786904,20.795666821984362,17.44213422501063,0.15780507979476183,Au,PRUNED
2702,81.49509803921329,2026-03-20 05:24:41.785305,2026-03-20 05:24:42.715537,0 days 00:00:00.930232,29.96280983653361,16.92572221773116,0.48372992222542655,Au,PRUNED
2703,80.26960784313488,2026-03-20 05:24:41.750423,2026-03-20 05:24:43.051447,0 days 00:00:01.301024,31.98193073085167,16.85130887397633,0.28724099521946966,Au,PRUNED
2704,-2.314814814814775,2026-03-20 05:24:41.840934,2026-03-20 05:24:42.515087,0 days 00:00:00.674153,99.45221907534355,1.1325441797667697,0.8194193271142087,Au,PRUNED
2705,0.0,2026-03-20 05:24:41.903021,2026-03-20 05:24:42.601637,0 days 00:00:00.698616,31.789710107367224,19.96006245931631,0.3451839565861316,Au,PRUNED
2706,-0.6944444444444328,2026-03-20 05:24:42.108872,2026-03-20 05:24:42.878395,0 days 00:00:00.769523,89.2970352455674,18.630767799413235,1.5166924084600113,Au,PRUNED
2707,0.0,2026-03-20 05:24:42.140957,2026-03-20 05:24:43.156361,0 days 00:00:01.015404,30.31028945561065,19.96620777389248,0.32241952335756285,Au,PRUNED
2708,0.0,2026-03-20 05:24:42.169420,2026-03-20 05:24:42.905700,0 days 00:00:00.736280,40.160735550925146,19.98254298716215,0.2614504907309604,Au,PRUNED
2709,0.0,2026-03-20 05:24:42.670719,2026-03-20 05:24:43.438195,0 days 00:00:00.767476,34.71757167491781,19.860120370750064,0.6379522445312366,Au,PRUNED
2710,-0.8210180623973565,2026-03-20 05:24:42.749487,2026-03-20 05:24:43.439550,0 days 00:00:00.690063,59.939002232770825,17.617855824417152,0.22363177361984715,Au,PRUNED
2711,79.62962962962726,2026-03-20 05:24:42.830064,2026-03-20 05:24:43.818804,0 days 00:00:00.988740,33.29057568132097,16.773607434107376,0.4309824582157865,Au,PRUNED
2712,0.0,2026-03-20 05:24:42.968639,2026-03-20 05:24:43.700066,0 days 00:00:00.731427,21.720340981676845,17.396185810298473,0.45840617606594697,Au,PRUNED
2713,0.0,2026-03-20 05:24:43.012589,2026-03-20 05:24:43.953878,0 days 00:00:00.941289,34.744113221596066,17.512231354618972,0.5035540751541483,Au,PRUNED
2714,4.006410256409948,2026-03-20 05:24:43.089073,2026-03-20 05:24:44.085443,0 days 00:00:00.996370,37.60574747123674,13.676614235198613,0.4719146131844028,Au,PRUNED
2715,0.0,2026-03-20 05:24:43.125473,2026-03-20 05:24:43.983343,0 days 00:00:00.857870,48.43217317414998,16.526108797119225,0.10226834072539828,Au,PRUNED
2716,0.0,2026-03-20 05:24:43.266755,2026-03-20 05:24:44.234421,0 days 00:00:00.967666,21.620192935643626,17.105828201269137,0.33181081240636423,Au,PRUNED
2717,0.0,2026-03-20 05:24:43.580958,2026-03-20 05:24:44.322900,0 days 00:00:00.741942,39.35628527884797,19.873821442761436,0.43402415127878624,Au,PRUNED
2718,0.0,2026-03-20 05:24:43.544682,2026-03-20 05:24:44.572238,0 days 00:00:01.027556,20.25057109257784,19.318886321616045,0.3107733999847781,Au,PRUNED
2719,0.0,2026-03-20 05:24:43.843483,2026-03-20 05:24:44.688533,0 days 00:00:00.845050,49.48175882314325,16.879496812701838,0.134441187407024,Au,PRUNED
2720,0.0,2026-03-20 05:24:43.884924,2026-03-20 05:24:44.687536,0 days 00:00:00.802612,21.903615816319622,13.700453513686078,0.43513291732069226,Au,PRUNED
2721,-362.9032258064048,2026-03-20 05:24:44.094753,2026-03-20 05:24:45.057180,0 days 00:00:00.962427,20.369479681707247,19.647459454072767,0.6976106180425284,Au,PRUNED
2722,0.0,2026-03-20 05:24:44.132995,2026-03-20 05:24:45.097353,0 days 00:00:00.964358,21.24698473434357,18.270956076813107,0.5497496312673715,Au,PRUNED
2723,80.55555555555317,2026-03-20 05:24:44.181869,2026-03-20 05:24:44.778343,0 days 00:00:00.596474,31.465828543986262,17.08969021392184,0.5525018086652449,Au,PRUNED
2724,-1.8355359765051071,2026-03-20 05:24:44.395715,2026-03-20 05:24:45.420590,0 days 00:00:01.024875,102.24227773344951,5.611825660789919,0.9851437016689537,Ag,PRUNED
2725,0.0,2026-03-20 05:24:44.325889,2026-03-20 05:24:45.119100,0 days 00:00:00.793211,21.299994095318258,17.04283986498697,0.6575342379303065,Au,PRUNED
2726,-410.62801932361236,2026-03-20 05:24:44.740838,2026-03-20 05:24:45.546026,0 days 00:00:00.805188,21.035677145380383,19.70270722479154,0.6115563198183767,Au,COMPLETE
2727,0.0,2026-03-20 05:24:44.836358,2026-03-20 05:24:46.056932,0 days 00:00:01.220574,29.980254320633712,19.896817262519875,0.5411412541465114,Au,PRUNED
2728,0.0,2026-03-20 05:24:44.898267,2026-03-20 05:24:45.948911,0 days 00:00:01.050644,20.071175236928028,17.466677315771165,0.567693025611759,Au,PRUNED
2729,0.0,2026-03-20 05:24:44.935965,2026-03-20 05:24:46.237437,0 days 00:00:01.301472,32.10893126244004,17.43681833105268,0.6011438202865713,Au,PRUNED
2730,0.0,2026-03-20 05:24:45.200759,2026-03-20 05:24:46.033220,0 days 00:00:00.832461,33.45276800382324,17.992363631442412,0.3070891481850083,Au,PRUNED
2731,-2.0242914979756756,2026-03-20 05:24:45.229033,2026-03-20 05:24:46.001283,0 days 00:00:00.772250,108.68222595137101,7.825210836115994,1.9939229190426242,Ag,PRUNED
2732,0.0,2026-03-20 05:24:45.390361,2026-03-20 05:24:46.035220,0 days 00:00:00.644859,20.90246062448181,17.90171094436786,0.4457822521628063,Au,PRUNED
2733,0.0,2026-03-20 05:24:45.485841,2026-03-20 05:24:46.527087,0 days 00:00:01.041246,20.04139646388086,18.285110256471476,0.10038642162768313,Au,PRUNED
2734,-401.30023640656185,2026-03-20 05:24:45.971993,2026-03-20 05:24:46.728730,0 days 00:00:00.756737,20.602735528345658,19.999193508208286,0.5390359008628393,Au,COMPLETE
2735,0.0,2026-03-20 05:24:46.012386,2026-03-20 05:24:47.141733,0 days 00:00:01.129347,33.5778905713935,19.98701729931778,0.3924709873190833,Au,PRUNED
2736,0.0,2026-03-20 05:24:46.104955,2026-03-20 05:24:47.047282,0 days 00:00:00.942327,33.12180612001959,19.957032219136654,0.1811162469828116,Au,PRUNED
2737,77.8186274509781,2026-03-20 05:24:46.140634,2026-03-20 05:24:46.998127,0 days 00:00:00.857493,39.81137192320797,13.982549903641043,0.8436623006576164,Au,PRUNED
2738,-404.16666666660814,2026-03-20 05:24:46.164909,2026-03-20 05:24:46.805060,0 days 00:00:00.640151,20.893498558590437,19.89797403530365,0.41263737534552813,Au,COMPLETE
2739,-4.807692307691568,2026-03-20 05:24:46.357191,2026-03-20 05:24:47.469364,0 days 00:00:01.112173,22.60170031296358,19.772239185416776,0.5702518694954627,Au,PRUNED
2740,0.0,2026-03-20 05:24:46.405478,2026-03-20 05:24:47.310603,0 days 00:00:00.905125,34.49036339883972,19.96793170460294,0.5399256566190248,Au,PRUNED
2741,83.33333333333088,2026-03-20 05:24:46.599977,2026-03-20 05:24:47.569597,0 days 00:00:00.969620,24.428231852810303,19.83241476490919,0.15559114955683065,Au,PRUNED
2742,0.0,2026-03-20 05:24:46.900141,2026-03-20 05:24:48.195824,0 days 00:00:01.295683,34.47925320303814,19.989508598343654,0.4260153283743585,Au,PRUNED
2743,-417.27941176464446,2026-03-20 05:24:47.023343,2026-03-20 05:24:47.805307,0 days 00:00:00.781964,21.13839957476036,19.78878664630022,0.5188892506383928,Au,COMPLETE
2744,0.0,2026-03-20 05:24:47.173492,2026-03-20 05:24:48.152924,0 days 00:00:00.979432,35.17999685566045,19.88024047382796,0.3508299208993755,Au,PRUNED
2745,0.0,2026-03-20 05:24:47.204839,2026-03-20 05:24:48.123269,0 days 00:00:00.918430,37.94283960399176,16.778107261737784,0.8012418331184084,Au,PRUNED
2746,79.62962962962726,2026-03-20 05:24:47.344543,2026-03-20 05:24:48.196821,0 days 00:00:00.852278,31.912989127299596,17.435197348793828,0.5847721482422579,Au,PRUNED
2747,83.02696078431127,2026-03-20 05:24:47.436719,2026-03-20 05:24:48.296451,0 days 00:00:00.859732,24.407372839997702,19.969717298341237,0.5871989926347002,Au,PRUNED
2748,0.0,2026-03-20 05:24:47.624645,2026-03-20 05:24:48.528736,0 days 00:00:00.904091,39.50620795111676,18.263845446453388,0.7637226364142784,Au,PRUNED
2749,0.0,2026-03-20 05:24:47.807313,2026-03-20 05:24:48.678980,0 days 00:00:00.871667,20.69233923888289,16.66214551383062,0.30827945730400175,Au,PRUNED
2750,-11.363636363635537,2026-03-20 05:24:48.019944,2026-03-20 05:24:48.681507,0 days 00:00:00.661563,71.62650458342442,7.8306261991281465,0.8374672071368119,Cu,PRUNED
2751,0.0,2026-03-20 05:24:48.206962,2026-03-20 05:24:49.228848,0 days 00:00:01.021886,20.450104332199945,14.808361373145775,0.5407112127454223,Au,PRUNED
2752,-4.9019607843131485,2026-03-20 05:24:48.323168,2026-03-20 05:24:49.385140,0 days 00:00:01.061972,31.904414184018094,14.140381130182323,0.4404168712584313,Au,PRUNED
2753,-4.464285714285077,2026-03-20 05:24:48.299971,2026-03-20 05:24:49.515088,0 days 00:00:01.215117,21.14821988212781,19.935533545205296,1.5260873148780507,Au,PRUNED
2754,0.0,2026-03-20 05:24:48.387742,2026-03-20 05:24:49.229848,0 days 00:00:00.842106,37.90210510241575,19.904081961093667,0.8347745087349836,Au,PRUNED
2755,0.0,2026-03-20 05:24:48.431892,2026-03-20 05:24:49.274487,0 days 00:00:00.842595,20.142697299268022,17.877887571529925,0.1327815293784086,Au,PRUNED
2756,-8.333333333332,2026-03-20 05:24:48.613951,2026-03-20 05:24:49.409503,0 days 00:00:00.795552,21.88347042152299,19.97834884233718,0.6264327410024714,Au,PRUNED
2757,0.0,2026-03-20 05:24:48.782264,2026-03-20 05:24:49.515088,0 days 00:00:00.732824,20.31928634561567,16.911446933885223,0.5795053254404812,Au,PRUNED
2758,0.0,2026-03-20 05:24:48.810486,2026-03-20 05:24:50.072396,0 days 00:00:01.261910,20.108501993124772,19.828658580346726,0.3206398143597061,Au,PRUNED
2759,0.0,2026-03-20 05:24:49.331962,2026-03-20 05:24:50.244605,0 days 00:00:00.912643,20.083294743489216,17.219738632801146,0.3841662364392371,Au,PRUNED
2760,0.0,2026-03-20 05:24:49.357605,2026-03-20 05:24:50.639134,0 days 00:00:01.281529,119.58321582438504,18.56659117757367,1.28864465741559,Ag,PRUNED
2761,0.0,2026-03-20 05:24:49.418598,2026-03-20 05:24:50.278970,0 days 00:00:00.860372,34.93071245779852,16.97855988851874,0.8644854548925064,Au,PRUNED
2762,0.0,2026-03-20 05:24:49.454581,2026-03-20 05:24:50.313565,0 days 00:00:00.858984,33.39377216115385,16.853290830334405,0.7768319960388541,Au,PRUNED
2763,78.46715328466924,2026-03-20 05:24:49.482223,2026-03-20 05:24:50.345645,0 days 00:00:00.863422,32.75932374035274,19.254996149835744,0.5392159714466122,Cu,PRUNED
2764,0.0,2026-03-20 05:24:49.632258,2026-03-20 05:24:50.419990,0 days 00:00:00.787732,20.71108102850747,19.50762595678518,0.2861554564386628,Au,PRUNED
2765,-6.410256410255424,2026-03-20 05:24:49.666746,2026-03-20 05:24:50.466207,0 days 00:00:00.799461,22.71539548815518,19.970723450086673,0.27685275930882913,Au,PRUNED
2766,0.0,2026-03-20 05:24:50.354671,2026-03-20 05:24:51.447335,0 days 00:00:01.092664,20.17758834954206,18.38113043472832,0.5586675157051678,Au,PRUNED
2767,-12.49999999999875,2026-03-20 05:24:50.394341,2026-03-20 05:24:51.557241,0 days 00:00:01.162900,49.20904787728494,1.2627912784960316,1.7158587072576403,Au,PRUNED
2768,0.0,2026-03-20 05:24:50.485799,2026-03-20 05:24:51.417214,0 days 00:00:00.931415,52.59283809104153,19.618514828721327,0.4735104291602325,Au,PRUNED
2769,2.873563218390408,2026-03-20 05:24:50.423496,2026-03-20 05:24:51.306757,0 days 00:00:00.883261,22.85394325003521,19.918188467949637,0.8084708784293133,Au,PRUNED
2770,0.0,2026-03-20 05:24:50.527036,2026-03-20 05:24:51.542579,0 days 00:00:01.015543,20.1169616269028,16.2151886457113,0.8777257754262299,Au,PRUNED
2771,0.0,2026-03-20 05:24:50.561353,2026-03-20 05:24:51.557746,0 days 00:00:00.996393,53.442155372978995,19.5992948053585,0.2783812884273252,Au,PRUNED
2772,0.0,2026-03-20 05:24:50.595448,2026-03-20 05:24:51.714394,0 days 00:00:01.118946,55.378333484355664,19.651514043082937,0.30642439064832677,Au,PRUNED
2773,-1.218323586744611,2026-03-20 05:24:50.740185,2026-03-20 05:24:51.541570,0 days 00:00:00.801385,58.15800927227037,19.60587242519102,0.2815653747775633,Au,PRUNED
2774,0.0,2026-03-20 05:24:51.484549,2026-03-20 05:24:52.840885,0 days 00:00:01.356336,20.292989913960483,17.96391123281452,0.47447822487219254,Au,PRUNED
2775,0.0,2026-03-20 05:24:51.511748,2026-03-20 05:24:52.165315,0 days 00:00:00.653567,35.08084652752273,19.942070757454356,0.6494363450514383,Au,PRUNED
2776,79.01234567901,2026-03-20 05:24:51.607138,2026-03-20 05:24:52.494004,0 days 00:00:00.886866,34.436695589976594,17.08567182342889,0.122906110694887,Au,PRUNED
2777,0.0,2026-03-20 05:24:51.653590,2026-03-20 05:24:52.340197,0 days 00:00:00.686607,49.05437102440669,17.489534612792497,0.5697000087968759,Au,PRUNED
2778,0.0,2026-03-20 05:24:51.717392,2026-03-20 05:24:53.019842,0 days 00:00:01.302450,34.93665516777478,19.946465068193326,0.45483978741291853,Au,PRUNED
2779,0.0,2026-03-20 05:24:51.776757,2026-03-20 05:24:52.491938,0 days 00:00:00.715181,35.979500946395156,19.56778854519756,0.6354532010685701,Au,PRUNED
2780,0.0,2026-03-20 05:24:51.832334,2026-03-20 05:24:52.856613,0 days 00:00:01.024279,37.36923038781512,19.995989679666692,0.5220685711978408,Au,PRUNED
2781,-1.1990407673860566,2026-03-20 05:24:51.856208,2026-03-20 05:24:52.569469,0 days 00:00:00.713261,21.968842429210824,19.83802698081991,0.3287575753848409,Ag,PRUNED
2782,0.0,2026-03-20 05:24:52.237185,2026-03-20 05:24:53.476390,0 days 00:00:01.239205,43.08786365007876,19.99294812474254,0.5601640436366763,Au,PRUNED
2783,0.0,2026-03-20 05:24:52.469928,2026-03-20 05:24:53.535821,0 days 00:00:01.065893,20.267777955205368,17.815241234757774,0.46065336239128823,Au,PRUNED
2784,-3.205128205127712,2026-03-20 05:24:52.538687,2026-03-20 05:24:53.506593,0 days 00:00:00.967906,22.3557002000346,19.954265820259263,0.6419210536079899,Au,PRUNED
2785,0.0,2026-03-20 05:24:52.675659,2026-03-20 05:24:53.597325,0 days 00:00:00.921666,20.37941688773417,17.25043481336264,0.631507747428612,Au,PRUNED
2786,0.0,2026-03-20 05:24:52.758736,2026-03-20 05:24:53.424077,0 days 00:00:00.665341,20.190953688448673,17.295136981719644,0.6299166336945196,Au,PRUNED
2787,-17.543859649119113,2026-03-20 05:24:52.907559,2026-03-20 05:24:53.991126,0 days 00:00:01.083567,39.63667754350578,0.7142023492635765,1.7070297150715468,Ag,PRUNED
2788,0.0,2026-03-20 05:24:52.968533,2026-03-20 05:24:54.268941,0 days 00:00:01.300408,116.97464777840545,18.68101479357135,1.4909631523579487,Cu,PRUNED
2789,0.0,2026-03-20 05:24:53.124550,2026-03-20 05:24:54.270449,0 days 00:00:01.145899,30.371159912036696,19.87803943569371,0.7501653953795556,Au,PRUNED
2790,0.0,2026-03-20 05:24:53.565342,2026-03-20 05:24:54.615808,0 days 00:00:01.050466,35.942016556635096,16.906109809179405,0.33809392564769014,Au,PRUNED
2791,0.0,2026-03-20 05:24:53.510592,2026-03-20 05:24:54.537834,0 days 00:00:01.027242,32.05820034584554,19.917178872979207,0.8515808643160281,Au,PRUNED
2792,0.0,2026-03-20 05:24:53.649058,2026-03-20 05:24:54.521311,0 days 00:00:00.872253,20.44162717179618,19.72086996338357,0.376778096906904,Au,PRUNED
2793,0.0,2026-03-20 05:24:53.725103,2026-03-20 05:24:54.502110,0 days 00:00:00.777007,34.1273848792677,17.17088126679899,0.3532884726878533,Au,PRUNED
2794,-0.6775067750677396,2026-03-20 05:24:53.784932,2026-03-20 05:24:54.502110,0 days 00:00:00.717178,72.6030319782154,15.702175280538029,1.7687338298919888,Cu,PRUNED
2795,0.0,2026-03-20 05:24:54.128238,2026-03-20 05:24:54.844722,0 days 00:00:00.716484,21.031560614418453,16.95861451489916,0.5186674659260464,Au,PRUNED
2796,0.0,2026-03-20 05:24:54.400031,2026-03-20 05:24:55.463599,0 days 00:00:01.063568,42.919529640970985,19.97847702011242,0.13377031414019924,Au,PRUNED
2797,0.0,2026-03-20 05:24:54.430914,2026-03-20 05:24:55.105194,0 days 00:00:00.674280,20.10136281331583,16.430487687183888,0.8305430590004106,Au,PRUNED
2798,-430.2398989898338,2026-03-20 05:24:54.593625,2026-03-20 05:24:55.839623,0 days 00:00:01.245998,21.68798401219807,19.771227279971466,0.21169823763362006,Au,COMPLETE
2799,-1.7146776406035382,2026-03-20 05:24:54.633204,2026-03-20 05:24:55.667577,0 days 00:00:01.034373,108.69977940856471,1.8167090881523151,0.37768373976998615,Cu,PRUNED
2800,-374.99999999995,2026-03-20 05:24:54.714760,2026-03-20 05:24:55.650461,0 days 00:00:00.935701,20.105016028512452,19.879441821980084,0.7575894878961322,Au,PRUNED
2801,-12.254901960782872,2026-03-20 05:24:54.744687,2026-03-20 05:24:55.872282,0 days 00:00:01.127595,30.976370548493453,14.154413891601155,0.2021749373150316,Au,PRUNED
2802,0.0,2026-03-20 05:24:54.775885,2026-03-20 05:24:55.863759,0 days 00:00:01.087874,21.001619572387074,15.859926673328136,0.26428399423064247,Au,PRUNED
2803,0.0,2026-03-20 05:24:54.937194,2026-03-20 05:24:55.806369,0 days 00:00:00.869175,34.53123257280928,17.784394027204748,0.500945513447878,Au,PRUNED
2804,0.0,2026-03-20 05:24:55.320989,2026-03-20 05:24:56.407623,0 days 00:00:01.086634,20.129027325223966,19.61044848387717,0.5967073901401452,Au,PRUNED
2805,0.0,2026-03-20 05:24:55.625823,2026-03-20 05:24:56.669491,0 days 00:00:01.043668,21.253599410238422,17.782069429207628,0.5951023686336876,Cu,PRUNED
2806,-10.233918128654253,2026-03-20 05:24:55.766053,2026-03-20 05:24:56.935783,0 days 00:00:01.169730,25.02785269075526,17.048246075485608,0.13426486450359287,Cu,PRUNED
2807,0.0,2026-03-20 05:24:55.871276,2026-03-20 05:24:56.780238,0 days 00:00:00.908962,34.21955987398078,17.457679484784297,0.2548930819628099,Au,PRUNED
2808,0.0,2026-03-20 05:24:55.983862,2026-03-20 05:24:56.934318,0 days 00:00:00.950456,41.214176969203635,18.86527228705855,0.13737196149086128,Au,PRUNED
2809,0.0,2026-03-20 05:24:56.034609,2026-03-20 05:24:56.934318,0 days 00:00:00.899709,20.733290657823854,19.433284471701146,0.23042497368061715,Au,PRUNED
2810,0.0,2026-03-20 05:24:56.060410,2026-03-20 05:24:57.246399,0 days 00:00:01.185989,40.258005013985695,17.848001681528512,0.17146192763772883,Au,PRUNED
2811,6.127450980391436,2026-03-20 05:24:56.323450,2026-03-20 05:24:57.364662,0 days 00:00:01.041212,29.700198754696256,16.528981778461592,0.1556595262894143,Au,PRUNED
2812,81.18872549019368,2026-03-20 05:24:56.798523,2026-03-20 05:24:57.778592,0 days 00:00:00.980069,30.762201302899086,17.24060022571653,0.12877316244490797,Au,PRUNED
2813,2.873563218390408,2026-03-20 05:24:56.818874,2026-03-20 05:24:57.823914,0 days 00:00:01.005040,24.12590766980856,19.64835894124836,0.261611169869594,Au,PRUNED
2814,-14.78494623655723,2026-03-20 05:24:56.854260,2026-03-20 05:24:57.762446,0 days 00:00:00.908186,25.24699972720742,16.914141403605104,0.20273332220173304,Au,PRUNED
2815,80.24691358024454,2026-03-20 05:24:57.077668,2026-03-20 05:24:58.592455,0 days 00:00:01.514787,31.25436036633773,17.96069459427359,0.3214144859919823,Au,PRUNED
2816,-0.664010624169976,2026-03-20 05:24:57.094763,2026-03-20 05:24:58.039800,0 days 00:00:00.945037,91.04185303336291,8.179157016821662,1.2088510531103214,Au,PRUNED
2817,0.0,2026-03-20 05:24:57.169097,2026-03-20 05:24:57.980322,0 days 00:00:00.811225,36.9774253075591,18.01378380610995,0.11542889547841488,Au,PRUNED
2818,0.0,2026-03-20 05:24:57.392463,2026-03-20 05:24:58.228583,0 days 00:00:00.836120,29.609111518720788,19.610133499073033,0.19282094054232318,Au,PRUNED
2819,0.0,2026-03-20 05:24:57.441946,2026-03-20 05:24:58.702028,0 days 00:00:01.260082,31.676401529572445,18.984287998661312,0.1353122357563054,Au,PRUNED
2820,0.0,2026-03-20 05:24:57.891490,2026-03-20 05:24:59.092110,0 days 00:00:01.200620,32.88380563410911,19.71355462031331,0.22703694109201605,Au,PRUNED
2821,0.0,2026-03-20 05:24:57.905406,2026-03-20 05:24:58.882252,0 days 00:00:00.976846,20.188531083675507,15.97809432895544,0.4791255486868656,Au,PRUNED
2822,-296.1711711711392,2026-03-20 05:24:57.967307,2026-03-20 05:24:58.945770,0 days 00:00:00.978463,23.0311928895045,16.97772942788228,0.1365373530314542,Au,PRUNED
2823,-10.057471264366429,2026-03-20 05:24:58.101077,2026-03-20 05:24:59.480137,0 days 00:00:01.379060,25.05775294812976,17.91391707036045,0.12055800572026892,Au,PRUNED
2824,0.0,2026-03-20 05:24:58.263817,2026-03-20 05:24:59.047766,0 days 00:00:00.783949,30.444684653448,19.683380671527804,0.11865807830966864,Au,PRUNED
2825,-327.2058823529027,2026-03-20 05:24:58.421534,2026-03-20 05:24:59.487655,0 days 00:00:01.066121,23.278478661262206,17.45751851835361,0.1811634726254219,Au,PRUNED
2826,-407.3741007193657,2026-03-20 05:24:58.814039,2026-03-20 05:24:59.966323,0 days 00:00:01.152284,20.653071243116443,19.767217216526983,0.7953119723254445,Au,COMPLETE
2827,-1.4880952380950254,2026-03-20 05:24:58.845984,2026-03-20 05:24:59.930100,0 days 00:00:01.084116,22.23102688213176,19.942534722340522,0.9090524191019603,Au,PRUNED
2828,0.0,2026-03-20 05:24:58.968939,2026-03-20 05:25:00.112291,0 days 00:00:01.143352,20.08103640263464,16.9378566472006,0.1443534720855002,Au,PRUNED
2829,80.86419753086179,2026-03-20 05:24:59.213766,2026-03-20 05:25:00.075457,0 days 00:00:00.861691,29.780726123221832,17.547434068584252,0.8203828659222026,Au,PRUNED
2830,0.0,2026-03-20 05:24:59.215315,2026-03-20 05:24:59.996569,0 days 00:00:00.781254,47.689736005272906,19.278246798853797,1.7120607160533332,Au,PRUNED
2831,0.0,2026-03-20 05:24:59.329911,2026-03-20 05:25:00.511502,0 days 00:00:01.181591,20.422230935464185,15.403103510474892,0.22901002460415293,Au,PRUNED
2832,-12.820512820510848,2026-03-20 05:24:59.640632,2026-03-20 05:25:00.856224,0 days 00:00:01.215592,21.903502873494844,19.976881377086347,0.3420876856183385,Au,PRUNED
2833,0.0,2026-03-20 05:24:59.831729,2026-03-20 05:25:00.798478,0 days 00:00:00.966749,20.029145598781813,19.676934802371644,0.8003880439194021,Au,PRUNED
2834,0.1693766937669349,2026-03-20 05:25:00.170767,2026-03-20 05:25:00.987006,0 days 00:00:00.816239,115.11077375341824,11.265773124409208,1.3445093950976783,Cu,PRUNED
2835,0.0,2026-03-20 05:25:00.221875,2026-03-20 05:25:01.572149,0 days 00:00:01.350274,31.304974549918725,19.635029339858793,0.11641583788750262,Au,PRUNED
2836,0.0,2026-03-20 05:25:00.326826,2026-03-20 05:25:01.355529,0 days 00:00:01.028703,32.19458211946892,19.78848071089575,0.21430344496692538,Au,PRUNED
2837,-8.333333333332,2026-03-20 05:25:00.364804,2026-03-20 05:25:01.279942,0 days 00:00:00.915138,22.695838636774226,19.808220439933063,0.17871003382739253,Au,PRUNED
2838,0.0,2026-03-20 05:25:00.390557,2026-03-20 05:25:01.574174,0 days 00:00:01.183617,29.31109074560582,19.775824715659343,0.3676495752070047,Au,PRUNED
2839,0.0,2026-03-20 05:25:00.644359,2026-03-20 05:25:02.245637,0 days 00:00:01.601278,33.27107219559835,18.498748528807916,0.40362429201931604,Au,PRUNED
2840,0.0,2026-03-20 05:25:00.882747,2026-03-20 05:25:01.842269,0 days 00:00:00.959522,31.898934724482707,19.947213894323834,0.5843019080682436,Au,PRUNED
2841,0.0,2026-03-20 05:25:00.929062,2026-03-20 05:25:02.014814,0 days 00:00:01.085752,20.175219874527624,17.50591591657756,0.38179482723580904,Au,PRUNED
2842,-362.9032258064048,2026-03-20 05:25:01.118947,2026-03-20 05:25:02.169475,0 days 00:00:01.050528,20.689427791829,19.63145494417819,0.4316991417415523,Au,PRUNED
2843,-416.9730392156249,2026-03-20 05:25:01.468935,2026-03-20 05:25:02.812403,0 days 00:00:01.343468,21.471146066643097,19.815782622951627,0.20284945691649342,Au,COMPLETE
2844,-0.5186721991701159,2026-03-20 05:25:01.605483,2026-03-20 05:25:02.607782,0 days 00:00:01.002299,88.15454694820085,11.963083357767546,1.8219012942328048,Au,PRUNED
2845,-404.7619047618469,2026-03-20 05:25:01.775572,2026-03-20 05:25:02.965317,0 days 00:00:01.189745,20.19822490068848,19.477387172042015,1.5085761124227108,Au,COMPLETE
2846,0.0,2026-03-20 05:25:01.919137,2026-03-20 05:25:03.092631,0 days 00:00:01.173494,33.29898841795298,16.906067489753777,0.8520208167468963,Au,PRUNED
2847,0.0,2026-03-20 05:25:01.968794,2026-03-20 05:25:02.908866,0 days 00:00:00.940072,32.38330247378715,19.994471190465884,0.7554251240854797,Au,PRUNED
2848,0.0,2026-03-20 05:25:02.084436,2026-03-20 05:25:02.935306,0 days 00:00:00.850870,34.28054307896968,17.665857137216218,0.6552315423544453,Au,PRUNED
2849,77.8186274509781,2026-03-20 05:25:02.367770,2026-03-20 05:25:03.733545,0 days 00:00:01.365775,38.37818561038689,14.581930319947482,0.7769892787343708,Au,PRUNED
2850,0.0,2026-03-20 05:25:02.461453,2026-03-20 05:25:03.658347,0 days 00:00:01.196894,38.635413179492204,19.97016919174263,0.4403231622541084,Au,PRUNED
2851,0.0,2026-03-20 05:25:02.687404,2026-03-20 05:25:03.770629,0 days 00:00:01.083225,20.298214952230655,16.61998297173127,0.33048484183529125,Au,PRUNED
2852,0.0,2026-03-20 05:25:02.983882,2026-03-20 05:25:03.953045,0 days 00:00:00.969163,30.68333390565124,19.955011850648063,1.5902647878696983,Au,PRUNED
2853,-1.728907330567053,2026-03-20 05:25:03.017781,2026-03-20 05:25:04.188607,0 days 00:00:01.170826,105.54283589037423,3.620008095440463,1.405337197306165,Ag,PRUNED
2854,0.0,2026-03-20 05:25:03.066049,2026-03-20 05:25:03.938408,0 days 00:00:00.872359,44.10300979528819,17.617304866467663,0.5718442371401502,Au,PRUNED
2855,-394.81351981346444,2026-03-20 05:25:03.200032,2026-03-20 05:25:04.518905,0 days 00:00:01.318873,21.001783392135746,19.869327841533885,0.24727195323174356,Au,COMPLETE
2856,0.0,2026-03-20 05:25:03.314571,2026-03-20 05:25:04.723669,0 days 00:00:01.409098,34.5277644719098,16.740206233668523,0.7275947879629899,Au,PRUNED
2857,-11.363636363634987,2026-03-20 05:25:03.797699,2026-03-20 05:25:04.723669,0 days 00:00:00.925970,23.95296971166148,19.78782278551614,0.41228814527351015,Cu,PRUNED
2858,-361.55913978489957,2026-03-20 05:25:03.907270,2026-03-20 05:25:04.958649,0 days 00:00:01.051379,20.634774479090787,19.55565688460148,0.4828779755825592,Au,PRUNED
2859,0.0,2026-03-20 05:25:03.988288,2026-03-20 05:25:05.028438,0 days 00:00:01.040150,33.80466330736493,19.87301896034616,0.6915511604328091,Au,PRUNED
2860,0.0,2026-03-20 05:25:04.065540,2026-03-20 05:25:04.988968,0 days 00:00:00.923428,35.355280073010036,19.81584090044328,0.24481092071597357,Au,PRUNED
2861,0.0,2026-03-20 05:25:04.097870,2026-03-20 05:25:05.030009,0 days 00:00:00.932139,32.17529444020588,18.04550473183918,0.7422282732455301,Au,PRUNED
2862,0.0,2026-03-20 05:25:04.446370,2026-03-20 05:25:05.750527,0 days 00:00:01.304157,33.25806136220991,17.35925822440441,0.5600071419407342,Au,PRUNED
2863,-427.00501253126436,2026-03-20 05:25:04.885199,2026-03-20 05:25:06.245751,0 days 00:00:01.360552,21.54168782258835,19.850913736386094,0.2309039940735823,Au,COMPLETE
2864,79.32098765431864,2026-03-20 05:25:05.053296,2026-03-20 05:25:05.919706,0 days 00:00:00.866410,33.94158718187575,16.7577692540503,0.36964342312494647,Au,PRUNED
2865,0.0,2026-03-20 05:25:05.099228,2026-03-20 05:25:06.044771,0 days 00:00:00.945543,20.73466500389733,16.819395051442772,0.6937525404480984,Au,PRUNED
2866,0.0,2026-03-20 05:25:05.128474,2026-03-20 05:25:06.013365,0 days 00:00:00.884891,35.157760494922826,17.584224371442744,0.5825514781418536,Au,PRUNED
2867,80.57598039215449,2026-03-20 05:25:05.145714,2026-03-20 05:25:06.389587,0 days 00:00:01.243873,31.205512605023948,16.70106372098586,0.5333946122561853,Au,PRUNED
2868,0.0,2026-03-20 05:25:05.177531,2026-03-20 05:25:06.636335,0 days 00:00:01.458804,35.157297491576415,19.893759935194165,0.4258186905171167,Au,PRUNED
2869,0.0,2026-03-20 05:25:05.243593,2026-03-20 05:25:06.120893,0 days 00:00:00.877300,33.65605019037363,17.30827533061438,0.5779294489909392,Au,PRUNED
2870,0.0,2026-03-20 05:25:05.865062,2026-03-20 05:25:06.885724,0 days 00:00:01.020662,32.417422858445995,17.64839859519708,0.5278742313258952,Au,PRUNED
2871,79.62962962962726,2026-03-20 05:25:06.074404,2026-03-20 05:25:07.008417,0 days 00:00:00.934013,33.01198636967086,17.412975850903678,0.168656298352707,Au,PRUNED
2872,0.0,2026-03-20 05:25:06.279375,2026-03-20 05:25:07.225512,0 days 00:00:00.946137,20.62270304088047,12.798653799791955,0.10361281892850416,Au,PRUNED
2873,0.0,2026-03-20 05:25:06.326805,2026-03-20 05:25:07.277315,0 days 00:00:00.950510,30.224471674957833,19.66885806673709,0.2503836888528893,Au,PRUNED
2874,0.0,2026-03-20 05:25:06.350322,2026-03-20 05:25:07.676759,0 days 00:00:01.326437,27.905217016299,19.94010720848326,0.2404062990630437,Au,PRUNED
2875,0.0,2026-03-20 05:25:06.515013,2026-03-20 05:25:07.353751,0 days 00:00:00.838738,35.555613796164735,19.97405531837234,0.27446399541205646,Au,PRUNED
2876,0.0,2026-03-20 05:25:06.694586,2026-03-20 05:25:07.947829,0 days 00:00:01.253243,29.388869731878174,19.878270370292345,0.18751143481531624,Au,PRUNED
2877,0.0,2026-03-20 05:25:06.786409,2026-03-20 05:25:07.630093,0 days 00:00:00.843684,22.07067983998517,15.865100985422858,0.12660644305169452,Au,PRUNED
2878,0.0,2026-03-20 05:25:07.153618,2026-03-20 05:25:08.255211,0 days 00:00:01.101593,32.134276556248494,17.835182712701908,0.30508724962978356,Au,PRUNED
2879,0.0,2026-03-20 05:25:07.324135,2026-03-20 05:25:08.292502,0 days 00:00:00.968367,37.52313143150419,19.991252276401802,1.7295092309806903,Au,PRUNED
2880,0.0,2026-03-20 05:25:07.458148,2026-03-20 05:25:08.977141,0 days 00:00:01.518993,20.638391641571914,18.124885921538073,0.2471294316805829,Au,PRUNED
2881,0.0,2026-03-20 05:25:07.512878,2026-03-20 05:25:08.403422,0 days 00:00:00.890544,35.10625697896316,19.90406706155732,0.2753630544251561,Au,PRUNED
2882,-392.6504629629084,2026-03-20 05:25:07.544907,2026-03-20 05:25:08.542126,0 days 00:00:00.997219,21.720144693527246,19.3115044740761,0.2898531579352843,Au,COMPLETE
2883,0.0,2026-03-20 05:25:07.721446,2026-03-20 05:25:08.963111,0 days 00:00:01.241665,35.44571425272287,17.21659509649801,1.4790101843479788,Au,PRUNED
2884,0.0,2026-03-20 05:25:07.764589,2026-03-20 05:25:09.101884,0 days 00:00:01.337295,31.45109429955744,18.963190335354984,0.13674286058758434,Au,PRUNED
2885,0.0,2026-03-20 05:25:08.166659,2026-03-20 05:25:09.401158,0 days 00:00:01.234499,20.375921915327723,19.861078650456545,0.17728568227802755,Au,PRUNED
2886,0.0,2026-03-20 05:25:08.433892,2026-03-20 05:25:09.197494,0 days 00:00:00.763602,32.2550084861667,19.795492301728107,0.4065217679576365,Au,PRUNED
2887,83.02696078431127,2026-03-20 05:25:08.514453,2026-03-20 05:25:10.148045,0 days 00:00:01.633592,22.921299213954065,19.997150832527602,1.660139493793269,Au,PRUNED
2888,79.3504901960761,2026-03-20 05:25:08.581213,2026-03-20 05:25:09.704638,0 days 00:00:01.123425,34.65609018145673,16.109156879918253,0.21914130384984998,Au,PRUNED
2889,-0.502008032128506,2026-03-20 05:25:08.812371,2026-03-20 05:25:10.276482,0 days 00:00:01.464111,117.34793319925045,4.908601346354029,1.116956832684969,Au,PRUNED
2890,-4.42477876106179,2026-03-20 05:25:09.066507,2026-03-20 05:25:10.275485,0 days 00:00:01.208978,92.56630681426577,9.347219556605435,0.5214712580164538,Ag,PRUNED
2891,0.0,2026-03-20 05:25:09.117189,2026-03-20 05:25:10.447423,0 days 00:00:01.330234,20.26325175553008,16.948768771809327,0.2599330807343925,Au,PRUNED
2892,0.0,2026-03-20 05:25:09.173792,2026-03-20 05:25:10.644417,0 days 00:00:01.470625,23.207886343969808,19.97479618813931,0.3132738093004015,Au,PRUNED
2893,0.0,2026-03-20 05:25:09.582035,2026-03-20 05:25:10.801470,0 days 00:00:01.219435,20.587139822838015,17.539404816513127,0.2609182706221578,Au,PRUNED
2894,0.0,2026-03-20 05:25:09.706638,2026-03-20 05:25:10.858697,0 days 00:00:01.152059,20.211163613811284,19.211448137779502,0.10544181474364367,Au,PRUNED
2895,0.0,2026-03-20 05:25:09.893807,2026-03-20 05:25:11.411694,0 days 00:00:01.517887,20.022679927200183,19.380810011241568,0.11983450427404613,Cu,PRUNED
2896,-14.880952380950255,2026-03-20 05:25:10.199863,2026-03-20 05:25:11.616811,0 days 00:00:01.416948,23.04797883167627,18.906244472026792,0.15326224463566873,Au,PRUNED
2897,0.0,2026-03-20 05:25:10.415599,2026-03-20 05:25:11.600268,0 days 00:00:01.184669,32.086418071951975,19.949921840725093,0.4393226106339345,Au,PRUNED
2898,0.0,2026-03-20 05:25:10.615913,2026-03-20 05:25:12.117643,0 days 00:00:01.501730,20.113688011482708,19.274473703843697,0.3440512602687208,Au,PRUNED
2899,0.0,2026-03-20 05:25:10.694797,2026-03-20 05:25:11.770036,0 days 00:00:01.075239,31.797949585276374,17.80360107236447,0.32850715161946725,Au,PRUNED
2900,-6.410256410255424,2026-03-20 05:25:10.772588,2026-03-20 05:25:11.887142,0 days 00:00:01.114554,23.448012571207755,19.447539045589313,0.15661615019200975,Au,PRUNED
2901,-361.55913978489957,2026-03-20 05:25:10.881781,2026-03-20 05:25:12.055944,0 days 00:00:01.174163,20.757727078008323,19.723973906831894,0.21035414837846156,Au,PRUNED
2902,0.0,2026-03-20 05:25:10.979216,2026-03-20 05:25:11.850347,0 days 00:00:00.871131,33.92726495469184,19.9700125952103,0.4641804485621318,Au,PRUNED
2903,83.33333333333088,2026-03-20 05:25:11.680759,2026-03-20 05:25:12.806243,0 days 00:00:01.125484,24.77997895271989,19.761489842890228,0.13012003696777066,Au,PRUNED
2904,-9.9999999999984,2026-03-20 05:25:11.735130,2026-03-20 05:25:12.453859,0 days 00:00:00.718729,22.191512820412907,19.90861637172162,0.3143603406369754,Au,PRUNED
2905,-426.69172932324426,2026-03-20 05:25:11.781299,2026-03-20 05:25:12.806243,0 days 00:00:01.024944,21.16790116498312,19.955132975305144,0.3789132743125162,Au,COMPLETE
2906,0.0,2026-03-20 05:25:11.863441,2026-03-20 05:25:12.904823,0 days 00:00:01.041382,43.70402862448509,17.629463335067026,0.3504672841679429,Au,PRUNED
2907,-9.9999999999984,2026-03-20 05:25:11.998352,2026-03-20 05:25:12.922877,0 days 00:00:00.924525,22.38728090903576,19.797179407127512,0.3167256607739257,Au,PRUNED
2908,-362.9032258064048,2026-03-20 05:25:12.028664,2026-03-20 05:25:13.171454,0 days 00:00:01.142790,20.77977860543089,19.77439991554651,0.26377795362111306,Au,PRUNED
2909,5.31914893616976,2026-03-20 05:25:12.195683,2026-03-20 05:25:13.025559,0 days 00:00:00.829876,38.40022880099556,19.81151687832699,1.3369868827812463,Ag,PRUNED
2910,0.0,2026-03-20 05:25:12.262203,2026-03-20 05:25:13.136271,0 days 00:00:00.874068,21.153735424454652,17.39670076359119,0.3990371338333945,Au,PRUNED
2911,2.3809523809521087,2026-03-20 05:25:12.590072,2026-03-20 05:25:13.392892,0 days 00:00:00.802820,32.42118515439523,14.843642859918608,0.3226665944659358,Au,PRUNED
2912,0.0,2026-03-20 05:25:13.061170,2026-03-20 05:25:14.139964,0 days 00:00:01.078794,47.81301649614721,16.88584305364311,0.37983710635034484,Au,PRUNED
2913,0.0,2026-03-20 05:25:13.089977,2026-03-20 05:25:14.342583,0 days 00:00:01.252606,37.28873362335456,19.93280128864218,0.40433609266739673,Au,PRUNED
2914,-14.756944444443215,2026-03-20 05:25:13.169446,2026-03-20 05:25:14.264667,0 days 00:00:01.095221,52.802786170588085,5.263339476116946,1.5138964926345735,Au,PRUNED
2915,0.0,2026-03-20 05:25:13.220354,2026-03-20 05:25:14.040398,0 days 00:00:00.820044,20.23446877275427,17.02686584814044,0.6654050221861467,Au,PRUNED
2916,0.0,2026-03-20 05:25:13.245822,2026-03-20 05:25:14.108914,0 days 00:00:00.863092,37.31966692276542,17.22741323178521,0.35513187489991516,Au,PRUNED
2917,80.86419753086179,2026-03-20 05:25:13.275829,2026-03-20 05:25:14.462972,0 days 00:00:01.187143,30.97679111732903,17.410003857948254,0.4042727382881674,Au,PRUNED
2918,0.0,2026-03-20 05:25:13.334822,2026-03-20 05:25:14.344086,0 days 00:00:01.009264,33.66969970912389,19.98292908472086,0.23517340077853036,Au,PRUNED
2919,0.0,2026-03-20 05:25:13.471036,2026-03-20 05:25:14.989579,0 days 00:00:01.518543,35.37893570392431,19.95621971274002,0.5511449107448576,Cu,PRUNED
2920,80.55555555555317,2026-03-20 05:25:14.206429,2026-03-20 05:25:15.295118,0 days 00:00:01.088689,30.658297349731892,17.936428090852214,0.3989478229393093,Au,PRUNED
2921,-362.9032258064048,2026-03-20 05:25:14.234553,2026-03-20 05:25:15.467085,0 days 00:00:01.232532,20.42479032336065,19.75961613863504,0.5495943590311332,Au,PRUNED
2922,-361.55913978489957,2026-03-20 05:25:14.413635,2026-03-20 05:25:15.384387,0 days 00:00:00.970752,20.652940155746844,19.494846118069685,0.46588900818346735,Au,PRUNED
2923,-8.333333333332382,2026-03-20 05:25:14.437750,2026-03-20 05:25:15.712671,0 days 00:00:01.274921,30.135290847303466,14.63565601186474,0.46544907842076805,Au,PRUNED
2924,-339.6464646464235,2026-03-20 05:25:14.518589,2026-03-20 05:25:15.713719,0 days 00:00:01.195130,23.675208655570458,17.298461582054422,0.441496067586017,Au,PRUNED
2925,0.0,2026-03-20 05:25:14.546608,2026-03-20 05:25:15.484781,0 days 00:00:00.938173,38.911029064187396,17.264179762043323,0.194588966663356,Au,PRUNED
2926,0.0,2026-03-20 05:25:14.580948,2026-03-20 05:25:15.559409,0 days 00:00:00.978461,20.086118152311958,16.20801672362553,0.22063066595272496,Au,PRUNED
2927,0.0,2026-03-20 05:25:15.112622,2026-03-20 05:25:16.468082,0 days 00:00:01.355460,20.390896998205793,17.076221716633228,0.1608453317816702,Au,PRUNED
2928,0.0,2026-03-20 05:25:15.428637,2026-03-20 05:25:16.917449,0 days 00:00:01.488812,31.02322481870399,19.972911680399417,0.2554609782218512,Au,PRUNED
2929,79.62962962962726,2026-03-20 05:25:15.530032,2026-03-20 05:25:16.697529,0 days 00:00:01.167497,32.54738121846299,17.345270218580765,0.3928475853275265,Au,PRUNED
2930,0.0,2026-03-20 05:25:15.561509,2026-03-20 05:25:16.557771,0 days 00:00:00.996262,20.10472742435639,17.500137093665273,0.48706024172859064,Au,PRUNED
2931,0.0,2026-03-20 05:25:15.777349,2026-03-20 05:25:16.996538,0 days 00:00:01.219189,35.36227864702302,19.875964300572633,0.35198363594962684,Au,PRUNED
2932,0.0,2026-03-20 05:25:15.808214,2026-03-20 05:25:16.649951,0 days 00:00:00.841737,34.208788083768546,19.930538372617047,0.3695147129012906,Au,PRUNED
2933,-11.43790849673113,2026-03-20 05:25:15.839354,2026-03-20 05:25:17.088177,0 days 00:00:01.248823,25.719912023242266,19.740783512288164,0.16380575058959376,Ag,PRUNED
2934,-3.1249999999996874,2026-03-20 05:25:15.884706,2026-03-20 05:25:17.512252,0 days 00:00:01.627546,37.464713791164264,19.97476332693221,0.13804329383339195,Ag,PRUNED
2935,0.0,2026-03-20 05:25:16.592370,2026-03-20 05:25:17.591210,0 days 00:00:00.998840,47.04488487860421,19.877906283481774,0.549719502640694,Au,PRUNED
2936,23.901808785529347,2026-03-20 05:25:16.759047,2026-03-20 05:25:18.092318,0 days 00:00:01.333271,73.41771667449994,9.825371569787677,0.5681005331399043,Au,PRUNED
2937,0.0,2026-03-20 05:25:16.840423,2026-03-20 05:25:17.796644,0 days 00:00:00.956221,22.404491465404494,17.591292185543075,0.12366252042349317,Au,PRUNED
2938,0.0,2026-03-20 05:25:16.889797,2026-03-20 05:25:18.192644,0 days 00:00:01.302847,20.678993485863998,19.370305723183655,0.2983589505266108,Au,PRUNED
2939,82.41421568627209,2026-03-20 05:25:16.972516,2026-03-20 05:25:17.921404,0 days 00:00:00.948888,26.120026475010192,19.892516110573347,0.11968463578739758,Au,PRUNED
2940,0.0,2026-03-20 05:25:17.108443,2026-03-20 05:25:17.962321,0 days 00:00:00.853878,34.10641703552926,17.30773341161727,0.3074925536529935,Au,PRUNED
2941,0.0,2026-03-20 05:25:17.157173,2026-03-20 05:25:18.236767,0 days 00:00:01.079594,45.70540642176013,17.714132953193133,0.4124569752082612,Au,PRUNED
2942,83.02696078431127,2026-03-20 05:25:17.724505,2026-03-20 05:25:19.236677,0 days 00:00:01.512172,24.756930353404464,19.916579363882338,0.5201796064929749,Au,PRUNED
2943,0.0,2026-03-20 05:25:17.999929,2026-03-20 05:25:18.923421,0 days 00:00:00.923492,38.21577773550005,19.994946131289257,0.7235906902527889,Au,PRUNED
2944,-374.99999999995,2026-03-20 05:25:18.047679,2026-03-20 05:25:18.951550,0 days 00:00:00.903871,20.760482130756287,19.992743337087543,0.11997686721147752,Au,PRUNED
2945,0.0,2026-03-20 05:25:18.112866,2026-03-20 05:25:19.179129,0 days 00:00:01.066263,117.51032331077671,14.392275428265027,0.6218832928864092,Cu,PRUNED
2946,0.0,2026-03-20 05:25:18.127473,2026-03-20 05:25:19.198103,0 days 00:00:01.070630,20.21610612839286,19.568383775573917,0.6672510646490784,Au,PRUNED
2947,0.0,2026-03-20 05:25:18.140697,2026-03-20 05:25:20.012044,0 days 00:00:01.871347,21.803970200971005,17.410808846184317,0.44770054499364087,Au,PRUNED
2948,0.0,2026-03-20 05:25:18.334193,2026-03-20 05:25:19.312045,0 days 00:00:00.977852,50.19067490407684,19.981089178981964,0.7153560761742815,Au,PRUNED
2949,0.0,2026-03-20 05:25:18.378798,2026-03-20 05:25:19.287802,0 days 00:00:00.909004,36.75789022559972,19.96702534731146,0.2855575684383784,Au,PRUNED
2950,0.0,2026-03-20 05:25:19.098722,2026-03-20 05:25:20.309349,0 days 00:00:01.210627,22.464627322418206,17.10717660906974,0.36574448132085413,Au,PRUNED
2951,0.0,2026-03-20 05:25:19.126792,2026-03-20 05:25:19.984159,0 days 00:00:00.857367,38.47581100020678,16.343938755772765,0.10337925268862161,Au,PRUNED
2952,0.0,2026-03-20 05:25:19.203621,2026-03-20 05:25:20.419042,0 days 00:00:01.215421,21.22792776840423,16.800032492422737,0.4007801221221614,Au,PRUNED
2953,0.0,2026-03-20 05:25:19.311521,2026-03-20 05:25:20.723232,0 days 00:00:01.411711,20.455673272316975,17.407775082215373,0.6372641119551181,Au,PRUNED
2954,0.0,2026-03-20 05:25:19.346827,2026-03-20 05:25:20.419042,0 days 00:00:01.072215,20.279627641450734,19.706837085233733,0.47602282839899274,Au,PRUNED
2955,0.0,2026-03-20 05:25:19.458962,2026-03-20 05:25:20.641530,0 days 00:00:01.182568,33.422945944237725,19.98549174584879,0.4220816223624433,Au,PRUNED
2956,0.0,2026-03-20 05:25:19.566914,2026-03-20 05:25:20.495950,0 days 00:00:00.929036,20.788390325485715,14.879877036451703,0.4066105679843903,Au,PRUNED
2957,0.0,2026-03-20 05:25:20.217950,2026-03-20 05:25:21.291996,0 days 00:00:01.074046,20.65527631168966,17.589392613960023,0.35558772434962926,Au,PRUNED
2958,0.0,2026-03-20 05:25:20.395932,2026-03-20 05:25:21.794473,0 days 00:00:01.398541,20.04666905925119,18.152792258864558,0.4119453206736656,Au,PRUNED
2959,-362.9032258064048,2026-03-20 05:25:20.515618,2026-03-20 05:25:22.223628,0 days 00:00:01.708010,20.406959489520794,19.700583543102788,0.5746425126734517,Au,PRUNED
2960,0.0,2026-03-20 05:25:20.532170,2026-03-20 05:25:21.434949,0 days 00:00:00.902779,21.446580273254536,16.19503267056942,0.2600803785798386,Cu,PRUNED
2961,0.0,2026-03-20 05:25:20.561802,2026-03-20 05:25:21.621979,0 days 00:00:01.060177,31.46614015298325,19.963343205774684,0.5735763471582842,Au,PRUNED
2962,0.0,2026-03-20 05:25:20.672247,2026-03-20 05:25:21.840205,0 days 00:00:01.167958,20.54466116413562,17.364361757373178,0.27074673366209034,Au,PRUNED
2963,2.3809523809523423,2026-03-20 05:25:20.732872,2026-03-20 05:25:21.841268,0 days 00:00:01.108396,99.26346892847869,19.56517374345716,0.8593367753665703,Cu,PRUNED
2964,0.0,2026-03-20 05:25:20.922347,2026-03-20 05:25:22.037652,0 days 00:00:01.115305,23.406880752160195,19.908933842245197,0.35812219379311383,Au,PRUNED
2965,-22.522522522520088,2026-03-20 05:25:21.584864,2026-03-20 05:25:22.655219,0 days 00:00:01.070355,52.80717404770387,15.795002567373547,0.6209826011467519,Ag,PRUNED
2966,81.18872549019368,2026-03-20 05:25:21.649325,2026-03-20 05:25:22.652694,0 days 00:00:01.003369,29.592272754355193,17.146938499917255,0.7917195627961836,Au,PRUNED
2967,-430.5555555554903,2026-03-20 05:25:21.876272,2026-03-20 05:25:22.979257,0 days 00:00:01.102985,21.637937946277102,19.550960130576037,0.581943586243076,Au,COMPLETE
2968,0.0,2026-03-20 05:25:21.961590,2026-03-20 05:25:23.188011,0 days 00:00:01.226421,32.19634169812774,17.74165650753829,0.6972422370826044,Au,PRUNED
2969,0.0,2026-03-20 05:25:21.985313,2026-03-20 05:25:23.052951,0 days 00:00:01.067638,34.56490431539333,17.573733255371994,0.4912348666388126,Au,PRUNED
2970,0.0,2026-03-20 05:25:22.138240,2026-03-20 05:25:23.187014,0 days 00:00:01.048774,119.23024674918113,13.277699763199141,1.5068747004343983,Ag,PRUNED
2971,-5.0236406619383915,2026-03-20 05:25:22.171209,2026-03-20 05:25:23.352256,0 days 00:00:01.181047,86.90069314541046,12.939118009698184,0.9554128529798322,Ag,PRUNED
2972,0.0,2026-03-20 05:25:22.326774,2026-03-20 05:25:23.351254,0 days 00:00:01.024480,33.6659619933626,17.638082198104716,0.45516638353644306,Au,PRUNED
2973,0.0,2026-03-20 05:25:22.832555,2026-03-20 05:25:23.982882,0 days 00:00:01.150327,20.24414887139093,16.79165997710991,0.8642103952524605,Au,PRUNED
2974,-448.49081364822314,2026-03-20 05:25:22.994002,2026-03-20 05:25:24.428012,0 days 00:00:01.434010,21.106936838942108,19.97446151028221,0.8134282953072857,Au,COMPLETE
2975,-9.615384615383135,2026-03-20 05:25:23.247654,2026-03-20 05:25:24.389120,0 days 00:00:01.141466,21.523991531291173,19.789101634540117,0.768619536199217,Au,PRUNED
2976,0.0,2026-03-20 05:25:23.328433,2026-03-20 05:25:24.778832,0 days 00:00:01.450399,20.04585707521009,19.76679639094789,0.1514183699099207,Au,PRUNED
2977,72.99270072992488,2026-03-20 05:25:23.384382,2026-03-20 05:25:24.412393,0 days 00:00:01.028011,36.531901604103375,18.04395142860399,0.37954893354028085,Cu,PRUNED
2978,-13.364779874212829,2026-03-20 05:25:23.450169,2026-03-20 05:25:25.166044,0 days 00:00:01.715875,46.66494694356572,6.972137377810113,1.8167227443156955,Au,PRUNED
2979,0.0,2026-03-20 05:25:23.484807,2026-03-20 05:25:24.724424,0 days 00:00:01.239617,20.12560882599219,17.920595486230535,0.5230147247029,Au,PRUNED
2980,4.807692307691938,2026-03-20 05:25:23.576249,2026-03-20 05:25:24.883437,0 days 00:00:01.307188,33.47491597801251,14.856963463363961,0.6828675334880224,Au,PRUNED
2981,-0.8928571428571173,2026-03-20 05:25:24.131422,2026-03-20 05:25:25.370500,0 days 00:00:01.239078,23.697730178095128,16.73060713762071,0.49656067173878254,Ag,PRUNED
2982,0.0,2026-03-20 05:25:24.564659,2026-03-20 05:25:25.721269,0 days 00:00:01.156610,32.16923571663403,18.39003847175707,0.866966916373876,Au,PRUNED
2983,0.0,2026-03-20 05:25:24.603491,2026-03-20 05:25:25.397185,0 days 00:00:00.793694,31.761883322089282,19.969643411988574,0.8020569964249049,Au,PRUNED
2984,0.0,2026-03-20 05:25:24.903464,2026-03-20 05:25:25.892099,0 days 00:00:00.988635,20.47140845507572,17.465207693308354,1.0634638563530665,Au,PRUNED
2985,-8.01282051281928,2026-03-20 05:25:25.046044,2026-03-20 05:25:25.994997,0 days 00:00:00.948953,21.608641149883407,19.79359422161486,1.0336522873218483,Au,PRUNED
2986,0.0,2026-03-20 05:25:25.087465,2026-03-20 05:25:26.234982,0 days 00:00:01.147517,102.13263535752696,19.863760698078572,1.8818752407037884,Ag,PRUNED
2987,0.0,2026-03-20 05:25:25.181671,2026-03-20 05:25:26.205794,0 days 00:00:01.024123,35.838211715731006,17.993404839537938,0.9444040335867989,Au,PRUNED
2988,-11.363636363634987,2026-03-20 05:25:25.273851,2026-03-20 05:25:26.400331,0 days 00:00:01.126480,23.318284444284703,19.719925825269936,0.8745306787409586,Cu,PRUNED
2989,0.0,2026-03-20 05:25:25.488493,2026-03-20 05:25:26.436487,0 days 00:00:00.947994,31.998832565940873,19.727113933645374,0.6970906400923039,Au,PRUNED
2990,4.166666666666334,2026-03-20 05:25:25.517536,2026-03-20 05:25:26.534612,0 days 00:00:01.017076,28.52595094904733,19.73574438111404,0.8961036476056817,Cu,PRUNED
2991,-7.716049382714907,2026-03-20 05:25:25.851453,2026-03-20 05:25:27.307417,0 days 00:00:01.455964,21.9322068674084,19.58491772276431,0.9649159484358126,Au,PRUNED
2992,0.0,2026-03-20 05:25:26.016704,2026-03-20 05:25:27.182063,0 days 00:00:01.165359,34.15251074589666,18.048130571868022,0.8207344209108438,Au,PRUNED
2993,0.0,2026-03-20 05:25:26.136240,2026-03-20 05:25:27.509598,0 days 00:00:01.373358,21.210533559929207,17.67039153337717,0.9110866415890313,Au,PRUNED
2994,0.0,2026-03-20 05:25:26.306069,2026-03-20 05:25:27.456054,0 days 00:00:01.149985,20.36089451331813,18.70284981339955,0.8533625899634467,Au,PRUNED
2995,0.0,2026-03-20 05:25:26.362772,2026-03-20 05:25:27.702941,0 days 00:00:01.340169,32.79823138158564,19.789069031776574,0.9426507129779481,Au,PRUNED
2996,0.0,2026-03-20 05:25:26.495911,2026-03-20 05:25:27.508599,0 days 00:00:01.012688,38.83294566276499,19.800513734028804,0.9209182722763842,Au,PRUNED
2997,0.0,2026-03-20 05:25:26.591044,2026-03-20 05:25:27.509598,0 days 00:00:00.918554,31.4718068365109,19.378255695734037,0.8099670383860811,Au,PRUNED
2998,0.0,2026-03-20 05:25:26.653896,2026-03-20 05:25:27.878794,0 days 00:00:01.224898,34.90691585733921,16.91741097450701,0.9622115524911008,Au,PRUNED
2999,0.0,2026-03-20 05:25:27.311485,2026-03-20 05:25:28.605985,0 days 00:00:01.294500,31.753628269761904,19.902556489929935,0.7330884611097775,Au,PRUNED
3000,4.0322580645156085,2026-03-20 05:25:27.404866,2026-03-20 05:25:28.560486,0 days 00:00:01.155620,23.495174520455834,19.663418548530164,0.8053086124396105,Au,PRUNED
3001,79.62962962962726,2026-03-20 05:25:27.550043,2026-03-20 05:25:29.106460,0 days 00:00:01.556417,32.79532033318338,16.704901313806282,0.8411507979609383,Au,PRUNED
3002,80.57598039215449,2026-03-20 05:25:27.618741,2026-03-20 05:25:28.635894,0 days 00:00:01.017153,32.10467513674932,15.9217409180946,0.7181826741630405,Au,PRUNED
3003,0.0,2026-03-20 05:25:27.667320,2026-03-20 05:25:28.559477,0 days 00:00:00.892157,20.049056905505854,17.42511378122806,1.0891111948767875,Au,PRUNED
3004,0.0,2026-03-20 05:25:27.720049,2026-03-20 05:25:29.058722,0 days 00:00:01.338673,21.1398187202744,13.674735874000662,0.875438851584095,Au,PRUNED
3005,-15.046296296294623,2026-03-20 05:25:27.807611,2026-03-20 05:25:28.731712,0 days 00:00:00.924101,28.188078578030076,14.187977980932377,0.837263781434662,Au,PRUNED
3006,-350.2604166666229,2026-03-20 05:25:28.055740,2026-03-20 05:25:28.982044,0 days 00:00:00.926304,20.203909585620526,19.25615801151612,0.9621148712284616,Au,PRUNED
3007,0.0,2026-03-20 05:25:28.795934,2026-03-20 05:25:30.280153,0 days 00:00:01.484219,42.43229858328024,19.982404600069536,0.8141927940472375,Au,PRUNED
3008,0.0,2026-03-20 05:25:28.833144,2026-03-20 05:25:30.205219,0 days 00:00:01.372075,30.773192254929057,19.97761306463541,0.9697175327403931,Au,PRUNED
3009,0.0,2026-03-20 05:25:28.883708,2026-03-20 05:25:30.057565,0 days 00:00:01.173857,33.48310794272029,17.570462245475746,0.7838343388575666,Au,PRUNED
3010,0.0,2026-03-20 05:25:28.919937,2026-03-20 05:25:30.358152,0 days 00:00:01.438215,21.16316673893234,16.95345247622095,0.8036152689163096,Au,PRUNED
3011,0.0,2026-03-20 05:25:28.950775,2026-03-20 05:25:29.954413,0 days 00:00:01.003638,35.16295722277809,18.373546057819905,0.8217337220897422,Au,PRUNED
3012,0.0,2026-03-20 05:25:29.109715,2026-03-20 05:25:30.146093,0 days 00:00:01.036378,20.016479119188798,19.1859060848695,0.9097530575100874,Au,PRUNED
3013,0.0,2026-03-20 05:25:29.184112,2026-03-20 05:25:30.205219,0 days 00:00:01.021107,51.702005321236356,18.03660890303463,1.043054469869948,Au,PRUNED
3014,82.72058823529169,2026-03-20 05:25:29.217616,2026-03-20 05:25:30.601511,0 days 00:00:01.383895,24.490275656355536,19.952773060033074,0.8329813561585022,Au,PRUNED
3015,-4.960317460316988,2026-03-20 05:25:30.109788,2026-03-20 05:25:31.153878,0 days 00:00:01.044090,40.45610420621233,18.519865047181277,0.8258081914616794,Ag,PRUNED
3016,0.0,2026-03-20 05:25:30.174160,2026-03-20 05:25:31.580659,0 days 00:00:01.406499,30.130514379760108,19.73333730965663,0.6991945359345356,Au,PRUNED
3017,0.0,2026-03-20 05:25:30.250894,2026-03-20 05:25:31.582666,0 days 00:00:01.331772,32.51416896538848,19.990895257736803,0.8881849491995293,Au,PRUNED
3018,0.0,2026-03-20 05:25:30.422202,2026-03-20 05:25:31.346066,0 days 00:00:00.923864,44.86011913646202,17.489148556276096,0.7426470372113864,Au,PRUNED
3019,-307.87037037033616,2026-03-20 05:25:30.468146,2026-03-20 05:25:31.265957,0 days 00:00:00.797811,22.1787401443376,17.315332636055587,0.7936536237254116,Au,PRUNED
3020,0.0,2026-03-20 05:25:30.500707,2026-03-20 05:25:31.581668,0 days 00:00:01.080961,20.939531026429176,16.902597658470466,0.5580084538539832,Au,PRUNED
3021,-401.30023640656185,2026-03-20 05:25:30.683548,2026-03-20 05:25:31.581668,0 days 00:00:00.898120,20.88806833169556,19.802414924266007,0.5054051515477652,Au,COMPLETE
3022,0.0,2026-03-20 05:25:30.717608,2026-03-20 05:25:31.939362,0 days 00:00:01.221754,36.46476411888953,17.4461879661717,1.0746309991335556,Au,PRUNED
3023,-362.9032258064048,2026-03-20 05:25:31.384121,2026-03-20 05:25:32.144966,0 days 00:00:00.760845,20.75334862763404,19.27351469337107,0.7015524930643522,Au,PRUNED
3024,0.0,2026-03-20 05:25:31.451811,2026-03-20 05:25:32.670926,0 days 00:00:01.219115,34.25512315350409,19.474065447686794,0.6682076909545023,Au,PRUNED
3025,0.0,2026-03-20 05:25:31.537525,2026-03-20 05:25:32.670124,0 days 00:00:01.132599,20.117001317234774,19.28555261578354,0.7711774832921002,Au,PRUNED
3026,2.7777777777774073,2026-03-20 05:25:31.755123,2026-03-20 05:25:33.003394,0 days 00:00:01.248271,23.19948614326103,19.834291532366123,0.7662335266023534,Au,PRUNED
3027,0.0,2026-03-20 05:25:31.784365,2026-03-20 05:25:32.563676,0 days 00:00:00.779311,21.922757053731228,16.216770289164902,1.0604034273620269,Au,PRUNED
3028,0.0,2026-03-20 05:25:31.869260,2026-03-20 05:25:32.687526,0 days 00:00:00.818266,28.451361600145695,19.995125622665878,0.7397497794370568,Au,PRUNED
3029,0.0,2026-03-20 05:25:31.963997,2026-03-20 05:25:33.341205,0 days 00:00:01.377208,20.043625384648053,19.62097054222221,0.6498874444879477,Au,PRUNED
3030,-6.172839506171925,2026-03-20 05:25:32.173065,2026-03-20 05:25:33.393644,0 days 00:00:01.220579,22.39818537117136,19.772422588719277,0.5881187081388878,Au,PRUNED
3031,0.0,2026-03-20 05:25:32.318757,2026-03-20 05:25:33.140220,0 days 00:00:00.821463,33.3689770099986,17.484521768691195,0.5915140313550282,Au,PRUNED
3032,0.0,2026-03-20 05:25:32.632082,2026-03-20 05:25:33.836413,0 days 00:00:01.204331,34.13178801037505,17.445455531611657,0.6589862697065312,Au,PRUNED
3033,-374.99999999995,2026-03-20 05:25:32.803661,2026-03-20 05:25:33.771806,0 days 00:00:00.968145,20.605241586694117,19.679868141533344,0.5641113046598352,Au,PRUNED
3034,81.49509803921329,2026-03-20 05:25:32.828348,2026-03-20 05:25:33.836413,0 days 00:00:01.008065,29.53518778291129,17.01490897853081,0.6017030174510135,Au,PRUNED
3035,0.0,2026-03-20 05:25:32.874345,2026-03-20 05:25:34.023304,0 days 00:00:01.148959,20.775676496108833,17.265875394181784,0.6808283136014709,Au,PRUNED
3036,0.0,2026-03-20 05:25:33.173659,2026-03-20 05:25:34.185243,0 days 00:00:01.011584,46.36570935724377,19.99961180804841,1.0350415039274041,Au,PRUNED
3037,81.80147058823289,2026-03-20 05:25:33.239915,2026-03-20 05:25:34.294986,0 days 00:00:01.055071,28.878515984725002,17.07696381956744,0.7731251222512369,Au,PRUNED
3038,0.0,2026-03-20 05:25:33.486048,2026-03-20 05:25:34.693688,0 days 00:00:01.207640,33.973141587177494,17.839427750231025,0.574178314716792,Au,PRUNED
3039,-420.6790123456165,2026-03-20 05:25:33.540390,2026-03-20 05:25:34.904341,0 days 00:00:01.363951,20.699180792731838,19.837294413141674,0.8901620136572135,Au,COMPLETE
3040,-1.1990407673860566,2026-03-20 05:25:33.887550,2026-03-20 05:25:35.623650,0 days 00:00:01.736100,21.844365231414898,19.94038203409444,0.525313341057316,Ag,PRUNED
3041,0.0,2026-03-20 05:25:33.999789,2026-03-20 05:25:35.105335,0 days 00:00:01.105546,36.230643621700054,17.62371219725152,0.638536827688462,Au,PRUNED
3042,0.0,2026-03-20 05:25:34.074889,2026-03-20 05:25:35.166665,0 days 00:00:01.091776,32.790419125466244,19.94584380363917,0.5488985259784949,Au,PRUNED
3043,0.0,2026-03-20 05:25:34.106696,2026-03-20 05:25:35.257879,0 days 00:00:01.151183,32.931038958493964,18.000857407357223,0.6199257003077545,Au,PRUNED
3044,80.55555555555317,2026-03-20 05:25:34.426674,2026-03-20 05:25:35.255882,0 days 00:00:00.829208,30.32158984593299,17.849598995958413,0.6735952443459674,Au,PRUNED
3045,0.0,2026-03-20 05:25:34.538486,2026-03-20 05:25:36.086707,0 days 00:00:01.548221,21.984778217548,16.20234318286107,1.0547419341176711,Au,PRUNED
3046,0.0,2026-03-20 05:25:34.789714,2026-03-20 05:25:36.087724,0 days 00:00:01.298010,35.69087742735421,17.949501147605996,0.6025210652517369,Au,PRUNED
3047,-1.1990407673860566,2026-03-20 05:25:35.200366,2026-03-20 05:25:36.396707,0 days 00:00:01.196341,20.410784373409385,19.587678671497518,0.5344941922518562,Ag,PRUNED
3048,10.6707317073169,2026-03-20 05:25:35.260464,2026-03-20 05:25:36.448278,0 days 00:00:01.187814,116.01421133595602,2.9805520653881947,0.3610609642066569,Au,PRUNED
3049,-24.193548387093653,2026-03-20 05:25:35.389794,2026-03-20 05:25:36.463804,0 days 00:00:01.074010,27.137277097955934,19.826610597900654,0.917177226813964,Ag,PRUNED
3050,0.0,2026-03-20 05:25:35.419674,2026-03-20 05:25:36.497554,0 days 00:00:01.077880,21.134578494769514,18.242059697009026,0.6345835320874551,Au,PRUNED
3051,80.55555555555317,2026-03-20 05:25:35.465942,2026-03-20 05:25:36.362614,0 days 00:00:00.896672,30.65980759761524,17.134020800379577,0.9541649846435487,Au,PRUNED
3052,-424.129353233768,2026-03-20 05:25:35.739951,2026-03-20 05:25:37.463989,0 days 00:00:01.724038,20.79408114778455,19.879482059714675,0.8276384305892031,Au,COMPLETE
3053,-3.0864197530859623,2026-03-20 05:25:36.279219,2026-03-20 05:25:37.287580,0 days 00:00:01.008361,22.571488464843174,19.918520767850165,0.5808230417259771,Au,PRUNED
3054,0.0,2026-03-20 05:25:36.310407,2026-03-20 05:25:37.572548,0 days 00:00:01.262141,20.719469517345807,17.21516383564712,0.8269565437702157,Au,PRUNED
3055,0.0,2026-03-20 05:25:36.409520,2026-03-20 05:25:37.619049,0 days 00:00:01.209529,31.869780177033824,19.792765378316687,1.040910819031644,Au,PRUNED
3056,0.0,2026-03-20 05:25:36.573417,2026-03-20 05:25:37.603494,0 days 00:00:01.030077,43.26859603870683,14.993104706773906,0.4639362156368658,Au,PRUNED
3057,0.0,2026-03-20 05:25:36.623657,2026-03-20 05:25:37.386812,0 days 00:00:00.763155,20.352665132716876,17.788079863111733,0.8056988391476145,Au,PRUNED
3058,73.14148681054945,2026-03-20 05:25:36.655975,2026-03-20 05:25:37.757427,0 days 00:00:01.101452,43.277096023963196,14.14200326860209,0.41316340635528337,Au,PRUNED
3059,-20.83333333332986,2026-03-20 05:25:36.701290,2026-03-20 05:25:38.395250,0 days 00:00:01.693960,45.92823494537191,9.36393414444829,0.8174368673240751,Ag,PRUNED
3060,0.0,2026-03-20 05:25:37.389812,2026-03-20 05:25:38.439915,0 days 00:00:01.050103,32.64823706594975,19.918895891983638,0.42794591631412227,Au,PRUNED
3061,0.0,2026-03-20 05:25:37.533141,2026-03-20 05:25:38.476679,0 days 00:00:00.943538,20.01347449713464,15.051290089710118,0.6106422313888389,Au,PRUNED
3062,-0.8802816901408202,2026-03-20 05:25:37.662464,2026-03-20 05:25:38.931219,0 days 00:00:01.268755,21.00170751890193,0.7685194921820635,1.6011176320730522,Ag,PRUNED
3063,0.0,2026-03-20 05:25:37.697604,2026-03-20 05:25:38.774726,0 days 00:00:01.077122,27.72940938699192,19.986921978432722,0.6034348107832428,Au,PRUNED
3064,-374.99999999995,2026-03-20 05:25:37.840537,2026-03-20 05:25:38.772381,0 days 00:00:00.931844,20.566207758449092,19.86415071624225,0.3985771651929992,Au,PRUNED
3065,-178.67231638416865,2026-03-20 05:25:37.895846,2026-03-20 05:25:38.930213,0 days 00:00:01.034367,24.870724741894694,14.095202543667586,0.5420279440264104,Au,PRUNED
3066,0.0,2026-03-20 05:25:37.867693,2026-03-20 05:25:38.742142,0 days 00:00:00.874449,40.05888121937065,19.83156616141105,1.0906684830536824,Au,PRUNED
3067,-6.410256410255424,2026-03-20 05:25:38.439915,2026-03-20 05:25:39.054594,0 days 00:00:00.614679,21.579212838994035,19.944512274075024,1.0150981386074156,Au,PRUNED
3068,0.0,2026-03-20 05:25:38.563720,2026-03-20 05:25:39.117637,0 days 00:00:00.553917,33.57506843403405,19.667808319109625,1.090891726936413,Au,PRUNED
3069,0.0,2026-03-20 05:25:38.588352,2026-03-20 05:25:39.506793,0 days 00:00:00.918441,46.645842534230454,19.843350664621383,0.5534028412990121,Au,PRUNED
3070,-20.833333333329545,2026-03-20 05:25:38.863882,2026-03-20 05:25:39.551856,0 days 00:00:00.687974,84.96844726128948,7.050269979830944,0.8921801472807733,Ag,PRUNED
3071,80.86419753086179,2026-03-20 05:25:38.902323,2026-03-20 05:25:39.760635,0 days 00:00:00.858312,30.974087141958954,17.192306411295263,0.5607625644316915,Au,PRUNED
3072,4.648074369189833,2026-03-20 05:25:38.964539,2026-03-20 05:25:39.784955,0 days 00:00:00.820416,117.94559289308576,11.239392527198387,1.1528557945746385,Ag,PRUNED
3073,0.0,2026-03-20 05:25:39.097678,2026-03-20 05:25:39.754830,0 days 00:00:00.657152,20.63291810626166,18.92864723869133,0.6691787338261106,Au,PRUNED
3074,-12.096774193546826,2026-03-20 05:25:39.161019,2026-03-20 05:25:39.801688,0 days 00:00:00.640669,25.600137010983037,16.522253958560952,0.6141233847296645,Au,PRUNED
3075,0.0,2026-03-20 05:25:39.148986,2026-03-20 05:25:39.830889,0 days 00:00:00.681903,46.72106286884574,16.931495945350836,0.656677419378666,Au,PRUNED
3076,0.0,2026-03-20 05:25:39.197487,2026-03-20 05:25:39.784447,0 days 00:00:00.586960,35.62617743595494,19.95878589717728,0.6857823362325528,Au,PRUNED
3077,-9.9999999999984,2026-03-20 05:25:39.667187,2026-03-20 05:25:40.394670,0 days 00:00:00.727483,21.53485231047883,19.859797290326622,0.7426701213527376,Au,PRUNED
3078,0.0,2026-03-20 05:25:39.711444,2026-03-20 05:25:40.205893,0 days 00:00:00.494449,21.009719403554104,16.399971023097084,0.5353906402921682,Au,PRUNED
3079,-441.2144702841686,2026-03-20 05:25:39.780432,2026-03-20 05:25:40.761697,0 days 00:00:00.981265,21.660416521539965,19.651042531779673,0.6645042475255247,Au,COMPLETE
3080,-0.5868544600938801,2026-03-20 05:25:39.823835,2026-03-20 05:25:40.558652,0 days 00:00:00.734817,49.93015387915929,14.734469372380401,0.9494062894116286,Au,PRUNED
3081,0.0,2026-03-20 05:25:39.866644,2026-03-20 05:25:40.534360,0 days 00:00:00.667716,20.044442939728626,16.208238161321397,0.7810934790384467,Au,PRUNED
3082,0.0,2026-03-20 05:25:40.031549,2026-03-20 05:25:40.582889,0 days 00:00:00.551340,33.35854647949385,19.977509125196,0.7092212766676455,Au,PRUNED
3083,0.0,2026-03-20 05:25:40.070163,2026-03-20 05:25:41.048672,0 days 00:00:00.978509,20.59060777424505,17.270073287546907,1.04959949488912,Au,PRUNED
3084,0.0,2026-03-20 05:25:40.106416,2026-03-20 05:25:40.662156,0 days 00:00:00.555740,31.774422846580386,19.980696034528673,0.9414228931223647,Au,PRUNED
3085,1.436781609195204,2026-03-20 05:25:40.295691,2026-03-20 05:25:41.111999,0 days 00:00:00.816308,23.077003767978184,19.722251405157188,0.7693313118108056,Au,PRUNED
3086,0.0,2026-03-20 05:25:40.528151,2026-03-20 05:25:41.075799,0 days 00:00:00.547648,20.324650159718402,17.474627317774907,0.6290904824218512,Cu,PRUNED
3087,0.0,2026-03-20 05:25:40.609592,2026-03-20 05:25:41.407148,0 days 00:00:00.797556,20.166881351921806,17.093844343019278,0.7317095991740954,Au,PRUNED
3088,0.0,2026-03-20 05:25:40.660645,2026-03-20 05:25:41.407148,0 days 00:00:00.746503,21.53104754681019,17.048995913411638,0.9776705091350295,Au,PRUNED
3089,0.0,2026-03-20 05:25:40.682519,2026-03-20 05:25:41.312469,0 days 00:00:00.629950,33.79439768814207,19.86349698620109,0.7775071557076715,Au,PRUNED
3090,-13.44086021505203,2026-03-20 05:25:40.787694,2026-03-20 05:25:41.549832,0 days 00:00:00.762138,23.43631469457798,17.136963624746652,1.0459993239049385,Au,PRUNED
3091,80.24691358024454,2026-03-20 05:25:41.005663,2026-03-20 05:25:41.536729,0 days 00:00:00.531066,29.724122257838392,17.894093574926615,1.0081761339424737,Au,PRUNED
3092,0.0,2026-03-20 05:25:41.143886,2026-03-20 05:25:42.109474,0 days 00:00:00.965588,30.901251571949174,17.491261733815286,1.0234678703124032,Au,PRUNED
3093,0.0,2026-03-20 05:25:41.216558,2026-03-20 05:25:41.792144,0 days 00:00:00.575586,34.77570801485973,17.422501581105635,1.165196953610811,Au,PRUNED
3094,0.0,2026-03-20 05:25:41.291322,2026-03-20 05:25:42.297878,0 days 00:00:01.006556,31.28300679896431,17.754503105706675,0.6169937401592313,Au,PRUNED
3095,0.0,2026-03-20 05:25:41.459033,2026-03-20 05:25:41.970240,0 days 00:00:00.511207,37.23108985346481,19.858000821627712,0.5465395448181088,Au,PRUNED
3096,0.0,2026-03-20 05:25:41.500200,2026-03-20 05:25:42.266335,0 days 00:00:00.766135,26.705507582400987,19.98323748300005,1.0913280534911567,Au,PRUNED
3097,0.0,2026-03-20 05:25:41.567914,2026-03-20 05:25:42.314698,0 days 00:00:00.746784,34.20966372514426,17.433148258099354,1.1865844188036596,Au,PRUNED
3098,0.0,2026-03-20 05:25:41.638910,2026-03-20 05:25:42.314698,0 days 00:00:00.675788,26.496443077619638,19.983148664768873,0.9378000501611061,Au,PRUNED
3099,0.0,2026-03-20 05:25:41.665565,2026-03-20 05:25:42.296805,0 days 00:00:00.631240,20.9925548806848,17.362671676087405,0.6940498187051887,Au,PRUNED
3100,13.997395833333117,2026-03-20 05:25:41.886720,2026-03-20 05:25:42.872118,0 days 00:00:00.985398,91.32644103242912,9.025637250958765,1.6163964794482655,Cu,PRUNED
3101,0.0,2026-03-20 05:25:42.161671,2026-03-20 05:25:43.026144,0 days 00:00:00.864473,20.398988621408648,18.626093804323872,0.8683806213007933,Au,PRUNED
3102,-410.92995169076204,2026-03-20 05:25:42.229290,2026-03-20 05:25:43.024104,0 days 00:00:00.794814,20.79850488905859,19.792996176772085,0.7274125149711064,Au,COMPLETE
3103,-444.98697916659717,2026-03-20 05:25:42.393675,2026-03-20 05:25:43.024104,0 days 00:00:00.630429,21.28531120572326,19.900460032198644,0.7605452591037785,Au,COMPLETE
3104,-0.5165289256198261,2026-03-20 05:25:42.407795,2026-03-20 05:25:43.260382,0 days 00:00:00.852587,109.38652733640563,9.177718518553108,1.830681407265951,Au,PRUNED
3105,-401.59574468079353,2026-03-20 05:25:42.429563,2026-03-20 05:25:42.950083,0 days 00:00:00.520520,20.152899852943065,19.796760261324405,1.142743911587449,Au,COMPLETE
3106,-1.446759259259219,2026-03-20 05:25:42.451838,2026-03-20 05:25:43.099370,0 days 00:00:00.647532,46.12546599040341,18.967532213724223,0.7534056104099369,Cu,PRUNED
3107,-1.700680272108816,2026-03-20 05:25:42.485717,2026-03-20 05:25:43.185562,0 days 00:00:00.699845,112.24266686753415,0.8865923899098256,1.8788825706889734,Cu,PRUNED
3108,0.0,2026-03-20 05:25:42.954043,2026-03-20 05:25:43.582332,0 days 00:00:00.628289,33.16620595142666,19.969594811124868,0.72484895487627,Au,PRUNED
3109,80.26960784313488,2026-03-20 05:25:43.148625,2026-03-20 05:25:43.965233,0 days 00:00:00.816608,31.624535883927244,16.71479568202935,0.4568811673862487,Au,PRUNED
3110,0.0,2026-03-20 05:25:43.222999,2026-03-20 05:25:43.935689,0 days 00:00:00.712690,32.95033118311203,17.43985831289549,0.5796523057676817,Au,PRUNED
3111,-11.904761904760933,2026-03-20 05:25:43.201640,2026-03-20 05:25:43.885311,0 days 00:00:00.683671,31.54435638532784,15.960622458767896,0.46463236566727667,Ag,PRUNED
3112,0.0,2026-03-20 05:25:43.284567,2026-03-20 05:25:43.857780,0 days 00:00:00.573213,20.79526617525157,17.424986132768158,0.5872796404877767,Au,PRUNED
3113,0.0,2026-03-20 05:25:43.311056,2026-03-20 05:25:43.965233,0 days 00:00:00.654177,34.35869575182392,17.26812624660558,0.7593826725442896,Au,PRUNED
3114,0.0,2026-03-20 05:25:43.341391,2026-03-20 05:25:43.960840,0 days 00:00:00.619449,40.67766007294958,17.445255417434513,0.7707828323247705,Au,PRUNED
3115,0.0,2026-03-20 05:25:43.400642,2026-03-20 05:25:43.963681,0 days 00:00:00.563039,33.150666237263096,17.00670718935976,0.6581093652642812,Au,PRUNED
3116,0.0,2026-03-20 05:25:43.642303,2026-03-20 05:25:44.367334,0 days 00:00:00.725031,52.24841159260747,17.80174666981613,0.7105709759224835,Au,PRUNED
3117,0.0,2026-03-20 05:25:43.889866,2026-03-20 05:25:44.824779,0 days 00:00:00.934913,20.334963089227266,17.7445002715897,0.7588759669423413,Au,PRUNED
3118,0.0,2026-03-20 05:25:44.029448,2026-03-20 05:25:44.859171,0 days 00:00:00.829723,51.02279173892201,17.845020266362432,0.8485205349315066,Au,PRUNED
3119,0.0,2026-03-20 05:25:44.078494,2026-03-20 05:25:44.667000,0 days 00:00:00.588506,32.75787926130704,19.906151985379395,0.58451324889594,Au,PRUNED
3120,-0.7002801120448061,2026-03-20 05:25:44.093682,2026-03-20 05:25:44.859171,0 days 00:00:00.765489,82.03192083925313,18.63477459502327,1.8603329820136716,Au,PRUNED
3121,-0.499999999999992,2026-03-20 05:25:44.122469,2026-03-20 05:25:44.964673,0 days 00:00:00.842204,112.3549846624133,6.88052248794089,0.3202871054763011,Au,PRUNED
3122,-8.333333333332,2026-03-20 05:25:44.153350,2026-03-20 05:25:44.949622,0 days 00:00:00.796272,21.478705245587562,19.943980531877514,0.8458056375164029,Au,PRUNED
3123,0.0,2026-03-20 05:25:44.178529,2026-03-20 05:25:45.045110,0 days 00:00:00.866581,34.64279358056604,19.776615135813387,0.465423172224369,Au,PRUNED
3124,0.0,2026-03-20 05:25:44.444991,2026-03-20 05:25:44.861685,0 days 00:00:00.416694,37.27866970814778,19.812130398550234,0.5319608052819151,Au,PRUNED
3125,-416.9730392156249,2026-03-20 05:25:44.732042,2026-03-20 05:25:45.608208,0 days 00:00:00.876166,20.992815949959475,19.912554491386427,0.4713337262112805,Au,COMPLETE
3126,0.0,2026-03-20 05:25:44.925004,2026-03-20 05:25:45.691432,0 days 00:00:00.766428,47.659522494233045,19.948437671262624,0.3948647390887718,Au,PRUNED
3127,0.0,2026-03-20 05:25:45.001066,2026-03-20 05:25:46.060921,0 days 00:00:01.059855,20.24765297925373,15.286088286540428,0.5111420673262346,Au,PRUNED
3128,-380.9121621621107,2026-03-20 05:25:45.077312,2026-03-20 05:25:45.743572,0 days 00:00:00.666260,20.286470422686723,19.652833257507556,0.9029053912380516,Au,COMPLETE
3129,-2.976190476190051,2026-03-20 05:25:45.162373,2026-03-20 05:25:45.813608,0 days 00:00:00.651235,22.907068949324888,19.646474896559674,0.6149025732691007,Au,PRUNED
3130,0.0,2026-03-20 05:25:45.189268,2026-03-20 05:25:45.920646,0 days 00:00:00.731378,34.85951186574352,17.390270050119746,0.8663956736489812,Au,PRUNED
3131,-338.38383838379735,2026-03-20 05:25:45.204576,2026-03-20 05:25:45.692431,0 days 00:00:00.487855,20.932974440048767,19.049531175245317,0.47447294174845256,Au,PRUNED
3132,0.0,2026-03-20 05:25:45.218782,2026-03-20 05:25:45.689429,0 days 00:00:00.470647,35.0769437552501,19.984134552245276,1.2650103518219495,Au,PRUNED
3133,0.0,2026-03-20 05:25:45.771197,2026-03-20 05:25:46.797763,0 days 00:00:01.026566,20.632785307623497,18.286753859469208,0.6780756973579473,Au,PRUNED
3134,0.0,2026-03-20 05:25:45.800399,2026-03-20 05:25:46.630254,0 days 00:00:00.829855,57.238705014227676,19.90080726057075,1.296089948360069,Au,PRUNED
3135,-362.9032258064048,2026-03-20 05:25:45.816579,2026-03-20 05:25:46.869232,0 days 00:00:01.052653,20.327709433514144,19.621997663294795,0.7046287126482548,Au,PRUNED
3136,-19.379844961238508,2026-03-20 05:25:45.877939,2026-03-20 05:25:46.830531,0 days 00:00:00.952592,36.7440724313859,17.10844103981281,1.0798016539075839,Ag,PRUNED
3137,-397.8873239436063,2026-03-20 05:25:45.955795,2026-03-20 05:25:46.651319,0 days 00:00:00.695524,20.947828249298844,19.715360308872274,0.4754065028121952,Au,COMPLETE
3138,-1.1904761904761563,2026-03-20 05:25:45.985438,2026-03-20 05:25:46.814757,0 days 00:00:00.829319,20.982203626703235,17.548604927487816,1.0150205242485655,Ag,PRUNED
3139,0.0,2026-03-20 05:25:46.095077,2026-03-20 05:25:46.651319,0 days 00:00:00.556242,34.36279309765672,19.974942229821984,0.37991057345784596,Au,PRUNED
3140,0.0,2026-03-20 05:25:46.178096,2026-03-20 05:25:46.687383,0 days 00:00:00.509287,47.259101771423495,19.952124506634355,0.14201163982086773,Au,PRUNED
3141,0.0,2026-03-20 05:25:46.710736,2026-03-20 05:25:47.450348,0 days 00:00:00.739612,52.94910167929265,19.753124613630558,0.7445924731266984,Au,PRUNED
3142,0.0,2026-03-20 05:25:46.736757,2026-03-20 05:25:47.481951,0 days 00:00:00.745194,50.9712150416792,19.70741504873091,0.7889138632076933,Au,PRUNED
3143,-9.9999999999984,2026-03-20 05:25:46.766987,2026-03-20 05:25:47.469916,0 days 00:00:00.702929,21.330141172530357,19.9718595599324,0.8147477838222195,Au,PRUNED
3144,0.0,2026-03-20 05:25:46.923856,2026-03-20 05:25:47.774864,0 days 00:00:00.851008,28.064942071088417,19.97157278680262,0.4722219999818863,Au,PRUNED
3145,0.0,2026-03-20 05:25:46.954523,2026-03-20 05:25:47.562821,0 days 00:00:00.608298,20.500041419866342,16.986089340886178,0.41940257141772674,Au,PRUNED
3146,-423.81840796013535,2026-03-20 05:25:47.003983,2026-03-20 05:25:47.655013,0 days 00:00:00.651030,20.66244333227981,19.833605730835878,0.9637642437267744,Au,COMPLETE
3147,79.0441176470565,2026-03-20 05:25:47.021040,2026-03-20 05:25:47.745820,0 days 00:00:00.724780,36.46162366147595,14.502759804385288,0.6885254181904287,Au,PRUNED
3148,-455.666666666593,2026-03-20 05:25:47.040064,2026-03-20 05:25:47.998863,0 days 00:00:00.958799,21.708268060503837,19.960478928390696,0.38133098662016945,Au,COMPLETE
3149,0.0,2026-03-20 05:25:47.534172,2026-03-20 05:25:48.526407,0 days 00:00:00.992235,31.83036021018649,19.985761805771773,0.5705954754265672,Au,PRUNED
3150,0.0,2026-03-20 05:25:47.580867,2026-03-20 05:25:48.735428,0 days 00:00:01.154561,20.033485372710157,19.716880507903646,0.7118887152038891,Au,PRUNED
3151,0.0,2026-03-20 05:25:47.622212,2026-03-20 05:25:48.485933,0 days 00:00:00.863721,20.07800097298282,17.25012524246213,0.5115302365448101,Au,PRUNED
3152,-420.3703703703087,2026-03-20 05:25:47.687549,2026-03-20 05:25:48.590074,0 days 00:00:00.902525,21.348475458274503,19.657847743007284,0.536974082969892,Au,COMPLETE
3153,-0.8992805755395424,2026-03-20 05:25:47.892795,2026-03-20 05:25:48.381203,0 days 00:00:00.488408,21.532046513164126,18.007840273602675,0.7768496781794836,Ag,PRUNED
3154,-9.09090909090843,2026-03-20 05:25:47.923638,2026-03-20 05:25:48.513869,0 days 00:00:00.590231,26.218863233176624,17.080484655626726,0.7617166038822772,Ag,PRUNED
3155,0.0,2026-03-20 05:25:47.939015,2026-03-20 05:25:48.401660,0 days 00:00:00.462645,20.97495689094508,17.284283403765325,0.36199896623453365,Au,PRUNED
3156,0.0,2026-03-20 05:25:48.193476,2026-03-20 05:25:48.724904,0 days 00:00:00.531428,38.289253081667034,15.957188693408597,0.34943044303745185,Au,PRUNED
3157,-0.6720430107526773,2026-03-20 05:25:48.456901,2026-03-20 05:25:49.047499,0 days 00:00:00.590598,66.03644700561098,15.892871376202308,0.9100666170230484,Cu,PRUNED
3158,0.0,2026-03-20 05:25:48.439472,2026-03-20 05:25:49.470703,0 days 00:00:01.031231,20.426195257479876,19.433297185543495,0.466231001348253,Au,PRUNED
3159,81.80147058823289,2026-03-20 05:25:48.653751,2026-03-20 05:25:49.409237,0 days 00:00:00.755486,29.502292264114033,17.07423355219892,0.27812874838017426,Au,PRUNED
3160,0.0,2026-03-20 05:25:48.695351,2026-03-20 05:25:49.398649,0 days 00:00:00.703298,31.471923086594913,18.0769530423536,0.38624392390328094,Au,PRUNED
3161,0.0,2026-03-20 05:25:48.734430,2026-03-20 05:25:49.409237,0 days 00:00:00.674807,46.297095692090366,17.405989455922263,0.44106058991947694,Au,PRUNED
3162,80.86419753086179,2026-03-20 05:25:48.814706,2026-03-20 05:25:49.397644,0 days 00:00:00.582938,31.162582945135075,17.260074060898436,0.4907175609758746,Au,PRUNED
3163,-306.7129629629289,2026-03-20 05:25:48.846086,2026-03-20 05:25:49.533437,0 days 00:00:00.687351,22.282404164656402,17.524583588302132,0.3943628092932616,Au,PRUNED
3164,0.0,2026-03-20 05:25:48.924117,2026-03-20 05:25:49.533437,0 days 00:00:00.609320,20.421458631212136,19.190619895608783,0.44396171309179205,Au,PRUNED
3165,77.25060827250383,2026-03-20 05:25:49.142806,2026-03-20 05:25:49.850354,0 days 00:00:00.707548,33.71558367228926,19.94862625205696,0.37626261900687413,Cu,PRUNED
3166,0.29761904761903907,2026-03-20 05:25:49.489723,2026-03-20 05:25:50.435071,0 days 00:00:00.945348,21.870296981465245,6.842365989042753,1.9692119981245528,Au,PRUNED
3167,0.0,2026-03-20 05:25:49.520832,2026-03-20 05:25:50.480188,0 days 00:00:00.959356,41.098484771148016,19.966070150679048,0.11664584911085935,Au,PRUNED
3168,0.0,2026-03-20 05:25:49.581612,2026-03-20 05:25:50.316310,0 days 00:00:00.734698,32.763597348554484,19.419659344032684,0.45924153232140175,Au,PRUNED
3169,0.0,2026-03-20 05:25:49.613285,2026-03-20 05:25:50.173158,0 days 00:00:00.559873,33.81588940129747,19.692550164759847,0.4499766926116119,Au,PRUNED
3170,0.0,2026-03-20 05:25:49.642455,2026-03-20 05:25:50.579177,0 days 00:00:00.936722,20.55915383134763,15.936764586380338,0.43386897022744764,Au,PRUNED
3171,0.0,2026-03-20 05:25:49.675805,2026-03-20 05:25:50.399137,0 days 00:00:00.723332,20.475412460375765,17.326702203788944,0.5124966100606299,Au,PRUNED
3172,0.0,2026-03-20 05:25:49.714025,2026-03-20 05:25:50.398617,0 days 00:00:00.684592,20.906992430554727,14.867013271882435,0.3337468464961243,Au,PRUNED
3173,0.0,2026-03-20 05:25:49.975433,2026-03-20 05:25:51.030898,0 days 00:00:01.055465,42.59042390254312,17.53912561880159,0.30617712500362937,Au,PRUNED
3174,0.0,2026-03-20 05:25:50.347680,2026-03-20 05:25:50.999575,0 days 00:00:00.651895,33.47292890309915,19.844402175268524,0.2872360914768112,Au,PRUNED
3175,0.0,2026-03-20 05:25:50.426034,2026-03-20 05:25:51.438664,0 days 00:00:01.012630,20.101308834841806,16.10652768857303,0.6680528554651588,Au,PRUNED
3176,0.0,2026-03-20 05:25:50.503582,2026-03-20 05:25:51.440675,0 days 00:00:00.937093,20.27232993700427,18.349007128825242,0.5364486974150251,Au,PRUNED
3177,0.0,2026-03-20 05:25:50.523258,2026-03-20 05:25:51.149602,0 days 00:00:00.626344,33.816722602401505,17.431495474016693,0.418944982912027,Au,PRUNED
3178,0.0,2026-03-20 05:25:50.604945,2026-03-20 05:25:51.139557,0 days 00:00:00.534612,40.86409895562383,17.30033563406495,0.4140957972065647,Au,PRUNED
3179,80.55555555555317,2026-03-20 05:25:50.667563,2026-03-20 05:25:51.296459,0 days 00:00:00.628896,30.69675738775088,17.94739209651092,0.34264473877968255,Au,PRUNED
3180,0.0,2026-03-20 05:25:50.690973,2026-03-20 05:25:51.545210,0 days 00:00:00.854237,46.98306659683425,16.712745849803895,0.46405445520855654,Au,PRUNED
3181,0.0,2026-03-20 05:25:51.102286,2026-03-20 05:25:51.897670,0 days 00:00:00.795384,20.198390172099796,16.63297407655729,0.43292457432337567,Au,PRUNED
3182,-361.55913978489957,2026-03-20 05:25:51.164656,2026-03-20 05:25:52.042860,0 days 00:00:00.878204,20.28849266676736,19.744252452386743,0.5861715486757815,Au,PRUNED
3183,-452.0502645501923,2026-03-20 05:25:51.189701,2026-03-20 05:25:52.013515,0 days 00:00:00.823814,21.81150847031315,19.8892412577111,0.3772335447656309,Au,COMPLETE
3184,0.0,2026-03-20 05:25:51.268089,2026-03-20 05:25:52.027060,0 days 00:00:00.758971,34.802029771148,17.827611154401673,0.5379594234568909,Au,PRUNED
3185,0.0,2026-03-20 05:25:51.398399,2026-03-20 05:25:52.201025,0 days 00:00:00.802626,30.111156808081596,19.938324455509697,0.3548589969038928,Au,PRUNED
3186,-21.666666666663197,2026-03-20 05:25:51.535576,2026-03-20 05:25:52.183909,0 days 00:00:00.648333,51.29274570788314,8.592383795662538,1.9989450939554807,Ag,PRUNED
3187,0.0,2026-03-20 05:25:51.522484,2026-03-20 05:25:52.443947,0 days 00:00:00.921463,20.254650084171857,17.1599355137791,0.29694902520521044,Au,PRUNED
3188,0.0,2026-03-20 05:25:51.665059,2026-03-20 05:25:52.273115,0 days 00:00:00.608056,32.24215073691879,19.835774175238136,0.5355441357754374,Au,PRUNED
3189,0.0,2026-03-20 05:25:51.980216,2026-03-20 05:25:52.807789,0 days 00:00:00.827573,20.96488418240052,17.092045701618854,0.21771355886040455,Au,PRUNED
3190,0.0,2026-03-20 05:25:52.100018,2026-03-20 05:25:52.808789,0 days 00:00:00.708771,21.444097034082347,17.346561201957726,0.42634826867665715,Au,PRUNED
3191,-6.410256410255424,2026-03-20 05:25:52.139322,2026-03-20 05:25:52.997973,0 days 00:00:00.858651,22.436274558039813,19.923456911077796,0.3952922803869374,Au,PRUNED
3192,5.102040816326114,2026-03-20 05:25:52.312557,2026-03-20 05:25:52.902882,0 days 00:00:00.590325,29.9473319220333,16.6747570446308,0.32655234403922634,Au,PRUNED
3193,1.9379844961238506,2026-03-20 05:25:52.367263,2026-03-20 05:25:52.903388,0 days 00:00:00.536125,36.90053307490601,19.933754814333255,0.5718696030571466,Ag,PRUNED
3194,0.0,2026-03-20 05:25:52.381306,2026-03-20 05:25:53.230448,0 days 00:00:00.849142,21.08924807971563,17.178284713633737,0.11798127163944067,Au,PRUNED
3195,0.0,2026-03-20 05:25:52.517703,2026-03-20 05:25:53.388607,0 days 00:00:00.870904,36.84684447690431,17.8334743454209,0.377987063916983,Au,PRUNED
3196,-11.029411764704586,2026-03-20 05:25:52.544872,2026-03-20 05:25:53.273990,0 days 00:00:00.729118,29.846729394509723,15.065881793911768,0.10470048475533444,Au,PRUNED
3197,0.0,2026-03-20 05:25:52.894249,2026-03-20 05:25:53.723004,0 days 00:00:00.828755,34.59749789975364,17.56495856985089,0.3186356679776287,Au,PRUNED
3198,-395.1048951048396,2026-03-20 05:25:52.950192,2026-03-20 05:25:53.898147,0 days 00:00:00.947955,21.024909205609948,19.65432974626287,0.4709428881127663,Au,COMPLETE
3199,80.55555555555317,2026-03-20 05:25:53.013616,2026-03-20 05:25:53.747878,0 days 00:00:00.734262,31.45554103943065,17.290789071283925,0.440222896795721,Au,PRUNED
3200,0.0,2026-03-20 05:25:53.062638,2026-03-20 05:25:53.908208,0 days 00:00:00.845570,27.689222688984103,19.728191769395917,0.3988858506637637,Au,PRUNED
3201,80.57598039215449,2026-03-20 05:25:53.161838,2026-03-20 05:25:53.982981,0 days 00:00:00.821143,33.036482053904,15.683670364940046,0.4341301375618176,Au,PRUNED
3202,79.32098765431864,2026-03-20 05:25:53.318974,2026-03-20 05:25:54.212438,0 days 00:00:00.893464,33.4172164992431,17.09700403172736,0.33077167654118617,Au,PRUNED
3203,80.57598039215449,2026-03-20 05:25:53.348792,2026-03-20 05:25:54.251159,0 days 00:00:00.902367,31.39094926722843,16.99139563222219,0.34278808517981907,Au,PRUNED
3204,-0.5208333333333246,2026-03-20 05:25:53.642111,2026-03-20 05:25:54.344024,0 days 00:00:00.701913,87.47376422923936,13.90888561729874,0.8307129662362305,Au,PRUNED
3205,-19.736842105259,2026-03-20 05:25:53.874275,2026-03-20 05:25:54.579450,0 days 00:00:00.705175,40.848747982021735,2.8349777233098576,1.3156081171227774,Ag,PRUNED
3206,0.0,2026-03-20 05:25:53.922124,2026-03-20 05:25:54.498168,0 days 00:00:00.576044,30.629873696700376,19.878965910220842,0.3963956009016849,Au,PRUNED
3207,83.33333333333088,2026-03-20 05:25:53.970341,2026-03-20 05:25:54.633265,0 days 00:00:00.662924,24.159626009238167,19.85083090824473,0.35380716625245945,Au,PRUNED
3208,-11.217948717946992,2026-03-20 05:25:54.001110,2026-03-20 05:25:54.596604,0 days 00:00:00.595494,22.375584212637833,19.97272495986159,0.1270958787209287,Au,PRUNED
3209,0.0,2026-03-20 05:25:54.117933,2026-03-20 05:25:54.999169,0 days 00:00:00.881236,40.87619390015337,19.97622087785915,0.2294651665909882,Au,PRUNED
3210,-12.820512820510848,2026-03-20 05:25:54.251159,2026-03-20 05:25:54.874385,0 days 00:00:00.623226,21.864950929930455,19.99546886477757,0.3583739345815852,Au,PRUNED
3211,0.0,2026-03-20 05:25:54.444959,2026-03-20 05:25:55.122693,0 days 00:00:00.677734,28.76453739507831,19.89434889910096,0.5073794812104191,Au,PRUNED
3212,0.0,2026-03-20 05:25:54.485460,2026-03-20 05:25:55.278661,0 days 00:00:00.793201,34.03568137161572,19.703559310093567,0.3097145757282824,Au,PRUNED
3213,0.0,2026-03-20 05:25:54.551858,2026-03-20 05:25:55.437262,0 days 00:00:00.885404,38.419742270449234,17.22103742211962,0.11417138011017286,Au,PRUNED
3214,0.0,2026-03-20 05:25:54.619206,2026-03-20 05:25:55.311558,0 days 00:00:00.692352,32.274772394445826,19.921987431124986,0.6381214530903161,Au,PRUNED
3215,0.0,2026-03-20 05:25:54.636265,2026-03-20 05:25:55.267469,0 days 00:00:00.631204,22.08205854363989,17.462861923891968,0.3888520367303471,Cu,PRUNED
3216,0.0,2026-03-20 05:25:54.768100,2026-03-20 05:25:55.437262,0 days 00:00:00.669162,20.81561454840357,16.908997398308617,0.5496147957310786,Au,PRUNED
3217,0.0,2026-03-20 05:25:54.954735,2026-03-20 05:25:55.640635,0 days 00:00:00.685900,35.581336535023546,17.259948390038986,0.1425650646905597,Au,PRUNED
3218,0.0,2026-03-20 05:25:55.047809,2026-03-20 05:25:55.716814,0 days 00:00:00.669005,34.090515242436716,19.967062089508865,0.43325290064884253,Au,PRUNED
3219,-2.551020408163196,2026-03-20 05:25:55.195358,2026-03-20 05:25:55.917365,0 days 00:00:00.722007,95.39984486047767,1.2296689399843679,1.8775307722615109,Ag,PRUNED
3220,0.0,2026-03-20 05:25:55.349449,2026-03-20 05:25:56.091355,0 days 00:00:00.741906,41.21797668265972,19.909855349279056,0.48760247237009746,Au,PRUNED
3221,0.0,2026-03-20 05:25:55.373794,2026-03-20 05:25:56.014988,0 days 00:00:00.641194,37.32668047216943,19.89201164220346,0.5250769975502875,Au,PRUNED
3222,0.0,2026-03-20 05:25:55.484935,2026-03-20 05:25:56.039095,0 days 00:00:00.554160,36.139859999083356,19.887006390351544,0.23749334458811028,Au,PRUNED
3223,0.0,2026-03-20 05:25:55.526941,2026-03-20 05:25:56.260880,0 days 00:00:00.733939,20.08540634140239,16.602622480412094,0.4179772635520883,Au,PRUNED
3224,0.0,2026-03-20 05:25:55.678134,2026-03-20 05:25:56.431882,0 days 00:00:00.753748,36.62121901570618,19.55295154068712,0.11255016989992307,Au,PRUNED
3225,0.0,2026-03-20 05:25:55.698613,2026-03-20 05:25:56.586788,0 days 00:00:00.888175,42.281405407842996,18.126261404965465,0.40484590559930156,Au,PRUNED
3226,0.0,2026-03-20 05:25:55.786830,2026-03-20 05:25:56.511036,0 days 00:00:00.724206,20.096316897471205,17.05073179902373,0.450494697297879,Au,PRUNED
3227,-427.31829573928434,2026-03-20 05:25:56.082756,2026-03-20 05:25:56.871187,0 days 00:00:00.788431,21.810034584578684,19.664724893408668,0.2542083646401394,Au,COMPLETE
3228,-11.217948717946992,2026-03-20 05:25:56.122340,2026-03-20 05:25:57.057853,0 days 00:00:00.935513,21.91325018545514,19.75058296678246,0.44898673557654206,Au,PRUNED
3229,0.0,2026-03-20 05:25:56.170179,2026-03-20 05:25:56.977695,0 days 00:00:00.807516,20.190539873805392,16.130308598263113,0.39060620934334506,Au,PRUNED
3230,0.0,2026-03-20 05:25:56.210554,2026-03-20 05:25:56.872189,0 days 00:00:00.661635,20.706398729323293,16.940747776376362,0.3601910035337197,Au,PRUNED
3231,0.0,2026-03-20 05:25:56.393860,2026-03-20 05:25:57.307656,0 days 00:00:00.913796,21.43567452563612,17.51221968021042,0.20310135874165922,Au,PRUNED
3232,0.0,2026-03-20 05:25:56.549399,2026-03-20 05:25:57.030656,0 days 00:00:00.481257,34.156507254517145,16.934465761029212,0.567772767028474,Au,PRUNED
3233,0.0,2026-03-20 05:25:56.569116,2026-03-20 05:25:57.349475,0 days 00:00:00.780359,20.46761727697046,17.468768551053675,0.33875255925582837,Au,PRUNED
3234,82.72058823529169,2026-03-20 05:25:56.619210,2026-03-20 05:25:57.291337,0 days 00:00:00.672127,25.34842288282233,19.85582850406253,0.4356868410665991,Au,PRUNED
3235,-0.8928571428571173,2026-03-20 05:25:57.118868,2026-03-20 05:25:57.944676,0 days 00:00:00.825808,20.587995633551113,16.765491354405047,0.3274995752927653,Ag,PRUNED
3236,-17.441860465114658,2026-03-20 05:25:57.150175,2026-03-20 05:25:57.890953,0 days 00:00:00.740778,37.758976471760135,16.57670219450383,0.3781460069620645,Ag,PRUNED
3237,0.0,2026-03-20 05:25:57.189902,2026-03-20 05:25:58.212249,0 days 00:00:01.022347,30.069119273494984,19.967927258127933,0.5189960065627974,Au,PRUNED
3238,83.02696078431127,2026-03-20 05:25:57.220107,2026-03-20 05:25:57.976305,0 days 00:00:00.756198,24.646200388249692,19.885745128396827,0.4191480875347079,Au,PRUNED
3239,0.0,2026-03-20 05:25:57.246776,2026-03-20 05:25:57.945712,0 days 00:00:00.698936,20.315676901872024,19.762202651673245,0.12678762253406956,Au,PRUNED
3240,-6.172839506171925,2026-03-20 05:25:57.416038,2026-03-20 05:25:58.182198,0 days 00:00:00.766160,23.12961795395319,19.767519999517884,0.10935658257661485,Au,PRUNED
3241,83.33333333333088,2026-03-20 05:25:57.432532,2026-03-20 05:25:58.127484,0 days 00:00:00.694952,24.933714251935335,19.854785789800914,0.21081630317920874,Au,PRUNED
3242,-9.9999999999984,2026-03-20 05:25:57.432532,2026-03-20 05:25:57.943724,0 days 00:00:00.511192,22.272475573195756,19.826134835267556,0.335214703319798,Au,PRUNED
3243,0.0,2026-03-20 05:25:58.011381,2026-03-20 05:25:58.920286,0 days 00:00:00.908905,21.326270948294024,17.312024413462336,0.5347509805263935,Au,PRUNED
3244,0.0,2026-03-20 05:25:58.066236,2026-03-20 05:25:58.953520,0 days 00:00:00.887284,35.651224706739505,17.060303021649112,0.6481090467151261,Au,PRUNED
3245,0.0,2026-03-20 05:25:58.135005,2026-03-20 05:25:58.858719,0 days 00:00:00.723714,38.69065164393611,17.32923392679221,0.4285396282837177,Au,PRUNED
3246,0.0,2026-03-20 05:25:58.153138,2026-03-20 05:25:58.827187,0 days 00:00:00.674049,35.29562042352795,17.760320834476403,0.6916326564190101,Au,PRUNED
3247,0.0,2026-03-20 05:25:58.245881,2026-03-20 05:25:58.896271,0 days 00:00:00.650390,20.988074408703312,16.885028311745796,0.6443496081238274,Au,PRUNED
3248,0.0,2026-03-20 05:25:58.277425,2026-03-20 05:25:59.078052,0 days 00:00:00.800627,39.938525334027915,19.909061179809193,0.39504499620085864,Au,PRUNED
3249,-1.1904761904760544,2026-03-20 05:25:58.317591,2026-03-20 05:25:59.079051,0 days 00:00:00.761460,33.371342043006464,13.990713949974836,0.4397694969378712,Au,PRUNED
3250,0.0,2026-03-20 05:25:58.341123,2026-03-20 05:25:58.860720,0 days 00:00:00.519597,42.7333761608413,19.982164263012102,0.5362442563940539,Au,PRUNED
3251,3.4013605442174093,2026-03-20 05:25:58.899835,2026-03-20 05:25:59.813614,0 days 00:00:00.913779,28.734636106396763,19.960486962230092,0.2841424981616028,Cu,PRUNED
3252,0.0,2026-03-20 05:25:59.009675,2026-03-20 05:25:59.726311,0 days 00:00:00.716636,20.47951699785531,17.65513709696871,0.5691901025713421,Au,PRUNED
3253,0.0,2026-03-20 05:25:59.031757,2026-03-20 05:25:59.730586,0 days 00:00:00.698829,21.0502986558986,17.400954818412053,0.5658500164765443,Au,PRUNED
3254,0.0,2026-03-20 05:25:59.049894,2026-03-20 05:25:59.729580,0 days 00:00:00.679686,37.89911693019206,19.906166906103092,0.5362674620156715,Au,PRUNED
3255,81.17283950617043,2026-03-20 05:25:59.109947,2026-03-20 05:25:59.730586,0 days 00:00:00.620639,30.017557514418122,17.565971063013468,0.5240517211926746,Au,PRUNED
3256,-3.0864197530859623,2026-03-20 05:25:59.143734,2026-03-20 05:25:59.812593,0 days 00:00:00.668859,23.095734530717394,19.873541726481537,0.3062596023583195,Au,PRUNED
3257,79.93827160493589,2026-03-20 05:25:59.173007,2026-03-20 05:25:59.724522,0 days 00:00:00.551515,32.527629553764626,16.897543831487727,0.4623244951097587,Au,PRUNED
3258,0.0,2026-03-20 05:25:59.201903,2026-03-20 05:25:59.812593,0 days 00:00:00.610690,20.18936129862165,19.478077766686834,0.1757894256170453,Au,PRUNED
3259,0.0,2026-03-20 05:25:59.738385,2026-03-20 05:26:00.423943,0 days 00:00:00.685558,20.158765407706547,19.820131428412335,0.5757180689828796,Au,PRUNED
3260,0.0,2026-03-20 05:25:59.878996,2026-03-20 05:26:00.501059,0 days 00:00:00.622063,20.66488309234597,18.984154518314536,0.5783568953610055,Au,PRUNED
3261,0.0,2026-03-20 05:25:59.926933,2026-03-20 05:26:00.502062,0 days 00:00:00.575129,35.206548452423824,19.898425782329994,0.4619710350048428,Au,PRUNED
3262,0.0,2026-03-20 05:25:59.956799,2026-03-20 05:26:00.717937,0 days 00:00:00.761138,34.10460944574131,19.932328609241697,0.3992378099704703,Au,PRUNED
3263,-4.807692307691568,2026-03-20 05:25:59.976615,2026-03-20 05:26:00.634379,0 days 00:00:00.657764,22.68630618779958,19.809086772433414,0.47164699713270947,Au,PRUNED
3264,0.0,2026-03-20 05:26:00.000068,2026-03-20 05:26:00.899536,0 days 00:00:00.899468,20.467839992360652,18.869555082432182,0.3669188684800785,Au,PRUNED
3265,4.006410256409948,2026-03-20 05:26:00.025155,2026-03-20 05:26:00.633280,0 days 00:00:00.608125,34.39649439478585,14.782379707711357,0.46866546410362453,Au,PRUNED
3266,-6.172839506171925,2026-03-20 05:26:00.148519,2026-03-20 05:26:00.963831,0 days 00:00:00.815312,22.540085437591983,19.922895384564757,0.45432703527727014,Au,PRUNED
3267,0.0,2026-03-20 05:26:00.498481,2026-03-20 05:26:01.369612,0 days 00:00:00.871131,20.87673132378442,17.067495653190996,0.5309427412764522,Au,PRUNED
3268,-0.5186721991701159,2026-03-20 05:26:00.699589,2026-03-20 05:26:01.211682,0 days 00:00:00.512093,100.6813352359269,13.548419831650044,0.1827443885522536,Au,PRUNED
3269,-30.864197530859627,2026-03-20 05:26:00.767916,2026-03-20 05:26:01.354576,0 days 00:00:00.586660,35.14943299299428,18.56093639691389,0.42688710418670456,Ag,PRUNED
3270,80.24691358024454,2026-03-20 05:26:00.800193,2026-03-20 05:26:01.530179,0 days 00:00:00.729986,30.905858634489583,17.873063540686186,0.46879129329676045,Au,PRUNED
3271,0.0,2026-03-20 05:26:00.814783,2026-03-20 05:26:01.461354,0 days 00:00:00.646571,21.655929648315166,17.918671693074504,0.35646568304437604,Au,PRUNED
3272,0.0,2026-03-20 05:26:00.963831,2026-03-20 05:26:01.530179,0 days 00:00:00.566348,35.354276608953526,19.95307740407272,0.7473554620338729,Au,PRUNED
3273,0.0,2026-03-20 05:26:00.995170,2026-03-20 05:26:01.561861,0 days 00:00:00.566691,20.127311659219387,18.981615744025813,0.4805197356474707,Au,PRUNED
3274,0.0,2026-03-20 05:26:01.234606,2026-03-20 05:26:01.528676,0 days 00:00:00.294070,20.145354337257903,17.86083024574332,0.3765183203649224,Au,PRUNED
3275,81.18872549019368,2026-03-20 11:10:00.990312,2026-03-20 11:10:09.128856,0 days 00:00:08.138544,30.31625273755105,17.168742517522375,0.24615169590838032,Au,PRUNED
3276,-362.9032258064048,2026-03-20 11:10:01.015206,2026-03-20 11:10:09.170323,0 days 00:00:08.155117,20.8448787195302,19.483949016192106,0.487448899635762,Au,PRUNED
3277,0.0,2026-03-20 11:10:01.046048,2026-03-20 11:10:09.092093,0 days 00:00:08.046045,34.829057273894904,18.469963634081434,0.5453307629600149,Au,PRUNED
3278,0.0,2026-03-20 11:10:01.077551,2026-03-20 11:10:09.095669,0 days 00:00:08.018118,34.67155771671625,19.803454482136793,0.509217108232609,Au,PRUNED
3279,-430.2398989898338,2026-03-20 11:10:01.109516,2026-03-20 11:10:09.185625,0 days 00:00:08.076109,21.209714485086057,19.903897872930965,0.4499294902318821,Au,COMPLETE
3280,3.571428571428163,2026-03-20 11:10:01.140221,2026-03-20 11:10:09.150399,0 days 00:00:08.010178,32.38783199360163,14.762301436222051,0.45353773751137644,Au,PRUNED
3281,0.0,2026-03-20 11:10:01.171865,2026-03-20 11:10:09.326035,0 days 00:00:08.154170,37.98964514901518,19.940038912703308,0.8490762156712502,Au,PRUNED
3282,-0.9861932938855781,2026-03-20 11:10:01.204077,2026-03-20 11:10:09.148376,0 days 00:00:07.944299,50.698220714007064,17.453429436831957,0.39260225512269387,Cu,PRUNED
3283,0.0,2026-03-20 11:10:18.147506,2026-03-20 11:10:25.594944,0 days 00:00:07.447438,20.296752819510235,17.36958150674411,0.632554640153469,Au,PRUNED
3284,-1.633986928104447,2026-03-20 11:10:18.174192,2026-03-20 11:10:25.537011,0 days 00:00:07.362819,33.7158123078606,16.42790742819287,0.5319480622045012,Cu,PRUNED
3285,-440.89147286814887,2026-03-20 11:10:18.207263,2026-03-20 11:10:25.469642,0 days 00:00:07.262379,21.15257664813196,19.916159749985674,0.6577836702240372,Au,COMPLETE
3286,0.0,2026-03-20 11:10:18.239402,2026-03-20 11:10:26.090448,0 days 00:00:07.851046,28.559510192581232,19.981451466523577,0.4434469568950891,Au,PRUNED
3287,0.0,2026-03-20 11:10:18.269683,2026-03-20 11:10:25.533612,0 days 00:00:07.263929,34.361873305015884,19.898802845561814,0.5344355890075435,Au,PRUNED
3288,0.0,2026-03-20 11:10:18.302650,2026-03-20 11:10:25.531627,0 days 00:00:07.228977,35.99176137930896,17.3229352927954,0.34935458402889863,Au,PRUNED
3289,13.071895424836397,2026-03-20 11:10:18.333540,2026-03-20 11:10:25.503915,0 days 00:00:07.170375,95.68299786550415,9.134845771996073,1.0515928013641755,Cu,PRUNED
3290,0.0,2026-03-20 11:10:18.364987,2026-03-20 11:10:25.389801,0 days 00:00:07.024814,30.50971277846321,19.874073973476012,0.5849791813970159,Au,PRUNED
3291,0.0,2026-03-20 11:10:25.472003,2026-03-20 11:10:27.309500,0 days 00:00:01.837497,38.46693283453118,16.884668321028556,0.7379849531071151,Au,PRUNED
3292,-0.499999999999992,2026-03-20 11:10:25.647450,2026-03-20 11:10:26.682745,0 days 00:00:01.035295,100.98551255850293,7.522743100588004,0.886259516590709,Au,PRUNED
3293,0.0,2026-03-20 11:10:25.727463,2026-03-20 11:10:27.047346,0 days 00:00:01.319883,20.35246395277018,17.570434113186124,0.6688776929753449,Au,PRUNED
3294,0.0,2026-03-20 11:10:25.773283,2026-03-20 11:10:26.914080,0 days 00:00:01.140797,36.67295555006508,19.793834745183048,0.6771762316259731,Au,PRUNED
3295,-2.2290809327845995,2026-03-20 11:10:25.819853,2026-03-20 11:10:26.995530,0 days 00:00:01.175677,84.71514137499292,5.130201243769742,1.0775484979386585,Cu,PRUNED
3296,0.0,2026-03-20 11:10:25.866034,2026-03-20 11:10:27.155424,0 days 00:00:01.289390,50.26615393551316,19.99457093053036,0.7527503142165928,Au,PRUNED
3297,0.0,2026-03-20 11:10:25.899971,2026-03-20 11:10:27.151154,0 days 00:00:01.251183,41.05509391885299,19.763768700234284,0.6994562257858621,Au,PRUNED
3298,-8.333333333332382,2026-03-20 11:10:26.472560,2026-03-20 11:10:27.352488,0 days 00:00:00.879928,30.350210801180246,14.17434193409835,0.7122240697038786,Au,PRUNED
3299,-306.7129629629289,2026-03-20 11:10:26.862064,2026-03-20 11:10:28.347812,0 days 00:00:01.485748,22.155829688953286,17.200101276836474,0.7485932419987587,Au,PRUNED
3300,-0.6887052341597681,2026-03-20 11:10:27.008646,2026-03-20 11:10:28.323594,0 days 00:00:01.314948,115.7973302739171,19.723278977691024,1.6478798016429623,Au,PRUNED
3301,-0.4681647940074837,2026-03-20 11:10:27.108815,2026-03-20 11:10:28.322161,0 days 00:00:01.213346,74.04461520949476,15.155715202018468,1.9762714344053198,Ag,PRUNED
3302,0.0,2026-03-20 11:10:27.261903,2026-03-20 11:10:28.464133,0 days 00:00:01.202230,34.67507539483113,19.97846410339891,0.59318933367983,Cu,PRUNED
3303,79.93827160493589,2026-03-20 11:10:27.425452,2026-03-20 11:10:28.544434,0 days 00:00:01.118982,31.08129892257987,17.547035486611197,0.7910864896110457,Au,PRUNED
3304,-0.6887052341597681,2026-03-20 11:10:27.526865,2026-03-20 11:10:29.231973,0 days 00:00:01.705108,113.52442388070784,16.453363884446528,1.8403052833571603,Au,PRUNED
3305,0.0,2026-03-20 11:10:27.662589,2026-03-20 11:10:28.543440,0 days 00:00:00.880851,29.934788286302116,19.972128532254416,0.6273559604589046,Au,PRUNED
3306,-293.91891891888713,2026-03-20 11:10:27.785204,2026-03-20 11:10:28.903285,0 days 00:00:01.118081,21.520213293715784,19.473807709870826,0.49735063385941974,Cu,PRUNED
3307,0.0,2026-03-20 11:10:28.432058,2026-03-20 11:10:29.245661,0 days 00:00:00.813603,20.20272066153184,19.7324157935101,0.4963130906257467,Au,PRUNED
3308,4.166666666666334,2026-03-20 11:10:28.473883,2026-03-20 11:10:30.287998,0 days 00:00:01.814115,31.976977925416442,14.938588704149577,0.6942277338332139,Au,PRUNED
3309,0.0,2026-03-20 11:10:28.499145,2026-03-20 11:10:29.548489,0 days 00:00:01.049344,33.5265442719985,17.682662868687515,0.6496988402831465,Au,PRUNED
3310,0.0,2026-03-20 11:10:28.572087,2026-03-20 11:10:29.967634,0 days 00:00:01.395547,20.757732768111314,15.670501568102921,0.8451442801807886,Au,PRUNED
3311,0.0,2026-03-20 11:10:28.691135,2026-03-20 11:10:30.016281,0 days 00:00:01.325146,36.65937134946608,17.800825083884313,0.6484851124744974,Au,PRUNED
3312,0.0,2026-03-20 11:10:28.737323,2026-03-20 11:10:29.895695,0 days 00:00:01.158372,20.712968844309778,18.190522094101066,0.7703494943769524,Au,PRUNED
3313,0.0,2026-03-20 11:10:29.312386,2026-03-20 11:10:30.486942,0 days 00:00:01.174556,43.69974089795201,19.902899905678126,0.6646240630800601,Au,PRUNED
3314,0.0,2026-03-20 11:10:29.384144,2026-03-20 11:10:31.098186,0 days 00:00:01.714042,20.660353952523742,19.018774065576704,0.6846507622439117,Au,PRUNED
3315,-6.172839506171925,2026-03-20 11:10:29.418962,2026-03-20 11:10:30.489049,0 days 00:00:01.070087,22.296542763099833,19.761036692657107,0.6450617122936867,Au,PRUNED
3316,0.0,2026-03-20 11:10:29.844021,2026-03-20 11:10:30.889560,0 days 00:00:01.045539,39.37571541226164,19.699837679751955,0.6274485553257165,Au,PRUNED
3317,0.0,2026-03-20 11:10:30.104210,2026-03-20 11:10:31.102586,0 days 00:00:00.998376,35.30425214897246,18.11636410094324,0.7864407338938432,Au,PRUNED
3318,0.0,2026-03-20 11:10:30.161910,2026-03-20 11:10:31.556236,0 days 00:00:01.394326,20.436510919495692,19.513418708906634,0.3827646155622532,Au,PRUNED
3319,0.0,2026-03-20 11:10:30.191621,2026-03-20 11:10:31.289416,0 days 00:00:01.097795,20.27044952328179,18.19426107226163,0.5904760812726062,Au,PRUNED
3320,0.0,2026-03-20 11:10:30.463082,2026-03-20 11:10:31.741043,0 days 00:00:01.277961,20.31981258509243,17.642126399380377,0.6672092689244985,Au,PRUNED
3321,80.24691358024454,2026-03-20 11:10:30.634317,2026-03-20 11:10:31.717558,0 days 00:00:01.083241,31.188644516890044,17.46672111000678,0.6838171149505099,Au,PRUNED
3322,-430.87121212114675,2026-03-20 11:10:30.672351,2026-03-20 11:10:31.749228,0 days 00:00:01.076877,21.001562523456066,19.86402697744735,0.7504571541067336,Au,COMPLETE
3323,0.0,2026-03-20 11:10:31.152503,2026-03-20 11:10:32.224320,0 days 00:00:01.071817,34.54084077235995,19.71246608916534,0.6657518465091026,Au,PRUNED
3324,-434.16030534344486,2026-03-20 11:10:31.192415,2026-03-20 11:10:32.253857,0 days 00:00:01.061442,20.924692702370017,19.839836528542946,0.8826388700608111,Au,COMPLETE
3325,0.0,2026-03-20 11:10:31.249190,2026-03-20 11:10:32.886806,0 days 00:00:01.637616,20.194025994613398,19.953414252628207,0.49832240113843274,Au,PRUNED
3326,0.0,2026-03-20 11:10:31.525490,2026-03-20 11:10:32.882090,0 days 00:00:01.356600,32.20167185452134,19.800986220705916,0.7373358794592021,Au,PRUNED
3327,0.0,2026-03-20 11:10:31.658411,2026-03-20 11:10:32.888250,0 days 00:00:01.229839,30.38821956920834,19.864778228175535,0.7198368484218907,Au,PRUNED
3328,0.0,2026-03-20 11:10:32.028278,2026-03-20 11:10:32.926842,0 days 00:00:00.898564,34.10938401204393,19.43424125526544,0.7461189300295683,Au,PRUNED
3329,0.0,2026-03-20 11:10:32.119144,2026-03-20 11:10:33.054619,0 days 00:00:00.935475,36.77097643326666,19.46037975126707,0.8538504054526413,Au,PRUNED
3330,1.2254901960782871,2026-03-20 11:10:32.373007,2026-03-20 11:10:33.724934,0 days 00:00:01.351927,26.958092204033463,16.907283736616453,0.8290684451358018,Au,PRUNED
3331,0.0,2026-03-20 11:10:32.416123,2026-03-20 11:10:33.812929,0 days 00:00:01.396806,32.63117508790498,16.969064361510565,0.9259003998478638,Au,PRUNED
3332,2.3148148148145573,2026-03-20 11:10:32.567501,2026-03-20 11:10:33.863931,0 days 00:00:01.296430,31.233159865608037,14.664405869484458,0.9523206021244897,Au,PRUNED
3333,0.0,2026-03-20 11:10:33.015771,2026-03-20 11:10:34.176152,0 days 00:00:01.160381,34.73715853795902,18.2147462572284,0.9419833357678828,Au,PRUNED
3334,-306.7129629629289,2026-03-20 11:10:33.072169,2026-03-20 11:10:33.993476,0 days 00:00:00.921307,22.930897408082846,16.568096066627234,0.906697264058076,Au,PRUNED
3335,0.0,2026-03-20 11:10:33.103622,2026-03-20 11:10:34.597391,0 days 00:00:01.493769,32.492261124452625,19.411940881995353,1.078145926529128,Au,PRUNED
3336,0.0,2026-03-20 11:10:33.145556,2026-03-20 11:10:34.595305,0 days 00:00:01.449749,35.8262023194376,17.462379339966105,1.0670708475750799,Au,PRUNED
3337,0.0,2026-03-20 11:10:33.282483,2026-03-20 11:10:34.649725,0 days 00:00:01.367242,34.97631130062203,19.912122932267632,0.7037706371065346,Au,PRUNED
3338,0.0,2026-03-20 11:10:33.885802,2026-03-20 11:10:35.356212,0 days 00:00:01.470410,39.24306181192401,18.0439495766552,1.0293686570073242,Au,PRUNED
3339,0.0,2026-03-20 11:10:33.958617,2026-03-20 11:10:34.939380,0 days 00:00:00.980763,32.04794566320777,19.6581087515753,0.8452049965794146,Au,PRUNED
3340,0.0,2026-03-20 11:10:34.207753,2026-03-20 11:10:35.596903,0 days 00:00:01.389150,28.206575008998136,19.888418036134304,0.8494448982223027,Au,PRUNED
3341,0.0,2026-03-20 11:10:34.253693,2026-03-20 11:10:35.176826,0 days 00:00:00.923133,38.55189890221976,19.590914042138905,0.9352456260861325,Au,PRUNED
3342,0.0,2026-03-20 11:10:34.295377,2026-03-20 11:10:35.793178,0 days 00:00:01.497801,33.96075663307302,19.922197218608055,1.1339745726956372,Au,PRUNED
3343,0.0,2026-03-20 11:10:34.740739,2026-03-20 11:10:35.880036,0 days 00:00:01.139297,20.377135643254594,18.155737284413778,0.8756944766560051,Au,PRUNED
3344,79.62962962962726,2026-03-20 11:10:34.779554,2026-03-20 11:10:36.120534,0 days 00:00:01.340980,32.54065332762319,16.4504085054219,0.9950505628297486,Au,PRUNED
3345,0.0,2026-03-20 11:10:34.798644,2026-03-20 11:10:35.881267,0 days 00:00:01.082623,34.970981301640165,19.814936805902885,0.8655397967685623,Au,PRUNED
3346,0.0,2026-03-20 11:10:35.220309,2026-03-20 11:10:36.394091,0 days 00:00:01.173782,31.503271383014955,19.807155367376673,0.9049019280616681,Au,PRUNED
3347,-15.151515151513316,2026-03-20 11:10:35.274549,2026-03-20 11:10:36.553373,0 days 00:00:01.278824,41.08249738647362,12.28786149817672,0.49459555827921187,Ag,PRUNED
3348,-402.1867612292575,2026-03-20 11:10:35.494390,2026-03-20 11:10:36.548297,0 days 00:00:01.053907,21.91740435406623,18.824006474622003,0.8532558496385705,Au,COMPLETE
3349,3.6764705882348614,2026-03-20 11:10:35.713229,2026-03-20 11:10:37.189977,0 days 00:00:01.476748,26.70188757023424,17.41004915671963,0.8148953079848058,Au,PRUNED
3350,-9.615384615383135,2026-03-20 11:10:35.908903,2026-03-20 11:10:36.905504,0 days 00:00:00.996601,21.672406740987952,19.647024412648005,0.80012715914455,Au,PRUNED
3351,-6.172839506171925,2026-03-20 11:10:35.997152,2026-03-20 11:10:37.026659,0 days 00:00:01.029507,21.85398432231474,19.705488002559242,0.9641191010042616,Au,PRUNED
3352,0.0,2026-03-20 11:10:36.036377,2026-03-20 11:10:37.260675,0 days 00:00:01.224298,30.259715225779324,17.999833719926475,0.9712179905972222,Au,PRUNED
3353,-316.6666666666305,2026-03-20 11:10:36.515412,2026-03-20 11:10:38.009892,0 days 00:00:01.494480,22.19746080579124,17.324835531001,0.8518021776539353,Au,PRUNED
3354,-13.44086021505203,2026-03-20 11:10:36.590251,2026-03-20 11:10:37.700810,0 days 00:00:01.110559,22.994203151214645,17.743448096288066,0.8708448826333042,Au,PRUNED
3355,0.0,2026-03-20 11:10:36.638128,2026-03-20 11:10:37.708994,0 days 00:00:01.070866,20.676334178571523,17.257909549877297,0.7449516808710268,Au,PRUNED
3356,0.0,2026-03-20 11:10:36.916402,2026-03-20 11:10:38.169401,0 days 00:00:01.252999,20.715424399928885,17.335774057225507,0.7958018235332309,Au,PRUNED
3357,76.94647201946246,2026-03-20 11:10:36.991810,2026-03-20 11:10:38.248581,0 days 00:00:01.256771,34.64412666748258,17.54306198045724,1.1068787304053724,Cu,PRUNED
3358,0.0,2026-03-20 11:10:37.127934,2026-03-20 11:10:38.253326,0 days 00:00:01.125392,26.688268359575428,19.553592024783732,0.8510714228019258,Au,PRUNED
3359,0.0,2026-03-20 11:10:37.483856,2026-03-20 11:10:38.651481,0 days 00:00:01.167625,35.35371861020342,17.771515627001122,0.8715918809375276,Au,PRUNED
3360,0.0,2026-03-20 11:10:37.528430,2026-03-20 11:10:38.366116,0 days 00:00:00.837686,39.804844716512164,19.948651490966306,0.8388305367505052,Au,PRUNED
3361,83.33333333333088,2026-03-20 11:10:37.879875,2026-03-20 11:10:38.976332,0 days 00:00:01.096457,24.090545319016176,19.732043413602295,0.7298005256863365,Au,PRUNED
3362,0.0,2026-03-20 11:10:38.030648,2026-03-20 11:10:39.212216,0 days 00:00:01.181568,46.28274608029348,15.633113653106378,0.7191678405780804,Au,PRUNED
3363,-9.9999999999984,2026-03-20 11:10:38.192015,2026-03-20 11:10:39.464465,0 days 00:00:01.272450,21.375372195789726,19.954024567935225,0.8444944312667021,Au,PRUNED
3364,0.0,2026-03-20 11:10:38.279186,2026-03-20 11:10:39.249331,0 days 00:00:00.970145,38.37912247295442,19.819812985766763,0.9159839190987682,Au,PRUNED
3365,0.0,2026-03-20 11:10:38.342001,2026-03-20 11:10:40.004342,0 days 00:00:01.662341,28.922863118878247,19.6602858120387,0.7986179135760738,Au,PRUNED
3366,-9.9999999999984,2026-03-20 11:10:38.625442,2026-03-20 11:10:39.569498,0 days 00:00:00.944056,21.413060282172797,19.985536547644053,0.7992811466633164,Au,PRUNED
3367,0.0,2026-03-20 11:10:38.702994,2026-03-20 11:10:39.685367,0 days 00:00:00.982373,31.40706657669827,14.405062337228568,0.7343964848272757,Au,PRUNED
3368,0.0,2026-03-20 11:10:38.870131,2026-03-20 11:10:40.167319,0 days 00:00:01.297188,32.36328283820022,19.948992566572052,0.8154409385716668,Au,PRUNED
3369,-0.8333333333332666,2026-03-20 11:10:39.104498,2026-03-20 11:10:40.530889,0 days 00:00:01.426391,32.03324447853464,16.662070389790358,0.8436759396226547,Cu,PRUNED
3370,0.0,2026-03-20 11:10:39.359990,2026-03-20 11:10:40.585719,0 days 00:00:01.225729,32.617062269305876,17.20396846670285,0.8410604902067289,Au,PRUNED
3371,-2.976190476190051,2026-03-20 11:10:39.535851,2026-03-20 11:10:40.763080,0 days 00:00:01.227229,22.158337867236625,19.832810409467236,1.03552771813782,Au,PRUNED
3372,81.80147058823289,2026-03-20 11:10:39.593462,2026-03-20 11:10:40.687873,0 days 00:00:01.094411,27.69227720820821,17.698153853792714,0.8923112592620955,Au,PRUNED
3373,0.0,2026-03-20 11:10:39.647879,2026-03-20 11:10:40.462968,0 days 00:00:00.815089,33.319747471253955,19.995193399198417,0.858439989365984,Au,PRUNED
3374,-328.43137254898096,2026-03-20 11:10:39.873080,2026-03-20 11:10:40.993876,0 days 00:00:01.120796,21.973915302122677,17.518087358494014,1.0905239602483097,Au,PRUNED
3375,0.0,2026-03-20 11:10:40.055505,2026-03-20 11:10:41.330049,0 days 00:00:01.274544,20.160410366829975,16.835372228466724,0.6953623472203379,Au,PRUNED
3376,-10.41666666666572,2026-03-20 11:10:40.396817,2026-03-20 11:10:42.408516,0 days 00:00:02.011699,42.702837522235875,4.659468324804082,0.7426181633874341,Cu,PRUNED
3377,-13.095238095236597,2026-03-20 11:10:40.654059,2026-03-20 11:10:42.358400,0 days 00:00:01.704341,22.147513424499966,19.546365762682044,0.8785923440697723,Cu,PRUNED
3378,-380.9121621621107,2026-03-20 11:10:40.738461,2026-03-20 11:10:42.192944,0 days 00:00:01.454483,20.503390964853313,19.75480113630472,0.6257486620842798,Au,COMPLETE
3379,-0.5434782608695558,2026-03-20 11:10:40.843279,2026-03-20 11:10:42.157489,0 days 00:00:01.314210,67.98664899735489,16.238973389271887,0.9499828643835209,Au,PRUNED
3380,-4.9999999999996,2026-03-20 11:10:40.880439,2026-03-20 11:10:41.984195,0 days 00:00:01.103756,49.248145856733544,9.8019779719931,0.556941366630739,Au,PRUNED
3381,0.0,2026-03-20 11:10:40.939579,2026-03-20 11:10:42.228803,0 days 00:00:01.289224,20.879603612884242,18.17380831353615,0.80661539371532,Au,PRUNED
3382,-0.5868544600938801,2026-03-20 11:10:41.224693,2026-03-20 11:10:42.186740,0 days 00:00:00.962047,26.318052011242834,0.7728503195507983,1.3104807032206425,Au,PRUNED
3383,-395.1048951048396,2026-03-20 11:10:41.510828,2026-03-20 11:10:42.412509,0 days 00:00:00.901681,20.25858674442689,19.958246244153475,0.775635423757619,Au,COMPLETE
3384,-6.410256410255424,2026-03-20 11:10:42.073473,2026-03-20 11:10:44.049974,0 days 00:00:01.976501,21.71848864685831,19.9160798828802,0.8893551108169643,Au,PRUNED
3385,-8.01282051281928,2026-03-20 11:10:42.269870,2026-03-20 11:10:43.529121,0 days 00:00:01.259251,21.10962119725659,19.920874530215812,1.1551785995505797,Au,PRUNED
3386,0.0,2026-03-20 11:10:42.328196,2026-03-20 11:10:43.837074,0 days 00:00:01.508878,28.488667991941988,19.86354040991523,0.6803773233323814,Au,PRUNED
3387,0.0,2026-03-20 11:10:42.370218,2026-03-20 11:10:43.614237,0 days 00:00:01.244019,21.152388807614233,18.135424444622764,0.8297220187037366,Au,PRUNED
3388,0.0,2026-03-20 11:10:42.533835,2026-03-20 11:10:43.530105,0 days 00:00:00.996270,28.078202487812593,19.96360821473942,0.9215890992211404,Au,PRUNED
3389,-307.87037037033616,2026-03-20 11:10:42.577550,2026-03-20 11:10:43.689243,0 days 00:00:01.111693,21.786550499715098,17.425635384575575,0.9207193953579588,Au,PRUNED
3390,2.873563218390408,2026-03-20 11:10:42.613465,2026-03-20 11:10:43.762213,0 days 00:00:01.148748,23.177626227113993,19.88496249832876,0.6315016709559649,Au,PRUNED
3391,-0.8928571428571173,2026-03-20 11:10:42.978715,2026-03-20 11:10:44.398865,0 days 00:00:01.420150,20.06636571759904,18.370825394881173,0.36547121843702235,Ag,PRUNED
3392,0.0,2026-03-20 11:10:43.730285,2026-03-20 11:10:44.763623,0 days 00:00:01.033338,32.47794043236412,19.99438548576363,1.006135669956642,Au,PRUNED
3393,-362.9032258064048,2026-03-20 11:10:43.783007,2026-03-20 11:10:45.041237,0 days 00:00:01.258230,20.63663478159981,19.318953136621232,0.8416427119205345,Au,PRUNED
3394,0.0,2026-03-20 11:10:43.809384,2026-03-20 11:10:45.366479,0 days 00:00:01.557095,20.455792754045312,17.745838974214177,0.6672863877731037,Au,PRUNED
3395,0.0,2026-03-20 11:10:43.888860,2026-03-20 11:10:45.131118,0 days 00:00:01.242258,21.64222145286051,16.940763235430303,0.7028615103290942,Au,PRUNED
3396,-1.1990407673860566,2026-03-20 11:10:44.000815,2026-03-20 11:10:45.412434,0 days 00:00:01.411619,20.500905164858178,19.547238296756284,0.3471531062669998,Ag,PRUNED
3397,0.0,2026-03-20 11:10:44.095896,2026-03-20 11:10:45.340570,0 days 00:00:01.244674,33.58505577043988,19.935313790107493,0.9771153057423948,Au,PRUNED
3398,0.0,2026-03-20 11:10:44.368136,2026-03-20 11:10:45.623105,0 days 00:00:01.254969,32.40743356475343,19.946003809358388,0.6930654499325091,Au,PRUNED
3399,0.0,2026-03-20 11:10:44.533829,2026-03-20 11:10:45.336258,0 days 00:00:00.802429,20.592601766014027,19.945682121748842,0.4675501079570676,Cu,PRUNED
3400,0.0,2026-03-20 11:10:44.877920,2026-03-20 11:10:45.856465,0 days 00:00:00.978545,43.776900992012685,15.663261562556524,0.6131479725768954,Au,PRUNED
3401,0.0,2026-03-20 11:10:45.228927,2026-03-20 11:10:46.409919,0 days 00:00:01.180992,38.23755914903194,19.973806245619635,0.6899522693727542,Au,PRUNED
3402,0.0,2026-03-20 11:10:45.276482,2026-03-20 11:10:46.381575,0 days 00:00:01.105093,46.60032648499018,17.273303595074136,0.646102815341864,Au,PRUNED
3403,0.0,2026-03-20 11:10:45.540141,2026-03-20 11:10:46.681332,0 days 00:00:01.141191,33.26890917497143,17.848983348406318,0.6790000527411021,Au,PRUNED
3404,-7.051282051281618,2026-03-20 11:10:45.584448,2026-03-20 11:10:46.876573,0 days 00:00:01.292125,23.604447590532292,14.6940655323131,0.7313040341120143,Cu,PRUNED
3405,0.0,2026-03-20 11:10:45.628682,2026-03-20 11:10:46.801057,0 days 00:00:01.172375,20.309949304257046,18.82701331134211,0.7478553695822782,Au,PRUNED
3406,-7.4404761904751275,2026-03-20 11:10:45.716112,2026-03-20 11:10:46.715357,0 days 00:00:00.999245,32.57535618084274,19.86644295328041,0.9356091566091124,Ag,PRUNED
3407,-361.55913978489957,2026-03-20 11:10:45.764091,2026-03-20 11:10:47.017116,0 days 00:00:01.253025,20.335399924693263,19.46919514102745,0.7904295663679302,Au,PRUNED
3408,0.0,2026-03-20 11:10:46.230915,2026-03-20 11:10:47.577494,0 days 00:00:01.346579,29.77022181506024,19.952806978654923,0.5396760975122759,Au,PRUNED
3409,79.32098765431864,2026-03-20 11:10:46.757560,2026-03-20 11:10:47.873813,0 days 00:00:01.116253,32.662035881999145,17.200657345829043,0.5821187293376245,Au,PRUNED
3410,-18.939393939392218,2026-03-20 11:10:46.810049,2026-03-20 11:10:48.357918,0 days 00:00:01.547869,35.038523584018705,17.46171122293719,0.7379030334899297,Ag,PRUNED
3411,0.0,2026-03-20 11:10:46.901073,2026-03-20 11:10:48.041995,0 days 00:00:01.140922,20.678205381535214,13.701423213299567,0.5897693799529004,Au,PRUNED
3412,0.0,2026-03-20 11:10:46.927380,2026-03-20 11:10:48.051070,0 days 00:00:01.123690,20.219481930171156,15.45770058173905,1.046436921899609,Au,PRUNED
3413,0.0,2026-03-20 11:10:47.040110,2026-03-20 11:10:48.161411,0 days 00:00:01.121301,34.89728086374019,17.511463512666978,0.6777732741970477,Au,PRUNED
3414,-0.6858710562414153,2026-03-20 11:10:47.146127,2026-03-20 11:10:48.266005,0 days 00:00:01.119878,118.76529076745462,7.125283436509273,1.5354467357583692,Au,PRUNED
3415,0.0,2026-03-20 11:10:47.362831,2026-03-20 11:10:48.579291,0 days 00:00:01.216460,21.198327531933213,13.397314080701204,0.9678298460396171,Au,PRUNED
3416,0.0,2026-03-20 11:10:47.686659,2026-03-20 11:10:48.958137,0 days 00:00:01.271478,30.76117987170642,19.848973468641738,0.5737241771718703,Au,PRUNED
3417,0.0,2026-03-20 11:10:48.098369,2026-03-20 11:10:49.044222,0 days 00:00:00.945853,29.39094026114708,19.954256419839265,0.7523112098013642,Au,PRUNED
3418,0.0,2026-03-20 11:10:48.167363,2026-03-20 11:10:49.495152,0 days 00:00:01.327789,32.76155280300501,19.942384318206884,0.6290855892050589,Au,PRUNED
3419,0.0,2026-03-20 11:10:48.199839,2026-03-20 11:10:49.497092,0 days 00:00:01.297253,46.84238968371763,17.106384562310012,0.5702395792049295,Au,PRUNED
3420,-6.410256410255424,2026-03-20 11:10:48.395494,2026-03-20 11:10:49.361583,0 days 00:00:00.966089,21.967856899876036,19.837425545656565,0.7645090198325691,Au,PRUNED
3421,-3.2751091703056194,2026-03-20 11:10:48.470052,2026-03-20 11:10:49.625262,0 days 00:00:01.155210,89.41543919679356,14.376908683935625,0.4958579831229347,Ag,PRUNED
3422,0.0,2026-03-20 11:10:48.507146,2026-03-20 11:10:49.770472,0 days 00:00:01.263326,20.646091069641134,17.932646335705698,0.682737198604072,Au,PRUNED
3423,-8.01282051281928,2026-03-20 11:10:48.839880,2026-03-20 11:10:49.861352,0 days 00:00:01.021472,21.06611550144489,19.960010667453762,1.1147037504842257,Au,PRUNED
3424,0.0,2026-03-20 11:10:49.144324,2026-03-20 11:10:50.153809,0 days 00:00:01.009485,33.2229165088826,19.945960654876277,0.3947776330482854,Au,PRUNED
3425,79.93827160493589,2026-03-20 11:10:49.219967,2026-03-20 11:10:50.783280,0 days 00:00:01.563313,31.680670273851664,17.439365840068593,0.6284919135996851,Au,PRUNED
3426,-9.9999999999984,2026-03-20 11:10:49.592972,2026-03-20 11:10:50.603975,0 days 00:00:01.011003,21.77449047201531,19.939724039574237,0.5459985756834894,Au,PRUNED
3427,0.0,2026-03-20 11:10:49.648351,2026-03-20 11:10:50.556815,0 days 00:00:00.908464,20.84800064465761,17.446053740157186,1.0013473356060267,Au,PRUNED
3428,-383.21995464847373,2026-03-20 11:10:49.696728,2026-03-20 11:10:51.371253,0 days 00:00:01.674525,20.602411924609257,19.937115564400724,0.36323525248469624,Au,COMPLETE
3429,79.93827160493589,2026-03-20 11:10:49.742798,2026-03-20 11:10:50.787641,0 days 00:00:01.044843,31.652467986964247,17.543163279337122,0.5968130327922722,Au,PRUNED
3430,0.0,2026-03-20 11:10:50.003222,2026-03-20 11:10:51.328592,0 days 00:00:01.325370,20.05015203529386,16.44149184863708,1.4040948643635796,Au,PRUNED
3431,-307.87037037033616,2026-03-20 11:10:50.117899,2026-03-20 11:10:51.345674,0 days 00:00:01.227775,22.3094958434465,16.93064133503378,1.0146311137689423,Au,PRUNED
3432,-383.5034013604926,2026-03-20 11:10:50.330643,2026-03-20 11:10:51.565307,0 days 00:00:01.234664,20.28453957042726,19.908468731659653,0.654294027268804,Au,COMPLETE
3433,-8.522727272726886,2026-03-20 11:10:50.733580,2026-03-20 11:10:52.090444,0 days 00:00:01.356864,82.07228122625912,13.117781172748087,1.6349522194384833,Ag,PRUNED
3434,0.0,2026-03-20 11:10:50.785475,2026-03-20 11:10:51.860580,0 days 00:00:01.075105,31.590351199559677,17.707920371952856,0.7023554244865929,Au,PRUNED
3435,0.0,2026-03-20 11:10:50.855020,2026-03-20 11:10:52.058658,0 days 00:00:01.203638,20.000719542823038,18.789837487259483,0.44253945171141407,Au,PRUNED
3436,-1.1904761904761563,2026-03-20 11:10:50.893769,2026-03-20 11:10:52.591465,0 days 00:00:01.697696,20.48186764632323,18.039865435810942,0.7166685960461209,Ag,PRUNED
3437,0.0,2026-03-20 11:10:51.506616,2026-03-20 11:10:53.011849,0 days 00:00:01.505233,20.28198456021744,18.40217036979203,0.7914245785368426,Au,PRUNED
3438,-14.756944444443215,2026-03-20 11:10:51.591972,2026-03-20 11:10:52.759807,0 days 00:00:01.167835,60.09193282379539,4.717718261646268,1.9852458858533284,Au,PRUNED
3439,0.0,2026-03-20 11:10:51.728450,2026-03-20 11:10:52.734404,0 days 00:00:01.005954,37.35141312898065,19.959794831245937,0.5946617327757147,Au,PRUNED
3440,-9.9999999999984,2026-03-20 11:10:51.919053,2026-03-20 11:10:53.378693,0 days 00:00:01.459640,21.945666004268993,19.836228149002686,0.5457423341047835,Au,PRUNED
3441,-407.9736211030594,2026-03-20 11:10:52.164987,2026-03-20 11:10:52.963920,0 days 00:00:00.798933,20.805644378492577,19.655127625852195,0.8549616333422714,Au,COMPLETE
3442,-374.99999999995,2026-03-20 11:10:52.206214,2026-03-20 11:10:53.349158,0 days 00:00:01.142944,20.051166100400195,19.710293393329973,0.9892234540750319,Au,PRUNED
3443,0.0,2026-03-20 11:10:52.239477,2026-03-20 11:10:53.606805,0 days 00:00:01.367328,20.908845900442802,17.47362256042107,0.684715731744902,Au,PRUNED
3444,79.62962962962726,2026-03-20 11:10:52.658944,2026-03-20 11:10:54.166116,0 days 00:00:01.507172,32.20188744026205,17.293647066138636,0.6255785690706752,Au,PRUNED
3445,-2.075351213282216,2026-03-20 11:10:52.870575,2026-03-20 11:10:54.260639,0 days 00:00:01.390064,73.5376688675263,7.931530242317093,1.985413766821753,Cu,PRUNED
3446,-397.8873239436063,2026-03-20 11:10:52.915108,2026-03-20 11:10:53.894518,0 days 00:00:00.979410,20.393876532910493,19.942908515202536,0.6951696189489878,Au,COMPLETE
3447,-1.4880952380950254,2026-03-20 11:10:53.287294,2026-03-20 11:10:54.368489,0 days 00:00:01.081195,22.5155181744791,19.906182749902715,0.7465612732198676,Au,PRUNED
3448,0.0,2026-03-20 11:10:53.345461,2026-03-20 11:10:54.256434,0 days 00:00:00.910973,33.6439208757286,17.421677227752244,1.4286792325604305,Au,PRUNED
3449,-392.3611111110566,2026-03-20 11:10:53.492951,2026-03-20 11:10:55.253650,0 days 00:00:01.760699,20.00003676570072,19.7886447271403,1.1459262229972103,Au,COMPLETE
3450,-170.52469135801206,2026-03-20 11:10:53.634255,2026-03-20 11:10:54.848283,0 days 00:00:01.214028,23.30828761802396,19.857403056375887,0.7492507088905094,Ag,PRUNED
3451,0.0,2026-03-20 11:10:53.731431,2026-03-20 11:10:55.258215,0 days 00:00:01.526784,20.344899618985163,16.867906307451122,0.8743104705707434,Au,PRUNED
3452,0.0,2026-03-20 11:10:54.224764,2026-03-20 11:10:55.175073,0 days 00:00:00.950309,36.96713630638345,17.34337546601063,0.8381374052909609,Au,PRUNED
3453,0.0,2026-03-20 11:10:54.308612,2026-03-20 11:10:55.661685,0 days 00:00:01.353073,37.84444093500241,17.45719620153792,0.842038320275563,Au,PRUNED
3454,0.0,2026-03-20 11:10:54.432783,2026-03-20 11:10:55.722427,0 days 00:00:01.289644,20.027437478509192,19.089691624093003,0.8362014651994847,Au,PRUNED
3455,0.0,2026-03-20 11:10:54.525583,2026-03-20 11:10:55.626662,0 days 00:00:01.101079,33.74240994451127,17.288849785707626,0.8909478460494805,Au,PRUNED
3456,0.0,2026-03-20 11:10:54.557514,2026-03-20 11:10:55.503782,0 days 00:00:00.946268,20.1198123112773,19.44628591912034,0.6304486263017692,Au,PRUNED
3457,-362.9032258064048,2026-03-20 11:10:54.971081,2026-03-20 11:10:56.115245,0 days 00:00:01.144164,20.496627064508104,19.579084114830383,0.6702495453461588,Au,PRUNED
3458,0.0,2026-03-20 11:10:55.384534,2026-03-20 11:10:56.718145,0 days 00:00:01.333611,35.783109892158635,16.81112215469806,0.7141844443490016,Au,PRUNED
3459,0.0,2026-03-20 11:10:55.460651,2026-03-20 11:10:56.783046,0 days 00:00:01.322395,43.500370143415424,19.952674446006785,0.9440021206480699,Au,PRUNED
3460,0.0,2026-03-20 11:10:55.573007,2026-03-20 11:10:56.618459,0 days 00:00:01.045452,23.13517092763028,14.701611405938209,0.8396293602205067,Au,PRUNED
3461,0.0,2026-03-20 11:10:55.766435,2026-03-20 11:10:57.203503,0 days 00:00:01.437068,51.82284976223404,19.8893797253648,0.4371529788842788,Au,PRUNED
3462,-9.114583333332195,2026-03-20 11:10:55.803621,2026-03-20 11:10:56.778491,0 days 00:00:00.974870,24.124167553599296,19.729720019199366,0.6489809991603127,Cu,PRUNED
3463,-374.99999999995,2026-03-20 11:10:55.835382,2026-03-20 11:10:56.955609,0 days 00:00:01.120227,20.62625297676379,19.827773527416092,0.4254002687231858,Au,PRUNED
3464,0.0,2026-03-20 11:10:55.941019,2026-03-20 11:10:57.105861,0 days 00:00:01.164842,48.6274094531188,18.327742507056648,0.46413536572912606,Au,PRUNED
3465,0.0,2026-03-20 11:10:56.256765,2026-03-20 11:10:57.422955,0 days 00:00:01.166190,52.05306464407205,17.359314710492942,0.9516129295094189,Au,PRUNED
3466,-427.00501253126436,2026-03-20 11:10:56.688329,2026-03-20 11:10:57.994383,0 days 00:00:01.306054,20.697562230592656,19.97665373675712,0.7732193825221922,Au,COMPLETE
3467,-10.204081632652228,2026-03-20 11:10:56.896431,2026-03-20 11:10:58.141424,0 days 00:00:01.244993,76.72269514809952,2.5959118334842834,1.6632902631019657,Cu,PRUNED
3468,0.0,2026-03-20 11:10:56.924694,2026-03-20 11:10:57.967941,0 days 00:00:01.043247,35.55686070935398,17.736718733100766,0.43038094272560296,Au,PRUNED
3469,0.0,2026-03-20 11:10:57.015867,2026-03-20 11:10:58.145065,0 days 00:00:01.129198,49.860105538331084,16.654717696973,0.9993969417789612,Au,PRUNED
3470,79.9632352941153,2026-03-20 11:10:57.295528,2026-03-20 11:10:58.351269,0 days 00:00:01.055741,32.604424077395734,16.51211500646699,0.46564022581284115,Au,PRUNED
3471,80.26960784313488,2026-03-20 11:10:57.391146,2026-03-20 11:10:58.580990,0 days 00:00:01.189844,31.468116265786293,16.848306125629524,0.45382815614117333,Au,PRUNED
3472,0.0,2026-03-20 11:10:57.461984,2026-03-20 11:10:58.281620,0 days 00:00:00.819636,20.902949457452056,15.990457987630917,0.6976749322978609,Au,PRUNED
3473,-4.9019607843131485,2026-03-20 11:10:57.618079,2026-03-20 11:10:58.829313,0 days 00:00:01.211234,28.855500461967658,15.331220744039616,0.6832190595239954,Au,PRUNED
3474,4.166666666666334,2026-03-20 11:10:58.093552,2026-03-20 11:10:59.251016,0 days 00:00:01.157464,31.882093892563525,15.108992728647392,0.6573887757793131,Au,PRUNED
3475,0.0,2026-03-20 11:10:58.236851,2026-03-20 11:10:59.357562,0 days 00:00:01.120711,20.786620576537537,16.161199900110326,0.5904177438746854,Au,PRUNED
3476,0.0,2026-03-20 11:10:58.295119,2026-03-20 11:10:59.388359,0 days 00:00:01.093240,31.70049503893924,17.74877588770996,0.5801185218188655,Au,PRUNED
3477,0.0,2026-03-20 11:10:58.355265,2026-03-20 11:10:59.717672,0 days 00:00:01.362407,20.27738835202983,16.998283390495207,0.5977809523309363,Au,PRUNED
3478,-4.629629629628944,2026-03-20 11:10:58.397428,2026-03-20 11:10:59.604605,0 days 00:00:01.207177,35.18350325399056,19.945119688263915,0.4796652400684094,Ag,PRUNED
3479,-9.259259259257888,2026-03-20 11:10:58.528659,2026-03-20 11:10:59.774874,0 days 00:00:01.246215,35.59753671483219,19.875595496840955,0.35768092835920107,Ag,PRUNED
3480,0.0,2026-03-20 11:10:58.855261,2026-03-20 11:10:59.622445,0 days 00:00:00.767184,20.235981598837718,17.777953857631463,0.6230336919686646,Au,PRUNED
3481,81.49509803921329,2026-03-20 11:10:59.055219,2026-03-20 11:10:59.880804,0 days 00:00:00.825585,29.27460188410629,17.641099679425007,0.4509572285672628,Au,PRUNED
3482,0.0,2026-03-20 11:10:59.481400,2026-03-20 11:10:59.872630,0 days 00:00:00.391230,20.025574702230166,16.70869061630626,0.8225698807228798,Au,PRUNED
