number,value,datetime_start,datetime_complete,duration,params_D2_nm,params_D3_nm,params_D4_nm,params_metal,state
0,0.0,2025-11-13 12:25:34.241048,2025-11-13 12:25:38.718323,0 days 00:00:04.477275,119.99018837026208,18.259653268002275,1.0870691912346175,Cu,COMPLETE
1,-20.461309523805895,2025-11-13 12:25:34.269357,2025-11-13 12:25:38.849221,0 days 00:00:04.579864,85.1646542081692,6.914827566304099,0.9742322707163492,Ag,COMPLETE
2,-25.84388185653363,2025-11-13 12:25:34.241048,2025-11-13 12:25:38.718323,0 days 00:00:04.477275,79.8547655036709,3.7238117783040066,1.7479800605051563,Ag,COMPLETE
3,54.39814814814663,2025-11-13 12:25:34.297416,2025-11-13 12:25:38.765291,0 days 00:00:04.467875,47.63551681487391,16.46262252763266,0.35966859172988297,Cu,COMPLETE
4,1.0883084577114266,2025-11-13 12:25:34.331260,2025-11-13 12:25:38.858184,0 days 00:00:04.526924,64.8258087977377,17.721264611593803,0.7163389133597076,Ag,COMPLETE
5,18.61001317523027,2025-11-13 12:25:34.358153,2025-11-13 12:25:38.772663,0 days 00:00:04.414510,92.77954329484734,8.447670544598248,0.43720824574552475,Au,COMPLETE
6,-13.005780346819277,2025-11-13 12:25:34.367714,2025-11-13 12:25:38.805869,0 days 00:00:04.438155,26.904220662719386,18.069674180826816,0.3140397309162333,Cu,COMPLETE
7,26.399491094147184,2025-11-13 12:25:34.395459,2025-11-13 12:25:38.948271,0 days 00:00:04.552812,65.40326670646525,10.37711331176005,0.4874367834960027,Au,COMPLETE
8,-17.105263157892892,2025-11-13 12:25:38.789048,2025-11-13 12:25:39.124969,0 days 00:00:00.335921,85.16631339248843,12.207221607496626,0.8901417263299986,Ag,COMPLETE
9,-2.0693041526374434,2025-11-13 12:25:38.772341,2025-11-13 12:25:39.136993,0 days 00:00:00.364652,90.42788360499075,3.538429992651332,0.6681311772867293,Cu,COMPLETE
10,-1.4844804318488287,2025-11-13 12:25:39.096474,2025-11-13 12:25:39.431010,0 days 00:00:00.334536,118.20027027562281,0.6382684628369262,1.8826011059664056,Ag,COMPLETE
11,-1.5206812652067905,2025-11-13 12:25:39.180698,2025-11-13 12:25:39.631958,0 days 00:00:00.451260,116.42042183037555,1.3594507267334883,1.7769611647113388,Ag,COMPLETE
12,-1.5169902912621185,2025-11-13 12:25:39.203415,2025-11-13 12:25:39.649252,0 days 00:00:00.445837,118.65125757717982,1.4170426069964037,1.8772738932064925,Ag,COMPLETE
13,-26.74897119340891,2025-11-13 12:25:39.227577,2025-11-13 12:25:39.696924,0 days 00:00:00.469347,78.021089892032,5.725055388162296,1.3760089386703607,Ag,COMPLETE
14,-26.289682539676246,2025-11-13 12:25:39.248760,2025-11-13 12:25:39.702557,0 days 00:00:00.453797,78.98097055305482,5.855211368986092,1.332128816432587,Ag,COMPLETE
15,-26.66666666665953,2025-11-13 12:25:39.397773,2025-11-13 12:25:39.883469,0 days 00:00:00.485696,49.950046626594606,4.399378164435335,1.4237851456014943,Ag,COMPLETE
16,-25.49019607842531,2025-11-13 12:25:39.448207,2025-11-13 12:25:40.182687,0 days 00:00:00.734480,50.243919311218875,5.955659651498192,1.364200389331444,Ag,COMPLETE
17,-26.422764227635877,2025-11-13 12:25:39.486059,2025-11-13 12:25:40.062735,0 days 00:00:00.576676,51.97226710645124,5.829382650950035,1.4704984570652033,Ag,COMPLETE
18,0.0,2025-11-13 12:25:39.668171,2025-11-13 12:25:40.449449,0 days 00:00:00.781278,44.77438386499288,13.8971611529764,1.4589851662871371,Au,COMPLETE
19,-5.383895131085549,2025-11-13 12:25:39.916130,2025-11-13 12:25:40.434478,0 days 00:00:00.518348,30.02798226953483,13.442660687794977,1.62994449414952,Au,COMPLETE
20,-17.379679144383193,2025-11-13 12:25:39.966247,2025-11-13 12:25:40.497063,0 days 00:00:00.530816,30.060669935374246,11.915733273890254,1.3510461281936659,Au,COMPLETE
21,-7.022471910111609,2025-11-13 12:25:39.966247,2025-11-13 12:25:40.462604,0 days 00:00:00.496357,31.279888379384296,12.950977159778981,1.443413516504532,Au,COMPLETE
22,-187.06293706292405,2025-11-13 12:25:40.031398,2025-11-13 12:25:40.453605,0 days 00:00:00.422207,24.43283124108465,13.543175931956924,1.6151183753813054,Au,COMPLETE
23,2.4509803921566706,2025-11-13 12:25:40.078277,2025-11-13 12:25:40.559683,0 days 00:00:00.481406,32.00244868212165,13.73205095054689,1.5789367915165804,Au,COMPLETE
24,-15.773809523807282,2025-11-13 12:25:40.559683,2025-11-13 12:25:41.042773,0 days 00:00:00.483090,40.0809254547943,8.317448959963851,1.192515685346985,Ag,COMPLETE
25,-0.8865248226950103,2025-11-13 12:25:40.528436,2025-11-13 12:25:41.135843,0 days 00:00:00.607407,20.389044587646712,8.896840898535089,1.1687543175507051,Ag,COMPLETE
26,-25.67340067339563,2025-11-13 12:25:40.666110,2025-11-13 12:25:41.182884,0 days 00:00:00.516774,55.75066497197122,9.117953206069867,1.184604756635008,Ag,COMPLETE
27,-26.881720430101765,2025-11-13 12:25:40.697391,2025-11-13 12:25:41.135843,0 days 00:00:00.438452,57.75284279568161,8.871885846693438,1.1108167868751921,Ag,COMPLETE
28,-0.7122507122507,2025-11-13 12:25:40.728382,2025-11-13 12:25:41.514928,0 days 00:00:00.786546,71.94479457216019,16.02636286405382,0.8564037082700229,Au,COMPLETE
29,-2.098816405174759,2025-11-13 12:25:40.733442,2025-11-13 12:25:41.088593,0 days 00:00:00.355151,102.29307715957233,8.94578495411798,1.157986030423819,Ag,COMPLETE
30,-1.6401451702958991,2025-11-13 12:25:40.803163,2025-11-13 12:25:41.230407,0 days 00:00:00.427244,103.66846749087219,3.525363802623294,1.170235336112835,Ag,COMPLETE
31,-0.8300132802124702,2025-11-13 12:25:41.057287,2025-11-13 12:25:41.530575,0 days 00:00:00.473288,70.6884712345185,15.420999069201105,0.15650415482378066,Cu,COMPLETE
32,-28.846153846146578,2025-11-13 12:25:41.365978,2025-11-13 12:25:41.904034,0 days 00:00:00.538056,57.40783439182732,7.229625543205202,1.0155142485610407,Ag,COMPLETE
33,24.088541666666295,2025-11-13 12:25:41.432669,2025-11-13 12:25:41.997322,0 days 00:00:00.564653,56.58238648085221,19.63932572416798,1.6481877684974564,Ag,COMPLETE
34,-30.251141552503118,2025-11-13 12:25:41.470463,2025-11-13 12:25:41.793925,0 days 00:00:00.323462,60.70508597647013,6.986057494168386,1.018510207423254,Ag,COMPLETE
35,-26.09034267912293,2025-11-13 12:25:41.482698,2025-11-13 12:25:42.248964,0 days 00:00:00.766266,63.524755210253886,10.496978301446823,1.0474873332622021,Ag,COMPLETE
36,-25.81521739129862,2025-11-13 12:25:41.547723,2025-11-13 12:25:42.248964,0 days 00:00:00.701241,58.281764403182855,6.81813309179894,1.997129180945695,Ag,COMPLETE
37,-26.515151515145487,2025-11-13 12:25:41.563445,2025-11-13 12:25:42.169288,0 days 00:00:00.605843,59.26202106996297,7.236592760913195,1.5974968416147677,Ag,COMPLETE
38,-8.917589175891129,2025-11-13 12:25:41.778215,2025-11-13 12:25:42.446242,0 days 00:00:00.668027,60.21420359848342,10.56398602156951,1.0145599953580575,Cu,COMPLETE
39,-12.51584283903581,2025-11-13 12:25:42.329023,2025-11-13 12:25:42.767667,0 days 00:00:00.438644,42.89301306403337,11.302459444328932,0.7360138340169469,Cu,COMPLETE
40,-3.984063745019602,2025-11-13 12:25:42.344638,2025-11-13 12:25:42.952285,0 days 00:00:00.607647,38.46957281054105,11.608790296244756,0.7429692728247451,Au,COMPLETE
41,2.358490566037558,2025-11-13 12:25:42.344638,2025-11-13 12:25:42.952285,0 days 00:00:00.607647,42.306967000158785,11.65357041062293,0.9369613959959786,Au,COMPLETE
42,-12.254901960783414,2025-11-13 12:25:42.415424,2025-11-13 12:25:42.858613,0 days 00:00:00.443189,40.04844843022342,7.41479730468242,0.7856318605355657,Au,COMPLETE
43,-35.81871345027982,2025-11-13 12:25:42.532034,2025-11-13 12:25:43.303449,0 days 00:00:00.771415,75.60230077132316,4.851276267185592,0.6109781800869742,Ag,COMPLETE
44,-32.051282051272224,2025-11-13 12:25:42.565053,2025-11-13 12:25:43.196306,0 days 00:00:00.631253,77.48766514756952,4.777617739027296,0.9576302776888345,Ag,COMPLETE
45,-7.864792503346103,2025-11-13 12:25:42.597696,2025-11-13 12:25:43.132519,0 days 00:00:00.534823,37.00661919989837,11.551890712305896,0.7263664257398248,Au,COMPLETE
46,-33.46994535518047,2025-11-13 12:25:42.767667,2025-11-13 12:25:43.285352,0 days 00:00:00.517685,77.72222736788942,5.113676444548252,0.6001122206594177,Ag,COMPLETE
47,-14.388489208631016,2025-11-13 12:25:43.166956,2025-11-13 12:25:43.531995,0 days 00:00:00.365039,90.12436227271435,4.687886942555261,0.594041580745136,Ag,COMPLETE
48,-22.940074906361872,2025-11-13 12:25:43.198474,2025-11-13 12:25:43.864311,0 days 00:00:00.665837,86.35965794526466,4.860522409418823,0.5971341454970329,Ag,COMPLETE
49,-28.40909090908219,2025-11-13 12:25:43.245355,2025-11-13 12:25:43.732209,0 days 00:00:00.486854,85.47560990327904,2.3873526128486784,0.5722507645918967,Ag,COMPLETE
50,-27.777777777770062,2025-11-13 12:25:43.303449,2025-11-13 12:25:43.879916,0 days 00:00:00.576467,83.94356132521717,4.496271895353421,0.5649046156824075,Ag,COMPLETE
51,-40.76086956519973,2025-11-13 12:25:43.401514,2025-11-13 12:25:43.995355,0 days 00:00:00.593841,74.62928218429319,2.789557206880767,0.5762239917907681,Ag,COMPLETE
52,-39.85507246375091,2025-11-13 12:25:43.430271,2025-11-13 12:25:43.813762,0 days 00:00:00.383491,75.95554567695609,2.416813258733296,0.5981293069625908,Ag,COMPLETE
53,-11.84433164128474,2025-11-13 12:25:43.570719,2025-11-13 12:25:44.138939,0 days 00:00:00.568220,75.54571570771702,2.8361199224575047,0.41282181600342427,Cu,COMPLETE
54,-41.66666666664841,2025-11-13 12:25:43.631471,2025-11-13 12:25:44.182718,0 days 00:00:00.551247,75.95870427662842,2.7364143665953593,0.3878791499897264,Ag,COMPLETE
55,-42.635658914708635,2025-11-13 12:25:43.780366,2025-11-13 12:25:44.164819,0 days 00:00:00.384453,74.87136181280563,2.5139508686093297,0.34406729286316146,Ag,COMPLETE
56,-44.71544715444965,2025-11-13 12:25:44.113684,2025-11-13 12:25:44.782067,0 days 00:00:00.668383,73.8568083863593,2.672732036788695,0.2445798521544452,Ag,COMPLETE
57,-49.99999999997152,2025-11-13 12:25:44.134724,2025-11-13 12:25:44.526864,0 days 00:00:00.392140,66.83361832802885,0.5214937463025124,0.3176207036294908,Ag,COMPLETE
58,-48.42342342339707,2025-11-13 12:25:44.247631,2025-11-13 12:25:44.511320,0 days 00:00:00.263689,72.38936015598301,1.7787091615987265,0.12572597592899437,Ag,COMPLETE
59,-50.24509803918625,2025-11-13 12:25:44.263175,2025-11-13 12:25:44.748613,0 days 00:00:00.485438,66.92813763641847,0.5491193096542517,0.2622199413362546,Ag,COMPLETE
60,-49.999999999971564,2025-11-13 12:25:44.315926,2025-11-13 12:25:44.894111,0 days 00:00:00.578185,67.56907663034877,0.9358155933597792,0.2459198846872715,Ag,COMPLETE
61,-50.24509803918625,2025-11-13 12:25:44.315926,2025-11-13 12:25:44.798045,0 days 00:00:00.482119,68.25654625462703,0.5819313730950508,0.25509596188725536,Ag,COMPLETE
62,-50.24509803918625,2025-11-13 12:25:44.526864,2025-11-13 12:25:45.143334,0 days 00:00:00.616470,66.64357666267813,0.5767477134228169,0.2458742304574124,Ag,COMPLETE
63,-51.47058823526383,2025-11-13 12:25:44.633849,2025-11-13 12:25:45.152551,0 days 00:00:00.518702,66.47725613733888,0.6672962286695624,0.22948918927379003,Ag,COMPLETE
64,-51.47058823526383,2025-11-13 12:25:44.816068,2025-11-13 12:25:45.121123,0 days 00:00:00.305055,68.43830667621671,0.6150330312700818,0.24055662523725296,Ag,COMPLETE
65,-51.47058823526388,2025-11-13 12:25:44.862879,2025-11-13 12:25:45.449928,0 days 00:00:00.587049,64.85136670103391,0.5646712849553035,0.23842083475822123,Ag,COMPLETE
66,-18.82716049382434,2025-11-13 12:25:45.050229,2025-11-13 12:25:45.449928,0 days 00:00:00.399699,66.17438788872349,1.2154625836382793,0.2279845674539864,Au,COMPLETE
67,-18.82716049382434,2025-11-13 12:25:45.090543,2025-11-13 12:25:45.481982,0 days 00:00:00.391439,67.52558242044,1.2300065974197256,0.23870839774984062,Au,COMPLETE
68,-38.94927536230185,2025-11-13 12:25:45.198513,2025-11-13 12:25:45.632995,0 days 00:00:00.434482,54.135606913684605,1.8168717205096279,0.46634651511254777,Ag,COMPLETE
69,-18.967661691539455,2025-11-13 12:25:45.154612,2025-11-13 12:25:45.824990,0 days 00:00:00.670378,67.68250170773301,1.1600908305937256,0.2026287642249142,Au,COMPLETE
70,-39.81481481479711,2025-11-13 12:25:45.316956,2025-11-13 12:25:45.778200,0 days 00:00:00.461244,52.348613629600386,1.7108125561133638,0.18823216230280104,Ag,COMPLETE
71,-15.25821596243915,2025-11-13 12:25:45.425471,2025-11-13 12:25:45.900343,0 days 00:00:00.474872,63.49928680132776,1.8482725201500387,0.15813645160359457,Cu,COMPLETE
72,-49.99999999997149,2025-11-13 12:25:45.610311,2025-11-13 12:25:46.047900,0 days 00:00:00.437589,63.64867176058097,0.6585487195331166,0.27515259959916166,Ag,COMPLETE
73,-51.47058823526383,2025-11-13 12:25:45.746943,2025-11-13 12:25:46.198007,0 days 00:00:00.451064,70.17585350130858,0.5829714723066178,0.29206223540231563,Ag,COMPLETE
74,-34.72222222220921,2025-11-13 12:25:45.824990,2025-11-13 12:25:46.314407,0 days 00:00:00.489417,81.30863423148892,3.656942204148538,0.2892852957889251,Ag,COMPLETE
75,-50.24509803918625,2025-11-13 12:25:45.947790,2025-11-13 12:25:46.314407,0 days 00:00:00.366617,69.25767135043588,0.5139077550122613,0.28377171067434515,Ag,COMPLETE
76,-30.36723163840784,2025-11-13 12:25:46.165216,2025-11-13 12:25:46.748944,0 days 00:00:00.583728,46.928621777831374,2.0289703927299994,0.5103458532848572,Ag,COMPLETE
77,-26.701877934268587,2025-11-13 12:25:46.237470,2025-11-13 12:25:47.020472,0 days 00:00:00.783002,61.73241763947076,14.741180445049633,0.11953147231799505,Ag,COMPLETE
78,-44.715447154449805,2025-11-13 12:25:46.198007,2025-11-13 12:25:46.799009,0 days 00:00:00.601002,70.48371244530287,3.2619117379169453,0.10042287513997983,Ag,COMPLETE
79,-130.35714285713357,2025-11-13 12:25:46.262737,2025-11-13 12:25:46.782825,0 days 00:00:00.520088,24.13247536137964,17.435903833132212,0.10150819602867242,Ag,COMPLETE
80,-1.1150234741783764,2025-11-13 12:25:46.331155,2025-11-13 12:25:47.312193,0 days 00:00:00.981038,22.17879231218746,3.273920359378985,0.1251919904026903,Ag,COMPLETE
81,-0.8992805755395424,2025-11-13 12:25:46.589176,2025-11-13 12:25:47.633414,0 days 00:00:01.044238,21.867402389795423,18.738441665647947,0.3426739108716452,Ag,COMPLETE
82,-14.79076479076353,2025-11-13 12:25:46.743879,2025-11-13 12:25:47.422325,0 days 00:00:00.678446,33.8524845312881,16.845317724963476,0.43790704972469385,Ag,COMPLETE
83,-0.8928571428571173,2025-11-13 12:25:47.036240,2025-11-13 12:25:47.437801,0 days 00:00:00.401561,20.260152641467826,16.689428918795866,0.36732022377287266,Ag,COMPLETE
84,-1.0806916426512656,2025-11-13 12:25:47.114646,2025-11-13 12:25:47.758273,0 days 00:00:00.643627,22.44756752234036,19.00543151766244,0.3906095097790666,Ag,COMPLETE
85,-9.293680297397081,2025-11-13 12:25:47.151334,2025-11-13 12:25:47.633414,0 days 00:00:00.482080,26.166054820053674,17.398192285405152,0.34026740044999965,Ag,COMPLETE
86,-8.454106280192624,2025-11-13 12:25:47.180075,2025-11-13 12:25:47.813730,0 days 00:00:00.633655,25.273940902608835,16.993980116867192,0.3603830654203416,Ag,COMPLETE
87,-8.290816326529752,2025-11-13 12:25:47.296286,2025-11-13 12:25:48.071678,0 days 00:00:00.775392,25.948355306633946,1.4185946859898628,0.1857007989376595,Ag,COMPLETE
88,-48.611111111084135,2025-11-13 12:25:47.534711,2025-11-13 12:25:48.063664,0 days 00:00:00.528953,61.99238053879692,0.9861486454118003,0.1985707396023487,Ag,COMPLETE
89,-8.01787592008361,2025-11-13 12:25:47.543632,2025-11-13 12:25:48.248363,0 days 00:00:00.704731,26.839565585091364,12.567789107906018,1.2505642829002468,Cu,COMPLETE
90,-13.976793248943373,2025-11-13 12:25:47.711417,2025-11-13 12:25:48.247871,0 days 00:00:00.536454,62.20765949989525,0.9805572006520233,1.246543648615391,Cu,COMPLETE
91,-48.809523809495936,2025-11-13 12:25:47.962378,2025-11-13 12:25:48.828501,0 days 00:00:00.866123,69.13284169225923,0.5192811100892284,0.30506181594515813,Ag,COMPLETE
92,-51.47058823526383,2025-11-13 12:25:48.153273,2025-11-13 12:25:48.686482,0 days 00:00:00.533209,70.34307639725382,0.6027190601071939,0.2904293414667155,Ag,COMPLETE
93,-49.99999999997152,2025-11-13 12:25:48.196415,2025-11-13 12:25:48.686482,0 days 00:00:00.490067,70.38849776288366,0.5564401392894064,0.2921387913928414,Ag,COMPLETE
94,-49.99999999997152,2025-11-13 12:25:48.269320,2025-11-13 12:25:48.781283,0 days 00:00:00.511963,69.62274291231058,0.5520127295262861,0.29353457195700433,Ag,COMPLETE
95,-49.99999999997132,2025-11-13 12:25:48.286286,2025-11-13 12:25:48.781283,0 days 00:00:00.494997,69.77682475067928,0.7465867089498668,0.27978326876088033,Ag,COMPLETE
96,-51.47058823526383,2025-11-13 12:25:48.443595,2025-11-13 12:25:49.003673,0 days 00:00:00.560078,68.80284256922688,0.5665142246254257,0.3116275121758755,Ag,COMPLETE
97,-37.581699346390316,2025-11-13 12:25:48.663342,2025-11-13 12:25:49.167465,0 days 00:00:00.504123,79.98701954636336,4.068736186274227,0.15651485121214131,Ag,COMPLETE
98,-13.40996168582273,2025-11-13 12:25:48.768193,2025-11-13 12:25:49.263860,0 days 00:00:00.495667,80.41066497981609,4.032943667741458,1.5170420671500442,Au,COMPLETE
99,-2.2897585345545046,2025-11-13 12:25:48.932308,2025-11-13 12:25:49.649076,0 days 00:00:00.716768,106.95231245692537,2.1112322995855,0.5097039481049253,Au,COMPLETE
100,-17.668776371305817,2025-11-13 12:25:48.968628,2025-11-13 12:25:49.436491,0 days 00:00:00.467863,72.59870423736575,2.119095563530757,0.5107189486626142,Au,COMPLETE
101,-16.025641025639217,2025-11-13 12:25:49.003673,2025-11-13 12:25:49.503078,0 days 00:00:00.499405,72.95026168373491,1.4649828584065454,1.508811143241515,Au,COMPLETE
102,-17.73648648648411,2025-11-13 12:25:49.097756,2025-11-13 12:25:49.500078,0 days 00:00:00.402322,64.97493852053385,1.5539027684122284,0.5241940657139283,Au,COMPLETE
103,7.026143790849563,2025-11-13 12:25:49.194716,2025-11-13 12:25:49.816816,0 days 00:00:00.622100,107.7809908150134,14.420876641565629,0.43337448476861584,Ag,COMPLETE
104,-1.6304347826086645,2025-11-13 12:25:49.376700,2025-11-13 12:25:49.932661,0 days 00:00:00.555961,101.9210326076822,1.1408247097928896,1.7588603289624978,Ag,COMPLETE
105,-31.249999999992188,2025-11-13 12:25:49.546686,2025-11-13 12:25:50.153776,0 days 00:00:00.607090,65.37687721033488,9.994567474684878,0.2312354159126729,Ag,COMPLETE
106,-26.930894308939838,2025-11-13 12:25:49.750004,2025-11-13 12:25:50.202341,0 days 00:00:00.452337,65.685665221016,16.036577488263553,0.2259103117587088,Ag,COMPLETE
107,-47.29729729727182,2025-11-13 12:25:49.850100,2025-11-13 12:25:50.405461,0 days 00:00:00.555361,65.76352099545876,1.5648728313420897,0.22089257165138082,Ag,COMPLETE
108,-47.29729729727182,2025-11-13 12:25:49.883784,2025-11-13 12:25:50.386733,0 days 00:00:00.502949,60.18992279305409,1.4557232403581852,0.1697494617268639,Ag,COMPLETE
109,-49.76851851849095,2025-11-13 12:25:49.966919,2025-11-13 12:25:50.254243,0 days 00:00:00.287324,65.03593359956409,1.4424493616235172,0.21607341897826066,Ag,COMPLETE
110,-47.29729729727148,2025-11-13 12:25:50.028615,2025-11-13 12:25:50.562250,0 days 00:00:00.533635,59.679790771176094,1.3698956504299904,0.17557001933148741,Ag,COMPLETE
111,-44.871794871771776,2025-11-13 12:25:50.254243,2025-11-13 12:25:50.700858,0 days 00:00:00.446615,55.415454378670965,0.9536548940269076,0.13949683512201527,Ag,COMPLETE
112,-23.373983739831736,2025-11-13 12:25:50.363266,2025-11-13 12:25:50.735881,0 days 00:00:00.372615,82.66252957808283,2.204662393985854,1.8518588689682083,Ag,COMPLETE
113,-49.99999999997132,2025-11-13 12:25:50.515246,2025-11-13 12:25:51.299060,0 days 00:00:00.783814,68.91307570118542,1.0089594387314322,0.26454056406195164,Ag,COMPLETE
114,-34.97023809522566,2025-11-13 12:25:50.515246,2025-11-13 12:25:50.909902,0 days 00:00:00.394656,68.71787715129447,2.183482955164582,1.8225532339814408,Ag,COMPLETE
115,-45.94017094014722,2025-11-13 12:25:50.402390,2025-11-13 12:25:51.113094,0 days 00:00:00.710704,68.4474640451659,2.222255827712134,0.2738320018450682,Ag,COMPLETE
116,-45.94017094014738,2025-11-13 12:25:50.717935,2025-11-13 12:25:51.025526,0 days 00:00:00.307591,78.19955769858504,0.9215301318417211,0.26157701398772915,Ag,COMPLETE
117,-16.025641025637924,2025-11-13 12:25:50.821912,2025-11-13 12:25:51.331506,0 days 00:00:00.509594,34.45090020696795,0.9329085869111375,0.32280652675774557,Ag,COMPLETE
118,-48.61111111108394,2025-11-13 12:25:50.848519,2025-11-13 12:25:51.464508,0 days 00:00:00.615989,72.17874167052585,0.8453920837505888,0.32835469322527,Ag,COMPLETE
119,-43.560606060586124,2025-11-13 12:25:51.018478,2025-11-13 12:25:51.594989,0 days 00:00:00.576511,71.63698408399713,3.209688923430767,0.40204636822545714,Ag,COMPLETE
120,-42.61363636361706,2025-11-13 12:25:51.196826,2025-11-13 12:25:51.804050,0 days 00:00:00.607224,63.20926789922493,3.141976665492085,0.3837176000464402,Ag,COMPLETE
121,-46.171171171146376,2025-11-13 12:25:51.333541,2025-11-13 12:25:51.806150,0 days 00:00:00.472609,58.24074273806273,0.5291529042561949,0.36596727954945063,Ag,COMPLETE
122,-48.8095238094959,2025-11-13 12:25:51.513796,2025-11-13 12:25:52.241502,0 days 00:00:00.727706,63.41872097062078,0.5295857327635576,0.37193623585023633,Ag,COMPLETE
123,-22.206959706957267,2025-11-13 12:25:51.548254,2025-11-13 12:25:52.129953,0 days 00:00:00.581699,62.59331076903963,13.379126813027465,1.9425296754736092,Ag,COMPLETE
124,-45.833333333310414,2025-11-13 12:25:51.730010,2025-11-13 12:25:52.152326,0 days 00:00:00.422316,67.19741426070041,1.8842557514856086,0.4560814541860557,Ag,COMPLETE
125,-10.28806584362012,2025-11-13 12:25:51.850154,2025-11-13 12:25:52.786880,0 days 00:00:00.936726,28.688161114856918,1.6702395220700148,0.2503541578419565,Ag,COMPLETE
126,-10.822510822509418,2025-11-13 12:25:51.978245,2025-11-13 12:25:52.278932,0 days 00:00:00.300687,29.500024342119243,1.8513797488466603,0.1995832376918653,Ag,COMPLETE
127,-48.42342342339707,2025-11-13 12:25:52.081390,2025-11-13 12:25:52.755709,0 days 00:00:00.674319,74.26746198607468,1.1989484506838337,0.255790748101831,Ag,COMPLETE
128,-48.6111111110841,2025-11-13 12:25:52.129953,2025-11-13 12:25:52.818138,0 days 00:00:00.688185,73.68400336376429,1.1519444573445778,0.10330859883751226,Ag,COMPLETE
129,-15.318627450978095,2025-11-13 12:25:52.310143,2025-11-13 12:25:53.179074,0 days 00:00:00.868931,67.00051978783912,0.8497812062804773,0.14473941966475812,Cu,COMPLETE
130,-0.8573388203017691,2025-11-13 12:25:52.349594,2025-11-13 12:25:53.212583,0 days 00:00:00.862989,70.98491479181918,19.66189008947946,0.15052540473617693,Cu,COMPLETE
131,-12.35177865612552,2025-11-13 12:25:52.708840,2025-11-13 12:25:53.228083,0 days 00:00:00.519243,72.09828149500278,8.136617544598568,0.14337617415563972,Cu,COMPLETE
132,-0.664010624169976,2025-11-13 12:25:52.724475,2025-11-13 12:25:53.104742,0 days 00:00:00.380267,67.49121813710059,15.09870971932781,0.8361707574641125,Cu,COMPLETE
133,-13.554216867468199,2025-11-13 12:25:52.833758,2025-11-13 12:25:53.315677,0 days 00:00:00.481919,71.16977686757913,2.519695541017785,0.1537830019451613,Cu,COMPLETE
134,-48.809523809495936,2025-11-13 12:25:53.274963,2025-11-13 12:25:53.807045,0 days 00:00:00.532082,76.54954943905707,0.5112869643473521,0.20560630740982433,Ag,COMPLETE
135,-47.29729729727182,2025-11-13 12:25:53.228083,2025-11-13 12:25:53.807045,0 days 00:00:00.578962,76.34076607513933,0.5404683103242229,0.32340564453095444,Ag,COMPLETE
136,-47.453703703677256,2025-11-13 12:25:53.212583,2025-11-13 12:25:53.774832,0 days 00:00:00.562249,60.724210602323375,0.5007986618353663,0.3107949174270496,Ag,COMPLETE
137,-47.29729729727182,2025-11-13 12:25:53.349100,2025-11-13 12:25:53.807045,0 days 00:00:00.457945,76.80789865357572,0.52265822432468,0.3137638410080708,Ag,COMPLETE
138,-33.48214285713095,2025-11-13 12:25:53.402885,2025-11-13 12:25:54.231691,0 days 00:00:00.828806,77.13696956177864,1.2209124779961926,1.6664907612353497,Ag,COMPLETE
139,-46.0526315789233,2025-11-13 12:25:53.407880,2025-11-13 12:25:53.955152,0 days 00:00:00.547272,75.78857948442898,1.2555234509117803,0.31616746077717356,Ag,COMPLETE
140,-36.6666666666521,2025-11-13 12:25:53.463094,2025-11-13 12:25:54.231691,0 days 00:00:00.768597,66.6753477483512,1.216741663573949,1.7158732150290783,Ag,COMPLETE
141,21.223470661672593,2025-11-13 12:25:53.743443,2025-11-13 12:25:54.297149,0 days 00:00:00.553706,66.28864575878544,18.306115168033575,0.24856213364319343,Ag,COMPLETE
142,-48.423423423397416,2025-11-13 12:25:53.998931,2025-11-13 12:25:54.543453,0 days 00:00:00.544522,69.6880917723443,1.7250719796930443,0.2800049785858804,Ag,COMPLETE
143,-48.42342342339725,2025-11-13 12:25:54.181794,2025-11-13 12:25:54.647421,0 days 00:00:00.465627,69.94074457507102,1.6359930604273678,0.2912923133536415,Ag,COMPLETE
144,-48.61111111108426,2025-11-13 12:25:54.204644,2025-11-13 12:25:54.986805,0 days 00:00:00.782161,69.68076098379031,0.8697839047925655,0.42402295580604177,Ag,COMPLETE
145,-48.423423423397416,2025-11-13 12:25:54.272797,2025-11-13 12:25:54.664123,0 days 00:00:00.391326,69.9098582031614,1.7012645133939421,0.28542951040177705,Ag,COMPLETE
146,-47.14912280699298,2025-11-13 12:25:54.312253,2025-11-13 12:25:54.955547,0 days 00:00:00.643294,64.5456586200352,0.9169405773519712,0.6512290926721953,Ag,COMPLETE
147,-47.14912280699298,2025-11-13 12:25:54.350700,2025-11-13 12:25:54.924298,0 days 00:00:00.573598,69.89501923564728,1.662680987329606,0.28939379869736787,Ag,COMPLETE
148,-48.61111111108426,2025-11-13 12:25:54.423941,2025-11-13 12:25:55.094506,0 days 00:00:00.670565,64.07148368954884,0.8694591830362828,0.41896376699914567,Ag,COMPLETE
149,-49.99999999997132,2025-11-13 12:25:54.681647,2025-11-13 12:25:55.687532,0 days 00:00:01.005885,64.325325917489,0.8673680323970646,0.19989290213742222,Ag,COMPLETE
150,-35.919540229872865,2025-11-13 12:25:54.664123,2025-11-13 12:25:55.198170,0 days 00:00:00.534047,64.26512259814491,6.316524530637393,0.42058346895306603,Ag,COMPLETE
151,-19.402035623406675,2025-11-13 12:25:54.814182,2025-11-13 12:25:55.297666,0 days 00:00:00.483484,73.73705588810387,0.9183183995990318,0.18277196090935663,Au,COMPLETE
152,-19.510582010578915,2025-11-13 12:25:55.138372,2025-11-13 12:25:55.718691,0 days 00:00:00.580319,73.57288184428853,0.5041431557963663,0.18600261205776616,Au,COMPLETE
153,-49.99999999997149,2025-11-13 12:25:55.201156,2025-11-13 12:25:55.994473,0 days 00:00:00.793317,68.0083214931375,0.5613743664166018,0.3569519506781603,Ag,COMPLETE
154,-50.24509803918605,2025-11-13 12:25:55.281610,2025-11-13 12:25:55.815069,0 days 00:00:00.533459,67.79056071393613,0.508400471586911,0.22566657853730293,Ag,COMPLETE
155,-0.5868544600938801,2025-11-13 12:25:55.218775,2025-11-13 12:25:55.849604,0 days 00:00:00.630829,24.29050468266321,1.2888530694892424,0.19536165114249907,Au,COMPLETE
156,-48.6111111110841,2025-11-13 12:25:55.336853,2025-11-13 12:25:56.396251,0 days 00:00:01.059398,67.82299369375873,1.3449080946822805,0.23451675121746163,Ag,COMPLETE
157,-48.61111111108375,2025-11-13 12:25:55.751160,2025-11-13 12:25:56.363938,0 days 00:00:00.612778,67.48182252901081,1.2557170268809459,0.23908006824714273,Ag,COMPLETE
158,-48.423423423397416,2025-11-13 12:25:55.815069,2025-11-13 12:25:56.365001,0 days 00:00:00.549932,66.03298891574318,1.3873522213096372,0.349280812228509,Ag,COMPLETE
159,-31.770833333325353,2025-11-13 12:25:55.865800,2025-11-13 12:25:56.380627,0 days 00:00:00.514827,67.59577806791593,10.007898794941962,0.2357340824810653,Ag,COMPLETE
160,-48.6111111110841,2025-11-13 12:25:55.963143,2025-11-13 12:25:56.459135,0 days 00:00:00.495992,67.28624516961469,1.3434448139104493,0.2430775607216994,Ag,COMPLETE
161,-9.598603839440534,2025-11-13 12:25:56.112194,2025-11-13 12:25:56.659188,0 days 00:00:00.546994,93.0266717541918,2.019454424257898,0.10276647746252941,Ag,COMPLETE
162,-48.809523809495936,2025-11-13 12:25:56.255847,2025-11-13 12:25:56.847050,0 days 00:00:00.591203,71.53839690223359,0.5124330809672738,0.29979957817551045,Ag,COMPLETE
163,-48.611111111084135,2025-11-13 12:25:56.427502,2025-11-13 12:25:57.180146,0 days 00:00:00.752644,61.85261397064314,0.8366582618879697,0.29237489517426574,Ag,COMPLETE
164,-48.809523809495936,2025-11-13 12:25:56.515394,2025-11-13 12:25:56.915247,0 days 00:00:00.399853,70.68578192074293,0.5184703773211933,0.298353074194894,Ag,COMPLETE
165,-48.6111111110841,2025-11-13 12:25:56.565881,2025-11-13 12:25:57.232151,0 days 00:00:00.666270,70.60807723596139,0.8911366486781074,0.33142342046823203,Ag,COMPLETE
166,-48.809523809495936,2025-11-13 12:25:56.572842,2025-11-13 12:25:57.180146,0 days 00:00:00.607304,71.35093296662527,0.7905540210535089,0.3005851615408903,Ag,COMPLETE
167,-48.611111111084135,2025-11-13 12:25:56.690433,2025-11-13 12:25:57.059955,0 days 00:00:00.369522,62.32467009192084,0.8601374390507464,0.2674524191373789,Ag,COMPLETE
168,-28.21180555554965,2025-11-13 12:25:56.862679,2025-11-13 12:25:57.622797,0 days 00:00:00.760118,73.08054855025107,10.862452560728757,0.37317453491618197,Ag,COMPLETE
169,-39.062499999983785,2025-11-13 12:25:57.012978,2025-11-13 12:25:57.638423,0 days 00:00:00.625445,73.79674617011032,1.912874709510595,1.0961040034381537,Ag,COMPLETE
170,-19.40993788819637,2025-11-13 12:25:57.180146,2025-11-13 12:25:57.529049,0 days 00:00:00.348903,47.45026252494516,12.243236674118794,1.4042422793016192,Ag,COMPLETE
171,-48.61111111108426,2025-11-13 12:25:57.248194,2025-11-13 12:25:57.805508,0 days 00:00:00.557314,65.41345201403843,1.1302812048703883,0.22042281083112852,Ag,COMPLETE
172,-45.83333333331025,2025-11-13 12:25:57.270242,2025-11-13 12:25:57.762452,0 days 00:00:00.492210,72.90037688348808,2.1694838196444177,0.36045316929361415,Ag,COMPLETE
173,-47.453703703677256,2025-11-13 12:25:57.466710,2025-11-13 12:25:58.246699,0 days 00:00:00.779989,59.13780779598221,0.5110249881926557,0.22415326311517642,Ag,COMPLETE
174,-31.926406926398702,2025-11-13 12:25:57.544672,2025-11-13 12:25:58.330690,0 days 00:00:00.786018,68.38252853143386,9.462214587405384,0.26245949039756666,Ag,COMPLETE
175,-49.99999999997149,2025-11-13 12:25:57.689621,2025-11-13 12:25:58.012242,0 days 00:00:00.322621,69.30184755246206,1.029786679336003,0.266008409625183,Ag,COMPLETE
176,-53.03030303027077,2025-11-13 12:25:57.847510,2025-11-13 12:25:58.432280,0 days 00:00:00.584770,65.69063843294985,0.5279458817651681,0.1770578088811884,Ag,COMPLETE
177,-32.22222222221352,2025-11-13 12:25:57.884845,2025-11-13 12:25:58.569975,0 days 00:00:00.685130,65.60608701970935,9.429786486708139,0.1739085688548758,Ag,COMPLETE
178,-26.92307692307275,2025-11-13 12:25:57.967986,2025-11-13 12:25:58.616073,0 days 00:00:00.648087,65.44811756330404,13.982213082859246,0.16031922609661944,Ag,COMPLETE
179,-26.67682926828941,2025-11-13 12:25:58.199847,2025-11-13 12:25:58.767913,0 days 00:00:00.568066,65.5957494106397,16.268537763864146,0.16123128701393272,Ag,COMPLETE
180,-27.096114519424148,2025-11-13 12:25:58.330690,2025-11-13 12:25:59.037947,0 days 00:00:00.707257,65.73004055755952,15.920766373414109,0.20317492168358287,Ag,COMPLETE
181,-51.190476190446745,2025-11-13 12:25:58.381036,2025-11-13 12:25:58.919905,0 days 00:00:00.538869,65.82752338069736,1.4347153469806169,0.1421761564824213,Ag,COMPLETE
182,-48.61111111108426,2025-11-13 12:25:58.569975,2025-11-13 12:25:59.065283,0 days 00:00:00.495308,62.25926785965117,1.5762314978088705,0.1246660078188558,Ag,COMPLETE
183,-1.1134552273792424,2025-11-13 12:25:58.528826,2025-11-13 12:25:59.065283,0 days 00:00:00.536457,23.820241313469673,1.456563368613446,0.1247907758338275,Ag,COMPLETE
184,-49.99999999997132,2025-11-13 12:25:58.813850,2025-11-13 12:25:59.350830,0 days 00:00:00.536980,68.88165337827552,1.082553387297219,0.20197618328214734,Ag,COMPLETE
185,-51.47058823526388,2025-11-13 12:25:58.947926,2025-11-13 12:25:59.350830,0 days 00:00:00.402904,68.7322030608685,0.969446851084044,0.19671369743496797,Ag,COMPLETE
186,-40.74074074072269,2025-11-13 12:25:58.949092,2025-11-13 12:25:59.591198,0 days 00:00:00.642106,68.8228505241626,0.982954692070863,1.3073309702717482,Ag,COMPLETE
187,-49.99999999997173,2025-11-13 12:25:59.081477,2025-11-13 12:25:59.464318,0 days 00:00:00.382841,68.50534700763149,0.9889686521595464,0.21535494038402048,Ag,COMPLETE
188,-49.99999999997132,2025-11-13 12:25:59.166865,2025-11-13 12:25:59.622042,0 days 00:00:00.455177,63.854649388247964,0.8896417430633303,0.17081829248248828,Ag,COMPLETE
189,-49.99999999997173,2025-11-13 12:25:59.280927,2025-11-13 12:25:59.813531,0 days 00:00:00.532604,63.02590279177983,1.0451588807132135,0.18133558655452237,Ag,COMPLETE
190,-48.6111111110841,2025-11-13 12:25:59.445489,2025-11-13 12:25:59.826545,0 days 00:00:00.381056,63.887016828521595,1.5484964267337236,0.10657808121156143,Ag,COMPLETE
191,-1.4297385620914798,2025-11-13 12:25:59.512670,2025-11-13 12:26:00.147429,0 days 00:00:00.634759,114.4454453088357,1.1604601660182627,0.2262991354011228,Ag,COMPLETE
192,-49.99999999997149,2025-11-13 12:25:59.684243,2025-11-13 12:26:00.147429,0 days 00:00:00.463186,66.81445984449385,1.0935517682172384,0.22116515239246876,Ag,COMPLETE
193,-47.297297297271975,2025-11-13 12:25:59.767601,2025-11-13 12:26:00.339806,0 days 00:00:00.572205,60.17513062929897,1.160988154163054,0.21033280828792084,Ag,COMPLETE
194,-1.429738562091475,2025-11-13 12:25:59.864451,2025-11-13 12:26:00.371148,0 days 00:00:00.506697,114.2684285941792,1.2306964094256103,0.21565588835466326,Ag,COMPLETE
195,-50.24509803918605,2025-11-13 12:25:59.897676,2025-11-13 12:26:00.230527,0 days 00:00:00.332851,66.85430272172998,0.5083763914841442,0.22022778721499434,Ag,COMPLETE
196,-48.61111111108426,2025-11-13 12:25:59.987988,2025-11-13 12:26:00.599682,0 days 00:00:00.611694,60.735314788861565,0.853846398538987,0.15227011406840785,Ag,COMPLETE
197,-49.99999999997132,2025-11-13 12:26:00.049070,2025-11-13 12:26:00.636180,0 days 00:00:00.587110,60.51082392870325,0.5543909224167279,0.15092248237797085,Ag,COMPLETE
198,-18.39080459769862,2025-11-13 12:26:00.230527,2025-11-13 12:26:00.836120,0 days 00:00:00.605593,68.11035603248835,1.9226676703072427,0.250209013716107,Au,COMPLETE
199,-18.550228310499705,2025-11-13 12:26:00.465032,2025-11-13 12:26:00.854706,0 days 00:00:00.389674,67.96978711263594,1.9369941051297437,0.26119882643932846,Au,COMPLETE
200,-18.356643356640802,2025-11-13 12:26:00.501125,2025-11-13 12:26:01.081882,0 days 00:00:00.580757,68.454830510069,1.762443027076366,0.2601667541634606,Au,COMPLETE
201,-18.678160919537643,2025-11-13 12:26:00.578130,2025-11-13 12:26:01.070175,0 days 00:00:00.492045,68.1923001774122,1.8929586273714534,0.25916606748197757,Au,COMPLETE
202,-0.3097893432465877,2025-11-13 12:26:00.647010,2025-11-13 12:26:01.334600,0 days 00:00:00.687590,71.67100529837685,17.52489561804543,0.18812387727258395,Ag,COMPLETE
203,-0.7342143906020427,2025-11-13 12:26:00.679964,2025-11-13 12:26:01.113765,0 days 00:00:00.433801,67.43982371942157,17.674510302145215,0.2573349775175964,Au,COMPLETE
204,-51.47058823526383,2025-11-13 12:26:01.010048,2025-11-13 12:26:01.514615,0 days 00:00:00.504567,71.34351635203353,0.5200037782331302,0.1854031632520573,Ag,COMPLETE
205,-49.99999999997149,2025-11-13 12:26:01.162143,2025-11-13 12:26:01.503401,0 days 00:00:00.341258,71.49747908069479,0.7701564204957532,0.17989419652569386,Ag,COMPLETE
206,-50.24509803918605,2025-11-13 12:26:01.163921,2025-11-13 12:26:01.644478,0 days 00:00:00.480557,63.74303938109226,0.584904688376744,0.17066041147649794,Ag,COMPLETE
207,-51.76767676764536,2025-11-13 12:26:01.210174,2025-11-13 12:26:01.795553,0 days 00:00:00.585379,63.46852999157274,0.5160000294539683,0.12425854330977021,Ag,COMPLETE
208,-49.99999999997152,2025-11-13 12:26:01.413599,2025-11-13 12:26:01.867125,0 days 00:00:00.453526,63.64517091423809,0.5085786789914202,0.33184580550098636,Ag,COMPLETE
209,-49.99999999997149,2025-11-13 12:26:01.444872,2025-11-13 12:26:01.930904,0 days 00:00:00.486032,64.06041742954733,0.8245781438819215,0.14069003648321154,Ag,COMPLETE
210,-50.245098039186,2025-11-13 12:26:01.515137,2025-11-13 12:26:01.985291,0 days 00:00:00.470154,63.360115779221914,0.5849597359713533,0.10683087413370672,Ag,COMPLETE
211,-47.45370370367742,2025-11-13 12:26:01.751219,2025-11-13 12:26:02.181895,0 days 00:00:00.430676,57.00193096603231,0.5274018001740862,0.10003415614399769,Ag,COMPLETE
212,-53.03030303027077,2025-11-13 12:26:01.795553,2025-11-13 12:26:02.414323,0 days 00:00:00.618770,65.7888067208678,0.5712705433923628,0.13341548749875645,Ag,COMPLETE
213,-51.76767676764536,2025-11-13 12:26:01.930904,2025-11-13 12:26:02.414323,0 days 00:00:00.483419,65.96904577993949,0.5143612103042874,0.13043415867789843,Ag,COMPLETE
214,-47.45370370367742,2025-11-13 12:26:01.996965,2025-11-13 12:26:02.669400,0 days 00:00:00.672435,56.8026086597923,0.5260162990391835,0.11607630312275635,Ag,COMPLETE
215,-49.99999999997136,2025-11-13 12:26:02.050227,2025-11-13 12:26:02.533362,0 days 00:00:00.483135,65.83713117880369,1.4109620771767846,0.10212132630969292,Ag,COMPLETE
216,-49.99999999997116,2025-11-13 12:26:02.152042,2025-11-13 12:26:02.682051,0 days 00:00:00.530009,66.46918868805516,1.4021801185775586,0.14157537538134354,Ag,COMPLETE
217,-51.76767676764536,2025-11-13 12:26:02.181895,2025-11-13 12:26:02.915998,0 days 00:00:00.734103,70.67176493396421,0.5349757103058617,0.13846498257300688,Ag,COMPLETE
218,-51.76767676764536,2025-11-13 12:26:02.363516,2025-11-13 12:26:02.915998,0 days 00:00:00.552482,70.09712559832505,0.5335532034113135,0.13632538798013016,Ag,COMPLETE
219,-51.47058823526383,2025-11-13 12:26:02.568848,2025-11-13 12:26:02.884472,0 days 00:00:00.315624,69.77297909291097,0.8833453213371258,0.17652085252094324,Ag,COMPLETE
220,-49.99999999997136,2025-11-13 12:26:02.631495,2025-11-13 12:26:03.299424,0 days 00:00:00.667929,70.61170840746605,0.9910682099466259,0.14494607684716512,Ag,COMPLETE
221,-51.4705882352638,2025-11-13 12:26:02.816716,2025-11-13 12:26:03.145428,0 days 00:00:00.328712,70.99358535460763,0.8595490702698619,0.1416421229651549,Ag,COMPLETE
222,-49.999999999971564,2025-11-13 12:26:02.846455,2025-11-13 12:26:03.408841,0 days 00:00:00.562386,70.54566402970471,1.064448327967584,0.14165869705800857,Ag,COMPLETE
223,-51.47058823526383,2025-11-13 12:26:02.931817,2025-11-13 12:26:03.324862,0 days 00:00:00.393045,70.74048319727105,0.923232220303787,0.13330376910104966,Ag,COMPLETE
224,-48.6111111110841,2025-11-13 12:26:03.086369,2025-11-13 12:26:04.064945,0 days 00:00:00.978576,72.76076246216006,1.4637586889886904,0.16969976459483743,Ag,COMPLETE
225,-35.1562499999891,2025-11-13 12:26:03.035568,2025-11-13 12:26:03.854670,0 days 00:00:00.819102,72.95461766581573,7.8468083124200945,0.14498408034920096,Ag,COMPLETE
226,-49.76851851849078,2025-11-13 12:26:03.279771,2025-11-13 12:26:04.018018,0 days 00:00:00.738247,74.46735581710197,1.3928169837431452,0.16704629732569418,Ag,COMPLETE
227,-48.61111111108375,2025-11-13 12:26:03.330335,2025-11-13 12:26:04.064945,0 days 00:00:00.734610,74.09778800972316,1.3666042100028069,0.14041501243699384,Ag,COMPLETE
228,-48.42342342339725,2025-11-13 12:26:03.509506,2025-11-13 12:26:04.316586,0 days 00:00:00.807080,74.65508013968014,1.4047483885496255,0.17407983790899761,Ag,COMPLETE
229,-50.24509803918621,2025-11-13 12:26:03.627520,2025-11-13 12:26:04.571683,0 days 00:00:00.944163,71.79178668105924,0.8559944079677944,0.10259198286215845,Ag,COMPLETE
230,-51.4705882352638,2025-11-13 12:26:03.964024,2025-11-13 12:26:04.548287,0 days 00:00:00.584263,70.36550110651433,0.8978177284925124,0.10885758922851901,Ag,COMPLETE
231,-50.245098039186,2025-11-13 12:26:03.979645,2025-11-13 12:26:04.455277,0 days 00:00:00.475632,70.44727929612584,0.9136231932682808,0.12176808998137438,Ag,COMPLETE
232,-51.4705882352638,2025-11-13 12:26:04.316586,2025-11-13 12:26:04.862728,0 days 00:00:00.546142,69.998404434677,0.9056017494659526,0.11237193586238178,Ag,COMPLETE
233,-51.47058823526383,2025-11-13 12:26:04.391972,2025-11-13 12:26:04.962077,0 days 00:00:00.570105,69.74744578008776,0.859977555915685,0.19162717332385898,Ag,COMPLETE
234,-51.47058823526383,2025-11-13 12:26:04.107056,2025-11-13 12:26:04.835429,0 days 00:00:00.728373,69.64301279138589,0.9070274648948933,0.17640731121445236,Ag,COMPLETE
235,-51.47058823526383,2025-11-13 12:26:04.471287,2025-11-13 12:26:05.243125,0 days 00:00:00.771838,69.77990946826783,0.9647625648712937,0.1322816617271888,Ag,COMPLETE
236,-51.4705882352638,2025-11-13 12:26:04.572688,2025-11-13 12:26:05.121611,0 days 00:00:00.548923,69.8117090826308,0.9011568890727885,0.10343218051311451,Ag,COMPLETE
237,-51.4705882352638,2025-11-13 12:26:04.773545,2025-11-13 12:26:05.280150,0 days 00:00:00.506605,69.98691132148792,0.8803612378146808,0.10530673616264144,Ag,COMPLETE
238,-40.816326530595404,2025-11-13 12:26:04.824320,2025-11-13 12:26:05.331490,0 days 00:00:00.507170,69.86941342027873,5.452765939703525,0.10029453052758579,Ag,COMPLETE
239,-53.03030303027077,2025-11-13 12:26:04.920625,2025-11-13 12:26:05.463960,0 days 00:00:00.543335,70.18685666177561,0.9554832640457829,0.1029600136659464,Ag,COMPLETE
240,-49.99999999997149,2025-11-13 12:26:05.193349,2025-11-13 12:26:05.940939,0 days 00:00:00.747590,72.70801528716692,1.164709438345166,0.18752751989669236,Ag,COMPLETE
241,-28.005464480865214,2025-11-13 12:26:05.353965,2025-11-13 12:26:05.715242,0 days 00:00:00.361277,43.53338273914066,1.138399500580901,0.18325731289034825,Ag,COMPLETE
242,-51.4705882352638,2025-11-13 12:26:05.397320,2025-11-13 12:26:06.570222,0 days 00:00:01.172902,72.4787456435131,0.8558863486872954,0.14360787205208592,Ag,COMPLETE
243,-51.190476190446915,2025-11-13 12:26:05.437471,2025-11-13 12:26:05.734187,0 days 00:00:00.296716,71.646537860907,1.1991772542836896,0.18590542686752673,Ag,COMPLETE
244,-49.99999999997149,2025-11-13 12:26:05.463960,2025-11-13 12:26:05.940939,0 days 00:00:00.476979,72.2182792723525,1.1694356136314905,0.18842732656757655,Ag,COMPLETE
245,-51.4705882352638,2025-11-13 12:26:05.463960,2025-11-13 12:26:06.004794,0 days 00:00:00.540834,71.73573837870471,0.8475542277102495,0.13751564007713166,Ag,COMPLETE
246,-48.61111111108426,2025-11-13 12:26:05.546322,2025-11-13 12:26:05.894061,0 days 00:00:00.347739,72.641661856253,1.1561968046328652,0.18430103864855374,Ag,COMPLETE
247,-53.03030303027095,2025-11-13 12:26:05.795859,2025-11-13 12:26:06.311226,0 days 00:00:00.515367,69.52080064952158,0.8128702770551057,0.14764026210128084,Ag,COMPLETE
248,-50.24509803918621,2025-11-13 12:26:06.049218,2025-11-13 12:26:06.507376,0 days 00:00:00.458158,69.65535134168614,0.786011419890678,0.13905959260576084,Ag,COMPLETE
249,-48.8095238094959,2025-11-13 12:26:06.099233,2025-11-13 12:26:06.601490,0 days 00:00:00.502257,74.80293314523416,0.8034695120977989,0.14124812969425013,Ag,COMPLETE
250,-2.813260340632558,2025-11-13 12:26:06.116922,2025-11-13 12:26:06.621659,0 days 00:00:00.504737,96.03814250553685,12.794461735647838,0.13904248260407803,Ag,COMPLETE
251,-42.65873015870962,2025-11-13 12:26:06.132581,2025-11-13 12:26:06.637562,0 days 00:00:00.504981,75.00601280770826,0.5210666636438651,0.9027782259157207,Ag,COMPLETE
252,-48.8095238094959,2025-11-13 12:26:06.199297,2025-11-13 12:26:06.966549,0 days 00:00:00.767252,75.38553081878803,0.7774207976054226,0.14887063097759984,Ag,COMPLETE
253,-49.99999999997132,2025-11-13 12:26:06.264008,2025-11-13 12:26:06.585866,0 days 00:00:00.321858,75.3397554902868,0.7627456982569247,0.15181026264099232,Ag,COMPLETE
254,-9.447674418603528,2025-11-13 12:26:06.637562,2025-11-13 12:26:07.153764,0 days 00:00:00.516202,27.88222336412549,1.6564821656359676,0.20225674566326507,Ag,COMPLETE
255,-47.29729729727148,2025-11-13 12:26:06.732100,2025-11-13 12:26:07.028686,0 days 00:00:00.296586,68.62557608222754,1.6659353074333052,0.1993895914833489,Ag,COMPLETE
256,-48.61111111108426,2025-11-13 12:26:06.837066,2025-11-13 12:26:07.138131,0 days 00:00:00.301065,69.2250696076747,1.5150822565816695,0.2005977782619236,Ag,COMPLETE
257,-50.24509803918605,2025-11-13 12:26:06.850993,2025-11-13 12:26:07.416565,0 days 00:00:00.565572,69.12316934073192,0.5258055752775884,0.21017302158765835,Ag,COMPLETE
258,-15.236318407957919,2025-11-13 12:26:06.864068,2025-11-13 12:26:07.422582,0 days 00:00:00.558514,67.66413127860916,0.5108168661674897,0.16239344789757343,Cu,COMPLETE
259,-15.90330788803834,2025-11-13 12:26:06.967549,2025-11-13 12:26:07.635130,0 days 00:00:00.667581,66.84115946703513,0.5029638013842456,0.10076503776355511,Cu,COMPLETE
260,-0.8573388203017691,2025-11-13 12:26:07.106892,2025-11-13 12:26:07.476701,0 days 00:00:00.369809,67.0301803462946,19.072347442867606,0.16459489312205167,Cu,COMPLETE
261,-1.1134552273792424,2025-11-13 12:26:07.314072,2025-11-13 12:26:07.804694,0 days 00:00:00.490622,22.33461116333142,1.2281851477713428,0.11121901813845024,Ag,COMPLETE
262,-49.99999999997149,2025-11-13 12:26:07.392222,2025-11-13 12:26:07.831042,0 days 00:00:00.438820,70.29995146416029,1.2030617024487702,0.12276245630905236,Ag,COMPLETE
263,-1.1134552273792508,2025-11-13 12:26:07.445674,2025-11-13 12:26:08.013439,0 days 00:00:00.567765,21.108946857046938,1.1191001572952581,0.13574760284947315,Ag,COMPLETE
264,-53.03030303027077,2025-11-13 12:26:07.562132,2025-11-13 12:26:08.050914,0 days 00:00:00.488782,71.11354616444524,0.5019526517243608,0.18089383425823352,Ag,COMPLETE
265,-18.726591760295435,2025-11-13 12:26:07.730521,2025-11-13 12:26:08.299230,0 days 00:00:00.568709,36.23257432482493,0.5345534136234198,0.22815513471794574,Ag,COMPLETE
266,-16.249999999998344,2025-11-13 12:26:07.806772,2025-11-13 12:26:08.175058,0 days 00:00:00.368286,38.458000076468764,15.584498305438654,0.17194840861226807,Ag,COMPLETE
267,-40.74074074072244,2025-11-13 12:26:07.947920,2025-11-13 12:26:08.481974,0 days 00:00:00.534054,65.55882523722804,0.5070321346101091,1.5814028642815474,Ag,COMPLETE
268,-14.508928571426008,2025-11-13 12:26:07.973631,2025-11-13 12:26:08.480973,0 days 00:00:00.507342,32.8688941910424,0.5158281114738784,0.23200470461128722,Ag,COMPLETE
269,-50.24509803918605,2025-11-13 12:26:08.015563,2025-11-13 12:26:08.600035,0 days 00:00:00.584472,65.68081626324245,0.517829939598164,0.22847038284632187,Ag,COMPLETE
270,-48.423423423397416,2025-11-13 12:26:08.397663,2025-11-13 12:26:08.912385,0 days 00:00:00.514722,71.37573101443681,1.5907860628238508,0.17667591716100414,Ag,COMPLETE
271,-48.42342342339707,2025-11-13 12:26:08.495970,2025-11-13 12:26:09.076942,0 days 00:00:00.580972,71.40298627141775,1.674409651846109,0.1790651299755502,Ag,COMPLETE
272,-49.76851851849098,2025-11-13 12:26:08.536122,2025-11-13 12:26:08.955846,0 days 00:00:00.419724,71.56269584830842,1.6461258971746542,0.18081238715744194,Ag,COMPLETE
273,-44.79166666664434,2025-11-13 12:26:08.565091,2025-11-13 12:26:09.076942,0 days 00:00:00.511851,78.97026021843953,1.554102020046337,0.1763764067579157,Ag,COMPLETE
274,-48.423423423397416,2025-11-13 12:26:08.606034,2025-11-13 12:26:09.152524,0 days 00:00:00.546490,70.71038239292596,1.6036036386064358,0.17214028850413854,Ag,COMPLETE
275,-49.99999999997132,2025-11-13 12:26:08.665468,2025-11-13 12:26:09.527728,0 days 00:00:00.862260,69.13645694926888,1.053260887287089,0.207322987752922,Ag,COMPLETE
276,-49.99999999997132,2025-11-13 12:26:08.784281,2025-11-13 12:26:09.584011,0 days 00:00:00.799730,69.05588971562713,1.0758158119831742,0.20401629610110872,Ag,COMPLETE
277,-23.6872146118689,2025-11-13 12:26:08.963651,2025-11-13 12:26:09.613631,0 days 00:00:00.649980,52.143758682315074,14.367636951079717,0.21241130291053284,Ag,COMPLETE
278,-0.7153075822603596,2025-11-13 12:26:09.504909,2025-11-13 12:26:09.940889,0 days 00:00:00.435980,73.78665615143201,19.93338479695784,0.13701653713689102,Au,COMPLETE
279,-19.551282051279042,2025-11-13 12:26:09.535000,2025-11-13 12:26:09.939434,0 days 00:00:00.404434,73.42656987122949,0.9536749722625206,0.14600424470140652,Au,COMPLETE
280,-47.00854700852281,2025-11-13 12:26:09.547811,2025-11-13 12:26:10.332280,0 days 00:00:00.784469,67.64260519229984,2.3918773745784256,0.2488678719080949,Ag,COMPLETE
281,-19.37984496123722,2025-11-13 12:26:09.630287,2025-11-13 12:26:10.084333,0 days 00:00:00.454046,67.36402613205948,0.9400189869833918,0.14072915463401253,Au,COMPLETE
282,-26.960784313717557,2025-11-13 12:26:09.698418,2025-11-13 12:26:10.335021,0 days 00:00:00.636603,87.4483300347247,2.3347127602796602,0.25184578865150703,Ag,COMPLETE
283,-23.550724637678265,2025-11-13 12:26:09.800897,2025-11-13 12:26:10.584131,0 days 00:00:00.783234,67.08496660692525,13.499377004013658,1.1341132364087825,Ag,COMPLETE
284,-49.99999999997149,2025-11-13 12:26:09.946701,2025-11-13 12:26:10.956760,0 days 00:00:01.010059,64.83301904520225,1.287615835532403,0.10733739719272681,Ag,COMPLETE
285,-8.515815085157524,2025-11-13 12:26:10.084333,2025-11-13 12:26:10.807795,0 days 00:00:00.723462,25.363015454744108,17.0508165134631,0.23362231191891805,Ag,COMPLETE
286,-49.99999999997152,2025-11-13 12:26:10.300739,2025-11-13 12:26:10.965773,0 days 00:00:00.665034,68.97263441759829,1.230851458831486,0.2158208700887717,Ag,COMPLETE
287,-49.99999999997132,2025-11-13 12:26:10.416769,2025-11-13 12:26:11.232140,0 days 00:00:00.815371,65.04701006951998,1.2075183603055732,0.10159645994513487,Ag,COMPLETE
288,-49.99999999997149,2025-11-13 12:26:10.547467,2025-11-13 12:26:11.093208,0 days 00:00:00.545741,64.95012889259269,1.2402707560245938,0.10338798275572718,Ag,COMPLETE
289,-48.61111111108426,2025-11-13 12:26:10.714012,2025-11-13 12:26:11.397424,0 days 00:00:00.683412,76.82877886404694,0.8493602974419008,0.1529753878096484,Ag,COMPLETE
290,-51.4705882352638,2025-11-13 12:26:10.729641,2025-11-13 12:26:11.464872,0 days 00:00:00.735231,72.59569749178374,0.839154242815678,0.1534673081019442,Ag,COMPLETE
291,-47.297297297271975,2025-11-13 12:26:11.030702,2025-11-13 12:26:11.679543,0 days 00:00:00.648841,77.55908601353272,0.8460755015727793,0.16462851569444573,Ag,COMPLETE
292,-12.596899224804279,2025-11-13 12:26:11.125650,2025-11-13 12:26:11.583265,0 days 00:00:00.457615,31.097682940347845,0.8281670907995574,0.15503918947570366,Ag,COMPLETE
293,-48.245614035062324,2025-11-13 12:26:11.275777,2025-11-13 12:26:12.181477,0 days 00:00:00.905700,70.72087028648993,1.9080094619839603,0.2837056528511323,Ag,COMPLETE
294,-29.255319148930052,2025-11-13 12:26:11.277803,2025-11-13 12:26:11.805690,0 days 00:00:00.527887,69.98647828023665,11.136858516609996,0.272140939463183,Ag,COMPLETE
295,-49.99999999997152,2025-11-13 12:26:11.414250,2025-11-13 12:26:12.181477,0 days 00:00:00.767227,70.91412010958517,0.7918289950563421,0.2845027171238758,Ag,COMPLETE
296,18.717447916666377,2025-11-13 12:26:11.481188,2025-11-13 12:26:11.947418,0 days 00:00:00.466230,70.68419282454792,18.264193400831918,1.5025486199530125,Ag,COMPLETE
297,-42.635658914708635,2025-11-13 12:26:11.583265,2025-11-13 12:26:12.180145,0 days 00:00:00.596880,71.56807834795943,1.9209617382423136,0.7887198565576061,Ag,COMPLETE
298,-35.947712418286486,2025-11-13 12:26:11.774446,2025-11-13 12:26:12.112196,0 days 00:00:00.337750,71.19865539183185,0.511501287357656,1.9743744242024697,Ag,COMPLETE
299,-49.76851851849078,2025-11-13 12:26:11.864988,2025-11-13 12:26:12.400700,0 days 00:00:00.535712,68.34496095797067,1.3787848875191688,0.19539978989416842,Ag,COMPLETE
300,-48.61111111108375,2025-11-13 12:26:11.888952,2025-11-13 12:26:12.400700,0 days 00:00:00.511748,67.61441380247813,1.2927682181863331,0.20109620641966505,Ag,COMPLETE
301,-48.611111111084135,2025-11-13 12:26:12.096662,2025-11-13 12:26:13.033429,0 days 00:00:00.936767,62.1879606512599,0.9031362717492131,0.23327332145405222,Ag,COMPLETE
302,-53.03030303027077,2025-11-13 12:26:12.127903,2025-11-13 12:26:12.614832,0 days 00:00:00.486929,68.32546016314956,0.5059521096488815,0.19680634111169334,Ag,COMPLETE
303,-49.99999999997152,2025-11-13 12:26:12.217601,2025-11-13 12:26:13.033429,0 days 00:00:00.815828,73.67780251680354,0.8411104266137894,0.22410762075863727,Ag,COMPLETE
304,-42.658730158709766,2025-11-13 12:26:12.505807,2025-11-13 12:26:13.080218,0 days 00:00:00.574411,66.25495782041274,0.5262928199404553,1.2211372340021354,Ag,COMPLETE
305,-42.658730158709766,2025-11-13 12:26:12.532001,2025-11-13 12:26:13.048965,0 days 00:00:00.516964,66.03206130625512,0.5583908137432945,1.209230727713996,Ag,COMPLETE
306,-46.05263157892345,2025-11-13 12:26:12.709965,2025-11-13 12:26:13.336944,0 days 00:00:00.626979,66.55162616700262,0.5289045990290514,0.6905180920443773,Ag,COMPLETE
307,-53.03030303027082,2025-11-13 12:26:12.700969,2025-11-13 12:26:13.548221,0 days 00:00:00.847252,68.35763094710704,0.5313155170279462,0.23925262013903217,Ag,COMPLETE
308,-49.99999999997136,2025-11-13 12:26:12.797973,2025-11-13 12:26:13.215002,0 days 00:00:00.417029,62.31236786728292,0.5464269345153273,0.23875183049264187,Ag,COMPLETE
309,-42.65873015870962,2025-11-13 12:26:12.907752,2025-11-13 12:26:13.126821,0 days 00:00:00.219069,66.21586953588887,0.5001359073173848,1.217010854619978,Ag,COMPLETE
310,-48.61111111108375,2025-11-13 12:26:13.313544,2025-11-13 12:26:13.882272,0 days 00:00:00.568728,68.61556389155314,1.1662826395170471,0.31782446175070733,Ag,COMPLETE
311,-23.60139860139535,2025-11-13 12:26:13.349090,2025-11-13 12:26:13.998833,0 days 00:00:00.649743,68.3920008531317,12.199515863851593,1.3003128460545983,Ag,COMPLETE
312,-26.442307692304272,2025-11-13 12:26:13.429663,2025-11-13 12:26:13.882272,0 days 00:00:00.452609,63.87675456925819,15.07405490605691,0.3206357508279206,Ag,COMPLETE
313,-48.61111111108375,2025-11-13 12:26:13.476906,2025-11-13 12:26:14.182130,0 days 00:00:00.705224,68.65104305357912,1.1812298852970313,0.31099554121822715,Ag,COMPLETE
314,-49.76851851849059,2025-11-13 12:26:13.569358,2025-11-13 12:26:14.307845,0 days 00:00:00.738487,68.17960422211601,1.1648664730986735,0.2950787134809647,Ag,COMPLETE
315,-36.76470588233841,2025-11-13 12:26:13.636272,2025-11-13 12:26:14.300844,0 days 00:00:00.664572,68.47365961703896,1.3400834748521575,1.715098210935916,Ag,COMPLETE
316,-15.25054466230738,2025-11-13 12:26:13.799212,2025-11-13 12:26:14.747207,0 days 00:00:00.947995,50.32828621100745,0.8444816124172183,0.19250082961345344,Au,COMPLETE
317,-19.11027568922022,2025-11-13 12:26:13.803563,2025-11-13 12:26:14.511636,0 days 00:00:00.708073,73.32966081327847,0.9182882361557153,0.26665786404754394,Au,COMPLETE
318,-17.20430107526662,2025-11-13 12:26:14.213946,2025-11-13 12:26:14.769225,0 days 00:00:00.555279,73.4438840826175,0.853102748490015,1.0252561495215926,Au,COMPLETE
319,-10.953608247421576,2025-11-13 12:26:14.281823,2025-11-13 12:26:14.766318,0 days 00:00:00.484495,40.871000027709414,0.8932921686493793,0.25799061988198047,Au,COMPLETE
320,-38.580246913565965,2025-11-13 12:26:14.349110,2025-11-13 12:26:15.323559,0 days 00:00:00.974449,64.31252054867676,6.201161482029458,0.18839235521729011,Ag,COMPLETE
321,-53.03030303027077,2025-11-13 12:26:14.365282,2025-11-13 12:26:15.065790,0 days 00:00:00.700508,65.24657094314428,0.5060595159568153,0.19025565867874092,Ag,COMPLETE
322,-53.03030303027077,2025-11-13 12:26:14.634145,2025-11-13 12:26:15.477336,0 days 00:00:00.843191,64.26357163053132,0.5053638399555169,0.19156851152028287,Ag,COMPLETE
323,-5.225080385851765,2025-11-13 12:26:14.747207,2025-11-13 12:26:15.587168,0 days 00:00:00.839961,24.031435472891303,1.558750117375781,0.24103179124893825,Cu,COMPLETE
324,-48.42342342339725,2025-11-13 12:26:15.020357,2025-11-13 12:26:15.682117,0 days 00:00:00.661760,63.86304826056266,1.5874105263713045,0.21763217082081204,Ag,COMPLETE
325,-15.950520833330817,2025-11-13 12:26:15.098827,2025-11-13 12:26:15.763138,0 days 00:00:00.664311,60.78482083965602,0.5280433881932337,0.2162953091500115,Cu,COMPLETE
326,-48.42342342339725,2025-11-13 12:26:15.214718,2025-11-13 12:26:15.778755,0 days 00:00:00.564037,63.16058487515148,1.7113729842980139,0.23540459301479216,Ag,COMPLETE
327,-47.29729729727182,2025-11-13 12:26:15.346298,2025-11-13 12:26:16.261061,0 days 00:00:00.914763,62.44341444637276,1.5626928427577278,0.23214889001897465,Ag,COMPLETE
328,-15.950520833330817,2025-11-13 12:26:15.445023,2025-11-13 12:26:16.229418,0 days 00:00:00.784395,59.790178460524054,0.5559650954027834,0.22766047972830455,Cu,COMPLETE
329,-1.384386817936226,2025-11-13 12:26:15.698226,2025-11-13 12:26:16.324254,0 days 00:00:00.626028,119.88966423469869,0.5630662248571352,0.13851802866615354,Ag,COMPLETE
330,-43.69918699184859,2025-11-13 12:26:15.778755,2025-11-13 12:26:16.339897,0 days 00:00:00.561142,62.0256233189714,0.5285746259213399,0.9720190817874169,Ag,COMPLETE
331,-50.245098039186,2025-11-13 12:26:15.897674,2025-11-13 12:26:16.402677,0 days 00:00:00.505003,65.08069599147022,0.5042487087157232,0.14893424963426571,Ag,COMPLETE
332,-37.49999999998504,2025-11-13 12:26:16.013600,2025-11-13 12:26:16.681223,0 days 00:00:00.667623,65.47070325250793,1.1530570520920667,1.8015271874051717,Ag,COMPLETE
333,-51.470588235264046,2025-11-13 12:26:16.292764,2025-11-13 12:26:16.610881,0 days 00:00:00.318117,65.73646063592832,1.17632459708802,0.10361434495632073,Ag,COMPLETE
334,-2.6584867075663965,2025-11-13 12:26:16.371428,2025-11-13 12:26:16.819251,0 days 00:00:00.447823,98.06618070508667,6.917916982965354,0.16477734022835477,Ag,COMPLETE
335,-2.445447705041329,2025-11-13 12:26:16.550669,2025-11-13 12:26:17.082290,0 days 00:00:00.531621,99.12250319382272,6.893575843445968,0.17192409642474804,Ag,COMPLETE
336,-51.470588235264046,2025-11-13 12:26:16.562673,2025-11-13 12:26:17.113412,0 days 00:00:00.550739,66.54224943362877,1.1743899224011511,0.10566845931496373,Ag,COMPLETE
337,-49.99999999997132,2025-11-13 12:26:16.627980,2025-11-13 12:26:17.012953,0 days 00:00:00.384973,66.23642137283011,1.2312226981788248,0.17606414434315232,Ag,COMPLETE
338,-49.99999999997149,2025-11-13 12:26:16.734477,2025-11-13 12:26:17.365538,0 days 00:00:00.631061,66.1263651432127,1.2224749979472564,0.10924526130764009,Ag,COMPLETE
339,-47.149122806992466,2025-11-13 12:26:16.971590,2025-11-13 12:26:17.416626,0 days 00:00:00.445036,64.34769721858174,2.078081530752939,0.11216978363976007,Ag,COMPLETE
340,-49.99999999997136,2025-11-13 12:26:16.928597,2025-11-13 12:26:17.781948,0 days 00:00:00.853351,63.434612528845825,1.0147098374957786,0.1313603227234244,Ag,COMPLETE
341,-48.61111111108426,2025-11-13 12:26:17.179595,2025-11-13 12:26:17.730982,0 days 00:00:00.551387,58.443035002330944,0.9125058525059244,0.10203436842785502,Ag,COMPLETE
342,-48.8095238094959,2025-11-13 12:26:17.320236,2025-11-13 12:26:17.980868,0 days 00:00:00.660632,59.08643767882914,0.5001486322454,0.13234149019992664,Ag,COMPLETE
343,-33.58208955222883,2025-11-13 12:26:17.381428,2025-11-13 12:26:17.914865,0 days 00:00:00.533437,61.727933415942786,8.441808091406596,0.1059430172597967,Ag,COMPLETE
344,-53.03030303027095,2025-11-13 12:26:17.421578,2025-11-13 12:26:18.141072,0 days 00:00:00.719494,62.09849726570202,0.523768828701626,0.10128176692204373,Ag,COMPLETE
345,-22.534013605437583,2025-11-13 12:26:17.480965,2025-11-13 12:26:18.214059,0 days 00:00:00.733094,46.00607067884216,8.463591458164073,0.27837997799202485,Ag,COMPLETE
346,-50.245098039186,2025-11-13 12:26:17.531539,2025-11-13 12:26:18.137542,0 days 00:00:00.606003,62.01635120188359,0.5106723905292134,0.1275801626115845,Ag,COMPLETE
347,-48.423423423397416,2025-11-13 12:26:17.950799,2025-11-13 12:26:18.347403,0 days 00:00:00.396604,66.63154176086506,1.468219904858926,0.28491275663627064,Ag,COMPLETE
348,-42.68292682924754,2025-11-13 12:26:18.030720,2025-11-13 12:26:18.564020,0 days 00:00:00.533300,54.04736343964534,1.3323831138535949,0.10533807875831,Ag,COMPLETE
349,-48.61111111108375,2025-11-13 12:26:18.078762,2025-11-13 12:26:18.525848,0 days 00:00:00.447086,64.3416663435152,1.419243628893809,0.10329022659172238,Ag,COMPLETE
350,-48.6111111110841,2025-11-13 12:26:18.183423,2025-11-13 12:26:18.681619,0 days 00:00:00.498196,63.863945510669836,1.312691623494853,0.14964456648151658,Ag,COMPLETE
351,21.85534591194936,2025-11-13 12:26:18.260935,2025-11-13 12:26:18.963108,0 days 00:00:00.702173,64.83174687468369,18.806342113536196,0.1562498142634391,Ag,COMPLETE
352,-9.502923976607054,2025-11-13 12:26:18.416328,2025-11-13 12:26:18.947436,0 days 00:00:00.531108,27.506054328877767,0.9422076848359897,0.1561645234546258,Ag,COMPLETE
353,-22.69900497512099,2025-11-13 12:26:18.463348,2025-11-13 12:26:18.898049,0 days 00:00:00.434701,64.7057481089303,10.503984706137341,1.8940965007345811,Ag,COMPLETE
354,-51.47058823526383,2025-11-13 12:26:18.681619,2025-11-13 12:26:19.280662,0 days 00:00:00.599043,67.38128842871228,0.9056872244144132,0.17031333570744528,Ag,COMPLETE
355,-28.877887788773236,2025-11-13 12:26:18.845431,2025-11-13 12:26:19.329199,0 days 00:00:00.483768,66.96855470961428,11.714719088165664,0.3483148832319941,Ag,COMPLETE
356,-24.36647173488997,2025-11-13 12:26:18.869885,2025-11-13 12:26:19.212908,0 days 00:00:00.343023,67.00993896177751,16.445408792510097,0.20013073014933777,Ag,COMPLETE
357,-44.79166666664434,2025-11-13 12:26:18.918817,2025-11-13 12:26:19.650856,0 days 00:00:00.732039,60.35419371036913,2.003061440720354,0.34117390342267806,Ag,COMPLETE
358,-44.71544715444966,2025-11-13 12:26:19.183244,2025-11-13 12:26:19.542284,0 days 00:00:00.359040,60.53209719438087,2.791692521666626,0.10113959614944494,Ag,COMPLETE
359,-48.80952380949574,2025-11-13 12:26:19.193242,2025-11-13 12:26:19.936764,0 days 00:00:00.743522,61.03534181289287,0.5158330633960697,0.20376115458715427,Ag,COMPLETE
360,-49.99999999997136,2025-11-13 12:26:19.369552,2025-11-13 12:26:20.030211,0 days 00:00:00.660659,62.46874901602767,0.5053163455519534,0.26140940804900464,Ag,COMPLETE
361,-53.03030303027077,2025-11-13 12:26:19.345375,2025-11-13 12:26:19.694569,0 days 00:00:00.349194,65.47034946293007,0.504097110106565,0.19904972471452945,Ag,COMPLETE
362,-50.24509803918605,2025-11-13 12:26:19.414730,2025-11-13 12:26:20.030211,0 days 00:00:00.615481,62.61426442743592,0.5038149262253394,0.20827426872472474,Ag,COMPLETE
363,-0.8741258741258496,2025-11-13 12:26:19.517346,2025-11-13 12:26:20.220532,0 days 00:00:00.703186,20.19883680493445,0.9254726735416879,0.20297523518247707,Ag,COMPLETE
364,-49.99999999997132,2025-11-13 12:26:19.710220,2025-11-13 12:26:20.336121,0 days 00:00:00.625901,62.54697775765076,0.8625475050523256,0.19776892200051463,Ag,COMPLETE
365,-48.809523809495936,2025-11-13 12:26:19.694569,2025-11-13 12:26:20.781430,0 days 00:00:01.086861,65.13024134125999,0.9906478439437512,0.14470991501733454,Ag,COMPLETE
366,-42.658730158709915,2025-11-13 12:26:19.862968,2025-11-13 12:26:20.261929,0 days 00:00:00.398961,62.889776960727296,0.9326287321291922,1.0668692167471083,Ag,COMPLETE
367,-51.47058823526388,2025-11-13 12:26:19.986241,2025-11-13 12:26:20.861836,0 days 00:00:00.875595,65.13194847234047,1.0489361449756975,0.144443888303374,Ag,COMPLETE
368,-16.37764932562432,2025-11-13 12:26:20.382180,2025-11-13 12:26:21.265141,0 days 00:00:00.882961,66.88819417667936,1.343050204275627,1.4252989701216001,Au,COMPLETE
369,-18.856447688561687,2025-11-13 12:26:20.364909,2025-11-13 12:26:21.137884,0 days 00:00:00.772975,67.48679809186842,1.5425921206548543,0.140905317443225,Au,COMPLETE
370,-18.74999999999738,2025-11-13 12:26:20.646481,2025-11-13 12:26:21.348162,0 days 00:00:00.701681,66.43188305080763,1.793313583817645,0.13945730602719905,Au,COMPLETE
371,-0.6858710562414153,2025-11-13 12:26:20.699074,2025-11-13 12:26:21.185908,0 days 00:00:00.486834,65.8217223260958,13.02953454032626,0.13711211184767974,Au,COMPLETE
372,-49.76851851849095,2025-11-13 12:26:20.728383,2025-11-13 12:26:21.314441,0 days 00:00:00.586058,65.36497407228163,1.8758403636811374,0.13886939064124976,Ag,COMPLETE
373,-47.29729729727182,2025-11-13 12:26:20.814534,2025-11-13 12:26:21.532527,0 days 00:00:00.717993,64.84201131838321,1.8876135542564598,0.10005525741457666,Ag,COMPLETE
374,-49.99999999997132,2025-11-13 12:26:21.213232,2025-11-13 12:26:21.815238,0 days 00:00:00.602006,64.27347688470738,1.1966253981099304,0.10004203274911888,Ag,COMPLETE
375,0.46641791044775427,2025-11-13 12:26:21.303625,2025-11-13 12:26:21.769585,0 days 00:00:00.465960,68.02215143318145,17.963076216194622,0.16847519389160495,Ag,COMPLETE
376,-49.99999999997132,2025-11-13 12:26:21.397327,2025-11-13 12:26:22.342803,0 days 00:00:00.945476,68.8119254109079,1.113192184331549,0.17511546027849573,Ag,COMPLETE
377,-49.99999999997149,2025-11-13 12:26:21.491168,2025-11-13 12:26:21.910162,0 days 00:00:00.418994,68.31013227372519,1.2109546954405586,0.17230413382350357,Ag,COMPLETE
378,-1.1134552273792508,2025-11-13 12:26:21.580995,2025-11-13 12:26:22.913763,0 days 00:00:01.332768,22.562812068266147,0.862071881732411,0.17495798842827487,Ag,COMPLETE
379,-26.081424936382817,2025-11-13 12:26:21.647318,2025-11-13 12:26:22.358404,0 days 00:00:00.711086,57.97696854638366,13.910472362297103,0.1800818285592063,Ag,COMPLETE
380,-1.1134552273792424,2025-11-13 12:26:21.735016,2025-11-13 12:26:22.483343,0 days 00:00:00.748327,23.312559891365602,0.8875908162644998,0.1811554606252989,Ag,COMPLETE
381,-1.4571190674437724,2025-11-13 12:26:21.878922,2025-11-13 12:26:22.585401,0 days 00:00:00.706479,107.45514555687609,0.8760638381846557,0.1837626346507909,Ag,COMPLETE
382,-47.29729729727182,2025-11-13 12:26:22.049559,2025-11-13 12:26:22.564922,0 days 00:00:00.515363,58.80115497798238,0.8715154183051965,0.179449878149026,Ag,COMPLETE
383,-8.333333333332481,2025-11-13 12:26:22.077493,2025-11-13 12:26:22.665470,0 days 00:00:00.587977,26.088770586369964,0.9347581513081941,0.18215701710241325,Ag,COMPLETE
384,-1.1134552273792424,2025-11-13 12:26:22.066408,2025-11-13 12:26:22.782208,0 days 00:00:00.715800,22.895192352124006,0.8734745788923439,0.10018147229855891,Ag,COMPLETE
385,-50.24509803918605,2025-11-13 12:26:22.564922,2025-11-13 12:26:23.245987,0 days 00:00:00.681065,63.669786170236215,0.5160008546701437,0.24084322111391038,Ag,COMPLETE
386,-48.423423423397416,2025-11-13 12:26:22.734760,2025-11-13 12:26:23.432141,0 days 00:00:00.697381,63.96720566842298,1.5191892404422855,0.2365060543634436,Ag,COMPLETE
387,-41.66666666664881,2025-11-13 12:26:22.798144,2025-11-13 12:26:23.251418,0 days 00:00:00.453274,63.9456006876447,4.105378667399144,0.25513570710655464,Ag,COMPLETE
388,-50.24509803918605,2025-11-13 12:26:22.847183,2025-11-13 12:26:23.513993,0 days 00:00:00.666810,63.537301173712976,0.5051149339507662,0.2406604359191293,Ag,COMPLETE
389,-15.258215962439264,2025-11-13 12:26:22.913763,2025-11-13 12:26:23.581506,0 days 00:00:00.667743,66.2599221459428,1.5292994724901399,0.14381094114094042,Cu,COMPLETE
390,-14.921171171169185,2025-11-13 12:26:22.938014,2025-11-13 12:26:23.668819,0 days 00:00:00.730805,61.132361504335826,1.4737636087249357,0.6347043350053236,Cu,COMPLETE
391,-15.25821596243915,2025-11-13 12:26:23.168081,2025-11-13 12:26:23.698774,0 days 00:00:00.530693,66.35894111074312,1.585916096871836,0.13631610958446055,Cu,COMPLETE
392,-36.20218579233785,2025-11-13 12:26:23.483115,2025-11-13 12:26:23.931681,0 days 00:00:00.448566,68.97573422507794,7.601312798038601,0.13100470668544895,Ag,COMPLETE
393,-38.26530612243335,2025-11-13 12:26:23.513993,2025-11-13 12:26:24.253909,0 days 00:00:00.739916,69.15116112105503,1.1523380105725214,1.6187424128067638,Ag,COMPLETE
394,-48.24561403506214,2025-11-13 12:26:23.632187,2025-11-13 12:26:24.158409,0 days 00:00:00.526222,68.62928748131452,2.3764790713757176,0.10040023235530364,Ag,COMPLETE
395,-18.44941956882071,2025-11-13 12:26:23.675821,2025-11-13 12:26:24.346125,0 days 00:00:00.670304,68.64661758770558,14.55236558972743,1.6509935623840457,Ag,COMPLETE
396,-48.42342342339725,2025-11-13 12:26:23.731398,2025-11-13 12:26:24.299729,0 days 00:00:00.568331,69.30097268954057,2.1455319922462444,0.1323192425648922,Ag,COMPLETE
397,-47.149122806992644,2025-11-13 12:26:23.775289,2025-11-13 12:26:24.480173,0 days 00:00:00.704884,67.69282863339065,2.1566925408184074,0.10023357406006318,Ag,COMPLETE
398,-26.54109589040733,2025-11-13 12:26:23.931681,2025-11-13 12:26:24.659742,0 days 00:00:00.728061,66.12412430838401,14.654419944806605,0.21399311241832364,Ag,COMPLETE
399,-48.6111111110841,2025-11-13 12:26:24.307707,2025-11-13 12:26:24.690993,0 days 00:00:00.383286,65.79544647381418,1.1966059029106406,0.21299447623795775,Ag,COMPLETE
400,-18.09523809523602,2025-11-13 12:26:24.397879,2025-11-13 12:26:25.279174,0 days 00:00:00.881295,61.95992037063053,17.1599918539726,0.1562909876168629,Ag,COMPLETE
401,-24.224806201547572,2025-11-13 12:26:24.484205,2025-11-13 12:26:24.897180,0 days 00:00:00.412975,62.01455778779233,15.52591355111176,0.857093188237203,Ag,COMPLETE
402,-50.245098039186,2025-11-13 12:26:24.548010,2025-11-13 12:26:25.041982,0 days 00:00:00.493972,60.879540022610705,0.5103615006545889,0.15266243803752844,Ag,COMPLETE
403,-51.4705882352638,2025-11-13 12:26:24.628492,2025-11-13 12:26:25.202770,0 days 00:00:00.574278,72.29516485835246,0.8619346973830626,0.14726211600475733,Ag,COMPLETE
404,-51.76767676764536,2025-11-13 12:26:24.706636,2025-11-13 12:26:25.465287,0 days 00:00:00.758651,71.68632307785492,0.5277298906061099,0.15396167697141103,Ag,COMPLETE
405,-48.8095238094959,2025-11-13 12:26:24.765381,2025-11-13 12:26:25.223466,0 days 00:00:00.458085,61.33516815675427,0.527255371213218,0.15975309898956747,Ag,COMPLETE
406,-39.81481481479712,2025-11-13 12:26:24.897180,2025-11-13 12:26:25.565535,0 days 00:00:00.668355,64.86179072872045,1.1385640010311395,1.366052343977963,Ag,COMPLETE
407,-40.71969696967839,2025-11-13 12:26:25.088857,2025-11-13 12:26:25.769352,0 days 00:00:00.680495,82.08404705515109,1.2551214766191263,0.21758338969966767,Ag,COMPLETE
408,-48.809523809495936,2025-11-13 12:26:25.313990,2025-11-13 12:26:26.378411,0 days 00:00:01.064421,75.21455114255424,0.5003239629609885,0.21224198562940308,Ag,COMPLETE
409,-1.4367816091953787,2025-11-13 12:26:25.384617,2025-11-13 12:26:26.221089,0 days 00:00:00.836472,111.86690670986742,1.1972039945858133,0.20319755425432467,Ag,COMPLETE
410,-51.47058823526383,2025-11-13 12:26:25.495469,2025-11-13 12:26:26.512638,0 days 00:00:01.017169,71.92539045851093,0.8248244062598298,0.10032701971342162,Ag,COMPLETE
411,-48.42342342339707,2025-11-13 12:26:25.511145,2025-11-13 12:26:26.205468,0 days 00:00:00.694323,75.05140760807338,1.268116950827695,0.21292848441019332,Ag,COMPLETE
412,-51.4705882352638,2025-11-13 12:26:25.630947,2025-11-13 12:26:26.733806,0 days 00:00:01.102859,72.43900006474642,0.8674179886388598,0.13347023341432063,Ag,COMPLETE
413,-51.47058823526401,2025-11-13 12:26:25.929219,2025-11-13 12:26:26.481005,0 days 00:00:00.551786,71.0836537527633,0.822982796500196,0.13276287178937302,Ag,COMPLETE
414,-49.99999999997149,2025-11-13 12:26:26.268425,2025-11-13 12:26:26.763160,0 days 00:00:00.494735,72.83448203728794,0.8255204832908328,0.13376238683575106,Ag,COMPLETE
415,-49.76851851849095,2025-11-13 12:26:26.425377,2025-11-13 12:26:27.100066,0 days 00:00:00.674689,67.04486449895916,1.6888797002226796,0.1014299982757351,Ag,COMPLETE
416,-24.211711711705078,2025-11-13 12:26:26.612749,2025-11-13 12:26:27.133949,0 days 00:00:00.521200,88.94200062682363,1.6609144630585404,0.13479798874434584,Ag,COMPLETE
417,-49.76851851849078,2025-11-13 12:26:26.657860,2025-11-13 12:26:27.006946,0 days 00:00:00.349086,70.44128427386316,1.7704677386925791,0.1318824320540945,Ag,COMPLETE
418,-10.065543071159942,2025-11-13 12:26:26.685985,2025-11-13 12:26:27.100066,0 days 00:00:00.414081,92.80909009184174,1.5280832865323248,0.10034243061122454,Ag,COMPLETE
419,-32.657657657648684,2025-11-13 12:26:26.780437,2025-11-13 12:26:27.274120,0 days 00:00:00.493683,70.56801880103777,9.51059654376678,0.12988119989386138,Ag,COMPLETE
420,-19.37984496123722,2025-11-13 12:26:26.896518,2025-11-13 12:26:27.527041,0 days 00:00:00.630523,70.4949062593256,0.8525445738637476,0.1738294295460552,Au,COMPLETE
421,-19.205729166663687,2025-11-13 12:26:27.215176,2025-11-13 12:26:27.593756,0 days 00:00:00.378580,67.17927697050487,0.8452219772182546,0.17071319718439387,Au,COMPLETE
422,-19.333333333330202,2025-11-13 12:26:27.247773,2025-11-13 12:26:28.022163,0 days 00:00:00.774390,66.94287635380441,0.5217194615863978,0.17085287342320568,Au,COMPLETE
423,-50.245098039186,2025-11-13 12:26:27.367307,2025-11-13 12:26:27.860001,0 days 00:00:00.492694,64.99688082066214,0.5076940546247032,0.17077980373659798,Ag,COMPLETE
424,-51.76767676764536,2025-11-13 12:26:27.433932,2025-11-13 12:26:27.922420,0 days 00:00:00.488488,65.0607441023629,0.507827540399209,0.17500482708215054,Ag,COMPLETE
425,-11.65501165501002,2025-11-13 12:26:27.527041,2025-11-13 12:26:28.457359,0 days 00:00:00.930318,30.07757938720445,1.2352751590236268,0.1530725303718669,Ag,COMPLETE
426,-49.99999999997149,2025-11-13 12:26:27.593756,2025-11-13 12:26:28.129884,0 days 00:00:00.536128,67.2074435300866,1.1970025409583147,0.15861663030132916,Ag,COMPLETE
427,-39.814814814796996,2025-11-13 12:26:27.747216,2025-11-13 12:26:28.249877,0 days 00:00:00.502661,63.16707605017275,0.5073996877569295,1.5520540644537397,Ag,COMPLETE
428,-51.76767676764536,2025-11-13 12:26:27.860001,2025-11-13 12:26:28.580584,0 days 00:00:00.720583,63.836993288706275,0.5004036760792636,0.13610670055383914,Ag,COMPLETE
429,-29.109589041087872,2025-11-13 12:26:28.017165,2025-11-13 12:26:28.647711,0 days 00:00:00.630546,56.7942527041435,5.2098581515730205,1.5507350057586589,Ag,COMPLETE
430,-42.68292682924754,2025-11-13 12:26:28.145398,2025-11-13 12:26:28.695732,0 days 00:00:00.550334,55.728189981240625,1.3128753708885097,0.13149819728133635,Ag,COMPLETE
431,-41.666666666646194,2025-11-13 12:26:28.224272,2025-11-13 12:26:28.972532,0 days 00:00:00.748260,54.547341648026496,1.1673231511588207,0.1299915152501327,Ag,COMPLETE
432,-47.297297297271975,2025-11-13 12:26:28.345172,2025-11-13 12:26:29.034147,0 days 00:00:00.688975,59.35200185816794,0.8378819337261106,0.1319146311414604,Ag,COMPLETE
433,-43.74999999997812,2025-11-13 12:26:28.409861,2025-11-13 12:26:29.095448,0 days 00:00:00.685587,54.861048929974885,0.8522444856276454,0.19630693955356532,Ag,COMPLETE
434,-1.530328324986062,2025-11-13 12:26:28.472876,2025-11-13 12:26:29.330486,0 days 00:00:00.857610,104.55948937509507,0.8717722433154849,1.463522470450156,Ag,COMPLETE
435,-51.47058823526383,2025-11-13 12:26:28.644376,2025-11-13 12:26:29.663732,0 days 00:00:01.019356,63.50736091085108,0.5016451975657624,0.19795529778035872,Ag,COMPLETE
436,-41.66666666664696,2025-11-13 12:26:28.954270,2025-11-13 12:26:29.704601,0 days 00:00:00.750331,76.57529370719563,0.530891648404434,0.7508827884083422,Ag,COMPLETE
437,-53.03030303027077,2025-11-13 12:26:29.038187,2025-11-13 12:26:29.612603,0 days 00:00:00.574416,64.74084615378229,0.5015571959795084,0.19651869791590257,Ag,COMPLETE
438,-18.518518518514433,2025-11-13 12:26:29.145308,2025-11-13 12:26:29.827478,0 days 00:00:00.682170,35.87161433975348,0.5133729694098467,0.19661146452724104,Ag,COMPLETE
439,-51.47058823526383,2025-11-13 12:26:29.201785,2025-11-13 12:26:30.033247,0 days 00:00:00.831462,63.214294975190896,0.8142565825023179,0.10169032100063546,Ag,COMPLETE
440,23.200757575757226,2025-11-13 12:26:29.296720,2025-11-13 12:26:30.081248,0 days 00:00:00.784528,61.052965899975845,19.32082942353097,0.10461258233227022,Ag,COMPLETE
441,-48.8095238094959,2025-11-13 12:26:29.551196,2025-11-13 12:26:30.208936,0 days 00:00:00.657740,59.9784823705382,0.5312733849344836,0.10573704676734325,Ag,COMPLETE
442,-51.47058823526401,2025-11-13 12:26:29.663732,2025-11-13 12:26:30.177379,0 days 00:00:00.513647,62.04414954999817,0.5224398174492905,0.10016449950099734,Ag,COMPLETE
443,-48.8095238094959,2025-11-13 12:26:29.884537,2025-11-13 12:26:30.360704,0 days 00:00:00.476167,59.79621978741801,0.5054980061326448,0.16416711868416334,Ag,COMPLETE
444,-50.245098039186,2025-11-13 12:26:30.011295,2025-11-13 12:26:30.453746,0 days 00:00:00.442451,62.16677179644914,0.5056358611378854,0.14917626920090396,Ag,COMPLETE
445,-47.29729729727182,2025-11-13 12:26:30.130502,2025-11-13 12:26:30.782835,0 days 00:00:00.652333,58.68715528069588,1.121828317817231,0.15559434590980586,Ag,COMPLETE
446,-46.05263157892295,2025-11-13 12:26:30.238448,2025-11-13 12:26:30.881301,0 days 00:00:00.642853,58.513641571675045,1.268344892663575,0.1370708734202375,Ag,COMPLETE
447,-30.172413793096386,2025-11-13 12:26:30.301706,2025-11-13 12:26:30.778777,0 days 00:00:00.477071,61.89916456360518,10.941777966683375,0.10002752998501983,Ag,COMPLETE
448,-49.99999999997173,2025-11-13 12:26:30.329395,2025-11-13 12:26:30.782835,0 days 00:00:00.453440,64.80354198084238,1.142065241727314,0.10126351362990765,Ag,COMPLETE
449,-49.99999999997132,2025-11-13 12:26:30.481091,2025-11-13 12:26:31.069937,0 days 00:00:00.588846,64.82587517229503,1.117082327520274,0.15862938420807304,Ag,COMPLETE
450,-51.47058823526383,2025-11-13 12:26:30.696962,2025-11-13 12:26:31.347698,0 days 00:00:00.650736,65.09284124841182,0.9052759416205214,0.18068067024886797,Ag,COMPLETE
451,-48.6111111110841,2025-11-13 12:26:30.815993,2025-11-13 12:26:31.314599,0 days 00:00:00.498606,74.26939100196871,0.8604845799559475,0.1836303328532134,Ag,COMPLETE
452,-7.8382838283820675,2025-11-13 12:26:30.827908,2025-11-13 12:26:31.204626,0 days 00:00:00.376718,25.22587349965305,0.8813649905679081,0.1755275965779337,Ag,COMPLETE
453,-34.45512820511499,2025-11-13 12:26:30.963084,2025-11-13 12:26:31.892699,0 days 00:00:00.929615,84.19746529252201,0.8297075195454676,0.5483377887252558,Ag,COMPLETE
454,-15.046296296294207,2025-11-13 12:26:31.161703,2025-11-13 12:26:32.249574,0 days 00:00:01.087871,67.63508266087193,1.4769651850404715,0.13729716235905337,Cu,COMPLETE
455,-18.849206349203353,2025-11-13 12:26:31.266381,2025-11-13 12:26:31.986769,0 days 00:00:00.720388,63.078528531389814,0.5016446836267023,0.1405320056974504,Au,COMPLETE
456,-14.840182648399779,2025-11-13 12:26:31.314599,2025-11-13 12:26:32.080483,0 days 00:00:00.765884,68.12599615174096,1.5790920253390641,0.1303284552813761,Cu,COMPLETE
457,-14.94252873563021,2025-11-13 12:26:31.459809,2025-11-13 12:26:32.485984,0 days 00:00:01.026175,67.88002749378124,1.435547258365642,0.21540653985758818,Cu,COMPLETE
458,-14.94252873563013,2025-11-13 12:26:31.507326,2025-11-13 12:26:32.397826,0 days 00:00:00.890500,67.57670822788485,1.5671705454257499,0.13450200332929238,Cu,COMPLETE
459,-26.589912280698233,2025-11-13 12:26:31.892699,2025-11-13 12:26:32.397826,0 days 00:00:00.505127,67.29786316969938,15.123255883739375,0.13682700471628234,Ag,COMPLETE
460,-48.6111111110841,2025-11-13 12:26:31.955582,2025-11-13 12:26:32.531149,0 days 00:00:00.575567,70.27670469716107,1.36822205439366,0.22311354588467383,Ag,COMPLETE
461,-49.99999999997136,2025-11-13 12:26:32.266298,2025-11-13 12:26:32.988155,0 days 00:00:00.721857,72.53952385918059,0.9425637068915675,0.18158748465272986,Ag,COMPLETE
462,-51.47058823526383,2025-11-13 12:26:32.397826,2025-11-13 12:26:32.863095,0 days 00:00:00.465269,71.99111375826182,0.8665765300944892,0.18901399259070747,Ag,COMPLETE
463,18.80674448767805,2025-11-13 12:26:32.454549,2025-11-13 12:26:32.878687,0 days 00:00:00.424138,78.89246246660014,18.472698068450008,0.1970104003148602,Ag,COMPLETE
464,-29.003267973850587,2025-11-13 12:26:32.547434,2025-11-13 12:26:33.119753,0 days 00:00:00.572319,63.590933603252246,12.3246856770866,0.10240647613762133,Ag,COMPLETE
465,-50.245098039186,2025-11-13 12:26:32.618160,2025-11-13 12:26:33.197837,0 days 00:00:00.579677,63.43784835262681,0.855929250930818,0.16546225191721164,Ag,COMPLETE
466,-21.351575456050966,2025-11-13 12:26:32.698770,2025-11-13 12:26:33.276283,0 days 00:00:00.577513,78.22779372345208,15.854804595583094,0.10095952801697178,Ag,COMPLETE
467,-51.76767676764536,2025-11-13 12:26:32.751752,2025-11-13 12:26:33.403963,0 days 00:00:00.652211,64.65095020661471,0.5079537725791099,0.10059630162748837,Ag,COMPLETE
468,-33.65384615383321,2025-11-13 12:26:32.799593,2025-11-13 12:26:33.447062,0 days 00:00:00.647469,49.33536254197543,0.5147349692062767,0.9186233177646248,Ag,COMPLETE
469,-47.149122806992644,2025-11-13 12:26:33.148438,2025-11-13 12:26:33.547579,0 days 00:00:00.399141,65.76143503424254,2.011924992272417,0.24196839851880036,Ag,COMPLETE
470,-16.66666666666466,2025-11-13 12:26:33.316458,2025-11-13 12:26:33.804650,0 days 00:00:00.488192,65.86535792366361,1.1727470023604005,1.280006444547153,Au,COMPLETE
471,-18.518518518515943,2025-11-13 12:26:33.347276,2025-11-13 12:26:34.114693,0 days 00:00:00.767417,69.80476232992919,1.9019450325084233,0.21385941657354707,Au,COMPLETE
472,-18.99509803921285,2025-11-13 12:26:33.430598,2025-11-13 12:26:34.024506,0 days 00:00:00.593908,65.68176938861168,1.2276866003076066,0.2565347793875476,Au,COMPLETE
473,-16.566265060238916,2025-11-13 12:26:33.447062,2025-11-13 12:26:33.962053,0 days 00:00:00.514991,69.98853635171928,1.1192396784588006,1.2832579745984274,Au,COMPLETE
474,-51.47058823526388,2025-11-13 12:26:33.669139,2025-11-13 12:26:34.135643,0 days 00:00:00.466504,69.8228031576091,0.9078655324721938,0.24439617145880926,Ag,COMPLETE
475,-49.99999999997152,2025-11-13 12:26:33.832639,2025-11-13 12:26:34.504612,0 days 00:00:00.671973,69.513691749889,0.8306595790924542,0.25472219538733953,Ag,COMPLETE
476,-51.76767676764536,2025-11-13 12:26:33.919283,2025-11-13 12:26:34.718038,0 days 00:00:00.798755,69.72701822674352,0.5201990225405826,0.16095758997269277,Ag,COMPLETE
477,-17.52336448597971,2025-11-13 12:26:33.946378,2025-11-13 12:26:35.011377,0 days 00:00:01.064999,72.96237750690257,16.577517101255292,0.1593288658514916,Ag,COMPLETE
478,-49.99999999997149,2025-11-13 12:26:34.114693,2025-11-13 12:26:34.874703,0 days 00:00:00.760010,74.52391587140553,0.8288830950320012,0.1616324941892261,Ag,COMPLETE
479,-50.245098039186,2025-11-13 12:26:34.270302,2025-11-13 12:26:35.064907,0 days 00:00:00.794605,73.64844608573878,0.5006812647541197,0.16328180235337153,Ag,COMPLETE
480,-50.24509803918621,2025-11-13 12:26:34.229679,2025-11-13 12:26:35.118059,0 days 00:00:00.888380,74.02381914983805,0.513014738807348,0.16142653076168778,Ag,COMPLETE
481,-11.9047619047611,2025-11-13 12:26:34.331193,2025-11-13 12:26:35.064907,0 days 00:00:00.733714,74.25588915925267,16.65885484917897,0.15946213232127954,Ag,COMPLETE
482,-26.736111111106627,2025-11-13 12:26:34.513335,2025-11-13 12:26:35.118059,0 days 00:00:00.604724,73.65443392367162,13.056619942227123,0.15849340809201332,Ag,COMPLETE
483,-51.190476190446915,2025-11-13 12:26:35.042638,2025-11-13 12:26:35.380843,0 days 00:00:00.338205,65.40197702948682,1.1969617632526335,0.19215641093464347,Ag,COMPLETE
484,-51.19047619044695,2025-11-13 12:26:35.098200,2025-11-13 12:26:35.606514,0 days 00:00:00.508314,65.3635074490252,1.2521640434586276,0.2140550430671232,Ag,COMPLETE
485,-31.645569620245386,2025-11-13 12:26:35.147350,2025-11-13 12:26:35.778392,0 days 00:00:00.631042,65.12736125250883,9.924475842033694,0.206342808734228,Ag,COMPLETE
486,-31.517094017085917,2025-11-13 12:26:35.222783,2025-11-13 12:26:35.978488,0 days 00:00:00.755705,64.40816787807141,9.982225265998732,0.12950649634687406,Ag,COMPLETE
487,-9.368836291912075,2025-11-13 12:26:35.348812,2025-11-13 12:26:35.945966,0 days 00:00:00.597154,27.42911471534777,0.5137840651491594,0.20719626372497893,Ag,COMPLETE
488,-51.47058823526383,2025-11-13 12:26:35.460940,2025-11-13 12:26:36.129280,0 days 00:00:00.668340,66.25195539759551,0.8759629955263009,0.212107872316307,Ag,COMPLETE
489,-23.760330578508555,2025-11-13 12:26:35.544105,2025-11-13 12:26:36.111600,0 days 00:00:00.567495,67.05828420912691,9.994694508634346,1.7117272818777753,Ag,COMPLETE
490,-18.65671641790773,2025-11-13 12:26:35.544105,2025-11-13 12:26:36.081873,0 days 00:00:00.537768,44.90849547118739,9.981625887704762,1.1393135556256264,Ag,COMPLETE
491,-53.030303030271,2025-11-13 12:26:35.882069,2025-11-13 12:26:36.253739,0 days 00:00:00.371670,67.61609989854514,0.7878549293320661,0.10243780618070406,Ag,COMPLETE
492,-51.4705882352638,2025-11-13 12:26:35.994089,2025-11-13 12:26:36.754390,0 days 00:00:00.760301,68.96580001046038,0.9091153543461549,0.10089352944995275,Ag,COMPLETE
493,-51.76767676764536,2025-11-13 12:26:36.176156,2025-11-13 12:26:36.548693,0 days 00:00:00.372537,68.83041621035721,0.5015224004935304,0.12944334708565558,Ag,COMPLETE
494,-53.03030303027095,2025-11-13 12:26:36.223031,2025-11-13 12:26:36.896034,0 days 00:00:00.673003,68.75918980583263,0.523986698631354,0.10183722885192394,Ag,COMPLETE
495,-26.378896882490196,2025-11-13 12:26:36.273436,2025-11-13 12:26:37.613237,0 days 00:00:01.339801,71.43011166353232,14.202839435662657,0.18226577593029689,Ag,COMPLETE
496,-38.63636363634959,2025-11-13 12:26:36.358626,2025-11-13 12:26:36.996448,0 days 00:00:00.637822,68.82046780314187,6.497366135013991,0.1334904441406466,Ag,COMPLETE
497,-51.76767676764536,2025-11-13 12:26:36.478363,2025-11-13 12:26:37.042997,0 days 00:00:00.564634,69.21065855233218,0.5422456001916403,0.13091445788713096,Ag,COMPLETE
498,-21.786492374724833,2025-11-13 12:26:36.564700,2025-11-13 12:26:37.447803,0 days 00:00:00.883103,69.84837602342472,11.344932869131243,1.9081038424465537,Ag,COMPLETE
499,-51.47058823526388,2025-11-13 12:26:36.644997,2025-11-13 12:26:37.541554,0 days 00:00:00.896557,71.71437543208262,0.5100307427110542,0.25949323619803377,Ag,COMPLETE
500,-51.4705882352638,2025-11-13 12:26:37.095441,2025-11-13 12:26:37.698663,0 days 00:00:00.603222,71.40590370069687,0.833159731733278,0.17917043170963373,Ag,COMPLETE
501,-49.99999999997132,2025-11-13 12:26:37.416553,2025-11-13 12:26:37.954454,0 days 00:00:00.537901,61.375320685647154,0.5043784781071063,0.18100539620882178,Ag,COMPLETE
502,-50.245098039186,2025-11-13 12:26:37.479138,2025-11-13 12:26:38.079816,0 days 00:00:00.600678,61.04446927890346,0.5262137690626043,0.13568910551563443,Ag,COMPLETE
503,-48.6111111110841,2025-11-13 12:26:37.646345,2025-11-13 12:26:38.048438,0 days 00:00:00.402093,61.04025930546621,0.8387495097870346,0.23209669482496398,Ag,COMPLETE
504,-49.99999999997132,2025-11-13 12:26:37.714493,2025-11-13 12:26:38.449045,0 days 00:00:00.734552,67.52877568907643,1.5390923200180786,0.1015125061332601,Ag,COMPLETE
505,-51.190476190446915,2025-11-13 12:26:37.787348,2025-11-13 12:26:38.480349,0 days 00:00:00.693001,67.60965788830549,1.5243886997729388,0.13193647893184815,Ag,COMPLETE
506,-49.99999999997149,2025-11-13 12:26:37.920716,2025-11-13 12:26:38.610899,0 days 00:00:00.690183,67.55658179834698,1.5902787679594121,0.13757554609517272,Ag,COMPLETE
507,-49.76851851849095,2025-11-13 12:26:38.019186,2025-11-13 12:26:38.610899,0 days 00:00:00.591713,67.33491623633664,1.5356307262948705,0.13363006813374928,Ag,COMPLETE
508,-49.99999999997136,2025-11-13 12:26:38.130379,2025-11-13 12:26:38.981504,0 days 00:00:00.851125,63.77501638196397,0.9515847167048959,0.19342407049984894,Ag,COMPLETE
509,-49.99999999997173,2025-11-13 12:26:38.252833,2025-11-13 12:26:38.811787,0 days 00:00:00.558954,63.1853606546907,1.075450586893828,0.15580431268119205,Ag,COMPLETE
510,-49.99999999997136,2025-11-13 12:26:38.315540,2025-11-13 12:26:39.019404,0 days 00:00:00.703864,63.35928688004545,0.9511061891457431,0.1983129260498694,Ag,COMPLETE
511,-49.999999999971564,2025-11-13 12:26:38.514642,2025-11-13 12:26:39.014991,0 days 00:00:00.500349,63.33346661244615,1.0088034497786167,0.19068344399027048,Ag,COMPLETE
512,-51.47058823526388,2025-11-13 12:26:38.843006,2025-11-13 12:26:39.414938,0 days 00:00:00.571932,71.19654482124795,0.5167560195871437,0.24850696853716625,Ag,COMPLETE
513,-47.29729729727182,2025-11-13 12:26:38.921205,2025-11-13 12:26:39.650610,0 days 00:00:00.729405,76.2375503509988,0.8124643485116368,0.253426730152034,Ag,COMPLETE
514,-48.61111111108394,2025-11-13 12:26:38.970506,2025-11-13 12:26:39.597463,0 days 00:00:00.626957,76.53125160677511,0.5153930718443612,0.23973493453363479,Ag,COMPLETE
515,-33.10502283104114,2025-11-13 12:26:39.020492,2025-11-13 12:26:39.771871,0 days 00:00:00.751379,70.99096668419902,9.025540117363278,0.2607951534098156,Ag,COMPLETE
516,-50.24509803918621,2025-11-13 12:26:39.112561,2025-11-13 12:26:39.472375,0 days 00:00:00.359814,70.64709297433714,0.843716752003959,0.10010549273194344,Ag,COMPLETE
517,-46.05263157892295,2025-11-13 12:26:39.329032,2025-11-13 12:26:39.800788,0 days 00:00:00.471756,75.89801216794797,1.2121812528630185,0.23253823941971227,Ag,COMPLETE
518,-7.371794871794331,2025-11-13 12:26:39.465378,2025-11-13 12:26:40.430812,0 days 00:00:00.965434,31.568191959398092,1.3509875655553025,0.16498185702160545,Au,COMPLETE
519,-11.44214162348756,2025-11-13 12:26:39.544443,2025-11-13 12:26:40.080709,0 days 00:00:00.536266,41.793751674592414,1.3025022658730783,0.16528427513422694,Au,COMPLETE
520,-19.647696476961613,2025-11-13 12:26:39.679350,2025-11-13 12:26:40.243833,0 days 00:00:00.564483,66.36473122594168,0.5143831942013269,0.10047264009337349,Au,COMPLETE
521,-43.604651162770274,2025-11-13 12:26:39.774872,2025-11-13 12:26:40.369109,0 days 00:00:00.594237,66.03138886692201,3.5413750799986454,0.1628903489799466,Ag,COMPLETE
522,-51.4705882352638,2025-11-13 12:26:39.839377,2025-11-13 12:26:40.753736,0 days 00:00:00.914359,65.81499285368514,0.8147042344190113,0.16484727505257657,Ag,COMPLETE
523,-24.282560706398538,2025-11-13 12:26:40.120412,2025-11-13 12:26:40.604155,0 days 00:00:00.483743,68.56263120892379,13.59958838777946,0.8030332329681835,Ag,COMPLETE
524,-51.76767676764536,2025-11-13 12:26:40.196956,2025-11-13 12:26:40.749600,0 days 00:00:00.552644,69.07813062925734,0.5145649458762886,0.16233049530460106,Ag,COMPLETE
525,-51.47058823526383,2025-11-13 12:26:40.277974,2025-11-13 12:26:41.100913,0 days 00:00:00.822939,68.97290714507238,0.8775725522187354,0.20367316384112288,Ag,COMPLETE
526,-37.414965986379336,2025-11-13 12:26:40.430812,2025-11-13 12:26:40.937729,0 days 00:00:00.506917,68.8542846133973,0.504181185301156,1.8465157941017538,Ag,COMPLETE
527,-48.61111111108426,2025-11-13 12:26:40.564511,2025-11-13 12:26:41.096367,0 days 00:00:00.531856,72.2627569156754,1.1184702837150335,0.21030284049018733,Ag,COMPLETE
528,-49.99999999997132,2025-11-13 12:26:40.678281,2025-11-13 12:26:41.329928,0 days 00:00:00.651647,72.22222334688759,1.0461237093918334,0.20811096940695803,Ag,COMPLETE
529,-48.423423423397416,2025-11-13 12:26:40.839261,2025-11-13 12:26:41.484879,0 days 00:00:00.645618,64.55849553678408,1.9385451248546177,0.13386222095155642,Ag,COMPLETE
530,-48.42342342339707,2025-11-13 12:26:40.947004,2025-11-13 12:26:41.456456,0 days 00:00:00.509452,64.56456256396358,1.817629331744912,0.10182144711141314,Ag,COMPLETE
531,-51.76767676764536,2025-11-13 12:26:41.178233,2025-11-13 12:26:41.884965,0 days 00:00:00.706732,64.27102583531344,0.5009123685586837,0.13806175474636084,Ag,COMPLETE
532,0.0,2025-11-13 12:26:41.276823,2025-11-13 12:26:41.829080,0 days 00:00:00.552257,110.63663047967555,17.922532729945612,0.13521396091487906,Ag,COMPLETE
533,-13.519503546097837,2025-11-13 12:26:41.378079,2025-11-13 12:26:41.937944,0 days 00:00:00.559865,61.72230937208953,17.421272800541143,0.13499688848554842,Ag,COMPLETE
534,-47.453703703677256,2025-11-13 12:26:41.409483,2025-11-13 12:26:41.946445,0 days 00:00:00.536962,60.149722461473225,0.5085919766053443,0.285999980853247,Ag,COMPLETE
535,-47.45370370367742,2025-11-13 12:26:41.585951,2025-11-13 12:26:42.447951,0 days 00:00:00.862000,59.67372950143046,0.8626579932514639,0.1004034627152543,Ag,COMPLETE
536,-21.624472573834243,2025-11-13 12:26:41.690885,2025-11-13 12:26:42.338246,0 days 00:00:00.647361,38.64522813315088,0.9019620195023017,0.2842014805720968,Ag,COMPLETE
537,-7.665094339621905,2025-11-13 12:26:41.748118,2025-11-13 12:26:42.363513,0 days 00:00:00.615395,24.7257040865169,1.2306334876647733,0.18372723891358414,Ag,COMPLETE
538,-39.85507246375066,2025-11-13 12:26:41.849580,2025-11-13 12:26:42.340617,0 days 00:00:00.491037,66.54184320515452,1.3553205546365326,1.342944770954531,Ag,COMPLETE
539,-37.499999999985164,2025-11-13 12:26:42.020912,2025-11-13 12:26:43.346205,0 days 00:00:01.325293,70.47984201294666,1.1211180385001542,1.7758227583173103,Ag,COMPLETE
540,-13.237847222220827,2025-11-13 12:26:42.254774,2025-11-13 12:26:43.087056,0 days 00:00:00.832282,70.1369925543043,4.709502860183244,0.17991835422593827,Cu,COMPLETE
541,-0.8802816901408202,2025-11-13 12:26:42.176642,2025-11-13 12:26:43.133851,0 days 00:00:00.957209,20.43749582399412,0.9349077450775676,0.17345976103527827,Cu,COMPLETE
542,-51.47058823526383,2025-11-13 12:26:42.326454,2025-11-13 12:26:43.180828,0 days 00:00:00.854374,70.5225342410354,0.8835540062482643,0.17780854522823356,Ag,COMPLETE
543,-0.8802816901408202,2025-11-13 12:26:42.484022,2025-11-13 12:26:43.118324,0 days 00:00:00.634302,20.031012334296236,0.9184390967085991,0.16946191258526352,Cu,COMPLETE
544,-0.8802816901408202,2025-11-13 12:26:42.655387,2025-11-13 12:26:43.424312,0 days 00:00:00.768925,20.250793691159412,0.5021158060637645,0.17927648801491963,Cu,COMPLETE
545,-1.1150234741783764,2025-11-13 12:26:43.040190,2025-11-13 12:26:43.509922,0 days 00:00:00.469732,21.661535900146205,0.8767420422957842,1.0066707219099917,Ag,COMPLETE
546,-48.6111111110841,2025-11-13 12:26:43.071438,2025-11-13 12:26:43.813473,0 days 00:00:00.742035,67.547466379936,1.3830589154904371,0.22685594367960016,Ag,COMPLETE
547,21.07652399481161,2025-11-13 12:26:43.377446,2025-11-13 12:26:43.974249,0 days 00:00:00.596803,67.369133590177,19.566539598539183,0.2237187068348765,Ag,COMPLETE
548,-51.76767676764536,2025-11-13 12:26:43.462947,2025-11-13 12:26:43.891650,0 days 00:00:00.428703,67.13843434063868,0.5004270203137962,0.1341385860117316,Ag,COMPLETE
549,-43.60465116277055,2025-11-13 12:26:43.556699,2025-11-13 12:26:44.505705,0 days 00:00:00.949006,67.32611788433776,2.612286500523976,0.4837536694308896,Ag,COMPLETE
550,-47.14912280699262,2025-11-13 12:26:43.581922,2025-11-13 12:26:44.314555,0 days 00:00:00.732633,62.11984236457629,1.836184758154162,0.21896557193243416,Ag,COMPLETE
551,-42.63565891470892,2025-11-13 12:26:43.689892,2025-11-13 12:26:44.379560,0 days 00:00:00.689668,62.547715606979445,2.5093282940032093,0.4681462992922857,Ag,COMPLETE
552,-47.29729729727148,2025-11-13 12:26:43.764275,2025-11-13 12:26:44.442151,0 days 00:00:00.677876,62.587085089028676,1.639684583586585,0.22165127057086292,Ag,COMPLETE
553,-47.29729729727182,2025-11-13 12:26:43.844774,2025-11-13 12:26:44.379560,0 days 00:00:00.534786,62.757180456428536,1.6867707656377617,0.12994357219910188,Ag,COMPLETE
554,-1.423921887713565,2025-11-13 12:26:44.166975,2025-11-13 12:26:44.765288,0 days 00:00:00.598313,116.98921693417765,1.4571787784005568,0.10123867351679494,Ag,COMPLETE
555,-48.245614035062324,2025-11-13 12:26:44.348534,2025-11-13 12:26:44.830656,0 days 00:00:00.482122,65.02834416624842,2.4411145632415394,0.13161261115018796,Ag,COMPLETE
556,-9.74658869395598,2025-11-13 12:26:44.259784,2025-11-13 12:26:44.830656,0 days 00:00:00.570872,27.711298013430877,1.3012807205843853,0.14113464866757672,Ag,COMPLETE
557,-0.6747638326585585,2025-11-13 12:26:44.618636,2025-11-13 12:26:45.228230,0 days 00:00:00.609594,72.61520093298097,11.86928180619986,0.10262179714297043,Au,COMPLETE
558,-19.37984496123722,2025-11-13 12:26:44.719001,2025-11-13 12:26:45.275111,0 days 00:00:00.556110,72.25981618562705,0.8709478964854753,0.15132451744366818,Au,COMPLETE
559,-19.531249999996948,2025-11-13 12:26:44.799343,2025-11-13 12:26:45.212606,0 days 00:00:00.413263,71.67209873167019,0.8145361931017893,0.15524147258211093,Au,COMPLETE
560,-17.639902676396417,2025-11-13 12:26:44.830656,2025-11-13 12:26:45.736625,0 days 00:00:00.905969,56.85715990279503,0.8318012676710681,0.10133473069079003,Au,COMPLETE
561,-19.66666666666346,2025-11-13 12:26:44.893162,2025-11-13 12:26:45.811062,0 days 00:00:00.917900,72.74713337593995,0.5034897316234825,0.16081957321571008,Au,COMPLETE
562,-49.999999999971564,2025-11-13 12:26:44.969478,2025-11-13 12:26:45.696966,0 days 00:00:00.727488,73.31097917921831,1.1183231841022172,0.10277037832894602,Ag,COMPLETE
563,-53.03030303027077,2025-11-13 12:26:45.003640,2025-11-13 12:26:45.645377,0 days 00:00:00.641737,69.18353529172845,0.5123358702319651,0.20008098170378275,Ag,COMPLETE
564,-53.03030303027077,2025-11-13 12:26:45.182818,2025-11-13 12:26:45.732627,0 days 00:00:00.549809,65.3185008693123,0.5037836433548739,0.19964265285265545,Ag,COMPLETE
565,-48.6111111110841,2025-11-13 12:26:45.452589,2025-11-13 12:26:45.984156,0 days 00:00:00.531567,65.89541194932359,1.1604821140802966,0.2531807626447226,Ag,COMPLETE
566,-16.025641025637945,2025-11-13 12:26:45.645377,2025-11-13 12:26:46.438150,0 days 00:00:00.792773,34.537168131236605,1.2174204967039124,0.24025603863474299,Ag,COMPLETE
567,-49.76851851849078,2025-11-13 12:26:45.795480,2025-11-13 12:26:46.265552,0 days 00:00:00.470072,65.90157125502864,1.2764337302035842,0.2771161582939118,Ag,COMPLETE
568,-48.61111111108375,2025-11-13 12:26:45.922184,2025-11-13 12:26:46.438150,0 days 00:00:00.515966,68.34371439362769,1.2200214693714972,0.2942473550039392,Ag,COMPLETE
569,-49.76851851849078,2025-11-13 12:26:45.923185,2025-11-13 12:26:46.579160,0 days 00:00:00.655975,68.67536636058658,1.2296447578077727,0.29841917203943413,Ag,COMPLETE
570,-25.64102564102262,2025-11-13 12:26:46.086952,2025-11-13 12:26:46.900094,0 days 00:00:00.813142,68.4332884123198,16.109569102400663,0.21548438397460795,Ag,COMPLETE
571,-50.245098039186,2025-11-13 12:26:46.344220,2025-11-13 12:26:46.705610,0 days 00:00:00.361390,68.8005353862192,0.8140474928890565,0.2081169431415229,Ag,COMPLETE
572,-40.71969696967839,2025-11-13 12:26:46.359849,2025-11-13 12:26:46.965177,0 days 00:00:00.605328,64.23541341464028,0.5186121235776514,1.406566173660956,Ag,COMPLETE
573,-48.8095238094959,2025-11-13 12:26:46.438150,2025-11-13 12:26:46.929710,0 days 00:00:00.491560,64.42880419648364,0.8064088413269501,0.20893085478735485,Ag,COMPLETE
574,-30.516431924874166,2025-11-13 12:26:46.534594,2025-11-13 12:26:47.262936,0 days 00:00:00.728342,65.074151427173,5.9504475878198155,1.3976850199070043,Ag,COMPLETE
575,-49.99999999997136,2025-11-13 12:26:46.705610,2025-11-13 12:26:47.397774,0 days 00:00:00.692164,66.76806751923506,0.8734496146652526,0.24532773765242835,Ag,COMPLETE
576,-35.71428571427107,2025-11-13 12:26:46.967096,2025-11-13 12:26:47.767007,0 days 00:00:00.799911,48.69792296318141,0.8502121819569652,0.2580416555653969,Ag,COMPLETE
577,-49.999999999971564,2025-11-13 12:26:47.069125,2025-11-13 12:26:47.429597,0 days 00:00:00.360472,65.63688582431922,0.9172276754662738,0.2667210836982897,Ag,COMPLETE
578,-51.47058823526388,2025-11-13 12:26:46.997315,2025-11-13 12:26:47.680187,0 days 00:00:00.682872,66.65930402250419,0.9140680274852071,0.2444667141455515,Ag,COMPLETE
579,-53.03030303027077,2025-11-13 12:26:47.164559,2025-11-13 12:26:47.931725,0 days 00:00:00.767166,70.46958488083112,0.5022956684243254,0.19279868885364687,Ag,COMPLETE
580,-41.66666666664742,2025-11-13 12:26:47.213876,2025-11-13 12:26:47.843834,0 days 00:00:00.629958,80.4008025962153,1.778268816534024,0.1924563337914616,Ag,COMPLETE
581,-50.24509803918605,2025-11-13 12:26:47.296268,2025-11-13 12:26:48.031835,0 days 00:00:00.735567,70.27229588836815,0.5144090818927338,0.2018198493086509,Ag,COMPLETE
582,-27.02702702702214,2025-11-13 12:26:47.542865,2025-11-13 12:26:48.141782,0 days 00:00:00.598917,58.470022838010564,12.576742668290613,0.19366398527302708,Ag,COMPLETE
583,-39.00709219856502,2025-11-13 12:26:47.633860,2025-11-13 12:26:48.180826,0 days 00:00:00.546966,60.438792240776095,1.7535318631404375,1.1762624550713758,Ag,COMPLETE
584,-27.286135693210404,2025-11-13 12:26:47.796912,2025-11-13 12:26:48.248198,0 days 00:00:00.451286,70.6941768672833,12.733148531181422,0.19452462312605515,Ag,COMPLETE
585,-11.054421768705994,2025-11-13 12:26:47.952443,2025-11-13 12:26:48.831243,0 days 00:00:00.878800,29.315357704140617,0.5083574518191023,0.32186850852903076,Ag,COMPLETE
586,-33.459595959585705,2025-11-13 12:26:48.110460,2025-11-13 12:26:48.999189,0 days 00:00:00.888729,75.92896384355006,7.3085466606211895,0.3185836698338913,Ag,COMPLETE
587,-42.65873015871006,2025-11-13 12:26:48.180826,2025-11-13 12:26:48.913594,0 days 00:00:00.732768,70.35771164565685,1.3908383695746322,0.8695435207087592,Ag,COMPLETE
588,-45.94017094014722,2025-11-13 12:26:48.248198,2025-11-13 12:26:48.929242,0 days 00:00:00.681044,76.0534041995478,1.5039581353033853,0.30075402465503187,Ag,COMPLETE
589,-47.297297297271975,2025-11-13 12:26:48.524364,2025-11-13 12:26:49.237191,0 days 00:00:00.712827,74.73574712661647,1.127655776010307,0.2239158257101866,Ag,COMPLETE
590,-48.809523809495936,2025-11-13 12:26:48.780643,2025-11-13 12:26:49.397375,0 days 00:00:00.616732,74.47564411415455,0.5027954271342968,0.20961859964532573,Ag,COMPLETE
591,-48.611111111084135,2025-11-13 12:26:48.831243,2025-11-13 12:26:49.480401,0 days 00:00:00.649158,73.28624723936296,0.9210145211329928,0.2304806417092214,Ag,COMPLETE
592,-48.809523809495936,2025-11-13 12:26:48.913594,2025-11-13 12:26:49.511668,0 days 00:00:00.598074,74.36434400093528,0.5047955451037671,0.2271201560498979,Ag,COMPLETE
593,-50.24509803918605,2025-11-13 12:26:49.003188,2025-11-13 12:26:49.542921,0 days 00:00:00.539733,73.31257885792472,0.5095260022770699,0.21238781969880807,Ag,COMPLETE
594,-3.583333333333196,2025-11-13 12:26:49.344040,2025-11-13 12:26:50.231726,0 days 00:00:00.887686,94.95666516643648,2.172466619260291,0.1640713585046465,Ag,COMPLETE
595,-47.149122806992644,2025-11-13 12:26:49.397375,2025-11-13 12:26:49.955685,0 days 00:00:00.558310,69.12952022955685,2.0631882519180875,0.17300956935525633,Ag,COMPLETE
596,-49.99999999997132,2025-11-13 12:26:49.496134,2025-11-13 12:26:49.893188,0 days 00:00:00.397054,69.09099261075798,1.1190915655486269,0.16975968897111166,Ag,COMPLETE
597,-45.94017094014737,2025-11-13 12:26:49.564139,2025-11-13 12:26:50.130906,0 days 00:00:00.566767,69.89946376057385,1.223429643794748,0.6684781419756864,Ag,COMPLETE
598,-51.4705882352638,2025-11-13 12:26:49.681956,2025-11-13 12:26:50.130906,0 days 00:00:00.448950,68.72338760860747,1.1719887030618548,0.1731306974365519,Ag,COMPLETE
599,-49.76851851849078,2025-11-13 12:26:49.767910,2025-11-13 12:26:50.397656,0 days 00:00:00.629746,70.9596119608768,1.4463035877919375,0.1480267570625279,Ag,COMPLETE
600,-8.203799654575997,2025-11-13 12:26:49.846305,2025-11-13 12:26:50.397656,0 days 00:00:00.551351,26.185930379992836,1.4266231555285167,0.17175621435733446,Ag,COMPLETE
601,-49.99999999997136,2025-11-13 12:26:49.940058,2025-11-13 12:26:50.664737,0 days 00:00:00.724679,71.42221478465689,0.8344279670939334,0.2715696993836717,Ag,COMPLETE
602,-51.4705882352638,2025-11-13 12:26:50.097288,2025-11-13 12:26:50.609357,0 days 00:00:00.512069,70.97556605219542,0.8457064281910897,0.15184091387391482,Ag,COMPLETE
603,-49.99999999997136,2025-11-13 12:26:50.263423,2025-11-13 12:26:50.946992,0 days 00:00:00.683569,66.92998088326455,0.8903639347846256,0.2507301697333811,Ag,COMPLETE
604,-42.68292682924754,2025-11-13 12:26:50.514102,2025-11-13 12:26:50.962712,0 days 00:00:00.448610,67.47142355186236,0.5009501827527316,1.1048338735555054,Ag,COMPLETE
605,-27.027027027023426,2025-11-13 12:26:50.549565,2025-11-13 12:26:51.219778,0 days 00:00:00.670213,67.23658803360044,14.930860192318804,0.132184228777223,Ag,COMPLETE
606,-18.36917562723621,2025-11-13 12:26:50.582842,2025-11-13 12:26:51.546714,0 days 00:00:00.963872,90.57050743972253,0.8747809249206203,0.1351001360021188,Ag,COMPLETE
607,-51.47058823526383,2025-11-13 12:26:50.702474,2025-11-13 12:26:51.296599,0 days 00:00:00.594125,67.21562921421727,0.9614458198536451,0.13287627685876868,Ag,COMPLETE
608,-8.522727272726605,2025-11-13 12:26:50.828328,2025-11-13 12:26:51.264704,0 days 00:00:00.436376,67.59413445638626,15.29334911964325,1.6833134959206724,Ag,COMPLETE
609,-50.245098039186,2025-11-13 12:26:50.897620,2025-11-13 12:26:51.300598,0 days 00:00:00.402978,67.69005579125515,0.910665273317909,0.13604087078396146,Ag,COMPLETE
610,-39.72868217052415,2025-11-13 12:26:51.025121,2025-11-13 12:26:51.686286,0 days 00:00:00.661165,51.51986589294212,0.5053082673129942,0.1983640055085876,Ag,COMPLETE
611,-47.14912280699298,2025-11-13 12:26:51.314042,2025-11-13 12:26:51.946349,0 days 00:00:00.632307,72.25242195494461,1.775803272417317,0.192283089540012,Ag,COMPLETE
612,-1.9080582179623276,2025-11-13 12:26:51.447980,2025-11-13 12:26:51.961976,0 days 00:00:00.513996,101.03105679719704,1.7217773446772755,0.1839215578168433,Ag,COMPLETE
613,-48.42342342339725,2025-11-13 12:26:51.481339,2025-11-13 12:26:52.043675,0 days 00:00:00.562336,71.70559115880395,1.6059967028802467,0.19244969787456795,Ag,COMPLETE
614,-47.29729729727182,2025-11-13 12:26:51.497866,2025-11-13 12:26:52.039674,0 days 00:00:00.541808,63.83871478635345,1.6159904531457128,0.19108952948007224,Ag,COMPLETE
615,-31.432748538000652,2025-11-13 12:26:51.578020,2025-11-13 12:26:52.604828,0 days 00:00:01.026808,86.0900460545314,1.650992381176527,0.1949754150403629,Ag,COMPLETE
616,-19.02887139107306,2025-11-13 12:26:51.634411,2025-11-13 12:26:52.604828,0 days 00:00:00.970417,65.8014090628816,0.5039333014329775,0.26404543433317756,Au,COMPLETE
617,-7.315521628498142,2025-11-13 12:26:51.921018,2025-11-13 12:26:52.298291,0 days 00:00:00.377273,65.53978309404279,8.634331922608553,0.24897444295790383,Au,COMPLETE
618,-35.25641025639949,2025-11-13 12:26:52.060679,2025-11-13 12:26:52.482162,0 days 00:00:00.421483,69.55745654757395,7.9873717859417095,0.2660839058586911,Ag,COMPLETE
619,-51.76767676764536,2025-11-13 12:26:52.147574,2025-11-13 12:26:52.915062,0 days 00:00:00.767488,69.49856009634456,0.5002810559745908,0.1005703651000577,Ag,COMPLETE
620,-49.99999999997149,2025-11-13 12:26:52.283551,2025-11-13 12:26:52.882998,0 days 00:00:00.599447,69.68197122747667,1.196386803175478,0.13640441385672109,Ag,COMPLETE
621,-24.211711711708396,2025-11-13 12:26:52.354466,2025-11-13 12:26:53.059550,0 days 00:00:00.705084,62.70065817165531,13.307821694636075,0.9478044928443043,Ag,COMPLETE
622,-49.99999999997149,2025-11-13 12:26:52.426062,2025-11-13 12:26:53.202661,0 days 00:00:00.776599,62.66177273021184,0.8582195773993455,0.13358809354157342,Ag,COMPLETE
623,-1.1134552273792424,2025-11-13 12:26:52.523880,2025-11-13 12:26:53.201642,0 days 00:00:00.677762,22.978796147425314,0.9131683755386151,0.10011480119055972,Ag,COMPLETE
624,-0.8608815426997103,2025-11-13 12:26:52.615080,2025-11-13 12:26:53.447239,0 days 00:00:00.832159,64.85167576675711,18.677033198835744,1.9590080589213268,Cu,COMPLETE
625,-51.47058823526383,2025-11-13 12:26:52.978213,2025-11-13 12:26:53.448084,0 days 00:00:00.469871,65.51591473062732,0.933419529157881,0.15525799545152846,Ag,COMPLETE
626,-12.544802867382153,2025-11-13 12:26:53.107172,2025-11-13 12:26:53.655451,0 days 00:00:00.548279,65.033593638124,1.3451821413706067,1.9952604077658724,Cu,COMPLETE
627,-28.22580645160364,2025-11-13 12:26:53.296770,2025-11-13 12:26:53.897705,0 days 00:00:00.600935,43.61173415211087,1.2365187456652824,0.2207231801912988,Ag,COMPLETE
628,-49.76851851849059,2025-11-13 12:26:53.328021,2025-11-13 12:26:54.347479,0 days 00:00:01.019458,72.15958941920621,1.2260422985597592,0.22915215527509247,Ag,COMPLETE
629,-48.6111111110841,2025-11-13 12:26:53.406729,2025-11-13 12:26:54.166350,0 days 00:00:00.759621,68.94229498202836,1.1876774186671692,0.22391106363338323,Ag,COMPLETE
630,-7.723577235771578,2025-11-13 12:26:53.484626,2025-11-13 12:26:54.522134,0 days 00:00:01.037508,24.850795121585033,0.5051206489663905,0.23007418130948726,Ag,COMPLETE
631,-7.62910798121992,2025-11-13 12:26:53.536569,2025-11-13 12:26:54.396671,0 days 00:00:00.860102,24.68463884192926,1.1732098075821642,0.23167972387312322,Ag,COMPLETE
632,-47.45370370367742,2025-11-13 12:26:53.830109,2025-11-13 12:26:54.706659,0 days 00:00:00.876550,61.04364277465061,0.8489394410688395,0.16914886488040975,Ag,COMPLETE
633,-51.76767676764536,2025-11-13 12:26:53.881742,2025-11-13 12:26:54.658339,0 days 00:00:00.776597,68.04216194492506,0.5021345974209395,0.15197001540594796,Ag,COMPLETE
634,-51.4705882352638,2025-11-13 12:26:54.275389,2025-11-13 12:26:54.812613,0 days 00:00:00.537224,68.26860369197072,0.8418921279551222,0.16719590967359246,Ag,COMPLETE
635,-49.99999999997149,2025-11-13 12:26:54.367065,2025-11-13 12:26:54.819598,0 days 00:00:00.452533,60.919540864557845,0.8029701060735304,0.16431546526882707,Ag,COMPLETE
636,-51.76767676764536,2025-11-13 12:26:54.427408,2025-11-13 12:26:55.098182,0 days 00:00:00.670774,71.49768279623747,0.5015746699765291,0.17024258971136041,Ag,COMPLETE
637,-44.95614035085377,2025-11-13 12:26:54.717923,2025-11-13 12:26:55.195272,0 days 00:00:00.477349,78.4061482181451,0.893145579072597,0.12920894416193218,Ag,COMPLETE
638,-51.4705882352638,2025-11-13 12:26:54.796986,2025-11-13 12:26:55.622868,0 days 00:00:00.825882,66.08849912024033,0.8850270565342337,0.13284848908399025,Ag,COMPLETE
639,-53.03030303027095,2025-11-13 12:26:54.914519,2025-11-13 12:26:55.697500,0 days 00:00:00.782981,74.18443550716505,0.5004104409242868,0.10024261997709624,Ag,COMPLETE
640,-47.297297297271975,2025-11-13 12:26:55.047594,2025-11-13 12:26:55.670234,0 days 00:00:00.622640,63.67560212558827,1.4076951603257521,0.28493975641389024,Ag,COMPLETE
641,-47.00854700852281,2025-11-13 12:26:55.098182,2025-11-13 12:26:56.036539,0 days 00:00:00.938357,66.70236641649856,2.9602280052697907,0.10168299839185778,Ag,COMPLETE
642,-39.93055555553879,2025-11-13 12:26:55.157392,2025-11-13 12:26:55.762503,0 days 00:00:00.605111,73.69206977765525,4.2034734633197255,0.29079882994514133,Ag,COMPLETE
643,-51.47058823526388,2025-11-13 12:26:55.194272,2025-11-13 12:26:55.669241,0 days 00:00:00.474969,73.37624856121505,0.5066134846948398,0.2732190757447196,Ag,COMPLETE
644,-16.385767790260353,2025-11-13 12:26:55.297197,2025-11-13 12:26:56.284491,0 days 00:00:00.987294,70.52236793730292,1.4352278587659566,1.4841025684657763,Au,COMPLETE
645,-51.76767676764536,2025-11-13 12:26:55.575996,2025-11-13 12:26:56.094663,0 days 00:00:00.518667,66.72010335921368,0.5075920264175113,0.13451159324472312,Ag,COMPLETE
646,-0.6973500697349952,2025-11-13 12:26:55.762503,2025-11-13 12:26:56.463233,0 days 00:00:00.700730,77.19823863333129,14.10486583242107,0.10345318977643994,Au,COMPLETE
647,-18.68872549019331,2025-11-13 12:26:55.644717,2025-11-13 12:26:56.494470,0 days 00:00:00.849753,77.18678392720591,1.1423844750564098,0.1037836809859198,Au,COMPLETE
648,-17.73648648648411,2025-11-13 12:26:55.928972,2025-11-13 12:26:56.352097,0 days 00:00:00.423125,74.50981735454926,1.17921583884854,0.6040542568175239,Au,COMPLETE
649,-45.94017094014738,2025-11-13 12:26:56.064187,2025-11-13 12:26:56.615123,0 days 00:00:00.550936,73.23946660659573,0.8930001761068901,0.6030637581621807,Ag,COMPLETE
650,-51.4705882352638,2025-11-13 12:26:56.329836,2025-11-13 12:26:56.781165,0 days 00:00:00.451329,72.3653957198964,0.8425242771985937,0.14026328073287125,Ag,COMPLETE
651,-47.00854700852298,2025-11-13 12:26:56.463233,2025-11-13 12:26:57.003038,0 days 00:00:00.539805,76.1706193195713,2.088962073178557,0.134690755071799,Ag,COMPLETE
652,-51.47058823526383,2025-11-13 12:26:56.572832,2025-11-13 12:26:57.264967,0 days 00:00:00.692135,70.9090213450111,0.8884811134935069,0.1934324242321678,Ag,COMPLETE
653,-43.65079365077271,2025-11-13 12:26:56.654514,2025-11-13 12:26:57.234637,0 days 00:00:00.580123,79.31989012435999,2.088643556741801,0.136215066591471,Ag,COMPLETE
654,-48.8095238094959,2025-11-13 12:26:56.717071,2025-11-13 12:26:57.491951,0 days 00:00:00.774880,71.19437884991738,0.8412750973783885,0.18940224271728529,Ag,COMPLETE
655,-45.94017094014722,2025-11-13 12:26:56.753324,2025-11-13 12:26:57.476343,0 days 00:00:00.723019,75.39666468624578,2.0345995237307415,0.13350178926125397,Ag,COMPLETE
656,-48.6111111110841,2025-11-13 12:26:56.830103,2025-11-13 12:26:57.349822,0 days 00:00:00.519719,75.76078191632135,0.8444068397603757,0.18804725159033583,Ag,COMPLETE
657,-53.03030303027077,2025-11-13 12:26:56.898260,2025-11-13 12:26:57.596098,0 days 00:00:00.697838,70.82646107448211,0.5098706905590219,0.19296984528352812,Ag,COMPLETE
658,-49.99999999997116,2025-11-13 12:26:57.111228,2025-11-13 12:26:57.779715,0 days 00:00:00.668487,70.54286479641729,1.4079269363926121,0.1316535526371323,Ag,COMPLETE
659,-49.99999999997116,2025-11-13 12:26:57.429448,2025-11-13 12:26:58.055145,0 days 00:00:00.625697,69.7139576685952,1.4368383154082638,0.10187128427363605,Ag,COMPLETE
660,-50.24509803918605,2025-11-13 12:26:57.570361,2025-11-13 12:26:58.365024,0 days 00:00:00.794663,68.9008640421077,0.5051660879118495,0.2337563468372681,Ag,COMPLETE
661,-48.6111111110841,2025-11-13 12:26:57.643530,2025-11-13 12:26:58.380612,0 days 00:00:00.737082,68.83733815348208,1.21547665160693,0.20422395440087626,Ag,COMPLETE
662,-4.729474082481921,2025-11-13 12:26:57.694632,2025-11-13 12:26:58.380612,0 days 00:00:00.685980,82.2653088279359,15.765781320823956,0.10163999782080982,Ag,COMPLETE
663,-48.6111111110841,2025-11-13 12:26:57.736928,2025-11-13 12:26:58.546120,0 days 00:00:00.809192,69.31576013702806,1.2073665015841186,0.2111865890210295,Ag,COMPLETE
664,-40.816326530595646,2025-11-13 12:26:57.835918,2025-11-13 12:26:58.499561,0 days 00:00:00.663643,69.62092928735619,5.352579862442672,0.10087291569276008,Ag,COMPLETE
665,-51.190476190446915,2025-11-13 12:26:57.977038,2025-11-13 12:26:58.589416,0 days 00:00:00.612378,68.59835328496905,1.1808537785770177,0.2098616109029695,Ag,COMPLETE
666,-51.47058823526383,2025-11-13 12:26:58.291651,2025-11-13 12:26:59.007624,0 days 00:00:00.715973,73.50595181836952,0.5148511697804484,0.1690591526550287,Ag,COMPLETE
667,-51.76767676764536,2025-11-13 12:26:58.480855,2025-11-13 12:26:59.054518,0 days 00:00:00.573663,73.15754411513352,0.5056321806998568,0.16685694032656348,Ag,COMPLETE
668,-49.99999999997149,2025-11-13 12:26:58.620538,2025-11-13 12:26:59.164761,0 days 00:00:00.544223,73.25062946971943,0.819908990798437,0.16916291255750288,Ag,COMPLETE
669,-27.227722772271793,2025-11-13 12:26:58.666171,2025-11-13 12:26:59.164761,0 days 00:00:00.498590,72.13747883009196,10.550025293612169,0.6990014722471739,Ag,COMPLETE
670,-51.4705882352638,2025-11-13 12:26:58.716100,2025-11-13 12:26:59.281417,0 days 00:00:00.565317,71.86751011425338,0.8402716850958796,0.17078922118024203,Ag,COMPLETE
671,-30.882352941169163,2025-11-13 12:26:58.761257,2025-11-13 12:26:59.384039,0 days 00:00:00.622782,71.69906473818862,10.512185606239395,0.16553975692663725,Ag,COMPLETE
672,-51.4705882352638,2025-11-13 12:26:58.800493,2025-11-13 12:26:59.297636,0 days 00:00:00.497143,72.97906488224733,0.8338484738488144,0.15676915933935445,Ag,COMPLETE
673,-13.888888888887216,2025-11-13 12:26:59.102508,2025-11-13 12:27:00.261652,0 days 00:00:01.159144,66.25730986526722,1.659570534450279,0.7361958513465786,Cu,COMPLETE
674,-15.416666666665096,2025-11-13 12:26:59.365988,2025-11-13 12:26:59.963762,0 days 00:00:00.597774,66.91580518022238,16.92037271323034,0.2511482026143264,Ag,COMPLETE
675,-45.94017094014737,2025-11-13 12:26:59.384039,2025-11-13 12:27:00.414584,0 days 00:00:01.030545,66.37275608375448,1.6834990966523868,0.3840665148203905,Ag,COMPLETE
676,-14.921171171169135,2025-11-13 12:26:59.430979,2025-11-13 12:27:00.387276,0 days 00:00:00.956297,66.96392232833303,1.7790277065854934,0.24205903868980588,Cu,COMPLETE
677,-15.25821596243915,2025-11-13 12:26:59.471985,2025-11-13 12:27:00.614659,0 days 00:00:01.142674,63.283819545066294,1.7819281037657704,0.20617829167061058,Cu,COMPLETE
678,-14.739229024941299,2025-11-13 12:26:59.530899,2025-11-13 12:27:00.372905,0 days 00:00:00.842006,66.92015223388661,1.6726392259865457,0.2563783953060096,Cu,COMPLETE
679,-49.99999999997152,2025-11-13 12:26:59.912867,2025-11-13 12:27:00.414759,0 days 00:00:00.501892,63.81488646748433,0.5027717054869588,0.3379795509741346,Ag,COMPLETE
680,-15.258215962439067,2025-11-13 12:26:59.938561,2025-11-13 12:27:00.383167,0 days 00:00:00.444606,63.108822057018045,1.7184729794389724,0.20734551751563712,Cu,COMPLETE
681,-21.901709401703823,2025-11-13 12:27:00.557620,2025-11-13 12:27:01.407957,0 days 00:00:00.850337,38.76922514370276,1.064158114496832,0.13766600374253318,Ag,COMPLETE
682,-51.47058823526388,2025-11-13 12:27:00.526372,2025-11-13 12:27:01.266669,0 days 00:00:00.740297,68.50625501457938,1.0884169786396667,0.10193922855151412,Ag,COMPLETE
683,-49.99999999997173,2025-11-13 12:27:00.630415,2025-11-13 12:27:01.328969,0 days 00:00:00.698554,68.5129718033065,1.1063759272797524,0.13523715750259976,Ag,COMPLETE
684,-51.47058823526388,2025-11-13 12:27:00.667986,2025-11-13 12:27:01.652387,0 days 00:00:00.984401,68.09692169204313,1.0721702233801644,0.10040003520339477,Ag,COMPLETE
685,-51.47058823526388,2025-11-13 12:27:00.681164,2025-11-13 12:27:01.074305,0 days 00:00:00.393141,68.93286842196478,1.1067685465733437,0.10043663270738688,Ag,COMPLETE
686,-48.61111111108426,2025-11-13 12:27:00.715274,2025-11-13 12:27:01.582585,0 days 00:00:00.867311,58.25613990358352,0.8554741627870064,0.14242633423581655,Ag,COMPLETE
687,23.966165413533478,2025-11-13 12:27:00.996071,2025-11-13 12:27:02.263575,0 days 00:00:01.267504,58.0946055684197,19.154946123422864,0.2972646569454111,Ag,COMPLETE
688,-1.4919011082693743,2025-11-13 12:27:01.089932,2025-11-13 12:27:01.652387,0 days 00:00:00.562455,104.97944929760783,0.798669491623538,0.14427162706046381,Ag,COMPLETE
689,-50.245098039186,2025-11-13 12:27:01.319166,2025-11-13 12:27:01.945971,0 days 00:00:00.626805,64.54581517288317,0.8300774294686708,0.1916766644395796,Ag,COMPLETE
690,-27.369281045746337,2025-11-13 12:27:01.617974,2025-11-13 12:27:02.409373,0 days 00:00:00.791399,74.81022531504695,11.430755233523573,0.28200376105807284,Ag,COMPLETE
691,-47.453703703677256,2025-11-13 12:27:01.724594,2025-11-13 12:27:02.461699,0 days 00:00:00.737105,61.18425947556766,0.5117820869122047,0.2955298460224816,Ag,COMPLETE
692,-50.24509803918625,2025-11-13 12:27:01.773510,2025-11-13 12:27:02.714117,0 days 00:00:00.940607,70.5947862068815,0.5007589458092498,0.3033927938782186,Ag,COMPLETE
693,-28.198653198647392,2025-11-13 12:27:01.897565,2025-11-13 12:27:02.802067,0 days 00:00:00.904502,74.93461315649934,11.439752979312336,0.19122427218445892,Ag,COMPLETE
694,-48.809523809495936,2025-11-13 12:27:01.838871,2025-11-13 12:27:02.960463,0 days 00:00:01.121592,75.1366085020789,0.5350331313909502,0.19568736167349493,Ag,COMPLETE
695,-49.76851851849078,2025-11-13 12:27:01.980574,2025-11-13 12:27:02.881595,0 days 00:00:00.901021,70.95983826972177,1.3822568680166158,0.19360514005493043,Ag,COMPLETE
696,-18.68872549019331,2025-11-13 12:27:02.297959,2025-11-13 12:27:02.971869,0 days 00:00:00.673910,65.28921592669661,1.3660367031657898,0.19336781950658594,Au,COMPLETE
697,-9.789156626504836,2025-11-13 12:27:02.714117,2025-11-13 12:27:03.212794,0 days 00:00:00.498677,27.928157563838834,0.9171785404940989,0.23732205915337629,Ag,COMPLETE
698,-10.284810126580986,2025-11-13 12:27:02.835116,2025-11-13 12:27:03.721180,0 days 00:00:00.886064,28.53857629968895,0.8688211476634368,0.22890450816059288,Ag,COMPLETE
699,-48.6111111110841,2025-11-13 12:27:02.914134,2025-11-13 12:27:03.418299,0 days 00:00:00.504165,62.630148233469804,0.8679061454613075,0.23123645373381851,Ag,COMPLETE
700,-0.5274261603375261,2025-11-13 12:27:03.032300,2025-11-13 12:27:03.721180,0 days 00:00:00.688880,62.97240769761448,17.595626233463594,0.5232471419686628,Ag,COMPLETE
701,-11.43067846607565,2025-11-13 12:27:03.097999,2025-11-13 12:27:04.064762,0 days 00:00:00.966763,33.61333540485115,12.144150704668334,1.8176364928949518,Ag,COMPLETE
702,-0.7109297725024645,2025-11-13 12:27:03.163258,2025-11-13 12:27:03.721180,0 days 00:00:00.557922,64.7367577949069,17.763687191408405,0.1362075632996388,Ag,COMPLETE
703,-50.245098039186,2025-11-13 12:27:03.214498,2025-11-13 12:27:04.015609,0 days 00:00:00.801111,70.68761149773721,0.5196334668586835,0.1364860121816835,Ag,COMPLETE
704,-40.74074074072269,2025-11-13 12:27:03.535848,2025-11-13 12:27:04.131773,0 days 00:00:00.595925,64.79928452443433,1.3349318051048025,1.253284031473892,Ag,COMPLETE
705,-36.05769230767838,2025-11-13 12:27:03.644942,2025-11-13 12:27:04.216016,0 days 00:00:00.571074,70.0553293685178,1.367088500272406,1.7466285324472643,Ag,COMPLETE
706,0.0,2025-11-13 12:27:03.968663,2025-11-13 12:27:04.284868,0 days 00:00:00.316205,46.82846683235955,19.766265701602354,1.6144266686856512,Au,COMPLETE
707,-0.5868544600938801,2025-11-13 12:27:04.081016,2025-11-13 12:27:04.624964,0 days 00:00:00.543948,22.8419116984348,1.23916120815162,0.1499821592404136,Au,COMPLETE
708,-19.531249999996948,2025-11-13 12:27:04.102178,2025-11-13 12:27:04.664464,0 days 00:00:00.562286,67.15174234023866,0.8452540482981792,0.15150079989678486,Au,COMPLETE
709,-19.333333333330202,2025-11-13 12:27:04.118427,2025-11-13 12:27:04.662777,0 days 00:00:00.544350,67.3280936611949,0.5133658771670763,0.16388166887227384,Au,COMPLETE
710,-49.99999999997132,2025-11-13 12:27:04.165149,2025-11-13 12:27:05.198138,0 days 00:00:01.032989,67.09854712725212,0.8971378187151761,0.15842996559503136,Ag,COMPLETE
711,-47.149122806992466,2025-11-13 12:27:04.284868,2025-11-13 12:27:04.943751,0 days 00:00:00.658883,67.50140178501704,0.506153817433548,0.8255404861714484,Ag,COMPLETE
712,-48.8095238094959,2025-11-13 12:27:04.314347,2025-11-13 12:27:05.293909,0 days 00:00:00.979562,60.16024398385609,0.5012950937557865,0.1736929992163641,Ag,COMPLETE
713,-46.05263157892295,2025-11-13 12:27:04.586653,2025-11-13 12:27:05.496967,0 days 00:00:00.910314,77.89614448892868,0.9133810835838791,0.17024095106932272,Ag,COMPLETE
714,-49.99999999997149,2025-11-13 12:27:04.730111,2025-11-13 12:27:05.569791,0 days 00:00:00.839680,60.463373219783044,0.8382510471214853,0.13088069377814665,Ag,COMPLETE
715,-41.66666666664772,2025-11-13 12:27:04.959377,2025-11-13 12:27:06.069695,0 days 00:00:01.110318,70.0986850493043,1.2389040352664642,1.057204613809021,Ag,COMPLETE
716,-49.76851851849095,2025-11-13 12:27:05.124604,2025-11-13 12:27:06.007198,0 days 00:00:00.882594,69.85214182132529,1.3948240061281396,0.25638822088362084,Ag,COMPLETE
717,-48.6111111110841,2025-11-13 12:27:05.450184,2025-11-13 12:27:06.022858,0 days 00:00:00.572674,65.29125789341684,1.1522224397872884,0.25836610526980014,Ag,COMPLETE
718,-48.6111111110841,2025-11-13 12:27:05.496967,2025-11-13 12:27:06.482244,0 days 00:00:00.985277,70.35785442324327,1.3669757586970837,0.22198573334411106,Ag,COMPLETE
719,-49.99999999997152,2025-11-13 12:27:05.528217,2025-11-13 12:27:06.022858,0 days 00:00:00.494641,69.25448222688281,1.2182359877837654,0.21735730486893895,Ag,COMPLETE
720,-41.666666666647146,2025-11-13 12:27:05.616809,2025-11-13 12:27:06.429713,0 days 00:00:00.812904,69.94717794421385,1.3592277484924429,1.054084091087169,Ag,COMPLETE
721,-51.76767676764536,2025-11-13 12:27:05.944695,2025-11-13 12:27:06.429713,0 days 00:00:00.485018,71.61649764159237,0.5099623777562307,0.12763443013188802,Ag,COMPLETE
722,-40.67460317458373,2025-11-13 12:27:06.147260,2025-11-13 12:27:06.885459,0 days 00:00:00.738199,52.758616966803736,0.8299388682746742,0.10195569976824648,Ag,COMPLETE
723,-51.4705882352638,2025-11-13 12:27:06.147260,2025-11-13 12:27:06.795972,0 days 00:00:00.648712,72.24229236708184,0.8624830058557488,0.10334539374781745,Ag,COMPLETE
724,-49.99999999997149,2025-11-13 12:27:06.374378,2025-11-13 12:27:06.994610,0 days 00:00:00.620232,64.25293497531416,0.8527271819313172,0.13082620506253886,Ag,COMPLETE
725,-48.6111111110841,2025-11-13 12:27:06.468002,2025-11-13 12:27:06.978930,0 days 00:00:00.510928,62.17759626386388,0.9701033326254904,0.12799192990985986,Ag,COMPLETE
726,-49.99999999997149,2025-11-13 12:27:06.555294,2025-11-13 12:27:07.010179,0 days 00:00:00.454885,62.21969023999417,0.8724370912562365,0.10592556935008292,Ag,COMPLETE
727,-32.22222222221368,2025-11-13 12:27:06.613449,2025-11-13 12:27:07.312705,0 days 00:00:00.699256,65.47738953421545,9.492524042779198,0.1916024476681959,Ag,COMPLETE
728,-51.76767676764519,2025-11-13 12:27:06.914354,2025-11-13 12:27:07.429962,0 days 00:00:00.515608,66.22960173151561,0.5309846989509608,0.1867191276824075,Ag,COMPLETE
729,-25.394477317551264,2025-11-13 12:27:07.010179,2025-11-13 12:27:07.647009,0 days 00:00:00.636830,67.94797387672648,16.284006076065012,0.174461627638471,Ag,COMPLETE
730,-48.42342342339705,2025-11-13 12:27:07.148273,2025-11-13 12:27:07.631336,0 days 00:00:00.483063,68.04426692216502,1.9395974592336427,0.17835027536128065,Ag,COMPLETE
731,-53.03030303027077,2025-11-13 12:27:07.217887,2025-11-13 12:27:08.185690,0 days 00:00:00.967803,68.21022555517436,0.5119479590960764,0.17663404047453518,Ag,COMPLETE
732,-47.14912280699298,2025-11-13 12:27:07.312705,2025-11-13 12:27:07.999081,0 days 00:00:00.686376,73.8899930830142,1.5635582089198872,0.1616070174254205,Ag,COMPLETE
733,-48.809523809495936,2025-11-13 12:27:07.527174,2025-11-13 12:27:07.999081,0 days 00:00:00.471907,73.91743829375577,0.5097074266725625,0.23674497450987386,Ag,COMPLETE
734,-47.29729729727148,2025-11-13 12:27:07.561672,2025-11-13 12:27:08.219243,0 days 00:00:00.657571,72.63146107615263,1.639073119485209,0.2205769379478036,Ag,COMPLETE
735,-8.333333333332503,2025-11-13 12:27:07.680330,2025-11-13 12:27:08.296131,0 days 00:00:00.615801,26.196800777517446,1.6235281658224978,0.24053865103554403,Ag,COMPLETE
736,-37.41496598637912,2025-11-13 12:27:07.846003,2025-11-13 12:27:08.540453,0 days 00:00:00.694450,64.98637049755251,0.5160861157810512,1.911843962417262,Ag,COMPLETE
737,-49.99999999997149,2025-11-13 12:27:07.947238,2025-11-13 12:27:08.509211,0 days 00:00:00.561973,64.0050770361299,0.8481793185273128,0.13495685752919603,Ag,COMPLETE
738,-48.6111111110841,2025-11-13 12:27:08.068337,2025-11-13 12:27:08.587333,0 days 00:00:00.518996,63.86382839037183,1.113367644285627,0.2701851109631546,Ag,COMPLETE
739,-48.61111111108426,2025-11-13 12:27:08.147841,2025-11-13 12:27:08.763530,0 days 00:00:00.615689,63.67814556740057,1.144930995720058,0.20895884980293378,Ag,COMPLETE
740,-15.13532763532632,2025-11-13 12:27:08.283645,2025-11-13 12:27:08.831762,0 days 00:00:00.548117,30.823720776438876,18.3420708783521,0.28008323188358414,Ag,COMPLETE
741,-50.24509803918605,2025-11-13 12:27:08.478034,2025-11-13 12:27:09.252110,0 days 00:00:00.774076,66.02600346488909,0.510850795365263,0.20631395107886533,Ag,COMPLETE
742,-51.47058823526383,2025-11-13 12:27:08.665745,2025-11-13 12:27:09.250107,0 days 00:00:00.584362,66.82301297044053,0.8851230431143551,0.19784770367448815,Ag,COMPLETE
743,-48.809523809495936,2025-11-13 12:27:08.714090,2025-11-13 12:27:09.311308,0 days 00:00:00.597218,66.56175277646376,0.9249683223005807,0.19528917462110285,Ag,COMPLETE
744,-49.99999999997152,2025-11-13 12:27:08.763530,2025-11-13 12:27:09.311308,0 days 00:00:00.547778,65.97801965397079,0.5143588578053325,0.33454150555580475,Ag,COMPLETE
745,-49.99999999997132,2025-11-13 12:27:08.831762,2025-11-13 12:27:09.685961,0 days 00:00:00.854199,66.50449578715995,0.8532077621047227,0.20597601206009541,Ag,COMPLETE
746,-44.79166666664434,2025-11-13 12:27:08.928131,2025-11-13 12:27:09.662970,0 days 00:00:00.734839,66.31387458096575,2.2966273227266747,0.345465383575592,Ag,COMPLETE
747,-49.99999999997132,2025-11-13 12:27:09.184859,2025-11-13 12:27:09.979409,0 days 00:00:00.794550,68.61045427630391,1.245574710950216,0.1592873277305526,Ag,COMPLETE
748,-44.573643410831764,2025-11-13 12:27:09.373726,2025-11-13 12:27:10.598267,0 days 00:00:01.224541,68.47790501805382,3.858813665233943,0.15609970701322143,Ag,COMPLETE
749,-51.76767676764536,2025-11-13 12:27:09.564819,2025-11-13 12:27:10.138354,0 days 00:00:00.573535,68.74013742392981,0.5040049742809226,0.1601897453743709,Ag,COMPLETE
750,-51.190476190446915,2025-11-13 12:27:09.599152,2025-11-13 12:27:10.090292,0 days 00:00:00.491140,68.72363926206641,1.2400637205556053,0.15759210143604005,Ag,COMPLETE
751,-49.99999999997149,2025-11-13 12:27:09.695961,2025-11-13 12:27:10.350352,0 days 00:00:00.654391,68.95994996584061,1.222408541266618,0.15410426616906234,Ag,COMPLETE
752,-48.611111111084135,2025-11-13 12:27:09.763420,2025-11-13 12:27:10.504028,0 days 00:00:00.740608,61.07283877763209,1.1182399934535439,0.10194126863508202,Ag,COMPLETE
753,-47.453703703677256,2025-11-13 12:27:09.947093,2025-11-13 12:27:10.700185,0 days 00:00:00.753092,61.53410820320573,0.8531150411022974,0.2523629464337153,Ag,COMPLETE
754,-0.7062146892655247,2025-11-13 12:27:10.168275,2025-11-13 12:27:11.294290,0 days 00:00:01.126015,71.89467776337398,14.625346343081645,0.10055286144572331,Au,COMPLETE
755,-18.48370927318017,2025-11-13 12:27:10.285970,2025-11-13 12:27:11.273027,0 days 00:00:00.987057,61.92807749268616,0.8234931158027,0.25974391533353003,Au,COMPLETE
756,-0.7342143906020427,2025-11-13 12:27:10.431202,2025-11-13 12:27:11.297378,0 days 00:00:00.866176,62.7988926729571,14.481952251833512,1.3271122899041823,Au,COMPLETE
757,-0.5296610169491436,2025-11-13 12:27:10.489361,2025-11-13 12:27:11.436188,0 days 00:00:00.946827,71.04017669202551,14.639443885802768,0.13163397314043493,Au,COMPLETE
758,-18.382352941173767,2025-11-13 12:27:10.540778,2025-11-13 12:27:11.405058,0 days 00:00:00.864280,80.84038661574675,0.8043667768886273,0.10053409582977887,Au,COMPLETE
759,-49.76851851849095,2025-11-13 12:27:10.752407,2025-11-13 12:27:11.933602,0 days 00:00:01.181195,70.55952955798664,1.610456311858536,0.13046462965129318,Ag,COMPLETE
760,-41.666666666647856,2025-11-13 12:27:11.139130,2025-11-13 12:27:11.617939,0 days 00:00:00.478809,71.27861529995833,1.5168561942761911,0.9954119420216755,Ag,COMPLETE
761,-42.65873015870962,2025-11-13 12:27:11.313003,2025-11-13 12:27:11.931596,0 days 00:00:00.618593,56.94022340518696,2.0323780455719547,0.22611459554328237,Ag,COMPLETE
762,-47.149122806992644,2025-11-13 12:27:11.413821,2025-11-13 12:27:12.348978,0 days 00:00:00.935157,67.6534035877594,2.006908241662062,0.22745691214732555,Ag,COMPLETE
763,-23.069679849338236,2025-11-13 12:27:11.569806,2025-11-13 12:27:12.622668,0 days 00:00:01.052862,64.16640376602057,13.792285169345714,1.5343708542430097,Ag,COMPLETE
764,-36.29032258063328,2025-11-13 12:27:11.736653,2025-11-13 12:27:12.667479,0 days 00:00:00.930826,64.80899823559662,7.715952233260824,0.18220476063772584,Ag,COMPLETE
765,-29.166666666660173,2025-11-13 12:27:11.867226,2025-11-13 12:27:13.062792,0 days 00:00:01.195566,59.46864585268532,10.906941028877636,0.1835121464898584,Ag,COMPLETE
766,-50.24509803918605,2025-11-13 12:27:11.955322,2025-11-13 12:27:12.794660,0 days 00:00:00.839338,64.56917092735755,0.5388791817283032,0.19325714850110254,Ag,COMPLETE
767,-49.99999999997152,2025-11-13 12:27:12.113240,2025-11-13 12:27:13.325430,0 days 00:00:01.212190,75.67522265703647,0.5157713033406951,0.18468717324561962,Ag,COMPLETE
768,-48.6111111110841,2025-11-13 12:27:12.310890,2025-11-13 12:27:13.109287,0 days 00:00:00.798397,77.2515209260513,0.5060990538513278,0.1807935838451783,Ag,COMPLETE
769,-1.1134552273792424,2025-11-13 12:27:12.430233,2025-11-13 12:27:13.110297,0 days 00:00:00.680064,23.44341762880678,0.8681525622895219,0.18965805893784282,Ag,COMPLETE
770,-49.99999999997149,2025-11-13 12:27:12.667479,2025-11-13 12:27:13.571960,0 days 00:00:00.904481,59.85186259639666,0.5127199281365754,0.10124626918377788,Ag,COMPLETE
771,-49.99999999997132,2025-11-13 12:27:13.046085,2025-11-13 12:27:13.714508,0 days 00:00:00.668423,68.07901997344689,1.1519555372547297,0.1372590925587559,Ag,COMPLETE
772,-51.190476190446915,2025-11-13 12:27:13.144471,2025-11-13 12:27:14.096628,0 days 00:00:00.952157,67.99141086268615,1.175510240166279,0.13754282609176735,Ag,COMPLETE
773,-49.99999999997149,2025-11-13 12:27:13.314317,2025-11-13 12:27:14.104339,0 days 00:00:00.790022,68.60539468514645,1.175264566552112,0.1461962733051669,Ag,COMPLETE
774,-51.47058823526388,2025-11-13 12:27:13.370443,2025-11-13 12:27:14.099282,0 days 00:00:00.728839,69.75605225649448,1.0619053958724658,0.10007616671376705,Ag,COMPLETE
775,-49.99999999997149,2025-11-13 12:27:13.429870,2025-11-13 12:27:14.087578,0 days 00:00:00.657708,67.79106225877293,1.1765212800013085,0.1523049730747253,Ag,COMPLETE
776,-35.91954022987266,2025-11-13 12:27:13.510914,2025-11-13 12:27:14.387802,0 days 00:00:00.876888,73.7926667931523,6.412397987570667,0.27887541740947125,Ag,COMPLETE
777,-48.809523809495936,2025-11-13 12:27:13.714508,2025-11-13 12:27:14.650166,0 days 00:00:00.935658,72.52622223509621,0.8233478637754031,0.2695230167042728,Ag,COMPLETE
778,-13.457556935816067,2025-11-13 12:27:14.017157,2025-11-13 12:27:14.689488,0 days 00:00:00.672331,72.24239330143017,1.536892949722072,0.264029535522856,Cu,COMPLETE
779,-14.076576576574729,2025-11-13 12:27:14.159262,2025-11-13 12:27:15.170814,0 days 00:00:01.011552,72.0105848781202,0.5110459975900005,0.23636549248271707,Cu,COMPLETE
780,-50.24509803918605,2025-11-13 12:27:14.386803,2025-11-13 12:27:15.109852,0 days 00:00:00.723049,64.84656103215453,0.5006957419064073,0.21411545535417126,Ag,COMPLETE
781,-49.99999999997152,2025-11-13 12:27:14.406800,2025-11-13 12:27:15.138261,0 days 00:00:00.731461,66.14311802336309,0.8605300246928911,0.23332098145163238,Ag,COMPLETE
782,-49.99999999997132,2025-11-13 12:27:14.529025,2025-11-13 12:27:15.294887,0 days 00:00:00.765862,64.930999572895,0.838949688326593,0.2087129623059132,Ag,COMPLETE
783,-27.08333333332877,2025-11-13 12:27:14.608095,2025-11-13 12:27:15.477124,0 days 00:00:00.869029,65.06297067896735,13.289835613559278,0.22147793228353302,Ag,COMPLETE
784,-50.24509803918605,2025-11-13 12:27:14.724205,2025-11-13 12:27:15.279250,0 days 00:00:00.555045,65.58518023417713,0.5059795299714633,0.22666505582314747,Ag,COMPLETE
785,-49.76851851849095,2025-11-13 12:27:15.076175,2025-11-13 12:27:15.748755,0 days 00:00:00.672580,62.95275300295927,1.5478362700862887,0.13662849669071214,Ag,COMPLETE
786,-23.648648648642254,2025-11-13 12:27:15.249448,2025-11-13 12:27:15.483974,0 days 00:00:00.234526,41.328534121311975,1.5433154713967658,0.5669292746370127,Ag,COMPLETE
787,-38.94927536230196,2025-11-13 12:27:15.406175,2025-11-13 12:27:16.067555,0 days 00:00:00.661380,62.23158940118599,0.8748785230755276,1.4441484460271292,Ag,COMPLETE
788,-49.76851851849078,2025-11-13 12:27:15.513359,2025-11-13 12:27:16.067555,0 days 00:00:00.554196,69.4305081115009,1.4544287813648502,0.1360740405796882,Ag,COMPLETE
789,-48.8095238094959,2025-11-13 12:27:15.579089,2025-11-13 12:27:15.973791,0 days 00:00:00.394702,62.65690696017699,0.8842745455596499,0.14366029277869716,Ag,COMPLETE
790,-38.94927536230196,2025-11-13 12:27:15.625980,2025-11-13 12:27:16.315802,0 days 00:00:00.689822,70.15980114566601,0.8670936363642415,1.4533429522787755,Ag,COMPLETE
791,-49.99999999997132,2025-11-13 12:27:15.673579,2025-11-13 12:27:16.788613,0 days 00:00:01.115034,70.19344445845742,1.1195170220570057,0.17227892249663782,Ag,COMPLETE
792,-51.76767676764536,2025-11-13 12:27:15.911226,2025-11-13 12:27:16.812395,0 days 00:00:00.901169,70.44051829240546,0.5006757298031409,0.1715061773558481,Ag,COMPLETE
793,-24.999999999992887,2025-11-13 12:27:15.973791,2025-11-13 12:27:16.936121,0 days 00:00:00.962330,88.76989480014501,1.1238737231213998,0.17018306836272207,Ag,COMPLETE
794,-14.573070607551939,2025-11-13 12:27:16.144854,2025-11-13 12:27:17.166678,0 days 00:00:01.021824,66.68435864807475,17.177328633275774,0.10156793159970663,Ag,COMPLETE
795,-48.6111111110841,2025-11-13 12:27:16.645856,2025-11-13 12:27:17.344441,0 days 00:00:00.698585,75.27643375213529,0.5053616389625646,0.32027320309104135,Ag,COMPLETE
796,-50.24509803918621,2025-11-13 12:27:16.685538,2025-11-13 12:27:17.278366,0 days 00:00:00.592828,67.2495021449155,0.8499364535421066,0.10113034094856468,Ag,COMPLETE
797,-49.999999999971564,2025-11-13 12:27:16.784579,2025-11-13 12:27:17.344441,0 days 00:00:00.559862,67.08734040292596,0.8435326203890965,0.30956449687903054,Ag,COMPLETE
798,-53.03030303027095,2025-11-13 12:27:16.849951,2025-11-13 12:27:17.468994,0 days 00:00:00.619043,66.8321773427976,0.8669568722415808,0.10132645682097886,Ag,COMPLETE
799,-1.4391447368420864,2025-11-13 12:27:16.952269,2025-11-13 12:27:17.682466,0 days 00:00:00.730197,111.375584634164,0.8494823621654535,0.12778761377552794,Ag,COMPLETE
800,-49.76851851849098,2025-11-13 12:27:17.297432,2025-11-13 12:27:17.798695,0 days 00:00:00.501263,64.5630151600283,1.7779509993258786,0.10168132574248952,Ag,COMPLETE
801,-35.49382716048066,2025-11-13 12:27:17.444660,2025-11-13 12:27:18.332658,0 days 00:00:00.887998,62.95445459123969,1.817702123437566,1.8604706054622793,Ag,COMPLETE
802,-35.31073446326472,2025-11-13 12:27:17.500590,2025-11-13 12:27:18.237778,0 days 00:00:00.737188,62.69125233926892,5.62546094020523,0.7629109400370397,Ag,COMPLETE
803,-26.9764957264922,2025-11-13 12:27:17.591951,2025-11-13 12:27:18.593487,0 days 00:00:01.001536,63.521503637226374,15.458552621480266,0.13576819665021192,Ag,COMPLETE
804,-45.9401709401477,2025-11-13 12:27:17.648472,2025-11-13 12:27:18.301981,0 days 00:00:00.653509,63.830561367524226,2.2277566069902046,0.13640534810013988,Ag,COMPLETE
805,-48.42342342339707,2025-11-13 12:27:17.699769,2025-11-13 12:27:18.301981,0 days 00:00:00.602212,62.77069965636955,1.438023146256259,0.13671091469045643,Ag,COMPLETE
806,-29.10052910051983,2025-11-13 12:27:17.816103,2025-11-13 12:27:18.558038,0 days 00:00:00.741935,84.20348590136301,1.5393682536857716,0.901749835827431,Ag,COMPLETE
807,-49.99999999997152,2025-11-13 12:27:18.079870,2025-11-13 12:27:18.804210,0 days 00:00:00.724340,66.2246010153938,1.3515483776776893,0.10139116416797657,Ag,COMPLETE
808,-51.190476190446915,2025-11-13 12:27:18.466724,2025-11-13 12:27:19.047138,0 days 00:00:00.580414,66.93638071028215,1.2204028866358256,0.1785273017364226,Ag,COMPLETE
809,-18.11594202898157,2025-11-13 12:27:18.563745,2025-11-13 12:27:19.350357,0 days 00:00:00.786612,36.31179379753219,1.169474449215183,0.18231405120281413,Ag,COMPLETE
810,-47.297297297271975,2025-11-13 12:27:18.655982,2025-11-13 12:27:19.394187,0 days 00:00:00.738205,60.14935506120112,1.170933762444824,0.17630771060056777,Ag,COMPLETE
811,-19.194756554302785,2025-11-13 12:27:18.706129,2025-11-13 12:27:19.350357,0 days 00:00:00.644228,37.166955405577454,1.1426450960230818,0.4165514524923283,Ag,COMPLETE
812,-49.99999999997132,2025-11-13 12:27:18.868187,2025-11-13 12:27:19.571920,0 days 00:00:00.703733,68.64112780123313,1.0968700173471744,0.19302850203556352,Ag,COMPLETE
813,-19.23076923076616,2025-11-13 12:27:18.942941,2025-11-13 12:27:20.111894,0 days 00:00:01.168953,67.6318153501025,0.8411522279983614,0.21309746482724454,Au,COMPLETE
814,-15.771028037381734,2025-11-13 12:27:19.251029,2025-11-13 12:27:20.158868,0 days 00:00:00.907839,66.26677466004924,3.315588957172311,1.5817502370546797,Au,COMPLETE
815,-0.5868544600938801,2025-11-13 12:27:19.482068,2025-11-13 12:27:20.081373,0 days 00:00:00.599305,22.371668958749964,0.514296131772933,0.10109617055301666,Au,COMPLETE
816,-18.910256410253545,2025-11-13 12:27:19.583591,2025-11-13 12:27:20.298485,0 days 00:00:00.714894,65.97893081648698,0.7591157358708625,0.23599803965600993,Au,COMPLETE
817,-48.42342342339705,2025-11-13 12:27:19.655172,2025-11-13 12:27:20.811073,0 days 00:00:01.155901,65.28847457535444,1.9510699316118356,0.15676783680322282,Ag,COMPLETE
818,-0.6720430107526773,2025-11-13 12:27:19.686882,2025-11-13 12:27:20.905457,0 days 00:00:01.218575,98.79837507445771,8.84070868079234,0.2443621383506644,Au,COMPLETE
819,-48.423423423397416,2025-11-13 12:27:19.872639,2025-11-13 12:27:20.842562,0 days 00:00:00.969923,68.94928589712133,1.8801005180940753,0.15918047527448514,Ag,COMPLETE
820,-50.245098039186,2025-11-13 12:27:19.995378,2025-11-13 12:27:20.812901,0 days 00:00:00.817523,60.78410994992051,0.5073049018330483,0.15604816056349946,Ag,COMPLETE
821,-45.94017094014722,2025-11-13 12:27:20.339502,2025-11-13 12:27:21.051866,0 days 00:00:00.712364,60.85311243442278,2.00362395666523,0.15323524843873393,Ag,COMPLETE
822,-14.059304703474794,2025-11-13 12:27:20.397666,2025-11-13 12:27:21.343392,0 days 00:00:00.945726,68.10124710606561,2.706353418703978,0.27707305170670316,Cu,COMPLETE
823,-48.61111111108426,2025-11-13 12:27:20.500829,2025-11-13 12:27:21.374550,0 days 00:00:00.873721,60.945853641322486,0.8437167967099075,0.15668724000552478,Ag,COMPLETE
824,-5.762411347517287,2025-11-13 12:27:20.842562,2025-11-13 12:27:21.515202,0 days 00:00:00.672640,26.417115658061665,0.5005949327524413,0.20097082399905863,Cu,COMPLETE
825,-49.99999999997116,2025-11-13 12:27:21.103029,2025-11-13 12:27:21.892865,0 days 00:00:00.789836,71.0660855585085,1.4378588054432093,0.10268504446846695,Ag,COMPLETE
826,-7.170542635658268,2025-11-13 12:27:21.163654,2025-11-13 12:27:21.940428,0 days 00:00:00.776774,24.15938304715991,0.5074825422280151,0.2032541560613917,Ag,COMPLETE
827,-47.297297297271975,2025-11-13 12:27:21.390512,2025-11-13 12:27:22.293297,0 days 00:00:00.902785,71.30245190230968,1.4694494432432057,0.2094067338412835,Ag,COMPLETE
828,-49.99999999997152,2025-11-13 12:27:21.390512,2025-11-13 12:27:22.221705,0 days 00:00:00.831193,70.4047976971756,1.3690018728401085,0.10023160413592073,Ag,COMPLETE
829,-49.99999999997173,2025-11-13 12:27:21.515202,2025-11-13 12:27:22.759790,0 days 00:00:01.244588,64.91216993815901,1.1151691917671545,0.14002906064813025,Ag,COMPLETE
830,-1.427406199021184,2025-11-13 12:27:21.615688,2025-11-13 12:27:22.666875,0 days 00:00:01.051187,115.19046424328653,1.4543466895787376,0.12616000478245082,Ag,COMPLETE
831,-51.4705882352638,2025-11-13 12:27:21.818654,2025-11-13 12:27:22.712446,0 days 00:00:00.893792,65.13097599711624,0.8927643011413572,0.13170243621807015,Ag,COMPLETE
832,-50.245098039186,2025-11-13 12:27:21.846507,2025-11-13 12:27:23.048327,0 days 00:00:01.201820,65.45427111299921,0.8956136088639368,0.13728203498899835,Ag,COMPLETE
833,-41.666666666648545,2025-11-13 12:27:22.439419,2025-11-13 12:27:23.130940,0 days 00:00:00.691521,64.72903134223108,4.495950585529624,0.1381588752761576,Ag,COMPLETE
834,-49.99999999997136,2025-11-13 12:27:22.487009,2025-11-13 12:27:23.313211,0 days 00:00:00.826202,66.08917728564002,0.8947919852712136,0.2536638145303991,Ag,COMPLETE
835,-49.99999999997132,2025-11-13 12:27:22.496789,2025-11-13 12:27:22.963041,0 days 00:00:00.466252,65.62167438511052,0.9161521006344076,0.13680051722179262,Ag,COMPLETE
836,-49.99999999997136,2025-11-13 12:27:22.586413,2025-11-13 12:27:23.379836,0 days 00:00:00.793423,67.84060576100704,0.8627235454692253,0.2537725225791787,Ag,COMPLETE
837,-51.47058823526383,2025-11-13 12:27:22.963041,2025-11-13 12:27:23.552564,0 days 00:00:00.589523,68.25411316732071,0.8210573102561245,0.24324505972999377,Ag,COMPLETE
838,-44.95614035085329,2025-11-13 12:27:23.066771,2025-11-13 12:27:23.878373,0 days 00:00:00.811602,57.893537476197416,0.8566092940981318,0.2503033228370608,Ag,COMPLETE
839,-38.94927536230196,2025-11-13 12:27:23.179724,2025-11-13 12:27:23.846941,0 days 00:00:00.667217,55.5785883539274,0.5168765122092743,1.177527048122428,Ag,COMPLETE
840,-47.297297297271975,2025-11-13 12:27:23.255974,2025-11-13 12:27:23.878373,0 days 00:00:00.622399,73.8779339809901,1.1542240909728232,0.19083077125983094,Ag,COMPLETE
841,-51.47058823526383,2025-11-13 12:27:23.297726,2025-11-13 12:27:23.848938,0 days 00:00:00.551212,73.08700607329956,0.5063721087508181,0.18782015104084526,Ag,COMPLETE
842,-46.05263157892295,2025-11-13 12:27:23.456846,2025-11-13 12:27:24.061123,0 days 00:00:00.604277,58.45542087242051,1.2593703331650294,0.17862089151153593,Ag,COMPLETE
843,-49.99999999997149,2025-11-13 12:27:23.581181,2025-11-13 12:27:24.165904,0 days 00:00:00.584723,68.79851775027358,1.1462441171728797,0.18479121756546266,Ag,COMPLETE
844,-3.1362007168457757,2025-11-13 12:27:23.802847,2025-11-13 12:27:24.381559,0 days 00:00:00.578712,95.88449286982569,0.508571521130457,0.10063891659929267,Ag,COMPLETE
845,-47.297297297271975,2025-11-13 12:27:24.018760,2025-11-13 12:27:24.708717,0 days 00:00:00.689957,79.77479326962457,0.5223962939071803,0.10141864193741433,Ag,COMPLETE
846,-43.80341880339635,2025-11-13 12:27:24.061123,2025-11-13 12:27:24.892764,0 days 00:00:00.831641,78.91995797983628,0.5004954146032539,0.3088701734801122,Ag,COMPLETE
847,-44.79166666664434,2025-11-13 12:27:24.211292,2025-11-13 12:27:24.594517,0 days 00:00:00.383225,79.26666986638483,1.6299988599557462,0.10111057108254606,Ag,COMPLETE
848,-29.63917525772584,2025-11-13 12:27:24.273846,2025-11-13 12:27:24.998348,0 days 00:00:00.724502,70.0078652207044,11.818490468123102,0.10017604674123926,Ag,COMPLETE
849,-53.03030303027095,2025-11-13 12:27:24.314757,2025-11-13 12:27:24.998348,0 days 00:00:00.683591,69.47708692222673,0.5107288495508696,0.10022946992465086,Ag,COMPLETE
850,-13.059701492535334,2025-11-13 12:27:24.337114,2025-11-13 12:27:25.094155,0 days 00:00:00.757041,91.74493695298587,0.5193190735530429,0.21654142332710505,Ag,COMPLETE
851,-49.999999999971564,2025-11-13 12:27:24.414514,2025-11-13 12:27:25.436742,0 days 00:00:01.022228,69.71877151938905,0.8613412221304486,0.2968996517354491,Ag,COMPLETE
852,-51.47058823526383,2025-11-13 12:27:24.677092,2025-11-13 12:27:25.109797,0 days 00:00:00.432705,70.12025520904426,0.852688683309581,0.21111057366006628,Ag,COMPLETE
853,-51.190476190446915,2025-11-13 12:27:24.946914,2025-11-13 12:27:25.439748,0 days 00:00:00.492834,69.36004313321742,1.1749370278032831,0.21566350652278393,Ag,COMPLETE
854,-36.72316384179542,2025-11-13 12:27:24.899837,2025-11-13 12:27:25.796207,0 days 00:00:00.896370,70.08069504042255,7.169730552656094,0.16860786943610068,Ag,COMPLETE
855,-22.685185185180075,2025-11-13 12:27:25.214740,2025-11-13 12:27:26.028906,0 days 00:00:00.814166,44.96022318495396,7.152014620366254,0.16266123359165763,Ag,COMPLETE
856,-47.297297297271456,2025-11-13 12:27:25.352962,2025-11-13 12:27:25.846308,0 days 00:00:00.493346,75.10635271712707,1.2416454932367613,0.16438751569425905,Ag,COMPLETE
857,-48.423423423397416,2025-11-13 12:27:25.405577,2025-11-13 12:27:26.050525,0 days 00:00:00.644948,72.62522479024993,1.5277919911380027,0.15677860457320925,Ag,COMPLETE
858,-36.16352201256492,2025-11-13 12:27:24.778355,2025-11-13 12:27:26.050525,0 days 00:00:01.272170,72.74842421929254,1.567413553568989,1.674197998928392,Ag,COMPLETE
859,-48.423423423397416,2025-11-13 12:27:25.444742,2025-11-13 12:27:26.314810,0 days 00:00:00.870068,74.74216448613615,1.5166818260857355,0.1557154002459932,Ag,COMPLETE
860,-49.76851851849095,2025-11-13 12:27:25.703823,2025-11-13 12:27:26.446947,0 days 00:00:00.743124,72.39348051195799,1.5096838238577364,0.13805777389476184,Ag,COMPLETE
861,-15.20681265206587,2025-11-13 12:27:25.902821,2025-11-13 12:27:26.948009,0 days 00:00:01.045188,67.60612054303604,0.8777731655591803,0.1324985723295734,Cu,COMPLETE
862,-13.978494623654104,2025-11-13 12:27:26.183424,2025-11-13 12:27:26.896819,0 days 00:00:00.713395,50.396720642196684,2.3583935718193585,0.13711332632345538,Cu,COMPLETE
863,-13.535031847131982,2025-11-13 12:27:26.070830,2025-11-13 12:27:26.897879,0 days 00:00:00.827049,72.20845834139311,0.9159464813377239,0.3679131213716705,Cu,COMPLETE
864,-50.24509803918621,2025-11-13 12:27:26.336374,2025-11-13 12:27:26.912481,0 days 00:00:00.576107,67.78278244603135,0.8577349355719786,0.10104347322555046,Ag,COMPLETE
865,-15.547263681589719,2025-11-13 12:27:26.384203,2025-11-13 12:27:26.897879,0 days 00:00:00.513676,67.74255416894944,0.504911205379558,0.1327930715023651,Cu,COMPLETE
866,-49.99999999997132,2025-11-13 12:27:26.494324,2025-11-13 12:27:27.502685,0 days 00:00:01.008361,71.86542387845068,1.0650701573790315,0.2039297744558122,Ag,COMPLETE
867,-48.809523809495936,2025-11-13 12:27:26.849019,2025-11-13 12:27:27.499688,0 days 00:00:00.650669,76.22783203877647,0.5058949622229391,0.20557616519438882,Ag,COMPLETE
868,-45.94017094014737,2025-11-13 12:27:27.010290,2025-11-13 12:27:27.546029,0 days 00:00:00.535739,77.43090996921623,1.1676974899400574,0.20454780898165853,Ag,COMPLETE
869,-38.39869281044234,2025-11-13 12:27:27.427655,2025-11-13 12:27:28.209306,0 days 00:00:00.781651,63.353974049983215,5.020409191263327,0.28284087620775855,Ag,COMPLETE
870,-51.47058823526388,2025-11-13 12:27:27.450534,2025-11-13 12:27:28.209306,0 days 00:00:00.758772,70.85464458691199,0.5039401091200947,0.2651330795630578,Ag,COMPLETE
871,-48.61111111108426,2025-11-13 12:27:27.906302,2025-11-13 12:27:28.812489,0 days 00:00:00.906187,71.00929621528188,1.1540542862364656,0.17442084825680684,Ag,COMPLETE
872,-48.423423423397416,2025-11-13 12:27:27.937680,2025-11-13 12:27:28.815500,0 days 00:00:00.877820,67.14174460341548,1.899477080936646,0.16985270020839283,Ag,COMPLETE
873,-48.423423423397416,2025-11-13 12:27:27.997506,2025-11-13 12:27:28.659510,0 days 00:00:00.662004,67.17719742958317,1.809587145596991,0.1693284934651702,Ag,COMPLETE
874,-11.60714285714122,2025-11-13 12:27:27.997506,2025-11-13 12:27:28.781510,0 days 00:00:00.784004,30.280765438559147,1.1376562232924747,0.1733733626578046,Ag,COMPLETE
875,-20.488029465927745,2025-11-13 12:27:28.101340,2025-11-13 12:27:28.690271,0 days 00:00:00.588931,67.3007625104869,16.75184260529174,0.17217621340650702,Ag,COMPLETE
876,-49.99999999997149,2025-11-13 12:27:28.162316,2025-11-13 12:27:29.130810,0 days 00:00:00.968494,66.84595044555826,1.1960473607787088,0.17245458771593314,Ag,COMPLETE
877,-9.219858156027593,2025-11-13 12:27:28.572590,2025-11-13 12:27:29.289072,0 days 00:00:00.716482,29.409223796536562,12.824944220677828,0.1276533642692095,Ag,COMPLETE
878,20.50781249999968,2025-11-13 12:27:28.674605,2025-11-13 12:27:28.976234,0 days 00:00:00.301629,67.4771501042183,19.916272150484378,0.1732147559013512,Ag,COMPLETE
879,-49.99999999997149,2025-11-13 12:27:28.737136,2025-11-13 12:27:29.119336,0 days 00:00:00.382200,69.10666184389066,1.1476744391482927,0.17499688731614957,Ag,COMPLETE
880,-18.623737373734535,2025-11-13 12:27:29.086270,2025-11-13 12:27:29.629914,0 days 00:00:00.543644,63.32436343373664,0.8163429067518975,0.22750843724417152,Au,COMPLETE
881,-18.93939393939098,2025-11-13 12:27:29.129033,2025-11-13 12:27:29.915790,0 days 00:00:00.786757,64.0413017342058,0.9095156142685847,0.23127506542058382,Au,COMPLETE
882,-18.623737373734574,2025-11-13 12:27:29.184257,2025-11-13 12:27:29.770632,0 days 00:00:00.586375,63.799051883319855,0.8475267349855642,0.22713554447267256,Au,COMPLETE
883,-51.4705882352638,2025-11-13 12:27:29.211933,2025-11-13 12:27:30.197972,0 days 00:00:00.986039,73.71358263422677,0.8480288692650708,0.136062455479816,Ag,COMPLETE
884,-19.205729166663687,2025-11-13 12:27:29.264572,2025-11-13 12:27:30.132158,0 days 00:00:00.867586,63.43524858362701,0.8380803275488438,0.1027422039593454,Au,COMPLETE
885,-18.76590330788519,2025-11-13 12:27:29.313538,2025-11-13 12:27:30.136166,0 days 00:00:00.822628,63.31241008247315,0.8386697394690366,0.22830626409101037,Au,COMPLETE
886,-47.29729729727182,2025-11-13 12:27:29.580750,2025-11-13 12:27:30.325576,0 days 00:00:00.744826,70.07637841383381,0.5058184726250041,0.6464750350413966,Ag,COMPLETE
887,-49.99999999997149,2025-11-13 12:27:29.645542,2025-11-13 12:27:30.381366,0 days 00:00:00.735824,74.42140769045257,0.8326022326864123,0.13506600156832002,Ag,COMPLETE
888,-50.245098039186,2025-11-13 12:27:30.055257,2025-11-13 12:27:30.639175,0 days 00:00:00.583918,74.21429223349199,0.5092581642213633,0.13014890728084894,Ag,COMPLETE
889,-43.6991869918486,2025-11-13 12:27:30.138165,2025-11-13 12:27:30.767508,0 days 00:00:00.629343,69.08814432865475,0.5089461006952211,1.1295298195427377,Ag,COMPLETE
890,-0.8802816901408202,2025-11-13 12:27:30.247983,2025-11-13 12:27:30.933198,0 days 00:00:00.685215,22.024312957341152,1.4455741624838008,0.12792394296475257,Ag,COMPLETE
891,-49.99999999997116,2025-11-13 12:27:30.415614,2025-11-13 12:27:31.383998,0 days 00:00:00.968384,65.83608108159068,1.4467957714704789,0.1032950524984716,Ag,COMPLETE
892,-12.626262626261555,2025-11-13 12:27:30.540365,2025-11-13 12:27:31.012498,0 days 00:00:00.472133,32.66354259729988,15.943064748940223,0.271783358630615,Ag,COMPLETE
893,-0.8992805755395424,2025-11-13 12:27:30.645687,2025-11-13 12:27:31.352677,0 days 00:00:00.706990,21.50204629579527,18.90876655846884,0.10216836501080087,Ag,COMPLETE
894,-49.76851851849095,2025-11-13 12:27:30.735136,2025-11-13 12:27:31.496467,0 days 00:00:00.761331,70.93024341909478,1.3829618921008395,0.2652377513120936,Ag,COMPLETE
895,-51.19047619044695,2025-11-13 12:27:30.801846,2025-11-13 12:27:31.653040,0 days 00:00:00.851194,65.8372035301816,1.3933304624308591,0.10434688700318014,Ag,COMPLETE
896,-48.6111111110841,2025-11-13 12:27:30.808764,2025-11-13 12:27:31.559978,0 days 00:00:00.751214,65.95136556066133,1.3304563924492934,0.26942717021974605,Ag,COMPLETE
897,-34.72222222221182,2025-11-13 12:27:31.258428,2025-11-13 12:27:31.915873,0 days 00:00:00.657445,68.63014385872835,8.313377978123949,0.20291727501928397,Ag,COMPLETE
898,-1.723847965018462,2025-11-13 12:27:31.606857,2025-11-13 12:27:32.440000,0 days 00:00:00.833143,101.93825846984211,0.5128737433729079,0.19989346248945927,Ag,COMPLETE
899,-46.0526315789233,2025-11-13 12:27:31.559978,2025-11-13 12:27:32.810400,0 days 00:00:01.250422,61.485543478581775,1.8221303882674915,0.15317895965668393,Ag,COMPLETE
900,-7.723577235771607,2025-11-13 12:27:31.714994,2025-11-13 12:27:32.440000,0 days 00:00:00.725006,24.797187634393737,0.5008046890698148,0.13773078259811025,Ag,COMPLETE
901,-51.47058823526383,2025-11-13 12:27:31.784939,2025-11-13 12:27:32.377393,0 days 00:00:00.592454,72.53021893078295,0.5037249970435709,0.20094569444537136,Ag,COMPLETE
902,-49.99999999997132,2025-11-13 12:27:31.811549,2025-11-13 12:27:32.152830,0 days 00:00:00.341281,68.55746565568171,0.8487974497194811,0.19653914159592378,Ag,COMPLETE
903,-1.4831677704194037,2025-11-13 12:27:31.843516,2025-11-13 12:27:32.550369,0 days 00:00:00.706853,108.87108943806336,1.8077985758321728,0.19762278043482848,Ag,COMPLETE
904,-7.79967159277427,2025-11-13 12:27:31.899103,2025-11-13 12:27:32.747102,0 days 00:00:00.847999,24.911741210306477,0.5072423493021976,0.1411331146405094,Ag,COMPLETE
905,-51.470588235264046,2025-11-13 12:27:32.361880,2025-11-13 12:27:33.076730,0 days 00:00:00.714850,71.31239533489807,1.1148304961699447,0.14406840771370422,Ag,COMPLETE
906,-38.12056737587031,2025-11-13 12:27:32.614660,2025-11-13 12:27:33.061100,0 days 00:00:00.446440,61.53614264588592,1.068166632762073,1.3680355564061413,Ag,COMPLETE
907,-48.61111111108426,2025-11-13 12:27:32.715639,2025-11-13 12:27:33.659056,0 days 00:00:00.943417,70.90509507183256,1.0765598904179026,0.2329988339755545,Ag,COMPLETE
908,-49.99999999997136,2025-11-13 12:27:32.747102,2025-11-13 12:27:33.547145,0 days 00:00:00.800043,71.35576836009221,1.0406519897014537,0.10068762634000135,Ag,COMPLETE
909,-49.99999999997173,2025-11-13 12:27:32.889366,2025-11-13 12:27:33.947054,0 days 00:00:01.057688,69.05537638639946,1.111750731434255,0.13341309569266993,Ag,COMPLETE
910,-34.97023809522566,2025-11-13 12:27:33.061100,2025-11-13 12:27:33.881783,0 days 00:00:00.820683,69.22652759535005,2.2748866340260583,1.7475498312195876,Ag,COMPLETE
911,-47.00854700852281,2025-11-13 12:27:33.167852,2025-11-13 12:27:34.108801,0 days 00:00:00.940949,69.04526758003894,2.3353619594983206,0.3037723303051182,Ag,COMPLETE
912,-51.4705882352638,2025-11-13 12:27:33.437988,2025-11-13 12:27:33.952353,0 days 00:00:00.514365,69.63522504346614,0.8964946375858731,0.10056309435553472,Ag,COMPLETE
913,-26.416122004353912,2025-11-13 12:27:33.562517,2025-11-13 12:27:34.203732,0 days 00:00:00.641215,68.6569591816055,15.045127847906999,0.1621862309396966,Ag,COMPLETE
914,-33.10502283104127,2025-11-13 12:27:33.834158,2025-11-13 12:27:34.398096,0 days 00:00:00.563938,65.33460650207672,9.34468307069778,0.16713705893064565,Ag,COMPLETE
915,-49.76851851849095,2025-11-13 12:27:33.930078,2025-11-13 12:27:34.563045,0 days 00:00:00.632967,64.55308692055033,1.5981194035152702,0.1599015367103324,Ag,COMPLETE
916,-26.92307692307266,2025-11-13 12:27:34.061931,2025-11-13 12:27:34.560969,0 days 00:00:00.499038,65.70531113745244,13.817530687833603,0.23756695479368822,Ag,COMPLETE
917,-51.47058823526383,2025-11-13 12:27:34.180729,2025-11-13 12:27:34.767396,0 days 00:00:00.586667,65.06053603790927,0.8334288335859119,0.24509228695961804,Ag,COMPLETE
918,18.92493638676816,2025-11-13 12:27:34.307798,2025-11-13 12:27:34.913324,0 days 00:00:00.605526,76.15670226157802,18.153975594846724,0.10025982927650784,Ag,COMPLETE
919,-47.297297297271975,2025-11-13 12:27:34.453004,2025-11-13 12:27:35.298883,0 days 00:00:00.845879,59.2169415670453,1.1840551561374955,0.18537430656962378,Ag,COMPLETE
920,-2.8985507246374307,2025-11-13 12:27:34.594417,2025-11-13 12:27:35.429595,0 days 00:00:00.835178,58.92937265697302,18.132922770302294,0.1014415419538923,Ag,COMPLETE
921,-49.99999999997149,2025-11-13 12:27:34.652377,2025-11-13 12:27:35.189686,0 days 00:00:00.537309,76.9037597192958,0.5002838546563446,0.10174113857274956,Ag,COMPLETE
922,-48.8095238094959,2025-11-13 12:27:34.700698,2025-11-13 12:27:35.649777,0 days 00:00:00.949079,73.32003959753361,0.8325773229110669,0.19242264257685637,Ag,COMPLETE
923,-49.99999999997132,2025-11-13 12:27:34.812813,2025-11-13 12:27:35.665299,0 days 00:00:00.852486,66.80396502121998,0.8385715200597108,0.2011854365660884,Ag,COMPLETE
924,-51.47058823526383,2025-11-13 12:27:34.860592,2025-11-13 12:27:35.602784,0 days 00:00:00.742192,67.20047403318387,0.8619265638324273,0.19836950684622176,Ag,COMPLETE
925,-33.65384615383321,2025-11-13 12:27:35.313333,2025-11-13 12:27:36.126591,0 days 00:00:00.813258,47.63287150398087,1.4555499571849988,0.1359317250316551,Ag,COMPLETE
926,-49.99999999997149,2025-11-13 12:27:35.108914,2025-11-13 12:27:36.011639,0 days 00:00:00.902725,72.6883387966918,0.8170616943140083,0.139225161020947,Ag,COMPLETE
927,22.596153846153502,2025-11-13 12:27:35.539837,2025-11-13 12:27:36.130258,0 days 00:00:00.590421,62.93294212672181,19.429793966738128,0.33393060847341166,Ag,COMPLETE
928,-48.42342342339707,2025-11-13 12:27:35.618427,2025-11-13 12:27:36.133305,0 days 00:00:00.514878,61.79313524715612,1.4374428394266086,0.14026228042990216,Ag,COMPLETE
929,-8.400537634407948,2025-11-13 12:27:35.752877,2025-11-13 12:27:36.496501,0 days 00:00:00.743624,27.6057949061473,12.25523775038131,0.13874260508634298,Ag,COMPLETE
930,-42.708333333311906,2025-11-13 12:27:35.861963,2025-11-13 12:27:36.853171,0 days 00:00:00.991208,53.7576224898154,0.5073109386182818,0.23870855000242489,Ag,COMPLETE
931,-48.61111111108375,2025-11-13 12:27:35.894321,2025-11-13 12:27:36.799476,0 days 00:00:00.905155,67.10784593920883,1.2897829097922782,0.2375504072077992,Ag,COMPLETE
932,-53.03030303027082,2025-11-13 12:27:35.986051,2025-11-13 12:27:36.917495,0 days 00:00:00.931444,67.63966498540142,0.5271416474079664,0.24768736616197948,Ag,COMPLETE
933,-51.190476190446915,2025-11-13 12:27:36.206836,2025-11-13 12:27:37.026879,0 days 00:00:00.820043,67.17146790684737,1.1387941845255738,0.24688187577350645,Ag,COMPLETE
934,-49.99999999997152,2025-11-13 12:27:36.506181,2025-11-13 12:27:37.812896,0 days 00:00:01.306715,71.11360840057134,0.5128131698657306,0.3217079322193023,Ag,COMPLETE
935,-42.70833333331205,2025-11-13 12:27:36.642249,2025-11-13 12:27:37.073786,0 days 00:00:00.431537,53.42449225349107,0.5041104541891183,0.1694858975895625,Ag,COMPLETE
936,-48.809523809495936,2025-11-13 12:27:36.753048,2025-11-13 12:27:37.396891,0 days 00:00:00.643843,71.34940764462482,0.5014168067445762,0.30623857381446684,Ag,COMPLETE
937,-18.518518518515943,2025-11-13 12:27:36.926496,2025-11-13 12:27:37.919222,0 days 00:00:00.992726,70.17890118724836,1.760996453985797,0.2863107186317156,Au,COMPLETE
938,-44.79166666664434,2025-11-13 12:27:37.089382,2025-11-13 12:27:37.733085,0 days 00:00:00.643703,70.5713129651416,1.8406136046693635,0.45093628728689183,Ag,COMPLETE
939,-47.14912280699262,2025-11-13 12:27:37.153483,2025-11-13 12:27:37.812896,0 days 00:00:00.659413,71.37736082900015,1.8219723743070313,0.2675436727747242,Ag,COMPLETE
940,-18.26484018264588,2025-11-13 12:27:37.296289,2025-11-13 12:27:37.964346,0 days 00:00:00.668057,70.45454063103045,1.8437209444099842,0.2897287261746929,Au,COMPLETE
941,-18.264840182645916,2025-11-13 12:27:37.363421,2025-11-13 12:27:37.963562,0 days 00:00:00.600141,71.17796259117556,1.7047533771511134,0.3607364597008835,Au,COMPLETE
942,-18.93939393939107,2025-11-13 12:27:37.443769,2025-11-13 12:27:38.245666,0 days 00:00:00.801897,69.56433894771529,0.8368704335195756,0.30087603332284363,Au,COMPLETE
943,-47.297297297271975,2025-11-13 12:27:37.812896,2025-11-13 12:27:38.705038,0 days 00:00:00.892142,74.44002442604179,1.1156939922006397,0.22399965146129608,Ag,COMPLETE
944,-48.61111111108426,2025-11-13 12:27:38.029934,2025-11-13 12:27:38.765541,0 days 00:00:00.735607,74.34622455901608,1.1408356339860917,0.2210954075209379,Ag,COMPLETE
945,-51.47058823526388,2025-11-13 12:27:38.128985,2025-11-13 12:27:39.023004,0 days 00:00:00.894019,67.61274879420895,0.887517012620677,0.26216241436563376,Ag,COMPLETE
946,-49.99999999997136,2025-11-13 12:27:38.189225,2025-11-13 12:27:39.038645,0 days 00:00:00.849420,67.61826456046755,0.8540919181003479,0.268396915792423,Ag,COMPLETE
947,-49.99999999997136,2025-11-13 12:27:38.239161,2025-11-13 12:27:39.479588,0 days 00:00:01.240427,68.30767943518066,0.8658261740511021,0.2594346733949521,Ag,COMPLETE
948,-41.66666666664742,2025-11-13 12:27:38.659190,2025-11-13 12:27:39.479588,0 days 00:00:00.820398,67.9294674173191,0.8952001425730552,1.2322551391774605,Ag,COMPLETE
949,-41.666666666647146,2025-11-13 12:27:38.746583,2025-11-13 12:27:39.672492,0 days 00:00:00.925909,66.5321147367716,0.8224853526037726,1.2308117686623952,Ag,COMPLETE
950,-51.190476190446915,2025-11-13 12:27:38.781095,2025-11-13 12:27:39.537793,0 days 00:00:00.756698,68.77958235577542,1.1724424293078386,0.20868120238828963,Ag,COMPLETE
951,-49.76851851849059,2025-11-13 12:27:38.912736,2025-11-13 12:27:39.713632,0 days 00:00:00.800896,68.26486099557287,1.2669518728674842,0.21348108410728833,Ag,COMPLETE
952,-49.99999999997132,2025-11-13 12:27:38.975909,2025-11-13 12:27:39.716769,0 days 00:00:00.740860,67.83061344684226,0.8403155307896717,0.20417428214373307,Ag,COMPLETE
953,-47.29729729727182,2025-11-13 12:27:39.495219,2025-11-13 12:27:40.231985,0 days 00:00:00.736766,73.55847360841942,1.4547897436172235,0.17622071758669122,Ag,COMPLETE
954,-13.34422657951894,2025-11-13 12:27:39.618484,2025-11-13 12:27:40.187277,0 days 00:00:00.568793,73.4335634600472,0.5018119036251258,0.17178476269844628,Cu,COMPLETE
955,-49.76851851849078,2025-11-13 12:27:39.766703,2025-11-13 12:27:40.253553,0 days 00:00:00.486850,72.72229047304315,1.4081811671191176,0.17742124497185174,Ag,COMPLETE
956,-10.643115942027844,2025-11-13 12:27:39.802981,2025-11-13 12:27:40.187277,0 days 00:00:00.384296,39.628204188963956,1.3366777156351737,0.17150506275248556,Cu,COMPLETE
957,-51.47058823526383,2025-11-13 12:27:39.946805,2025-11-13 12:27:40.670864,0 days 00:00:00.724059,72.70421980439993,0.5131462460273442,0.17462303184538036,Ag,COMPLETE
958,-48.61111111108375,2025-11-13 12:27:40.048817,2025-11-13 12:27:40.689851,0 days 00:00:00.641034,65.18386441603627,1.3574858391054083,0.17368199066254936,Ag,COMPLETE
959,-50.24509803918605,2025-11-13 12:27:40.109222,2025-11-13 12:27:40.864176,0 days 00:00:00.754954,65.41990728335969,0.5029677981133859,0.23745106373076924,Ag,COMPLETE
960,-22.79005524861629,2025-11-13 12:27:40.247549,2025-11-13 12:27:40.779640,0 days 00:00:00.532091,65.57277171435501,14.168087740353977,1.507614695138159,Ag,COMPLETE
961,-44.79166666664419,2025-11-13 12:27:40.545498,2025-11-13 12:27:41.464287,0 days 00:00:00.918789,69.46560762482822,0.854709145793309,0.8152392035732213,Ag,COMPLETE
962,-50.24509803918605,2025-11-13 12:27:40.729575,2025-11-13 12:27:41.370542,0 days 00:00:00.640967,69.99283415409876,0.5004014157394842,0.22395088892270543,Ag,COMPLETE
963,-44.79166666664419,2025-11-13 12:27:40.779640,2025-11-13 12:27:41.370542,0 days 00:00:00.590902,69.65666127546505,0.8923274909549487,0.8306542421497005,Ag,COMPLETE
964,-1.453095431197595,2025-11-13 12:27:40.864176,2025-11-13 12:27:41.667670,0 days 00:00:00.803494,118.55502824139015,0.8291830740338029,0.8431622114441801,Ag,COMPLETE
965,-29.43840579709502,2025-11-13 12:27:40.913050,2025-11-13 12:27:41.636474,0 days 00:00:00.723424,70.23154105811778,11.133041824418102,0.22160291199526436,Ag,COMPLETE
966,-51.47058823526383,2025-11-13 12:27:40.900805,2025-11-13 12:27:41.589541,0 days 00:00:00.688736,70.36211254004085,0.8484498910420973,0.22473998872789708,Ag,COMPLETE
967,-27.116402116393523,2025-11-13 12:27:40.964400,2025-11-13 12:27:41.986698,0 days 00:00:01.022298,42.88971111675476,1.1908194908550276,0.14423282372332075,Ag,COMPLETE
968,-50.24509803918605,2025-11-13 12:27:41.111907,2025-11-13 12:27:41.845591,0 days 00:00:00.733684,64.05106359225316,0.503192729793798,0.22258061531949697,Ag,COMPLETE
969,-43.65079365077271,2025-11-13 12:27:41.723705,2025-11-13 12:27:42.231257,0 days 00:00:00.507552,66.46094305750742,1.176937750575008,0.9644796913569594,Ag,COMPLETE
970,-51.190476190446915,2025-11-13 12:27:41.809978,2025-11-13 12:27:42.782901,0 days 00:00:00.972923,66.316640914971,1.1796433230930101,0.13389027554044405,Ag,COMPLETE
971,-27.658045977006697,2025-11-13 12:27:41.834620,2025-11-13 12:27:42.590291,0 days 00:00:00.755671,66.47557395371736,13.169878864116257,0.13426160392699665,Ag,COMPLETE
972,-49.99999999997173,2025-11-13 12:27:41.931202,2025-11-13 12:27:42.500684,0 days 00:00:00.569482,66.81286106336846,1.1175575180105821,0.13055256032568607,Ag,COMPLETE
973,-48.8095238094959,2025-11-13 12:27:41.946243,2025-11-13 12:27:42.778891,0 days 00:00:00.832648,76.22787993348652,0.5067799544228343,0.13566536307429714,Ag,COMPLETE
974,-38.19444444442853,2025-11-13 12:27:42.062899,2025-11-13 12:27:42.594277,0 days 00:00:00.531378,64.61266993779294,1.1028938688269618,1.6338883636005854,Ag,COMPLETE
975,-53.03030303027095,2025-11-13 12:27:42.173564,2025-11-13 12:27:43.187157,0 days 00:00:01.013593,71.77320834293846,0.5096943485100819,0.10009120662888767,Ag,COMPLETE
976,-49.99999999997173,2025-11-13 12:27:42.281050,2025-11-13 12:27:42.737044,0 days 00:00:00.455994,64.23991525921029,1.1756439140505883,0.10054450701592217,Ag,COMPLETE
977,-44.79166666664419,2025-11-13 12:27:42.675399,2025-11-13 12:27:43.215357,0 days 00:00:00.539958,72.16318673452174,2.1343673917505077,0.33100230130150815,Ag,COMPLETE
978,-47.00854700852281,2025-11-13 12:27:42.830037,2025-11-13 12:27:43.496793,0 days 00:00:00.666756,72.15577738407151,2.142885435783351,0.29547112878636106,Ag,COMPLETE
979,-47.00854700852281,2025-11-13 12:27:42.867680,2025-11-13 12:27:43.655911,0 days 00:00:00.788231,71.7300702658767,2.202678992345234,0.26186441559130924,Ag,COMPLETE
980,-48.6111111110841,2025-11-13 12:27:42.784899,2025-11-13 12:27:43.592063,0 days 00:00:00.807164,77.3403257455649,0.8098759855754144,0.10202602376537698,Ag,COMPLETE
981,-17.467248908295424,2025-11-13 12:27:42.951519,2025-11-13 12:27:43.651848,0 days 00:00:00.700329,75.72279041661383,16.399315216858867,0.13134066482400575,Ag,COMPLETE
982,-47.14912280699298,2025-11-13 12:27:43.043963,2025-11-13 12:27:43.764205,0 days 00:00:00.720242,76.06175535280772,1.6434593349518438,0.10192661464637974,Ag,COMPLETE
983,-51.4705882352638,2025-11-13 12:27:43.233096,2025-11-13 12:27:43.832982,0 days 00:00:00.599886,72.18496428683233,0.8328174171811691,0.13012436373156883,Ag,COMPLETE
984,-50.245098039186,2025-11-13 12:27:43.429299,2025-11-13 12:27:44.385157,0 days 00:00:00.955858,72.88041894987089,0.5025693025972372,0.12908194429189981,Ag,COMPLETE
985,-50.245098039186,2025-11-13 12:27:43.683084,2025-11-13 12:27:44.460211,0 days 00:00:00.777127,73.47311370897671,0.502532764768978,0.16262290696329473,Ag,COMPLETE
986,-18.779342723002067,2025-11-13 12:27:44.117604,2025-11-13 12:27:45.039610,0 days 00:00:00.922006,74.39431248212665,1.6672924687126685,0.1641124253666022,Au,COMPLETE
987,-48.61111111108426,2025-11-13 12:27:44.237895,2025-11-13 12:27:44.831093,0 days 00:00:00.593198,72.92047139579257,0.5132227953571695,0.3985949814235743,Ag,COMPLETE
988,-15.889830508473255,2025-11-13 12:27:44.330475,2025-11-13 12:27:45.298316,0 days 00:00:00.967841,75.38364982052181,6.650374440695309,0.10210780340828346,Au,COMPLETE
989,-18.71980676328237,2025-11-13 12:27:44.280501,2025-11-13 12:27:45.039610,0 days 00:00:00.759109,74.9657502977588,1.3745488950551583,0.16332027078193828,Au,COMPLETE
990,-18.719806763282246,2025-11-13 12:27:44.382241,2025-11-13 12:27:45.008348,0 days 00:00:00.626107,75.480164236798,1.472864005613498,0.10051628816755222,Au,COMPLETE
991,-19.021739130432067,2025-11-13 12:27:44.396283,2025-11-13 12:27:44.945712,0 days 00:00:00.549429,74.11002123500029,1.5550964008632011,0.10248887092220448,Au,COMPLETE
992,-18.61702127659305,2025-11-13 12:27:44.497457,2025-11-13 12:27:45.298316,0 days 00:00:00.800859,75.52956205440319,1.5588002961473033,0.16226488848234907,Au,COMPLETE
993,-41.6666666666471,2025-11-13 12:27:44.878487,2025-11-13 12:27:45.574788,0 days 00:00:00.696301,82.82403372584184,0.8791727919267018,0.10065614632536261,Ag,COMPLETE
994,-9.17288557213863,2025-11-13 12:27:45.233159,2025-11-13 12:27:45.512207,0 days 00:00:00.279048,26.180143914467457,17.336627471735536,0.1001150115138004,Ag,COMPLETE
995,-36.6666666666521,2025-11-13 12:27:45.254734,2025-11-13 12:27:45.773903,0 days 00:00:00.519169,69.0294763635199,0.8950703809010538,1.7905443967286327,Ag,COMPLETE
996,-51.47058823526383,2025-11-13 12:27:45.313641,2025-11-13 12:27:45.974673,0 days 00:00:00.661032,69.07717628106028,0.8686563019182237,0.19555577061127902,Ag,COMPLETE
997,-14.860139860137824,2025-11-13 12:27:45.429503,2025-11-13 12:27:46.133481,0 days 00:00:00.703978,69.3727502139687,0.8852559119474804,0.19395579381438174,Cu,COMPLETE
998,-48.6111111110841,2025-11-13 12:27:45.466017,2025-11-13 12:27:46.215321,0 days 00:00:00.749304,61.90734277552589,0.8798337940764941,0.1916606190550325,Ag,COMPLETE
999,-14.964788732392295,2025-11-13 12:27:45.657731,2025-11-13 12:27:46.279052,0 days 00:00:00.621321,69.20396109496942,0.8839141612220394,0.1873430263282686,Cu,COMPLETE
1000,-50.245098039186,2025-11-13 12:27:45.727010,2025-11-13 12:27:46.532125,0 days 00:00:00.805115,64.2590340255276,0.5144225409517865,0.1535460607835336,Ag,COMPLETE
1001,-35.37735849055267,2025-11-13 12:27:45.875236,2025-11-13 12:27:46.672617,0 days 00:00:00.797381,70.47116008566834,1.163736934833232,1.945428243231326,Ag,COMPLETE
1002,-49.99999999997149,2025-11-13 12:27:45.996566,2025-11-13 12:27:46.747118,0 days 00:00:00.750552,71.11711973328481,1.1822379624257409,0.14281056032192813,Ag,COMPLETE
1003,-50.245098039186,2025-11-13 12:27:46.162335,2025-11-13 12:27:46.735426,0 days 00:00:00.573091,63.65917276662631,0.5110709352299494,0.15046489484225112,Ag,COMPLETE
1004,-48.6111111110841,2025-11-13 12:27:46.453477,2025-11-13 12:27:47.325148,0 days 00:00:00.871671,67.5126028054272,1.1540473214904603,0.2713009173732465,Ag,COMPLETE
1005,-48.6111111110841,2025-11-13 12:27:46.640919,2025-11-13 12:27:47.376794,0 days 00:00:00.735875,66.65865504285928,1.1705126029610085,0.2545523158279471,Ag,COMPLETE
1006,-51.190476190446915,2025-11-13 12:27:46.688534,2025-11-13 12:27:47.392438,0 days 00:00:00.703904,67.899387802409,1.1201177021624051,0.26223785335632566,Ag,COMPLETE
1007,-38.52201257860204,2025-11-13 12:27:46.796312,2025-11-13 12:27:47.486684,0 days 00:00:00.690372,67.61953676970536,5.881946327534077,0.25366774949419085,Ag,COMPLETE
1008,-31.124497991960414,2025-11-13 12:27:46.885201,2025-11-13 12:27:47.714300,0 days 00:00:00.829099,67.30878828027217,10.197856065277794,0.25850752024961066,Ag,COMPLETE
1009,-42.68292682924754,2025-11-13 12:27:47.112260,2025-11-13 12:27:48.033993,0 days 00:00:00.921733,71.32122259057772,0.5165713635136764,1.0840197158545062,Ag,COMPLETE
1010,-50.245098039186,2025-11-13 12:27:47.263416,2025-11-13 12:27:47.889599,0 days 00:00:00.626183,70.7546685004435,0.5138274170948267,0.13895259216883776,Ag,COMPLETE
1011,-49.99999999997149,2025-11-13 12:27:47.455434,2025-11-13 12:27:48.135188,0 days 00:00:00.679754,62.521498434222295,0.8651943632265071,0.13344958743721352,Ag,COMPLETE
1012,-49.99999999997132,2025-11-13 12:27:47.549175,2025-11-13 12:27:48.430611,0 days 00:00:00.881436,62.048966684110745,0.5068543254898057,0.20138345714480366,Ag,COMPLETE
1013,-48.80952380949574,2025-11-13 12:27:47.712286,2025-11-13 12:27:48.387938,0 days 00:00:00.675652,61.90788384951983,0.5046170470731424,0.2073412975147944,Ag,COMPLETE
1014,-0.8928571428571173,2025-11-13 12:27:47.748922,2025-11-13 12:27:48.303041,0 days 00:00:00.554119,22.8580265148059,15.325826285938856,0.20757653684345867,Ag,COMPLETE
1015,-49.76851851849095,2025-11-13 12:27:47.952903,2025-11-13 12:27:48.729328,0 days 00:00:00.776425,64.95277350133391,1.4679271675309127,0.19788054446869288,Ag,COMPLETE
1016,-47.00854700852281,2025-11-13 12:27:48.036067,2025-11-13 12:27:48.764114,0 days 00:00:00.728047,65.50985347026301,2.6498331849721195,0.10008591900851757,Ag,COMPLETE
1017,-49.99999999997132,2025-11-13 12:27:48.518151,2025-11-13 12:27:49.370382,0 days 00:00:00.852231,72.262898849713,0.8901966615188884,0.1539699551818703,Ag,COMPLETE
1018,-50.245098039186,2025-11-13 12:27:48.614302,2025-11-13 12:27:49.320475,0 days 00:00:00.706173,70.09618137747177,0.8717333986220528,0.15738378431718145,Ag,COMPLETE
1019,-47.297297297271975,2025-11-13 12:27:48.665043,2025-11-13 12:27:49.289225,0 days 00:00:00.624182,77.60248291310353,0.8474981864678299,0.15780963278483026,Ag,COMPLETE
1020,-47.29729729727182,2025-11-13 12:27:48.502481,2025-11-13 12:27:49.928769,0 days 00:00:01.426288,78.00901149491064,0.8942115192432252,0.15973563538859145,Ag,COMPLETE
1021,-51.4705882352638,2025-11-13 12:27:48.468148,2025-11-13 12:27:49.383956,0 days 00:00:00.915808,71.92291024269868,0.8400094140883154,0.15813665207468272,Ag,COMPLETE
1022,-51.47058823526383,2025-11-13 12:27:48.766111,2025-11-13 12:27:49.273600,0 days 00:00:00.507489,69.32297154323153,0.9548955147623871,0.15594583665046266,Ag,COMPLETE
1023,-43.74999999997827,2025-11-13 12:27:49.041293,2025-11-13 12:27:49.931105,0 days 00:00:00.889812,78.43160241659496,1.4659540116962715,0.1392798384725105,Ag,COMPLETE
1024,-49.99999999997132,2025-11-13 12:27:49.242357,2025-11-13 12:27:50.076424,0 days 00:00:00.834067,66.15387997082401,1.508426700797375,0.13321309617873717,Ag,COMPLETE
1025,-49.76851851849059,2025-11-13 12:27:49.478553,2025-11-13 12:27:50.751963,0 days 00:00:01.273410,68.68773817547816,1.257700439828179,0.22541252171336426,Ag,COMPLETE
1026,-1.464435146443485,2025-11-13 12:27:49.870664,2025-11-13 12:27:50.830350,0 days 00:00:00.959686,105.99817745279765,1.2454033373315814,0.2224057984089606,Ag,COMPLETE
1027,22.003745318351733,2025-11-13 12:27:49.931105,2025-11-13 12:27:50.751963,0 days 00:00:00.820858,64.03412008449943,18.651623715336445,0.10082077229153456,Ag,COMPLETE
1028,-43.69918699184875,2025-11-13 12:27:50.050933,2025-11-13 12:27:51.234371,0 days 00:00:01.183438,64.03766945995902,1.8146432479367163,0.5430588078492589,Ag,COMPLETE
1029,-49.76851851849059,2025-11-13 12:27:50.127512,2025-11-13 12:27:50.924100,0 days 00:00:00.796588,68.49210541995805,1.261052655022618,0.2224792417347567,Ag,COMPLETE
1030,-50.24509803918605,2025-11-13 12:27:50.162747,2025-11-13 12:27:51.000842,0 days 00:00:00.838095,68.37369466329865,0.5066415851134876,0.22910557002350435,Ag,COMPLETE
1031,-47.149122806992466,2025-11-13 12:27:50.371522,2025-11-13 12:27:51.233154,0 days 00:00:00.861632,66.36619264506955,1.1952344103849515,0.5363130513198328,Ag,COMPLETE
1032,-48.42342342339707,2025-11-13 12:27:50.705088,2025-11-13 12:27:51.181260,0 days 00:00:00.476172,66.0601894480585,1.9943089020406664,0.19335314383142044,Ag,COMPLETE
1033,-39.062499999983785,2025-11-13 12:27:51.012900,2025-11-13 12:27:51.857308,0 days 00:00:00.844408,59.65026886290146,3.010879392447083,0.7180063085268138,Ag,COMPLETE
1034,-49.99999999997149,2025-11-13 12:27:51.129488,2025-11-13 12:27:51.778789,0 days 00:00:00.649301,73.2126315930016,0.8611523588024643,0.10115298809514042,Ag,COMPLETE
1035,-51.4705882352638,2025-11-13 12:27:51.221369,2025-11-13 12:27:52.122810,0 days 00:00:00.901441,73.15104196445184,0.8998031380805418,0.10091816248212565,Ag,COMPLETE
1036,-14.166666666664812,2025-11-13 12:27:51.295665,2025-11-13 12:27:52.677528,0 days 00:00:01.381863,70.53548665781027,0.8405000356135044,0.35451618136918295,Cu,COMPLETE
1037,-25.839793281649754,2025-11-13 12:27:51.355519,2025-11-13 12:27:52.153965,0 days 00:00:00.798446,60.23891814502191,13.516144581316922,0.3175322626074356,Ag,COMPLETE
1038,-12.651821862347175,2025-11-13 12:27:51.526231,2025-11-13 12:27:52.404954,0 days 00:00:00.878723,70.9417736297122,8.022585382139985,0.18428770068781875,Cu,COMPLETE
1039,-0.8802816901408202,2025-11-13 12:27:51.582032,2025-11-13 12:27:52.185297,0 days 00:00:00.603265,20.237520852465252,0.7678252063936523,0.297099149186853,Cu,COMPLETE
1040,-0.8802816901408202,2025-11-13 12:27:51.694612,2025-11-13 12:27:52.185297,0 days 00:00:00.490685,20.335082470098584,0.5048786437284523,0.34050001096419713,Cu,COMPLETE
1041,-48.42342342339707,2025-11-13 12:27:52.122810,2025-11-13 12:27:52.833789,0 days 00:00:00.710979,70.99605174935425,1.6823513909020757,0.17715990074727184,Ag,COMPLETE
1042,-12.457044673538256,2025-11-13 12:27:52.295554,2025-11-13 12:27:53.065484,0 days 00:00:00.769930,34.73252260094196,12.5989664601162,0.13278599239024955,Ag,COMPLETE
1043,-19.060283687939265,2025-11-13 12:27:52.358057,2025-11-13 12:27:53.261762,0 days 00:00:00.903705,87.66427351065877,0.5175016431875962,1.3166353670419764,Ag,COMPLETE
1044,-51.76767676764536,2025-11-13 12:27:52.448557,2025-11-13 12:27:53.066404,0 days 00:00:00.617847,69.43137051464899,0.5028409537365828,0.1343610446927634,Ag,COMPLETE
1045,-48.6111111110841,2025-11-13 12:27:52.513748,2025-11-13 12:27:53.067454,0 days 00:00:00.553706,66.14084680916721,1.4808029088570396,0.13450794259134302,Ag,COMPLETE
1046,-9.339080459769033,2025-11-13 12:27:52.566077,2025-11-13 12:27:53.339996,0 days 00:00:00.773919,27.0119769302416,0.5011692901186376,0.1368521023465994,Ag,COMPLETE
1047,-15.931372549016434,2025-11-13 12:27:52.645093,2025-11-13 12:27:53.261762,0 days 00:00:00.616669,34.029812147951546,0.5066918712833068,0.13617313069476142,Ag,COMPLETE
1048,-49.99999999997149,2025-11-13 12:27:53.143492,2025-11-13 12:27:53.827696,0 days 00:00:00.684204,63.707527306484224,1.1178083924305553,0.19012089089757714,Ag,COMPLETE
1049,-48.61111111108426,2025-11-13 12:27:53.181420,2025-11-13 12:27:53.874623,0 days 00:00:00.693203,63.44318759278127,1.139757407640642,0.18481072421257963,Ag,COMPLETE
1050,-48.61111111108426,2025-11-13 12:27:53.308726,2025-11-13 12:27:53.890248,0 days 00:00:00.581522,64.07359812043055,1.1454181716432537,0.1909534573684412,Ag,COMPLETE
1051,16.025641025640574,2025-11-13 12:27:53.355633,2025-11-13 12:27:53.890248,0 days 00:00:00.534615,23.965735180233185,1.164616447122041,0.1887187548255594,Ag,COMPLETE
1052,-48.42342342339707,2025-11-13 12:27:53.428901,2025-11-13 12:27:54.339731,0 days 00:00:00.910830,67.54077741993764,1.6120473336378174,0.2294382207319593,Ag,COMPLETE
1053,-48.61111111108426,2025-11-13 12:27:53.544223,2025-11-13 12:27:54.418487,0 days 00:00:00.874264,63.829597813393356,1.1388432176952792,0.18701320243004682,Ag,COMPLETE
1054,-31.517094017085764,2025-11-13 12:27:53.689452,2025-11-13 12:27:54.482996,0 days 00:00:00.793544,67.83088667254191,9.703051506063153,0.2347017701807841,Ag,COMPLETE
1055,-43.74999999997827,2025-11-13 12:27:53.778897,2025-11-13 12:27:54.230870,0 days 00:00:00.451973,56.37814239151859,1.194829740208465,0.18254960624012537,Ag,COMPLETE
1056,-32.77777777776917,2025-11-13 12:27:54.261604,2025-11-13 12:27:54.602837,0 days 00:00:00.341233,68.69277735011455,9.69799833126482,0.1008433955219134,Ag,COMPLETE
1057,-48.611111111084135,2025-11-13 12:27:54.355356,2025-11-13 12:27:54.820033,0 days 00:00:00.464677,73.84068435334177,0.8227352732607076,0.2843120119138832,Ag,COMPLETE
1058,-40.71969696967866,2025-11-13 12:27:54.453961,2025-11-13 12:27:54.943974,0 days 00:00:00.490013,74.26085288145751,0.870173662254417,1.0189719200859009,Ag,COMPLETE
1059,-53.03030303027095,2025-11-13 12:27:54.308488,2025-11-13 12:27:55.021068,0 days 00:00:00.712580,72.5525874753857,0.5060920839434117,0.10018203573725575,Ag,COMPLETE
1060,-42.658730158709915,2025-11-13 12:27:54.562761,2025-11-13 12:27:55.503289,0 days 00:00:00.940528,65.81772711779767,0.500839998287187,1.2735706283055825,Ag,COMPLETE
1061,-51.4705882352638,2025-11-13 12:27:54.726322,2025-11-13 12:27:55.514431,0 days 00:00:00.788109,65.45108282144201,0.8616501587127876,0.13623284318261794,Ag,COMPLETE
1062,-6.03254769921397,2025-11-13 12:27:54.912696,2025-11-13 12:27:55.828543,0 days 00:00:00.915847,93.82934690361412,1.5096966129643514,0.12814111689739854,Ag,COMPLETE
1063,-18.74999999999738,2025-11-13 12:27:55.360546,2025-11-13 12:27:56.069547,0 days 00:00:00.709001,72.31691165579271,1.709444170649395,0.1292331997799315,Au,COMPLETE
1064,-49.76851851849098,2025-11-13 12:27:55.363730,2025-11-13 12:27:56.032992,0 days 00:00:00.669262,72.27636375570691,1.7429681753960053,0.10154755134866444,Ag,COMPLETE
1065,-0.5319148936170122,2025-11-13 12:27:55.442579,2025-11-13 12:27:56.032992,0 days 00:00:00.590413,74.67663731075143,16.95320377009699,0.1022269686753545,Au,COMPLETE
1066,-18.912529550824747,2025-11-13 12:27:55.547496,2025-11-13 12:27:56.287931,0 days 00:00:00.740435,72.20763716512977,1.7963687995404012,0.10219934218364171,Au,COMPLETE
1067,24.576822916666284,2025-11-13 12:27:55.626179,2025-11-13 12:27:56.272306,0 days 00:00:00.646127,72.06862544132325,10.792706844050844,0.10003386427432207,Au,COMPLETE
1068,-49.99999999997149,2025-11-13 12:27:55.828543,2025-11-13 12:27:56.879621,0 days 00:00:01.051078,61.339881920375205,0.8830467294082864,0.10136303518963163,Ag,COMPLETE
1069,-47.45370370367742,2025-11-13 12:27:56.032992,2025-11-13 12:27:56.848351,0 days 00:00:00.815359,77.11508645361678,0.8528280624823779,0.10066422444430852,Ag,COMPLETE
1070,-26.67682926828941,2025-11-13 12:27:56.225438,2025-11-13 12:27:57.163220,0 days 00:00:00.937782,68.13440760308627,15.803189522895892,0.15472066484913527,Ag,COMPLETE
1071,-48.8095238094959,2025-11-13 12:27:56.350817,2025-11-13 12:27:57.128994,0 days 00:00:00.778177,62.002066748668895,0.8699070255241531,0.15195947979347335,Ag,COMPLETE
1072,-51.4705882352638,2025-11-13 12:27:56.413617,2025-11-13 12:27:57.423260,0 days 00:00:01.009643,69.26069548711155,0.8547540421329243,0.1588312940823371,Ag,COMPLETE
1073,-50.245098039186,2025-11-13 12:27:56.483703,2025-11-13 12:27:57.313275,0 days 00:00:00.829572,61.539827578881535,0.5071426144986513,0.150370489650632,Ag,COMPLETE
1074,-48.8095238094959,2025-11-13 12:27:56.530167,2025-11-13 12:27:57.163220,0 days 00:00:00.633053,61.26653660748471,0.8091932455849462,0.13826023956294875,Ag,COMPLETE
1075,-45.94017094014738,2025-11-13 12:27:56.675693,2025-11-13 12:27:57.927984,0 days 00:00:01.252291,68.58130842376184,0.5084216739768591,0.9200061275381433,Ag,COMPLETE
1076,-51.19047619044695,2025-11-13 12:27:57.210097,2025-11-13 12:27:57.742372,0 days 00:00:00.532275,66.22345354979426,1.3557319126703442,0.1382774008590851,Ag,COMPLETE
1077,-43.60465116277041,2025-11-13 12:27:57.360584,2025-11-13 12:27:58.420032,0 days 00:00:01.059448,65.36716511797843,3.667998745381378,0.1639331051649466,Ag,COMPLETE
1078,-49.99999999997149,2025-11-13 12:27:57.438920,2025-11-13 12:27:58.031197,0 days 00:00:00.592277,67.01969619101276,1.2404596725286647,0.13038956951316164,Ag,COMPLETE
1079,-25.219298245609554,2025-11-13 12:27:57.485863,2025-11-13 12:27:58.094078,0 days 00:00:00.608215,80.31245057429739,11.799421325363358,0.1376177686679375,Ag,COMPLETE
1080,20.1972010178114,2025-11-13 12:27:57.564482,2025-11-13 12:27:58.420032,0 days 00:00:00.855550,70.38072266672876,17.81291810894221,0.8885551382961039,Ag,COMPLETE
1081,-33.92857142856179,2025-11-13 12:27:57.630313,2025-11-13 12:27:58.420032,0 days 00:00:00.789719,70.35747253377819,8.961492792730699,0.13109540887913151,Ag,COMPLETE
1082,-9.818007662834113,2025-11-13 12:27:57.959305,2025-11-13 12:27:58.776243,0 days 00:00:00.816938,28.89829255878811,3.5436140058061083,0.1705791065374222,Ag,COMPLETE
1083,-51.19047619044695,2025-11-13 12:27:58.189770,2025-11-13 12:27:58.838741,0 days 00:00:00.648971,67.56010041743514,1.3150864120730796,0.172389047956604,Ag,COMPLETE
1084,-51.47058823526383,2025-11-13 12:27:58.305485,2025-11-13 12:27:59.080818,0 days 00:00:00.775333,74.37781646447931,0.504591485859587,0.18039026650435017,Ag,COMPLETE
1085,-49.76851851849095,2025-11-13 12:27:58.511819,2025-11-13 12:27:59.511163,0 days 00:00:00.999344,75.26187251074951,1.2986309185934766,0.10142967652359326,Ag,COMPLETE
1086,-47.297297297271975,2025-11-13 12:27:58.641563,2025-11-13 12:27:59.864872,0 days 00:00:01.223309,75.27122839329522,1.176445537759747,0.1753865668264461,Ag,COMPLETE
1087,-47.29729729727182,2025-11-13 12:27:58.744991,2025-11-13 12:27:59.769173,0 days 00:00:01.024182,76.06327442788768,0.8664509801345859,0.21802532792264218,Ag,COMPLETE
1088,-44.79166666664434,2025-11-13 12:27:58.807495,2025-11-13 12:27:59.583725,0 days 00:00:00.776230,73.1145545128517,0.8659192219861043,0.7723393002527024,Ag,COMPLETE
1089,-48.61111111108426,2025-11-13 12:27:59.011963,2025-11-13 12:28:00.040999,0 days 00:00:01.029036,65.11338709136692,1.1168570406618945,0.23378741179114615,Ag,COMPLETE
1090,-2.700617283950543,2025-11-13 12:27:59.080818,2025-11-13 12:28:00.009663,0 days 00:00:00.928845,96.96088346483594,0.8616103580202452,0.10121265936681258,Ag,COMPLETE
1091,-48.809523809495936,2025-11-13 12:27:59.181960,2025-11-13 12:28:00.025385,0 days 00:00:00.843425,65.2444221138033,0.8803951081852063,0.23326796821047663,Ag,COMPLETE
1092,-50.24509803918621,2025-11-13 12:27:59.722732,2025-11-13 12:28:00.391784,0 days 00:00:00.669052,64.61534848289702,0.840336581271339,0.10118190312245375,Ag,COMPLETE
1093,20.671834625322678,2025-11-13 12:27:59.831603,2025-11-13 12:28:00.316850,0 days 00:00:00.485247,70.04440288883735,19.252433837874595,0.10159769315700765,Ag,COMPLETE
1094,-51.76767676764536,2025-11-13 12:27:59.962785,2025-11-13 12:28:00.686968,0 days 00:00:00.724183,69.53106661685665,0.5146083698461713,0.13477272347294114,Ag,COMPLETE
1095,-53.03030303027095,2025-11-13 12:27:59.913756,2025-11-13 12:28:01.034369,0 days 00:00:01.120613,69.54520225160779,0.5070091905736583,0.10028501833594934,Ag,COMPLETE
1096,-38.82575757573999,2025-11-13 12:28:00.119624,2025-11-13 12:28:01.613791,0 days 00:00:01.494167,50.03449503458437,0.500222758494204,0.13910788238343383,Ag,COMPLETE
1097,-51.76767676764536,2025-11-13 12:28:00.281886,2025-11-13 12:28:01.860728,0 days 00:00:01.578842,69.20565547790981,0.5095997036303345,0.13861008741846498,Ag,COMPLETE
1098,-51.76767676764536,2025-11-13 12:28:00.376163,2025-11-13 12:28:01.179912,0 days 00:00:00.803749,69.40631519841132,0.5215769716819278,0.13451583118443056,Ag,COMPLETE
1099,-37.234042553175584,2025-11-13 12:28:00.391784,2025-11-13 12:28:01.242848,0 days 00:00:00.851064,50.944034150939586,1.4950550317730709,0.1407881443549557,Ag,COMPLETE
1100,-26.9274376417197,2025-11-13 12:28:00.577615,2025-11-13 12:28:01.564028,0 days 00:00:00.986413,66.5747796072034,14.892848865322105,0.13505778967513818,Ag,COMPLETE
1101,-48.6111111110841,2025-11-13 12:28:01.175240,2025-11-13 12:28:01.708206,0 days 00:00:00.532966,66.8784362306822,1.5149271485648819,0.10024411239706416,Ag,COMPLETE
1102,-48.42342342339707,2025-11-13 12:28:01.179912,2025-11-13 12:28:01.803280,0 days 00:00:00.623368,67.1445602536121,2.0944732887236275,0.10188791459038972,Ag,COMPLETE
1103,-48.42342342339707,2025-11-13 12:28:01.282097,2025-11-13 12:28:02.037266,0 days 00:00:00.755169,67.42654760841914,2.0768773915292185,0.13053881348532287,Ag,COMPLETE
1104,-31.609195402288027,2025-11-13 12:28:01.429905,2025-11-13 12:28:02.131101,0 days 00:00:00.701196,85.95452377249791,2.3599609679885747,0.1001755681152474,Ag,COMPLETE
1105,-8.037225042300365,2025-11-13 12:28:01.645741,2025-11-13 12:28:02.347587,0 days 00:00:00.701846,25.729207952748233,1.1817794990055404,0.15645129792755308,Ag,COMPLETE
1106,-50.24509803918621,2025-11-13 12:28:01.927466,2025-11-13 12:28:02.523574,0 days 00:00:00.596108,62.85027963775477,0.5003367202861643,0.1004112302001345,Ag,COMPLETE
1107,-38.19444444442853,2025-11-13 12:28:02.099830,2025-11-13 12:28:02.555773,0 days 00:00:00.455943,63.557964876599065,1.1799346679326557,1.571639727795782,Ag,COMPLETE
1108,-15.796703296701534,2025-11-13 12:28:02.215780,2025-11-13 12:28:02.919189,0 days 00:00:00.703409,71.28309913409403,0.9100941540773302,1.8348888415773656,Au,COMPLETE
1109,-49.99999999997173,2025-11-13 12:28:02.295975,2025-11-13 12:28:02.863370,0 days 00:00:00.567395,63.89976816652772,1.0848067828683343,0.1696392813602154,Ag,COMPLETE
1110,-37.41496598637935,2025-11-13 12:28:02.435081,2025-11-13 12:28:02.888668,0 days 00:00:00.453587,62.85738372974412,1.1366536969153909,1.7215257070830374,Ag,COMPLETE
1111,-49.99999999997149,2025-11-13 12:28:02.461053,2025-11-13 12:28:02.780726,0 days 00:00:00.319673,62.66975230753129,1.1394156220414378,0.17282216522717792,Ag,COMPLETE
1112,-13.666666666664465,2025-11-25 10:23:32.987702,2025-11-25 10:24:00.630867,0 days 00:00:27.643165,32.15004303915077,1.681344404492817,0.13076337415893907,Ag,COMPLETE
1113,-51.190476190446915,2025-11-25 10:23:33.013241,2025-11-25 10:24:00.630867,0 days 00:00:27.617626,68.04373497956169,1.574015109695163,0.10035986968949753,Ag,COMPLETE
1114,-47.29729729727182,2025-11-25 10:23:32.998217,2025-11-25 10:24:00.534925,0 days 00:00:27.536708,71.99273947548198,1.6758545177642006,0.1337116401356514,Ag,COMPLETE
1115,-42.57246376809763,2025-11-25 10:23:33.072989,2025-11-25 10:24:00.664274,0 days 00:00:27.591285,71.69173585601244,4.745611799736711,0.10099211474112486,Ag,COMPLETE
1116,-49.76851851849095,2025-11-25 10:23:33.104348,2025-11-25 10:24:00.534925,0 days 00:00:27.430577,71.42088375176183,1.6149666447476787,0.13590268415248957,Ag,COMPLETE
1117,-44.871794871771776,2025-11-25 10:23:33.143863,2025-11-25 10:24:00.599138,0 days 00:00:27.455275,59.07452110665773,1.6263257281822467,0.16751345593446126,Ag,COMPLETE
1118,-48.42342342339725,2025-11-25 10:23:33.168022,2025-11-25 10:24:00.731733,0 days 00:00:27.563711,71.7614807090739,1.7950280372730973,0.16029217190099918,Ag,COMPLETE
1119,-49.76851851849095,2025-11-25 10:23:33.182826,2025-11-25 10:24:00.588127,0 days 00:00:27.405301,71.6167339981413,1.5630032881349214,0.10013456559752186,Ag,COMPLETE
1120,-15.782828282825847,2025-11-25 10:24:00.656261,2025-11-25 10:24:01.233305,0 days 00:00:00.577044,65.8433066803154,0.5027894995727356,0.20167678670757946,Cu,COMPLETE
1121,-15.782828282825847,2025-11-25 10:24:00.588127,2025-11-25 10:24:01.967451,0 days 00:00:01.379324,65.92847076797791,0.5071990626616905,0.18765677591098115,Cu,COMPLETE
1122,-19.333333333330202,2025-11-25 10:24:00.809214,2025-11-25 10:24:02.061269,0 days 00:00:01.252055,68.34728459510778,0.5018433257208147,0.1992966974834883,Au,COMPLETE
1123,-15.54726368158969,2025-11-25 10:24:00.924195,2025-11-25 10:24:01.742435,0 days 00:00:00.818240,65.30349133543993,0.8338636890924352,0.19529074085664055,Cu,COMPLETE
1124,-15.624999999997724,2025-11-25 10:24:00.946988,2025-11-25 10:24:01.968705,0 days 00:00:01.021717,66.57588440218888,0.8357961721097558,0.1985101396452724,Cu,COMPLETE
1125,-16.985138004244096,2025-11-25 10:24:00.974076,2025-11-25 10:24:02.124885,0 days 00:00:01.150809,68.79949743616794,0.8631126085825718,1.1629670609475347,Au,COMPLETE
1126,-19.37984496123722,2025-11-25 10:24:01.073367,2025-11-25 10:24:01.905051,0 days 00:00:00.831684,68.40239835579924,0.8521159938813497,0.19549840547340247,Au,COMPLETE
1127,-51.4705882352638,2025-11-25 10:24:01.041502,2025-11-25 10:24:02.604374,0 days 00:00:01.562872,68.75822390263829,0.8666373225238693,0.14873012262934426,Ag,COMPLETE
1128,-0.8234519104084191,2025-11-25 10:24:01.805434,2025-11-25 10:24:02.725867,0 days 00:00:00.920433,73.64756527420589,19.995691564303804,0.15785316444551628,Ag,COMPLETE
1129,-1.1134552273792424,2025-11-25 10:24:01.968705,2025-11-25 10:24:02.568133,0 days 00:00:00.599428,22.622014645795193,1.208278917660571,0.15522632440411557,Ag,COMPLETE
1130,18.640350877192702,2025-11-25 10:24:02.192139,2025-11-25 10:24:02.982214,0 days 00:00:00.790075,73.76409257628018,16.382251435252254,1.4011621024485326,Ag,COMPLETE
1131,-25.167785234896,2025-11-25 10:24:02.342850,2025-11-25 10:24:03.056069,0 days 00:00:00.713219,74.41625803524559,14.275145409353458,0.2530514743449981,Ag,COMPLETE
1132,-49.76851851849059,2025-11-25 10:24:02.445567,2025-11-25 10:24:03.086986,0 days 00:00:00.641419,73.67205896800225,1.1980577356043944,0.26160997492775867,Ag,COMPLETE
1133,-51.76767676764536,2025-11-25 10:24:02.514061,2025-11-25 10:24:03.208726,0 days 00:00:00.694665,64.71426369789401,0.5072085079335557,0.13333543434804496,Ag,COMPLETE
1134,-48.61111111108426,2025-11-25 10:24:02.612683,2025-11-25 10:24:03.724406,0 days 00:00:01.111723,60.35470297125918,0.8466188552134619,0.1372611704271076,Ag,COMPLETE
1135,-51.76767676764536,2025-11-25 10:24:02.923678,2025-11-25 10:24:03.745361,0 days 00:00:00.821683,64.54991407593802,0.5029449893034401,0.13316824039560798,Ag,COMPLETE
1136,-34.39153439152359,2025-11-25 10:24:02.995269,2025-11-25 10:24:03.767758,0 days 00:00:00.772489,60.076439334028585,7.5822334101731865,0.16740893197555948,Ag,COMPLETE
1137,-51.4705882352638,2025-11-25 10:24:03.155662,2025-11-25 10:24:03.948399,0 days 00:00:00.792737,70.1247745414703,0.8813224569210651,0.1355584904007918,Ag,COMPLETE
1138,-51.4705882352638,2025-11-25 10:24:03.325087,2025-11-25 10:24:03.948399,0 days 00:00:00.623312,69.50059916870423,1.1764153969366495,0.16346231552307944,Ag,COMPLETE
1139,-36.05769230767859,2025-11-25 10:24:03.413751,2025-11-25 10:24:04.320576,0 days 00:00:00.906825,69.88725551108044,1.2350618002557918,1.9085492576476302,Ag,COMPLETE
1140,-49.76851851849059,2025-11-25 10:24:03.529895,2025-11-25 10:24:04.388154,0 days 00:00:00.858259,67.00103660804713,1.2473110961925902,0.23043347861455787,Ag,COMPLETE
1141,-49.99999999997116,2025-11-25 10:24:03.647966,2025-11-25 10:24:04.549045,0 days 00:00:00.901079,66.89869668782929,1.3262737044554114,0.21305126376559988,Ag,COMPLETE
1142,-49.99999999997132,2025-11-25 10:24:04.059313,2025-11-25 10:24:04.949682,0 days 00:00:00.890369,66.89358911571718,0.8465294826470942,0.20795613633601082,Ag,COMPLETE
1143,-50.24509803918621,2025-11-25 10:24:04.150496,2025-11-25 10:24:05.054919,0 days 00:00:00.904423,67.48509352839768,0.8547808344488976,0.10110226444795357,Ag,COMPLETE
1144,-1.4320785597381105,2025-11-25 10:24:04.237656,2025-11-25 10:24:05.385084,0 days 00:00:01.147428,113.55923705057539,0.5018292159683573,0.2843986564077279,Ag,COMPLETE
1145,-50.24509803918605,2025-11-25 10:24:04.345053,2025-11-25 10:24:05.297533,0 days 00:00:00.952480,66.73126017763343,0.5029190758856723,0.21946356852038026,Ag,COMPLETE
1146,-20.576131687237737,2025-11-25 10:24:04.406705,2025-11-25 10:24:05.989391,0 days 00:00:01.582686,37.347205638783684,0.5078148024291108,0.1007377218866729,Ag,COMPLETE
1147,-50.24509803918621,2025-11-25 10:24:04.670409,2025-11-25 10:24:05.722772,0 days 00:00:01.052363,62.57288237760156,0.8433148439498037,0.1003467280824408,Ag,COMPLETE
1148,-43.74999999997812,2025-11-25 10:24:04.873803,2025-11-25 10:24:05.986781,0 days 00:00:01.112978,76.75804791740781,0.8805510712940923,0.4943894123464073,Ag,COMPLETE
1149,-23.972602739719356,2025-11-25 10:24:04.993283,2025-11-25 10:24:06.292321,0 days 00:00:01.299038,41.09292646463912,1.9757946239204962,0.17464939781164573,Ag,COMPLETE
1150,-30.505952380941356,2025-11-25 10:24:05.533929,2025-11-25 10:24:06.418206,0 days 00:00:00.884277,44.98804437655721,0.8659262783196197,0.17107883800383306,Ag,COMPLETE
1151,-23.7268518518453,2025-11-25 10:24:05.666807,2025-11-25 10:24:06.476812,0 days 00:00:00.810005,40.70641446445853,1.3704637547547232,0.16775837088659912,Ag,COMPLETE
1152,-47.149122806992466,2025-11-25 10:24:05.796870,2025-11-25 10:24:06.296483,0 days 00:00:00.499613,64.47448658486839,1.997255871059987,0.1701495502880887,Ag,COMPLETE
1153,78.39506172839273,2026-04-07 11:30:05.086087,2026-04-07 11:30:09.215564,0 days 00:00:04.129477,36.88124406749993,14.315793608185585,1.4834869547050415,Au,PRUNED
1154,-1.0,2026-04-07 11:30:05.093680,2026-04-07 11:30:05.510783,0 days 00:00:00.417103,26.448802653683938,15.883532708411373,1.424234261399158,Au,COMPLETE
1155,-1.0,2026-04-07 11:30:05.089591,2026-04-07 11:30:05.521692,0 days 00:00:00.432101,35.44130600420503,8.616878889828655,1.534812268345209,Au,COMPLETE
1156,3.858024691357739,2026-04-07 11:30:05.143117,2026-04-07 11:30:08.819455,0 days 00:00:03.676338,38.229844981799125,12.888837712388629,1.2812091839070734,Au,COMPLETE
1157,-1.0,2026-04-07 11:30:05.160628,2026-04-07 11:30:05.505067,0 days 00:00:00.344439,31.17863522343757,9.871527253285645,1.7236652563862376,Au,COMPLETE
1158,-1.0,2026-04-07 11:30:05.176003,2026-04-07 11:30:05.517608,0 days 00:00:00.341605,27.396632332375873,8.429309637834066,1.3504778391372265,Au,COMPLETE
1159,-11.081560283687162,2026-04-07 11:30:05.211724,2026-04-07 11:30:09.076649,0 days 00:00:03.864925,35.429810034745955,12.156333534947288,0.1906551774148133,Cu,COMPLETE
1160,-31.249999999990234,2026-04-07 11:30:05.223266,2026-04-07 11:30:09.009215,0 days 00:00:03.785949,81.40285849124129,5.476187853890432,0.28243066131252936,Ag,COMPLETE
1161,0.0,2026-04-07 11:30:05.569976,2026-04-07 11:30:09.136826,0 days 00:00:03.566850,42.79099748716325,16.344241100538405,1.8327861909062229,Au,COMPLETE
1162,-2.385124610591841,2026-04-07 11:30:05.585687,2026-04-07 11:30:09.075144,0 days 00:00:03.489457,98.02075804045025,5.08711127345296,0.7623150624465812,Ag,COMPLETE
1163,-9.803921568626775,2026-04-07 11:30:05.596363,2026-04-07 11:30:09.043869,0 days 00:00:03.447506,25.22008465813177,13.012310820361744,1.6057429376159893,Au,COMPLETE
1164,-1.0,2026-04-07 11:30:05.612376,2026-04-07 11:30:05.774281,0 days 00:00:00.161905,92.44779686748284,3.949084057981321,0.5670071926141348,Ag,COMPLETE
1165,-32.05128205127199,2026-04-07 11:30:05.785288,2026-04-07 11:30:09.075144,0 days 00:00:03.289856,53.74377638775988,5.894981425678637,0.5027335112556273,Ag,COMPLETE
1166,-6.696428571428093,2026-04-07 11:30:08.953131,2026-04-07 11:30:09.340411,0 days 00:00:00.387280,29.969988053905567,2.914491401884254,1.3511495969639786,Cu,PRUNED
1167,-2.0746887966804635,2026-04-07 11:30:09.135337,2026-04-07 11:30:09.708945,0 days 00:00:00.573608,85.84475200056428,5.11743181177273,0.674991865388933,Cu,PRUNED
1168,-29.166666666662483,2026-04-07 11:30:09.137827,2026-04-07 11:30:09.905966,0 days 00:00:00.768139,30.8125724518783,19.65057698146333,0.2925855829621875,Ag,COMPLETE
1169,-1.0,2026-04-07 11:30:09.290575,2026-04-07 11:30:09.744301,0 days 00:00:00.453726,51.51578838319509,10.254021382016669,1.92978170886777,Au,COMPLETE
1170,-1.0,2026-04-07 11:30:09.370668,2026-04-07 11:30:09.787727,0 days 00:00:00.417059,68.95812558138628,4.785737808044161,0.6223882811930823,Ag,COMPLETE
1171,-2.5510204081632235,2026-04-07 11:30:09.387397,2026-04-07 11:30:09.815197,0 days 00:00:00.427800,97.2885447471539,11.24168635348426,1.101702678191702,Ag,PRUNED
1172,-1.0,2026-04-07 11:30:09.404165,2026-04-07 11:30:09.812669,0 days 00:00:00.408504,89.0260523625462,5.946198820906612,0.37621984753652415,Ag,COMPLETE
1173,-1.0,2026-04-07 11:30:09.457900,2026-04-07 11:30:09.848302,0 days 00:00:00.390402,71.286339814348,6.160386804717466,0.53325799760777,Ag,COMPLETE
1174,-1.0,2026-04-07 11:30:09.500643,2026-04-07 11:30:10.089122,0 days 00:00:00.588479,25.313453094768068,19.56276222453768,0.20362858058946892,Cu,COMPLETE
1175,-1.0,2026-04-07 11:30:09.867735,2026-04-07 11:30:10.487630,0 days 00:00:00.619895,29.564766646174512,18.76073384387621,1.072264847186489,Au,COMPLETE
1176,0.0,2026-04-07 11:30:09.945116,2026-04-07 11:30:10.492267,0 days 00:00:00.547151,24.992223320593613,16.71799759664147,1.9413140548747232,Au,PRUNED
1177,-30.128205128195845,2026-04-07 11:30:09.908723,2026-04-07 11:30:10.445121,0 days 00:00:00.536398,50.08230046289405,4.896229751292567,0.4196966685217337,Ag,COMPLETE
1178,0.0,2026-04-07 11:30:09.982221,2026-04-07 11:30:11.019386,0 days 00:00:01.037165,119.56398681154442,17.780187901419914,1.167184755767692,Ag,PRUNED
1179,0.0,2026-04-07 11:30:10.026025,2026-04-07 11:30:10.559030,0 days 00:00:00.533005,21.754590591764135,15.184783710600843,1.5786438323953917,Au,PRUNED
1180,-0.5144032921810615,2026-04-07 11:30:10.036390,2026-04-07 11:30:10.784205,0 days 00:00:00.747815,97.17405672906408,9.181213770726231,1.8336197689578793,Au,PRUNED
1181,-0.5186721991701159,2026-04-07 11:30:10.131971,2026-04-07 11:30:10.831067,0 days 00:00:00.699096,108.82250416469398,16.92190458288944,0.32623125119282115,Au,PRUNED
1182,-16.29629629629485,2026-04-07 11:30:10.218882,2026-04-07 11:30:11.004332,0 days 00:00:00.785450,62.068493464742154,5.552825237878456,0.8777380449169562,Au,COMPLETE
1183,-6.2499999999995834,2026-04-07 11:30:10.605364,2026-04-07 11:30:11.264865,0 days 00:00:00.659501,28.70523994226044,2.0501181289452672,0.9854836475062053,Au,PRUNED
1184,-1.0,2026-04-07 11:30:10.593959,2026-04-07 11:30:11.204613,0 days 00:00:00.610654,37.39321380098176,12.197036601992217,1.9435825655996029,Au,COMPLETE
1185,-1.0,2026-04-07 11:30:10.653382,2026-04-07 11:30:11.123862,0 days 00:00:00.470480,23.071129976948903,11.203771908987084,1.2488272589438763,Au,COMPLETE
1186,-1.0,2026-04-07 11:30:10.868959,2026-04-07 11:30:11.342416,0 days 00:00:00.473457,25.392760848000734,15.946082897783478,0.5830783314190545,Ag,COMPLETE
1187,-1.0,2026-04-07 11:30:10.892122,2026-04-07 11:30:11.531126,0 days 00:00:00.639004,58.20092932403469,5.5570722491514495,0.3795101437567775,Ag,COMPLETE
1188,-37.808641975294485,2026-04-07 11:30:10.924312,2026-04-07 11:30:11.417382,0 days 00:00:00.493070,67.58818749680319,5.3765374729993365,0.526966733079144,Ag,COMPLETE
1189,-22.97008547007954,2026-04-07 11:30:11.079542,2026-04-07 11:30:11.739193,0 days 00:00:00.659651,88.5623674463851,1.0174038314531968,0.48472977395619055,Ag,COMPLETE
1190,-1.0,2026-04-07 11:30:11.139856,2026-04-07 11:30:11.516306,0 days 00:00:00.376450,51.171571414346715,5.922862833928546,1.3069564047827966,Cu,COMPLETE
1191,-7.911392405062891,2026-04-07 11:30:11.202606,2026-04-07 11:30:11.736215,0 days 00:00:00.533609,76.0614909927209,7.79482446060498,1.032188987975582,Cu,PRUNED
1192,-1.0,2026-04-07 11:30:11.344414,2026-04-07 11:30:11.844307,0 days 00:00:00.499893,21.83281828070345,7.472670240197873,0.9215734976793776,Ag,COMPLETE
1193,-20.03968253968066,2026-04-07 11:30:11.481305,2026-04-07 11:30:12.027504,0 days 00:00:00.546199,35.517228504934025,18.23608630408692,0.12543522246623615,Ag,COMPLETE
1194,-0.666666666666656,2026-04-07 11:30:11.517964,2026-04-07 11:30:12.023983,0 days 00:00:00.506019,84.11472300198135,12.536706243014242,1.2746642151557135,Cu,PRUNED
1195,2.5510204081632235,2026-04-07 11:30:11.580240,2026-04-07 11:30:12.076551,0 days 00:00:00.496311,96.45922796653136,18.701260907538586,1.1588283871120457,Cu,PRUNED
1196,-30.172413793093217,2026-04-07 11:30:11.661247,2026-04-07 11:30:12.192049,0 days 00:00:00.530802,46.78979146682718,1.2465981707589946,0.6774518347729295,Ag,COMPLETE
1197,-1.0,2026-04-07 11:30:11.686051,2026-04-07 11:30:12.240672,0 days 00:00:00.554621,27.91315870342747,16.42281648147641,0.3838324413279003,Ag,COMPLETE
1198,-1.0,2026-04-07 11:30:11.804157,2026-04-07 11:30:12.290231,0 days 00:00:00.486074,56.00767031108853,2.0136104909524075,0.6116181253972349,Ag,COMPLETE
1199,-14.9999999999976,2026-04-07 11:30:11.908691,2026-04-07 11:30:12.661485,0 days 00:00:00.752794,90.7641581179944,0.7469777699268221,0.5167661223786557,Ag,PRUNED
1200,-36.76470588233863,2026-04-07 11:30:12.104312,2026-04-07 11:30:12.877256,0 days 00:00:00.772944,55.77317219700828,3.6080342375904246,0.47606861935080524,Ag,COMPLETE
1201,-0.8680555555555314,2026-04-07 11:30:12.117997,2026-04-07 11:30:12.487648,0 days 00:00:00.369651,54.3125635053819,15.912585068834115,0.5450441476103196,Au,PRUNED
1202,-3.7878787878786353,2026-04-07 11:30:12.132782,2026-04-07 11:30:12.660428,0 days 00:00:00.527646,94.41778930549009,3.221557957808036,0.417668593592033,Ag,PRUNED
1203,-1.0,2026-04-07 11:30:12.169242,2026-04-07 11:30:12.691441,0 days 00:00:00.522199,26.777935113676975,11.754287617162932,1.6296907730003352,Cu,COMPLETE
1204,-36.45833333331814,2026-04-07 11:30:12.357915,2026-04-07 11:30:12.849937,0 days 00:00:00.492022,52.212484305210545,1.6270845007165977,0.5875260040621004,Ag,COMPLETE
1205,-1.0,2026-04-07 11:30:12.339055,2026-04-07 11:30:12.863722,0 days 00:00:00.524667,75.28588837820317,5.126715163274295,1.7542064376636963,Cu,COMPLETE
1206,-1.0,2026-04-07 11:30:12.417001,2026-04-07 11:30:12.831625,0 days 00:00:00.414624,40.18308381132891,18.261738644055804,1.2414616813057198,Cu,COMPLETE
1207,-1.0,2026-04-07 11:30:12.525680,2026-04-07 11:30:13.128058,0 days 00:00:00.602378,40.2312955184872,6.721787657480391,0.3312230685242694,Cu,COMPLETE
1208,-1.0,2026-04-07 11:30:12.779336,2026-04-07 11:30:13.181048,0 days 00:00:00.401712,47.693478714772496,0.7459284448117451,0.6510780785279909,Cu,COMPLETE
1209,-1.0,2026-04-07 11:30:12.808787,2026-04-07 11:30:13.204486,0 days 00:00:00.395699,49.775414457252445,1.1277451909025764,0.689527765176633,Au,COMPLETE
1210,-9.615384615383629,2026-04-07 11:30:12.894191,2026-04-07 11:30:13.299488,0 days 00:00:00.405297,92.35938405242426,6.004388827605563,0.16916757218399964,Ag,PRUNED
1211,-1.0,2026-04-07 11:30:12.969119,2026-04-07 11:30:13.354268,0 days 00:00:00.385149,51.70254516291153,5.0455830562133075,0.4239079858980055,Ag,COMPLETE
1212,-32.63888888887806,2026-04-07 11:30:12.989904,2026-04-07 11:30:13.590046,0 days 00:00:00.600142,80.38389795168335,4.650183670484178,0.44969332892647307,Ag,COMPLETE
1213,-1.0,2026-04-07 11:30:13.005820,2026-04-07 11:30:13.543293,0 days 00:00:00.537473,52.436610996447584,5.18208772986944,0.4424848501494456,Ag,COMPLETE
1214,-6.172839506171925,2026-04-07 11:30:13.027409,2026-04-07 11:30:13.565444,0 days 00:00:00.538035,22.950089923185356,19.71342003010811,0.32846278793724903,Au,PRUNED
1215,-18.74999999999625,2026-04-07 11:30:13.263693,2026-04-07 11:30:13.947858,0 days 00:00:00.684165,89.53710076732537,0.652627681039074,0.6192291130140938,Ag,PRUNED
1216,-9.027777777777175,2026-04-07 11:30:13.324882,2026-04-07 11:30:13.816709,0 days 00:00:00.491827,25.575152854301116,15.606351975269819,0.432604762062228,Cu,PRUNED
1217,-1.0,2026-04-07 11:30:13.355274,2026-04-07 11:30:13.853219,0 days 00:00:00.497945,98.33753513809935,1.30112667994105,0.12258251804015485,Cu,COMPLETE
1218,-36.94968553457724,2026-04-07 11:30:13.385005,2026-04-07 11:30:14.039136,0 days 00:00:00.654131,74.46910997921258,4.394996747019542,0.5702637722678725,Ag,COMPLETE
1219,-9.615384615383629,2026-04-07 11:30:13.592615,2026-04-07 11:30:14.178961,0 days 00:00:00.586346,92.61688056848814,0.9026391599123662,0.45997488619303645,Ag,PRUNED
1220,-31.073446327673043,2026-04-07 11:30:13.638795,2026-04-07 11:30:14.195442,0 days 00:00:00.556647,48.61745376495965,2.899664716251215,0.46402291259233147,Ag,COMPLETE
1221,-20.833333333328703,2026-04-07 11:30:13.684415,2026-04-07 11:30:14.364005,0 days 00:00:00.679590,42.76327601780355,4.843904524125601,0.11793403764198192,Ag,PRUNED
1222,-33.89830508473423,2026-04-07 11:30:13.703347,2026-04-07 11:30:14.481606,0 days 00:00:00.778259,80.25610970015242,4.412886408502489,0.5154260614098423,Ag,COMPLETE
1223,-1.0,2026-04-07 11:30:13.889061,2026-04-07 11:30:14.362503,0 days 00:00:00.473442,92.58914239265236,3.986105868154314,0.12446528820959751,Ag,COMPLETE
1224,-0.8992805755395424,2026-04-07 11:30:13.948856,2026-04-07 11:30:14.677861,0 days 00:00:00.729005,22.20738354831066,19.080290785971,0.44581603134925274,Ag,PRUNED
1225,-12.731481481480067,2026-04-07 11:30:14.056800,2026-04-07 11:30:14.693427,0 days 00:00:00.636627,29.47724327672929,12.841918728877163,1.644210137763588,Au,PRUNED
1226,-33.045977011482776,2026-04-07 11:30:14.144213,2026-04-07 11:30:14.848665,0 days 00:00:00.704452,51.56221963355901,4.582393679978425,0.17403569681255157,Ag,COMPLETE
1227,-43.69918699184875,2026-04-07 11:30:14.309874,2026-04-07 11:30:14.828233,0 days 00:00:00.518359,58.533658752533604,1.0871521788074738,0.5949316286261698,Ag,COMPLETE
1228,0.0,2026-04-07 11:30:14.442449,2026-04-07 11:30:15.040580,0 days 00:00:00.598131,21.207660054080144,13.302682008730745,1.6064753228755482,Au,PRUNED
1229,-13.071895424835576,2026-04-07 11:30:14.485081,2026-04-07 11:30:14.974808,0 days 00:00:00.489727,45.114266197080376,7.2701212918462215,0.3771070518363907,Au,PRUNED
1230,-1.0,2026-04-07 11:30:14.529980,2026-04-07 11:30:15.005859,0 days 00:00:00.475879,90.23474109051153,4.991477818935086,0.2185622994127234,Ag,COMPLETE
1231,-1.0,2026-04-07 11:30:14.608295,2026-04-07 11:30:15.006860,0 days 00:00:00.398565,78.63466435589065,2.524777369902691,0.5922327179012408,Ag,COMPLETE
1232,-1.0,2026-04-07 11:30:14.743035,2026-04-07 11:30:15.251075,0 days 00:00:00.508040,78.7846381216076,4.708957743145103,0.452747672789813,Ag,COMPLETE
1233,-0.504032258064508,2026-04-07 11:30:14.767456,2026-04-07 11:30:15.365784,0 days 00:00:00.598328,61.20366556442719,12.139644779464588,0.8135587537809896,Au,PRUNED
1234,-0.6915629322268211,2026-04-07 11:30:15.032467,2026-04-07 11:30:15.574652,0 days 00:00:00.542185,89.9982442202151,12.156907496708623,1.2940957254521468,Au,PRUNED
1235,-1.0,2026-04-07 11:30:15.100507,2026-04-07 11:30:15.412398,0 days 00:00:00.311891,33.858209787924146,16.552582803752465,0.1149267151785781,Ag,COMPLETE
1236,-1.9257703081232167,2026-04-07 11:30:15.118705,2026-04-07 11:30:15.804496,0 days 00:00:00.685791,96.57765281556152,1.7449531088569614,0.6200042235267601,Cu,PRUNED
1237,-1.0,2026-04-07 11:30:15.145735,2026-04-07 11:30:15.613184,0 days 00:00:00.467449,51.24749910171217,0.8535495018446734,0.6147327058072671,Ag,COMPLETE
1238,-37.03703703702322,2026-04-07 11:30:15.173978,2026-04-07 11:30:15.772413,0 days 00:00:00.598435,59.95776951705161,5.100907174870432,0.3785386654832253,Ag,COMPLETE
1239,-1.0,2026-04-07 11:30:15.201472,2026-04-07 11:30:15.770401,0 days 00:00:00.568929,50.577602865389224,4.16455611929578,0.22768921774510448,Ag,COMPLETE
1240,-1.0,2026-04-07 11:30:15.458165,2026-04-07 11:30:15.988600,0 days 00:00:00.530435,82.33332706193055,5.96855099258466,0.10696100568972496,Ag,COMPLETE
1241,-27.77777777777037,2026-04-07 11:30:15.504896,2026-04-07 11:30:16.027252,0 days 00:00:00.522356,84.21963011572205,5.170943991678466,0.265104572528757,Ag,PRUNED
1242,-1.0,2026-04-07 11:30:15.662601,2026-04-07 11:30:16.169643,0 days 00:00:00.507042,50.656758722964774,1.2803208207277432,0.5649562754507709,Ag,COMPLETE
1243,-35.13071895423448,2026-04-07 11:30:15.712773,2026-04-07 11:30:16.302573,0 days 00:00:00.589800,50.01239912894594,1.490780212594725,0.5737531608991077,Ag,COMPLETE
1244,-1.0,2026-04-07 11:30:15.852350,2026-04-07 11:30:16.303575,0 days 00:00:00.451225,48.37089736709824,0.9393944637578022,0.4502676748357616,Ag,COMPLETE
1245,0.7861635220125193,2026-04-07 11:30:15.870904,2026-04-07 11:30:16.461262,0 days 00:00:00.590358,34.89928567688234,14.86138818506081,1.9105240223240783,Cu,PRUNED
1246,-0.8865248226950103,2026-04-07 11:30:15.913571,2026-04-07 11:30:16.462258,0 days 00:00:00.548687,20.136641320147113,14.356102593128469,0.13477403890335513,Ag,PRUNED
1247,-18.74999999999625,2026-04-07 11:30:15.966786,2026-04-07 11:30:16.719716,0 days 00:00:00.752930,89.35851195949337,2.983491375137006,0.4031923006063305,Ag,PRUNED
1248,11.880856760374643,2026-04-07 11:30:16.098855,2026-04-07 11:30:16.589518,0 days 00:00:00.490663,110.6978652423744,3.6649234212067068,0.7792299915505946,Au,PRUNED
1249,-1.0,2026-04-07 11:30:16.114566,2026-04-07 11:30:16.761162,0 days 00:00:00.646596,63.323226147206135,2.7832778396463107,0.5682374803870133,Ag,COMPLETE
1250,-40.798611111094175,2026-04-07 11:30:16.364488,2026-04-07 11:30:17.186943,0 days 00:00:00.822455,71.40717516120135,3.589797670234081,0.5975516626978593,Ag,COMPLETE
1251,-1.0,2026-04-07 11:30:16.505024,2026-04-07 11:30:17.002235,0 days 00:00:00.497211,84.2274465143257,2.833529921500302,0.4563721920518529,Ag,COMPLETE
1252,-30.303030303021146,2026-04-07 11:30:16.524494,2026-04-07 11:30:17.203713,0 days 00:00:00.679219,83.72219508573117,5.1277689724976785,0.18047626297019054,Ag,COMPLETE
1253,-1.0,2026-04-07 11:30:16.560284,2026-04-07 11:30:17.000228,0 days 00:00:00.439944,84.8552997366732,4.887711116939274,0.1215695217095992,Ag,COMPLETE
1254,-1.0,2026-04-07 11:30:16.640289,2026-04-07 11:30:17.186386,0 days 00:00:00.546097,86.70597760150127,4.398492668300591,0.25805558922191646,Ag,COMPLETE
1255,-43.65079365077301,2026-04-07 11:30:16.682616,2026-04-07 11:30:17.203713,0 days 00:00:00.521097,77.25687230739419,1.3634156119323189,0.5908737666284807,Ag,COMPLETE
1256,-33.192090395469144,2026-04-07 11:30:16.763668,2026-04-07 11:30:17.373798,0 days 00:00:00.610130,52.39737548088907,4.498716393937852,0.3511857994469425,Ag,COMPLETE
1257,-28.84615384614497,2026-04-07 11:30:16.870935,2026-04-07 11:30:17.405535,0 days 00:00:00.534600,46.32169409755479,3.140867458245978,0.40517553828127484,Ag,PRUNED
1258,-34.35672514618687,2026-04-07 11:30:17.118656,2026-04-07 11:30:17.718608,0 days 00:00:00.599952,55.00480064087913,5.321513190599728,0.22560985568033848,Ag,COMPLETE
1259,-1.0,2026-04-07 11:30:17.155567,2026-04-07 11:30:17.942112,0 days 00:00:00.786545,113.40274871371011,19.67891660418627,1.5801521126609301,Cu,COMPLETE
1260,-1.0,2026-04-07 11:30:17.377093,2026-04-07 11:30:17.926865,0 days 00:00:00.549772,20.376975356512347,9.525927310934607,1.7902891543090604,Au,COMPLETE
1261,-1.0,2026-04-07 11:30:17.444718,2026-04-07 11:30:17.925745,0 days 00:00:00.481027,76.43422822704103,4.943302412466341,0.49951438716334884,Ag,COMPLETE
1262,-36.949685534577355,2026-04-07 11:30:17.454753,2026-04-07 11:30:18.080515,0 days 00:00:00.625762,56.98282916896544,4.129200025871766,0.5136472439648595,Ag,COMPLETE
1263,-1.0,2026-04-07 11:30:17.488254,2026-04-07 11:30:17.923854,0 days 00:00:00.435600,54.72209541184588,1.1628509214189484,0.6264441861563478,Ag,COMPLETE
1264,0.0,2026-04-07 11:30:17.583137,2026-04-07 11:30:18.110563,0 days 00:00:00.527426,113.42852476377999,14.83979550421507,1.702800222729393,Ag,PRUNED
1265,-36.54970760232651,2026-04-07 11:30:17.683154,2026-04-07 11:30:18.316792,0 days 00:00:00.633638,58.748744960739586,6.249953467816519,0.1409327706746506,Ag,COMPLETE
1266,-1.0,2026-04-07 11:30:17.887463,2026-04-07 11:30:18.371036,0 days 00:00:00.483573,66.58342517954212,0.6813043401879563,0.5762147659547469,Ag,COMPLETE
1267,-1.0,2026-04-07 11:30:18.045384,2026-04-07 11:30:18.447429,0 days 00:00:00.402045,54.00080475884444,0.5982906230920961,0.5319358873176698,Ag,COMPLETE
1268,-14.639639639638055,2026-04-07 11:30:18.110563,2026-04-07 11:30:18.566035,0 days 00:00:00.455472,24.397968840833535,15.05048348318156,1.150820874686807,Au,PRUNED
1269,0.0,2026-04-07 11:30:18.131745,2026-04-07 11:30:18.654178,0 days 00:00:00.522433,116.3829768928488,14.705886926035394,0.13606708140331936,Cu,PRUNED
1270,-39.96598639454163,2026-04-07 11:30:18.178677,2026-04-07 11:30:18.756275,0 days 00:00:00.577598,74.27724201794547,4.846679375652802,0.13303265198090158,Ag,COMPLETE
1271,-1.0,2026-04-07 11:30:18.198549,2026-04-07 11:30:18.596446,0 days 00:00:00.397897,92.99280766013402,2.60254768168884,0.3567003264604405,Ag,COMPLETE
1272,-1.0,2026-04-07 11:30:18.225630,2026-04-07 11:30:18.741606,0 days 00:00:00.515976,92.17080909608771,18.541346583742396,0.6491829159459961,Au,COMPLETE
1273,-35.087719298233345,2026-04-07 11:30:18.491617,2026-04-07 11:30:19.178218,0 days 00:00:00.686601,78.20619640137262,4.945630215810344,0.3840196386345488,Ag,COMPLETE
1274,-1.0,2026-04-07 11:30:18.629915,2026-04-07 11:30:19.147795,0 days 00:00:00.517880,85.54768252254394,12.415522607273823,0.24681746172629815,Cu,COMPLETE
1275,-1.0,2026-04-07 11:30:18.663204,2026-04-07 11:30:19.081382,0 days 00:00:00.418178,80.0939221200502,1.204028080406892,0.6125409790317231,Ag,COMPLETE
1276,-1.0,2026-04-07 11:30:18.687337,2026-04-07 11:30:19.133002,0 days 00:00:00.445665,82.33584882582133,3.02088113677563,0.4278070308069847,Ag,COMPLETE
1277,-30.448717948713263,2026-04-07 11:30:18.710203,2026-04-07 11:30:19.257787,0 days 00:00:00.547584,35.635339507202744,19.090745808058394,0.11324582579807876,Ag,PRUNED
1278,-1.0,2026-04-07 11:30:18.822989,2026-04-07 11:30:19.148805,0 days 00:00:00.325816,52.41518041428232,4.980280992855581,0.17351943228488786,Ag,COMPLETE
1279,-28.84615384614497,2026-04-07 11:30:18.858061,2026-04-07 11:30:19.421319,0 days 00:00:00.563258,83.47139187042313,3.2685996556813697,0.46292214519241986,Ag,PRUNED
1280,-34.97023809522566,2026-04-07 11:30:18.908841,2026-04-07 11:30:19.430259,0 days 00:00:00.521418,80.33006783890156,4.13926928269204,0.4055354475568358,Ag,COMPLETE
1281,-2.833333333333288,2026-04-07 11:30:19.173141,2026-04-07 11:30:19.760754,0 days 00:00:00.587613,91.53497597091331,4.562870407156214,0.4689550093727417,Au,PRUNED
1282,-1.0,2026-04-07 11:30:19.330606,2026-04-07 11:30:19.788762,0 days 00:00:00.458156,84.00983469888374,1.7261934957705931,0.6019954822172964,Ag,COMPLETE
1283,-1.0,2026-04-07 11:30:19.363126,2026-04-07 11:30:19.838566,0 days 00:00:00.475440,51.1462968372852,0.7084358301898099,0.45999415720478154,Ag,COMPLETE
1284,-37.735849056589586,2026-04-07 11:30:19.401712,2026-04-07 11:30:19.936335,0 days 00:00:00.534623,60.189437315758816,4.560925933996732,0.5302447594083113,Ag,COMPLETE
1285,-1.0,2026-04-07 11:30:19.424159,2026-04-07 11:30:19.842075,0 days 00:00:00.417916,81.66848390011981,1.1584130508839432,0.5997163841063109,Ag,COMPLETE
1286,-1.0,2026-04-07 11:30:19.462287,2026-04-07 11:30:19.849819,0 days 00:00:00.387532,27.769729904347297,14.307732791637346,1.8482585308429669,Au,COMPLETE
1287,-1.0,2026-04-07 11:30:19.484228,2026-04-07 11:30:19.754133,0 days 00:00:00.269905,25.429459909391873,4.441198836780155,1.9666766057564162,Ag,COMPLETE
1288,79.93827160493589,2026-04-07 11:30:19.670381,2026-04-07 11:30:20.208019,0 days 00:00:00.537638,33.131028887947636,14.529859238782892,1.8614385949753094,Au,PRUNED
1289,0.0,2026-04-07 11:30:19.884629,2026-04-07 11:30:20.475629,0 days 00:00:00.591000,110.57123860957648,8.630785950680274,1.3555985028238557,Cu,PRUNED
1290,-1.0,2026-04-07 11:30:19.939818,2026-04-07 11:30:20.363063,0 days 00:00:00.423245,52.021494358824285,0.8764769881039303,0.5467782040234739,Ag,COMPLETE
1291,-39.93055555553879,2026-04-07 11:30:19.985159,2026-04-07 11:30:20.625757,0 days 00:00:00.640598,68.25097653790111,3.994088320682761,0.5400323979661829,Ag,COMPLETE
1292,-1.0,2026-04-07 11:30:20.026832,2026-04-07 11:30:20.453033,0 days 00:00:00.426201,62.02451846626964,4.469857455760378,0.42474921445850766,Ag,COMPLETE
1293,-26.785714285706632,2026-04-07 11:30:19.913328,2026-04-07 11:30:20.504560,0 days 00:00:00.591232,49.88721855338046,4.840980519593777,0.3276854443991832,Ag,PRUNED
1294,-36.94968553457724,2026-04-07 11:30:20.104798,2026-04-07 11:30:20.580424,0 days 00:00:00.475626,58.07233569067919,4.239191456534187,0.49722839172920685,Ag,COMPLETE
1295,11.880856760374643,2026-04-07 11:30:20.190652,2026-04-07 11:30:20.914419,0 days 00:00:00.723767,114.82216090152826,3.1176151448270293,1.6248500888844188,Au,PRUNED
1296,-39.21568627449449,2026-04-07 11:30:20.303507,2026-04-07 11:30:21.092942,0 days 00:00:00.789435,66.83624576338282,4.9080798459621615,0.4051916534446642,Ag,COMPLETE
1297,-40.83333333331706,2026-04-07 11:30:20.522741,2026-04-07 11:30:21.113379,0 days 00:00:00.590638,64.26257573248061,5.692266638080784,0.10209042977842309,Ag,COMPLETE
1298,-45.94017094014737,2026-04-07 11:30:20.546404,2026-04-07 11:30:21.211617,0 days 00:00:00.665213,65.18273974414952,1.0655309519666916,0.6108287798611531,Ag,COMPLETE
1299,-44.715447154449805,2026-04-07 11:30:20.568738,2026-04-07 11:30:21.167761,0 days 00:00:00.599023,68.03981493865997,2.0189256009567593,0.6067596943294317,Ag,COMPLETE
1300,-26.785714285706632,2026-04-07 11:30:20.657989,2026-04-07 11:30:21.364658,0 days 00:00:00.706669,47.62699068791595,4.527587386271811,0.13412823438282756,Ag,PRUNED
1301,-41.66666666664742,2026-04-07 11:30:20.744470,2026-04-07 11:30:21.371131,0 days 00:00:00.626661,79.3055808705053,1.0272014253616075,0.5483377104513543,Ag,COMPLETE
1302,-38.461538461523666,2026-04-07 11:30:20.827085,2026-04-07 11:30:21.411898,0 days 00:00:00.584813,67.1158295729769,5.420956327335991,0.34984984778280936,Ag,COMPLETE
1303,-1.0,2026-04-07 11:30:20.968456,2026-04-07 11:30:21.531817,0 days 00:00:00.563361,53.277169931039055,4.687403873982423,0.20106522397449914,Ag,COMPLETE
1304,-1.0,2026-04-07 11:30:21.226018,2026-04-07 11:30:21.696975,0 days 00:00:00.470957,81.73999307897837,0.8905314805700416,0.5468530498813977,Ag,COMPLETE
1305,-2.28551336146269,2026-04-07 11:30:21.290423,2026-04-07 11:30:21.927722,0 days 00:00:00.637299,87.08042644908755,4.933776177786134,0.27539697712591893,Cu,PRUNED
1306,-1.0,2026-04-07 11:30:21.432304,2026-04-07 11:30:21.804685,0 days 00:00:00.372381,46.62325598151146,4.273399617508312,0.19750266829126417,Ag,COMPLETE
1307,-17.543859649119113,2026-04-07 11:30:21.483010,2026-04-07 11:30:22.211330,0 days 00:00:00.728320,89.77551282405855,1.3013693482733217,0.3311852612009196,Ag,PRUNED
1308,-11.217948717947856,2026-04-07 11:30:21.493263,2026-04-07 11:30:22.226872,0 days 00:00:00.733609,25.54184383442772,19.65835733340617,0.10057541869691716,Ag,PRUNED
1309,0.0,2026-04-07 11:30:21.514047,2026-04-07 11:30:22.130603,0 days 00:00:00.616556,36.38758712432488,17.62000631323029,0.18608371497616805,Au,PRUNED
1310,-40.03267973854628,2026-04-07 11:30:21.557482,2026-04-07 11:30:22.038337,0 days 00:00:00.480855,71.22592411135855,5.686334813123227,0.1083334575919212,Ag,COMPLETE
1311,-1.0,2026-04-07 11:30:21.611389,2026-04-07 11:30:22.177539,0 days 00:00:00.566150,50.59082068299938,0.9264895322116617,0.48237909601559004,Ag,COMPLETE
1312,-40.83333333331706,2026-04-07 11:30:21.826167,2026-04-07 11:30:22.367963,0 days 00:00:00.541796,69.22387257082053,5.0831407911782875,0.33267135787328184,Ag,COMPLETE
1313,-6.944444444443519,2026-04-07 11:30:22.013616,2026-04-07 11:30:22.547081,0 days 00:00:00.533465,33.16385485229728,18.675133120942043,1.8200240571925819,Ag,PRUNED
1314,-1.0,2026-04-07 11:30:22.080976,2026-04-07 11:30:22.634309,0 days 00:00:00.553333,49.82230382194531,2.0385082308303155,0.4220463716307089,Ag,COMPLETE
1315,-1.0,2026-04-07 11:30:22.126030,2026-04-07 11:30:22.635701,0 days 00:00:00.509671,46.163186833974706,13.119213471155751,1.347262101817818,Cu,COMPLETE
1316,-0.8928571428571173,2026-04-07 11:30:22.273503,2026-04-07 11:30:22.777346,0 days 00:00:00.503843,22.97524794662384,16.392877335896628,0.12455024343915216,Ag,PRUNED
1317,-1.0,2026-04-07 11:30:22.321508,2026-04-07 11:30:22.723897,0 days 00:00:00.402389,71.7810003170176,1.8247761435710543,0.5932289753985085,Ag,COMPLETE
1318,-1.0,2026-04-07 11:30:22.415825,2026-04-07 11:30:22.775336,0 days 00:00:00.359511,36.67019000758983,12.102722097227748,1.4489253478030837,Au,COMPLETE
1319,-35.49382716048048,2026-04-07 11:30:22.449728,2026-04-07 11:30:23.007604,0 days 00:00:00.557876,79.05314911413355,4.119121362530027,0.4139768493526013,Ag,COMPLETE
1320,-41.66666666664842,2026-04-07 11:30:22.517788,2026-04-07 11:30:23.184663,0 days 00:00:00.666875,69.32475083212731,3.2044981590215125,0.5915751430361968,Ag,COMPLETE
1321,-1.0,2026-04-07 11:30:22.595210,2026-04-07 11:30:23.265037,0 days 00:00:00.669827,60.22554507515373,4.9966140837583275,0.23766180507159573,Ag,COMPLETE
1322,-1.0,2026-04-07 11:30:22.764020,2026-04-07 11:30:23.185662,0 days 00:00:00.421642,20.131519088577363,19.89867906056698,0.9456199210726695,Ag,COMPLETE
1323,-11.90476190476077,2026-04-07 11:30:22.877790,2026-04-07 11:30:23.436875,0 days 00:00:00.559085,33.530876022328215,12.163150762558246,0.6133501199445313,Ag,PRUNED
1324,-1.0,2026-04-07 11:30:22.898650,2026-04-07 11:30:23.265037,0 days 00:00:00.366387,56.7454081523671,5.161487686811542,0.1541871215105736,Ag,COMPLETE
1325,-1.0,2026-04-07 11:30:22.983410,2026-04-07 11:30:23.437877,0 days 00:00:00.454467,51.50023380305662,1.7837125156080103,0.45612072665361203,Ag,COMPLETE
1326,-36.8589743589601,2026-04-07 11:30:23.077423,2026-04-07 11:30:23.672379,0 days 00:00:00.594956,54.282174759553,4.331582924296407,0.11995958352472529,Ag,COMPLETE
1327,-1.0,2026-04-07 11:30:23.149934,2026-04-07 11:30:23.744778,0 days 00:00:00.594844,86.52676203441132,3.4245486789488258,0.1511728957254742,Ag,COMPLETE
1328,-1.0,2026-04-07 11:30:23.294287,2026-04-07 11:30:23.803491,0 days 00:00:00.509204,68.4641086671739,5.301637433961463,0.11991682570715645,Ag,COMPLETE
1329,-1.0,2026-04-07 11:30:23.356745,2026-04-07 11:30:23.871095,0 days 00:00:00.514350,24.239972183608234,17.08039981840729,1.598811041737755,Au,COMPLETE
1330,0.0,2026-04-07 11:30:23.451530,2026-04-07 11:30:24.153926,0 days 00:00:00.702396,39.03834485920144,17.901558231670318,1.5399072535308587,Au,PRUNED
1331,-1.6801075268816934,2026-04-07 11:30:23.534017,2026-04-07 11:30:23.965024,0 days 00:00:00.431007,118.74766705402095,7.530453625929763,0.8274513633627796,Ag,PRUNED
1332,-33.33333333332,2026-04-07 11:30:23.544143,2026-04-07 11:30:24.332345,0 days 00:00:00.788202,54.532097288543156,0.542247820013352,0.5787442546590738,Ag,PRUNED
1333,-1.0,2026-04-07 11:30:23.722791,2026-04-07 11:30:24.332345,0 days 00:00:00.609554,83.57076549963281,17.01862372038807,1.6663633294265972,Cu,COMPLETE
1334,-1.0,2026-04-07 11:30:23.847894,2026-04-07 11:30:24.415049,0 days 00:00:00.567155,86.72005436803558,0.6127131371156429,0.4302921419566682,Ag,COMPLETE
1335,-1.0,2026-04-07 11:30:23.891691,2026-04-07 11:30:24.414047,0 days 00:00:00.522356,76.75268664127154,3.9421336796486566,0.48349053972100847,Ag,COMPLETE
1336,-39.96598639454163,2026-04-07 11:30:24.096991,2026-04-07 11:30:24.532004,0 days 00:00:00.435013,61.554501880075804,5.1126809474650035,0.10985613615243121,Ag,COMPLETE
1337,-1.0,2026-04-07 11:30:24.112812,2026-04-07 11:30:24.621024,0 days 00:00:00.508212,86.09618784708297,4.193226447699451,0.17253360197840706,Ag,COMPLETE
1338,-23.809523809517003,2026-04-07 11:30:24.192321,2026-04-07 11:30:24.712926,0 days 00:00:00.520605,87.41483796565291,1.1699442853640827,0.41544311904045095,Ag,PRUNED
1339,-1.0,2026-04-07 11:30:24.199110,2026-04-07 11:30:24.793595,0 days 00:00:00.594485,93.48753924383855,3.610398716367385,0.12000759132851546,Ag,COMPLETE
1340,51.94063926940496,2026-04-07 11:30:24.450716,2026-04-07 11:30:24.887270,0 days 00:00:00.436554,49.50723409264601,17.319071931615536,0.11131600551458098,Cu,PRUNED
1341,-1.0,2026-04-07 11:30:24.567946,2026-04-07 11:30:25.070199,0 days 00:00:00.502253,83.59501598325913,0.6544550389421397,0.5195376630383622,Ag,COMPLETE
1342,-40.760869565199854,2026-04-07 11:30:24.535267,2026-04-07 11:30:25.071210,0 days 00:00:00.535943,57.90451711207011,2.5899990271691946,0.5778364318094129,Ag,COMPLETE
1343,-1.0,2026-04-07 11:30:24.592603,2026-04-07 11:30:25.123351,0 days 00:00:00.530748,87.82579468302839,1.0891201716755572,0.4130234060316027,Ag,COMPLETE
1344,-1.0,2026-04-07 11:30:24.748271,2026-04-07 11:30:25.091969,0 days 00:00:00.343698,117.40626654431588,2.984892729920274,1.6769252709512994,Cu,COMPLETE
1345,-40.67460317458373,2026-04-07 11:30:24.765249,2026-04-07 11:30:25.270927,0 days 00:00:00.505678,54.90236894734079,0.7218074490805022,0.5051282611870628,Ag,COMPLETE
1346,-1.0,2026-04-07 11:30:24.796952,2026-04-07 11:30:25.220376,0 days 00:00:00.423424,93.84874003610044,0.7572831298626514,0.37654674853996906,Ag,COMPLETE
1347,-1.0,2026-04-07 11:30:24.919469,2026-04-07 11:30:25.529544,0 days 00:00:00.610075,22.467624757084867,12.412356120724542,1.3177233221640163,Au,COMPLETE
1348,-1.0,2026-04-07 11:30:25.001348,2026-04-07 11:30:25.539566,0 days 00:00:00.538218,98.86481939473391,2.396265879481679,0.3321475380286262,Au,COMPLETE
1349,-1.0,2026-04-07 11:30:25.167992,2026-04-07 11:30:25.699319,0 days 00:00:00.531327,53.74951630564091,3.6849054780100063,0.3823153691082144,Ag,COMPLETE
1350,-1.0,2026-04-07 11:30:25.279474,2026-04-07 11:30:25.792069,0 days 00:00:00.512595,56.001430637790165,5.032238891968584,0.27927968743206305,Cu,COMPLETE
1351,-48.61111111108426,2026-04-07 11:30:25.331858,2026-04-07 11:30:25.700326,0 days 00:00:00.368468,68.91467601269798,0.6991579923565546,0.5352911540702424,Ag,COMPLETE
1352,-19.230769230767258,2026-04-07 11:30:25.341111,2026-04-07 11:30:25.901005,0 days 00:00:00.559894,44.85058219043884,15.625319823941053,0.46172046021347213,Ag,PRUNED
1353,-47.297297297271975,2026-04-07 11:30:25.375579,2026-04-07 11:30:25.855484,0 days 00:00:00.479905,71.17564012457231,0.6910843829686395,0.5684814275814961,Ag,COMPLETE
1354,-0.2955082742316701,2026-04-07 11:30:25.414731,2026-04-07 11:30:25.955437,0 days 00:00:00.540706,46.231027765972456,13.69444706978824,1.5518778587356037,Au,PRUNED
1355,-28.84615384614497,2026-04-07 11:30:25.614644,2026-04-07 11:30:26.391113,0 days 00:00:00.776469,48.50323209540389,3.3655058086771783,0.25134372136890654,Ag,PRUNED
1356,-12.499999999999,2026-04-07 11:30:25.658576,2026-04-07 11:30:26.348982,0 days 00:00:00.690406,51.87727855738892,7.155864097423903,1.749218993321492,Cu,PRUNED
1357,-1.0,2026-04-07 11:30:25.904014,2026-04-07 11:30:26.484472,0 days 00:00:00.580458,71.98103511022815,5.135530607591855,0.1186716616913752,Ag,COMPLETE
1358,-1.0,2026-04-07 11:30:25.988430,2026-04-07 11:30:26.687392,0 days 00:00:00.698962,89.12776669512894,2.535324765220833,0.1286892389843877,Ag,COMPLETE
1359,-1.0,2026-04-07 11:30:25.958029,2026-04-07 11:30:26.431883,0 days 00:00:00.473854,48.48255577389649,3.4448601165056676,0.12214323132559278,Ag,COMPLETE
1360,-26.785714285706632,2026-04-07 11:30:26.048768,2026-04-07 11:30:26.608099,0 days 00:00:00.559331,45.81526760533272,3.3957368892301125,0.1864288806312222,Ag,PRUNED
1361,-36.66666666665189,2026-04-07 11:30:26.053414,2026-04-07 11:30:26.804501,0 days 00:00:00.751087,52.18052100499612,2.301030719879267,0.4428164419700791,Ag,COMPLETE
1362,-37.962962962946214,2026-04-07 11:30:26.071983,2026-04-07 11:30:26.818139,0 days 00:00:00.746156,50.67739847460121,0.5104893107652241,0.38818723553085976,Ag,COMPLETE
1363,-26.785714285706632,2026-04-07 11:30:26.428634,2026-04-07 11:30:27.018627,0 days 00:00:00.589993,87.55024044245204,0.5106640839190939,0.4089811448485279,Ag,PRUNED
1364,-31.249999999989583,2026-04-07 11:30:26.507265,2026-04-07 11:30:27.037297,0 days 00:00:00.530032,84.5443288535133,3.1797150528510665,0.12888585012825923,Ag,PRUNED
1365,-36.949685534577355,2026-04-07 11:30:26.648062,2026-04-07 11:30:27.209093,0 days 00:00:00.561031,54.55983912492811,4.613634533193365,0.12729860812008864,Ag,COMPLETE
1366,-13.2978723404244,2026-04-07 11:30:26.689397,2026-04-07 11:30:27.373987,0 days 00:00:00.684590,56.83290491390213,8.178637485714784,0.6318936761805602,Cu,PRUNED
1367,-44.6428571428358,2026-04-07 11:30:26.752097,2026-04-07 11:30:27.478561,0 days 00:00:00.726464,65.21439511305252,2.326307911472525,0.5222085029733043,Ag,COMPLETE
1368,-1.0,2026-04-07 11:30:26.845322,2026-04-07 11:30:27.291189,0 days 00:00:00.445867,68.8646191006041,3.6723562203758764,0.475587652339138,Ag,COMPLETE
1369,-1.1904761904761563,2026-04-07 11:30:26.947155,2026-04-07 11:30:27.446290,0 days 00:00:00.499135,20.88610400045043,13.381918023719118,1.6358395224841307,Ag,PRUNED
1370,-1.0,2026-04-07 11:30:26.963437,2026-04-07 11:30:27.369118,0 days 00:00:00.405681,81.38277791644293,3.96686318572573,0.11781823509620404,Ag,COMPLETE
1371,-1.0,2026-04-07 11:30:27.118253,2026-04-07 11:30:27.588006,0 days 00:00:00.469753,118.90707245170918,19.445846371237426,1.8625851171963865,Au,COMPLETE
1372,-1.0,2026-04-07 11:30:27.146181,2026-04-07 11:30:27.652723,0 days 00:00:00.506542,46.23433408110192,0.5271687231748532,0.38625270785934807,Ag,COMPLETE
1373,-1.0,2026-04-07 11:30:27.372117,2026-04-07 11:30:27.925934,0 days 00:00:00.553817,20.00895805436731,17.48429457650772,0.3558008446828175,Ag,COMPLETE
1374,-1.0,2026-04-07 11:30:27.464229,2026-04-07 11:30:28.051661,0 days 00:00:00.587432,75.73692102206692,4.941205029567084,0.31617422092330033,Ag,COMPLETE
1375,-39.26282051280568,2026-04-07 11:30:27.481076,2026-04-07 11:30:28.084730,0 days 00:00:00.603654,70.88551039778118,5.222244374272312,0.3842258367622654,Ag,COMPLETE
1376,-2.0461309523809157,2026-04-07 11:30:27.512477,2026-04-07 11:30:28.011342,0 days 00:00:00.498865,89.85690412721623,1.5937717056637468,0.2818571749126977,Cu,PRUNED
1377,-0.31328320802004544,2026-04-07 11:30:27.532279,2026-04-07 11:30:28.187246,0 days 00:00:00.654967,65.24818730652409,12.306995331541142,0.4991192127728935,Cu,PRUNED
1378,-1.0,2026-04-07 11:30:27.666195,2026-04-07 11:30:28.064341,0 days 00:00:00.398146,66.66441072680152,3.704786903619474,0.5619098735148916,Ag,COMPLETE
1379,-2.3277467411545105,2026-04-07 11:30:27.745864,2026-04-07 11:30:28.184118,0 days 00:00:00.438254,87.2804375213773,0.5731905759814551,0.35304352571088576,Cu,PRUNED
1380,-42.68292682924739,2026-04-07 11:30:27.777924,2026-04-07 11:30:28.186247,0 days 00:00:00.408323,76.9682088545273,1.0120353450460422,0.5329689610142774,Ag,COMPLETE
1381,-40.780141843954084,2026-04-07 11:30:28.001692,2026-04-07 11:30:28.784458,0 days 00:00:00.782766,62.94126672610949,3.81744431106989,0.42000228351744684,Ag,COMPLETE
1382,-1.0,2026-04-07 11:30:28.133840,2026-04-07 11:30:28.583130,0 days 00:00:00.449290,70.04337585997756,4.290084202481789,0.4458769994136833,Ag,COMPLETE
1383,-25.641025641017748,2026-04-07 11:30:28.239275,2026-04-07 11:30:29.003332,0 days 00:00:00.764057,87.14382312970227,0.6158883127216187,0.35287557545100345,Ag,PRUNED
1384,-47.297297297271456,2026-04-07 11:30:28.284923,2026-04-07 11:30:28.865906,0 days 00:00:00.580983,64.73474912607941,0.8295796630461021,0.557904017841273,Ag,COMPLETE
1385,-1.0,2026-04-07 11:30:28.332513,2026-04-07 11:30:28.740714,0 days 00:00:00.408201,38.14867125866104,14.976733149505469,0.1145129032752163,Ag,COMPLETE
1386,-15.35087719298084,2026-04-07 11:30:28.346612,2026-04-07 11:30:28.869305,0 days 00:00:00.522693,54.99017654570152,3.668771769659126,0.5331753101828298,Au,PRUNED
1387,-8.62068965517182,2026-04-07 11:30:28.362158,2026-04-07 11:30:28.892911,0 days 00:00:00.530753,24.28539253680163,15.859305177383611,1.3989854857524329,Cu,PRUNED
1388,-33.33333333332,2026-04-07 11:30:28.468601,2026-04-07 11:30:29.762154,0 days 00:00:01.293553,46.86385367969366,0.5609622728410011,0.10219004834146554,Ag,PRUNED
1389,-42.68292682924754,2026-04-07 11:30:28.947562,2026-04-07 11:30:29.790042,0 days 00:00:00.842480,80.30464223648721,0.5241815736953201,0.46368205061979095,Ag,COMPLETE
1390,-23.43749999999414,2026-04-07 11:30:28.973317,2026-04-07 11:30:29.909142,0 days 00:00:00.935825,87.19792183967034,3.4457258152261474,0.17032630682193067,Ag,PRUNED
1391,-1.0,2026-04-07 11:30:28.990780,2026-04-07 11:30:29.530382,0 days 00:00:00.539602,21.421311831243038,18.035094429567366,1.9643749693045578,Cu,COMPLETE
1392,-1.0,2026-04-07 11:30:29.022947,2026-04-07 11:30:29.678183,0 days 00:00:00.655236,78.12926030508291,10.4112342235201,1.8839296771017964,Cu,COMPLETE
1393,0.0,2026-04-07 11:30:29.055111,2026-04-07 11:30:29.880061,0 days 00:00:00.824950,20.953990822095754,14.373929126516451,1.7039381514480605,Au,PRUNED
1394,-1.0,2026-04-07 11:30:29.086670,2026-04-07 11:30:29.721840,0 days 00:00:00.635170,50.39428664470706,0.9551140286377586,0.4293394235771322,Ag,COMPLETE
1395,-0.5230125523012464,2026-04-07 11:30:29.133788,2026-04-07 11:30:29.814418,0 days 00:00:00.680630,87.01836071905059,19.04177588059781,1.1131818415113792,Au,PRUNED
1396,-1.0,2026-04-07 11:30:29.635202,2026-04-07 11:30:30.568310,0 days 00:00:00.933108,91.24685047194947,0.51622868106306,0.1555565800685729,Ag,COMPLETE
1397,-1.0,2026-04-07 11:30:29.832033,2026-04-07 11:30:30.397637,0 days 00:00:00.565604,68.57433049197536,0.9146735163890951,0.5358106782253078,Ag,COMPLETE
1398,-1.0,2026-04-07 11:30:29.880061,2026-04-07 11:30:30.414612,0 days 00:00:00.534551,87.60947264944555,0.8019490478966005,0.35750011957784406,Ag,COMPLETE
1399,-1.0,2026-04-07 11:30:29.926395,2026-04-07 11:30:30.486679,0 days 00:00:00.560284,66.07168434938636,4.577844927930554,0.4424371759262209,Ag,COMPLETE
1400,-1.0,2026-04-07 11:30:29.948320,2026-04-07 11:30:30.416646,0 days 00:00:00.468326,71.69119691312561,4.469430914541592,0.38340037314428227,Ag,COMPLETE
1401,-0.5144032921810615,2026-04-07 11:30:29.972485,2026-04-07 11:30:30.624323,0 days 00:00:00.651838,107.16854708232725,9.871955271423252,0.7503688613827298,Au,PRUNED
1402,-1.0,2026-04-07 11:30:30.003530,2026-04-07 11:30:30.537990,0 days 00:00:00.534460,45.70381164454248,3.515075240700285,0.13336377858780737,Ag,COMPLETE
1403,-1.0,2026-04-07 11:30:30.019864,2026-04-07 11:30:30.414612,0 days 00:00:00.394748,58.89453539472772,0.6539338366324405,0.5059236975274427,Ag,COMPLETE
1404,-41.66666666664815,2026-04-07 11:30:30.504944,2026-04-07 11:30:31.266563,0 days 00:00:00.761619,59.02704283839974,2.819766959319555,0.442404438675721,Ag,COMPLETE
1405,2.371273712737089,2026-04-07 11:30:30.644013,2026-04-07 11:30:31.345004,0 days 00:00:00.700991,100.01626654906377,16.94416491391251,0.717958005507467,Cu,PRUNED
1406,0.0,2026-04-07 11:30:30.661129,2026-04-07 11:30:31.716638,0 days 00:00:01.055509,23.197465690058724,11.299073675789456,1.8863778272783556,Au,PRUNED
1407,-1.0,2026-04-07 11:30:30.691302,2026-04-07 11:30:31.232985,0 days 00:00:00.541683,76.28826311284925,5.227725651697323,0.18638946800157308,Ag,COMPLETE
1408,-34.090909090896695,2026-04-07 11:30:30.727552,2026-04-07 11:30:31.661000,0 days 00:00:00.933448,77.73902430459398,4.586515297422896,0.2604227710670427,Ag,PRUNED
1409,-1.0,2026-04-07 11:30:30.740671,2026-04-07 11:30:31.430020,0 days 00:00:00.689349,48.94250135589431,1.6713617649683072,0.10414687521632085,Ag,COMPLETE
1410,-1.0,2026-04-07 11:30:30.769791,2026-04-07 11:30:31.360688,0 days 00:00:00.590897,46.34842578838237,0.8071349282633673,0.11623659292338222,Ag,COMPLETE
1411,-1.0,2026-04-07 11:30:30.931748,2026-04-07 11:30:31.499096,0 days 00:00:00.567348,36.92862263803634,11.170860657528898,0.1957498186380246,Au,COMPLETE
1412,-38.46153846152355,2026-04-07 11:30:31.342382,2026-04-07 11:30:32.246691,0 days 00:00:00.904309,77.36905538009661,4.913649315594576,0.1718781759486934,Ag,COMPLETE
1413,-33.33333333332,2026-04-07 11:30:31.401626,2026-04-07 11:30:31.878042,0 days 00:00:00.476416,51.96912124617007,0.6512963445935693,0.42293696056984476,Ag,PRUNED
1414,-1.0,2026-04-07 11:30:31.587839,2026-04-07 11:30:32.262672,0 days 00:00:00.674833,56.55722732107078,1.08238482853565,0.5352150003719113,Ag,COMPLETE
1415,-42.59259259257346,2026-04-07 11:30:31.611679,2026-04-07 11:30:32.434887,0 days 00:00:00.823208,63.71517556888675,3.079684355191949,0.5165281684907412,Ag,COMPLETE
1416,0.0,2026-04-07 11:30:31.656603,2026-04-07 11:30:32.464910,0 days 00:00:00.808307,106.17213299486068,19.018730355315256,0.7149497602116373,Ag,PRUNED
1417,-1.0,2026-04-07 11:30:31.776196,2026-04-07 11:30:32.248731,0 days 00:00:00.472535,84.66950572461177,3.7691700351709025,0.11656131475576836,Ag,COMPLETE
1418,-31.249999999989583,2026-04-07 11:30:31.808865,2026-04-07 11:30:32.480831,0 days 00:00:00.671966,52.023187004744734,3.4618301389079367,0.36782904301424785,Ag,PRUNED
1419,-40.780141843954084,2026-04-07 11:30:31.880754,2026-04-07 11:30:32.774319,0 days 00:00:00.893565,61.14529674443583,4.42556570594308,0.11338018051572867,Ag,COMPLETE
1420,-1.0,2026-04-07 11:30:31.972721,2026-04-07 11:30:32.840799,0 days 00:00:00.868078,68.91626846639471,0.8296078195745717,0.5223367660268707,Ag,COMPLETE
1421,-39.96598639454163,2026-04-07 11:30:32.416775,2026-04-07 11:30:33.342989,0 days 00:00:00.926214,62.552166753542984,5.036166333411495,0.1585835104586384,Ag,COMPLETE
1422,-1.0,2026-04-07 11:30:32.590903,2026-04-07 11:30:33.281013,0 days 00:00:00.690110,89.29038037528511,2.6431624399522473,0.15093592273065326,Ag,COMPLETE
1423,-1.0,2026-04-07 11:30:32.641462,2026-04-07 11:30:33.200714,0 days 00:00:00.559252,73.46204520110719,0.9892452309708283,0.5477161174629374,Ag,COMPLETE
1424,-44.87179487177225,2026-04-07 11:30:32.590903,2026-04-07 11:30:33.422364,0 days 00:00:00.831461,64.38993514067367,1.0562260499868785,0.5638187133936156,Ag,COMPLETE
1425,-1.0,2026-04-07 11:30:32.673945,2026-04-07 11:30:33.420324,0 days 00:00:00.746379,60.3070121089054,7.852596132578321,1.2973650913762191,Au,COMPLETE
1426,-45.94017094014738,2026-04-07 11:30:32.738701,2026-04-07 11:30:33.473980,0 days 00:00:00.735279,75.20883223968515,0.9640385820255317,0.5117033127132249,Ag,COMPLETE
1427,-1.0,2026-04-07 11:30:32.939907,2026-04-07 11:30:33.669640,0 days 00:00:00.729733,62.77701419018401,0.5310597561398894,0.6006894790814457,Ag,COMPLETE
1428,-1.0,2026-04-07 11:30:33.009862,2026-04-07 11:30:33.637259,0 days 00:00:00.627397,55.23199247457656,2.6726907196118983,0.44245939878511686,Ag,COMPLETE
1429,-1.0,2026-04-07 11:30:33.393781,2026-04-07 11:30:34.106269,0 days 00:00:00.712488,88.3261585406922,0.6674858120677734,0.1326415319273179,Ag,COMPLETE
1430,-1.0,2026-04-07 11:30:33.496003,2026-04-07 11:30:34.136212,0 days 00:00:00.640209,61.20546084111618,4.799048395423177,0.11982602056508074,Ag,COMPLETE
1431,-1.0,2026-04-07 11:30:33.517351,2026-04-07 11:30:34.207221,0 days 00:00:00.689870,58.83085495888192,0.5583673980148294,0.45598421055795957,Ag,COMPLETE
1432,-1.5306122448979342,2026-04-07 11:30:33.581021,2026-04-07 11:30:34.416211,0 days 00:00:00.835190,118.85656073711772,1.5437888249728093,0.4578994796199535,Cu,PRUNED
1433,-43.51851851849918,2026-04-07 11:30:33.609952,2026-04-07 11:30:34.352499,0 days 00:00:00.742547,67.6111981180224,4.418660596577449,0.10162508453641904,Ag,COMPLETE
1434,-1.0,2026-04-07 11:30:33.716783,2026-04-07 11:30:34.349916,0 days 00:00:00.633133,85.64660595200189,0.6258478889788113,0.3762331285010265,Ag,COMPLETE
1435,-42.5724637680975,2026-04-07 11:30:33.765806,2026-04-07 11:30:34.418236,0 days 00:00:00.652430,74.58504281794899,4.399584482297835,0.10300415243957804,Ag,COMPLETE
1436,-1.0,2026-04-07 11:30:33.871215,2026-04-07 11:30:34.622494,0 days 00:00:00.751279,51.42736500724321,2.8422473460456272,0.11348511247444573,Ag,COMPLETE
1437,-31.249999999989583,2026-04-07 11:30:34.308854,2026-04-07 11:30:35.289311,0 days 00:00:00.980457,48.6127883567562,3.0236087087998547,0.15367692507276182,Ag,PRUNED
1438,-27.777777777768517,2026-04-07 11:30:34.432532,2026-04-07 11:30:35.335090,0 days 00:00:00.902558,86.93722162267639,0.510229677385718,0.17444605517288822,Ag,PRUNED
1439,-18.74999999999625,2026-04-07 11:30:34.494154,2026-04-07 11:30:35.215069,0 days 00:00:00.720915,89.95156626016325,2.673209561565626,0.12973530830987245,Ag,PRUNED
1440,-28.84615384614497,2026-04-07 11:30:34.512552,2026-04-07 11:30:35.336090,0 days 00:00:00.823538,86.09104465389228,2.5172044015220476,0.34579642487439743,Ag,PRUNED
1441,-8.54700854700767,2026-04-07 11:30:34.562466,2026-04-07 11:30:35.245377,0 days 00:00:00.682911,93.15339542535,0.8620624443897493,0.13437663135823696,Ag,PRUNED
1442,-1.0,2026-04-07 11:30:34.626008,2026-04-07 11:30:35.244369,0 days 00:00:00.618361,44.588078945256406,0.720191158587973,0.20708488220655133,Ag,COMPLETE
1443,-26.785714285706632,2026-04-07 11:30:34.680562,2026-04-07 11:30:35.678358,0 days 00:00:00.997796,84.880890003321,3.5519788315075154,0.29973118708041147,Ag,PRUNED
1444,-1.0,2026-04-07 11:30:34.932961,2026-04-07 11:30:35.768309,0 days 00:00:00.835348,81.02935046031072,0.7220791630706413,0.5110463218281217,Ag,COMPLETE
1445,-1.0,2026-04-07 11:30:35.338104,2026-04-07 11:30:36.130816,0 days 00:00:00.792712,46.22791169539213,0.9327771869407644,0.10815859256790611,Ag,COMPLETE
1446,-1.0,2026-04-07 11:30:35.450160,2026-04-07 11:30:36.038551,0 days 00:00:00.588391,87.02100861225254,0.7325399309904264,0.10322143489693789,Ag,COMPLETE
1447,-1.0,2026-04-07 11:30:35.429845,2026-04-07 11:30:36.210352,0 days 00:00:00.780507,49.79803625041531,2.5661987244038884,0.35148717476648994,Ag,COMPLETE
1448,25.160256410256025,2026-04-07 11:30:35.489238,2026-04-07 11:30:36.210352,0 days 00:00:00.721114,54.32806881147934,19.522700520061584,1.3675294436327463,Ag,PRUNED
1449,-47.29729729727182,2026-04-07 11:30:35.528523,2026-04-07 11:30:36.236987,0 days 00:00:00.708464,69.01051951091812,0.6168216458004797,0.5621500074879993,Ag,COMPLETE
1450,-19.791666666664685,2026-04-07 11:30:35.572235,2026-04-07 11:30:36.238074,0 days 00:00:00.665839,43.58522791114906,17.421303081416784,0.49638298582178686,Ag,PRUNED
1451,-1.0,2026-04-07 11:30:35.725375,2026-04-07 11:30:36.348017,0 days 00:00:00.622642,61.96354131064651,4.401142134765825,0.3380342214155125,Ag,COMPLETE
1452,-1.0,2026-04-07 11:30:35.950111,2026-04-07 11:30:36.783198,0 days 00:00:00.833087,38.590588627687936,16.549943290217787,0.3269360455022049,Ag,COMPLETE
1453,-1.0,2026-04-07 11:30:36.268358,2026-04-07 11:30:36.954881,0 days 00:00:00.686523,44.94309755737545,0.6552948394132798,1.8744530142542346,Au,COMPLETE
1454,-1.0,2026-04-07 11:30:36.334137,2026-04-07 11:30:36.986107,0 days 00:00:00.651970,50.251374289438814,0.7998846267531229,0.4506088964293871,Ag,COMPLETE
1455,-33.33333333332,2026-04-07 11:30:36.351410,2026-04-07 11:30:37.343094,0 days 00:00:00.991684,50.2018449765138,0.7044512535842761,0.3958221403411397,Ag,PRUNED
1456,-38.39869281044246,2026-04-07 11:30:36.430711,2026-04-07 11:30:37.120935,0 days 00:00:00.690224,78.55154746467949,4.606976331329323,0.10341662078110926,Ag,COMPLETE
1457,-39.999999999983764,2026-04-07 11:30:36.443694,2026-04-07 11:30:37.126759,0 days 00:00:00.683065,60.59376661670284,5.010570438593438,0.11524197708732117,Ag,COMPLETE
1458,-1.0,2026-04-07 11:30:36.491102,2026-04-07 11:30:37.139415,0 days 00:00:00.648313,72.39583074730065,5.289170645296869,0.12576144023995753,Ag,COMPLETE
1459,-1.0,2026-04-07 11:30:36.618632,2026-04-07 11:30:37.359501,0 days 00:00:00.740869,49.94224579443137,3.928260043176343,0.10542234951737786,Ag,COMPLETE
1460,-1.0,2026-04-07 11:30:36.914536,2026-04-07 11:30:37.400813,0 days 00:00:00.486277,83.21909992932916,3.2749794575165705,0.10192425200811538,Ag,COMPLETE
1461,-12.195121951218322,2026-04-07 11:30:37.163545,2026-04-07 11:30:37.918018,0 days 00:00:00.754473,75.18870380571295,4.317490926446249,0.12021089955247481,Cu,PRUNED
1462,-23.809523809517003,2026-04-07 11:30:37.234982,2026-04-07 11:30:38.230994,0 days 00:00:00.996012,89.08247515215928,0.5212306745795698,0.210099967786102,Ag,PRUNED
1463,-1.0,2026-04-07 11:30:37.259996,2026-04-07 11:30:37.930008,0 days 00:00:00.670012,27.27484631034881,16.042964957649954,0.12804691745530064,Ag,COMPLETE
1464,-16.4473684210509,2026-04-07 11:30:37.378606,2026-04-07 11:30:38.298755,0 days 00:00:00.920149,56.446362206585555,4.584260588959675,0.11730727408931407,Au,PRUNED
1465,0.0,2026-04-07 11:30:37.406305,2026-04-07 11:30:38.232170,0 days 00:00:00.825865,118.20726944407345,9.776099800095686,1.7559820122327572,Cu,PRUNED
1466,-1.0,2026-04-07 11:30:37.489515,2026-04-07 11:30:38.111832,0 days 00:00:00.622317,70.48977815215999,3.39976755013634,0.410976932606674,Ag,COMPLETE
1467,-46.05263157892311,2026-04-07 11:30:37.614485,2026-04-07 11:30:38.491100,0 days 00:00:00.876615,75.05350394362638,0.8062025743334327,0.49236615359034763,Ag,COMPLETE
1468,-1.0,2026-04-07 11:30:37.751748,2026-04-07 11:30:38.377843,0 days 00:00:00.626095,59.348392421654864,3.8295459236720464,0.42409792114804845,Ag,COMPLETE
1469,-41.666666666648545,2026-04-07 11:30:38.009709,2026-04-07 11:30:39.028559,0 days 00:00:01.018850,72.22042312987067,4.417992955890212,0.12241108140416465,Ag,COMPLETE
1470,-1.0,2026-04-07 11:30:38.149487,2026-04-07 11:30:38.826880,0 days 00:00:00.677393,43.59503309079919,8.024791297922064,1.5544078708339044,Ag,COMPLETE
1471,-1.0,2026-04-07 11:30:38.345407,2026-04-07 11:30:38.874532,0 days 00:00:00.529125,20.57159507952022,19.47347076880427,0.2328944460234019,Ag,COMPLETE
1472,77.2058823529389,2026-04-07 11:30:38.381435,2026-04-07 11:30:39.060971,0 days 00:00:00.679536,39.47249982310707,13.38217509964598,1.6203034095167026,Au,PRUNED
1473,-1.0,2026-04-07 11:30:38.434475,2026-04-07 11:30:39.117776,0 days 00:00:00.683301,25.088583350881045,11.525066688408092,1.1404665704527654,Ag,COMPLETE
1474,-39.16666666665095,2026-04-07 11:30:38.471033,2026-04-07 11:30:39.293298,0 days 00:00:00.822265,73.75331841969334,4.321662897597369,0.45052478630881043,Ag,COMPLETE
1475,-34.090909090896695,2026-04-07 11:30:38.584102,2026-04-07 11:30:39.188015,0 days 00:00:00.603913,54.10266597629179,3.787099432032563,0.3380712586320077,Ag,PRUNED
1476,-34.090909090896695,2026-04-07 11:30:38.642456,2026-04-07 11:30:39.444696,0 days 00:00:00.802240,63.96821475385109,3.9568541701159976,0.43862953336458643,Ag,PRUNED
1477,-40.7608695651996,2026-04-07 11:30:38.990520,2026-04-07 11:30:39.784967,0 days 00:00:00.794447,60.31963347274584,3.2354813744634043,0.44231775026617104,Ag,COMPLETE
1478,-46.05263157892345,2026-04-07 11:30:39.064596,2026-04-07 11:30:40.043176,0 days 00:00:00.978580,60.78763852581234,0.7684225419178625,0.47833983096794386,Ag,COMPLETE
1479,-1.0,2026-04-07 11:30:39.120773,2026-04-07 11:30:39.781968,0 days 00:00:00.661195,89.63226796642539,19.13151562224217,1.4540489540685808,Ag,COMPLETE
1480,-1.0,2026-04-07 11:30:39.218569,2026-04-07 11:30:39.883301,0 days 00:00:00.664732,63.4038177614767,3.7872189275260366,0.3990349094677001,Ag,COMPLETE
1481,0.0,2026-04-07 11:30:39.321981,2026-04-07 11:30:40.044177,0 days 00:00:00.722196,20.8247198143871,14.153310461519064,1.495761534578805,Au,PRUNED
1482,-1.0,2026-04-07 11:30:39.410843,2026-04-07 11:30:39.935910,0 days 00:00:00.525067,72.1769711010439,3.950804522500225,0.3619699482955523,Ag,COMPLETE
1483,-1.0,2026-04-07 11:30:39.561053,2026-04-07 11:30:40.231038,0 days 00:00:00.669985,47.83296548337761,0.6192392311058738,0.37197528366600874,Ag,COMPLETE
1484,-1.0,2026-04-07 11:30:39.570655,2026-04-07 11:30:40.145722,0 days 00:00:00.575067,115.38458839629737,14.802936248518938,1.941320577346627,Au,COMPLETE
1485,-1.0,2026-04-07 11:30:39.999497,2026-04-07 11:30:40.779522,0 days 00:00:00.780025,71.96415223358815,3.1192592261313083,0.526024269644844,Ag,COMPLETE
1486,-1.0,2026-04-07 11:30:40.090166,2026-04-07 11:30:40.624423,0 days 00:00:00.534257,80.72240066287534,2.1884303278633763,0.4309592222296198,Ag,COMPLETE
1487,-1.0,2026-04-07 11:30:40.121585,2026-04-07 11:30:40.777010,0 days 00:00:00.655425,69.25208495830393,6.118914462761857,0.3713612128185556,Au,COMPLETE
1488,-31.249999999989583,2026-04-07 11:30:40.147964,2026-04-07 11:30:40.885549,0 days 00:00:00.737585,50.29067378501702,3.672665002189606,0.10555167592120618,Ag,PRUNED
1489,-1.0,2026-04-07 11:30:40.200387,2026-04-07 11:30:40.884031,0 days 00:00:00.683644,65.7997783722265,3.7428619081241474,0.42735030885288006,Ag,COMPLETE
1490,-27.777777777768517,2026-04-07 11:30:40.279068,2026-04-07 11:30:40.963427,0 days 00:00:00.684359,86.26650577931116,0.6576996200457199,0.42876861518587217,Ag,PRUNED
1491,-1.0,2026-04-07 11:30:40.422477,2026-04-07 11:30:40.979225,0 days 00:00:00.556748,88.11223613465867,2.3239965220050736,0.6645630261992536,Au,COMPLETE
1492,-1.0,2026-04-07 11:30:40.484915,2026-04-07 11:30:41.190383,0 days 00:00:00.705468,53.07219491924546,0.5955947723800009,0.3450935086644045,Ag,COMPLETE
1493,-1.0,2026-04-07 11:30:40.818882,2026-04-07 11:30:41.582613,0 days 00:00:00.763731,54.70442995668571,2.9332995611079054,0.3573815150288565,Ag,COMPLETE
1494,-1.0,2026-04-07 11:30:41.002568,2026-04-07 11:30:41.678861,0 days 00:00:00.676293,86.18732408587866,2.843116047496095,0.11184074073744323,Ag,COMPLETE
1495,-9.180790960451354,2026-04-07 11:30:41.030757,2026-04-07 11:30:41.837402,0 days 00:00:00.806645,33.88609219266658,9.781658421301989,0.6801159182528095,Cu,PRUNED
1496,-1.0,2026-04-07 11:30:41.060178,2026-04-07 11:30:41.648370,0 days 00:00:00.588192,78.31685484582597,3.5966083440094416,0.48043451265564363,Ag,COMPLETE
1497,0.0,2026-04-07 11:30:41.108403,2026-04-07 11:30:41.985521,0 days 00:00:00.877118,22.337612051552913,12.526348367437356,0.5171010791770843,Au,PRUNED
1498,-33.33333333332,2026-04-07 11:30:41.153937,2026-04-07 11:30:41.775910,0 days 00:00:00.621973,82.84990538433267,0.6388037511011817,0.4302340249269318,Ag,PRUNED
1499,-1.0,2026-04-07 11:30:41.240535,2026-04-07 11:30:41.775910,0 days 00:00:00.535375,55.73357690713105,4.309989532179117,0.2170936107947069,Ag,COMPLETE
1500,-31.249999999989583,2026-04-07 11:30:41.442416,2026-04-07 11:30:49.361748,0 days 00:00:07.919332,81.19293425748823,3.506811970875285,0.24885502944859722,Ag,PRUNED
1501,-1.0,2026-04-07 11:30:41.750375,2026-04-07 11:30:46.277549,0 days 00:00:04.527174,63.06270135708348,0.6351229035937999,0.4978890104393423,Ag,COMPLETE
1502,-1.0,2026-04-07 11:30:41.839766,2026-04-07 11:30:46.278561,0 days 00:00:04.438795,46.57430100606828,0.7394055308036318,0.19017695148977268,Ag,COMPLETE
1503,-28.84615384614497,2026-04-07 11:30:41.902550,2026-04-07 11:30:49.844356,0 days 00:00:07.941806,83.49317704822303,3.502664088320717,0.32638492173100386,Ag,PRUNED
1504,-1.0,2026-04-07 11:30:41.923130,2026-04-07 11:30:49.608721,0 days 00:00:07.685591,61.53751497614345,1.1714237074161251,0.509477990399288,Ag,COMPLETE
1505,-1.0,2026-04-07 11:30:41.983095,2026-04-07 11:30:49.272153,0 days 00:00:07.289058,51.834965207948215,2.9935473140384,0.14688694327282328,Ag,COMPLETE
1506,-1.0,2026-04-07 11:30:42.025932,2026-04-07 11:30:49.271149,0 days 00:00:07.245217,84.59560447191183,3.0065558699051937,0.19511023201244385,Ag,COMPLETE
1507,-1.0,2026-04-07 11:30:42.077529,2026-04-07 11:30:49.403516,0 days 00:00:07.325987,51.64561234109597,0.8737193512876745,0.3860285668361756,Ag,COMPLETE
1508,-8.20707070707021,2026-04-07 11:30:49.358386,2026-04-07 11:30:50.394856,0 days 00:00:01.036470,26.296508172483502,10.335646831023173,1.5055935340663016,Au,PRUNED
1509,-1.0,2026-04-07 11:30:49.397549,2026-04-07 11:30:50.442264,0 days 00:00:01.044715,68.03302857510744,4.801580638001578,0.12287639809204585,Ag,COMPLETE
1510,-15.151515151513774,2026-04-07 11:30:49.474398,2026-04-07 11:30:50.248055,0 days 00:00:00.773657,38.27073684380588,14.668262272802936,1.2452068204079065,Ag,PRUNED
1511,-34.090909090896695,2026-04-07 11:30:49.406524,2026-04-07 11:30:52.432157,0 days 00:00:03.025633,59.349577347871985,4.578982795741882,0.1352065991830933,Ag,PRUNED
1512,6.241565452091667,2026-04-07 11:30:49.577568,2026-04-07 11:30:52.475480,0 days 00:00:02.897912,112.16545832403096,4.152967845668151,0.9297006508141016,Cu,PRUNED
1513,-0.8928571428571173,2026-04-07 11:30:49.696650,2026-04-07 11:30:53.054967,0 days 00:00:03.358317,20.359964935176464,18.273444236310194,0.12551528565817416,Ag,PRUNED
1514,-1.0,2026-04-07 11:30:49.807601,2026-04-07 11:30:50.394295,0 days 00:00:00.586694,72.76820739173303,0.633533168172666,0.6073984224233419,Ag,COMPLETE
1515,-1.0,2026-04-07 11:30:49.911807,2026-04-07 11:30:50.581286,0 days 00:00:00.669479,57.87351619462082,0.9510919863339322,0.46339756011846034,Ag,COMPLETE
1516,-31.249999999989583,2026-04-07 11:30:50.601503,2026-04-07 11:30:56.339700,0 days 00:00:05.738197,81.70803644048881,3.3879554764567152,0.38163861580551117,Ag,PRUNED
1517,-34.090909090896695,2026-04-07 11:30:51.051705,2026-04-07 11:30:56.322601,0 days 00:00:05.270896,79.30096687243235,3.8400285071666302,0.252054051090321,Ag,PRUNED
1518,-12.626262626261097,2026-04-07 11:30:51.721474,2026-04-07 11:30:56.292874,0 days 00:00:04.571400,51.57847306378578,2.58362605471243,0.5167850664293304,Cu,PRUNED
1519,-13.480392156861159,2026-04-07 11:30:55.461772,2026-04-07 11:30:56.619749,0 days 00:00:01.157977,54.02605011681002,3.3566743898605207,0.4482525048698297,Cu,PRUNED
1520,-1.0,2026-04-07 11:30:55.937565,2026-04-07 11:30:56.533670,0 days 00:00:00.596105,64.03716655243427,0.5861698770926183,0.5703960393348827,Ag,COMPLETE
1521,-1.0,2026-04-07 11:30:55.892357,2026-04-07 11:30:56.912998,0 days 00:00:01.020641,78.10317670609129,3.772142530620089,0.35692511405614696,Ag,COMPLETE
1522,-15.624999999997396,2026-04-07 11:30:53.139989,2026-04-07 11:30:57.083636,0 days 00:00:03.943647,91.34397674963846,0.7374815516574804,0.14230403171611306,Ag,PRUNED
1523,-0.8644536652835265,2026-04-07 11:30:53.147980,2026-04-07 11:30:57.120504,0 days 00:00:03.972524,65.29306430720393,19.69732763842177,1.241876435759637,Cu,PRUNED
1524,-1.0,2026-04-07 11:30:56.400118,2026-04-07 11:30:56.849464,0 days 00:00:00.449346,82.54465194721043,0.6552630468473406,0.39413374050478206,Ag,COMPLETE
1525,-1.0,2026-04-07 11:30:56.416953,2026-04-07 11:30:56.834081,0 days 00:00:00.417128,50.92068768678585,0.8162948488866781,0.36104533478192735,Ag,COMPLETE
1526,-1.0,2026-04-07 11:30:56.468731,2026-04-07 11:30:56.990767,0 days 00:00:00.522036,59.88104234097055,14.96276417559106,1.8044827253811875,Au,COMPLETE
1527,5.810092961487291,2026-04-07 11:30:56.797453,2026-04-07 11:30:57.713178,0 days 00:00:00.915725,117.23770263146335,12.819640343345602,0.8943877805679135,Ag,PRUNED
1528,-0.7002801120448061,2026-04-07 11:30:56.740016,2026-04-07 11:30:57.714179,0 days 00:00:00.974163,82.69462403040376,16.36337426432861,1.9993095231031464,Au,PRUNED
1529,-1.0,2026-04-07 11:30:57.022576,2026-04-07 11:30:57.744620,0 days 00:00:00.722044,77.0266074434838,3.6400763377704033,0.41319233331112054,Ag,COMPLETE
1530,-1.0,2026-04-07 11:30:57.138042,2026-04-07 11:30:57.728262,0 days 00:00:00.590220,60.15903502592657,3.517344305115913,0.3623296279974013,Ag,COMPLETE
1531,-1.0,2026-04-07 11:30:57.152166,2026-04-07 11:30:57.964464,0 days 00:00:00.812298,62.92204538882554,4.749631175821179,0.34134270181612425,Ag,COMPLETE
1532,-1.0,2026-04-07 11:30:57.195478,2026-04-07 11:30:57.745619,0 days 00:00:00.550141,75.76870289625755,3.3739738839115807,0.368845535444406,Ag,COMPLETE
1533,-34.090909090896695,2026-04-07 11:30:57.214205,2026-04-07 11:30:57.950140,0 days 00:00:00.735935,55.163935194130346,3.840589108683565,0.14350157338013872,Ag,PRUNED
1534,-1.0,2026-04-07 11:30:57.282309,2026-04-07 11:30:57.782373,0 days 00:00:00.500064,60.29783080596086,0.9563721363422183,0.6102694559848874,Au,COMPLETE
1535,-1.0,2026-04-07 11:30:57.809665,2026-04-07 11:30:58.684759,0 days 00:00:00.875094,86.31267671891322,0.8381023703605026,0.2045407258462451,Ag,COMPLETE
1536,-43.560606060586124,2026-04-07 11:30:57.920170,2026-04-07 11:30:58.760902,0 days 00:00:00.840732,71.07985175084514,4.139894520429243,0.11076752401415318,Ag,COMPLETE
1537,-43.560606060586395,2026-04-07 11:30:57.983731,2026-04-07 11:30:58.916233,0 days 00:00:00.932502,69.27496430094227,4.032494998451412,0.10042329798996244,Ag,COMPLETE
1538,-0.9018759018758863,2026-04-07 11:30:58.011610,2026-04-07 11:30:58.828651,0 days 00:00:00.817041,71.52960699760364,19.27661240254698,1.5275476235083103,Au,PRUNED
1539,-1.0,2026-04-07 11:30:58.044205,2026-04-07 11:30:58.824136,0 days 00:00:00.779931,83.4563431139115,1.0090836013684865,0.4111682903203524,Ag,COMPLETE
1540,-34.090909090896695,2026-04-07 11:30:58.057819,2026-04-07 11:30:58.828651,0 days 00:00:00.770832,54.211688129865095,3.595999668044172,0.1831869336667438,Ag,PRUNED
1541,-1.0,2026-04-07 11:30:58.072564,2026-04-07 11:30:58.757725,0 days 00:00:00.685161,57.77708774102408,3.6210583513269405,0.32782838412156,Ag,COMPLETE
1542,-42.613636363616784,2026-04-07 11:30:58.339687,2026-04-07 11:30:59.323936,0 days 00:00:00.984249,71.79014668919456,3.034263394341889,0.4963539420883233,Ag,COMPLETE
1543,0.0,2026-04-07 11:30:58.903536,2026-04-07 11:30:59.846919,0 days 00:00:00.943383,21.694075943852546,13.959405748693328,0.7944978431522467,Cu,PRUNED
1544,-0.8169934640522748,2026-04-07 11:30:59.004776,2026-04-07 11:30:59.962881,0 days 00:00:00.958105,68.8659451829685,18.564637997055442,1.9142684212407943,Ag,PRUNED
1545,-1.0,2026-04-07 11:30:59.007166,2026-04-07 11:30:59.731335,0 days 00:00:00.724169,49.94318350813817,0.5052606352434494,0.10279056667273437,Ag,COMPLETE
1546,-1.0,2026-04-07 11:30:59.048772,2026-04-07 11:30:59.665043,0 days 00:00:00.616271,50.532979477707,1.562125969558127,0.10666371255525553,Ag,COMPLETE
1547,-40.78014184395421,2026-04-07 11:30:59.102518,2026-04-07 11:30:59.842924,0 days 00:00:00.740406,62.31632024586669,3.5390661946567996,0.43463413257031974,Ag,COMPLETE
1548,-1.0,2026-04-07 11:30:59.127701,2026-04-07 11:30:59.772851,0 days 00:00:00.645150,88.02870182349434,0.5679383001605433,0.25601995726855253,Ag,COMPLETE
1549,-1.0,2026-04-07 11:30:59.116959,2026-04-07 11:30:59.729335,0 days 00:00:00.612376,55.77964910948356,0.6155383750986734,0.4589739863099478,Ag,COMPLETE
1550,-39.11564625848725,2026-04-07 11:30:59.698984,2026-04-07 11:31:00.983215,0 days 00:00:01.284231,78.73310791898213,3.864306485915772,0.14556632034920852,Ag,COMPLETE
1551,-1.0,2026-04-07 11:30:59.845919,2026-04-07 11:31:01.101906,0 days 00:00:01.255987,43.82257373326171,10.413600847531029,1.6276246617097954,Au,COMPLETE
1552,0.0,2026-04-07 11:30:59.960016,2026-04-07 11:31:01.023783,0 days 00:00:01.063767,44.386622728857546,14.816184137225417,1.2028460796035185,Au,PRUNED
1553,-1.0,2026-04-07 11:30:59.981816,2026-04-07 11:31:01.132588,0 days 00:00:01.150772,48.816254495015,1.026494383915685,0.10411308840556702,Ag,COMPLETE
1554,-0.83668005354751,2026-04-07 11:31:00.040897,2026-04-07 11:31:01.303290,0 days 00:00:01.262393,93.67990550950427,12.176945407275678,0.78691137730262,Cu,PRUNED
1555,-1.0,2026-04-07 11:31:00.086106,2026-04-07 11:31:00.912938,0 days 00:00:00.826832,68.20951446724067,2.8836098421574574,1.1357742955133348,Cu,COMPLETE
1556,-0.8928571428571173,2026-04-07 11:31:00.128665,2026-04-07 11:31:01.283634,0 days 00:00:01.154969,22.19045016323528,15.704093260371726,0.4827440689360537,Ag,PRUNED
1557,-33.33333333332,2026-04-07 11:31:00.169416,2026-04-07 11:31:01.378977,0 days 00:00:01.209561,48.15085652370944,0.5759368076514515,0.12156348536460578,Ag,PRUNED
1558,-1.0,2026-04-07 11:31:00.954931,2026-04-07 11:31:01.779396,0 days 00:00:00.824465,43.70966246938805,19.81657974443581,0.43892604307306515,Ag,COMPLETE
1559,-1.0,2026-04-07 11:31:01.076395,2026-04-07 11:31:02.098509,0 days 00:00:01.022114,71.55864805671132,4.108244165576509,0.39302290317167,Ag,COMPLETE
1560,-41.66666666664842,2026-04-07 11:31:01.243078,2026-04-07 11:31:02.272358,0 days 00:00:01.029280,59.256754133243,3.8612877850532543,0.12408225847703194,Ag,COMPLETE
1561,-1.0,2026-04-07 11:31:01.329319,2026-04-07 11:31:02.241591,0 days 00:00:00.912272,76.19810515476077,2.584144736412993,0.5802611943005318,Cu,COMPLETE
1562,-41.66666666664841,2026-04-07 11:31:01.304297,2026-04-07 11:31:02.337671,0 days 00:00:01.033374,59.530999922270745,3.722346205261394,0.10881756231287629,Ag,COMPLETE
1563,-31.249999999989583,2026-04-07 11:31:01.429320,2026-04-07 11:31:02.194425,0 days 00:00:00.765105,79.61689455859519,5.05176382623238,0.11838202963498508,Ag,PRUNED
1564,-1.0,2026-04-07 11:31:01.512857,2026-04-07 11:31:02.099516,0 days 00:00:00.586659,58.97172247406507,3.940828794176224,0.15560736538988196,Ag,COMPLETE
1565,-41.66666666664801,2026-04-07 11:31:01.541618,2026-04-07 11:31:02.378056,0 days 00:00:00.836438,78.13003095505178,3.185436711170457,0.11303951304601369,Ag,COMPLETE
1566,-1.0,2026-04-07 11:31:02.180418,2026-04-07 11:31:02.973209,0 days 00:00:00.792791,82.97480309166943,3.239142827709457,0.1025018347305574,Ag,COMPLETE
1567,-44.715447154449805,2026-04-07 11:31:02.292266,2026-04-07 11:31:03.363895,0 days 00:00:01.071629,74.31725931413871,1.7532664080804343,0.5376921406218264,Ag,COMPLETE
1568,-34.090909090896695,2026-04-07 11:31:02.378056,2026-04-07 11:31:03.236683,0 days 00:00:00.858627,80.47393039737247,3.159850203447709,0.3333620095163897,Ag,PRUNED
1569,-1.0,2026-04-07 11:31:02.458076,2026-04-07 11:31:03.142143,0 days 00:00:00.684067,88.52121573167702,0.6324390911329476,0.14082305017852517,Ag,COMPLETE
1570,-1.0,2026-04-07 11:31:02.504273,2026-04-07 11:31:03.067145,0 days 00:00:00.562872,46.715601504735275,3.9877817339775863,0.27202310270551316,Au,COMPLETE
1571,-1.0,2026-04-07 11:31:02.543539,2026-04-07 11:31:03.628440,0 days 00:00:01.084901,62.11007784331757,0.605387163221069,0.42630645421372226,Ag,COMPLETE
1572,-47.297297297271456,2026-04-07 11:31:02.603227,2026-04-07 11:31:03.547743,0 days 00:00:00.944516,68.46493800656675,0.8399053507937112,0.5117545529937509,Ag,COMPLETE
1573,-1.0,2026-04-07 11:31:02.769382,2026-04-07 11:31:03.499130,0 days 00:00:00.729748,52.99599390331811,0.9172074711477556,0.3798105579152129,Ag,COMPLETE
1574,-39.93055555553904,2026-04-07 11:31:03.254109,2026-04-07 11:31:03.880335,0 days 00:00:00.626226,73.9060626781737,3.5922703493033117,0.4717003731438737,Ag,COMPLETE
1575,2.371273712737089,2026-04-07 11:31:03.317880,2026-04-07 11:31:04.656028,0 days 00:00:01.338148,101.59461533297352,13.617003770101073,1.719251507938112,Cu,PRUNED
1576,-1.0,2026-04-07 11:31:03.348987,2026-04-07 11:31:04.173594,0 days 00:00:00.824607,56.34046129815841,0.5265446666135501,0.42556999769736026,Ag,COMPLETE
1577,-42.572463768097364,2026-04-07 11:31:03.365912,2026-04-07 11:31:04.175111,0 days 00:00:00.809199,68.94443120310932,4.864132438833277,0.11908218569957306,Ag,COMPLETE
1578,-42.61363636361706,2026-04-07 11:31:03.532026,2026-04-07 11:31:04.450091,0 days 00:00:00.918065,67.46457909372717,3.3785427301805426,0.41562945635369053,Ag,COMPLETE
1579,-47.29729729727182,2026-04-07 11:31:03.711036,2026-04-07 11:31:04.423378,0 days 00:00:00.712342,62.246454930044585,0.7432887646553689,0.49287953554574,Ag,COMPLETE
1580,-18.41085271317658,2026-04-07 11:31:03.799253,2026-04-07 11:31:04.742883,0 days 00:00:00.943630,38.3127639775191,17.153884504317737,0.11716195012187441,Ag,PRUNED
1581,-1.0,2026-04-07 11:31:03.883337,2026-04-07 11:31:04.778631,0 days 00:00:00.895294,83.04569495453077,1.0808567726742366,0.4396421785247553,Ag,COMPLETE
1582,-41.66666666664815,2026-04-07 11:31:04.205659,2026-04-07 11:31:05.121376,0 days 00:00:00.915717,57.175846737338034,3.2209477704575953,0.11278165584657578,Ag,COMPLETE
1583,-34.090909090896695,2026-04-07 11:31:04.515673,2026-04-07 11:31:05.561298,0 days 00:00:01.045625,80.56499992573868,3.0327577692027248,0.3015614331581704,Ag,PRUNED
1584,-41.666666666648936,2026-04-07 11:31:04.567143,2026-04-07 11:31:05.556461,0 days 00:00:00.989318,72.09677626959466,3.775020173931289,0.44215417080177294,Ag,COMPLETE
1585,-1.0,2026-04-07 11:31:04.682212,2026-04-07 11:31:05.457073,0 days 00:00:00.774861,51.88655309050624,2.4683669411078313,0.10921594664081344,Ag,COMPLETE
1586,-37.037037037020575,2026-04-07 11:31:04.814721,2026-04-07 11:31:05.649456,0 days 00:00:00.834735,77.72249854992529,0.7377215272886563,0.4532277407328485,Ag,PRUNED
1587,-1.0,2026-04-07 11:31:04.806205,2026-04-07 11:31:05.897971,0 days 00:00:01.091766,49.70625555201521,0.8393632302395645,0.28907895895923863,Cu,COMPLETE
1588,-33.33333333332,2026-04-07 11:31:04.885003,2026-04-07 11:31:06.151288,0 days 00:00:01.266285,83.79724376773525,0.5217376400718571,0.4495794459720782,Ag,PRUNED
1589,-31.249999999989583,2026-04-07 11:31:04.947763,2026-04-07 11:31:05.699360,0 days 00:00:00.751597,84.01006015262453,3.5545457660514703,0.12929002322536445,Ag,PRUNED
1590,-1.0,2026-04-07 11:31:05.387195,2026-04-07 11:31:06.118665,0 days 00:00:00.731470,56.27620798837401,0.573828282491844,0.3799708988493285,Ag,COMPLETE
1591,-37.037037037020575,2026-04-07 11:31:05.725059,2026-04-07 11:31:06.660587,0 days 00:00:00.935528,77.6252414185203,0.5350873280806404,0.4343026042757838,Ag,PRUNED
1592,-39.11564625848749,2026-04-07 11:31:05.763922,2026-04-07 11:31:06.680646,0 days 00:00:00.916724,56.929101675986345,3.445405256619603,0.4009641299785049,Ag,COMPLETE
1593,-0.6887052341597681,2026-04-07 11:31:05.809742,2026-04-07 11:31:06.662810,0 days 00:00:00.853068,115.86220645307536,19.03920836839732,0.6847005696882491,Au,PRUNED
1594,-1.0,2026-04-07 11:31:05.862729,2026-04-07 11:31:06.582667,0 days 00:00:00.719938,82.19208591960104,1.121757249724761,0.11038437874621468,Ag,COMPLETE
1595,0.0,2026-04-07 11:31:05.956932,2026-04-07 11:31:06.829339,0 days 00:00:00.872407,21.906637432744738,12.248933358113165,1.6273467956795022,Au,PRUNED
1596,-47.29729729727148,2026-04-07 11:31:06.096595,2026-04-07 11:31:06.894732,0 days 00:00:00.798137,61.629235915378906,0.6354882094840075,0.4758616372097205,Ag,COMPLETE
1597,-1.0,2026-04-07 11:31:06.219553,2026-04-07 11:31:07.117459,0 days 00:00:00.897906,89.6570566296901,0.5247702594506692,0.12662177713429995,Ag,COMPLETE
1598,-13.888888888887346,2026-04-07 11:31:06.447186,2026-04-07 11:31:07.527314,0 days 00:00:01.080128,60.003121977696345,4.99828006719425,0.1068099459140702,Cu,PRUNED
1599,-42.572463768097364,2026-04-07 11:31:06.778885,2026-04-07 11:31:07.662438,0 days 00:00:00.883553,69.98113771662908,4.464289386446599,0.18497349616908343,Ag,COMPLETE
1600,-1.0,2026-04-07 11:31:06.868973,2026-04-07 11:31:07.600269,0 days 00:00:00.731296,72.54647005589138,1.6120249576389711,0.45304646694448525,Ag,COMPLETE
1601,-33.33333333332,2026-04-07 11:31:06.922322,2026-04-07 11:31:07.901581,0 days 00:00:00.979259,52.6700011716642,0.5156031644393775,0.2363606761322209,Ag,PRUNED
1602,-1.0,2026-04-07 11:31:06.898839,2026-04-07 11:31:07.881320,0 days 00:00:00.982481,84.25257744165225,0.5279751571360777,0.3322488624512807,Ag,COMPLETE
1603,-1.0,2026-04-07 11:31:07.047640,2026-04-07 11:31:07.815355,0 days 00:00:00.767715,81.22648851513088,4.8853545259891105,1.067840665880096,Au,COMPLETE
1604,-1.0,2026-04-07 11:31:07.168014,2026-04-07 11:31:07.983547,0 days 00:00:00.815533,81.23184738991789,0.5599342247625558,0.5405320220360925,Au,COMPLETE
1605,-43.60465116277041,2026-04-07 11:31:07.332808,2026-04-07 11:31:08.139164,0 days 00:00:00.806356,67.26380351797519,2.712154974928782,0.4640004723650043,Ag,COMPLETE
1606,-1.0,2026-04-07 11:31:07.637102,2026-04-07 11:31:08.374495,0 days 00:00:00.737393,63.97416796958365,3.5270678512001323,0.4482694218193801,Ag,COMPLETE
1607,-41.66666666664829,2026-04-07 11:31:07.905072,2026-04-07 11:31:08.673533,0 days 00:00:00.768461,74.23983359482436,3.993261590938095,0.22092909589362109,Ag,COMPLETE
1608,-47.29729729727148,2026-04-07 11:31:08.012115,2026-04-07 11:31:08.928834,0 days 00:00:00.916719,61.55929057404743,0.6491053465230354,0.4673970566633586,Ag,COMPLETE
1609,-39.06249999998366,2026-04-07 11:31:08.039328,2026-04-07 11:31:08.804626,0 days 00:00:00.765298,77.99062941315766,3.775988181218401,0.13012853172864777,Ag,COMPLETE
1610,-39.72868217052415,2026-04-07 11:31:08.083763,2026-04-07 11:31:09.105174,0 days 00:00:01.021411,52.163335495418714,0.5272176932137762,0.32735529712469047,Ag,COMPLETE
1611,-1.0,2026-04-07 11:31:08.121671,2026-04-07 11:31:09.031047,0 days 00:00:00.909376,109.64172124206277,9.470021136600577,0.7376818167873603,Cu,COMPLETE
1612,-33.33333333332,2026-04-07 11:31:08.217429,2026-04-07 11:31:09.105174,0 days 00:00:00.887745,84.24540567011748,1.037505700532273,0.11194510867301014,Ag,PRUNED
1613,-34.090909090896695,2026-04-07 11:31:08.297892,2026-04-07 11:31:09.326415,0 days 00:00:01.028523,80.31765413716731,3.9288021852598334,0.12883827244162016,Ag,PRUNED
1614,-1.0,2026-04-07 11:31:08.598435,2026-04-07 11:31:09.324364,0 days 00:00:00.725929,76.39832334576617,4.360409606289975,0.10129882349383651,Ag,COMPLETE
1615,-1.0,2026-04-07 11:31:08.944306,2026-04-07 11:31:09.541936,0 days 00:00:00.597630,20.89780962510672,16.568518373560472,0.13361254779048623,Cu,COMPLETE
1616,-41.666666666647856,2026-04-07 11:31:09.132340,2026-04-07 11:31:10.204151,0 days 00:00:01.071811,58.237336493238146,3.111156048307169,0.10349350307620149,Ag,COMPLETE
1617,-1.0,2026-04-07 11:31:09.184637,2026-04-07 11:31:09.862630,0 days 00:00:00.677993,50.801967205569795,1.0688885786422158,0.15093587004031717,Ag,COMPLETE
1618,0.0,2026-04-07 11:31:09.236393,2026-04-07 11:31:10.275847,0 days 00:00:01.039454,23.723645782296284,14.854901983384881,0.28082093413720044,Au,PRUNED
1619,-47.29729729727148,2026-04-07 11:31:09.279348,2026-04-07 11:31:10.426898,0 days 00:00:01.147550,61.14843750097959,0.5612774308824109,0.546613884606912,Ag,COMPLETE
1620,4.648074369189833,2026-04-07 11:31:09.369180,2026-04-07 11:31:10.350510,0 days 00:00:00.981330,113.60116188936456,10.486227124795725,1.7663686267989558,Ag,PRUNED
1621,-1.0,2026-04-07 11:31:09.425567,2026-04-07 11:31:10.318218,0 days 00:00:00.892651,113.52081446447237,19.183320462297527,0.13884293042484885,Cu,COMPLETE
1622,-46.171171171146376,2026-04-07 11:31:09.776818,2026-04-07 11:31:10.656440,0 days 00:00:00.879622,58.49148193745333,0.5001749261030395,0.389606502982646,Ag,COMPLETE
1623,-1.0,2026-04-07 11:31:09.650534,2026-04-07 11:31:10.694244,0 days 00:00:01.043710,86.27874435426499,0.6076777348508398,0.10531198887550194,Ag,COMPLETE
1624,-1.0,2026-04-07 11:31:10.048441,2026-04-07 11:31:11.191126,0 days 00:00:01.142685,69.4597665224153,1.0814759800136242,0.45683550360239494,Ag,COMPLETE
1625,-1.0,2026-04-07 11:31:10.414257,2026-04-07 11:31:11.220865,0 days 00:00:00.806608,62.08407260491527,3.101080611224946,0.4461825123913198,Ag,COMPLETE
1626,-1.0,2026-04-07 11:31:10.474497,2026-04-07 11:31:11.177533,0 days 00:00:00.703036,87.90229344992522,0.5045605748727302,0.2064044810932888,Ag,COMPLETE
1627,-37.037037037020575,2026-04-07 11:31:10.492647,2026-04-07 11:31:11.440548,0 days 00:00:00.947901,53.779930036656076,0.6687853379397304,0.3325279360928653,Ag,PRUNED
1628,-1.0,2026-04-07 11:31:10.556681,2026-04-07 11:31:11.269839,0 days 00:00:00.713158,61.14023048509624,3.6580523398112637,0.3779388731235582,Ag,COMPLETE
1629,-1.0,2026-04-07 11:31:10.721791,2026-04-07 11:31:11.268319,0 days 00:00:00.546528,83.8504924230043,2.7582571374173908,0.10325668225787318,Ag,COMPLETE
1630,-9.75177304964456,2026-04-07 11:31:10.845017,2026-04-07 11:31:11.974360,0 days 00:00:01.129343,40.456919102622756,2.964454230036755,1.9581104368486626,Cu,PRUNED
1631,-6.147540983606154,2026-04-07 11:31:10.903127,2026-04-07 11:31:12.410704,0 days 00:00:01.507577,27.61208099145137,5.280930506332169,0.7787303198178338,Cu,PRUNED
1632,-1.0,2026-04-07 11:31:11.444650,2026-04-07 11:31:12.411340,0 days 00:00:00.966690,52.43169355886816,0.6050820949859014,0.18689346897658682,Ag,COMPLETE
1633,-1.0,2026-04-07 11:31:11.507239,2026-04-07 11:31:12.896591,0 days 00:00:01.389352,61.03094677154824,3.4299262637789134,0.11841970193381454,Ag,COMPLETE
1634,-2.747252747252687,2026-04-07 11:31:11.517511,2026-04-07 11:31:12.717064,0 days 00:00:01.199553,97.40264693398336,0.6690044865622957,0.1750993918165062,Au,PRUNED
1635,-1.0,2026-04-07 11:31:11.612128,2026-04-07 11:31:12.377539,0 days 00:00:00.765411,72.38278886287176,4.997029490579513,0.436649732709238,Cu,COMPLETE
1636,-1.0,2026-04-07 11:31:11.691373,2026-04-07 11:31:12.522253,0 days 00:00:00.830880,23.367676779928107,16.590533282290142,0.28176648635416635,Ag,COMPLETE
1637,-34.090909090896695,2026-04-07 11:31:11.747179,2026-04-07 11:31:12.601661,0 days 00:00:00.854482,83.84789512697424,2.032095798751433,0.10091089140885462,Ag,PRUNED
1638,-43.560606060586395,2026-04-07 11:31:12.201200,2026-04-07 11:31:13.517312,0 days 00:00:01.316112,72.89117603685497,3.9893591603841476,0.12412172386718293,Ag,COMPLETE
1639,-42.59259259257386,2026-04-07 11:31:12.542413,2026-04-07 11:31:13.425394,0 days 00:00:00.882981,68.28240090778397,3.2980037823484767,0.4566452629756825,Ag,COMPLETE
1640,-0.8992805755395424,2026-04-07 11:31:12.605792,2026-04-07 11:31:13.814393,0 days 00:00:01.208601,21.898216281545782,16.91585891866503,1.3808368274539986,Ag,PRUNED
1641,-40.78014184395421,2026-04-07 11:31:12.720131,2026-04-07 11:31:13.717065,0 days 00:00:00.996934,59.639112403376785,4.026517723297145,0.15111507192004803,Ag,COMPLETE
1642,-1.0,2026-04-07 11:31:12.760435,2026-04-07 11:31:13.340885,0 days 00:00:00.580450,68.90376404937103,5.096574094341967,0.10742700770842478,Ag,COMPLETE
1643,-49.99999999997149,2026-04-07 11:31:12.790766,2026-04-07 11:31:13.598868,0 days 00:00:00.808102,69.31797258878929,0.5284458214180117,0.4260802527361334,Ag,COMPLETE
1644,-33.33333333332,2026-04-07 11:31:12.820113,2026-04-07 11:31:13.864700,0 days 00:00:01.044587,80.93994779084404,0.5204543790496883,0.4491489451500293,Ag,PRUNED
1645,-1.0,2026-04-07 11:31:13.069429,2026-04-07 11:31:13.579278,0 days 00:00:00.509849,79.2804269405859,3.3988507300191593,0.12478273770280669,Ag,COMPLETE
1646,-43.74999999997812,2026-04-07 11:31:13.598868,2026-04-07 11:31:14.455442,0 days 00:00:00.856574,77.67928458562947,0.9842335570148394,0.4085726748698473,Ag,COMPLETE
1647,-1.0,2026-04-07 11:31:13.767445,2026-04-07 11:31:14.524066,0 days 00:00:00.756621,22.82165113396429,16.9863621031064,0.14411880758771461,Ag,COMPLETE
1648,-1.0,2026-04-07 11:31:13.890062,2026-04-07 11:31:14.610062,0 days 00:00:00.720000,21.19321715578401,16.38815760221903,0.16715958789396212,Ag,COMPLETE
1649,3.858024691357739,2026-04-07 11:31:13.893241,2026-04-07 11:31:14.879257,0 days 00:00:00.986016,34.10245722547664,13.284961084325431,1.6874623625138665,Au,PRUNED
1650,-15.070921985814321,2026-04-07 11:31:13.941093,2026-04-07 11:31:15.063674,0 days 00:00:01.122581,81.2134052386082,5.301917045746287,0.27700489744440054,Au,PRUNED
1651,-47.29729729727182,2026-04-07 11:31:13.956531,2026-04-07 11:31:14.748613,0 days 00:00:00.792082,74.3033576287662,0.6042182188277888,0.4072896021009545,Ag,COMPLETE
1652,-0.5186721991701159,2026-04-07 11:31:13.995545,2026-04-07 11:31:14.771516,0 days 00:00:00.775971,93.2395170243987,12.705157685372106,0.8321697056468826,Au,PRUNED
1653,-1.0,2026-04-07 11:31:13.973903,2026-04-07 11:31:14.719132,0 days 00:00:00.745229,48.65742984793378,0.685746624024999,0.12418371057870736,Ag,COMPLETE
1654,-33.33333333332,2026-04-07 11:31:14.796312,2026-04-07 11:31:15.701784,0 days 00:00:00.905472,84.44408472824169,0.6632324648732854,0.3249341050905184,Ag,PRUNED
1655,-1.0,2026-04-07 11:31:14.830757,2026-04-07 11:31:15.633752,0 days 00:00:00.802995,51.16194914237116,1.749545500946832,0.11556597163148148,Ag,COMPLETE
1656,-37.037037037020575,2026-04-07 11:31:14.879257,2026-04-07 11:31:15.855927,0 days 00:00:00.976670,55.94476716219008,0.6452122732482555,0.4240194377105885,Ag,PRUNED
1657,-1.0,2026-04-07 11:31:14.951701,2026-04-07 11:31:15.669434,0 days 00:00:00.717733,77.39086934988624,0.5115663758760645,0.4373976310419354,Ag,COMPLETE
1658,-41.66666666664881,2026-04-07 11:31:14.983797,2026-04-07 11:31:15.635353,0 days 00:00:00.651556,67.01169482493982,3.919290434120476,0.37917413797093535,Ag,COMPLETE
1659,-1.0,2026-04-07 11:31:15.020959,2026-04-07 11:31:16.115235,0 days 00:00:01.094276,101.88959596210806,14.08200293912525,1.5662048366112926,Au,COMPLETE
1660,-33.33333333332,2026-04-07 11:31:15.163752,2026-04-07 11:31:16.401142,0 days 00:00:01.237390,48.86469898721805,0.5371354078258914,0.1282210906022978,Ag,PRUNED
1661,-1.0,2026-04-07 11:31:15.169924,2026-04-07 11:31:16.316990,0 days 00:00:01.147066,68.3277778388932,0.9373750102244434,0.4777371774183321,Ag,COMPLETE
1662,-41.66666666664881,2026-04-07 11:31:15.770773,2026-04-07 11:31:16.504562,0 days 00:00:00.733789,70.0004286531337,4.702115786080929,0.11307849587975219,Ag,COMPLETE
1663,-42.63565891470892,2026-04-07 11:31:15.829901,2026-04-07 11:31:17.040842,0 days 00:00:01.210941,58.68013156223207,2.9364426944953355,0.10432282914246281,Ag,COMPLETE
1664,-37.037037037020575,2026-04-07 11:31:15.910421,2026-04-07 11:31:16.792478,0 days 00:00:00.882057,54.59180886563328,1.0817798513384296,0.40261664558194243,Ag,PRUNED
1665,-38.88888888887141,2026-04-07 11:31:15.887114,2026-04-07 11:31:17.091989,0 days 00:00:01.204875,83.53154306281397,0.6002645304465507,0.2693020047385231,Ag,COMPLETE
1666,-37.037037037020575,2026-04-07 11:31:15.967684,2026-04-07 11:31:16.704294,0 days 00:00:00.736610,77.5913265941285,0.6661825023681565,0.5317412489085085,Ag,PRUNED
1667,-1.0,2026-04-07 11:31:16.343066,2026-04-07 11:31:17.307139,0 days 00:00:00.964073,90.20089126346966,16.81475842587881,0.9833932922713142,Ag,COMPLETE
1668,-45.94017094014738,2026-04-07 11:31:16.552551,2026-04-07 11:31:17.501152,0 days 00:00:00.948601,75.97731920074904,1.1345946704163383,0.3972881383210035,Ag,COMPLETE
1669,-47.29729729727182,2026-04-07 11:31:16.543237,2026-04-07 11:31:17.649713,0 days 00:00:01.106476,73.41568725865187,0.5922789152676339,0.4496993233132587,Ag,COMPLETE
1670,-1.0,2026-04-07 11:31:16.704294,2026-04-07 11:31:17.683817,0 days 00:00:00.979523,79.6710891839392,3.3260572183966577,0.35628649119335853,Ag,COMPLETE
1671,-1.0113268608414043,2026-04-07 11:31:16.830686,2026-04-07 11:31:17.788435,0 days 00:00:00.957749,61.17846891242082,19.854704160870945,1.0269925194454017,Au,PRUNED
1672,-40.69767441858579,2026-04-07 11:31:16.919220,2026-04-07 11:31:17.682310,0 days 00:00:00.763090,52.21382677604099,0.8316064029947445,0.13563944063337835,Ag,COMPLETE
1673,-1.0,2026-04-07 11:31:17.335643,2026-04-07 11:31:17.969929,0 days 00:00:00.634286,37.66690911137941,0.5641988723077223,1.4181786278704152,Au,COMPLETE
1674,-37.037037037020575,2026-04-07 11:31:17.559915,2026-04-07 11:31:18.354391,0 days 00:00:00.794476,56.00978055542197,0.7504978152522974,0.4507892647528903,Ag,PRUNED
1675,-1.0,2026-04-07 11:31:17.616262,2026-04-07 11:31:18.472340,0 days 00:00:00.856078,111.44829686765333,11.636135393020002,1.1953220807912988,Au,COMPLETE
1676,-1.0,2026-04-07 11:31:17.806703,2026-04-07 11:31:18.619957,0 days 00:00:00.813254,60.84943912184644,0.6722039490542633,0.5148112156509644,Ag,COMPLETE
1677,-1.0,2026-04-07 11:31:17.890892,2026-04-07 11:31:18.685591,0 days 00:00:00.794699,69.8170924070577,4.211429119927961,0.11671302767102171,Ag,COMPLETE
1678,-1.0,2026-04-07 11:31:17.867737,2026-04-07 11:31:18.635312,0 days 00:00:00.767575,75.68619764486606,4.053582225268631,0.5470928042273683,Au,COMPLETE
1679,-1.0,2026-04-07 11:31:17.993137,2026-04-07 11:31:18.586728,0 days 00:00:00.593591,65.16993182763643,3.84684562067999,0.11360592346966071,Ag,COMPLETE
1680,-1.0,2026-04-07 11:31:17.971928,2026-04-07 11:31:18.619957,0 days 00:00:00.648029,53.46274273589252,0.9332561537679065,0.10524883872935183,Ag,COMPLETE
1681,-1.0,2026-04-07 11:31:18.213698,2026-04-07 11:31:18.656369,0 days 00:00:00.442671,61.684823435620814,3.4538372361079297,0.3809884568069455,Ag,COMPLETE
1682,-1.0,2026-04-07 11:31:18.475852,2026-04-07 11:31:19.231282,0 days 00:00:00.755430,72.01525419917117,3.9840594519438124,0.12845379045376365,Ag,COMPLETE
1683,-37.037037037020575,2026-04-07 11:31:18.708499,2026-04-07 11:31:19.397854,0 days 00:00:00.689355,80.51184101151655,0.637320840658455,0.3546648968363798,Ag,PRUNED
1684,-37.037037037020575,2026-04-07 11:31:18.733479,2026-04-07 11:31:19.482157,0 days 00:00:00.748678,80.83814668521413,1.0719746210895218,0.12144351804802417,Ag,PRUNED
1685,-1.0,2026-04-07 11:31:18.922346,2026-04-07 11:31:19.728704,0 days 00:00:00.806358,71.49515286515813,3.8299202491594975,0.34454405771938035,Ag,COMPLETE
1686,-1.0,2026-04-07 11:31:18.935438,2026-04-07 11:31:19.773219,0 days 00:00:00.837781,106.91583033581148,9.121051105857987,0.44893773717142504,Ag,COMPLETE
1687,-1.0,2026-04-07 11:31:18.985427,2026-04-07 11:31:19.773219,0 days 00:00:00.787792,47.548753518067926,2.5793507603675123,0.12258531182537344,Au,COMPLETE
1688,-1.0,2026-04-07 11:31:19.029199,2026-04-07 11:31:19.873642,0 days 00:00:00.844443,57.811062048041975,1.1360547041040077,0.419594605377903,Ag,COMPLETE
1689,-41.666666666648275,2026-04-07 11:31:19.128750,2026-04-07 11:31:20.181533,0 days 00:00:01.052783,58.50902334543071,3.4100484131883015,0.14180104795705475,Ag,COMPLETE
1690,-1.0,2026-04-07 11:31:19.476545,2026-04-07 11:31:20.474823,0 days 00:00:00.998278,68.15050117724664,3.404871169951221,0.34640079404884727,Ag,COMPLETE
1691,-1.1904761904761563,2026-04-07 11:31:19.556738,2026-04-07 11:31:20.384332,0 days 00:00:00.827594,24.031666459784383,13.617258361535685,0.42979836988433284,Ag,PRUNED
1692,-1.0,2026-04-07 11:31:19.633221,2026-04-07 11:31:20.289867,0 days 00:00:00.656646,76.57412377604692,3.87520930967619,0.3078747964620152,Ag,COMPLETE
1693,-0.6775067750677396,2026-04-07 11:31:19.968002,2026-04-07 11:31:20.981572,0 days 00:00:01.013570,83.1280295899818,16.872249632184413,0.35715950029145005,Cu,PRUNED
1694,-1.0,2026-04-07 11:31:20.036814,2026-04-07 11:31:20.790373,0 days 00:00:00.753559,70.13970853668225,4.127665297588016,0.25264885866316994,Ag,COMPLETE
1695,-37.037037037020575,2026-04-07 11:31:20.028793,2026-04-07 11:31:21.131293,0 days 00:00:01.102500,76.94786873455371,0.7754725666292193,0.4244008404433259,Ag,PRUNED
1696,-34.090909090896695,2026-04-07 11:31:20.235967,2026-04-07 11:31:21.446230,0 days 00:00:01.210263,86.0566371908291,1.2703874962176622,0.10312475603941552,Ag,PRUNED
1697,-34.090909090896695,2026-04-07 11:31:20.414775,2026-04-07 11:31:21.447227,0 days 00:00:01.032452,82.02094888799081,3.0366837884585633,0.14104994135516058,Ag,PRUNED
1698,-8.54700854700767,2026-04-07 11:31:20.475637,2026-04-07 11:31:21.349310,0 days 00:00:00.873673,39.90606147706504,19.26324721771211,0.11892906392911605,Ag,PRUNED
1699,-41.666666666648545,2026-04-07 11:31:20.540205,2026-04-07 11:31:21.665821,0 days 00:00:01.125616,64.66767545101527,3.5692526530044812,0.4323974293226345,Ag,COMPLETE
1700,-1.0,2026-04-07 11:31:20.707505,2026-04-07 11:31:21.567762,0 days 00:00:00.860257,56.927758811767546,3.8672413975145217,0.16081742170069827,Ag,COMPLETE
1701,-1.0,2026-04-07 11:31:21.064713,2026-04-07 11:31:21.897030,0 days 00:00:00.832317,68.03172922471765,3.925526854273058,0.3697043624776962,Ag,COMPLETE
1702,-1.0,2026-04-07 11:31:21.178167,2026-04-07 11:31:21.765790,0 days 00:00:00.587623,65.37609061612818,0.5624112655806145,0.47355855340393654,Ag,COMPLETE
1703,-9.114583333332195,2026-04-07 11:31:21.284863,2026-04-07 11:31:22.009593,0 days 00:00:00.724730,24.750460079825615,16.365241301417015,1.341443879641525,Au,PRUNED
1704,-1.0,2026-04-07 11:31:21.389092,2026-04-07 11:31:22.178492,0 days 00:00:00.789400,38.162047808471414,4.167540341108017,1.0125119721027085,Ag,COMPLETE
1705,-1.0,2026-04-07 11:31:21.534349,2026-04-07 11:31:22.680799,0 days 00:00:01.146450,59.78799433004676,1.0726643788052261,0.46111547693891997,Ag,COMPLETE
1706,-14.25438596491078,2026-04-07 11:31:21.599067,2026-04-07 11:31:22.302241,0 days 00:00:00.703174,24.555110965156793,14.831161982354745,1.3762467702361145,Au,PRUNED
1707,79.62962962962726,2026-04-07 11:31:21.847607,2026-04-07 11:31:23.183196,0 days 00:00:01.335589,32.15058114605384,16.006364660720063,1.502680624591972,Au,PRUNED
1708,-190.07656065958605,2026-04-07 11:31:21.823261,2026-04-07 11:31:23.041017,0 days 00:00:01.217756,23.776991921051934,13.653678430406654,1.9898871350658554,Au,COMPLETE
1709,-9.615384615383876,2026-04-07 11:31:22.052338,2026-04-07 11:31:23.029599,0 days 00:00:00.977261,81.4321228005279,3.445003112508094,0.3293525501963349,Cu,PRUNED
1710,-43.60465116277056,2026-04-07 11:31:22.138369,2026-04-07 11:31:23.154022,0 days 00:00:01.015653,70.57045576371665,3.8162929556859857,0.11506103139321416,Ag,COMPLETE
1711,-1.0,2026-04-07 11:31:22.236856,2026-04-07 11:31:22.946747,0 days 00:00:00.709891,94.02817852805433,0.9907456707288027,1.334440259201914,Au,COMPLETE
1712,-1.0,2026-04-07 11:31:22.403985,2026-04-07 11:31:23.229886,0 days 00:00:00.825901,53.41540724469852,2.2912147732853714,0.14920203467322943,Ag,COMPLETE
1713,-1.0,2026-04-07 11:31:22.495746,2026-04-07 11:31:23.510105,0 days 00:00:01.014359,39.112769265449856,15.47157809339338,1.5305463838323126,Au,COMPLETE
1714,-1.0,2026-04-07 11:31:23.028599,2026-04-07 11:31:23.589122,0 days 00:00:00.560523,23.931989579913914,16.354044908007857,1.9034255047825852,Au,COMPLETE
1715,-1.0,2026-04-07 11:31:23.108851,2026-04-07 11:31:23.925353,0 days 00:00:00.816502,21.109256183597147,13.339098621181918,1.913381937748962,Au,COMPLETE
1716,-13.513513513512052,2026-04-07 11:31:23.220159,2026-04-07 11:31:23.949068,0 days 00:00:00.728909,25.790443716131968,14.146466772431182,1.8931236795323632,Au,PRUNED
1717,0.0,2026-04-07 11:31:23.248234,2026-04-07 11:31:24.148794,0 days 00:00:00.900560,45.30045178853037,14.957672977516856,1.9956766630783684,Au,PRUNED
1718,-1.0,2026-04-07 11:31:23.279663,2026-04-07 11:31:23.815953,0 days 00:00:00.536290,27.8342111738551,12.999972221063775,1.710321567442838,Au,COMPLETE
1719,-1.0,2026-04-07 11:31:23.365954,2026-04-07 11:31:24.118398,0 days 00:00:00.752444,82.40086408817682,1.032791081230118,0.1752394937857004,Ag,COMPLETE
1720,0.0,2026-04-07 11:31:23.550506,2026-04-07 11:31:24.305851,0 days 00:00:00.755345,20.00786357025493,14.658186650817376,1.8866945828823147,Au,PRUNED
1721,-1.0,2026-04-07 11:31:23.903102,2026-04-07 11:31:25.007246,0 days 00:00:01.104144,27.893355270318498,14.346405867596657,1.850733071835641,Au,COMPLETE
1722,-1.0,2026-04-07 11:31:24.030752,2026-04-07 11:31:24.767467,0 days 00:00:00.736715,29.458324213061587,9.72244427448718,1.8328354186003843,Au,COMPLETE
1723,-1.0,2026-04-07 11:31:24.056620,2026-04-07 11:31:24.850357,0 days 00:00:00.793737,21.058598351940013,12.054675898335192,1.932582829332117,Au,COMPLETE
1724,-1.0,2026-04-07 11:31:24.094668,2026-04-07 11:31:25.112786,0 days 00:00:01.018118,31.13902615013972,8.998605002450242,1.8853430798864341,Au,COMPLETE
1725,0.0,2026-04-07 11:31:24.173031,2026-04-07 11:31:25.276775,0 days 00:00:01.103744,24.719321380931778,8.687368503496938,1.867749987942105,Au,PRUNED
1726,0.0,2026-04-07 11:31:24.265595,2026-04-07 11:31:25.365274,0 days 00:00:01.099679,23.19168693511878,12.583787361977176,1.849280326598069,Au,PRUNED
1727,-1.0,2026-04-07 11:31:24.404158,2026-04-07 11:31:25.069976,0 days 00:00:00.665818,22.811353603219125,10.592080745044825,1.9928514633563275,Au,COMPLETE
1728,-1.0,2026-04-07 11:31:24.431222,2026-04-07 11:31:25.275439,0 days 00:00:00.844217,20.554141643333324,13.381932723038972,1.6647725775211857,Au,COMPLETE
1729,-1.0,2026-04-07 11:31:24.998844,2026-04-07 11:31:25.670219,0 days 00:00:00.671375,26.994108671371617,10.416583323200113,1.746810946483146,Au,COMPLETE
1730,75.18115942028767,2026-04-07 11:31:25.279029,2026-04-07 11:31:26.490552,0 days 00:00:01.211523,42.05053918151754,12.716981959912188,1.977874115114756,Au,PRUNED
1731,-1.0,2026-04-07 11:31:25.416110,2026-04-07 11:31:26.256450,0 days 00:00:00.840340,85.82508216053759,0.724422653584055,0.12874303460728345,Ag,COMPLETE
1732,-1.0,2026-04-07 11:31:25.365274,2026-04-07 11:31:26.121016,0 days 00:00:00.755742,36.57512203907602,16.047242869830022,1.7326126766967656,Au,COMPLETE
1733,-1.0,2026-04-07 11:31:25.523495,2026-04-07 11:31:26.303902,0 days 00:00:00.780407,30.0356084551503,16.732285369778307,1.7859623603460348,Au,COMPLETE
1734,-1.0,2026-04-07 11:31:25.568103,2026-04-07 11:31:26.368472,0 days 00:00:00.800369,39.43203970744432,10.56422976580592,1.6816669568644982,Au,COMPLETE
1735,-1.0,2026-04-07 11:31:25.614476,2026-04-07 11:31:26.241168,0 days 00:00:00.626692,22.48136441546317,2.489168394950976,1.488072804725354,Ag,COMPLETE
1736,-1.0,2026-04-07 11:31:25.805960,2026-04-07 11:31:26.432307,0 days 00:00:00.626347,63.73086717375273,3.7417540257222273,0.14501694067663962,Ag,COMPLETE
1737,-7.161458333332886,2026-04-07 11:31:25.937068,2026-04-07 11:31:26.604114,0 days 00:00:00.667046,23.096320534144194,14.434173313603623,1.8843764073596723,Cu,PRUNED
1738,-33.33333333332,2026-04-07 11:31:26.309008,2026-04-07 11:31:27.828622,0 days 00:00:01.519614,79.25133526590933,2.754985412223361,0.1148448289343321,Ag,PRUNED
1739,-1.0,2026-04-07 11:31:26.479449,2026-04-07 11:31:27.411404,0 days 00:00:00.931955,29.52104378587719,14.940937605886758,1.9537644623732242,Au,COMPLETE
1740,-1.0,2026-04-07 11:31:26.530166,2026-04-07 11:31:27.348479,0 days 00:00:00.818313,26.79623125863377,15.772908953801327,1.660314358320446,Au,COMPLETE
1741,-4.9019607843131485,2026-04-07 11:31:26.554432,2026-04-07 11:31:27.611607,0 days 00:00:01.057175,26.485107421684887,15.18937995413727,1.8700004889531137,Au,PRUNED
1742,-37.037037037020575,2026-04-07 11:31:26.634496,2026-04-07 11:31:27.658786,0 days 00:00:01.024290,51.62073264802311,0.5374930249102036,0.1235533859044036,Ag,PRUNED
1743,0.0,2026-04-07 11:31:26.606622,2026-04-07 11:31:27.536203,0 days 00:00:00.929581,35.51266147858,16.177832344770245,1.9139860136740685,Au,PRUNED
1744,-315.81439393935807,2026-04-07 11:31:26.724638,2026-04-07 11:31:27.688695,0 days 00:00:00.964057,21.329832827977093,17.06245139763542,1.72480354126079,Au,COMPLETE
1745,3.086419753086191,2026-04-07 11:31:26.775036,2026-04-07 11:31:27.613615,0 days 00:00:00.838579,35.14310906175451,12.983046003329598,1.5839828833666063,Au,PRUNED
1746,0.0,2026-04-07 11:31:27.586459,2026-04-07 11:31:28.532151,0 days 00:00:00.945692,35.656890250941636,19.04733325335235,1.6950855486429037,Au,PRUNED
1747,-8.928571428570153,2026-04-07 11:31:27.662297,2026-04-07 11:31:28.736274,0 days 00:00:01.073977,21.392870795827847,18.516936938327927,1.9036596208120902,Au,PRUNED
1748,-1.0,2026-04-07 11:31:27.753016,2026-04-07 11:31:28.392550,0 days 00:00:00.639534,39.2000262808513,12.38029490776715,1.9999448780796034,Au,COMPLETE
1749,-1.0,2026-04-07 11:31:27.766422,2026-04-07 11:31:28.563378,0 days 00:00:00.796956,34.66377871760504,16.68588401187405,1.698187675189871,Au,COMPLETE
1750,-1.0,2026-04-07 11:31:27.800283,2026-04-07 11:31:28.505132,0 days 00:00:00.704849,31.87443254759346,13.17654380174235,1.9351855883177969,Au,COMPLETE
1751,-11.904761904760544,2026-04-07 11:31:27.884714,2026-04-07 11:31:28.926062,0 days 00:00:01.041348,24.68138559456303,15.404390676556574,1.6966395871389761,Au,PRUNED
1752,-1.0,2026-04-07 11:31:27.922201,2026-04-07 11:31:28.546082,0 days 00:00:00.623881,29.90194671371233,19.68796270718002,1.4519375482172938,Au,COMPLETE
1753,0.0,2026-04-07 11:31:28.017969,2026-04-07 11:31:29.410074,0 days 00:00:01.392105,33.08356676483971,17.19822446421766,1.824282428501697,Au,PRUNED
1754,-300.0452898550398,2026-04-07 11:31:28.695134,2026-04-07 11:31:29.863471,0 days 00:00:01.168337,22.111731945313792,16.19852607190137,1.6808957209590667,Au,COMPLETE
1755,-1.0,2026-04-07 11:31:28.769925,2026-04-07 11:31:29.565325,0 days 00:00:00.795400,33.89631664971665,17.60313749771928,0.44348761596981956,Ag,COMPLETE
1756,-44.64285714283566,2026-04-07 11:31:28.799210,2026-04-07 11:31:29.786740,0 days 00:00:00.987530,66.65556975702489,3.6142071230883634,0.10037039583961911,Ag,COMPLETE
1757,-13.095238095236597,2026-04-07 11:31:28.827748,2026-04-07 11:31:29.770518,0 days 00:00:00.942770,26.635667825078748,14.469519817950292,1.5374419387990548,Au,PRUNED
1758,-1.0,2026-04-07 11:31:28.866494,2026-04-07 11:31:29.495345,0 days 00:00:00.628851,22.611337366595045,19.460419766935704,1.6438049166605164,Au,COMPLETE
1759,-1.0,2026-04-07 11:31:28.970395,2026-04-07 11:31:29.966268,0 days 00:00:00.995873,20.753498939830124,17.629872714889714,1.7283966168125215,Au,COMPLETE
1760,-1.0,2026-04-07 11:31:29.006288,2026-04-07 11:31:29.817243,0 days 00:00:00.810955,45.62013374557216,14.56903429660027,1.7240643674361642,Au,COMPLETE
1761,-1.0,2026-04-07 11:31:29.561307,2026-04-07 11:31:30.521537,0 days 00:00:00.960230,20.02818769129859,9.679694738455227,1.6275433022989487,Ag,COMPLETE
1762,-1.0,2026-04-07 11:31:29.716432,2026-04-07 11:31:30.395282,0 days 00:00:00.678850,21.916186035989835,19.199207371972804,1.5452275955053354,Au,COMPLETE
1763,-3.571428571428163,2026-04-07 11:31:29.790804,2026-04-07 11:31:30.907843,0 days 00:00:01.117039,27.170180987645264,14.735085493641623,1.9515856645507454,Au,PRUNED
1764,-1.0,2026-04-07 11:31:29.896665,2026-04-07 11:31:30.463814,0 days 00:00:00.567149,65.46880082672817,10.720774604489517,1.5832220490236617,Au,COMPLETE
1765,-1.0,2026-04-07 11:31:30.056808,2026-04-07 11:31:30.635517,0 days 00:00:00.578709,23.50897787354951,16.79314874490789,1.8664526207287226,Ag,COMPLETE
1766,-1.0,2026-04-07 11:31:30.183910,2026-04-07 11:31:30.832690,0 days 00:00:00.648780,41.24732420092073,18.506344973252748,1.4191963592255135,Au,COMPLETE
1767,-16.02564102563938,2026-04-07 11:31:30.193488,2026-04-07 11:31:31.051671,0 days 00:00:00.858183,27.292161137236867,12.424107115348356,1.607685071447202,Au,PRUNED
1768,0.0,2026-04-07 11:31:30.274535,2026-04-07 11:31:31.288224,0 days 00:00:01.013689,48.20579283521022,18.788216432559388,1.892344652655445,Au,PRUNED
1769,-9.433962264150232,2026-04-07 11:31:30.681128,2026-04-07 11:31:31.738167,0 days 00:00:01.057039,43.74222774659249,11.016569614674975,1.8236207367143265,Cu,PRUNED
1770,-1.0,2026-04-07 11:31:30.708560,2026-04-07 11:31:31.417354,0 days 00:00:00.708794,29.1755777463707,16.64735099644837,1.8129104648411583,Au,COMPLETE
1771,0.0,2026-04-07 11:31:30.804177,2026-04-07 11:31:31.556444,0 days 00:00:00.752267,36.15122581287468,18.192671104830808,1.551885863719709,Au,PRUNED
1772,0.0,2026-04-07 11:31:30.996866,2026-04-07 11:31:32.221951,0 days 00:00:01.225085,30.94049469008823,18.536495522866716,1.5536193301078336,Au,PRUNED
1773,0.0,2026-04-07 11:31:31.123803,2026-04-07 11:31:32.071793,0 days 00:00:00.947990,32.24985126531493,19.927575439353962,1.8266780238979314,Au,PRUNED
1774,-1.0,2026-04-07 11:31:31.170683,2026-04-07 11:31:31.959299,0 days 00:00:00.788616,26.212570622463716,15.10258207322113,1.8465557399262378,Au,COMPLETE
1775,0.0,2026-04-07 11:31:31.080401,2026-04-07 11:31:32.450499,0 days 00:00:01.370098,46.234245350391014,14.712978768136747,1.742938584404867,Au,PRUNED
1776,0.0,2026-04-07 11:31:31.558443,2026-04-07 11:31:32.730025,0 days 00:00:01.171582,22.557681464026825,11.518263003239735,1.4555817729082794,Au,PRUNED
1777,-1.0,2026-04-07 11:31:31.671929,2026-04-07 11:31:32.501388,0 days 00:00:00.829459,23.183035577885086,16.156843803528908,1.5480265799647106,Au,COMPLETE
1778,-1.0,2026-04-07 11:31:31.872140,2026-04-07 11:31:32.500810,0 days 00:00:00.628670,20.751840202523855,17.511042000797627,1.8318763158891693,Au,COMPLETE
1779,-1.0,2026-04-07 11:31:31.765830,2026-04-07 11:31:32.580066,0 days 00:00:00.814236,30.844721727972036,15.859270851579998,1.5809139549289914,Au,COMPLETE
1780,-1.0,2026-04-07 11:31:32.175344,2026-04-07 11:31:32.931892,0 days 00:00:00.756548,44.38000462595018,15.927414879633037,1.8190751741073945,Au,COMPLETE
1781,-1.0,2026-04-07 11:31:32.122040,2026-04-07 11:31:33.078336,0 days 00:00:00.956296,21.216373707953668,16.931422865524404,1.8400143026741573,Au,COMPLETE
1782,-1.0,2026-04-07 11:31:32.375810,2026-04-07 11:31:33.269276,0 days 00:00:00.893466,20.604531117502766,15.753097810170809,1.6463579444809695,Au,COMPLETE
1783,-1.0,2026-04-07 11:31:32.616168,2026-04-07 11:31:33.533792,0 days 00:00:00.917624,22.458456153130783,15.540328489581448,1.4244522069301964,Au,COMPLETE
1784,-1.0,2026-04-07 11:31:32.739922,2026-04-07 11:31:33.487707,0 days 00:00:00.747785,27.897716805690376,18.84970558818212,1.923089914897643,Au,COMPLETE
1785,-1.0,2026-04-07 11:31:32.770789,2026-04-07 11:31:33.565547,0 days 00:00:00.794758,35.32496418862156,17.549510751193036,1.6027614089848548,Au,COMPLETE
1786,-1.0,2026-04-07 11:31:32.801921,2026-04-07 11:31:33.516585,0 days 00:00:00.714664,28.563655494265767,13.574528461869035,1.4932457811921684,Au,COMPLETE
1787,-1.0,2026-04-07 11:31:32.829755,2026-04-07 11:31:33.627050,0 days 00:00:00.797295,22.017173162271913,16.83323869857575,1.5243648573054787,Au,COMPLETE
1788,0.0,2026-04-07 11:31:33.266157,2026-04-07 11:31:34.006303,0 days 00:00:00.740146,32.79357393412617,16.58455124343238,1.3293673110785789,Au,PRUNED
1789,-320.4022988505381,2026-04-07 11:31:33.377692,2026-04-07 11:31:34.337538,0 days 00:00:00.959846,22.865545855653945,16.423901905678996,1.4376215064649398,Au,COMPLETE
1790,-1.0,2026-04-07 11:31:33.584147,2026-04-07 11:31:34.335978,0 days 00:00:00.751831,78.47899277640583,1.0111267607307433,0.10515888968947827,Ag,COMPLETE
1791,-1.0,2026-04-07 11:31:33.683802,2026-04-07 11:31:34.402364,0 days 00:00:00.718562,21.2624513476288,14.38784779069775,1.9446586956017171,Au,COMPLETE
1792,-1.0,2026-04-07 11:31:33.743539,2026-04-07 11:31:34.577281,0 days 00:00:00.833742,39.76564789987595,14.064373826669266,1.8501543983526794,Au,COMPLETE
1793,-298.4234234233912,2026-04-07 11:31:33.754923,2026-04-07 11:31:34.679632,0 days 00:00:00.924709,22.969057569801482,15.6002892808253,1.6850476343144603,Au,COMPLETE
1794,2.525252525252219,2026-04-07 11:31:33.802890,2026-04-07 11:31:34.681186,0 days 00:00:00.878296,23.980578557294145,17.593092564887694,1.9928393439117862,Au,PRUNED
1795,-1.0,2026-04-07 11:31:33.901465,2026-04-07 11:31:34.498220,0 days 00:00:00.596755,34.540991221740015,15.477404633536235,1.5960477524238434,Au,COMPLETE
1796,-1.0,2026-04-07 11:31:34.132860,2026-04-07 11:31:34.857696,0 days 00:00:00.724836,26.868954122827397,15.361124932272059,1.7308300486060473,Au,COMPLETE
1797,0.0,2026-04-07 11:31:34.617777,2026-04-07 11:31:35.554359,0 days 00:00:00.936582,34.63624446963034,15.98900368687892,1.3142027629251676,Au,PRUNED
1798,0.0,2026-04-07 11:31:34.657906,2026-04-07 11:31:35.618281,0 days 00:00:00.960375,95.86324723005424,16.195072984952393,1.8882365727270147,Ag,PRUNED
1799,-1.0,2026-04-07 11:31:34.729454,2026-04-07 11:31:35.445203,0 days 00:00:00.715749,22.63608486080615,11.95389942231212,1.583502467958758,Au,COMPLETE
1800,-13.888888888887346,2026-04-07 11:31:34.760492,2026-04-07 11:31:35.632809,0 days 00:00:00.872317,24.648319408425117,15.35969137863548,1.1817626611168364,Au,PRUNED
1801,-1.0,2026-04-07 11:31:34.774410,2026-04-07 11:31:35.428206,0 days 00:00:00.653796,21.354504998249517,18.964504205721823,1.288324219593796,Au,COMPLETE
1802,0.0,2026-04-07 11:31:34.810464,2026-04-07 11:31:35.633816,0 days 00:00:00.823352,31.68523561388568,17.38270404183174,1.345348310646435,Au,PRUNED
1803,0.0,2026-04-07 11:31:34.856152,2026-04-07 11:31:36.023246,0 days 00:00:01.167094,118.04225834140011,15.397559115549337,0.8834076456204536,Cu,PRUNED
1804,-1.0,2026-04-07 11:31:35.104220,2026-04-07 11:31:35.939664,0 days 00:00:00.835444,34.63675618434992,14.274434981276569,1.6744470537718026,Au,COMPLETE
1805,-15.35087719298084,2026-04-07 11:31:35.636919,2026-04-07 11:31:36.431146,0 days 00:00:00.794227,25.981461185813444,13.711481095933543,1.2962585964244024,Au,PRUNED
1806,-1.0,2026-04-07 11:31:35.730056,2026-04-07 11:31:36.713416,0 days 00:00:00.983360,25.632421151722994,15.494106034899211,1.6905496774839985,Cu,COMPLETE
1807,-326.26705653017615,2026-04-07 11:31:35.745566,2026-04-07 11:31:36.429196,0 days 00:00:00.683630,21.044998560509562,17.661053786847614,1.5476415996415926,Au,COMPLETE
1808,-1.0,2026-04-07 11:31:35.761046,2026-04-07 11:31:36.414832,0 days 00:00:00.653786,20.487080275264855,13.749763330830072,1.678672550883079,Au,COMPLETE
1809,0.0,2026-04-07 11:31:35.799224,2026-04-07 11:31:36.758180,0 days 00:00:00.958956,36.37232272455211,17.10289970266354,1.4465652285788417,Au,PRUNED
1810,1.633986928104447,2026-04-07 11:31:35.825003,2026-04-07 11:31:36.789951,0 days 00:00:00.964948,33.03411411949985,13.599222097311536,1.15727543283817,Au,PRUNED
1811,-1.0,2026-04-07 11:31:36.137847,2026-04-07 11:31:37.016000,0 days 00:00:00.878153,24.042356109406988,18.805993297884783,1.7978809618853044,Au,COMPLETE
1812,-1.0,2026-04-07 11:31:36.220559,2026-04-07 11:31:36.913195,0 days 00:00:00.692636,20.70273031075198,19.175548289206265,1.3840444225993935,Au,COMPLETE
1813,-2.278645833333298,2026-04-07 11:31:36.611782,2026-04-07 11:31:38.145444,0 days 00:00:01.533662,95.99674335925503,3.655171537517237,1.9021230069916168,Au,PRUNED
1814,-301.6848816028817,2026-04-07 11:31:36.690301,2026-04-07 11:31:37.831714,0 days 00:00:01.141413,23.093144384663834,15.801733423621194,1.4377977792721823,Au,COMPLETE
1815,-1.0,2026-04-07 11:31:36.848889,2026-04-07 11:31:37.661633,0 days 00:00:00.812744,57.164858008722916,17.66386817786958,1.4833140592626646,Au,COMPLETE
1816,-1.0,2026-04-07 11:31:36.870096,2026-04-07 11:31:37.708981,0 days 00:00:00.838885,20.524581744478937,17.151089304353942,1.473713688213201,Au,COMPLETE
1817,-1.0,2026-04-07 11:31:36.883673,2026-04-07 11:31:37.577293,0 days 00:00:00.693620,36.663324524501995,15.580491492648363,1.6685367634857786,Au,COMPLETE
1818,-1.3440860215052028,2026-04-07 11:31:37.071190,2026-04-07 11:31:38.018872,0 days 00:00:00.947682,23.52171446211151,17.98992865888552,1.6563709022958522,Au,PRUNED
1819,-1.0,2026-04-07 11:31:37.100881,2026-04-07 11:31:37.975403,0 days 00:00:00.874522,24.561769461279546,16.57362674791178,1.3977656349549012,Au,COMPLETE
1820,-1.0,2026-04-07 11:31:37.280326,2026-04-07 11:31:38.008054,0 days 00:00:00.727728,26.423877500598145,17.235878085508805,1.3920971018191541,Au,COMPLETE
1821,-1.0,2026-04-07 11:31:37.791490,2026-04-07 11:31:38.604169,0 days 00:00:00.812679,20.818834358968928,17.570640519243003,1.4051631729073963,Au,COMPLETE
1822,-12.896825396824168,2026-04-07 11:31:37.893970,2026-04-07 11:31:39.177577,0 days 00:00:01.283607,46.570104452140875,15.863909936212377,1.8720020641316395,Ag,PRUNED
1823,-8.928571428570153,2026-04-07 11:31:37.928064,2026-04-07 11:31:38.860547,0 days 00:00:00.932483,21.541800911291787,19.141601190059227,1.373083255663746,Au,PRUNED
1824,-1.0,2026-04-07 11:31:38.037334,2026-04-07 11:31:38.859039,0 days 00:00:00.821705,34.35657786020684,19.756613074845024,1.1111890077439133,Au,COMPLETE
1825,-1.0,2026-04-07 11:31:38.195933,2026-04-07 11:31:38.940201,0 days 00:00:00.744268,22.831975647052165,18.409735826266633,1.309804322944757,Au,COMPLETE
1826,-1.0,2026-04-07 11:31:38.207790,2026-04-07 11:31:39.035097,0 days 00:00:00.827307,20.53472304863138,16.861016923139818,1.13572333228296,Au,COMPLETE
1827,-13.888888888887655,2026-04-07 11:31:38.277353,2026-04-07 11:31:39.485519,0 days 00:00:01.208166,38.13437793593764,13.88871836435771,1.6669270529525602,Ag,PRUNED
1828,-2.2357723577235333,2026-04-07 11:31:38.481966,2026-04-07 11:31:39.614946,0 days 00:00:01.132980,86.95686397588909,0.9674433793046191,1.373454693631641,Cu,PRUNED
1829,0.0,2026-04-07 11:31:38.935140,2026-04-07 11:31:39.544573,0 days 00:00:00.609433,22.174638973971508,15.716558792191142,1.3477171106144863,Au,PRUNED
1830,-1.0,2026-04-07 11:31:39.065026,2026-04-07 11:31:39.699820,0 days 00:00:00.634794,22.099821814783713,18.6015605128542,1.5684873167857212,Au,COMPLETE
1831,0.0,2026-04-07 11:31:39.217973,2026-04-07 11:31:39.797458,0 days 00:00:00.579485,23.203023802162498,13.242584095175086,1.2411763707535874,Au,PRUNED
1832,79.07542579075195,2026-04-07 11:31:39.222633,2026-04-07 11:31:39.896183,0 days 00:00:00.673550,31.387861446835792,18.806856913093252,0.8758164939048025,Cu,PRUNED
1833,-1.0,2026-04-07 11:31:39.301480,2026-04-07 11:31:39.851810,0 days 00:00:00.550330,20.0524222044242,14.178344197906302,1.4144077006041316,Au,COMPLETE
1834,-1.728907330567053,2026-04-07 11:31:39.376806,2026-04-07 11:31:40.019055,0 days 00:00:00.642249,104.48064215138885,4.944506305394535,1.6757176343446614,Ag,PRUNED
1835,-7.142857142856326,2026-04-07 11:31:39.544573,2026-04-07 11:31:40.304093,0 days 00:00:00.759520,25.94948964870186,17.757933401908094,1.603039576030178,Cu,PRUNED
1836,-1.0,2026-04-07 11:31:39.641281,2026-04-07 11:31:40.149918,0 days 00:00:00.508637,43.913678937002246,14.898422496758162,1.0586339411749988,Au,COMPLETE
1837,-2.4509803921565743,2026-04-07 11:31:39.722216,2026-04-07 11:31:40.394424,0 days 00:00:00.672208,25.540074454427533,16.340844677729432,1.6383734289360217,Au,PRUNED
1838,0.0,2026-04-07 11:31:39.893164,2026-04-07 11:31:40.646881,0 days 00:00:00.753717,20.461169421919344,14.65505242827371,1.515939054989698,Au,PRUNED
1839,-1.0,2026-04-07 11:31:39.943527,2026-04-07 11:31:40.378731,0 days 00:00:00.435204,23.7682818159062,18.068019312041844,1.6546356515689058,Ag,COMPLETE
1840,80.26960784313488,2026-04-07 11:31:39.981967,2026-04-07 11:31:40.629101,0 days 00:00:00.647134,32.25182210440298,14.922237508393197,1.4191112964059367,Au,PRUNED
1841,-1.0,2026-04-07 11:31:40.006110,2026-04-07 11:31:40.517631,0 days 00:00:00.511521,27.66732362734264,18.365044547718885,1.6817884900150244,Au,COMPLETE
1842,-1.0,2026-04-07 11:31:40.111218,2026-04-07 11:31:40.785072,0 days 00:00:00.673854,30.081661290733255,16.00172628731267,1.6400882715013776,Au,COMPLETE
1843,-1.0,2026-04-07 11:31:40.305638,2026-04-07 11:31:40.819920,0 days 00:00:00.514282,22.917863004092936,17.253093069176717,0.9795525485765669,Au,COMPLETE
1844,76.0340632603384,2026-04-07 11:31:40.415076,2026-04-07 11:31:40.859814,0 days 00:00:00.444738,39.80032416221934,13.9769773290683,1.484771010700007,Au,PRUNED
1845,0.0,2026-04-07 11:31:40.450588,2026-04-07 11:31:41.127497,0 days 00:00:00.676909,20.272562455151252,17.165350551083804,1.5282991384354672,Au,PRUNED
1846,0.0,2026-04-07 11:31:40.558047,2026-04-07 11:31:41.162652,0 days 00:00:00.604605,45.70535576313377,16.770801709266323,1.3325383530831965,Au,PRUNED
1847,-10.41666666666551,2026-04-07 11:31:40.687704,2026-04-07 11:31:41.299544,0 days 00:00:00.611840,30.107180485198754,13.057605439352951,1.491078935028913,Au,PRUNED
1848,-1.0,2026-04-07 11:31:40.704004,2026-04-07 11:31:41.195231,0 days 00:00:00.491227,21.769811706323726,19.574808081700823,1.7171888834028286,Au,COMPLETE
1849,0.0,2026-04-07 11:31:40.727804,2026-04-07 11:31:41.125467,0 days 00:00:00.397663,45.75187598025786,18.11506554942923,1.3108712611049562,Au,PRUNED
1850,-1.0,2026-04-07 11:31:40.937817,2026-04-07 11:31:41.631055,0 days 00:00:00.693238,37.99172169028033,16.371423013227407,1.3252897681142362,Au,COMPLETE
1851,0.0,2026-04-07 11:31:40.964975,2026-04-07 11:31:41.688228,0 days 00:00:00.723253,41.63305698844245,17.03742625112556,1.219970597367563,Au,PRUNED
1852,0.0,2026-04-07 11:31:41.024006,2026-04-07 11:31:41.934394,0 days 00:00:00.910388,21.15556365324179,15.549212856425626,1.6165549517803803,Au,PRUNED
1853,0.0,2026-04-07 11:31:41.249736,2026-04-07 11:31:41.973466,0 days 00:00:00.723730,39.11990366099211,18.5778714320344,1.585271927919536,Au,PRUNED
1854,-300.72463768112675,2026-04-07 11:31:41.279009,2026-04-07 11:31:41.756628,0 days 00:00:00.477619,22.800402548671812,15.556047840260964,1.9152909466979604,Au,COMPLETE
1855,0.0,2026-04-07 11:31:41.343403,2026-04-07 11:31:41.787587,0 days 00:00:00.444184,38.027645826990664,15.90709109081239,1.3659829979184441,Au,PRUNED
1856,81.49509803921329,2026-04-07 11:31:41.407335,2026-04-07 11:31:42.283383,0 days 00:00:00.876048,28.21908382183717,16.608544529199065,1.5855790294586567,Au,PRUNED
1857,-1.0,2026-04-07 11:31:41.446170,2026-04-07 11:31:41.689228,0 days 00:00:00.243058,38.81830083180088,17.154425159408397,1.6790889750102487,Au,COMPLETE
1858,0.0,2026-04-07 11:31:41.756628,2026-04-07 11:31:42.346510,0 days 00:00:00.589882,21.474445281889697,15.853503602303924,1.6613286446848825,Au,PRUNED
1859,0.0,2026-04-07 11:31:41.864103,2026-04-07 11:31:42.721755,0 days 00:00:00.857652,20.440451704554604,14.722747488248581,1.8916076520995686,Au,PRUNED
1860,82.10784313725247,2026-04-07 11:31:41.884893,2026-04-07 11:31:42.501540,0 days 00:00:00.616647,26.794479579078555,16.662370210219784,1.8269132723671637,Au,PRUNED
1861,79.93827160493589,2026-04-07 11:31:41.915507,2026-04-07 11:31:42.587757,0 days 00:00:00.672250,30.5912191154879,16.144092460457216,1.9810190911917331,Au,PRUNED
1862,0.0,2026-04-07 11:31:41.944543,2026-04-07 11:31:42.639963,0 days 00:00:00.695420,32.592899676584395,19.82271003032789,1.6634302120887898,Au,PRUNED
1863,-1.0,2026-04-07 11:31:42.001317,2026-04-07 11:31:42.469474,0 days 00:00:00.468157,21.722040509474013,14.740502834358281,1.9098580423533609,Au,COMPLETE
1864,0.0,2026-04-07 11:31:42.059902,2026-04-07 11:31:42.802407,0 days 00:00:00.742505,40.54499887111753,16.96881083526743,1.8656741250655124,Au,PRUNED
1865,-1.0,2026-04-07 11:31:42.393710,2026-04-07 11:31:43.163519,0 days 00:00:00.769809,25.33276743008434,16.055167447167985,1.9398985563257964,Au,COMPLETE
1866,-1.0,2026-04-07 11:31:42.383521,2026-04-07 11:31:43.064251,0 days 00:00:00.680730,22.96344348160772,13.864592779405665,0.8343600624383529,Au,COMPLETE
1867,80.57598039215449,2026-04-07 11:31:42.554404,2026-04-07 11:31:43.334063,0 days 00:00:00.779659,30.135789616836863,16.194494479401587,1.3456405103733453,Au,PRUNED
1868,-1.0,2026-04-07 11:31:42.642465,2026-04-07 11:31:43.193114,0 days 00:00:00.550649,35.22268687966791,16.50462265213556,1.6114579540662197,Au,COMPLETE
1869,-1.0,2026-04-07 11:31:42.662194,2026-04-07 11:31:43.227582,0 days 00:00:00.565388,20.99240220631451,17.353766263961553,1.6541067583346962,Au,COMPLETE
1870,-1.0,2026-04-07 11:31:42.725092,2026-04-07 11:31:43.228584,0 days 00:00:00.503492,26.5907983451931,15.70237857622497,1.9912965012307007,Au,COMPLETE
1871,-1.0,2026-04-07 11:31:42.801407,2026-04-07 11:31:43.148286,0 days 00:00:00.346879,37.47465735430961,14.09596751171846,1.5935096576092014,Au,COMPLETE
1872,-1.0,2026-04-07 11:31:42.879735,2026-04-07 11:31:43.259755,0 days 00:00:00.380020,27.893081705372534,14.696394345934488,1.6505947087265025,Au,COMPLETE
1873,-1.0,2026-04-07 11:31:43.187378,2026-04-07 11:31:43.666169,0 days 00:00:00.478791,41.48702303874329,16.011214299303045,1.725523476975077,Cu,COMPLETE
1874,-1.0,2026-04-07 11:31:43.389921,2026-04-07 11:31:43.856236,0 days 00:00:00.466315,21.007946247328416,13.225182597297053,1.5672255881760038,Au,COMPLETE
1875,-1.0,2026-04-07 11:31:43.400197,2026-04-07 11:31:43.809564,0 days 00:00:00.409367,39.795908285545224,8.629632153530382,0.91183433516436,Au,COMPLETE
1876,-188.8204225351978,2026-04-07 11:31:43.421874,2026-04-07 11:31:44.233801,0 days 00:00:00.811927,24.34488243075374,13.633195882943912,1.6522825518174376,Au,COMPLETE
1877,0.0,2026-04-07 11:31:43.439667,2026-04-07 11:31:43.919170,0 days 00:00:00.479503,20.12902052922419,17.151632507305465,1.6106442343462868,Au,PRUNED
1878,-1.0,2026-04-07 11:31:43.471915,2026-04-07 11:31:43.965822,0 days 00:00:00.493907,25.0651114577729,9.616690360788406,1.9741669748164021,Ag,COMPLETE
1879,-1.0,2026-04-07 11:31:43.463590,2026-04-07 11:31:43.882502,0 days 00:00:00.418912,20.83588298418205,13.847887797207674,1.6377777639113038,Au,COMPLETE
1880,-1.0,2026-04-07 11:31:43.583427,2026-04-07 11:31:44.117920,0 days 00:00:00.534493,20.079261468772373,12.39970721124973,1.8858850408396342,Au,COMPLETE
1881,1.2254901960782871,2026-04-07 11:31:43.784728,2026-04-07 11:31:44.604657,0 days 00:00:00.819929,26.009158318356864,16.517251496950394,1.6566764689746138,Au,PRUNED
1882,-1.0,2026-04-07 11:31:43.964820,2026-04-07 11:31:44.606657,0 days 00:00:00.641837,20.86678819528976,13.623649737168313,1.3583262703123336,Au,COMPLETE
1883,0.0,2026-04-07 11:31:44.085479,2026-04-07 11:31:44.666721,0 days 00:00:00.581242,42.84170475995985,18.380775894494672,1.9929148199776268,Au,PRUNED
1884,-1.0,2026-04-07 11:31:44.156684,2026-04-07 11:31:44.705406,0 days 00:00:00.548722,20.63141706247705,14.154279682861711,1.3339780342358407,Au,COMPLETE
1885,3.858024691357739,2026-04-07 11:31:44.174978,2026-04-07 11:31:44.896982,0 days 00:00:00.722004,32.90398982651867,13.298400132647075,1.9796887369852267,Au,PRUNED
1886,-1.0,2026-04-07 11:31:44.244477,2026-04-07 11:31:44.775332,0 days 00:00:00.530855,34.83074351808917,13.766656817834113,1.7018003821741856,Au,COMPLETE
1887,-1.0,2026-04-07 11:31:44.280467,2026-04-07 11:31:44.801026,0 days 00:00:00.520559,21.86655622652849,18.720314456215686,1.7966028779306107,Au,COMPLETE
1888,-1.0,2026-04-07 11:31:44.432631,2026-04-07 11:31:45.026821,0 days 00:00:00.594190,21.045455822428316,11.246907493957416,1.4744367204836033,Au,COMPLETE
1889,3.858024691357739,2026-04-07 11:31:44.725749,2026-04-07 11:31:45.395029,0 days 00:00:00.669280,37.15393030885537,12.779004705438222,1.4424493958813944,Au,PRUNED
1890,-0.6858710562414153,2026-04-07 11:31:44.820564,2026-04-07 11:31:45.745466,0 days 00:00:00.924902,117.85240522612821,7.678348845222743,1.1347297325427763,Au,PRUNED
1891,78.4313725490173,2026-04-07 11:31:44.873604,2026-04-07 11:31:45.465104,0 days 00:00:00.591500,36.4757775528516,14.11805994327267,1.4677935802069313,Au,PRUNED
1892,0.0,2026-04-07 11:31:44.922556,2026-04-07 11:31:45.554193,0 days 00:00:00.631637,39.58437993255433,14.280598085562232,1.692466421337987,Au,PRUNED
1893,-1.0,2026-04-07 11:31:44.945108,2026-04-07 11:31:45.441212,0 days 00:00:00.496104,33.87555359316181,11.828120359529334,1.6760951292915305,Au,COMPLETE
1894,0.0,2026-04-07 11:31:44.976523,2026-04-07 11:31:45.504785,0 days 00:00:00.528262,20.487375840180576,15.659197578332376,1.586917138022531,Au,PRUNED
1895,-1.0,2026-04-07 11:31:45.080380,2026-04-07 11:31:45.611779,0 days 00:00:00.531399,37.630963494532494,11.891002049213615,1.6281557783470195,Au,COMPLETE
1896,-4.084967320261118,2026-04-07 11:31:45.261874,2026-04-07 11:31:45.988908,0 days 00:00:00.727034,36.34083303974236,11.63717532635206,1.165682986637488,Au,PRUNED
1897,0.0,2026-04-07 11:31:45.474935,2026-04-07 11:31:46.175646,0 days 00:00:00.700711,20.778303374744173,15.41610689007868,1.742135464660804,Au,PRUNED
1898,0.0,2026-04-07 11:31:45.528725,2026-04-07 11:31:46.207682,0 days 00:00:00.678957,20.00449059201021,16.96323199837363,1.4779737537941717,Au,PRUNED
1899,-1.0,2026-04-07 11:31:45.557196,2026-04-07 11:31:46.111806,0 days 00:00:00.554610,21.032400397981988,12.321868914799607,1.6069529596371188,Au,COMPLETE
1900,-1.0,2026-04-07 11:31:45.635604,2026-04-07 11:31:46.206299,0 days 00:00:00.570695,21.247131327574454,16.74018052402633,1.9487721182658828,Au,COMPLETE
1901,-1.0,2026-04-07 11:31:45.646879,2026-04-07 11:31:46.309786,0 days 00:00:00.662907,20.507062206602143,16.95948376488406,1.4272664031069289,Au,COMPLETE
1902,78.7377450980369,2026-04-07 11:31:45.750393,2026-04-07 11:31:46.380049,0 days 00:00:00.629656,35.816056099460255,13.379362123156092,1.8604095680448942,Au,PRUNED
1903,-1.0,2026-04-07 11:31:45.849638,2026-04-07 11:31:46.626767,0 days 00:00:00.777129,27.490485262857778,15.514931888221588,1.5760548866470394,Au,COMPLETE
1904,-1.0,2026-04-07 11:31:46.023203,2026-04-07 11:31:46.704642,0 days 00:00:00.681439,23.68936603145957,5.8899296466294295,1.6786175918781356,Cu,COMPLETE
1905,0.0,2026-04-07 11:31:46.253291,2026-04-07 11:31:46.830411,0 days 00:00:00.577120,20.868764469295854,13.817321579216236,1.3385650716531654,Au,PRUNED
1906,0.0,2026-04-07 11:31:46.313746,2026-04-07 11:31:47.040160,0 days 00:00:00.726414,21.230748864651105,15.121156176590434,1.3798934815651362,Au,PRUNED
1907,-1.0,2026-04-07 11:31:46.382546,2026-04-07 11:31:47.130003,0 days 00:00:00.747457,36.31864618453852,15.557846790999767,1.9148196199288252,Au,COMPLETE
1908,0.0,2026-04-07 11:31:46.457696,2026-04-07 11:31:47.160426,0 days 00:00:00.702730,21.241125204424083,14.723037532519777,1.3308276755987363,Au,PRUNED
1909,-310.05586592175297,2026-04-07 11:31:46.480077,2026-04-07 11:31:47.041664,0 days 00:00:00.561587,22.140979321333617,16.527338702192054,1.587862567132916,Au,COMPLETE
1910,-13.513513513512052,2026-04-07 11:31:46.530405,2026-04-07 11:31:47.222072,0 days 00:00:00.691667,23.35888110056503,15.565689895933,1.7797101890447529,Au,PRUNED
1911,-291.00529100526035,2026-04-07 11:31:46.847844,2026-04-07 11:31:47.552093,0 days 00:00:00.704249,22.124547579164844,15.690795582581611,1.9342833343930865,Au,COMPLETE
1912,-1.0,2026-04-07 11:31:46.916881,2026-04-07 11:31:47.610483,0 days 00:00:00.693602,21.47409949170198,15.05919785933318,1.9059600874679323,Au,COMPLETE
1913,-1.0,2026-04-07 11:31:46.957060,2026-04-07 11:31:47.563645,0 days 00:00:00.606585,21.615001557991242,14.803707459035714,1.7499830578105906,Au,COMPLETE
1914,4.6296296296292185,2026-04-07 11:31:47.211280,2026-04-07 11:31:47.802588,0 days 00:00:00.591308,34.757267183840945,19.749872779276025,1.4819983866159412,Ag,PRUNED
1915,-8.064516129031738,2026-04-07 11:31:47.223071,2026-04-07 11:31:47.715434,0 days 00:00:00.492363,24.9536209479122,14.77006723090139,1.2312290631568348,Cu,PRUNED
1916,-1.0,2026-04-07 11:31:47.250062,2026-04-07 11:31:47.689161,0 days 00:00:00.439099,26.88518323923389,14.600562361023787,1.503746229113429,Cu,COMPLETE
1917,0.0,2026-04-07 11:31:47.283473,2026-04-07 11:31:47.766441,0 days 00:00:00.482968,35.170691959441534,18.795206977474187,1.4123728327455731,Au,PRUNED
1918,0.0,2026-04-07 11:31:47.393417,2026-04-07 11:31:48.089827,0 days 00:00:00.696410,53.61498419167632,17.126635189478982,1.6442914282340622,Au,PRUNED
1919,0.0,2026-04-07 11:31:47.769522,2026-04-07 11:31:48.472545,0 days 00:00:00.703023,34.91879836570647,16.946897411263596,1.7955963235280366,Au,PRUNED
1920,-1.0,2026-04-07 11:31:47.825507,2026-04-07 11:31:48.359692,0 days 00:00:00.534185,55.28795021703834,11.546946173538112,1.2792002338968558,Au,COMPLETE
1921,-11.363636363634987,2026-04-07 11:31:47.863594,2026-04-07 11:31:48.473544,0 days 00:00:00.609950,23.020936037831266,16.551096484399825,1.8294709303587182,Au,PRUNED
1922,-1.0,2026-04-07 11:31:47.881250,2026-04-07 11:31:48.286347,0 days 00:00:00.405097,20.516274504707884,14.943004236138528,1.8946751404260107,Au,COMPLETE
1923,-1.0,2026-04-07 11:31:47.904386,2026-04-07 11:31:48.406477,0 days 00:00:00.502091,20.01806138315292,17.952002117854477,1.7059217824426145,Au,COMPLETE
1924,-1.0,2026-04-07 11:31:47.973557,2026-04-07 11:31:48.406477,0 days 00:00:00.432920,23.753277675238255,13.662991826765055,1.7869300503835657,Ag,COMPLETE
1925,-1.0,2026-04-07 11:31:48.057047,2026-04-07 11:31:48.405903,0 days 00:00:00.348856,34.79424804841807,15.814835661880284,1.8683554009754049,Au,COMPLETE
1926,0.0,2026-04-07 11:31:48.138679,2026-04-07 11:31:48.818511,0 days 00:00:00.679832,20.067362637791433,15.553051782103497,1.7804953782696136,Au,PRUNED
1927,-1.0,2026-04-07 11:31:48.492983,2026-04-07 11:31:49.111682,0 days 00:00:00.618699,24.782642564858406,12.87860008261567,1.882813071714394,Au,COMPLETE
1928,-1.0,2026-04-07 11:31:48.476974,2026-04-07 11:31:49.080008,0 days 00:00:00.603034,20.384055795288813,14.519211552488299,1.6800489396871752,Au,COMPLETE
1929,0.0,2026-04-07 11:31:48.518718,2026-04-07 11:31:49.119908,0 days 00:00:00.601190,20.052946508885384,10.83612155764497,1.762135261029802,Au,PRUNED
1930,-1.0,2026-04-07 11:31:48.567981,2026-04-07 11:31:49.038288,0 days 00:00:00.470307,35.46362108020284,12.099681080407613,1.9995594358149487,Au,COMPLETE
1931,-1.0,2026-04-07 11:31:48.580855,2026-04-07 11:31:49.229352,0 days 00:00:00.648497,20.702914684317832,19.71694264953951,1.864126095385316,Au,COMPLETE
1932,79.6568627450957,2026-04-07 11:31:48.596064,2026-04-07 11:31:49.363797,0 days 00:00:00.767733,33.72845387534994,13.955351772792792,1.7506677950206049,Au,PRUNED
1933,0.0,2026-04-07 11:31:48.636734,2026-04-07 11:31:49.307875,0 days 00:00:00.671141,46.8186683486865,15.817021759094137,1.563555145788016,Au,PRUNED
1934,-1.0,2026-04-07 11:31:48.932803,2026-04-07 11:31:49.832558,0 days 00:00:00.899755,26.245936606008602,13.519711775609267,1.9705193600244975,Au,COMPLETE
1935,-1.0,2026-04-07 11:31:49.225514,2026-04-07 11:31:49.740706,0 days 00:00:00.515192,29.248145450156198,14.091920523249273,1.9975947461691048,Au,COMPLETE
1936,0.0,2026-04-07 11:31:49.264107,2026-04-07 11:31:49.795793,0 days 00:00:00.531686,38.35780720958023,16.425917061343604,1.8890934141500912,Au,PRUNED
1937,-12.096774193546826,2026-04-07 11:31:49.320135,2026-04-07 11:31:50.050057,0 days 00:00:00.729922,23.11336730477025,17.27318376226932,1.35278227343701,Au,PRUNED
1938,-1.0,2026-04-07 11:31:49.405165,2026-04-07 11:31:49.925554,0 days 00:00:00.520389,20.80673220663829,17.095232429215386,1.6571576347806316,Au,COMPLETE
1939,0.0,2026-04-07 11:31:49.366581,2026-04-07 11:31:49.924551,0 days 00:00:00.557970,37.36795923565367,15.675804632049802,1.9909949267684055,Au,PRUNED
1940,-1.0,2026-04-07 11:31:49.448798,2026-04-07 11:31:49.891632,0 days 00:00:00.442834,33.328578317229386,17.517713909454496,1.4414415901454953,Au,COMPLETE
1941,-1.0,2026-04-07 11:31:49.475324,2026-04-07 11:31:49.969103,0 days 00:00:00.493779,30.065747101770288,10.204034323170651,1.1244070408659794,Cu,COMPLETE
1942,82.41421568627209,2026-04-07 11:31:49.987361,2026-04-07 11:31:51.027659,0 days 00:00:01.040298,24.690235537552258,18.29738925524044,1.983378195271195,Au,PRUNED
1943,0.0,2026-04-07 11:31:50.022465,2026-04-07 11:31:50.659439,0 days 00:00:00.636974,41.14360392039143,15.956538447794086,1.4767920028870125,Au,PRUNED
1944,-1.0,2026-04-07 11:31:50.064721,2026-04-07 11:31:50.659439,0 days 00:00:00.594718,28.218940612635063,13.911839018688035,1.3542644704353266,Ag,COMPLETE
1945,-1.0,2026-04-07 11:31:50.083091,2026-04-07 11:31:50.590815,0 days 00:00:00.507724,37.135902008006894,16.69821817228193,1.693482917396656,Au,COMPLETE
1946,-1.0,2026-04-07 11:31:50.128088,2026-04-07 11:31:50.549062,0 days 00:00:00.420974,21.33430698056842,15.163812947984923,1.4588243100829414,Au,COMPLETE
1947,-12.626262626261097,2026-04-07 11:31:50.142836,2026-04-07 11:31:50.736175,0 days 00:00:00.593339,24.173998474627243,15.902315804649364,1.619245075826093,Au,PRUNED
1948,0.0,2026-04-07 11:31:50.158045,2026-04-07 11:31:50.687873,0 days 00:00:00.529828,36.70805949831816,15.54569564348378,1.5595194517614626,Au,PRUNED
1949,0.0,2026-04-07 11:31:50.207514,2026-04-07 11:31:50.775646,0 days 00:00:00.568132,20.36763923404702,17.24543780996391,1.8930776664744176,Au,PRUNED
1950,-1.0,2026-04-07 11:31:50.754988,2026-04-07 11:31:51.344497,0 days 00:00:00.589509,21.090331155688016,15.92473170916564,1.0626921979772996,Au,COMPLETE
1951,-1.0,2026-04-07 11:31:50.832920,2026-04-07 11:31:51.344497,0 days 00:00:00.511577,20.517487074170802,16.562251437378425,1.660439046351645,Au,COMPLETE
1952,-1.0,2026-04-07 11:31:50.797894,2026-04-07 11:31:51.322726,0 days 00:00:00.524832,32.73417318806965,19.753661965536555,1.7361476419850763,Cu,COMPLETE
1953,-1.0,2026-04-07 11:31:50.881593,2026-04-07 11:31:51.339865,0 days 00:00:00.458272,39.12568225974938,13.300214854575188,1.7631362893523719,Au,COMPLETE
1954,-1.0,2026-04-07 11:31:50.891648,2026-04-07 11:31:51.337865,0 days 00:00:00.446217,22.168339917285667,14.243318448915561,1.745522850260126,Au,COMPLETE
1955,-1.0,2026-04-07 11:31:50.895727,2026-04-07 11:31:51.468098,0 days 00:00:00.572371,21.45153323610622,15.853529164014553,1.702035700380297,Au,COMPLETE
1956,-2.2522522522520085,2026-04-07 11:31:50.942312,2026-04-07 11:31:51.764225,0 days 00:00:00.821913,33.35815041708029,12.232294379907792,1.7459682784899655,Au,PRUNED
1957,-1.0,2026-04-07 11:31:51.090068,2026-04-07 11:31:51.566295,0 days 00:00:00.476227,21.8623388695072,15.105694980849702,1.7272497893383436,Au,COMPLETE
1958,-0.5827505827505663,2026-04-07 11:31:51.433428,2026-04-07 11:31:52.173231,0 days 00:00:00.739803,51.90317478064817,13.647729544245063,1.4990473224386407,Au,PRUNED
1959,-12.06140350877066,2026-04-07 11:31:51.502925,2026-04-07 11:31:52.205469,0 days 00:00:00.702544,53.137362287826605,2.4020717769700983,1.58292384251475,Cu,PRUNED
1960,-301.22950819668824,2026-04-07 11:31:51.534443,2026-04-07 11:31:52.286704,0 days 00:00:00.752261,21.80927431316495,16.805607689797473,1.2607834811301615,Au,COMPLETE
1961,-1.0,2026-04-07 11:31:51.568634,2026-04-07 11:31:52.155814,0 days 00:00:00.587180,39.80509388494589,16.588417784774553,0.8878549570522117,Au,COMPLETE
1962,-17.992424242422604,2026-04-07 11:31:51.581062,2026-04-07 11:31:52.258931,0 days 00:00:00.677869,39.832214375774,16.179348330402558,1.5820248734834692,Ag,PRUNED
1963,-1.0,2026-04-07 11:31:51.652617,2026-04-07 11:31:52.088460,0 days 00:00:00.435843,41.004232750372296,18.345197550221496,1.7672759253025505,Au,COMPLETE
1964,-1.0,2026-04-07 11:31:51.730197,2026-04-07 11:31:52.235900,0 days 00:00:00.505703,21.318075741758594,14.893256513238898,1.9614534894755384,Au,COMPLETE
1965,77.5122549019585,2026-04-07 11:31:51.829442,2026-04-07 11:31:52.491032,0 days 00:00:00.661590,38.57550376170481,13.897853998112227,1.4869145065803797,Au,PRUNED
1966,-1.0,2026-04-07 11:31:52.289706,2026-04-07 11:31:52.808607,0 days 00:00:00.518901,25.56783623898174,7.651051041192494,0.432496338093889,Ag,COMPLETE
1967,-13.888888888887346,2026-04-07 11:31:52.311253,2026-04-07 11:31:52.872238,0 days 00:00:00.560985,23.928585789419085,16.021305788417923,1.1786341610754814,Au,PRUNED
1968,79.0441176470565,2026-04-07 11:31:52.379317,2026-04-07 11:31:52.904196,0 days 00:00:00.524879,37.190493966903546,13.510996072534349,1.093082544801047,Au,PRUNED
1969,-187.13450292396354,2026-04-07 11:31:52.417933,2026-04-07 11:31:53.124481,0 days 00:00:00.706548,21.16481426940283,17.930547303279205,1.2581715241373237,Cu,COMPLETE
1970,-1.0,2026-04-07 11:31:52.437816,2026-04-07 11:31:52.887485,0 days 00:00:00.449669,22.4835358802943,15.995970042266627,1.255139786030096,Au,COMPLETE
1971,1.3020833333331705,2026-04-07 11:31:52.453614,2026-04-07 11:31:52.901771,0 days 00:00:00.448157,25.153213767226188,17.25109812536346,1.3765930315599584,Au,PRUNED
1972,-1.0,2026-04-07 11:31:52.568068,2026-04-07 11:31:53.121398,0 days 00:00:00.553330,29.443956972902985,15.845942984402502,1.0365803227870685,Au,COMPLETE
1973,0.0,2026-04-07 11:31:52.582208,2026-04-07 11:31:53.243952,0 days 00:00:00.661744,33.4439165205673,19.337337458308454,1.2818980787707581,Au,PRUNED
1974,-1.0,2026-04-07 11:31:52.932456,2026-04-07 11:31:53.765909,0 days 00:00:00.833453,21.394435232892583,12.456712496183284,1.6333231399810704,Cu,COMPLETE
1975,-1.0,2026-04-07 11:31:52.984067,2026-04-07 11:31:53.507318,0 days 00:00:00.523251,32.59269749129494,19.837617014930952,1.4195672519803981,Au,COMPLETE
1976,-1.0,2026-04-07 11:31:53.054043,2026-04-07 11:31:53.569342,0 days 00:00:00.515299,33.47638911552309,17.80313606030851,0.9272702804533254,Au,COMPLETE
1977,0.8012820512819896,2026-04-07 11:31:53.169435,2026-04-07 11:31:53.831549,0 days 00:00:00.662114,36.896665485686526,15.351407203448991,1.1491426825110564,Cu,PRUNED
1978,-1.0,2026-04-07 11:31:53.187943,2026-04-07 11:31:53.751587,0 days 00:00:00.563644,26.71065149042529,14.636198927282852,1.563832363509285,Cu,COMPLETE
1979,-1.0,2026-04-07 11:31:53.281743,2026-04-07 11:31:53.860602,0 days 00:00:00.578859,20.071924599301113,19.13697009358305,1.372104851243418,Cu,COMPLETE
1980,-9.027777777777175,2026-04-07 11:31:53.330340,2026-04-07 11:31:53.859021,0 days 00:00:00.528681,23.52429142788266,15.98251509066369,1.236311664840419,Cu,PRUNED
1981,0.0,2026-04-07 11:31:53.341923,2026-04-07 11:31:53.941019,0 days 00:00:00.599096,34.805247522006034,18.555432117814988,0.8309757014975071,Au,PRUNED
1982,-1.0,2026-04-07 11:31:53.775755,2026-04-07 11:31:54.392460,0 days 00:00:00.616705,28.12937312440894,15.503298954270868,1.096197695897585,Ag,COMPLETE
1983,-8.838383838382768,2026-04-07 11:31:53.891401,2026-04-07 11:31:54.511108,0 days 00:00:00.619707,22.952428230338114,19.22674443947185,1.6896181554040863,Cu,PRUNED
1984,-186.84210526314484,2026-04-07 11:31:53.957114,2026-04-07 11:31:54.436181,0 days 00:00:00.479067,21.38677940763104,17.890248551153295,1.1457844511772732,Cu,COMPLETE
1985,0.0,2026-04-07 11:31:53.987563,2026-04-07 11:31:54.672581,0 days 00:00:00.685018,117.17712304204662,9.937146257805779,0.2463313825282507,Cu,PRUNED
1986,0.0,2026-04-07 11:31:54.023251,2026-04-07 11:31:54.638536,0 days 00:00:00.615285,37.26892940697019,16.443997761091683,1.5758757547856421,Au,PRUNED
1987,-1.0,2026-04-07 11:31:54.033199,2026-04-07 11:31:54.569187,0 days 00:00:00.535988,32.75587421626933,18.00476946480086,1.97626174739838,Au,COMPLETE
1988,-0.8928571428571173,2026-04-07 11:31:54.099300,2026-04-07 11:31:54.722545,0 days 00:00:00.623245,21.265055675583344,14.242446670249498,1.9890418399473722,Ag,PRUNED
1989,-12.387387387386047,2026-04-07 11:31:54.159570,2026-04-07 11:31:54.675163,0 days 00:00:00.515593,22.379935738834572,18.76196866543904,1.0060307232416095,Cu,PRUNED
1990,-13.888888888887346,2026-04-07 11:31:54.600830,2026-04-07 11:31:55.091734,0 days 00:00:00.490904,25.247083222135473,17.63392827888179,0.8463392614933327,Cu,PRUNED
1991,-1.0,2026-04-07 11:31:54.613296,2026-04-07 11:31:55.080478,0 days 00:00:00.467182,32.55621214466392,14.999490019445075,1.215251489852623,Cu,COMPLETE
1992,-1.0,2026-04-07 11:31:54.641048,2026-04-07 11:31:55.297781,0 days 00:00:00.656733,22.863218251456004,17.55893878922986,1.1004669142408985,Cu,COMPLETE
1993,-1.0,2026-04-07 11:31:54.824968,2026-04-07 11:31:55.296775,0 days 00:00:00.471807,22.612707064421954,16.675252927274087,0.8917203221225595,Cu,COMPLETE
1994,-1.0,2026-04-07 11:31:54.683878,2026-04-07 11:31:55.233454,0 days 00:00:00.549576,27.827991068432407,15.916033155342687,0.9124114466145592,Cu,COMPLETE
1995,0.0,2026-04-07 11:31:54.810601,2026-04-07 11:31:55.693800,0 days 00:00:00.883199,21.163348453815285,16.963779639000276,1.2550567804201762,Au,PRUNED
1996,0.0,2026-04-07 11:31:54.679395,2026-04-07 11:31:55.475581,0 days 00:00:00.796186,39.19003145956538,15.05690498404668,1.1595070689163076,Au,PRUNED
1997,-1.0,2026-04-07 11:31:55.002499,2026-04-07 11:31:55.516332,0 days 00:00:00.513833,41.41645218512133,18.91721652334748,1.420369840091214,Cu,COMPLETE
1998,-1.0,2026-04-07 11:31:55.211861,2026-04-07 11:31:55.879225,0 days 00:00:00.667364,86.98112206173447,12.436530745009748,1.656106030568781,Ag,COMPLETE
1999,2.403846153845969,2026-04-07 11:31:55.275942,2026-04-07 11:31:55.836464,0 days 00:00:00.560522,40.606482367743,15.627559642438774,0.7955733269984868,Cu,PRUNED
2000,-1.456876456876416,2026-04-07 11:31:55.447024,2026-04-07 11:31:56.048441,0 days 00:00:00.601417,41.929081431147026,19.30969036183942,0.9819029153839541,Cu,PRUNED
2001,-1.0,2026-04-07 11:31:55.487792,2026-04-07 11:31:56.074912,0 days 00:00:00.587120,45.92459226857041,17.10083082069329,0.9507668565454066,Cu,COMPLETE
2002,-13.15789473684072,2026-04-07 11:31:55.518326,2026-04-07 11:31:55.995513,0 days 00:00:00.477187,24.41283902060468,17.109400131191983,1.2770449453583952,Cu,PRUNED
2003,-1.0,2026-04-07 11:31:55.603918,2026-04-07 11:31:56.195144,0 days 00:00:00.591226,28.428035114682842,18.891432377982234,1.0323966494119052,Cu,COMPLETE
2004,-11.574074074072788,2026-04-07 11:31:55.759255,2026-04-07 11:31:56.263459,0 days 00:00:00.504204,26.745097839120827,16.750826593229988,1.413876199917428,Cu,PRUNED
2005,4.084967320261118,2026-04-07 11:31:55.783800,2026-04-07 11:31:56.656932,0 days 00:00:00.873132,29.685514220582593,19.32710892083221,0.7997339640526975,Cu,PRUNED
2006,-300.3187613843022,2026-04-07 11:31:55.924953,2026-04-07 11:31:56.484593,0 days 00:00:00.559640,21.22429850166047,19.31957713172861,1.1948180130170964,Cu,COMPLETE
2007,44.54926624737833,2026-04-07 11:31:56.022170,2026-04-07 11:31:56.558156,0 days 00:00:00.535986,52.4803393928738,14.37111735735191,1.0648622669069616,Cu,PRUNED
2008,-1.0,2026-04-07 11:31:56.050913,2026-04-07 11:31:56.555676,0 days 00:00:00.504763,46.14991388794472,17.366820588360124,1.0729705422686664,Cu,COMPLETE
2009,-1.0,2026-04-07 11:31:56.105473,2026-04-07 11:31:56.772827,0 days 00:00:00.667354,26.540224080968358,17.83444747600244,1.069561051732271,Cu,COMPLETE
2010,-1.0,2026-04-07 11:31:56.230886,2026-04-07 11:31:56.780649,0 days 00:00:00.549763,20.440817048658317,12.201159214047514,1.7155759729573026,Au,COMPLETE
2011,-12.731481481480067,2026-04-07 11:31:56.318019,2026-04-07 11:31:56.945405,0 days 00:00:00.627386,25.207045717306617,17.558769890463577,1.2550314447645452,Cu,PRUNED
2012,-196.1678832116646,2026-04-07 11:31:56.362129,2026-04-07 11:31:56.945405,0 days 00:00:00.583276,20.815358447562765,18.832653135217495,0.9888741155528936,Cu,COMPLETE
2013,2.4509803921566706,2026-04-07 11:31:56.633469,2026-04-07 11:31:57.339770,0 days 00:00:00.706301,30.37322555530357,17.370081752537654,1.4171559782536967,Cu,PRUNED
2014,-1.0,2026-04-07 11:31:56.647016,2026-04-07 11:31:57.182499,0 days 00:00:00.535483,20.61727182956069,15.457125788022147,0.7548161032376972,Cu,COMPLETE
2015,0.0,2026-04-07 11:31:56.687788,2026-04-07 11:31:57.342285,0 days 00:00:00.654497,38.604681628041654,19.84588495208054,1.0585512718010046,Cu,PRUNED
2016,-1.0,2026-04-07 11:31:56.703783,2026-04-07 11:31:57.229856,0 days 00:00:00.526073,33.99374046429282,19.707429998116,1.158595485215777,Cu,COMPLETE
2017,-6.313131313130548,2026-04-07 11:31:56.948521,2026-04-07 11:31:57.776900,0 days 00:00:00.828379,23.473584829711875,19.826175939957682,1.3827351734253426,Cu,PRUNED
2018,-1.0,2026-04-07 11:31:57.013367,2026-04-07 11:31:57.529108,0 days 00:00:00.515741,21.7869876678973,16.266027377032877,1.0519961944541683,Cu,COMPLETE
2019,-1.0,2026-04-07 11:31:57.041195,2026-04-07 11:31:57.529615,0 days 00:00:00.488420,33.69971932791646,17.828069493006385,1.1513297901102229,Cu,COMPLETE
2020,-1.0,2026-04-07 11:31:57.100542,2026-04-07 11:31:57.614536,0 days 00:00:00.513994,23.502918475735722,19.446271459119956,1.1325129959814773,Cu,COMPLETE
2021,-1.0,2026-04-07 11:31:57.338756,2026-04-07 11:31:58.151365,0 days 00:00:00.812609,31.039837484280312,19.65249763933,1.1697791262225739,Cu,COMPLETE
2022,-12.731481481480067,2026-04-07 11:31:57.416925,2026-04-07 11:31:58.067635,0 days 00:00:00.650710,22.77155793537106,18.829469898882927,1.1982641188122167,Cu,PRUNED
2023,80.55555555555317,2026-04-07 11:31:57.467151,2026-04-07 11:31:58.106545,0 days 00:00:00.639394,29.808279690230076,17.344467881141146,1.1444529216920782,Au,PRUNED
2024,-26.78571428571046,2026-04-07 11:31:57.498726,2026-04-07 11:31:58.057075,0 days 00:00:00.558349,35.501326594887296,17.68980714382389,1.1247113102376063,Ag,PRUNED
2025,0.0,2026-04-07 11:31:57.654542,2026-04-07 11:31:58.357629,0 days 00:00:00.703087,21.386690990006258,17.02388150483068,1.1150086867168296,Cu,PRUNED
2026,-1.0,2026-04-07 11:31:57.668307,2026-04-07 11:31:58.150349,0 days 00:00:00.482042,28.438542697944875,18.176454231344017,1.1046071951574097,Cu,COMPLETE
2027,-1.0,2026-04-07 11:31:57.755516,2026-04-07 11:31:58.295247,0 days 00:00:00.539731,26.28213732538128,18.335988098390192,1.3214181889871446,Cu,COMPLETE
2028,-293.4587813619754,2026-04-07 11:31:57.901196,2026-04-07 11:31:58.491353,0 days 00:00:00.590157,21.136801645039714,19.18204703024193,1.0987626075525565,Cu,COMPLETE
2029,-13.095238095236597,2026-04-07 11:31:58.183962,2026-04-07 11:31:58.965573,0 days 00:00:00.781611,25.33688776209643,18.335593562310923,0.6767032460637469,Cu,PRUNED
2030,-1.0,2026-04-07 11:31:58.265704,2026-04-07 11:31:58.712970,0 days 00:00:00.447266,32.90988666478097,16.833472907449185,1.1778519764082966,Cu,COMPLETE
2031,-1.0,2026-04-07 11:31:58.328662,2026-04-07 11:31:58.943809,0 days 00:00:00.615147,48.29269656807958,17.7454544190935,1.4358102149841152,Cu,COMPLETE
2032,-205.3345959595804,2026-04-07 11:31:58.405599,2026-04-07 11:31:59.091130,0 days 00:00:00.685531,20.855111157499262,19.314092453428746,0.8729654857967273,Cu,COMPLETE
2033,-1.0,2026-04-07 11:31:58.435760,2026-04-07 11:31:58.997151,0 days 00:00:00.561391,31.098251369196717,19.358450888514316,1.3421871202041833,Cu,COMPLETE
2034,-1.0,2026-04-07 11:31:58.451273,2026-04-07 11:31:58.905565,0 days 00:00:00.454292,40.356509946695326,19.851312156740033,0.7606194903305448,Cu,COMPLETE
2035,-1.0,2026-04-07 11:31:58.531204,2026-04-07 11:31:58.881590,0 days 00:00:00.350386,20.336175081527497,16.537483166292713,0.952537680643264,Cu,COMPLETE
2036,-1.0,2026-04-07 11:31:58.661857,2026-04-07 11:31:59.046873,0 days 00:00:00.385016,23.02581042096649,19.714665977572345,0.9142053948428579,Cu,COMPLETE
2037,-1.0,2026-04-07 11:31:58.859789,2026-04-07 11:31:59.327464,0 days 00:00:00.467675,25.57914468581311,19.50390176425818,1.333534909163167,Cu,COMPLETE
2038,-1.0,2026-04-07 11:31:59.033198,2026-04-07 11:31:59.496563,0 days 00:00:00.463365,20.596331403293647,19.935676731613498,1.0209488503663087,Cu,COMPLETE
2039,-13.888888888887346,2026-04-07 11:31:59.049874,2026-04-07 11:31:59.734897,0 days 00:00:00.685023,24.30419894872572,18.5605587926535,0.5608882853140167,Cu,PRUNED
2040,0.0,2026-04-07 11:31:59.092147,2026-04-07 11:31:59.653760,0 days 00:00:00.561613,21.69904788425894,14.775369156711246,1.4273361014374544,Cu,PRUNED
2041,-1.0,2026-04-07 11:31:59.148223,2026-04-07 11:31:59.501623,0 days 00:00:00.353400,20.623652405246652,19.656888578465438,1.2218400949804582,Cu,COMPLETE
2042,-3.571428571428163,2026-04-07 11:31:59.172596,2026-04-07 11:31:59.795407,0 days 00:00:00.622811,28.47384745033298,17.404465579831562,1.227979856211112,Cu,PRUNED
2043,0.0,2026-04-07 11:31:59.191703,2026-04-07 11:31:59.830693,0 days 00:00:00.638990,20.667909124886954,17.736352336911565,0.5144435097740101,Cu,PRUNED
2044,-1.0,2026-04-07 11:31:59.276507,2026-04-07 11:31:59.707887,0 days 00:00:00.431380,33.88597635416191,17.694756695772597,0.9709317242236469,Cu,COMPLETE
2045,-15.35087719298084,2026-04-07 11:31:59.429078,2026-04-07 11:32:00.488288,0 days 00:00:01.059210,27.83212775531118,15.361261620972089,1.05387235430801,Cu,PRUNED
2046,-1.0,2026-04-07 11:31:59.583111,2026-04-07 11:31:59.973414,0 days 00:00:00.390303,29.14866409538822,19.456845283224165,0.9849821189719425,Cu,COMPLETE
2047,-1.0,2026-04-07 11:31:59.600293,2026-04-07 11:32:00.394754,0 days 00:00:00.794461,20.887056666178786,18.25386845288936,1.1456442990666524,Cu,COMPLETE
2048,-1.1904761904760544,2026-04-07 11:31:59.787968,2026-04-07 11:32:00.384826,0 days 00:00:00.596858,29.626512174707806,16.95576284328812,1.3632478778160346,Cu,PRUNED
2049,-1.0,2026-04-07 11:31:59.766921,2026-04-07 11:32:00.342737,0 days 00:00:00.575816,22.652415886743686,16.615064213454545,1.1362508077961893,Cu,COMPLETE
2050,-1.0,2026-04-07 11:31:59.798908,2026-04-07 11:32:00.392829,0 days 00:00:00.593921,21.566771911236334,19.77213682285065,1.2189160567408395,Cu,COMPLETE
2051,-1.0,2026-04-07 11:32:00.019556,2026-04-07 11:32:00.510454,0 days 00:00:00.490898,24.007524707221858,18.48149817569079,0.6789671408052221,Cu,COMPLETE
2052,0.0,2026-04-07 11:32:00.031226,2026-04-07 11:32:00.470326,0 days 00:00:00.439100,35.46485416730117,19.63729703895947,1.2796015863095562,Cu,PRUNED
2053,-1.0,2026-04-07 11:32:00.104606,2026-04-07 11:32:00.630853,0 days 00:00:00.526247,27.338407586061408,16.501046965792106,0.9354271582970438,Cu,COMPLETE
2054,79.0441176470565,2026-04-07 11:32:00.462774,2026-04-07 11:32:01.092451,0 days 00:00:00.629677,31.46824756002276,19.822556127169673,0.6701852506338918,Cu,PRUNED
2055,3.2051282051279584,2026-04-07 11:32:00.532952,2026-04-07 11:32:01.157140,0 days 00:00:00.624188,39.076540111195364,16.244355200835678,0.8753664081492807,Cu,PRUNED
2056,-1.0,2026-04-07 11:32:00.409262,2026-04-07 11:32:01.124145,0 days 00:00:00.714883,33.96305406364966,17.34599923098014,0.941907663014574,Cu,COMPLETE
2057,65.17857142856957,2026-04-07 11:32:00.583525,2026-04-07 11:32:01.314421,0 days 00:00:00.730896,40.13843786941712,16.625870109888496,1.0509977904727261,Cu,PRUNED
2058,-1.0,2026-04-07 11:32:00.598115,2026-04-07 11:32:01.221749,0 days 00:00:00.623634,33.279437923434195,13.034712007786545,0.9721186229964913,Cu,COMPLETE
2059,-0.5952380952380781,2026-04-07 11:32:00.710118,2026-04-07 11:32:01.578363,0 days 00:00:00.868245,22.246404044410276,11.515911085315032,1.9764713981646616,Cu,PRUNED
2060,-1.0,2026-04-07 11:32:00.744800,2026-04-07 11:32:01.026364,0 days 00:00:00.281564,23.30796819266541,19.890089659465932,1.0860327056020869,Cu,COMPLETE
2061,-14.25438596491078,2026-04-07 11:32:00.785007,2026-04-07 11:32:01.253719,0 days 00:00:00.468712,23.985222059197906,17.977149981840768,0.7800584664919328,Cu,PRUNED
2062,-314.63068181814606,2026-04-07 11:32:01.128776,2026-04-07 11:32:01.912246,0 days 00:00:00.783470,20.837945119002136,19.96967335870652,1.2097664171011429,Cu,COMPLETE
2063,-1.0,2026-04-07 11:32:01.279535,2026-04-07 11:32:01.821487,0 days 00:00:00.541952,22.289025912607467,16.666080977435602,1.1690670169796704,Cu,COMPLETE
2064,-1.1185682326621622,2026-04-07 11:32:01.222750,2026-04-07 11:32:01.846393,0 days 00:00:00.623643,48.85114445231842,18.703052877675436,0.5690905623057742,Cu,PRUNED
2065,-14.639639639638055,2026-04-07 11:32:01.379210,2026-04-07 11:32:02.004236,0 days 00:00:00.625026,25.428605523008073,16.862103476147606,1.0137187884847574,Cu,PRUNED
2066,-1.0,2026-04-07 11:32:01.390962,2026-04-07 11:32:01.847398,0 days 00:00:00.456436,48.03202643961231,18.9860958630499,1.220205466478035,Cu,COMPLETE
2067,5.43478260869518,2026-04-07 11:32:01.408474,2026-04-07 11:32:01.942323,0 days 00:00:00.533849,40.17851274474044,19.797290280735517,1.0408226568330103,Ag,PRUNED
2068,-13.513513513512052,2026-04-07 11:32:01.442256,2026-04-07 11:32:01.912246,0 days 00:00:00.469990,24.787089959116592,17.117129454039194,1.0158697794010618,Cu,PRUNED
2069,-1.0,2026-04-07 11:32:01.622546,2026-04-07 11:32:02.251927,0 days 00:00:00.629381,37.47538150942611,19.271696253893765,0.9563647628407309,Cu,COMPLETE
2070,-1.0,2026-04-07 11:32:02.016677,2026-04-07 11:32:02.459889,0 days 00:00:00.443212,20.94456818078083,17.02402882656681,1.193707658973585,Cu,COMPLETE
2071,-1.0,2026-04-07 11:32:01.915685,2026-04-07 11:32:02.501993,0 days 00:00:00.586308,27.4224624778813,19.6013413207316,1.3081856185900882,Cu,COMPLETE
2072,-1.0,2026-04-07 11:32:02.047962,2026-04-07 11:32:02.543494,0 days 00:00:00.495532,20.860354263746533,18.422314174613593,1.3851501573787397,Cu,COMPLETE
2073,-13.513513513512052,2026-04-07 11:32:02.081084,2026-04-07 11:32:02.704199,0 days 00:00:00.623115,24.683692853468482,17.498752636149483,1.4337554094354845,Cu,PRUNED
2074,0.0,2026-04-07 11:32:02.097804,2026-04-07 11:32:02.612869,0 days 00:00:00.515065,20.43353035375232,18.420969113580142,0.9810165449952569,Cu,PRUNED
2075,0.0,2026-04-07 11:32:02.203036,2026-04-07 11:32:02.723086,0 days 00:00:00.520050,34.79558014843785,19.403831060083736,1.4538306268455718,Cu,PRUNED
2076,-1.0,2026-04-07 11:32:02.280454,2026-04-07 11:32:02.642733,0 days 00:00:00.362279,37.38288597891108,19.322883087310036,1.4596456179641724,Cu,COMPLETE
2077,-12.254901960782872,2026-04-07 11:32:02.391917,2026-04-07 11:32:02.944502,0 days 00:00:00.552585,22.557420025261802,19.975371523339014,0.7781081010286122,Cu,PRUNED
2078,-1.0,2026-04-07 11:32:02.671266,2026-04-07 11:32:03.418525,0 days 00:00:00.747259,20.371277973076847,18.826041881549237,1.0808573838181699,Cu,COMPLETE
2079,-1.0,2026-04-07 11:32:02.737379,2026-04-07 11:32:03.163044,0 days 00:00:00.425665,27.44097267474104,19.419538387015894,0.9355690562914092,Cu,COMPLETE
2080,-11.029411764704586,2026-04-07 11:32:02.762464,2026-04-07 11:32:03.388583,0 days 00:00:00.626119,24.064347285764267,18.740092490731058,1.1485231942798702,Cu,PRUNED
2081,2.4509803921565743,2026-04-07 11:32:02.782963,2026-04-07 11:32:03.355551,0 days 00:00:00.572588,26.355453478039173,19.84827570922718,0.8694319710014482,Cu,PRUNED
2082,-1.0,2026-04-07 11:32:02.806712,2026-04-07 11:32:03.388583,0 days 00:00:00.581871,20.563316394420355,19.19371086566811,1.2679892229556609,Cu,COMPLETE
2083,-6.218905472636446,2026-04-07 11:32:02.898254,2026-04-07 11:32:03.430906,0 days 00:00:00.532652,23.907564138944828,13.05860913172135,1.1078311695689926,Cu,PRUNED
2084,0.0,2026-04-07 11:32:02.976500,2026-04-07 11:32:03.694414,0 days 00:00:00.717914,36.4445177510454,19.502775632729744,1.1964183051982742,Cu,PRUNED
2085,-1.0,2026-04-07 11:32:02.985853,2026-04-07 11:32:03.609223,0 days 00:00:00.623370,21.141799583216695,17.02257970317025,1.5653810121551894,Cu,COMPLETE
2086,-1.0,2026-04-07 11:32:03.333503,2026-04-07 11:32:03.926194,0 days 00:00:00.592691,22.346519565996875,19.64388039245273,0.7195046874804134,Cu,COMPLETE
2087,-1.0,2026-04-07 11:32:03.536590,2026-04-07 11:32:04.037928,0 days 00:00:00.501338,38.39971641451102,17.571804747420963,1.2309950228638051,Cu,COMPLETE
2088,-12.387387387386047,2026-04-07 11:32:03.562544,2026-04-07 11:32:04.038931,0 days 00:00:00.476387,23.21134895612652,17.92258208549195,1.4656674899499413,Cu,PRUNED
2089,-1.0,2026-04-07 11:32:03.622720,2026-04-07 11:32:04.171011,0 days 00:00:00.548291,21.322504453334894,18.348999764660565,0.8277417481096503,Cu,COMPLETE
2090,-8.928571428570791,2026-04-07 11:32:03.639248,2026-04-07 11:32:04.204521,0 days 00:00:00.565273,24.223390012709793,17.075070592121268,0.7726793064463084,Cu,PRUNED
2091,-1.0,2026-04-07 11:32:03.654890,2026-04-07 11:32:04.147288,0 days 00:00:00.492398,23.651162657695156,18.87935112661835,1.0111647283049316,Cu,COMPLETE
2092,-1.0,2026-04-07 11:32:03.728745,2026-04-07 11:32:04.282063,0 days 00:00:00.553318,20.68667217014751,17.829456084886683,1.371637965337984,Cu,COMPLETE
2093,-1.0,2026-04-07 11:32:03.833105,2026-04-07 11:32:04.236234,0 days 00:00:00.403129,33.610222084870486,19.85846682427647,1.2049862816308816,Cu,COMPLETE
2094,-9.615384615383876,2026-04-07 11:32:04.092449,2026-04-07 11:32:04.823573,0 days 00:00:00.731124,38.51495951319032,13.681399705184694,0.6331506321480581,Cu,PRUNED
2095,-1.633986928104447,2026-04-07 11:32:04.208843,2026-04-07 11:32:04.904622,0 days 00:00:00.695779,32.089261858785676,16.181906261806546,1.2222150607169378,Cu,PRUNED
2096,-1.0,2026-04-07 11:32:04.299372,2026-04-07 11:32:04.923565,0 days 00:00:00.624193,34.081858111066374,17.597165204814324,1.3092272905027216,Cu,COMPLETE
2097,80.26960784313488,2026-04-07 11:32:04.316592,2026-04-07 11:32:04.824663,0 days 00:00:00.508071,28.960651725221123,19.655701123341597,1.2518149030635553,Cu,PRUNED
2098,-1.0,2026-04-07 11:32:04.370320,2026-04-07 11:32:04.785453,0 days 00:00:00.415133,20.050841214999206,15.27305767520217,1.3107555389548675,Cu,COMPLETE
2099,-1.0,2026-04-07 11:32:04.390810,2026-04-07 11:32:05.092044,0 days 00:00:00.701234,20.90007728373201,18.249676135634754,1.5613946455406733,Au,COMPLETE
2100,-171.60087719297115,2026-04-07 11:32:04.423883,2026-04-07 11:32:05.046036,0 days 00:00:00.622153,21.64014050466664,16.673105314103417,1.311403396398401,Cu,COMPLETE
2101,-1.0,2026-04-07 11:32:04.466199,2026-04-07 11:32:04.861057,0 days 00:00:00.394858,22.630639062657597,19.942361975303093,1.3129148965429094,Cu,COMPLETE
2102,-1.0,2026-04-07 11:32:04.955880,2026-04-07 11:32:05.473461,0 days 00:00:00.517581,27.18236453023811,16.05919341094996,1.2956337299263891,Cu,COMPLETE
2103,-9.433962264150232,2026-04-07 11:32:04.987184,2026-04-07 11:32:05.670005,0 days 00:00:00.682821,33.52416669433697,13.88966424863379,1.3607896838874962,Cu,PRUNED
2104,-0.83668005354751,2026-04-07 11:32:05.001415,2026-04-07 11:32:05.623342,0 days 00:00:00.621927,65.24269431223773,14.656492582125077,1.9615503809483177,Cu,PRUNED
2105,-1.0,2026-04-07 11:32:05.048041,2026-04-07 11:32:05.551175,0 days 00:00:00.503134,24.909696391153304,15.168044971105374,0.9532978121470251,Cu,COMPLETE
2106,-8.474576271185866,2026-04-07 11:32:05.148815,2026-04-07 11:32:05.591124,0 days 00:00:00.442309,24.391588276924693,16.00413355272751,1.0972030420355976,Cu,PRUNED
2107,0.0,2026-04-07 11:32:05.206750,2026-04-07 11:32:05.783351,0 days 00:00:00.576601,31.03328235116531,19.23611692333666,1.0462989826848217,Au,PRUNED
2108,-10.606060606059835,2026-04-07 11:32:05.307877,2026-04-07 11:32:05.843964,0 days 00:00:00.536087,30.2246370033336,14.20983560284789,1.3696314513280072,Cu,PRUNED
2109,-1.0,2026-04-07 11:32:05.343240,2026-04-07 11:32:05.859396,0 days 00:00:00.516156,21.488810831307877,16.117466835051548,0.9532571386321118,Cu,COMPLETE
2110,-1.0,2026-04-07 11:32:05.633230,2026-04-07 11:32:06.084631,0 days 00:00:00.451401,36.38427513279798,14.152511493936714,1.2800614761821576,Cu,COMPLETE
2111,-1.0,2026-04-07 11:32:05.694636,2026-04-07 11:32:06.167195,0 days 00:00:00.472559,31.192798824861697,19.525764902140693,1.4710326648375638,Cu,COMPLETE
2112,-12.387387387386047,2026-04-07 11:32:05.720821,2026-04-07 11:32:06.462306,0 days 00:00:00.741485,23.79119784583452,17.804020982297533,1.5744988179590131,Cu,PRUNED
2113,-1.0,2026-04-07 11:32:05.824691,2026-04-07 11:32:06.347223,0 days 00:00:00.522532,43.6603189504587,16.205483155007233,1.2840544628303192,Cu,COMPLETE
2114,58.978873239434954,2026-04-07 11:32:05.873932,2026-04-07 11:32:06.464741,0 days 00:00:00.590809,44.06161919499291,15.947087969258273,1.1842869622897898,Cu,PRUNED
2115,-1.1737089201877602,2026-04-07 11:32:05.942503,2026-04-07 11:32:06.218313,0 days 00:00:00.275810,41.60779428884216,18.339716910933493,1.6886179030103867,Cu,PRUNED
2116,74.94004796162854,2026-04-07 11:32:05.952293,2026-04-07 11:32:06.464741,0 days 00:00:00.512448,36.460988142333036,18.062300633015784,1.521545263982987,Cu,PRUNED
2117,67.26190476190283,2026-04-07 11:32:06.155509,2026-04-07 11:32:06.956700,0 days 00:00:00.801191,39.50874136876601,17.456886392987002,0.9543355434369013,Cu,PRUNED
2118,-9.50292397660752,2026-04-07 11:32:06.232725,2026-04-07 11:32:06.751161,0 days 00:00:00.518436,24.842166292848916,15.735895300923506,1.629493741245143,Cu,PRUNED
2119,60.57919621749237,2026-04-07 11:32:06.102476,2026-04-07 11:32:07.001178,0 days 00:00:00.898702,43.03249452528824,15.512539549188828,1.5110316746543155,Cu,PRUNED
2120,-3.787878787878329,2026-04-07 11:32:06.490487,2026-04-07 11:32:07.070253,0 days 00:00:00.579766,24.92031531179513,19.506236107948876,1.0027185513482892,Cu,PRUNED
2121,-1.0,2026-04-07 11:32:06.558171,2026-04-07 11:32:07.002768,0 days 00:00:00.444597,22.104036126537256,18.15310658643167,1.0304105802824086,Au,COMPLETE
2122,0.0,2026-04-07 11:32:06.567821,2026-04-07 11:32:07.189675,0 days 00:00:00.621854,20.246903522336734,13.710012326435297,1.4662802721273855,Cu,PRUNED
2123,-0.5995203836930283,2026-04-07 11:32:06.591979,2026-04-07 11:32:07.288276,0 days 00:00:00.696297,21.9730928079837,13.372171773032704,0.9847798079648151,Cu,PRUNED
2124,-1.0,2026-04-07 11:32:06.630828,2026-04-07 11:32:07.387921,0 days 00:00:00.757093,22.05172183406473,12.720230164748141,1.382916729900888,Cu,COMPLETE
2125,-1.0,2026-04-07 11:32:06.815880,2026-04-07 11:32:07.402063,0 days 00:00:00.586183,26.62046455742484,14.083710321958346,1.1337894565265951,Cu,COMPLETE
2126,-1.0,2026-04-07 11:32:07.102170,2026-04-07 11:32:07.580573,0 days 00:00:00.478403,20.711266313775003,18.445885343784642,0.9940547266803985,Cu,COMPLETE
2127,-4.761904761904217,2026-04-07 11:32:07.096015,2026-04-07 11:32:07.699606,0 days 00:00:00.603591,27.11377882269754,17.890779536124747,1.1891849080292913,Cu,PRUNED
2128,-1.0,2026-04-07 11:32:07.161033,2026-04-07 11:32:07.817668,0 days 00:00:00.656635,28.999066619198892,16.22346951673325,1.4088731684674252,Cu,COMPLETE
2129,-1.0,2026-04-07 11:32:07.245849,2026-04-07 11:32:07.721476,0 days 00:00:00.475627,20.586172217421225,18.387273922945226,1.430444538491792,Cu,COMPLETE
2130,-1.0,2026-04-07 11:32:07.317098,2026-04-07 11:32:07.815065,0 days 00:00:00.497967,20.189281880863817,16.802337417138034,1.4608594385792724,Cu,COMPLETE
2131,78.4313725490173,2026-04-07 11:32:07.365790,2026-04-07 11:32:08.019919,0 days 00:00:00.654129,31.613289540867548,19.742039128372866,1.0485109100145789,Cu,PRUNED
2132,-1.0,2026-04-07 11:32:07.503524,2026-04-07 11:32:08.061944,0 days 00:00:00.558420,24.142748711868535,16.35974105186558,1.3491846747367982,Ag,COMPLETE
2133,-11.904761904760544,2026-04-07 11:32:07.573104,2026-04-07 11:32:08.157384,0 days 00:00:00.584280,22.53306054268865,19.082960033300665,1.3154293083000237,Cu,PRUNED
2134,-1.0,2026-04-07 11:32:07.717706,2026-04-07 11:32:08.375500,0 days 00:00:00.657794,22.61982334926342,19.074547090478397,0.9463926201087727,Cu,COMPLETE
2135,0.0,2026-04-07 11:32:07.819723,2026-04-07 11:32:08.388666,0 days 00:00:00.568943,20.315586914620614,15.91799263891174,0.7493022464851151,Cu,PRUNED
2136,-7.716049382714907,2026-04-07 11:32:07.916354,2026-04-07 11:32:08.668005,0 days 00:00:00.751651,22.06000151192975,19.314825173414047,1.0153931281558715,Au,PRUNED
2137,-1.0,2026-04-07 11:32:07.957913,2026-04-07 11:32:08.374501,0 days 00:00:00.416588,31.89931773932256,11.759709580528169,1.4059276137665386,Au,COMPLETE
2138,3.144654088050077,2026-04-07 11:32:08.010872,2026-04-07 11:32:08.685622,0 days 00:00:00.674750,37.269798271054086,17.082811532960992,0.7432179048014147,Cu,PRUNED
2139,-182.47126436780343,2026-04-07 11:32:08.108143,2026-04-07 11:32:08.638459,0 days 00:00:00.530316,21.735797555527306,17.681149561540128,0.9082176860814902,Cu,COMPLETE
2140,-339.6464646464236,2026-04-07 11:32:08.258179,2026-04-07 11:32:08.928680,0 days 00:00:00.670501,22.384698158237402,17.230599175187127,1.2749176706024858,Au,COMPLETE
2141,-8.474576271185866,2026-04-07 11:32:08.305645,2026-04-07 11:32:08.999863,0 days 00:00:00.694218,23.59847705756128,16.391182869452276,1.1063877178170591,Cu,PRUNED
2142,-11.695906432747716,2026-04-07 11:32:08.545746,2026-04-07 11:32:09.215598,0 days 00:00:00.669852,30.872362865327467,14.170721496488358,0.6956705623136907,Cu,PRUNED
2143,-0.8333333333332666,2026-04-07 11:32:08.618843,2026-04-07 11:32:09.464966,0 days 00:00:00.846123,32.59108742049495,16.97118169070983,0.5238382256936289,Cu,PRUNED
2144,-1.0,2026-04-07 11:32:08.711181,2026-04-07 11:32:09.372667,0 days 00:00:00.661486,36.23107014064433,17.373148025545383,1.3467440397029056,Au,COMPLETE
2145,0.0,2026-04-07 11:32:08.754773,2026-04-07 11:32:09.637661,0 days 00:00:00.882888,22.581380857324458,12.56502153979169,0.9924662641741262,Au,PRUNED
2146,-1.0,2026-04-07 11:32:08.834417,2026-04-07 11:32:09.291965,0 days 00:00:00.457548,40.50443828663175,15.46117517324951,0.8823854994749265,Cu,COMPLETE
2147,-4.901960784313341,2026-04-07 11:32:08.846549,2026-04-07 11:32:09.433723,0 days 00:00:00.587174,34.770004223201305,15.124798391380502,0.8475860387373508,Cu,PRUNED
2148,-1.0,2026-04-07 11:32:09.072382,2026-04-07 11:32:09.506931,0 days 00:00:00.434549,41.79265524986798,17.75238103384335,1.1914462571382862,Au,COMPLETE
2149,-15.765765765764062,2026-04-07 11:32:09.158089,2026-04-07 11:32:09.745772,0 days 00:00:00.587683,26.508455213180074,14.258475932410537,0.9672925015774909,Au,PRUNED
2150,-1.0,2026-04-07 11:32:09.340838,2026-04-07 11:32:10.154249,0 days 00:00:00.813411,22.364112557614693,19.026359087567265,1.3786018394812574,Au,COMPLETE
2151,-1.0,2026-04-07 11:32:09.482860,2026-04-07 11:32:10.075505,0 days 00:00:00.592645,30.258528246017676,16.447682575101442,1.0377883277383455,Au,COMPLETE
2152,0.0,2026-04-07 11:32:09.594905,2026-04-07 11:32:10.145139,0 days 00:00:00.550234,20.677299471208443,16.44954891957448,1.1172824784543114,Cu,PRUNED
2153,-1.0,2026-04-07 11:32:09.610390,2026-04-07 11:32:10.121729,0 days 00:00:00.511339,22.667801938344464,18.54857834235358,1.0615169499621642,Ag,COMPLETE
2154,-1.0,2026-04-07 11:32:09.668419,2026-04-07 11:32:10.293634,0 days 00:00:00.625215,34.85560856494761,19.701536644959518,0.9998774601687175,Cu,COMPLETE
2155,-4.0322580645156085,2026-04-07 11:32:09.714626,2026-04-07 11:32:10.535318,0 days 00:00:00.820692,24.599769122322968,17.30614194866058,1.2956465467716651,Au,PRUNED
2156,0.0,2026-04-07 11:32:09.824452,2026-04-07 11:32:10.434125,0 days 00:00:00.609673,20.0874858390757,19.529198050616724,0.812262368885884,Cu,PRUNED
2157,-1.0,2026-04-07 11:32:09.849236,2026-04-07 11:32:10.295144,0 days 00:00:00.445908,30.774633241771703,19.68414910167205,1.3390126811478469,Ag,COMPLETE
2158,-13.095238095236597,2026-04-07 11:32:10.179444,2026-04-07 11:32:10.686869,0 days 00:00:00.507425,22.74970914622447,19.622361259773168,0.7625690722102472,Cu,PRUNED
2159,-1.0,2026-04-07 11:32:10.195535,2026-04-07 11:32:10.512765,0 days 00:00:00.317230,22.782401816118142,19.346453853556838,1.203486503077335,Au,COMPLETE
2160,-0.8928571428571173,2026-04-07 11:32:10.184497,2026-04-07 11:32:10.846401,0 days 00:00:00.661904,20.246539125835795,16.913563930458476,0.8543713559816539,Ag,PRUNED
2161,-1.0,2026-04-07 11:32:10.325709,2026-04-07 11:32:10.937633,0 days 00:00:00.611924,29.76344253195122,18.64444489461133,1.26606711448283,Au,COMPLETE
2162,0.0,2026-04-07 11:32:10.442601,2026-04-07 11:32:11.344243,0 days 00:00:00.901642,21.18629140646065,17.318196743229286,0.769299243209628,Cu,PRUNED
2163,-212.2243839169742,2026-04-07 11:32:10.603950,2026-04-07 11:32:11.281441,0 days 00:00:00.677491,20.115124892760214,19.60670375258807,1.2975311166179315,Cu,COMPLETE
2164,-315.34090909087325,2026-04-07 11:32:10.649913,2026-04-07 11:32:11.282788,0 days 00:00:00.632875,21.792960426856794,17.107543370857012,1.3094032839842393,Au,COMPLETE
2165,76.33819951337976,2026-04-07 11:32:10.630469,2026-04-07 11:32:11.279823,0 days 00:00:00.649354,40.263475795358914,13.878918728939864,1.3130458968436334,Au,PRUNED
2166,-1.0,2026-04-07 11:32:10.725582,2026-04-07 11:32:11.377279,0 days 00:00:00.651697,31.04811227384654,4.484482312837135,1.757354271107883,Au,COMPLETE
2167,-1.4671361502347005,2026-04-07 11:32:10.757408,2026-04-07 11:32:11.579959,0 days 00:00:00.822551,40.628757542867106,19.158149740791448,0.6729631793387455,Cu,PRUNED
2168,-1.1111111111110814,2026-04-07 11:32:10.915519,2026-04-07 11:32:11.524249,0 days 00:00:00.608730,48.715497785017504,19.043452603416455,0.8584061757455902,Cu,PRUNED
2169,0.0,2026-04-07 11:32:11.049570,2026-04-07 11:32:11.468228,0 days 00:00:00.418658,20.36221603436224,18.24468171250072,1.1721499631572823,Cu,PRUNED
2170,-297.10144927533,2026-04-07 11:32:11.343624,2026-04-07 11:32:12.206900,0 days 00:00:00.863276,20.18359616984059,19.931877677542786,1.0879776908337235,Cu,COMPLETE
2171,-13.095238095236597,2026-04-07 11:32:11.497010,2026-04-07 11:32:12.125490,0 days 00:00:00.628480,22.074016657142398,19.559341816716056,1.2006939298616404,Cu,PRUNED
2172,-1.0,2026-04-07 11:32:11.527260,2026-04-07 11:32:12.030151,0 days 00:00:00.502891,35.45461940899984,19.604685230613903,1.5310833710567004,Au,COMPLETE
2173,-1.0,2026-04-07 11:32:11.635880,2026-04-07 11:32:12.003245,0 days 00:00:00.367365,21.253227638590754,18.99246647080626,1.4235055723283665,Cu,COMPLETE
2174,0.0,2026-04-07 11:32:11.660303,2026-04-07 11:32:12.318222,0 days 00:00:00.657919,20.178317443937306,17.4877281157325,0.9240049165864923,Au,PRUNED
2175,-1.0,2026-04-07 11:32:11.673959,2026-04-07 11:32:12.142428,0 days 00:00:00.468469,20.934448329938256,19.55355994711967,1.391182374987826,Au,COMPLETE
2176,-198.83578431371083,2026-04-07 11:32:11.691503,2026-04-07 11:32:12.248547,0 days 00:00:00.557044,23.308123386990303,14.942136085380753,1.3191628222272216,Au,COMPLETE
2177,0.0,2026-04-07 11:32:11.728593,2026-04-07 11:32:12.276360,0 days 00:00:00.547767,20.629650391861276,14.94729351507359,1.1356317557525768,Au,PRUNED
2178,79.62962962962726,2026-04-07 11:32:12.176328,2026-04-07 11:32:13.080150,0 days 00:00:00.903822,33.034773918018054,15.900872684407698,1.170570849033935,Au,PRUNED
2179,-2.3148148148145573,2026-04-07 11:32:12.207903,2026-04-07 11:32:12.815737,0 days 00:00:00.607834,31.034392924366557,13.807066099763498,1.1967160929633884,Au,PRUNED
2180,-1.0,2026-04-07 11:32:12.277868,2026-04-07 11:32:12.814740,0 days 00:00:00.536872,33.495743357501176,14.63716402706991,1.1414314198169744,Au,COMPLETE
2181,-14.639639639638055,2026-04-07 11:32:12.329404,2026-04-07 11:32:13.091757,0 days 00:00:00.762353,26.69054107955714,14.193483011347066,1.2281784771698572,Au,PRUNED
2182,0.0,2026-04-07 11:32:12.391115,2026-04-07 11:32:12.941679,0 days 00:00:00.550564,31.710121437944522,17.021508251750046,1.1829037698759663,Au,PRUNED
2183,-1.0,2026-04-07 11:32:12.422162,2026-04-07 11:32:12.813732,0 days 00:00:00.391570,106.48540473636663,12.995916541242007,0.20656033588929656,Au,COMPLETE
2184,0.0,2026-04-07 11:32:12.452652,2026-04-07 11:32:12.968848,0 days 00:00:00.516196,20.764800360192126,14.155657986724476,1.2954447797288868,Au,PRUNED
2185,-1.0,2026-04-07 11:32:12.484482,2026-04-07 11:32:12.904208,0 days 00:00:00.419726,40.58459622681217,15.640592632321992,1.2392117282750101,Au,COMPLETE
2186,0.0,2026-04-07 11:32:12.945196,2026-04-07 11:32:13.611244,0 days 00:00:00.666048,37.10939419468542,19.92262614376004,1.203773330041428,Cu,PRUNED
2187,-1.0,2026-04-07 11:32:13.018031,2026-04-07 11:32:13.612750,0 days 00:00:00.594719,20.698052509223388,16.4097775792999,1.26593641642853,Au,COMPLETE
2188,79.6568627450957,2026-04-07 11:32:13.051481,2026-04-07 11:32:13.681924,0 days 00:00:00.630443,29.18263170170284,19.791787332807253,1.497670477442395,Cu,PRUNED
2189,-1.0,2026-04-07 11:32:13.111195,2026-04-07 11:32:13.787565,0 days 00:00:00.676370,35.11913866137071,19.6510823537518,1.1855601613866829,Cu,COMPLETE
2190,-1.0,2026-04-07 11:32:13.142282,2026-04-07 11:32:13.793054,0 days 00:00:00.650772,25.301039127559527,15.60480619371577,0.7048460711598694,Au,COMPLETE
2191,-1.0,2026-04-07 11:32:13.264512,2026-04-07 11:32:13.717353,0 days 00:00:00.452841,23.39549473011391,16.64600195191853,1.2372757924475852,Au,COMPLETE
2192,-1.0,2026-04-07 11:32:13.297227,2026-04-07 11:32:13.671034,0 days 00:00:00.373807,34.44439127267874,14.54726711301473,1.48691335516467,Au,COMPLETE
2193,1.2626262626261096,2026-04-07 11:32:13.346752,2026-04-07 11:32:14.171632,0 days 00:00:00.824880,25.504592706374893,19.99329891386428,0.9923139176008802,Cu,PRUNED
2194,-12.254901960782872,2026-04-07 11:32:13.647561,2026-04-07 11:32:13.983341,0 days 00:00:00.335780,22.062103017049175,19.734137536296693,1.1617874713104432,Cu,PRUNED
2195,-1.0,2026-04-07 11:32:13.748290,2026-04-07 11:32:14.296415,0 days 00:00:00.548125,22.882386854566086,18.321123578555618,1.093430367952216,Au,COMPLETE
2196,-206.43219264890695,2026-04-07 11:32:13.785558,2026-04-07 11:32:14.547803,0 days 00:00:00.762245,21.107768715582008,18.890577371541447,1.141671418047439,Cu,COMPLETE
2197,79.62962962962726,2026-04-07 11:32:13.847840,2026-04-07 11:32:14.514395,0 days 00:00:00.666555,32.78435090150804,15.747761059345802,1.4655703724419866,Au,PRUNED
2198,-1.0,2026-04-07 11:32:13.865891,2026-04-07 11:32:14.417723,0 days 00:00:00.551832,20.951074968470188,15.991290035191692,1.5236106568764074,Au,COMPLETE
2199,-1.0,2026-04-07 11:32:13.920893,2026-04-07 11:32:14.386500,0 days 00:00:00.465607,24.163486170855553,19.95319951053212,1.510223667833503,Cu,COMPLETE
2200,0.0,2026-04-07 11:32:14.134561,2026-04-07 11:32:14.901688,0 days 00:00:00.767127,20.06384847733617,15.851359743522428,1.3197178728048147,Au,PRUNED
2201,0.0,2026-04-07 11:32:14.199927,2026-04-07 11:32:14.736503,0 days 00:00:00.536576,20.056147521340048,10.631632920221154,0.9947797375970119,Au,PRUNED
2202,-2.525252525252219,2026-04-07 11:32:14.272419,2026-04-07 11:32:14.837361,0 days 00:00:00.564942,24.659885804431827,19.855281420730876,1.121867263293288,Cu,PRUNED
2203,0.0,2026-04-07 11:32:14.501109,2026-04-07 11:32:15.305712,0 days 00:00:00.804603,23.028413047432718,13.540162970641116,1.3332933279084707,Au,PRUNED
2204,-1.0,2026-04-07 11:32:14.537361,2026-04-07 11:32:14.997325,0 days 00:00:00.459964,20.477019862989877,17.70251664085625,1.4793615018362507,Au,COMPLETE
2205,-1.0,2026-04-07 11:32:14.516917,2026-04-07 11:32:15.102587,0 days 00:00:00.585670,21.418172735628957,13.032863116964789,1.1712097128544046,Au,COMPLETE
2206,-1.446759259259219,2026-04-07 11:32:14.623470,2026-04-07 11:32:15.604836,0 days 00:00:00.981366,46.726080352666045,19.90068201616842,0.9648711416306628,Cu,PRUNED
2207,-1.0,2026-04-07 11:32:14.779225,2026-04-07 11:32:15.176739,0 days 00:00:00.397514,20.168270401158257,17.82816738384562,1.610193192826594,Au,COMPLETE
2208,-1.0,2026-04-07 11:32:14.793375,2026-04-07 11:32:15.230297,0 days 00:00:00.436922,20.163506479316204,18.779611143972357,1.5595695902926912,Au,COMPLETE
2209,-10.101010101008876,2026-04-07 11:32:14.905691,2026-04-07 11:32:15.471832,0 days 00:00:00.566141,23.147345554852592,19.693960935669196,1.22714503181735,Cu,PRUNED
2210,0.0,2026-04-07 11:32:14.963305,2026-04-07 11:32:15.551402,0 days 00:00:00.588097,32.28983148609005,18.061229065313825,1.4712364184998798,Au,PRUNED
2211,-1.0,2026-04-07 11:32:15.152978,2026-04-07 11:32:15.680344,0 days 00:00:00.527366,34.03818280129592,15.754442227344253,1.5731879848477504,Au,COMPLETE
2212,0.0,2026-04-07 11:32:15.230297,2026-04-07 11:32:16.123615,0 days 00:00:00.893318,20.015704534867346,19.060354469103192,1.1647744012092145,Cu,PRUNED
2213,79.9632352941153,2026-04-07 11:32:15.337878,2026-04-07 11:32:16.233054,0 days 00:00:00.895176,33.22894475672043,14.459490409906488,1.387744820921626,Au,PRUNED
2214,0.0,2026-04-07 11:32:15.411093,2026-04-07 11:32:16.187769,0 days 00:00:00.776676,36.41483228976409,15.627443305022998,1.4837010751779007,Au,PRUNED
2215,-1.0,2026-04-07 11:32:15.446683,2026-04-07 11:32:15.949172,0 days 00:00:00.502489,33.395801565445346,15.876198301806625,1.4412952897559066,Au,COMPLETE
2216,-1.0,2026-04-07 11:32:15.507986,2026-04-07 11:32:15.873570,0 days 00:00:00.365584,37.65481797718311,17.28456743226215,1.430751265029653,Au,COMPLETE
2217,-1.0,2026-04-07 11:32:15.607836,2026-04-07 11:32:16.081811,0 days 00:00:00.473975,20.34186171771182,19.598400911004084,1.1251128287350176,Cu,COMPLETE
2218,0.0,2026-04-07 11:32:15.725307,2026-04-07 11:32:16.545980,0 days 00:00:00.820673,20.618152231013443,18.139049489035333,1.2903193635002674,Cu,PRUNED
2219,-1.0,2026-04-07 11:32:15.809902,2026-04-07 11:32:16.548991,0 days 00:00:00.739089,23.03282480352621,13.471449606605345,1.5241474792809444,Au,COMPLETE
2220,-1.0,2026-04-07 11:32:15.996377,2026-04-07 11:32:16.763143,0 days 00:00:00.766766,20.464857900642222,15.37485996005533,1.4174136336359844,Au,COMPLETE
2221,0.0,2026-04-07 11:32:16.155543,2026-04-07 11:32:16.778208,0 days 00:00:00.622665,48.23985073871631,17.494620959960162,1.1100472296000388,Au,PRUNED
2222,-1.0,2026-04-07 11:32:16.189916,2026-04-07 11:32:16.634804,0 days 00:00:00.444888,24.41941174777581,19.819145335778707,1.2171568972017903,Au,COMPLETE
2223,-1.0,2026-04-07 11:32:16.250506,2026-04-07 11:32:16.700429,0 days 00:00:00.449923,31.92077302782087,19.802988215214647,1.160815463544592,Au,COMPLETE
2224,-1.0,2026-04-07 11:32:16.264609,2026-04-07 11:32:16.832069,0 days 00:00:00.567460,31.39022915061592,18.022100393139265,1.2119086146989502,Au,COMPLETE
2225,-1.0,2026-04-07 11:32:16.278127,2026-04-07 11:32:16.702492,0 days 00:00:00.424365,20.848838588826453,15.977314300063988,1.023787887445895,Au,COMPLETE
2226,-1.0,2026-04-07 11:32:16.670282,2026-04-07 11:32:17.104598,0 days 00:00:00.434316,35.28991676807867,19.53616214385623,1.038315599397951,Cu,COMPLETE
2227,-1.0,2026-04-07 11:32:16.795904,2026-04-07 11:32:17.217732,0 days 00:00:00.421828,20.373698266712594,18.611822543516492,1.3508772884658642,Ag,COMPLETE
2228,-1.0,2026-04-07 11:32:16.843936,2026-04-07 11:32:17.308747,0 days 00:00:00.464811,21.07856690159344,18.56838303025676,1.1104680641078706,Au,COMPLETE
2229,-1.0,2026-04-07 11:32:16.864660,2026-04-07 11:32:17.306646,0 days 00:00:00.441986,32.167262120519766,16.973257300142098,1.3685219348369526,Au,COMPLETE
2230,-303.80036630033266,2026-04-07 11:32:16.873262,2026-04-07 11:32:17.388406,0 days 00:00:00.515144,21.653729958963083,16.82869670353355,1.45851408630821,Au,COMPLETE
2231,0.0,2026-04-07 11:32:16.909735,2026-04-07 11:32:17.458676,0 days 00:00:00.548941,20.35834517045757,14.427592698811441,1.5703515508110213,Au,PRUNED
2232,-1.0,2026-04-07 11:32:16.925932,2026-04-07 11:32:17.535597,0 days 00:00:00.609665,20.484998747372718,19.340620158980233,1.0426305720063753,Cu,COMPLETE
2233,-1.0,2026-04-07 11:32:16.993074,2026-04-07 11:32:17.662077,0 days 00:00:00.669003,37.513001213243115,9.671583455802708,1.2540417047819608,Au,COMPLETE
2234,-1.2626262626261096,2026-04-07 11:32:17.265878,2026-04-07 11:32:17.973055,0 days 00:00:00.707177,25.232603415498204,16.98912568282539,1.3806136749238718,Au,PRUNED
2235,0.0,2026-04-07 11:32:17.424727,2026-04-07 11:32:18.151609,0 days 00:00:00.726882,20.466003556101633,18.876632971064623,0.9102621209424748,Cu,PRUNED
2236,-1.456876456876416,2026-04-07 11:32:17.461253,2026-04-07 11:32:17.975570,0 days 00:00:00.514317,43.844148763325634,19.638049710807742,1.3493465491448569,Cu,PRUNED
2237,-8.928571428570791,2026-04-07 11:32:17.507053,2026-04-07 11:32:18.056842,0 days 00:00:00.549789,26.116275976160967,16.01338938478521,1.5228237111580425,Ag,PRUNED
2238,-1.0,2026-04-07 11:32:17.531087,2026-04-07 11:32:18.026038,0 days 00:00:00.494951,22.314547211019836,17.039252775438424,1.382863982336627,Au,COMPLETE
2239,-1.0,2026-04-07 11:32:17.596499,2026-04-07 11:32:17.972056,0 days 00:00:00.375557,20.611803698455404,14.906471698274416,1.3875466218186492,Au,COMPLETE
2240,-0.9342301943198636,2026-04-07 11:32:17.752966,2026-04-07 11:32:18.523294,0 days 00:00:00.770328,50.705987887493635,19.9031134631431,1.4685758362600305,Cu,PRUNED
2241,-1.0,2026-04-07 11:32:17.762701,2026-04-07 11:32:18.461903,0 days 00:00:00.699202,20.788972653660082,19.994379458255505,1.491023481932211,Au,COMPLETE
2242,-206.59062103927445,2026-04-07 11:32:18.082697,2026-04-07 11:32:18.791947,0 days 00:00:00.709250,20.157744799578257,19.319440014321245,1.3653181279581301,Cu,COMPLETE
2243,-1.0,2026-04-07 11:32:18.142809,2026-04-07 11:32:18.759654,0 days 00:00:00.616845,22.398998630853168,19.969601443367193,1.6089791442473595,Cu,COMPLETE
2244,-1.0,2026-04-07 11:32:18.155090,2026-04-07 11:32:18.571154,0 days 00:00:00.416064,32.26583285755982,18.375989464370548,1.684374048434527,Au,COMPLETE
2245,-1.0,2026-04-07 11:32:18.190445,2026-04-07 11:32:18.668629,0 days 00:00:00.478184,38.29767522605803,19.53259654225374,1.7410476643354564,Au,COMPLETE
2246,-1.0,2026-04-07 11:32:18.204601,2026-04-07 11:32:18.571154,0 days 00:00:00.366553,35.5778700361986,18.301357447534752,1.5911287029223593,Au,COMPLETE
2247,-1.0,2026-04-07 11:32:18.219785,2026-04-07 11:32:18.759654,0 days 00:00:00.539869,21.6042430703856,19.057820306718337,1.4412636055544923,Cu,COMPLETE
2248,-1.0,2026-04-07 11:32:18.600884,2026-04-07 11:32:18.979194,0 days 00:00:00.378310,20.289270829404106,17.10747593556841,1.7203663735367734,Au,COMPLETE
2249,-302.4267399267069,2026-04-07 11:32:18.716643,2026-04-07 11:32:19.304001,0 days 00:00:00.587358,21.164548240024004,19.48192360979607,1.1579485535419591,Cu,COMPLETE
2250,-1.0,2026-04-07 11:32:18.729263,2026-04-07 11:32:19.207258,0 days 00:00:00.477995,21.15017901963094,19.450842897228032,1.568921672232618,Cu,COMPLETE
2251,-1.0,2026-04-07 11:32:18.793452,2026-04-07 11:32:19.321246,0 days 00:00:00.527794,33.377499122274244,19.818863994764463,0.8241993914803165,Cu,COMPLETE
2252,-1.0,2026-04-07 11:32:18.873169,2026-04-07 11:32:19.321246,0 days 00:00:00.448077,37.71139128036341,14.58518500949097,1.2859331164892498,Au,COMPLETE
2253,-1.0,2026-04-07 11:32:18.906667,2026-04-07 11:32:19.318193,0 days 00:00:00.411526,24.86631580343701,19.681363581933844,1.5750388433543847,Cu,COMPLETE
2254,-1.0,2026-04-07 11:32:18.936965,2026-04-07 11:32:19.349435,0 days 00:00:00.412470,23.2078584431307,17.504608651446738,1.3037481637561072,Au,COMPLETE
2255,-17.857142857140307,2026-04-07 11:32:18.981193,2026-04-07 11:32:19.551063,0 days 00:00:00.569870,83.70193430874554,8.796633940714395,1.2661439248366706,Ag,PRUNED
2256,-1.0,2026-04-07 11:32:19.121663,2026-04-07 11:32:19.313098,0 days 00:00:00.191435,22.523805319860575,17.149067500428647,1.1869224391759925,Au,COMPLETE
2257,77.25060827250383,2026-04-07 11:32:19.377187,2026-04-07 11:32:19.926555,0 days 00:00:00.549368,34.791383883660906,18.54173423482334,1.096650261730484,Cu,PRUNED
2258,-1.0,2026-04-07 11:32:19.401091,2026-04-07 11:32:19.981193,0 days 00:00:00.580102,24.703514783705085,19.81284268434787,1.2055842755714623,Cu,COMPLETE
2259,-1.456876456876416,2026-04-07 11:32:19.514989,2026-04-07 11:32:20.254731,0 days 00:00:00.739742,42.65310957662287,17.78924331780908,1.2384677671520405,Cu,PRUNED
2260,-1.0,2026-04-07 11:32:19.582850,2026-04-07 11:32:20.003704,0 days 00:00:00.420854,21.318113865999525,19.816313620680607,1.5284828796059198,Cu,COMPLETE
2261,-1.0,2026-04-07 11:32:19.632748,2026-04-07 11:32:20.129557,0 days 00:00:00.496809,21.986539792194364,19.65552949199706,1.2576062680661675,Cu,COMPLETE
2262,-1.0,2026-04-07 11:32:19.655102,2026-04-07 11:32:20.146892,0 days 00:00:00.491790,34.27329426954522,19.500213508277238,1.3287503561321976,Cu,COMPLETE
2263,-1.0,2026-04-07 11:32:19.616643,2026-04-07 11:32:20.011868,0 days 00:00:00.395225,36.174108342392806,19.192001123707445,1.1011634559709915,Cu,COMPLETE
2264,-1.0,2026-04-07 11:32:19.744082,2026-04-07 11:32:20.423768,0 days 00:00:00.679686,37.598530316004016,17.489413127731,1.275960138410683,Cu,COMPLETE
2265,-3.787878787878329,2026-04-07 11:32:20.005863,2026-04-07 11:32:20.942342,0 days 00:00:00.936479,24.257847210512633,19.782045133440672,1.1908445256318267,Cu,PRUNED
2266,-12.254901960782872,2026-04-07 11:32:20.187942,2026-04-07 11:32:20.746062,0 days 00:00:00.558120,22.26862851622832,19.757770511961922,1.004012739988194,Cu,PRUNED
2267,76.33819951337976,2026-04-07 11:32:20.195524,2026-04-07 11:32:20.925221,0 days 00:00:00.729697,35.488490765989326,17.406317568620384,1.4334610222144277,Cu,PRUNED
2268,-1.0,2026-04-07 11:32:20.273082,2026-04-07 11:32:20.627959,0 days 00:00:00.354877,36.09777723712355,16.331769209100777,1.1312187239104137,Cu,COMPLETE
2269,-13.095238095236597,2026-04-07 11:32:20.342549,2026-04-07 11:32:20.919680,0 days 00:00:00.577131,22.06529605595996,19.77560626565588,0.8317771209786211,Cu,PRUNED
2270,-295.94594594591405,2026-04-07 11:32:20.370599,2026-04-07 11:32:21.075547,0 days 00:00:00.704948,21.475225450267665,19.06418962735278,1.139605845512527,Cu,COMPLETE
2271,-10.101010101008876,2026-04-07 11:32:20.436527,2026-04-07 11:32:21.142262,0 days 00:00:00.705735,23.09879606675376,19.479582339469342,1.2344172764061705,Cu,PRUNED
2272,0.0,2026-04-07 11:32:20.628984,2026-04-07 11:32:21.400107,0 days 00:00:00.771123,20.255150717607613,16.11352688472516,1.0433084189260384,Cu,PRUNED
2273,-1.0,2026-04-07 11:32:20.836812,2026-04-07 11:32:21.425356,0 days 00:00:00.588544,20.57660413960865,19.091925624461304,1.3256791908880605,Au,COMPLETE
2274,-11.904761904760544,2026-04-07 11:32:20.921681,2026-04-07 11:32:21.756689,0 days 00:00:00.835008,21.913541144453635,19.69629577847192,1.0912583635607322,Cu,PRUNED
2275,0.0,2026-04-07 11:32:20.992560,2026-04-07 11:32:21.804101,0 days 00:00:00.811541,20.717530002703867,16.29909080144097,1.110989444475593,Cu,PRUNED
2276,-1.0,2026-04-07 11:32:21.040211,2026-04-07 11:32:21.707415,0 days 00:00:00.667204,23.958455016889253,16.21185969171341,1.0412405471860307,Cu,COMPLETE
2277,-184.46180555554275,2026-04-07 11:32:21.112004,2026-04-07 11:32:21.818130,0 days 00:00:00.706126,22.294019554168898,17.02914933611893,1.347119532752759,Cu,COMPLETE
2278,-10.101010101008876,2026-04-07 11:32:21.192362,2026-04-07 11:32:21.894082,0 days 00:00:00.701720,23.788050444310404,19.65380322172524,0.9175116704503178,Cu,PRUNED
2279,-176.4870931537478,2026-04-07 11:32:21.330492,2026-04-07 11:32:21.847959,0 days 00:00:00.517467,22.684388867394986,16.684817158695868,1.0121468289067728,Cu,COMPLETE
2280,72.68856447688353,2026-04-07 11:32:21.473903,2026-04-07 11:32:22.188921,0 days 00:00:00.715018,36.723093440423334,16.975027064834947,1.2664891116335686,Cu,PRUNED
2281,-1.0,2026-04-07 11:32:21.607495,2026-04-07 11:32:22.222926,0 days 00:00:00.615431,20.43979558131176,19.98348616412937,0.738717504913122,Cu,COMPLETE
2282,-1.0,2026-04-07 11:32:21.836385,2026-04-07 11:32:22.429577,0 days 00:00:00.593192,40.18394305460764,19.43941708016091,1.2993681469962306,Cu,COMPLETE
2283,-313.3239171374407,2026-04-07 11:32:21.806504,2026-04-07 11:32:22.490309,0 days 00:00:00.683805,20.14944571622931,19.890751711626862,1.7885973204243832,Cu,COMPLETE
2284,-1.0,2026-04-07 11:32:21.913063,2026-04-07 11:32:22.336492,0 days 00:00:00.423429,35.2469082943078,19.884998421189803,0.9557928671118872,Cu,COMPLETE
2285,-1.0,2026-04-07 11:32:21.938036,2026-04-07 11:32:22.336492,0 days 00:00:00.398456,37.34278138714765,19.685837503774156,1.2079783419361327,Cu,COMPLETE
2286,0.0,2026-04-07 11:32:22.024285,2026-04-07 11:32:22.653790,0 days 00:00:00.629505,38.056110836888784,19.389089864818086,1.0334155605772095,Cu,PRUNED
2287,-1.0,2026-04-07 11:32:22.089310,2026-04-07 11:32:22.554665,0 days 00:00:00.465355,20.72866912286676,19.34610565299243,1.023860369821485,Cu,COMPLETE
2288,-1.0,2026-04-07 11:32:22.295904,2026-04-07 11:32:22.741339,0 days 00:00:00.445435,20.125934036714295,19.571331925373592,1.3305854768690455,Cu,COMPLETE
2289,-1.0,2026-04-07 11:32:22.390905,2026-04-07 11:32:22.871392,0 days 00:00:00.480487,21.492759338323243,19.087755987176067,1.157750540636449,Cu,COMPLETE
2290,-12.820512820511505,2026-04-07 11:32:22.480085,2026-04-07 11:32:22.993804,0 days 00:00:00.513719,23.03471028363771,16.684804890437977,1.7520123397636436,Cu,PRUNED
2291,-1.4671361502347005,2026-04-07 11:32:22.573085,2026-04-07 11:32:23.224408,0 days 00:00:00.651323,40.435931414092465,17.973092016423283,1.9144881549772177,Cu,PRUNED
2292,-12.387387387386047,2026-04-07 11:32:22.590724,2026-04-07 11:32:22.992252,0 days 00:00:00.401528,22.012175228138116,18.745697562135174,1.3499234786381344,Cu,PRUNED
2293,76.08695652173692,2026-04-07 11:32:22.651786,2026-04-07 11:32:23.389959,0 days 00:00:00.738173,35.527354100699895,17.662402524983953,1.7646088776395503,Cu,PRUNED
2294,-1.1737089201877602,2026-04-07 11:32:22.757973,2026-04-07 11:32:23.684317,0 days 00:00:00.926344,42.30272799692696,17.35336025401215,1.9412728448238066,Cu,PRUNED
2295,-10.71428571428449,2026-04-07 11:32:22.798239,2026-04-07 11:32:23.521503,0 days 00:00:00.723264,24.244967139627704,17.96799761166246,1.8579415785606597,Cu,PRUNED
2296,0.0,2026-04-07 11:32:22.929685,2026-04-07 11:32:23.605713,0 days 00:00:00.676028,34.543608458526776,18.48869929052305,1.9503267394533303,Cu,PRUNED
2297,-1.0,2026-04-07 11:32:22.997580,2026-04-07 11:32:23.813209,0 days 00:00:00.815629,31.89936069428743,18.15283351315008,1.5133309065612424,Cu,COMPLETE
2298,-7.142857142856326,2026-04-07 11:32:23.120010,2026-04-07 11:32:23.774178,0 days 00:00:00.654168,25.145600645894277,18.229342195173025,1.637061956669889,Cu,PRUNED
2299,-1.0,2026-04-07 11:32:23.164083,2026-04-07 11:32:23.720637,0 days 00:00:00.556554,20.100144952533554,19.901583870574694,1.9208296031506114,Cu,COMPLETE
2300,0.0,2026-04-07 11:32:23.278529,2026-04-07 11:32:24.176173,0 days 00:00:00.897644,36.287892839557124,19.422059731894123,1.703047242698899,Cu,PRUNED
2301,78.7377450980369,2026-04-07 11:32:23.467187,2026-04-07 11:32:24.102261,0 days 00:00:00.635074,30.357677671537186,19.60735936855807,1.5932908628588587,Cu,PRUNED
2302,80.26960784313488,2026-04-07 11:32:23.557453,2026-04-07 11:32:24.177185,0 days 00:00:00.619732,27.868002521854645,19.998453250847703,1.719054888776835,Cu,PRUNED
2303,0.0,2026-04-07 11:32:23.708887,2026-04-07 11:32:24.519461,0 days 00:00:00.810574,45.530078240631426,19.770795057565394,1.0754608138466675,Au,PRUNED
2304,-1.0,2026-04-07 11:32:23.744832,2026-04-07 11:32:24.361151,0 days 00:00:00.616319,22.316477222481772,17.309073458856368,1.8163042089185244,Cu,COMPLETE
2305,0.0,2026-04-07 11:32:23.859768,2026-04-07 11:32:24.579642,0 days 00:00:00.719874,35.964121642498874,17.673022707727164,1.1474131435504273,Au,PRUNED
2306,-1.0,2026-04-07 11:32:23.889961,2026-04-07 11:32:24.361662,0 days 00:00:00.471701,39.74153371910954,19.960720701354106,1.772846424633889,Cu,COMPLETE
2307,-292.11229946520933,2026-04-07 11:32:24.166038,2026-04-07 11:32:24.848362,0 days 00:00:00.682324,20.645020441757737,19.135575768478276,1.454891606707592,Cu,COMPLETE
2308,-11.574074074072788,2026-04-07 11:32:24.143618,2026-04-07 11:32:24.923039,0 days 00:00:00.779421,22.14879518812985,18.91808666632294,1.5820158006613294,Cu,PRUNED
2309,-1.0,2026-04-07 11:32:24.241009,2026-04-07 11:32:24.699976,0 days 00:00:00.458967,25.14578449986606,19.69712552949718,1.6213980068540266,Ag,COMPLETE
2310,0.0,2026-04-07 11:32:24.275018,2026-04-07 11:32:25.005651,0 days 00:00:00.730633,38.27252325009243,19.23092125534063,1.3187930267995631,Au,PRUNED
2311,-1.0,2026-04-07 11:32:24.533975,2026-04-07 11:32:25.248308,0 days 00:00:00.714333,38.064328960454,17.344153327462408,1.4271281214897464,Au,COMPLETE
2312,0.0,2026-04-07 11:32:24.600238,2026-04-07 11:32:25.278758,0 days 00:00:00.678520,20.702906096696044,16.31281145095177,1.4963285304869829,Au,PRUNED
2313,-1.0,2026-04-07 11:32:24.615003,2026-04-07 11:32:25.078233,0 days 00:00:00.463230,34.776870657811926,17.846945922786105,1.385279818844579,Au,COMPLETE
2314,-1.0,2026-04-07 11:32:24.638657,2026-04-07 11:32:25.202307,0 days 00:00:00.563650,20.654463277082915,16.506023905692242,1.7918333160441042,Cu,COMPLETE
2315,-11.904761904760544,2026-04-07 11:32:24.862062,2026-04-07 11:32:25.383138,0 days 00:00:00.521076,21.22026896948691,19.65384813390672,1.375578918545951,Cu,PRUNED
2316,-1.0,2026-04-07 11:32:24.943604,2026-04-07 11:32:25.433943,0 days 00:00:00.490339,34.06698626907121,17.053552833108657,1.4898229707821582,Cu,COMPLETE
2317,-1.0,2026-04-07 11:32:25.078233,2026-04-07 11:32:25.678255,0 days 00:00:00.600022,26.05966154348473,18.101483725270054,1.844127587936045,Cu,COMPLETE
2318,79.0441176470565,2026-04-07 11:32:25.108675,2026-04-07 11:32:25.859170,0 days 00:00:00.750495,30.544796089200428,19.179855930492373,1.5422609445388038,Cu,PRUNED
2319,-1.0,2026-04-07 11:32:25.226804,2026-04-07 11:32:25.642452,0 days 00:00:00.415648,23.01377645889137,19.685450859988936,1.366306101025292,Cu,COMPLETE
2320,-3.787878787878329,2026-04-07 11:32:25.358458,2026-04-07 11:32:26.032108,0 days 00:00:00.673650,23.457976993066925,19.522112408879888,1.9142056250957817,Cu,PRUNED
2321,-1.0,2026-04-07 11:32:25.423687,2026-04-07 11:32:26.048804,0 days 00:00:00.625117,20.640797350142435,18.61661886314896,1.5873896294474235,Cu,COMPLETE
2322,-1.2626262626261096,2026-04-07 11:32:25.480449,2026-04-07 11:32:26.180259,0 days 00:00:00.699810,24.25406803650055,19.689257741255165,1.5307054503680189,Cu,PRUNED
2323,-10.41666666666551,2026-04-07 11:32:25.513638,2026-04-07 11:32:26.157569,0 days 00:00:00.643931,24.665914944475748,17.869586685141602,1.7318400594431882,Cu,PRUNED
2324,-1.0,2026-04-07 11:32:25.565907,2026-04-07 11:32:25.951578,0 days 00:00:00.385671,35.82591603721076,19.647327080889106,1.3587991771365364,Cu,COMPLETE
2325,-1.0,2026-04-07 11:32:25.820877,2026-04-07 11:32:26.450523,0 days 00:00:00.629646,20.993560598596904,19.484977000021516,1.7698231601455845,Cu,COMPLETE
2326,-1.0,2026-04-07 11:32:25.786002,2026-04-07 11:32:26.606574,0 days 00:00:00.820572,22.542809178248596,15.754891933747638,1.392834428204603,Cu,COMPLETE
2327,-165.6175059951918,2026-04-07 11:32:26.103346,2026-04-07 11:32:26.856793,0 days 00:00:00.753447,22.477273082270624,19.172337071292457,1.222754701014542,Ag,COMPLETE
2328,-1.0,2026-04-07 11:32:26.202483,2026-04-07 11:32:26.759614,0 days 00:00:00.557131,32.25460090706589,17.13441879905975,1.4034651742641824,Cu,COMPLETE
2329,-1.0,2026-04-07 11:32:26.144478,2026-04-07 11:32:26.700350,0 days 00:00:00.555872,23.910037610309946,17.179489545511995,1.4054989116034005,Cu,COMPLETE
2330,-8.771929824560788,2026-04-07 11:32:26.234472,2026-04-07 11:32:26.898883,0 days 00:00:00.664411,23.23454854066433,16.76263173622404,1.449306565268889,Cu,PRUNED
2331,-1.6869095816463964,2026-04-07 11:32:26.256226,2026-04-07 11:32:26.936216,0 days 00:00:00.679990,118.23449707203812,5.161147693276669,1.210179276059294,Ag,PRUNED
2332,76.94647201946246,2026-04-07 11:32:26.291738,2026-04-07 11:32:26.805631,0 days 00:00:00.513893,33.33083315875395,19.262019595880613,1.408225906066833,Cu,PRUNED
2333,0.0,2026-04-07 11:32:26.581815,2026-04-07 11:32:27.295149,0 days 00:00:00.713334,24.31969328201874,19.908989222361097,1.505385528072536,Cu,PRUNED
2334,-1.0,2026-04-07 11:32:26.807632,2026-04-07 11:32:27.439539,0 days 00:00:00.631907,20.888256513486887,19.880963715915556,1.374665189648321,Cu,COMPLETE
2335,-211.24031007750287,2026-04-07 11:32:26.913065,2026-04-07 11:32:27.533651,0 days 00:00:00.620586,20.203178803665484,19.766573498024282,1.0817236080177797,Cu,COMPLETE
2336,0.0,2026-04-07 11:32:26.950429,2026-04-07 11:32:27.745196,0 days 00:00:00.794767,20.649119560236407,16.947569375392526,1.2999850596416516,Au,PRUNED
2337,-1.0,2026-04-07 11:32:26.953455,2026-04-07 11:32:27.359462,0 days 00:00:00.406007,22.9981578796814,19.042236479883353,1.558375074977212,Au,COMPLETE
2338,0.0,2026-04-07 11:32:27.008415,2026-04-07 11:32:27.550879,0 days 00:00:00.542464,27.32392324642465,19.56987566591741,1.6822482712055788,Au,PRUNED
2339,0.0,2026-04-07 11:32:27.084795,2026-04-07 11:32:27.532650,0 days 00:00:00.447855,34.212695033031764,19.936243377994227,1.4435010887418889,Cu,PRUNED
2340,-173.58803986709816,2026-04-07 11:32:27.100068,2026-04-07 11:32:27.807088,0 days 00:00:00.707020,21.640249020611442,16.787744940502126,1.2771908552186086,Cu,COMPLETE
2341,-1.0,2026-04-07 11:32:27.395453,2026-04-07 11:32:27.811153,0 days 00:00:00.415700,39.51732163872836,15.62736968598959,1.5898857999345282,Cu,COMPLETE
2342,-1.0,2026-04-07 11:32:27.591945,2026-04-07 11:32:28.323545,0 days 00:00:00.731600,34.20076109015888,19.56819832332339,1.3627514374848326,Cu,COMPLETE
2343,-1.0,2026-04-07 11:32:27.629836,2026-04-07 11:32:28.162293,0 days 00:00:00.532457,20.727700130486134,19.899813250404037,1.1654987197314937,Cu,COMPLETE
2344,77.25060827250383,2026-04-07 11:32:27.640506,2026-04-07 11:32:28.246155,0 days 00:00:00.605649,32.78563552344922,19.776691336743365,1.1308625396063772,Cu,PRUNED
2345,0.0,2026-04-07 11:32:27.670757,2026-04-07 11:32:28.189937,0 days 00:00:00.519180,20.793486745353306,17.29142073689301,1.5619259667089673,Au,PRUNED
2346,-1.0,2026-04-07 11:32:27.874184,2026-04-07 11:32:28.208324,0 days 00:00:00.334140,20.09849149004831,17.406511030938187,1.4041754093685983,Cu,COMPLETE
2347,-1.0,2026-04-07 11:32:27.924231,2026-04-07 11:32:28.245583,0 days 00:00:00.321352,20.422917377341616,17.37338386917224,1.6380411437171387,Cu,COMPLETE
2348,-183.96770472893772,2026-04-07 11:32:28.030362,2026-04-07 11:32:28.796419,0 days 00:00:00.766057,21.242306240455676,17.378694434505658,1.5833658987654604,Cu,COMPLETE
2349,0.0,2026-04-07 11:32:28.091787,2026-04-07 11:32:28.635730,0 days 00:00:00.543943,21.28217608720913,16.887918600655556,1.460561332922853,Cu,PRUNED
2350,-1.0,2026-04-07 11:32:28.276273,2026-04-07 11:32:28.825601,0 days 00:00:00.549328,20.647706721271057,18.5795058276927,0.8326954326562954,Au,COMPLETE
2351,-1.0,2026-04-07 11:32:28.337826,2026-04-07 11:32:28.885157,0 days 00:00:00.547331,20.048571135533795,18.581423696124606,1.5266742234454465,Cu,COMPLETE
2352,80.59610705595871,2026-04-07 11:32:28.379437,2026-04-07 11:32:29.026166,0 days 00:00:00.646729,27.352520881397027,19.97787094035173,1.1691957572354106,Cu,PRUNED
2353,-1.0,2026-04-07 11:32:28.398596,2026-04-07 11:32:28.781606,0 days 00:00:00.383010,20.885896456014358,17.107476028955883,1.2729020952081778,Cu,COMPLETE
2354,-1.0,2026-04-07 11:32:28.452121,2026-04-07 11:32:28.823191,0 days 00:00:00.371070,32.63586740970491,19.52065836614428,0.8372508407371786,Ag,COMPLETE
2355,2.7777777777774073,2026-04-07 11:32:28.531473,2026-04-07 11:32:29.011203,0 days 00:00:00.479730,21.860505211639687,19.904796800622865,1.700745585603517,Au,PRUNED
2356,0.0,2026-04-07 11:32:28.738767,2026-04-07 11:32:29.331868,0 days 00:00:00.593101,20.19444108905251,17.395644799472276,1.9883265863571575,Au,PRUNED
2357,0.0,2026-04-07 11:32:28.975327,2026-04-07 11:32:29.666383,0 days 00:00:00.691056,20.80206870695879,17.027572564517094,1.0689853904378195,Cu,PRUNED
2358,59.73193473193305,2026-04-07 11:32:29.050444,2026-04-07 11:32:29.717682,0 days 00:00:00.667238,43.98437697222437,16.75057827395858,1.3671351702948016,Cu,PRUNED
2359,-9.615384615383135,2026-04-07 11:32:29.060698,2026-04-07 11:32:29.744241,0 days 00:00:00.683543,21.06857346698728,19.73445863804873,1.127672206528528,Au,PRUNED
2360,-1.0,2026-04-07 11:32:29.077042,2026-04-07 11:32:29.605605,0 days 00:00:00.528563,20.744952146632624,19.04322282496228,1.278993567123752,Cu,COMPLETE
2361,0.0,2026-04-07 11:32:29.091781,2026-04-07 11:32:29.700244,0 days 00:00:00.608463,40.62054518992321,17.86526407309189,1.6877356625503146,Au,PRUNED
2362,-1.0,2026-04-07 11:32:29.113018,2026-04-07 11:32:29.555987,0 days 00:00:00.442969,20.716627005529006,19.520950087301856,1.4718711755590195,Cu,COMPLETE
2363,-1.0,2026-04-07 11:32:29.186100,2026-04-07 11:32:29.730715,0 days 00:00:00.544615,21.99217117302163,19.950038369823414,1.1512130806613636,Cu,COMPLETE
2364,-1.0,2026-04-07 11:32:29.379311,2026-04-07 11:32:30.157132,0 days 00:00:00.777821,39.80334383655381,16.954564490638077,1.0522602500452582,Cu,COMPLETE
2365,-1.0,2026-04-07 11:32:29.713414,2026-04-07 11:32:30.255425,0 days 00:00:00.542011,41.065834546162286,16.967850563658146,1.3492979197278534,Ag,COMPLETE
2366,3.086419753086191,2026-04-07 11:32:29.779820,2026-04-07 11:32:30.532420,0 days 00:00:00.752600,35.33877135874302,17.187492877407106,1.1744599010837424,Cu,PRUNED
2367,0.0,2026-04-07 11:32:29.796888,2026-04-07 11:32:30.260625,0 days 00:00:00.463737,32.58159060984623,17.374018943602497,1.67077542341316,Au,PRUNED
2368,-1.0,2026-04-07 11:32:29.826267,2026-04-07 11:32:30.289890,0 days 00:00:00.463623,37.295742321472815,17.077813325427712,1.3148241533545435,Cu,COMPLETE
2369,-1.0,2026-04-07 11:32:29.859034,2026-04-07 11:32:30.257026,0 days 00:00:00.397992,35.16092483002004,18.573888490008137,1.8418166701538787,Au,COMPLETE
2370,-1.0,2026-04-07 11:32:29.914240,2026-04-07 11:32:30.418369,0 days 00:00:00.504129,20.605925563094825,15.890298249128666,1.503986711578399,Au,COMPLETE
2371,0.0,2026-04-07 11:32:29.946151,2026-04-07 11:32:30.663539,0 days 00:00:00.717388,37.448402215996595,19.834764683554337,1.602423529743132,Cu,PRUNED
2372,0.0,2026-04-07 11:32:30.314031,2026-04-07 11:32:30.845297,0 days 00:00:00.531266,33.821078447285515,17.32061218955105,1.554875275351457,Au,PRUNED
2373,-1.0,2026-04-07 11:32:30.289890,2026-04-07 11:32:31.085523,0 days 00:00:00.795633,48.749037614023734,19.617577873234143,1.1324583866485205,Cu,COMPLETE
2374,-1.0,2026-04-07 11:32:30.289890,2026-04-07 11:32:31.050169,0 days 00:00:00.760279,20.730386214256402,19.096464993157106,1.9886569367997098,Cu,COMPLETE
2375,-1.0,2026-04-07 11:32:30.463959,2026-04-07 11:32:31.133605,0 days 00:00:00.669646,39.40725567932805,19.86436916721077,1.3778599392500164,Cu,COMPLETE
2376,3.144654088050077,2026-04-07 11:32:30.534617,2026-04-07 11:32:31.196833,0 days 00:00:00.662216,33.695101327309914,17.292585701990856,1.1541539083293462,Cu,PRUNED
2377,-298.91304347822836,2026-04-07 11:32:30.623183,2026-04-07 11:32:31.199343,0 days 00:00:00.576160,20.64607314053269,19.17974180789275,1.7124991298249237,Cu,COMPLETE
2378,-1.0,2026-04-07 11:32:30.607713,2026-04-07 11:32:31.167520,0 days 00:00:00.559807,21.241405388426067,15.874560211830952,1.3647090011290206,Cu,COMPLETE
2379,-1.0,2026-04-07 11:32:30.750144,2026-04-07 11:32:31.165469,0 days 00:00:00.415325,22.66799529926392,19.857253415885502,1.9453487682289359,Cu,COMPLETE
2380,-1.0,2026-04-07 11:32:30.903864,2026-04-07 11:32:31.570045,0 days 00:00:00.666181,21.37099488764269,17.212122787829372,1.548755476957968,Au,COMPLETE
2381,-1.0,2026-04-07 11:32:31.225477,2026-04-07 11:32:31.783246,0 days 00:00:00.557769,42.70613653272818,17.92450625373099,1.7185832224184923,Cu,COMPLETE
2382,-1.0,2026-04-07 11:32:31.276434,2026-04-07 11:32:31.698347,0 days 00:00:00.421913,32.105220324129036,16.04664492305261,1.5995272140851862,Cu,COMPLETE
2383,79.62962962962726,2026-04-07 11:32:31.298062,2026-04-07 11:32:31.903397,0 days 00:00:00.605335,32.95819910853385,15.959675043189783,1.150279722399256,Au,PRUNED
2384,0.0,2026-04-07 11:32:31.322065,2026-04-07 11:32:31.897340,0 days 00:00:00.575275,20.092532285503214,16.809715378876508,1.560203353502326,Au,PRUNED
2385,-1.0,2026-04-07 11:32:31.371678,2026-04-07 11:32:31.789343,0 days 00:00:00.417665,38.20029111600926,19.17839688973194,1.9574459010135228,Cu,COMPLETE
2386,-1.0,2026-04-07 11:32:31.418923,2026-04-07 11:32:32.320917,0 days 00:00:00.901994,32.7684115306586,17.593229325998493,1.621241791228841,Au,COMPLETE
2387,-1.0,2026-04-07 11:32:31.529114,2026-04-07 11:32:32.018121,0 days 00:00:00.489007,29.235564745452958,18.36912145897359,1.7513513997765777,Cu,COMPLETE
2388,75.78502415458718,2026-04-07 11:32:31.843548,2026-04-07 11:32:32.584949,0 days 00:00:00.741401,36.08733644695833,17.655155091469187,1.7547456225469422,Cu,PRUNED
2389,-1.0,2026-04-07 11:32:31.790350,2026-04-07 11:32:32.538123,0 days 00:00:00.747773,22.832145587390517,19.879028302854266,1.5784909674877483,Cu,COMPLETE
2390,-9.33908045976947,2026-04-07 11:32:31.942717,2026-04-07 11:32:32.841165,0 days 00:00:00.898448,25.266730729627657,15.261480850964217,1.755664828642463,Cu,PRUNED
2391,-1.0,2026-04-07 11:32:32.021671,2026-04-07 11:32:32.506715,0 days 00:00:00.485044,26.66580981136452,15.557155210653242,1.820977548295146,Cu,COMPLETE
2392,-1.0,2026-04-07 11:32:32.069611,2026-04-07 11:32:32.680607,0 days 00:00:00.610996,25.048659172607085,15.066046524488808,1.729519371662625,Cu,COMPLETE
2393,1.6666666666665333,2026-04-07 11:32:32.094027,2026-04-07 11:32:32.838659,0 days 00:00:00.744632,29.802335453910636,17.088012950513566,1.6232703551897083,Cu,PRUNED
2394,-1.0,2026-04-07 11:32:32.170693,2026-04-07 11:32:32.738913,0 days 00:00:00.568220,23.313200041723768,17.14976637129618,1.9306772626902549,Cu,COMPLETE
2395,-1.0,2026-04-07 11:32:32.507227,2026-04-07 11:32:33.196340,0 days 00:00:00.689113,35.158560863799735,14.654307155585302,1.938585740714568,Cu,COMPLETE
2396,-1.0,2026-04-07 11:32:32.733400,2026-04-07 11:32:33.262212,0 days 00:00:00.528812,20.476912567449723,16.5785977490061,1.4565558560010745,Au,COMPLETE
2397,-1.0,2026-04-07 11:32:32.769146,2026-04-07 11:32:33.262212,0 days 00:00:00.493066,20.70409446930684,19.809667329894012,1.1592177291255368,Cu,COMPLETE
2398,-11.904761904760544,2026-04-07 11:32:32.798731,2026-04-07 11:32:33.364959,0 days 00:00:00.566228,21.55439454300631,19.301443577980198,1.7969670250024898,Cu,PRUNED
2399,-10.71428571428449,2026-04-07 11:32:32.878839,2026-04-07 11:32:33.657894,0 days 00:00:00.779055,23.216053389841882,18.666670193152754,1.7807364140885125,Cu,PRUNED
2400,-1.0,2026-04-07 11:32:32.919936,2026-04-07 11:32:33.260597,0 days 00:00:00.340661,23.3302863219245,19.88882371985067,1.3280199636827148,Au,COMPLETE
2401,-1.0,2026-04-07 11:32:32.933651,2026-04-07 11:32:33.397449,0 days 00:00:00.463798,21.789360019708873,19.108149052751823,1.6259070904093917,Cu,COMPLETE
2402,-13.15789473684072,2026-04-07 11:32:32.948804,2026-04-07 11:32:33.560652,0 days 00:00:00.611848,23.58734077148873,17.172857047350583,1.7392040379989289,Cu,PRUNED
2403,0.0,2026-04-07 11:32:33.282075,2026-04-07 11:32:34.040681,0 days 00:00:00.758606,36.71095416344074,19.82772283791583,1.8576686889287586,Cu,PRUNED
2404,0.0,2026-04-07 11:32:33.397960,2026-04-07 11:32:34.299843,0 days 00:00:00.901883,38.47044319133896,17.142301511497177,1.5022809269139958,Au,PRUNED
2405,-1.0,2026-04-07 11:32:33.477667,2026-04-07 11:32:33.960516,0 days 00:00:00.482849,20.42350481783346,19.286781863725377,1.8633042158194755,Cu,COMPLETE
2406,0.0,2026-04-07 11:32:33.521806,2026-04-07 11:32:34.055601,0 days 00:00:00.533795,20.78843916573927,17.215249469684917,1.0983989459767964,Au,PRUNED
2407,-1.0,2026-04-07 11:32:33.563659,2026-04-07 11:32:34.272734,0 days 00:00:00.709075,72.27676456885926,6.087890376258347,1.9736874965310598,Ag,COMPLETE
2408,-1.0,2026-04-07 11:32:33.660402,2026-04-07 11:32:34.349763,0 days 00:00:00.689361,20.544384657586885,16.540653583201454,1.6381477498979202,Au,COMPLETE
2409,-1.0,2026-04-07 11:32:33.718069,2026-04-07 11:32:34.269508,0 days 00:00:00.551439,32.20183227445818,19.92902602981823,1.7291999607517412,Cu,COMPLETE
2410,0.0,2026-04-07 11:32:33.729357,2026-04-07 11:32:34.303525,0 days 00:00:00.574168,40.213486242670186,19.941324084832004,1.4246278038059192,Cu,PRUNED
2411,0.0,2026-04-07 11:32:34.120439,2026-04-07 11:32:34.938510,0 days 00:00:00.818071,20.444772441023822,17.311651325206743,1.53327066653142,Cu,PRUNED
2412,0.0,2026-04-07 11:32:34.161777,2026-04-07 11:32:34.939509,0 days 00:00:00.777732,36.79527528898575,16.414778764563426,1.8062723716036828,Au,PRUNED
2413,-1.0,2026-04-07 11:32:34.220109,2026-04-07 11:32:34.768636,0 days 00:00:00.548527,25.91920834143535,16.399597504033146,1.7421924831702988,Ag,COMPLETE
2414,-9.50292397660752,2026-04-07 11:32:34.368773,2026-04-07 11:32:35.003308,0 days 00:00:00.634535,24.25194816014401,17.695740252235623,1.8520904082980612,Ag,PRUNED
2415,0.0,2026-04-07 11:32:34.406028,2026-04-07 11:32:35.110811,0 days 00:00:00.704783,20.352841529477736,15.720421459998548,1.4935121584115654,Cu,PRUNED
2416,-1.0,2026-04-07 11:32:34.435127,2026-04-07 11:32:34.875793,0 days 00:00:00.440666,38.95724350416407,16.56767887390613,1.7665241551570388,Au,COMPLETE
2417,-407.9736211030594,2026-04-07 11:32:34.491748,2026-04-07 11:32:35.269391,0 days 00:00:00.777643,20.306060802181012,19.433970822339276,1.5321207089675415,Au,COMPLETE
2418,-294.57885304656304,2026-04-07 11:32:34.534842,2026-04-07 11:32:35.303545,0 days 00:00:00.768703,20.286524063000744,19.495577800651628,1.4841220965175916,Cu,COMPLETE
2419,-12.731481481480067,2026-04-07 11:32:35.063121,2026-04-07 11:32:35.663882,0 days 00:00:00.600761,21.37880918739465,19.71637094583186,1.2697427866585471,Cu,PRUNED
2420,-1.0,2026-04-07 11:32:35.086208,2026-04-07 11:32:35.537103,0 days 00:00:00.450895,20.681619202478583,18.370702363454242,1.7476557727759117,Au,COMPLETE
2421,-1.0,2026-04-07 11:32:35.110811,2026-04-07 11:32:35.771545,0 days 00:00:00.660734,33.36402052968691,19.521573435305523,1.896324570290993,Au,COMPLETE
2422,-417.89215686268363,2026-04-07 11:32:35.149000,2026-04-07 11:32:35.726985,0 days 00:00:00.577985,20.52688115121184,19.484279924198773,1.4996110039096107,Au,COMPLETE
2423,-1.0,2026-04-07 11:32:35.163621,2026-04-07 11:32:35.634310,0 days 00:00:00.470689,117.7472140627697,17.32491948297283,1.3212216308898481,Au,COMPLETE
2424,-1.0,2026-04-07 11:32:35.186331,2026-04-07 11:32:35.697786,0 days 00:00:00.511455,28.552182870817873,18.894316011673418,1.3218761581260547,Au,COMPLETE
2425,-1.0,2026-04-07 11:32:35.434656,2026-04-07 11:32:35.849672,0 days 00:00:00.415016,31.605605373554987,18.539259288773355,1.5762180133930606,Au,COMPLETE
2426,-1.0,2026-04-07 11:32:35.467384,2026-04-07 11:32:35.962751,0 days 00:00:00.495367,22.219338652822163,19.03207359342339,1.4355869956366702,Au,COMPLETE
2427,0.0,2026-04-07 11:32:35.751250,2026-04-07 11:32:36.308255,0 days 00:00:00.557005,28.63880055656258,18.672541280911076,1.5177844277802484,Au,PRUNED
2428,-1.0,2026-04-07 11:32:35.811944,2026-04-07 11:32:36.182735,0 days 00:00:00.370791,23.391368117647804,19.642817335718878,1.7737200237183894,Au,COMPLETE
2429,0.0,2026-04-07 11:32:35.786531,2026-04-07 11:32:36.475795,0 days 00:00:00.689264,35.71543736017552,18.133507357344826,1.275845618946059,Au,PRUNED
2430,0.0,2026-04-07 11:32:35.740475,2026-04-07 11:32:36.445120,0 days 00:00:00.704645,29.576288102412015,19.743586218217413,1.467080224154758,Au,PRUNED
2431,0.0,2026-04-07 11:32:35.893378,2026-04-07 11:32:36.307214,0 days 00:00:00.413836,36.43151770180713,19.732280353790426,1.5625346717138178,Au,PRUNED
2432,-1.0,2026-04-07 11:32:35.965255,2026-04-07 11:32:36.524558,0 days 00:00:00.559303,24.98848871492077,18.747521083409495,1.5689596659641172,Au,COMPLETE
2433,0.0,2026-04-07 11:32:36.008623,2026-04-07 11:32:36.522552,0 days 00:00:00.513929,28.693467093398702,19.154982350471666,1.6652755444744574,Au,PRUNED
2434,-1.0,2026-04-07 11:32:36.120703,2026-04-07 11:32:36.603468,0 days 00:00:00.482765,36.230521624097165,18.21231209178011,1.3423405407892703,Au,COMPLETE
2435,0.0,2026-04-07 11:32:36.310214,2026-04-07 11:32:37.082112,0 days 00:00:00.771898,31.81600636302172,19.981405354438184,1.4239854716553677,Au,PRUNED
2436,-1.0,2026-04-07 11:32:36.401071,2026-04-07 11:32:36.928962,0 days 00:00:00.527891,25.135884584650576,19.01780114701377,1.3674918138130103,Au,COMPLETE
2437,0.0,2026-04-07 11:32:36.478297,2026-04-07 11:32:36.973587,0 days 00:00:00.495290,25.445952465055843,19.903739174001817,1.3979749104823473,Au,PRUNED
2438,0.0,2026-04-07 11:32:36.576464,2026-04-07 11:32:37.114483,0 days 00:00:00.538019,34.85257700969114,19.680574456564575,1.5818181944556096,Au,PRUNED
2439,-7.4404761904751275,2026-04-07 11:32:36.637700,2026-04-07 11:32:37.268116,0 days 00:00:00.630416,21.584298745198378,18.726533502611268,1.7451949071388135,Au,PRUNED
2440,0.0,2026-04-07 11:32:36.663570,2026-04-07 11:32:37.405708,0 days 00:00:00.742138,42.96068445813894,19.089016246570605,1.5230363488814713,Au,PRUNED
2441,0.0,2026-04-07 11:32:36.677909,2026-04-07 11:32:37.690636,0 days 00:00:01.012727,41.73087100733405,19.359771667094968,1.5828708152936883,Au,PRUNED
2442,0.0,2026-04-07 11:32:36.721526,2026-04-07 11:32:37.343428,0 days 00:00:00.621902,25.518279827780734,19.981190054478255,1.3563808787376148,Au,PRUNED
2443,-1.0,2026-04-07 11:32:37.028434,2026-04-07 11:32:37.675733,0 days 00:00:00.647299,33.969095342374814,17.446191861805787,1.7649879966193536,Au,COMPLETE
2444,0.0,2026-04-07 11:32:37.054677,2026-04-07 11:32:37.958722,0 days 00:00:00.904045,27.607087585512794,19.78212986605648,1.5999270660684919,Au,PRUNED
2445,-1.0,2026-04-07 11:32:37.141391,2026-04-07 11:32:37.911316,0 days 00:00:00.769925,20.74297800566627,16.792014853908245,1.4455580887360795,Au,COMPLETE
2446,-1.0,2026-04-07 11:32:37.239582,2026-04-07 11:32:37.678047,0 days 00:00:00.438465,20.89101328779587,19.87680610789399,1.600941333221063,Au,COMPLETE
2447,-1.0,2026-04-07 11:32:37.345917,2026-04-07 11:32:37.978436,0 days 00:00:00.632519,20.125399112592902,18.28652892436415,1.4205044374388274,Au,COMPLETE
2448,-1.0,2026-04-07 11:32:37.439676,2026-04-07 11:32:38.034715,0 days 00:00:00.595039,44.40827858325339,17.213748210486273,1.4734689456380041,Au,COMPLETE
2449,-353.2494758909407,2026-04-07 11:32:37.486360,2026-04-07 11:32:37.975385,0 days 00:00:00.489025,21.278941377727328,18.344296549615514,1.1270115674341064,Au,COMPLETE
2450,-289.90299823630096,2026-04-07 11:32:37.822684,2026-04-07 11:32:38.661719,0 days 00:00:00.839035,23.141725048210663,15.543191083915454,1.3359192709461238,Au,COMPLETE
2451,82.10784313725247,2026-04-07 11:32:37.863272,2026-04-07 11:32:38.568199,0 days 00:00:00.704927,27.74660921009385,17.887580635998575,0.6859296169788386,Au,PRUNED
2452,81.49509803921329,2026-04-07 11:32:37.979437,2026-04-07 11:32:38.904609,0 days 00:00:00.925172,29.327496496220547,15.836275284458562,1.4467253723952378,Au,PRUNED
2453,-1.0,2026-04-07 11:32:38.066223,2026-04-07 11:32:38.511799,0 days 00:00:00.445576,119.2240705278299,13.662409849086567,1.2973346347646069,Cu,COMPLETE
2454,-1.0,2026-04-07 11:32:38.088341,2026-04-07 11:32:38.498059,0 days 00:00:00.409718,22.258603022179578,15.231516310311639,1.1710194798839444,Au,COMPLETE
2455,-1.0,2026-04-07 11:32:38.146815,2026-04-07 11:32:38.772837,0 days 00:00:00.626022,30.58545116648576,17.202329808423638,0.9142674665783712,Au,COMPLETE
2456,-1.0,2026-04-07 11:32:38.202435,2026-04-07 11:32:38.662732,0 days 00:00:00.460297,20.43173475558957,17.414083949314307,0.9529581486185392,Au,COMPLETE
2457,-1.0,2026-04-07 11:32:38.253044,2026-04-07 11:32:38.586585,0 days 00:00:00.333541,20.74103159014598,15.938054940202443,0.9592794049416096,Au,COMPLETE
2458,-1.0,2026-04-07 11:32:38.569217,2026-04-07 11:32:39.107996,0 days 00:00:00.538779,22.680808619372385,18.65003019190886,0.9804199007353883,Au,COMPLETE
2459,-1.0,2026-04-07 11:32:38.786767,2026-04-07 11:32:39.299116,0 days 00:00:00.512349,51.24651630032862,19.5490799510266,1.328576384986917,Au,COMPLETE
2460,-1.0,2026-04-07 11:32:38.822393,2026-04-07 11:32:39.251261,0 days 00:00:00.428868,33.677588956559404,15.835856953100295,1.1879279195095904,Au,COMPLETE
2461,0.0,2026-04-07 11:32:38.876118,2026-04-07 11:32:39.535197,0 days 00:00:00.659079,37.40573896250392,16.300879144011688,0.9494698977729037,Au,PRUNED
2462,0.0,2026-04-07 11:32:38.914301,2026-04-07 11:32:39.501277,0 days 00:00:00.586976,44.60084494362548,18.03362459686109,0.9682195990261191,Au,PRUNED
2463,-1.0,2026-04-07 11:32:38.965335,2026-04-07 11:32:39.337984,0 days 00:00:00.372649,22.841972932860088,19.74402977556276,0.8098449844612761,Au,COMPLETE
2464,0.0,2026-04-07 11:32:38.976536,2026-04-07 11:32:39.454144,0 days 00:00:00.477608,35.96535258683059,16.1651370074637,1.2463021992086576,Au,PRUNED
2465,0.0,2026-04-07 11:32:39.019050,2026-04-07 11:32:39.697548,0 days 00:00:00.678498,38.51156317105427,16.92229586913295,0.9802070782535337,Au,PRUNED
2466,-0.8928571428571173,2026-04-07 11:32:39.243959,2026-04-07 11:32:39.849798,0 days 00:00:00.605839,20.954277652991617,14.642502491861471,1.1955693986430078,Ag,PRUNED
2467,0.0,2026-04-07 11:32:39.397735,2026-04-07 11:32:40.297016,0 days 00:00:00.899281,38.742792524856725,19.3125254787348,1.186463746905392,Au,PRUNED
2468,-1.0,2026-04-07 11:32:39.426023,2026-04-07 11:32:40.192538,0 days 00:00:00.766515,22.509406553002336,19.934802507017405,1.2598548204309594,Au,COMPLETE
2469,-1.0,2026-04-07 11:32:39.567127,2026-04-07 11:32:40.000599,0 days 00:00:00.433472,22.725523340110083,18.131153898347293,1.2876116190950615,Au,COMPLETE
2470,-1.0,2026-04-07 11:32:39.580307,2026-04-07 11:32:40.176109,0 days 00:00:00.595802,20.900219430311424,18.80236490214868,1.3615576557068931,Au,COMPLETE
2471,-351.30208333328943,2026-04-07 11:32:39.605576,2026-04-07 11:32:40.533966,0 days 00:00:00.928390,22.09445626681119,17.75237894900439,1.1428767876400734,Au,COMPLETE
2472,80.86419753086179,2026-04-07 11:32:39.597131,2026-04-07 11:32:40.330051,0 days 00:00:00.732920,29.56344205155486,17.093213346535453,1.2798013883573813,Au,PRUNED
2473,-1.0,2026-04-07 11:32:39.739640,2026-04-07 11:32:40.114077,0 days 00:00:00.374437,64.67598483493576,9.840827367174528,1.2225858890868226,Cu,COMPLETE
2474,79.32098765431864,2026-04-07 11:32:39.897072,2026-04-07 11:32:40.455712,0 days 00:00:00.558640,32.41047963373169,16.016216124254324,1.50583270778255,Au,PRUNED
2475,0.0,2026-04-07 11:32:40.091969,2026-04-07 11:32:40.825084,0 days 00:00:00.733115,20.229362212148004,17.453318258067483,1.29633644263648,Au,PRUNED
2476,-8.064516129031217,2026-04-07 11:32:40.358526,2026-04-07 11:32:41.206943,0 days 00:00:00.848417,25.135964223433874,16.6067666910252,1.1212188339446678,Au,PRUNED
2477,-1.0,2026-04-07 11:32:40.386661,2026-04-07 11:32:41.002170,0 days 00:00:00.615509,22.044574383811653,16.319284789479944,1.1185082056541327,Au,COMPLETE
2478,0.0,2026-04-07 11:32:40.411946,2026-04-07 11:32:41.115336,0 days 00:00:00.703390,20.760017230267362,17.809395170748957,1.222763542238825,Au,PRUNED
2479,-1.0,2026-04-07 11:32:40.426884,2026-04-07 11:32:40.940348,0 days 00:00:00.513464,38.998971171251014,17.541657423697018,1.2073861826198082,Au,COMPLETE
2480,-10.41666666666518,2026-04-07 11:32:40.459735,2026-04-07 11:32:41.331675,0 days 00:00:00.871940,22.395172826292995,18.57619072803716,1.076116712271406,Au,PRUNED
2481,79.0441176470565,2026-04-07 11:32:40.502657,2026-04-07 11:32:41.112499,0 days 00:00:00.609842,35.8858423717177,14.449179705516928,0.8886587527802666,Au,PRUNED
2482,-292.55793226378364,2026-04-07 11:32:40.689453,2026-04-07 11:32:41.345912,0 days 00:00:00.656459,22.19981041353344,16.47683551817019,1.035235665159233,Au,COMPLETE
2483,-1.0,2026-04-07 11:32:40.866530,2026-04-07 11:32:41.450894,0 days 00:00:00.584364,119.12883825541346,13.890848636150892,0.21261364086280587,Ag,COMPLETE
2484,0.0,2026-04-07 11:32:41.118673,2026-04-07 11:32:41.736533,0 days 00:00:00.617860,34.55749864249637,18.994708772819124,0.8335042260828575,Au,PRUNED
2485,-390.2298850574169,2026-04-07 11:32:41.203239,2026-04-07 11:32:41.704521,0 days 00:00:00.501282,20.855462373940238,18.99705832346128,1.3167709279428608,Au,COMPLETE
2486,0.0,2026-04-07 11:32:41.226686,2026-04-07 11:32:41.874856,0 days 00:00:00.648170,20.971266151111813,16.762718551197207,1.292135827955386,Au,PRUNED
2487,0.0,2026-04-07 11:32:41.303358,2026-04-07 11:32:41.848212,0 days 00:00:00.544854,37.10763291453135,18.816383867596723,1.0320732878985666,Au,PRUNED
2488,0.0,2026-04-07 11:32:41.332674,2026-04-07 11:32:41.849219,0 days 00:00:00.516545,22.689067476630143,19.774126559026328,0.8679901486891108,Au,PRUNED
2489,-325.77972709547885,2026-04-07 11:32:41.374779,2026-04-07 11:32:42.189823,0 days 00:00:00.815044,20.18508195869547,18.236211860466696,1.611756894852363,Au,COMPLETE
2490,2.6881720430104057,2026-04-07 11:32:41.569297,2026-04-07 11:32:42.131318,0 days 00:00:00.562021,21.813786299855852,19.945523444912226,1.736422628111555,Au,PRUNED
2491,0.0,2026-04-07 11:32:41.616406,2026-04-07 11:32:42.285516,0 days 00:00:00.669110,43.58116566103345,19.414963389082832,0.8117734509773766,Au,PRUNED
2492,49.76851851851713,2026-04-07 11:32:41.797343,2026-04-07 11:32:42.438544,0 days 00:00:00.641201,48.70466620533818,19.835310124750936,1.8158113762706285,Ag,PRUNED
2493,-12.499999999998334,2026-04-07 11:32:41.906276,2026-04-07 11:32:42.625762,0 days 00:00:00.719486,22.914168082009077,17.598564637084603,1.1523629215370226,Au,PRUNED
2494,0.0,2026-04-07 11:32:41.948183,2026-04-07 11:32:42.594021,0 days 00:00:00.645838,32.339338049428385,18.73795616411383,1.0707072633939119,Au,PRUNED
2495,-1.0,2026-04-07 11:32:42.009313,2026-04-07 11:32:42.510684,0 days 00:00:00.501371,20.33677693833559,18.90198664699019,1.2303422848511434,Au,COMPLETE
2496,0.0,2026-04-07 11:32:42.019266,2026-04-07 11:32:42.610138,0 days 00:00:00.590872,27.762380536566482,19.940338498106524,1.341840737649617,Au,PRUNED
2497,-1.0,2026-04-07 11:32:42.211228,2026-04-07 11:32:42.732325,0 days 00:00:00.521097,44.91087851131053,19.873656688265203,1.2003086954104027,Au,COMPLETE
2498,-1.0,2026-04-07 11:32:42.282906,2026-04-07 11:32:43.001635,0 days 00:00:00.718729,21.179258878743212,17.960114594805916,1.3476990712791586,Au,COMPLETE
2499,-1.0,2026-04-07 11:32:42.469736,2026-04-07 11:32:43.081050,0 days 00:00:00.611314,21.470149669201415,18.404735303279814,1.3851692993034717,Au,COMPLETE
2500,-336.34538152606416,2026-04-07 11:32:42.555296,2026-04-07 11:32:43.056588,0 days 00:00:00.501292,20.642121681188513,18.426934185792774,1.2154252157734065,Au,COMPLETE
2501,-8.01282051281928,2026-04-07 11:32:42.694431,2026-04-07 11:32:43.191669,0 days 00:00:00.497238,20.792735339205215,19.95912818268737,1.4261000025832846,Au,PRUNED
2502,-1.3888888888887037,2026-04-07 11:32:42.709283,2026-04-07 11:32:43.189765,0 days 00:00:00.480482,22.66306749831473,18.83298086138288,1.5383302156886773,Au,PRUNED
2503,-437.820512820445,2026-04-07 11:32:42.747090,2026-04-07 11:32:43.280949,0 days 00:00:00.533859,20.972859052248438,19.84132916815119,0.924513400585282,Au,COMPLETE
2504,-315.81439393935807,2026-04-07 11:32:42.724689,2026-04-07 11:32:43.495420,0 days 00:00:00.770731,21.88941176253097,16.863420819972674,1.532717933716778,Au,COMPLETE
2505,-348.3436853001639,2026-04-07 11:32:42.892149,2026-04-07 11:32:43.579784,0 days 00:00:00.687635,20.05781582302009,18.8537649790242,1.4863498778058741,Au,COMPLETE
2506,0.0,2026-04-07 11:32:43.155554,2026-04-07 11:32:43.848499,0 days 00:00:00.692945,38.480242424556124,19.477893443981458,0.7821047428282742,Au,PRUNED
2507,0.0,2026-04-07 11:32:43.232451,2026-04-07 11:32:43.998955,0 days 00:00:00.766504,31.621383719096002,19.961246324437735,0.6815464668754039,Au,PRUNED
2508,0.0,2026-04-07 11:32:43.270222,2026-04-07 11:32:44.091658,0 days 00:00:00.821436,22.387961499569972,19.86708824085071,0.9436367868010349,Au,PRUNED
2509,-1.0,2026-04-07 11:32:43.294634,2026-04-07 11:32:43.702399,0 days 00:00:00.407765,31.528928135037525,19.662378024404877,0.6764515854060176,Au,COMPLETE
2510,-1.0,2026-04-07 11:32:43.339912,2026-04-07 11:32:44.328204,0 days 00:00:00.988292,32.74816404407489,19.320063095022554,1.0435413820065453,Au,COMPLETE
2511,-1.0,2026-04-07 11:32:43.576198,2026-04-07 11:32:44.207865,0 days 00:00:00.631667,24.47129865392715,19.82305489949963,1.0537121303401806,Au,COMPLETE
2512,-1.0,2026-04-07 11:32:43.618644,2026-04-07 11:32:44.232831,0 days 00:00:00.614187,39.18474278325163,19.325099891073958,1.2412144480117577,Au,COMPLETE
2513,-365.53030303025525,2026-04-07 11:32:43.841743,2026-04-07 11:32:44.295047,0 days 00:00:00.453304,20.617852730052594,18.95119157543461,1.1833851804408604,Au,COMPLETE
2514,-1.0,2026-04-07 11:32:43.894254,2026-04-07 11:32:44.398801,0 days 00:00:00.504547,23.955684897696326,16.21147114198826,0.9733825268979011,Au,COMPLETE
2515,-1.0,2026-04-07 11:32:44.042815,2026-04-07 11:32:44.622581,0 days 00:00:00.579766,22.8110190761372,15.986997145210298,1.0265123866975518,Au,COMPLETE
2516,79.3504901960761,2026-04-07 11:32:44.087588,2026-04-07 11:32:44.555356,0 days 00:00:00.467768,33.58523487444794,15.918099397077535,0.710112563178614,Au,PRUNED
2517,-1.0,2026-04-07 11:32:44.300973,2026-04-07 11:32:44.790021,0 days 00:00:00.489048,25.106449159425797,16.946902364768125,0.7233133307747754,Au,COMPLETE
2518,-1.0,2026-04-07 11:32:44.152480,2026-04-07 11:32:45.062787,0 days 00:00:00.910307,20.23923992116557,19.6488419039002,1.014006480779257,Au,COMPLETE
2519,-1.0,2026-04-07 11:32:44.389061,2026-04-07 11:32:45.045728,0 days 00:00:00.656667,25.46211863331264,19.998783658778162,1.1627096460990969,Au,COMPLETE
2520,0.0,2026-04-07 11:32:44.477782,2026-04-07 11:32:45.200003,0 days 00:00:00.722221,29.55601967393686,19.64361736856281,1.1081331875887641,Au,PRUNED
2521,2.3809523809521087,2026-04-07 11:32:44.512029,2026-04-07 11:32:45.201009,0 days 00:00:00.688980,28.496200848280715,16.075291820319386,0.9217723352874372,Au,PRUNED
2522,0.0,2026-04-07 11:32:44.603735,2026-04-07 11:32:45.186488,0 days 00:00:00.582753,38.308743365608414,18.26694332195227,1.1715578717228414,Au,PRUNED
2523,-1.0,2026-04-07 11:32:44.706347,2026-04-07 11:32:45.341200,0 days 00:00:00.634853,38.696404754611024,19.564040820458942,1.34687191901892,Au,COMPLETE
2524,-1.0,2026-04-07 11:32:44.731323,2026-04-07 11:32:45.150878,0 days 00:00:00.419555,25.83462525253013,19.224883223807463,1.0811168726677685,Au,COMPLETE
2525,0.0,2026-04-07 11:32:44.919299,2026-04-07 11:32:45.546866,0 days 00:00:00.627567,34.46438759814813,17.353448783694496,1.2084353779537034,Au,PRUNED
2526,-1.0,2026-04-07 11:32:45.204039,2026-04-07 11:32:45.731931,0 days 00:00:00.527892,20.674312980748027,17.48436759271101,1.1922698393258633,Au,COMPLETE
2527,83.02696078431127,2026-04-07 11:32:45.266410,2026-04-07 11:32:45.860277,0 days 00:00:00.593867,24.079141543047683,19.85448837098244,0.8768672656611327,Au,PRUNED
2528,-1.0,2026-04-07 11:32:45.280700,2026-04-07 11:32:45.796728,0 days 00:00:00.516028,22.058881920064813,19.97478805067686,0.9933361585677213,Au,COMPLETE
2529,-1.0,2026-04-07 11:32:45.298568,2026-04-07 11:32:45.993138,0 days 00:00:00.694570,23.046444460013202,17.369780713247078,1.2349089161006375,Au,COMPLETE
2530,-8.01282051281928,2026-04-07 11:32:45.315820,2026-04-07 11:32:45.857755,0 days 00:00:00.541935,20.499098909430497,19.956569645487132,1.6059825031782904,Au,PRUNED
2531,-1.0,2026-04-07 11:32:45.488738,2026-04-07 11:32:45.932895,0 days 00:00:00.444157,21.03710801529133,17.723743976579808,0.9307101485870994,Au,COMPLETE
2532,0.0,2026-04-07 11:32:45.525059,2026-04-07 11:32:46.369618,0 days 00:00:00.844559,32.691475434936535,18.279814498533096,1.299025181466294,Au,PRUNED
2533,1.436781609195204,2026-04-07 11:32:45.619421,2026-04-07 11:32:46.165323,0 days 00:00:00.545902,22.76907361256424,19.223519164613457,1.31972457978599,Au,PRUNED
2534,-405.0595238094659,2026-04-07 11:32:45.890474,2026-04-07 11:32:46.465925,0 days 00:00:00.575451,20.853956809790876,19.15712115321251,1.3652992747956108,Au,COMPLETE
2535,-1.0,2026-04-07 11:32:45.952194,2026-04-07 11:32:46.565753,0 days 00:00:00.613559,100.44199754409257,5.488676270418262,1.3716572603218464,Cu,COMPLETE
2536,-327.94117647054986,2026-04-07 11:32:46.017726,2026-04-07 11:32:46.714012,0 days 00:00:00.696286,22.377384668111507,17.13643199424165,1.1157656763050592,Au,COMPLETE
2537,-382.03828828823663,2026-04-07 11:32:45.995742,2026-04-07 11:32:46.564413,0 days 00:00:00.568671,20.550769758038484,18.976616872758033,1.476057296432334,Au,COMPLETE
2538,0.0,2026-04-07 11:32:46.076171,2026-04-07 11:32:46.667138,0 days 00:00:00.590967,37.23676502380725,16.91948972744167,1.1449915100569172,Au,PRUNED
2539,-1.0,2026-04-07 11:32:46.145087,2026-04-07 11:32:46.729816,0 days 00:00:00.584729,21.590053139377133,18.78155181737738,1.2670923836703842,Au,COMPLETE
2540,-1.0,2026-04-07 11:32:46.267494,2026-04-07 11:32:46.792670,0 days 00:00:00.525176,33.30199058796134,16.196181781123407,1.361407636538999,Au,COMPLETE
2541,-314.3939393939037,2026-04-07 11:32:46.468446,2026-04-07 11:32:47.092212,0 days 00:00:00.623766,21.915993221459363,17.505960152418155,0.7649520193384639,Au,COMPLETE
2542,-373.6203090507236,2026-04-07 11:32:46.644115,2026-04-07 11:32:47.308637,0 days 00:00:00.664522,20.813941765956443,18.799458991852774,1.323268658259717,Au,COMPLETE
2543,-300.54644808739874,2026-04-07 11:32:46.687326,2026-04-07 11:32:47.556074,0 days 00:00:00.868748,21.878377907276093,16.95927118938855,1.0033922935699713,Au,COMPLETE
2544,-1.0,2026-04-07 11:32:46.783513,2026-04-07 11:32:47.307619,0 days 00:00:00.524106,20.11209381955507,17.9336373430561,1.2758989993186547,Au,COMPLETE
2545,-1.0,2026-04-07 11:32:46.849266,2026-04-07 11:32:47.309646,0 days 00:00:00.460380,21.29317688727783,19.086869284259837,1.3391545683463832,Au,COMPLETE
2546,-1.0,2026-04-07 11:32:46.833244,2026-04-07 11:32:47.419934,0 days 00:00:00.586690,20.100598405842266,18.614354731340278,1.5437674181256764,Au,COMPLETE
2547,0.0,2026-04-07 11:32:46.888136,2026-04-07 11:32:47.477984,0 days 00:00:00.589848,20.737036954499626,18.32570863706236,0.7305829636885546,Au,PRUNED
2548,-4.310344827585612,2026-04-07 11:32:46.939569,2026-04-07 11:32:47.493926,0 days 00:00:00.554357,24.366622559680778,18.39089756371854,0.5564590437880491,Au,PRUNED
2549,-1.0,2026-04-07 11:32:47.232218,2026-04-07 11:32:47.666973,0 days 00:00:00.434755,34.33054391130986,19.954681259045145,1.3769724018963556,Au,COMPLETE
2550,-1.0,2026-04-07 11:32:47.519762,2026-04-07 11:32:48.195424,0 days 00:00:00.675662,57.832776567196674,16.27333416902208,0.8577501252557653,Au,COMPLETE
2551,-1.0,2026-04-07 11:32:47.479554,2026-04-07 11:32:48.164951,0 days 00:00:00.685397,42.93217979206215,17.06470596502303,0.7300827119684783,Au,COMPLETE
2552,-1.0,2026-04-07 11:32:47.597718,2026-04-07 11:32:48.166993,0 days 00:00:00.569275,21.627522685739567,19.852009274068642,1.0268067896367292,Au,COMPLETE
2553,0.0,2026-04-07 11:32:47.623813,2026-04-07 11:32:48.339269,0 days 00:00:00.715456,37.50307983045596,17.29337803893587,0.7129424137597596,Au,PRUNED
2554,0.0,2026-04-07 11:32:47.636511,2026-04-07 11:32:48.150964,0 days 00:00:00.514453,45.063455942202296,17.12870441123371,0.6263240917883883,Au,PRUNED
2555,0.0,2026-04-07 11:32:47.683258,2026-04-07 11:32:48.392764,0 days 00:00:00.709506,35.85733863562888,17.23980979256953,0.4484860286454534,Au,PRUNED
2556,-1.0,2026-04-07 11:32:47.805994,2026-04-07 11:32:48.166993,0 days 00:00:00.360999,40.13420588726085,16.683882493077768,0.7218212153873399,Au,COMPLETE
2557,-11.11111111110963,2026-04-07 11:32:47.886302,2026-04-07 11:32:48.111706,0 days 00:00:00.225404,23.595306101580935,17.838074596591746,0.8191570405031573,Au,PRUNED
2558,-4.629629629628944,2026-04-07 11:32:48.260625,2026-04-07 11:32:48.789057,0 days 00:00:00.528432,21.024626639519585,19.981683915948228,1.5113789063908485,Au,PRUNED
2559,-1.0,2026-04-07 11:32:48.199525,2026-04-07 11:32:48.789057,0 days 00:00:00.589532,20.17184137441556,13.776428616352971,0.5046266489304829,Au,COMPLETE
2560,-338.8888888888474,2026-04-07 11:32:48.437133,2026-04-07 11:32:49.100330,0 days 00:00:00.663197,22.956932995970703,17.40802094215132,0.6374280124667295,Au,COMPLETE
2561,-1.0,2026-04-07 11:32:48.446929,2026-04-07 11:32:48.841772,0 days 00:00:00.394843,46.509125413615436,13.80735497830138,0.8763742720036602,Au,COMPLETE
2562,0.0,2026-04-07 11:32:48.463688,2026-04-07 11:32:49.234880,0 days 00:00:00.771192,36.03627922783746,18.907539637857933,1.014206521771406,Au,PRUNED
2563,-362.90322580640463,2026-04-07 11:32:48.478638,2026-04-07 11:32:49.144346,0 days 00:00:00.665708,20.36560949628711,18.963633523061212,1.333554355489443,Au,COMPLETE
2564,-1.0,2026-04-07 11:32:48.503092,2026-04-07 11:32:49.052122,0 days 00:00:00.549030,30.21362286624033,19.78427072318026,1.49977086751628,Au,COMPLETE
2565,-1.0,2026-04-07 11:32:48.600888,2026-04-07 11:32:49.083822,0 days 00:00:00.482934,39.964348849406164,19.67169340477702,1.0623143280081147,Au,COMPLETE
2566,0.0,2026-04-07 11:32:48.975849,2026-04-07 11:32:49.696259,0 days 00:00:00.720410,21.074554351924135,17.19619472256399,0.3634041970952083,Au,PRUNED
2567,-200.74349442377672,2026-04-07 11:32:49.007442,2026-04-07 11:32:49.697280,0 days 00:00:00.689838,23.857476251696152,15.337609041240377,0.6490300512334798,Au,COMPLETE
2568,-1.0,2026-04-07 11:32:49.173081,2026-04-07 11:32:49.609028,0 days 00:00:00.435947,45.604325903973375,11.837555874253214,0.5345793775291761,Au,COMPLETE
2569,-1.0,2026-04-07 11:32:49.202294,2026-04-07 11:32:49.900920,0 days 00:00:00.698626,32.70417781937748,14.74381595368731,0.9225312075610909,Au,COMPLETE
2570,0.0,2026-04-07 11:32:49.240055,2026-04-07 11:32:49.880185,0 days 00:00:00.640130,39.202683207983256,18.52859016011617,0.31865812700928803,Au,PRUNED
2571,-1.0,2026-04-07 11:32:49.316679,2026-04-07 11:32:49.816052,0 days 00:00:00.499373,22.771363214799653,14.466578137860393,0.6088824300003556,Au,COMPLETE
2572,-1.0,2026-04-07 11:32:49.351456,2026-04-07 11:32:49.703168,0 days 00:00:00.351712,31.022250903403766,17.983299505050788,0.5169161975593864,Au,COMPLETE
2573,-1.0,2026-04-07 11:32:49.413114,2026-04-07 11:32:49.912955,0 days 00:00:00.499841,30.738193785052616,13.999263506406988,0.8791083788482493,Au,COMPLETE
2574,-9.615384615383135,2026-04-07 11:32:49.755896,2026-04-07 11:32:50.417971,0 days 00:00:00.662075,21.52712039161528,19.630380058180155,1.009985812307229,Au,PRUNED
2575,0.0,2026-04-07 11:32:49.837578,2026-04-07 11:32:50.441498,0 days 00:00:00.603920,45.54351164285656,19.820290299278764,1.464106155665049,Au,PRUNED
2576,-1.0,2026-04-07 11:32:49.852138,2026-04-07 11:32:50.502549,0 days 00:00:00.650411,20.333916164192303,18.611104427572442,0.7338988229063256,Au,COMPLETE
2577,-1.0,2026-04-07 11:32:49.900920,2026-04-07 11:32:50.440979,0 days 00:00:00.540059,26.69067056865416,17.732546332496284,0.6588808731642756,Au,COMPLETE
2578,-1.0,2026-04-07 11:32:49.993728,2026-04-07 11:32:50.573936,0 days 00:00:00.580208,42.14201808951691,19.978418230214096,1.257359560502217,Au,COMPLETE
2579,-9.722222222220926,2026-04-07 11:32:50.038288,2026-04-07 11:32:50.801474,0 days 00:00:00.763186,24.739568694109792,17.469288373990278,0.6174149239866491,Au,PRUNED
2580,-1.0,2026-04-07 11:32:50.074592,2026-04-07 11:32:50.572424,0 days 00:00:00.497832,25.267431697812725,18.00878207455414,0.5749957819697654,Au,COMPLETE
2581,-1.0,2026-04-07 11:32:50.133685,2026-04-07 11:32:50.435056,0 days 00:00:00.301371,29.47167078323273,17.04511262869949,0.38188033210714545,Au,COMPLETE
2582,2.6881720430104057,2026-04-07 11:32:50.464052,2026-04-07 11:32:51.127829,0 days 00:00:00.663777,22.69888382680964,19.77071657124768,1.202697594045776,Au,PRUNED
2583,-1.0,2026-04-07 11:32:50.614997,2026-04-07 11:32:51.193440,0 days 00:00:00.578443,21.396375428499578,15.619043226600311,0.600315787176306,Au,COMPLETE
2584,78.1249999999977,2026-04-07 11:32:50.658213,2026-04-07 11:32:51.394642,0 days 00:00:00.736429,38.023382532021444,14.79523124368998,0.6160809368402902,Au,PRUNED
2585,0.0,2026-04-07 11:32:50.694304,2026-04-07 11:32:51.306863,0 days 00:00:00.612559,33.980481406097056,17.779433240248373,1.184345132882746,Au,PRUNED
2586,82.40740740740496,2026-04-07 11:32:50.731387,2026-04-07 11:32:51.568222,0 days 00:00:00.836835,25.608226432659194,19.37328831986437,1.2001236978591059,Au,PRUNED
2587,-8.57843137254801,2026-04-07 11:32:50.765129,2026-04-07 11:32:51.713747,0 days 00:00:00.948618,27.790671002877833,15.505008390498244,0.7135802186207851,Au,PRUNED
2588,-1.0,2026-04-07 11:32:50.924344,2026-04-07 11:32:51.710776,0 days 00:00:00.786432,21.866986620565857,17.843736964750658,1.057317456235435,Au,COMPLETE
2589,-1.0,2026-04-07 11:32:50.987124,2026-04-07 11:32:51.570715,0 days 00:00:00.583591,30.16497963805906,19.886206015345838,1.2585399540285354,Au,COMPLETE
2590,-1.0,2026-04-07 11:32:51.197069,2026-04-07 11:32:51.712233,0 days 00:00:00.515164,20.20664423171394,19.394570517840922,1.1233568071727411,Au,COMPLETE
2591,0.0,2026-04-07 11:32:51.343437,2026-04-07 11:32:51.992174,0 days 00:00:00.648737,31.851272146899056,19.875875282236407,1.1629545647543797,Au,PRUNED
2592,0.0,2026-04-07 11:32:51.445869,2026-04-07 11:32:51.991172,0 days 00:00:00.545303,36.199896055866795,19.821070603358027,1.1262591245385827,Au,PRUNED
2593,-1.0,2026-04-07 11:32:51.484411,2026-04-07 11:32:52.036942,0 days 00:00:00.552531,29.443244424818097,16.424262448705,0.9090919839028566,Au,COMPLETE
2594,-395.68764568759013,2026-04-07 11:32:51.623824,2026-04-07 11:32:52.229190,0 days 00:00:00.605366,20.444185616437196,19.557615616668585,1.0928736133209938,Au,COMPLETE
2595,-1.0,2026-04-07 11:32:51.821185,2026-04-07 11:32:52.390348,0 days 00:00:00.569163,37.38228778178805,19.96367291803308,1.2802576086861424,Au,COMPLETE
2596,5.952380952380272,2026-04-07 11:32:51.837381,2026-04-07 11:32:52.379813,0 days 00:00:00.542432,28.076243955220736,16.86557033043746,0.9229215686041351,Au,PRUNED
2597,-1.0,2026-04-07 11:32:51.953884,2026-04-07 11:32:52.391355,0 days 00:00:00.437471,20.929658664186135,19.996817758388985,1.1510938193514244,Au,COMPLETE
2598,0.0,2026-04-07 11:32:51.978505,2026-04-07 11:32:52.849948,0 days 00:00:00.871443,22.281102676481016,15.91320018946478,1.0203075839796685,Au,PRUNED
2599,-1.0,2026-04-07 11:32:52.116523,2026-04-07 11:32:52.584734,0 days 00:00:00.468211,20.1295503001691,15.143986042028011,0.7469004184840873,Au,COMPLETE
2600,0.0,2026-04-07 11:32:52.145674,2026-04-07 11:32:52.629455,0 days 00:00:00.483781,20.393125837105817,18.835204843404195,0.5524071721343617,Au,PRUNED
2601,-1.0,2026-04-07 11:32:52.201222,2026-04-07 11:32:52.743102,0 days 00:00:00.541880,21.143921128452952,18.699280386694515,1.1643467549371722,Au,COMPLETE
2602,-1.0,2026-04-07 11:32:52.372795,2026-04-07 11:32:52.926207,0 days 00:00:00.553412,21.328992185309275,17.656874863207136,1.1047927969852958,Au,COMPLETE
2603,-1.0,2026-04-07 11:32:52.529152,2026-04-07 11:32:53.114180,0 days 00:00:00.585028,20.27838773802094,18.785882021997875,1.0802529314300129,Au,COMPLETE
2604,-441.2144702841686,2026-04-07 11:32:52.550186,2026-04-07 11:32:53.362886,0 days 00:00:00.812700,20.906750119226203,19.987096092541062,0.8200510990595321,Au,COMPLETE
2605,-9.615384615383135,2026-04-07 11:32:52.633465,2026-04-07 11:32:53.362886,0 days 00:00:00.729421,20.72680796226293,19.743386522973488,1.472105439009586,Au,PRUNED
2606,-1.0,2026-04-07 11:32:52.703854,2026-04-07 11:32:53.101250,0 days 00:00:00.397396,20.736131973079804,19.306065008504866,1.2484056036101983,Au,COMPLETE
2607,-1.0,2026-04-07 11:32:52.776177,2026-04-07 11:32:53.300776,0 days 00:00:00.524599,22.14626222266467,19.885719811395845,1.4190051701810722,Au,COMPLETE
2608,-1.0,2026-04-07 11:32:52.929793,2026-04-07 11:32:53.784074,0 days 00:00:00.854281,20.01030210509935,18.810250536508796,1.4766123480120423,Au,COMPLETE
2609,-1.0,2026-04-07 11:32:53.046903,2026-04-07 11:32:53.784721,0 days 00:00:00.737818,20.919672849094837,18.709589870371016,1.5503888719648293,Au,COMPLETE
2610,-401.59574468079353,2026-04-07 11:32:53.029728,2026-04-07 11:32:53.754203,0 days 00:00:00.724475,20.17324648950929,19.73532455035016,1.1954104588345993,Au,COMPLETE
2611,-1.0,2026-04-07 11:32:53.230785,2026-04-07 11:32:53.672555,0 days 00:00:00.441770,21.126972886055853,19.863990344989503,1.298486078680996,Au,COMPLETE
2612,-1.0,2026-04-07 11:32:53.366337,2026-04-07 11:32:53.834195,0 days 00:00:00.467858,20.183879600467503,16.41727636745441,1.2167659089824436,Au,COMPLETE
2613,-1.0,2026-04-07 11:32:53.434273,2026-04-07 11:32:53.970743,0 days 00:00:00.536470,40.53193930632713,17.081922209365853,1.029368503299532,Au,COMPLETE
2614,-405.0595238094659,2026-04-07 11:32:53.446167,2026-04-07 11:32:54.020783,0 days 00:00:00.574616,21.825660178425487,18.84717989782884,0.9388286567008601,Au,COMPLETE
2615,-1.0,2026-04-07 11:32:53.630135,2026-04-07 11:32:54.009626,0 days 00:00:00.379491,33.712563813258924,17.79279318118565,0.7909948510807266,Au,COMPLETE
2616,-355.7489451476346,2026-04-07 11:32:53.903655,2026-04-07 11:32:54.461435,0 days 00:00:00.557780,22.38398741948553,17.794362151813583,0.9240540053467972,Au,COMPLETE
2617,0.0,2026-04-07 11:32:53.928893,2026-04-07 11:32:54.802960,0 days 00:00:00.874067,21.07993341918265,17.913266984214072,0.995217824402711,Au,PRUNED
2618,-1.0,2026-04-07 11:32:53.950017,2026-04-07 11:32:54.273714,0 days 00:00:00.323697,57.530958883471385,19.150073748821978,0.49062505523044303,Au,COMPLETE
2619,0.0,2026-04-07 11:32:54.022310,2026-04-07 11:32:54.411066,0 days 00:00:00.388756,30.77891598759646,19.609137975284565,0.7682562785018825,Au,PRUNED
2620,0.0,2026-04-07 11:32:54.048482,2026-04-07 11:32:54.502693,0 days 00:00:00.454211,46.64924031171122,18.135062736915742,0.8977837555587993,Au,PRUNED
2621,-1.0,2026-04-07 11:32:54.179103,2026-04-07 11:32:54.817496,0 days 00:00:00.638393,30.810123621201626,19.087036733643068,0.8145461453752953,Au,COMPLETE
2622,-1.0,2026-04-07 11:32:54.200137,2026-04-07 11:32:54.893309,0 days 00:00:00.693172,40.09618538219519,19.784581996651543,0.8074828143789813,Au,COMPLETE
2623,-1.0,2026-04-07 11:32:54.167098,2026-04-07 11:32:54.801961,0 days 00:00:00.634863,24.41187020875834,19.874730654815746,0.9234625686651821,Au,COMPLETE
2624,-1.0,2026-04-07 11:32:54.468811,2026-04-07 11:32:55.034484,0 days 00:00:00.565673,34.76614838322001,18.22784537647356,0.8728041618520264,Au,COMPLETE
2625,-1.3020833333331705,2026-04-07 11:32:54.553356,2026-04-07 11:32:55.164769,0 days 00:00:00.611413,24.9666998172722,17.930653807524543,0.8080933597545754,Au,PRUNED
2626,-13.888888888887205,2026-04-07 11:32:54.709347,2026-04-07 11:32:55.206600,0 days 00:00:00.497253,23.74691327495265,16.97359822700173,0.86271718989984,Au,PRUNED
2627,0.0,2026-04-07 11:32:54.777386,2026-04-07 11:32:55.502257,0 days 00:00:00.724871,20.491475729884755,17.727637968962277,0.9438219417989444,Au,PRUNED
2628,-1.0,2026-04-07 11:32:54.912846,2026-04-07 11:32:55.364041,0 days 00:00:00.451195,25.468475279994344,19.30005019973407,0.8864928927221954,Au,COMPLETE
2629,0.0,2026-04-07 11:32:54.962374,2026-04-07 11:32:55.675777,0 days 00:00:00.713403,31.518978848791676,19.582296008469502,0.9491256256317112,Au,PRUNED
2630,-1.0,2026-04-07 11:32:54.976790,2026-04-07 11:32:55.501250,0 days 00:00:00.524460,20.18462400270876,18.579257469517263,0.6910943474075493,Au,COMPLETE
2631,-1.0,2026-04-07 11:32:55.009189,2026-04-07 11:32:55.499124,0 days 00:00:00.489935,37.07776971505578,18.08842806555076,0.8734322239440734,Au,COMPLETE
2632,-1.0,2026-04-07 11:32:55.249480,2026-04-07 11:32:55.704176,0 days 00:00:00.454696,20.241092555420884,19.9422223806876,0.8604226143298391,Au,COMPLETE
2633,-1.0,2026-04-07 11:32:55.275802,2026-04-07 11:32:55.592270,0 days 00:00:00.316468,32.661012922170684,18.474182838807714,0.8280968766355977,Au,COMPLETE
2634,-10.80246913580087,2026-04-07 11:32:55.209148,2026-04-07 11:32:56.114733,0 days 00:00:00.905585,22.65241992720984,19.282927910959426,0.4307233541623767,Au,PRUNED
2635,82.41421568627209,2026-04-07 11:32:55.498124,2026-04-07 11:32:56.128617,0 days 00:00:00.630493,25.97598698635721,19.506863610478895,0.5479242958747503,Au,PRUNED
2636,0.0,2026-04-07 11:32:55.596410,2026-04-07 11:32:56.203748,0 days 00:00:00.607338,31.85691518746526,19.440099143389734,0.6133555848482075,Au,PRUNED
2637,0.0,2026-04-07 11:32:55.691476,2026-04-07 11:32:56.249637,0 days 00:00:00.558161,30.72445369650995,19.743678692292388,0.6194070911545461,Au,PRUNED
2638,-1.0,2026-04-07 11:32:55.723790,2026-04-07 11:32:56.113731,0 days 00:00:00.389941,25.680388580558887,19.9970907833799,0.8438816875288845,Au,COMPLETE
2639,-1.0,2026-04-07 11:32:55.741005,2026-04-07 11:32:56.043073,0 days 00:00:00.302068,21.524026269084683,19.734138718380933,1.1708564892209077,Au,COMPLETE
2640,-420.3703703703087,2026-04-07 11:32:55.827355,2026-04-07 11:32:56.687805,0 days 00:00:00.860450,21.394187680342153,19.486918080546943,0.6843286793836725,Au,COMPLETE
2641,-1.0,2026-04-07 11:32:55.853865,2026-04-07 11:32:56.464404,0 days 00:00:00.610539,37.786836764393605,19.72951307311978,0.9724310069523348,Au,COMPLETE
2642,-1.0,2026-04-07 11:32:56.220431,2026-04-07 11:32:56.568012,0 days 00:00:00.347581,33.08288313112366,19.651383158021293,0.9320556836056515,Au,COMPLETE
2643,0.0,2026-04-07 11:32:56.237410,2026-04-07 11:32:56.905233,0 days 00:00:00.667823,37.09163012294459,17.782430170721334,1.0203609001979395,Au,PRUNED
2644,2.7777777777774073,2026-04-07 11:32:56.295224,2026-04-07 11:32:57.115349,0 days 00:00:00.820125,23.244216491607318,19.955406596364053,0.6505886632747884,Au,PRUNED
2645,-417.58578431366413,2026-04-07 11:32:56.315070,2026-04-07 11:32:57.167357,0 days 00:00:00.852287,20.382689849266157,19.730749560370057,1.2710834865234921,Au,COMPLETE
2646,0.0,2026-04-07 11:32:56.338702,2026-04-07 11:32:57.153860,0 days 00:00:00.815158,20.629009304385402,17.46423562011257,1.129049646392424,Au,PRUNED
2647,-1.0,2026-04-07 11:32:56.250204,2026-04-07 11:32:56.905233,0 days 00:00:00.655029,21.367936423196358,16.789634501214742,0.9883352767396979,Au,COMPLETE
2648,-1.0,2026-04-07 11:32:56.638518,2026-04-07 11:32:57.288577,0 days 00:00:00.650059,21.921805304431174,19.8799153897672,0.49075469431166113,Au,COMPLETE
2649,-364.9891774891304,2026-04-07 11:32:56.712119,2026-04-07 11:32:57.378989,0 days 00:00:00.666870,20.953303172205445,18.983360262133512,0.8370831892794359,Au,COMPLETE
2650,0.0,2026-04-07 11:32:56.908317,2026-04-07 11:32:57.502555,0 days 00:00:00.594238,20.370454676686098,18.220808122093413,0.5950274132610106,Au,PRUNED
2651,83.02696078431127,2026-04-07 11:32:57.027502,2026-04-07 11:32:57.803645,0 days 00:00:00.776143,25.097131165122494,19.77918376479977,0.21790678487635506,Au,PRUNED
2652,-6.172839506171925,2026-04-07 11:32:57.072303,2026-04-07 11:32:57.770827,0 days 00:00:00.698524,22.65118593024217,19.66225649081026,0.567391791218965,Au,PRUNED
2653,-370.33991228065304,2026-04-07 11:32:57.250871,2026-04-07 11:32:57.991299,0 days 00:00:00.740428,20.88375345544046,19.16548769269463,0.7915210860047336,Au,COMPLETE
2654,0.0,2026-04-07 11:32:57.292162,2026-04-07 11:32:57.951996,0 days 00:00:00.659834,35.673024323361254,16.868153870001983,1.1063627680864936,Au,PRUNED
2655,-1.0,2026-04-07 11:32:57.347988,2026-04-07 11:32:57.949993,0 days 00:00:00.602005,35.4926767231456,16.355220069306792,0.8772738378334977,Au,COMPLETE
2656,-8.01282051281928,2026-04-07 11:32:57.476930,2026-04-07 11:32:58.192526,0 days 00:00:00.715596,21.68635937733975,19.89985352073852,0.8536949511381643,Au,PRUNED
2657,-1.0,2026-04-07 11:32:57.499358,2026-04-07 11:32:57.941913,0 days 00:00:00.442555,21.246845146870083,19.828781562061337,0.8305229634942138,Au,COMPLETE
2658,-1.0,2026-04-07 11:32:57.609664,2026-04-07 11:32:58.302101,0 days 00:00:00.692437,27.779254542801347,19.926700940420236,0.6561059546435455,Au,COMPLETE
2659,-1.0,2026-04-07 11:32:57.872301,2026-04-07 11:32:58.376903,0 days 00:00:00.504602,21.17061056014962,19.193690919288176,0.976094452301279,Au,COMPLETE
2660,76.64233576642111,2026-04-07 11:32:57.864071,2026-04-07 11:32:58.490209,0 days 00:00:00.626138,39.33099375376207,15.35788216155235,0.41941691990364344,Au,PRUNED
2661,82.72058823529169,2026-04-07 11:32:58.118370,2026-04-07 11:32:58.696207,0 days 00:00:00.577837,24.7177025073447,19.620478813000847,0.9741635676198588,Au,PRUNED
2662,-1.0,2026-04-07 11:32:58.156208,2026-04-07 11:32:58.695202,0 days 00:00:00.538994,79.85911574381592,7.489891075637437,1.6921923814309978,Au,COMPLETE
2663,-1.0,2026-04-07 11:32:58.180361,2026-04-07 11:32:58.768723,0 days 00:00:00.588362,39.92914795792868,14.235482307341046,0.4053412621989788,Au,COMPLETE
2664,-1.0,2026-04-07 11:32:58.236833,2026-04-07 11:32:58.807560,0 days 00:00:00.570727,20.04779695701882,19.98194620678029,0.9468951099063667,Au,COMPLETE
2665,-0.8992805755395424,2026-04-07 11:32:58.257602,2026-04-07 11:32:58.697207,0 days 00:00:00.439605,21.458079438350506,19.543975862207972,0.6529704909049425,Ag,PRUNED
2666,-1.0,2026-04-07 11:32:58.534698,2026-04-07 11:32:59.146754,0 days 00:00:00.612056,33.187258623982025,16.834209737390808,0.8176380208757174,Au,COMPLETE
2667,-201.8034825870496,2026-04-07 11:32:58.632042,2026-04-07 11:32:59.291790,0 days 00:00:00.659748,23.65817201065231,15.558772464800478,0.6173546851860721,Au,COMPLETE
2668,2.873563218390408,2026-04-07 11:32:58.648541,2026-04-07 11:32:59.163121,0 days 00:00:00.514580,22.921144928061185,19.93819287496733,0.7950837659431069,Au,PRUNED
2669,-1.0,2026-04-07 11:32:58.820134,2026-04-07 11:32:59.400593,0 days 00:00:00.580459,23.65959512937845,16.268453910449775,0.8385560390200206,Au,COMPLETE
2670,0.0,2026-04-07 11:32:58.836396,2026-04-07 11:32:59.391771,0 days 00:00:00.555375,21.12074344914403,18.061056607926606,0.8088660369905548,Au,PRUNED
2671,-1.0,2026-04-07 11:32:58.886870,2026-04-07 11:32:59.368228,0 days 00:00:00.481358,44.042075234491335,19.325868234827986,0.5829281560795649,Au,COMPLETE
2672,-1.0,2026-04-07 11:32:58.924690,2026-04-07 11:32:59.458139,0 days 00:00:00.533449,46.35749129130444,18.793830705710995,0.6740546195856201,Au,COMPLETE
2673,79.9632352941153,2026-04-07 11:32:59.121080,2026-04-07 11:32:59.563755,0 days 00:00:00.442675,33.46058476206109,15.190857709145847,0.9372768763968509,Au,PRUNED
2674,-360.5769230768762,2026-04-07 11:32:59.305367,2026-04-07 11:32:59.778331,0 days 00:00:00.472964,22.237634479611327,18.069785084667974,0.7985715971223911,Au,COMPLETE
2675,-1.0,2026-04-07 11:32:59.367213,2026-04-07 11:33:00.105860,0 days 00:00:00.738647,20.380895623708057,18.48108199068429,0.7049906013296828,Au,COMPLETE
2676,0.0,2026-04-07 11:32:59.420124,2026-04-07 11:32:59.913277,0 days 00:00:00.493153,22.613787731576192,14.949654774089765,0.9486504479136478,Au,PRUNED
2677,0.0,2026-04-07 11:32:59.518649,2026-04-07 11:33:00.210243,0 days 00:00:00.691594,34.091399283381584,17.986074122591187,1.0815665309121063,Au,PRUNED
2678,-1.0,2026-04-07 11:32:59.639634,2026-04-07 11:33:00.257769,0 days 00:00:00.618135,20.52879999857555,19.84813804897151,0.7003708370523445,Au,COMPLETE
2679,-1.0,2026-04-07 11:32:59.657309,2026-04-07 11:33:00.386625,0 days 00:00:00.729316,25.104379297997237,16.749696521711304,0.6570485279362631,Au,COMPLETE
2680,-304.5580110496902,2026-04-07 11:32:59.706586,2026-04-07 11:33:00.418922,0 days 00:00:00.712336,23.02155348569384,16.55509158290637,0.7556266817640186,Au,COMPLETE
2681,-308.4264432029449,2026-04-07 11:32:59.816946,2026-04-07 11:33:00.415776,0 days 00:00:00.598830,23.50238225645167,16.514992183936165,0.5757611411866218,Au,COMPLETE
2682,-15.476190476188707,2026-04-07 11:32:59.915281,2026-04-07 11:33:00.503183,0 days 00:00:00.587902,24.863692524186494,16.101365420194593,0.6310563377928169,Au,PRUNED
2683,-1.0,2026-04-07 11:33:00.038838,2026-04-07 11:33:00.414769,0 days 00:00:00.375931,27.068282494936874,17.39518003424718,0.7606255315943733,Au,COMPLETE
2684,-1.0,2026-04-07 11:33:00.242162,2026-04-07 11:33:00.850072,0 days 00:00:00.607910,32.58535324943658,19.81734332069666,1.1436689097887425,Au,COMPLETE
2685,0.0,2026-04-07 11:33:00.450824,2026-04-07 11:33:01.065732,0 days 00:00:00.614908,31.717960837518042,19.571055083733167,0.9463740599223808,Au,PRUNED
2686,-1.0,2026-04-07 11:33:00.528321,2026-04-07 11:33:01.142382,0 days 00:00:00.614061,21.352867289454053,17.254317056801344,0.8945746288816039,Au,COMPLETE
2687,-1.0,2026-04-07 11:33:00.575557,2026-04-07 11:33:00.977678,0 days 00:00:00.402121,22.281347427202448,15.808254374914998,0.8926965176559876,Au,COMPLETE
2688,0.0,2026-04-07 11:33:00.630985,2026-04-07 11:33:01.180963,0 days 00:00:00.549978,47.642681698725156,19.82309711409812,0.7566038113019974,Au,PRUNED
2689,-1.0,2026-04-07 11:33:00.651848,2026-04-07 11:33:01.258908,0 days 00:00:00.607060,20.17510590737869,18.245501167979064,0.9081729646360467,Au,COMPLETE
2690,0.0,2026-04-07 11:33:00.668220,2026-04-07 11:33:01.341211,0 days 00:00:00.672991,20.056875114333927,16.75746981853029,0.696780659538678,Au,PRUNED
2691,-1.0,2026-04-07 11:33:00.744660,2026-04-07 11:33:01.257903,0 days 00:00:00.513243,39.6097206775263,19.393802024256726,0.8648932653080945,Au,COMPLETE
2692,-1.0,2026-04-07 11:33:01.035852,2026-04-07 11:33:01.816046,0 days 00:00:00.780194,36.162339042075686,19.51310488680465,0.5727465516204242,Au,COMPLETE
2693,-1.0,2026-04-07 11:33:01.201742,2026-04-07 11:33:01.888167,0 days 00:00:00.686425,30.81793252644883,19.858806490989046,1.242978984536154,Au,COMPLETE
2694,-1.0,2026-04-07 11:33:01.224643,2026-04-07 11:33:01.840232,0 days 00:00:00.615589,33.45456887110645,19.69669453524376,0.8825889495570272,Au,COMPLETE
2695,-1.0,2026-04-07 11:33:01.307647,2026-04-07 11:33:01.840232,0 days 00:00:00.532585,33.25025665599233,19.868992027949385,1.1850527213567852,Au,COMPLETE
2696,0.0,2026-04-07 11:33:01.377182,2026-04-07 11:33:02.045272,0 days 00:00:00.668090,20.41860269171237,17.743089475538085,0.8510274834084792,Au,PRUNED
2697,-1.0,2026-04-07 11:33:01.429450,2026-04-07 11:33:01.803315,0 days 00:00:00.373865,37.16388378507766,17.728880236111138,0.5859176658365347,Au,COMPLETE
2698,0.0,2026-04-07 11:33:01.494576,2026-04-07 11:33:02.044240,0 days 00:00:00.549664,36.12831874334948,19.854385377593434,1.2772041418329476,Au,PRUNED
2699,-1.0,2026-04-07 11:33:01.599843,2026-04-07 11:33:02.046618,0 days 00:00:00.446775,35.436680789567816,17.306938440211695,0.608644346014813,Au,COMPLETE
2700,-1.0,2026-04-07 11:33:01.889697,2026-04-07 11:33:02.513794,0 days 00:00:00.624097,22.08514251279624,19.95334576747419,1.0905020773797804,Au,COMPLETE
2701,-1.0,2026-04-07 11:33:01.985324,2026-04-07 11:33:02.515942,0 days 00:00:00.530618,20.071667607838574,18.099815587027596,1.14252734393304,Au,COMPLETE
2702,-1.0,2026-04-07 11:33:02.055656,2026-04-07 11:33:02.516941,0 days 00:00:00.461285,34.837616476755585,17.123074014592614,0.9319248334326242,Au,COMPLETE
2703,-427.63157894730426,2026-04-07 11:33:02.060299,2026-04-07 11:33:02.709367,0 days 00:00:00.649068,20.65266196704265,19.786811390040683,1.149171905669927,Au,COMPLETE
2704,-1.0,2026-04-07 11:33:02.186513,2026-04-07 11:33:02.667399,0 days 00:00:00.480886,20.127357359157525,19.791938171102753,1.3175232773288672,Au,COMPLETE
2705,-1.0,2026-04-07 11:33:02.198800,2026-04-07 11:33:02.614448,0 days 00:00:00.415648,21.362832095588512,19.972364250659474,0.897741477161595,Au,COMPLETE
2706,-1.0,2026-04-07 11:33:02.253139,2026-04-07 11:33:02.651144,0 days 00:00:00.398005,20.028083938324908,18.6478364060855,1.165010020266296,Au,COMPLETE
2707,-1.0,2026-04-07 11:33:02.437826,2026-04-07 11:33:02.895128,0 days 00:00:00.457302,20.90688908327023,17.61863382602064,0.8395579733466536,Au,COMPLETE
2708,-1.0,2026-04-07 11:33:02.737926,2026-04-07 11:33:03.294647,0 days 00:00:00.556721,33.42625449607416,19.48178008749447,0.9542600142629301,Au,COMPLETE
2709,0.0,2026-04-07 11:33:02.710364,2026-04-07 11:33:03.369965,0 days 00:00:00.659601,39.13035149307711,19.433159580631155,0.6185170148213344,Au,PRUNED
2710,0.0,2026-04-07 11:33:02.787630,2026-04-07 11:33:03.472310,0 days 00:00:00.684680,20.197098173411312,18.966711154953714,0.986349954076866,Au,PRUNED
2711,-1.0,2026-04-07 11:33:02.777774,2026-04-07 11:33:03.292227,0 days 00:00:00.514453,21.052442320505477,18.16867110639159,0.6541318913522104,Au,COMPLETE
2712,-1.0,2026-04-07 11:33:02.830958,2026-04-07 11:33:03.292227,0 days 00:00:00.461269,20.925844632812296,19.974983091474158,1.3166558030516136,Au,COMPLETE
2713,0.0,2026-04-07 11:33:02.855559,2026-04-07 11:33:03.367890,0 days 00:00:00.512331,20.896593862595083,16.56129104605508,0.9841316924627036,Au,PRUNED
2714,-1.0,2026-04-07 11:33:02.918774,2026-04-07 11:33:03.369965,0 days 00:00:00.451191,35.10834435262598,18.67280049630008,0.9604511111633722,Au,COMPLETE
2715,-1.0,2026-04-07 11:33:03.025594,2026-04-07 11:33:03.591929,0 days 00:00:00.566335,20.811952078871403,17.041493024186067,0.43591248033499125,Au,COMPLETE
2716,0.0,2026-04-07 11:33:03.446930,2026-04-07 11:33:04.351697,0 days 00:00:00.904767,20.012962687337648,16.815872833915,0.8411175020073521,Au,PRUNED
2717,-1.0,2026-04-07 11:33:03.498917,2026-04-07 11:33:04.166401,0 days 00:00:00.667484,21.28608978177312,19.654399127293278,1.2276294751127068,Au,COMPLETE
2718,-380.63063063057916,2026-04-07 11:33:03.509345,2026-04-07 11:33:04.086438,0 days 00:00:00.577093,20.730027117744005,19.81630619435931,0.3645452570478286,Au,COMPLETE
2719,0.0,2026-04-07 11:33:03.526330,2026-04-07 11:33:04.320631,0 days 00:00:00.794301,38.727402433165,19.699065152041413,1.1017628709306677,Au,PRUNED
2720,-1.0,2026-04-07 11:33:03.543805,2026-04-07 11:33:04.030599,0 days 00:00:00.486794,33.84893698568537,19.80713077621778,1.183367771008386,Au,COMPLETE
2721,-1.0,2026-04-07 11:33:03.594435,2026-04-07 11:33:04.029596,0 days 00:00:00.435161,35.03360491613424,17.080981701048405,0.9196809622621652,Ag,COMPLETE
2722,0.0,2026-04-07 11:33:03.622724,2026-04-07 11:33:04.087444,0 days 00:00:00.464720,21.76088126523962,13.769337803016818,0.886984059068902,Au,PRUNED
2723,-1.0,2026-04-07 11:33:03.760686,2026-04-07 11:33:04.190132,0 days 00:00:00.429446,21.159975812587554,19.264110770750644,0.7302234541372619,Au,COMPLETE
2724,-1.0,2026-04-07 11:33:04.231347,2026-04-07 11:33:04.821710,0 days 00:00:00.590363,27.53690793949844,17.613062218844572,0.4244802744780698,Au,COMPLETE
2725,2.873563218390408,2026-04-07 11:33:04.270602,2026-04-07 11:33:04.991729,0 days 00:00:00.721127,22.395190075050778,19.921272419381637,1.1585759756991756,Au,PRUNED
2726,0.0,2026-04-07 11:33:04.308436,2026-04-07 11:33:04.901812,0 days 00:00:00.593376,36.82772408032638,17.484680645088368,0.2579054590690921,Au,PRUNED
2727,81.49509803921329,2026-04-07 11:33:04.352706,2026-04-07 11:33:04.990718,0 days 00:00:00.638012,28.928202081529705,18.200168928082594,0.2180118386909633,Au,PRUNED
2728,-441.53746770019023,2026-04-07 11:33:04.431111,2026-04-07 11:33:05.169211,0 days 00:00:00.738100,21.12369919391189,19.8567043771602,0.9499885773985769,Au,COMPLETE
2729,-1.0,2026-04-07 11:33:04.486287,2026-04-07 11:33:04.901812,0 days 00:00:00.415525,26.33416970987896,17.864429657431415,0.24304051787620942,Au,COMPLETE
2730,-1.0,2026-04-07 11:33:04.554621,2026-04-07 11:33:05.044474,0 days 00:00:00.489853,24.69650975587944,19.08758742214834,0.3042595685811043,Au,COMPLETE
2731,-1.0,2026-04-07 11:33:04.629302,2026-04-07 11:33:05.238231,0 days 00:00:00.608929,39.478470751075676,18.463416074851306,0.41371328486340775,Au,COMPLETE
2732,0.0,2026-04-07 11:33:05.035356,2026-04-07 11:33:05.696745,0 days 00:00:00.661389,30.770846120200286,17.935471944711118,1.0999517381530972,Au,PRUNED
2733,-1.0,2026-04-07 11:33:05.043473,2026-04-07 11:33:05.791270,0 days 00:00:00.747797,20.034492847477843,16.708230267861065,0.3793186461871636,Au,COMPLETE
2734,-1.0,2026-04-07 11:33:05.110186,2026-04-07 11:33:05.668430,0 days 00:00:00.558244,20.066837644585373,19.092094775968857,0.9135306801928635,Au,COMPLETE
2735,-1.0,2026-04-07 11:33:05.151366,2026-04-07 11:33:05.681569,0 days 00:00:00.530203,36.129444842487416,19.71967000440416,0.8461503991356716,Au,COMPLETE
2736,-1.0,2026-04-07 11:33:05.204126,2026-04-07 11:33:05.661408,0 days 00:00:00.457282,23.06756982019232,18.993307446324565,0.5327409236470301,Au,COMPLETE
2737,-1.0,2026-04-07 11:33:05.292310,2026-04-07 11:33:05.730051,0 days 00:00:00.437741,30.647979761193326,19.776889010102472,0.27933133035980784,Au,COMPLETE
2738,0.0,2026-04-07 11:33:05.335854,2026-04-07 11:33:05.934863,0 days 00:00:00.599009,42.55812045403244,19.574979303197775,0.5326775828424892,Au,PRUNED
2739,-1.0,2026-04-07 11:33:05.449957,2026-04-07 11:33:05.876290,0 days 00:00:00.426333,25.90955005450415,19.853312642493975,1.042978915703189,Au,COMPLETE
2740,-1.0,2026-04-07 11:33:05.772131,2026-04-07 11:33:06.276156,0 days 00:00:00.504025,35.41034610244206,19.3666269378577,0.9558758321646412,Au,COMPLETE
2741,0.0,2026-04-07 11:33:05.817728,2026-04-07 11:33:06.491945,0 days 00:00:00.674217,33.34651477868536,19.66880091220668,0.5363596055506756,Au,PRUNED
2742,0.0,2026-04-07 11:33:05.859869,2026-04-07 11:33:06.477586,0 days 00:00:00.617717,28.32851439239789,19.42810720809211,0.6229451263015026,Au,PRUNED
2743,-441.2144702841686,2026-04-07 11:33:05.874289,2026-04-07 11:33:06.823416,0 days 00:00:00.949127,21.029852771736003,19.997969031172975,0.6943202897801231,Au,COMPLETE
2744,-0.8573388203017691,2026-04-07 11:33:05.967913,2026-04-07 11:33:06.650556,0 days 00:00:00.682643,72.17178777748781,19.745384556239117,0.7433192762367233,Cu,PRUNED
2745,-381.19369369364284,2026-04-07 11:33:06.046165,2026-04-07 11:33:06.691520,0 days 00:00:00.645355,20.997085699298278,19.31853789343051,0.6906207324454516,Au,COMPLETE
2746,0.0,2026-04-07 11:33:06.063860,2026-04-07 11:33:06.583923,0 days 00:00:00.520063,32.65494382029077,19.868155027364562,0.7420469573091661,Au,PRUNED
2747,0.0,2026-04-07 11:33:06.071913,2026-04-07 11:33:06.851201,0 days 00:00:00.779288,29.839005788496344,19.5314975050743,0.7629090279626157,Au,PRUNED
2748,0.0,2026-04-07 11:33:06.392194,2026-04-07 11:33:06.992586,0 days 00:00:00.600392,31.83709600091569,19.367070201784163,0.4867202843197152,Au,PRUNED
2749,0.0,2026-04-07 11:33:06.585496,2026-04-07 11:33:07.662061,0 days 00:00:01.076565,20.167803647587295,19.0211004004898,0.4805342477818089,Au,PRUNED
2750,4.166666666666111,2026-04-07 11:33:06.666430,2026-04-07 11:33:07.428864,0 days 00:00:00.762434,23.760206304118185,19.552863821390837,0.6461448774949845,Au,PRUNED
2751,-1.0,2026-04-07 11:33:06.736065,2026-04-07 11:33:07.367888,0 days 00:00:00.631823,20.010729489221447,19.51401009768757,0.6987540392045652,Au,COMPLETE
2752,-1.0,2026-04-07 11:33:06.694703,2026-04-07 11:33:07.309616,0 days 00:00:00.614913,24.05148462559884,19.70728951727757,0.5219502961175262,Au,COMPLETE
2753,-1.0,2026-04-07 11:33:06.898203,2026-04-07 11:33:07.367295,0 days 00:00:00.469092,20.432028447462255,17.073272624561966,0.47184331790509315,Au,COMPLETE
2754,-1.0,2026-04-07 11:33:06.967783,2026-04-07 11:33:07.490920,0 days 00:00:00.523137,25.90277173037481,19.182949796616967,0.47585650125072493,Au,COMPLETE
2755,0.0,2026-04-07 11:33:07.033672,2026-04-07 11:33:07.661051,0 days 00:00:00.627379,27.500750961125725,19.707597036233643,0.6802911421667032,Au,PRUNED
2756,-1.0,2026-04-07 11:33:07.081334,2026-04-07 11:33:07.378260,0 days 00:00:00.296926,24.06508547747422,17.784709206573186,0.21179470736907471,Au,COMPLETE
2757,-1.0,2026-04-07 11:33:07.392025,2026-04-07 11:33:08.089914,0 days 00:00:00.697889,30.837270657528048,19.645454502851337,0.4061686211910489,Au,COMPLETE
2758,-1.4880952380950254,2026-04-07 11:33:07.597047,2026-04-07 11:33:08.289079,0 days 00:00:00.692032,22.758986618873994,19.610648538235935,0.8150388429773753,Au,PRUNED
2759,0.0,2026-04-07 11:33:07.725785,2026-04-07 11:33:08.341702,0 days 00:00:00.615917,20.220874559240574,19.126435741170916,0.8341887448234813,Au,PRUNED
2760,-1.0,2026-04-07 11:33:07.745797,2026-04-07 11:33:08.179041,0 days 00:00:00.433244,27.55436673932507,19.710829013393845,0.7124987947647459,Au,COMPLETE
2761,-1.0,2026-04-07 11:33:07.774975,2026-04-07 11:33:08.289079,0 days 00:00:00.514104,37.84573270556092,16.385019597552013,0.7737318435731095,Au,COMPLETE
2762,-1.0,2026-04-07 11:33:07.792823,2026-04-07 11:33:08.227632,0 days 00:00:00.434809,24.424691482450577,19.634763186194593,0.2805786866245066,Au,COMPLETE
2763,-1.0,2026-04-07 11:33:07.837825,2026-04-07 11:33:08.413777,0 days 00:00:00.575952,22.68120910759588,19.09757075956753,0.2602121945516582,Au,COMPLETE
2764,-1.0,2026-04-07 11:33:07.876307,2026-04-07 11:33:08.412214,0 days 00:00:00.535907,44.53881698915336,19.870367507279024,0.2686596276682508,Au,COMPLETE
2765,-407.9736211030594,2026-04-07 11:33:08.280366,2026-04-07 11:33:08.899928,0 days 00:00:00.619562,20.96356247903186,19.526885801739123,0.8535626727358716,Au,COMPLETE
2766,-2.976190476190051,2026-04-07 11:33:08.368707,2026-04-07 11:33:09.113753,0 days 00:00:00.745046,22.42280917727422,19.89934891980876,0.7905083570401981,Au,PRUNED
2767,0.0,2026-04-07 11:33:08.415787,2026-04-07 11:33:09.045143,0 days 00:00:00.629356,40.53881621285926,19.696678115754985,0.7714705518635094,Au,PRUNED
2768,-1.0,2026-04-07 11:33:08.507362,2026-04-07 11:33:08.983827,0 days 00:00:00.476465,39.02947343664144,19.618681431826896,0.9319799416919696,Au,COMPLETE
2769,-1.0,2026-04-07 11:33:08.541118,2026-04-07 11:33:09.138880,0 days 00:00:00.597762,21.925468860445104,19.922183622848994,0.9062690389845879,Au,COMPLETE
2770,0.0,2026-04-07 11:33:08.591963,2026-04-07 11:33:09.197551,0 days 00:00:00.605588,35.0114814632557,16.954825732036277,0.7330558154400783,Au,PRUNED
2771,-1.0,2026-04-07 11:33:08.602348,2026-04-07 11:33:09.045143,0 days 00:00:00.442795,34.77774290114304,19.94068484474318,0.8209136324801608,Au,COMPLETE
2772,-1.0,2026-04-07 11:33:08.644807,2026-04-07 11:33:09.076000,0 days 00:00:00.431193,35.65474891029952,19.98037765414338,0.8153872316702537,Au,COMPLETE
2773,-420.3703703703087,2026-04-07 11:33:09.112753,2026-04-07 11:33:09.869025,0 days 00:00:00.756272,20.227725288253,19.97213465529044,1.1194780469409922,Au,COMPLETE
2774,-1.0,2026-04-07 11:33:09.228688,2026-04-07 11:33:09.835666,0 days 00:00:00.606978,41.02366411397168,16.66957625771939,0.6663837108213896,Au,COMPLETE
2775,-1.0,2026-04-07 11:33:09.259111,2026-04-07 11:33:09.931624,0 days 00:00:00.672513,21.659346883983698,18.93522504560248,0.6764922028362459,Au,COMPLETE
2776,-1.0,2026-04-07 11:33:09.342158,2026-04-07 11:33:09.738515,0 days 00:00:00.396357,20.38321206120463,19.794228952825467,0.633441599321907,Au,COMPLETE
2777,-8.333333333332,2026-04-07 11:33:09.356595,2026-04-07 11:33:10.040379,0 days 00:00:00.683784,22.247075704893422,19.97964574030045,0.4278142296651048,Au,PRUNED
2778,-1.0,2026-04-07 11:33:09.389765,2026-04-07 11:33:09.836662,0 days 00:00:00.446897,20.045913412115596,18.186905440984887,0.8008369616498303,Au,COMPLETE
2779,-1.0,2026-04-07 11:33:09.409428,2026-04-07 11:33:10.087631,0 days 00:00:00.678203,21.39635090003781,19.098394086458534,0.48366986072851587,Au,COMPLETE
2780,-1.0,2026-04-07 11:33:09.453725,2026-04-07 11:33:09.963025,0 days 00:00:00.509300,20.33150002731821,18.01918398854132,0.4578104165194074,Au,COMPLETE
2781,-1.0,2026-04-07 11:33:09.866177,2026-04-07 11:33:10.445425,0 days 00:00:00.579248,20.669286687564057,18.618933862240702,1.0658136533427043,Au,COMPLETE
2782,-1.0,2026-04-07 11:33:09.989615,2026-04-07 11:33:10.428710,0 days 00:00:00.439095,20.996762743158634,19.658770291285872,0.23785455049239076,Au,COMPLETE
2783,-388.79310344822244,2026-04-07 11:33:10.025075,2026-04-07 11:33:10.543595,0 days 00:00:00.518520,21.319909674266498,19.65580329091511,0.12662030088513954,Au,COMPLETE
2784,-1.0,2026-04-07 11:33:10.106272,2026-04-07 11:33:10.676810,0 days 00:00:00.570538,41.785065521910454,19.700622881686208,1.0470775669317338,Au,COMPLETE
2785,0.0,2026-04-07 11:33:10.121275,2026-04-07 11:33:10.819420,0 days 00:00:00.698145,27.55374179714562,19.975367062709577,0.9132347544935967,Au,PRUNED
2786,0.0,2026-04-07 11:33:10.161969,2026-04-07 11:33:10.663446,0 days 00:00:00.501477,35.838040182133525,16.573134363896013,0.8618138282097959,Au,PRUNED
2787,0.0,2026-04-07 11:33:10.203805,2026-04-07 11:33:10.941332,0 days 00:00:00.737527,33.57724003521074,19.847668333651328,0.9644462761386047,Au,PRUNED
2788,-1.0,2026-04-07 11:33:10.255284,2026-04-07 11:33:10.940332,0 days 00:00:00.685048,20.260826123713333,18.166435864939032,0.7474776951154313,Au,COMPLETE
2789,81.49509803921329,2026-04-07 11:33:10.604520,2026-04-07 11:33:11.414185,0 days 00:00:00.809665,30.68134935531061,16.771306053367955,0.21886907224276111,Au,PRUNED
2790,-1.0,2026-04-07 11:33:10.726809,2026-04-07 11:33:11.221416,0 days 00:00:00.494607,30.201563905930023,19.97297993365776,1.00678654217565,Au,COMPLETE
2791,0.0,2026-04-07 11:33:10.692576,2026-04-07 11:33:11.383150,0 days 00:00:00.690574,30.969378562986204,19.831519244263596,1.3201358436655113,Au,PRUNED
2792,-1.0,2026-04-07 11:33:10.783900,2026-04-07 11:33:11.350677,0 days 00:00:00.566777,25.606500132761,19.12302362525795,0.10774315933001921,Au,COMPLETE
2793,0.0,2026-04-07 11:33:10.894007,2026-04-07 11:33:11.710481,0 days 00:00:00.816474,40.28665452891328,19.828510108496584,1.2858175207456832,Au,PRUNED
2794,2.7777777777774073,2026-04-07 11:33:11.002638,2026-04-07 11:33:11.443820,0 days 00:00:00.441182,22.916211773520228,19.815759130288793,0.9636725660934834,Au,PRUNED
2795,-1.0,2026-04-07 11:33:11.042504,2026-04-07 11:33:11.819011,0 days 00:00:00.776507,27.748340745962945,14.371069986106873,0.2509529488725556,Au,COMPLETE
2796,-1.0,2026-04-07 11:33:11.106926,2026-04-07 11:33:11.581294,0 days 00:00:00.474368,36.69198717771134,14.761439202565636,0.19205341139719712,Au,COMPLETE
2797,-1.0,2026-04-07 11:33:11.412182,2026-04-07 11:33:11.900239,0 days 00:00:00.488057,36.28716732555779,19.95875483497759,1.131332975067124,Au,COMPLETE
2798,-367.64705882348085,2026-04-07 11:33:11.461413,2026-04-07 11:33:12.006699,0 days 00:00:00.545286,22.30443524558837,18.73360024533155,0.13608822961391137,Au,COMPLETE
2799,-1.0,2026-04-07 11:33:11.492189,2026-04-07 11:33:11.963743,0 days 00:00:00.471554,26.422628347295248,15.233478263498965,0.3723741352869972,Au,COMPLETE
2800,0.0,2026-04-07 11:33:11.506576,2026-04-07 11:33:12.195367,0 days 00:00:00.688791,36.44547326422953,18.862709770528284,0.3400596980782229,Au,PRUNED
2801,-1.0,2026-04-07 11:33:11.583966,2026-04-07 11:33:12.051050,0 days 00:00:00.467084,35.22414469512708,17.93594823749268,0.13127229252811948,Au,COMPLETE
2802,-1.0,2026-04-07 11:33:11.713085,2026-04-07 11:33:12.240527,0 days 00:00:00.527442,26.334688764106687,16.293569163462017,0.19185933183961018,Au,COMPLETE
2803,-1.0,2026-04-07 11:33:11.766862,2026-04-07 11:33:12.347868,0 days 00:00:00.581006,21.988635752574993,16.272403530699535,0.4645445964042353,Au,COMPLETE
2804,-1.0,2026-04-07 11:33:12.006699,2026-04-07 11:33:12.629487,0 days 00:00:00.622788,20.498040119574096,16.15470665971538,0.422851071428916,Au,COMPLETE
2805,-1.0,2026-04-07 11:33:12.141238,2026-04-07 11:33:12.579629,0 days 00:00:00.438391,36.18136033656144,19.525679604996274,0.24314846909836813,Au,COMPLETE
2806,-1.0,2026-04-07 11:33:12.099373,2026-04-07 11:33:12.645471,0 days 00:00:00.546098,34.47388334327084,19.322677796860223,0.1689583142495814,Au,COMPLETE
2807,-1.0,2026-04-07 11:33:12.198386,2026-04-07 11:33:12.759097,0 days 00:00:00.560711,44.09480199400468,19.791033275051227,0.39375309156556654,Au,COMPLETE
2808,-1.0,2026-04-07 11:33:12.304118,2026-04-07 11:33:12.757078,0 days 00:00:00.452960,21.536591616735286,19.99968852818875,0.48327165481166534,Au,COMPLETE
2809,-1.0,2026-04-07 11:33:12.350434,2026-04-07 11:33:12.959416,0 days 00:00:00.608982,20.44295987528028,18.975202024950566,0.4093652294911482,Au,COMPLETE
2810,81.17283950617043,2026-04-07 11:33:12.443737,2026-04-07 11:33:12.957416,0 days 00:00:00.513679,28.999014697255525,18.615055941660856,0.37099825750163384,Au,PRUNED
2811,-1.0,2026-04-07 11:33:12.557643,2026-04-07 11:33:12.918255,0 days 00:00:00.360612,43.96789024791881,18.569312015710068,0.12288218035327411,Au,COMPLETE
2812,-13.888888888887038,2026-04-07 11:33:12.701848,2026-04-07 11:33:13.448273,0 days 00:00:00.746425,24.96987162683331,17.58374052499136,0.1069851623218541,Au,PRUNED
2813,-8.01282051281928,2026-04-07 11:33:12.775149,2026-04-07 11:33:13.449273,0 days 00:00:00.674124,21.867732338496822,19.895874219931613,0.7012743544653653,Au,PRUNED
2814,-362.90322580640463,2026-04-07 11:33:12.854018,2026-04-07 11:33:13.577666,0 days 00:00:00.723648,23.691261403608802,17.69138300550101,0.24638499724003332,Au,COMPLETE
2815,-1.0,2026-04-07 11:33:12.877830,2026-04-07 11:33:13.512821,0 days 00:00:00.634991,22.792901515333778,18.3769176637008,0.11077308771337713,Au,COMPLETE
2816,-1.0,2026-04-07 11:33:12.940972,2026-04-07 11:33:13.448273,0 days 00:00:00.507301,36.60699187359772,18.985464972777574,0.13272816918180594,Au,COMPLETE
2817,-344.9074074073651,2026-04-07 11:33:12.985081,2026-04-07 11:33:13.883405,0 days 00:00:00.898324,22.59301545700001,18.195615388534364,0.13382648188594526,Au,COMPLETE
2818,-384.6371882085643,2026-04-07 11:33:13.133825,2026-04-07 11:33:13.704551,0 days 00:00:00.570726,23.113434970744464,18.32191046851685,0.30217632930226634,Au,COMPLETE
2819,-1.0,2026-04-07 11:33:13.156777,2026-04-07 11:33:13.836356,0 days 00:00:00.679579,26.366247298036278,19.614665690763683,0.12191286580493166,Au,COMPLETE
2820,-1.0,2026-04-07 11:33:13.524745,2026-04-07 11:33:14.024496,0 days 00:00:00.499751,40.833930121822746,16.7002479442662,0.6379324207198972,Au,COMPLETE
2821,-1.0,2026-04-07 11:33:13.552163,2026-04-07 11:33:13.984495,0 days 00:00:00.432332,28.698101388236502,19.823788817237624,0.17743902899370723,Cu,COMPLETE
2822,-1.0,2026-04-07 11:33:13.599158,2026-04-07 11:33:14.119490,0 days 00:00:00.520332,22.9483101133876,19.641828848345614,0.19084853241027955,Au,COMPLETE
2823,-1.0,2026-04-07 11:33:13.744374,2026-04-07 11:33:14.336539,0 days 00:00:00.592165,40.14381408387497,16.17833770782082,0.17613753359486983,Au,COMPLETE
2824,0.0,2026-04-07 11:33:13.811710,2026-04-07 11:33:14.389310,0 days 00:00:00.577600,20.74837801825964,16.330811046576304,0.28296168844066755,Au,PRUNED
2825,-1.0,2026-04-07 11:33:13.882400,2026-04-07 11:33:14.335028,0 days 00:00:00.452628,28.196005179237858,15.940807806243281,0.16447808889151555,Au,COMPLETE
2826,0.0,2026-04-07 11:33:14.023095,2026-04-07 11:33:14.806852,0 days 00:00:00.783757,23.946932959510228,14.355245564718146,0.26401216543943756,Au,PRUNED
2827,-1.0,2026-04-07 11:33:14.123002,2026-04-07 11:33:14.854543,0 days 00:00:00.731541,20.233096660178845,18.357826502630132,0.2629517796059367,Au,COMPLETE
2828,-1.0,2026-04-07 11:33:14.198281,2026-04-07 11:33:14.681857,0 days 00:00:00.483576,33.69690860918905,17.26756577786476,0.4012271177439457,Au,COMPLETE
2829,-1.0,2026-04-07 11:33:14.245919,2026-04-07 11:33:14.808885,0 days 00:00:00.562966,32.14162872193426,19.282521064412503,0.3718319530947457,Au,COMPLETE
2830,0.0,2026-04-07 11:33:14.267285,2026-04-07 11:33:14.945797,0 days 00:00:00.678512,45.89555734307393,15.556014766885141,0.28905898865576296,Au,PRUNED
2831,-9.114583333332195,2026-04-07 11:33:14.474271,2026-04-07 11:33:15.158907,0 days 00:00:00.684636,27.51592426727826,16.142150048353535,0.2748611461395647,Au,PRUNED
2832,-407.6738609112121,2026-04-07 11:33:14.536853,2026-04-07 11:33:15.123324,0 days 00:00:00.586471,22.06065141107094,19.256912520101256,0.2651491182652071,Au,COMPLETE
2833,-1.0,2026-04-07 11:33:14.565874,2026-04-07 11:33:15.060865,0 days 00:00:00.494991,20.62684427042989,19.219578326584372,0.15223883686001474,Au,COMPLETE
2834,-1.0,2026-04-07 11:33:14.831962,2026-04-07 11:33:15.587519,0 days 00:00:00.755557,20.021339518632036,17.423074341834823,0.11318993175181474,Au,COMPLETE
2835,-1.0,2026-04-07 11:33:14.984074,2026-04-07 11:33:15.542088,0 days 00:00:00.558014,25.36521745515885,16.87301975733668,0.15468309708027772,Au,COMPLETE
2836,-17.857142857140815,2026-04-07 11:33:15.034928,2026-04-07 11:33:15.694045,0 days 00:00:00.659117,29.389025945497224,14.175501545202941,0.13200807929672795,Au,PRUNED
2837,-5.747126436780816,2026-04-07 11:33:15.095484,2026-04-07 11:33:15.843276,0 days 00:00:00.747792,24.204111446727943,18.731149705255106,0.31994743190311975,Au,PRUNED
2838,-1.0,2026-04-07 11:33:15.194246,2026-04-07 11:33:15.666635,0 days 00:00:00.472389,21.51253321548195,19.944075307354264,0.28403067196088294,Au,COMPLETE
2839,0.0,2026-04-07 11:33:15.239385,2026-04-07 11:33:15.807025,0 days 00:00:00.567640,20.141426848583322,16.919017163518763,0.35317053382963215,Au,PRUNED
2840,0.0,2026-04-07 11:33:15.262539,2026-04-07 11:33:15.983855,0 days 00:00:00.721316,21.050270827208756,7.8556073571428,0.2682642248239254,Au,PRUNED
2841,-1.0,2026-04-07 11:33:15.286517,2026-04-07 11:33:15.696060,0 days 00:00:00.409543,35.2505554432216,19.3274726346423,0.439297113687215,Au,COMPLETE
2842,0.0,2026-04-07 11:33:15.741094,2026-04-07 11:33:16.584901,0 days 00:00:00.843807,29.409296492940378,19.9907119663549,0.3644846976081979,Au,PRUNED
2843,0.0,2026-04-07 11:33:15.843276,2026-04-07 11:33:16.768862,0 days 00:00:00.925586,42.5713732696459,16.492370445926582,0.1425368137294416,Au,PRUNED
2844,-1.0,2026-04-07 11:33:15.888980,2026-04-07 11:33:16.580323,0 days 00:00:00.691343,39.26437015576336,19.613177383577476,0.49218493129786833,Au,COMPLETE
2845,0.0,2026-04-07 11:33:15.903982,2026-04-07 11:33:16.979820,0 days 00:00:01.075838,30.26157529575803,19.749680299969167,0.10721498297557541,Au,PRUNED
2846,83.33333333333088,2026-04-07 11:33:15.943285,2026-04-07 11:33:16.482596,0 days 00:00:00.539311,24.647036061664938,19.84129047786017,0.12934062710099378,Au,PRUNED
2847,0.0,2026-04-07 11:33:16.031890,2026-04-07 11:33:16.781767,0 days 00:00:00.749877,20.45671452132575,19.63226433572271,0.42302671026383476,Au,PRUNED
2848,-1.0,2026-04-07 11:33:16.053996,2026-04-07 11:33:16.650626,0 days 00:00:00.596630,42.18728898578396,18.721052251344734,0.11302878951042203,Au,COMPLETE
2849,-1.0,2026-04-07 11:33:16.158464,2026-04-07 11:33:16.461033,0 days 00:00:00.302569,23.501029236949996,4.3814315655553555,0.7281115171872142,Au,COMPLETE
2850,0.0,2026-04-07 11:33:16.472903,2026-04-07 11:33:17.447047,0 days 00:00:00.974144,44.36645028979526,18.214038795952156,0.20940855733642544,Au,PRUNED
2851,0.0,2026-04-07 11:33:16.749761,2026-04-07 11:33:17.446430,0 days 00:00:00.696669,41.22637795629372,19.819691900579862,0.47382899335407896,Au,PRUNED
2852,-1.0,2026-04-07 11:33:16.816571,2026-04-07 11:33:17.321539,0 days 00:00:00.504968,20.80587881917485,16.99323907968913,0.4045984693932009,Au,COMPLETE
2853,-1.0,2026-04-07 11:33:16.842999,2026-04-07 11:33:17.463020,0 days 00:00:00.620021,32.48963479348351,16.13752902713609,0.5111336289361448,Au,COMPLETE
2854,-1.0,2026-04-07 11:33:16.858014,2026-04-07 11:33:17.401389,0 days 00:00:00.543375,22.715175843180518,17.099224066002716,0.2783864889510925,Au,COMPLETE
2855,-1.0,2026-04-07 11:33:16.858014,2026-04-07 11:33:17.362853,0 days 00:00:00.504839,37.39282024404637,18.174974873490093,0.4504749327697622,Au,COMPLETE
2856,-1.0,2026-04-07 11:33:16.947565,2026-04-07 11:33:17.427983,0 days 00:00:00.480418,44.606963207908834,18.867874440243973,0.7357930125529359,Ag,COMPLETE
2857,-1.0,2026-04-07 11:33:17.076414,2026-04-07 11:33:17.588012,0 days 00:00:00.511598,34.6257424596879,17.997274169269264,0.4482413830725225,Au,COMPLETE
2858,0.0,2026-04-07 11:33:17.408472,2026-04-07 11:33:18.009074,0 days 00:00:00.600602,34.49562236204506,19.64437809376987,0.12031344755646364,Au,PRUNED
2859,0.0,2026-04-07 11:33:17.487574,2026-04-07 11:33:18.150653,0 days 00:00:00.663079,23.43884439687793,19.97270005835483,0.18219757549382626,Au,PRUNED
2860,-1.0,2026-04-07 11:33:17.466819,2026-04-07 11:33:18.195678,0 days 00:00:00.728859,21.4629663974186,15.683780550965663,0.11959861345652487,Au,COMPLETE
2861,79.9632352941153,2026-04-07 11:33:17.430449,2026-04-07 11:33:18.479675,0 days 00:00:01.049226,33.24322710483607,16.456212694646204,0.1492214486465403,Au,PRUNED
2862,-1.0,2026-04-07 11:33:17.699392,2026-04-07 11:33:18.337494,0 days 00:00:00.638102,22.68481143486985,17.699080578998146,0.44311614459763854,Au,COMPLETE
2863,0.0,2026-04-07 11:33:17.744476,2026-04-07 11:33:18.291688,0 days 00:00:00.547212,30.45287596633409,19.615935239230712,0.11739437144091977,Au,PRUNED
2864,0.0,2026-04-07 11:33:17.762880,2026-04-07 11:33:18.381949,0 days 00:00:00.619069,21.7742863015636,18.20927813217483,0.1740569382093411,Au,PRUNED
2865,0.0,2026-04-07 11:33:17.806866,2026-04-07 11:33:18.538968,0 days 00:00:00.732102,21.175479127567208,17.284780208040196,0.17326090506759217,Au,PRUNED
2866,-1.0,2026-04-07 11:33:18.045835,2026-04-07 11:33:18.640386,0 days 00:00:00.594551,20.747249042176733,19.8354260552192,1.0172941378395322,Au,COMPLETE
2867,-1.0,2026-04-07 11:33:18.266199,2026-04-07 11:33:18.959989,0 days 00:00:00.693790,20.535599293072845,19.768204841217504,0.7275261502169849,Au,COMPLETE
2868,-1.0,2026-04-07 11:33:18.421028,2026-04-07 11:33:19.258538,0 days 00:00:00.837510,21.94290884095635,19.92587118574871,0.3179187979248328,Au,COMPLETE
2869,-1.0,2026-04-07 11:33:18.452644,2026-04-07 11:33:19.058891,0 days 00:00:00.606247,21.248808016379307,19.7468956080224,0.8092736610408088,Au,COMPLETE
2870,-1.0,2026-04-07 11:33:18.482182,2026-04-07 11:33:19.166097,0 days 00:00:00.683915,33.61376181190516,17.59843027202755,0.4613433341620537,Au,COMPLETE
2871,-1.0,2026-04-07 11:33:18.510261,2026-04-07 11:33:19.166097,0 days 00:00:00.655836,24.05537996371007,19.89929208634608,0.3820257395528027,Au,COMPLETE
2872,-1.0,2026-04-07 11:33:18.572923,2026-04-07 11:33:19.195677,0 days 00:00:00.622754,20.361959338326635,19.82018805204426,0.3689209856424493,Au,COMPLETE
2873,0.0,2026-04-07 11:33:18.613599,2026-04-07 11:33:19.102165,0 days 00:00:00.488566,23.151215055852713,19.777549637119105,0.5400809466844017,Au,PRUNED
2874,-0.5952380952380781,2026-04-07 11:33:18.820057,2026-04-07 11:33:19.158523,0 days 00:00:00.338466,20.830280945343368,12.309082774015662,0.12685596099463603,Cu,PRUNED
2875,-320.8092485548764,2026-04-07 11:33:19.053436,2026-04-07 11:33:19.696568,0 days 00:00:00.643132,23.016603105538074,17.06017875705762,0.599310268071047,Au,COMPLETE
2876,0.0,2026-04-07 11:33:19.143578,2026-04-07 11:33:19.855289,0 days 00:00:00.711711,38.90075801206049,19.85867310609551,0.6479757912869122,Au,PRUNED
2877,0.0,2026-04-07 11:33:19.325868,2026-04-07 11:33:19.791628,0 days 00:00:00.465760,38.99802359851245,19.88058630860455,0.3611014910230819,Au,PRUNED
2878,-1.0,2026-04-07 11:33:19.338502,2026-04-07 11:33:19.855799,0 days 00:00:00.517297,23.206472275198763,19.782853080004116,1.0645158804242978,Au,COMPLETE
2879,-1.0,2026-04-07 11:33:19.291199,2026-04-07 11:33:19.987326,0 days 00:00:00.696127,21.77571187356302,19.818105973564432,0.4771630229932823,Au,COMPLETE
2880,0.0,2026-04-07 11:33:19.409527,2026-04-07 11:33:20.211220,0 days 00:00:00.801693,20.889129680698236,17.584742095780374,0.5706294239381211,Au,PRUNED
2881,-1.0,2026-04-07 11:33:19.451106,2026-04-07 11:33:19.885979,0 days 00:00:00.434873,20.199224114906457,17.36491332650952,0.4031738567843633,Au,COMPLETE
2882,-1.0,2026-04-07 11:33:19.511055,2026-04-07 11:33:19.945232,0 days 00:00:00.434177,38.31757931472309,19.946896596437355,0.6543243839815265,Au,COMPLETE
2883,0.0,2026-04-07 11:33:19.815561,2026-04-07 11:33:20.617758,0 days 00:00:00.802197,48.715529403575495,19.929674053604007,0.17791592533851858,Au,PRUNED
2884,-1.1990407673860566,2026-04-07 11:33:19.892493,2026-04-07 11:33:20.569069,0 days 00:00:00.676576,21.192063566902537,19.87449678015163,1.076263173105958,Ag,PRUNED
2885,-1.0,2026-04-07 11:33:19.922884,2026-04-07 11:33:20.303839,0 days 00:00:00.380955,22.419790043727456,19.7223573429301,1.0691285230246619,Ag,COMPLETE
2886,0.0,2026-04-07 11:33:19.941170,2026-04-07 11:33:20.514016,0 days 00:00:00.572846,35.07039575467222,19.83607433207497,0.5720391119872712,Au,PRUNED
2887,-11.217948717946992,2026-04-07 11:33:20.147561,2026-04-07 11:33:20.800327,0 days 00:00:00.652766,21.615285182708508,19.696611792670037,0.7350697195968879,Au,PRUNED
2888,59.27230046948189,2026-04-07 11:33:20.166105,2026-04-07 11:33:20.922780,0 days 00:00:00.756675,43.678964714439154,16.54244087515439,0.3520542867929359,Cu,PRUNED
2889,-4.9019607843131485,2026-04-07 11:33:20.247495,2026-04-07 11:33:20.976905,0 days 00:00:00.729410,30.362141156747875,14.782876205036704,0.47472174442105786,Au,PRUNED
2890,-1.0,2026-04-07 11:33:20.256861,2026-04-07 11:33:21.065126,0 days 00:00:00.808265,22.859084584503933,19.971260264738945,0.6571334333787464,Ag,COMPLETE
2891,0.0,2026-04-07 11:33:20.504059,2026-04-07 11:33:21.210549,0 days 00:00:00.706490,40.39847666379248,16.884624053271448,0.315837438021632,Au,PRUNED
2892,79.0441176470565,2026-04-07 11:33:20.652344,2026-04-07 11:33:21.346728,0 days 00:00:00.694384,36.59846797529216,14.562838028489534,0.5907152152211352,Au,PRUNED
2893,0.0,2026-04-07 11:33:20.667511,2026-04-07 11:33:21.582777,0 days 00:00:00.915266,31.92913999535932,19.939919347255437,0.9360048587519925,Au,PRUNED
2894,0.0,2026-04-07 11:33:20.679785,2026-04-07 11:33:21.534761,0 days 00:00:00.854976,33.35925397552276,19.802153009386828,0.6636068568778773,Au,PRUNED
2895,-1.0,2026-04-07 11:33:20.876175,2026-04-07 11:33:21.428394,0 days 00:00:00.552219,96.41814639520528,7.476734645634929,1.0036451760237353,Cu,COMPLETE
2896,-203.77358490564504,2026-04-07 11:33:20.977907,2026-04-07 11:33:21.463347,0 days 00:00:00.485440,24.403963586794145,15.678090798201861,0.10292942025099935,Au,COMPLETE
2897,-1.0,2026-04-07 11:33:21.087409,2026-04-07 11:33:21.737836,0 days 00:00:00.650427,35.06135520544087,15.962428770457922,0.5870720483656557,Au,COMPLETE
2898,-1.0,2026-04-07 11:33:21.208033,2026-04-07 11:33:22.085691,0 days 00:00:00.877658,22.249386607654817,19.9027047954476,1.0903962978462391,Au,COMPLETE
2899,-6.172839506171925,2026-04-07 11:33:21.366327,2026-04-07 11:33:22.220882,0 days 00:00:00.854555,21.873421684707296,19.970760190376023,0.8501482593733082,Au,PRUNED
2900,-1.0,2026-04-07 11:33:21.463347,2026-04-07 11:33:22.035443,0 days 00:00:00.572096,35.3283906673653,17.70692793579156,0.467550297260691,Au,COMPLETE
2901,-1.0,2026-04-07 11:33:21.607145,2026-04-07 11:33:22.083188,0 days 00:00:00.476043,34.117584880191075,16.8349049729611,0.3522866689195065,Au,COMPLETE
2902,0.0,2026-04-07 11:33:21.634101,2026-04-07 11:33:22.473111,0 days 00:00:00.839010,20.00723682100545,17.510168142427926,0.8801827407246965,Au,PRUNED
2903,-1.0,2026-04-07 11:33:21.648145,2026-04-07 11:33:22.209280,0 days 00:00:00.561135,20.799632323488865,19.71987256738993,0.16354276631547493,Au,COMPLETE
2904,-1.0,2026-04-07 11:33:21.702125,2026-04-07 11:33:22.084186,0 days 00:00:00.382061,35.22914998187633,19.875372322212797,1.5029462555120547,Au,COMPLETE
2905,-374.99999999994964,2026-04-07 11:33:21.979634,2026-04-07 11:33:22.659130,0 days 00:00:00.679496,20.40816632502305,19.853048355155167,0.5096773662887619,Au,COMPLETE
2906,-1.0,2026-04-07 11:33:22.298154,2026-04-07 11:33:22.782704,0 days 00:00:00.484550,34.891600026190325,19.799555302529896,1.3621392996467219,Au,COMPLETE
2907,0.0,2026-04-07 11:33:22.172786,2026-04-07 11:33:23.032480,0 days 00:00:00.859694,30.447958168163254,19.99536860240901,1.0211461780476556,Au,PRUNED
2908,0.0,2026-04-07 11:33:22.359311,2026-04-07 11:33:23.113555,0 days 00:00:00.754244,32.08635282995561,17.41017885690779,0.6926134599942753,Au,PRUNED
2909,-1.0,2026-04-07 11:33:22.198235,2026-04-07 11:33:22.939266,0 days 00:00:00.741031,31.943106015641614,19.965912831230813,1.3711706551298346,Au,COMPLETE
2910,-386.9863013698096,2026-04-07 11:33:22.402824,2026-04-07 11:33:23.096966,0 days 00:00:00.694142,20.55231749598855,19.283316977072307,1.1823227051395144,Au,COMPLETE
2911,-417.58578431366413,2026-04-07 11:33:22.521959,2026-04-07 11:33:22.998629,0 days 00:00:00.476670,20.027420543410607,19.810224357039573,1.4952352699501545,Au,COMPLETE
2912,-1.0,2026-04-07 11:33:22.701985,2026-04-07 11:33:23.298720,0 days 00:00:00.596735,31.28981634778236,19.930267454238262,1.2463574006376947,Au,COMPLETE
2913,0.0,2026-04-07 11:33:22.803997,2026-04-07 11:33:23.813732,0 days 00:00:01.009735,28.03252014141064,19.97657439635967,1.3444186220912306,Au,PRUNED
2914,-1.0,2026-04-07 11:33:23.070744,2026-04-07 11:33:23.530935,0 days 00:00:00.460191,33.855638493210556,19.825720762150333,1.3731745213058297,Au,COMPLETE
2915,-1.0,2026-04-07 11:33:23.127914,2026-04-07 11:33:23.752263,0 days 00:00:00.624349,22.422009773697006,19.36730773999857,1.296991050399091,Au,COMPLETE
2916,0.0,2026-04-07 11:33:23.164307,2026-04-07 11:33:24.121511,0 days 00:00:00.957204,30.548881997026953,19.682638285378996,0.4915875338964199,Au,PRUNED
2917,-410.92995169076204,2026-04-07 11:33:23.143336,2026-04-07 11:33:23.876285,0 days 00:00:00.732949,20.1504895597054,19.963291547153915,1.093092792861035,Au,COMPLETE
2918,-1.0,2026-04-07 11:33:23.214358,2026-04-07 11:33:23.781782,0 days 00:00:00.567424,39.4691119465904,19.752924812166054,1.464992031207407,Au,COMPLETE
2919,0.0,2026-04-07 11:33:23.261379,2026-04-07 11:33:24.173391,0 days 00:00:00.912012,31.053279852053628,19.890135791451357,1.434686319513099,Au,PRUNED
2920,-1.0,2026-04-07 11:33:23.452510,2026-04-07 11:33:23.775965,0 days 00:00:00.323455,22.289965966937803,19.571232546457846,1.1855682884963983,Au,COMPLETE
2921,-1.0,2026-04-07 11:33:23.669107,2026-04-07 11:33:24.034234,0 days 00:00:00.365127,23.07896020878425,19.48527050156503,1.1247760084009044,Au,COMPLETE
2922,-427.63157894730426,2026-04-07 11:33:23.807865,2026-04-07 11:33:24.443221,0 days 00:00:00.635356,20.98065523925429,19.500867091212296,1.2901052912273254,Au,COMPLETE
2923,-1.0,2026-04-07 11:33:23.842038,2026-04-07 11:33:24.610699,0 days 00:00:00.768661,24.38267033103891,19.84212215415092,1.0580061337432904,Au,COMPLETE
2924,-1.0,2026-04-07 11:33:24.017870,2026-04-07 11:33:24.611696,0 days 00:00:00.593826,21.679773595191328,19.834135252881183,1.5034013395163008,Au,COMPLETE
2925,0.0,2026-04-07 11:33:24.094666,2026-04-07 11:33:24.731633,0 days 00:00:00.636967,39.00852486294607,19.968982064369204,1.2417896911268909,Au,PRUNED
2926,-1.0,2026-04-07 11:33:24.183302,2026-04-07 11:33:24.749434,0 days 00:00:00.566132,49.63539249486941,17.35312010017269,1.0188981598131848,Au,COMPLETE
2927,-1.0,2026-04-07 11:33:24.172836,2026-04-07 11:33:24.575229,0 days 00:00:00.402393,35.17133734388209,19.695352067404624,1.1163153030231576,Au,COMPLETE
2928,-1.0,2026-04-07 11:33:24.205202,2026-04-07 11:33:24.826956,0 days 00:00:00.621754,20.216253385657357,18.848687205728663,1.151498307130701,Au,COMPLETE
2929,-1.0,2026-04-07 11:33:24.320989,2026-04-07 11:33:24.650217,0 days 00:00:00.329228,38.07456687643773,19.73553987151038,0.8983834339445701,Au,COMPLETE
2930,0.0,2026-04-07 11:33:24.531669,2026-04-07 11:33:25.010862,0 days 00:00:00.479193,33.45980751716298,19.44668074726097,1.2042161227871628,Au,PRUNED
2931,0.0,2026-04-07 11:33:24.726553,2026-04-07 11:33:25.354441,0 days 00:00:00.627888,56.36803856242048,19.662198899093926,0.98336668134441,Au,PRUNED
2932,-1.0,2026-04-07 11:33:24.712157,2026-04-07 11:33:25.254385,0 days 00:00:00.542228,21.65052831795341,19.41076364101774,1.189583834334591,Au,COMPLETE
2933,-8.01282051281928,2026-04-07 11:33:24.654989,2026-04-07 11:33:25.520241,0 days 00:00:00.865252,20.55598898582615,19.982660003029263,1.5812768888523674,Au,PRUNED
2934,-1.0,2026-04-07 11:33:24.904439,2026-04-07 11:33:25.402579,0 days 00:00:00.498140,29.833882844548683,18.325153885048667,1.0629533052678106,Au,COMPLETE
2935,-9.259259259257888,2026-04-07 11:33:25.038748,2026-04-07 11:33:25.803101,0 days 00:00:00.764353,20.713593604658904,19.589858876446208,1.5183578128554291,Au,PRUNED
2936,-1.0,2026-04-07 11:33:25.051724,2026-04-07 11:33:25.517122,0 days 00:00:00.465398,30.910935252520268,17.81678982037652,1.0496180946861413,Au,COMPLETE
2937,0.0,2026-04-07 11:33:25.011861,2026-04-07 11:33:25.775070,0 days 00:00:00.763209,35.83043873494323,16.645910121702272,1.0868774262026968,Au,PRUNED
2938,83.02696078431127,2026-04-07 11:33:25.123423,2026-04-07 11:33:25.742397,0 days 00:00:00.618974,23.620855330525153,19.856832516864962,1.4162605037943097,Au,PRUNED
2939,0.0,2026-04-07 11:33:25.444528,2026-04-07 11:33:26.060059,0 days 00:00:00.615531,34.22720888418222,16.77647037528027,1.073557993545031,Au,PRUNED
2940,-1.0,2026-04-07 11:33:25.405854,2026-04-07 11:33:25.956680,0 days 00:00:00.550826,21.033035930236448,19.83287955971525,1.431376382004535,Au,COMPLETE
2941,0.0,2026-04-07 11:33:25.557233,2026-04-07 11:33:26.615988,0 days 00:00:01.058755,26.86655812808359,19.928654974553144,1.1525012475485028,Au,PRUNED
2942,-1.0,2026-04-07 11:33:25.667901,2026-04-07 11:33:26.333083,0 days 00:00:00.665182,35.09391338382546,17.255062753920072,1.2314159310008608,Au,COMPLETE
2943,0.0,2026-04-07 11:33:25.738892,2026-04-07 11:33:26.635204,0 days 00:00:00.896312,25.42823438333702,19.99170639411317,1.1841367538750465,Au,PRUNED
2944,-352.7253668762663,2026-04-07 11:33:25.886768,2026-04-07 11:33:26.466972,0 days 00:00:00.580204,20.342883914763537,19.03954255236314,1.1002379045679103,Au,COMPLETE
2945,-1.0,2026-04-07 11:33:25.898116,2026-04-07 11:33:26.409999,0 days 00:00:00.511883,22.01104164966273,17.478552363375048,1.020820229825655,Au,COMPLETE
2946,0.0,2026-04-07 11:33:25.959197,2026-04-07 11:33:26.507780,0 days 00:00:00.548583,34.79937105248103,16.211325210638844,1.0593579625151401,Au,PRUNED
2947,-347.82608695647866,2026-04-07 11:33:26.133202,2026-04-07 11:33:26.783665,0 days 00:00:00.650463,20.615175898600146,18.78376741977814,1.0689028395559073,Au,COMPLETE
2948,82.41421568627209,2026-04-07 11:33:26.150031,2026-04-07 11:33:26.850433,0 days 00:00:00.700402,24.68777008728313,19.86657020158332,1.1388542396991352,Au,PRUNED
2949,-1.0,2026-04-07 11:33:26.505149,2026-04-07 11:33:27.196409,0 days 00:00:00.691260,26.046265370458755,19.989205713634135,1.2357925674922492,Au,COMPLETE
2950,-1.0,2026-04-07 11:33:26.580770,2026-04-07 11:33:27.241030,0 days 00:00:00.660260,22.24220444753075,19.499881961193996,1.332957236450021,Au,COMPLETE
2951,-1.0,2026-04-07 11:33:26.637768,2026-04-07 11:33:27.131468,0 days 00:00:00.493700,50.0186961757488,16.899548751736297,1.1951694106863742,Au,COMPLETE
2952,-1.0,2026-04-07 11:33:26.705378,2026-04-07 11:33:27.225464,0 days 00:00:00.520086,37.1315440896689,19.634823040762804,0.9676020672865122,Au,COMPLETE
2953,-1.0,2026-04-07 11:33:26.715410,2026-04-07 11:33:27.224933,0 days 00:00:00.509523,20.89031616287296,16.298483341609092,1.081061039858102,Au,COMPLETE
2954,83.02696078431127,2026-04-07 11:33:26.807902,2026-04-07 11:33:27.535028,0 days 00:00:00.727126,23.570656209588524,19.782957639645932,1.2652358408015065,Au,PRUNED
2955,0.0,2026-04-07 11:33:26.957177,2026-04-07 11:33:27.363063,0 days 00:00:00.405886,34.572953697007776,17.487182877964614,1.2321829987681445,Au,PRUNED
2956,-1.0,2026-04-07 11:33:26.979145,2026-04-07 11:33:27.506748,0 days 00:00:00.527603,38.243612416945055,19.954813181845157,1.0723957786096803,Au,COMPLETE
2957,-11.217948717946992,2026-04-07 11:33:27.185716,2026-04-07 11:33:27.820416,0 days 00:00:00.634700,21.21405610166377,19.660028206309875,1.0694753886586745,Au,PRUNED
2958,-1.0,2026-04-07 11:33:27.383968,2026-04-07 11:33:27.944416,0 days 00:00:00.560448,20.04426533333063,18.852074495357158,0.9334335805868813,Au,COMPLETE
2959,-1.0,2026-04-07 11:33:27.415372,2026-04-07 11:33:27.945418,0 days 00:00:00.530046,20.916939710478342,19.523084378481894,1.1271997761862225,Au,COMPLETE
2960,0.0,2026-04-07 11:33:27.428974,2026-04-07 11:33:28.050009,0 days 00:00:00.621035,33.44317789442154,19.62129318278221,1.132883811594783,Au,PRUNED
2961,-1.0,2026-04-07 11:33:27.446851,2026-04-07 11:33:28.050009,0 days 00:00:00.603158,21.94902113238612,19.51262134933978,0.9441987322705706,Au,COMPLETE
2962,-1.0,2026-04-07 11:33:27.467189,2026-04-07 11:33:28.098339,0 days 00:00:00.631150,86.82791555335663,16.894550719286666,0.6130152994686292,Ag,COMPLETE
2963,0.0,2026-04-07 11:33:27.632401,2026-04-07 11:33:28.285324,0 days 00:00:00.652923,20.541846848642557,15.837860241053635,0.8480550604033137,Au,PRUNED
2964,-1.4988009592325708,2026-04-07 11:33:27.726116,2026-04-07 11:33:28.377336,0 days 00:00:00.651220,21.662836857693815,19.672648678375676,1.3665160882451288,Ag,PRUNED
2965,-1.0,2026-04-07 11:33:27.920792,2026-04-07 11:33:28.530947,0 days 00:00:00.610155,20.64933722879391,18.387611249995544,1.2179111503963542,Au,COMPLETE
2966,-1.0,2026-04-07 11:33:28.127431,2026-04-07 11:33:28.680236,0 days 00:00:00.552805,34.17351404706169,15.474499548074066,0.760739805174129,Ag,COMPLETE
2967,-1.0,2026-04-07 11:33:28.162336,2026-04-07 11:33:28.658677,0 days 00:00:00.496341,32.291097739658255,16.73307362831102,0.9676608163834579,Au,COMPLETE
2968,-1.0,2026-04-07 11:33:28.197521,2026-04-07 11:33:28.785255,0 days 00:00:00.587734,24.818182160353302,19.814635087582545,1.2496480035523072,Au,COMPLETE
2969,-1.0,2026-04-07 11:33:28.244756,2026-04-07 11:33:28.896218,0 days 00:00:00.651462,20.740222051414282,19.27033662693938,1.4768353898164244,Au,COMPLETE
2970,-1.0,2026-04-07 11:33:28.308818,2026-04-07 11:33:28.770246,0 days 00:00:00.461428,20.075581696711446,18.418661105695172,1.325984828887493,Au,COMPLETE
2971,-1.0,2026-04-07 11:33:28.343882,2026-04-07 11:33:28.800927,0 days 00:00:00.457045,20.435205947115016,19.641491781592666,1.5471276657418516,Au,COMPLETE
2972,-1.0,2026-04-07 11:33:28.413756,2026-04-07 11:33:28.911264,0 days 00:00:00.497508,21.409918911039593,19.65420022732801,1.4702807685594195,Au,COMPLETE
2973,-1.0,2026-04-07 11:33:28.654644,2026-04-07 11:33:29.103920,0 days 00:00:00.449276,20.569213153041837,18.678021946679976,1.4080133630510359,Au,COMPLETE
2974,-1.0,2026-04-07 11:33:28.828749,2026-04-07 11:33:29.318776,0 days 00:00:00.490027,21.206373633888976,16.55751564277673,0.9547951255515605,Au,COMPLETE
2975,-420.98765432092506,2026-04-07 11:33:28.873474,2026-04-07 11:33:29.669022,0 days 00:00:00.795548,21.075527435106004,19.50402222199901,1.0249282277527816,Au,COMPLETE
2976,0.0,2026-04-07 11:33:28.935568,2026-04-07 11:33:29.492817,0 days 00:00:00.557249,34.76261250134562,17.66442409598929,1.0837611208723605,Au,PRUNED
2977,-1.0,2026-04-07 11:33:28.944112,2026-04-07 11:33:29.519919,0 days 00:00:00.575807,35.13204224223384,19.60658589015271,1.355870837930283,Au,COMPLETE
2978,-1.0,2026-04-07 11:33:28.988080,2026-04-07 11:33:29.414355,0 days 00:00:00.426275,37.924781580968,19.768920465682076,0.8783358049751495,Au,COMPLETE
2979,0.0,2026-04-07 11:33:29.032009,2026-04-07 11:33:29.906547,0 days 00:00:00.874538,39.55274270271218,19.836594570615382,1.5714899781596585,Au,PRUNED
2980,0.0,2026-04-07 11:33:29.207007,2026-04-07 11:33:29.882760,0 days 00:00:00.675753,33.554738264683834,17.12066826949869,0.8932855753344091,Au,PRUNED
2981,0.0,2026-04-07 11:33:29.249306,2026-04-07 11:33:29.739544,0 days 00:00:00.490238,35.260257100606864,16.956667548383756,1.1589690962001,Au,PRUNED
2982,-1.0,2026-04-07 11:33:29.534468,2026-04-07 11:33:30.099371,0 days 00:00:00.564903,40.337265890766915,17.57231712803578,1.2833050519304168,Au,COMPLETE
2983,-1.0,2026-04-07 11:33:29.561339,2026-04-07 11:33:30.037349,0 days 00:00:00.476010,21.12078028810886,17.405599288333367,1.0636123841951282,Au,COMPLETE
2984,0.0,2026-04-07 11:33:29.669022,2026-04-07 11:33:30.282111,0 days 00:00:00.613089,20.203698860522998,17.33072230486578,1.194376377961854,Au,PRUNED
2985,83.02696078431127,2026-04-07 11:33:29.790120,2026-04-07 11:33:30.441402,0 days 00:00:00.651282,24.076982374127237,19.793167621680595,1.0977599240059641,Au,PRUNED
2986,0.0,2026-04-07 11:33:29.882760,2026-04-07 11:33:30.694273,0 days 00:00:00.811513,36.638924951008875,19.915634908085487,1.3030710270407329,Au,PRUNED
2987,-1.0,2026-04-07 11:33:29.961254,2026-04-07 11:33:30.409973,0 days 00:00:00.448719,38.363080588618786,18.26507846945025,1.1579298400802642,Au,COMPLETE
2988,4.166666666666111,2026-04-07 11:33:29.992871,2026-04-07 11:33:30.630239,0 days 00:00:00.637368,22.891236970001938,19.73296412602458,1.1025147160542015,Au,PRUNED
2989,-1.0,2026-04-07 11:33:30.011477,2026-04-07 11:33:30.441909,0 days 00:00:00.430432,117.50341819425734,10.495995294080725,1.917771636785397,Au,COMPLETE
2990,-1.0,2026-04-07 11:33:30.263101,2026-04-07 11:33:30.993068,0 days 00:00:00.729967,35.83182008541439,19.636449984556652,1.5243362522862083,Au,COMPLETE
2991,-1.0,2026-04-07 11:33:30.321606,2026-04-07 11:33:31.053667,0 days 00:00:00.732061,20.204990970758615,19.858172946097543,1.1346724591544615,Au,COMPLETE
2992,-1.0,2026-04-07 11:33:30.381577,2026-04-07 11:33:31.021912,0 days 00:00:00.640335,33.046598665817186,19.510584775895904,1.0049752264044423,Au,COMPLETE
2993,-8.01282051281928,2026-04-07 11:33:30.564820,2026-04-07 11:33:31.144552,0 days 00:00:00.579732,20.692339948265314,19.824788989229027,1.539743930906178,Au,PRUNED
2994,-1.0,2026-04-07 11:33:30.602447,2026-04-07 11:33:31.056287,0 days 00:00:00.453840,21.377603701338494,19.942314668173346,1.2552176664740293,Au,COMPLETE
2995,-413.9294403892341,2026-04-07 11:33:30.692268,2026-04-07 11:33:31.381834,0 days 00:00:00.689566,20.54731841754801,19.75402039610454,0.9990867429228634,Au,COMPLETE
2996,-1.0,2026-04-07 11:33:30.733227,2026-04-07 11:33:31.131717,0 days 00:00:00.398490,20.256402610618604,18.705225982478886,1.1881075089655286,Au,COMPLETE
2997,-1.0,2026-04-07 11:33:30.748529,2026-04-07 11:33:31.271227,0 days 00:00:00.522698,23.37281370221785,19.95207181790513,0.8806345897660641,Au,COMPLETE
2998,-1.0,2026-04-07 11:33:31.225848,2026-04-07 11:33:31.805277,0 days 00:00:00.579429,36.696045377955535,19.687091267095745,1.117949633232366,Au,COMPLETE
2999,0.0,2026-04-07 11:33:31.244604,2026-04-07 11:33:31.865205,0 days 00:00:00.620601,20.003456287614213,17.156245156856222,1.0128258545007776,Au,PRUNED
3000,0.0,2026-04-07 11:33:31.309021,2026-04-07 11:33:31.863645,0 days 00:00:00.554624,20.42237245850249,15.4720092065056,1.121739918141045,Au,PRUNED
3001,-1.0,2026-04-07 11:33:31.337016,2026-04-07 11:33:31.805277,0 days 00:00:00.468261,36.05663572124719,18.1695557014979,0.8843695664323626,Au,COMPLETE
3002,0.0,2026-04-07 11:33:31.401877,2026-04-07 11:33:31.961278,0 days 00:00:00.559401,35.74322064877177,16.809727475142747,0.929796222980204,Au,PRUNED
3003,-1.0,2026-04-07 11:33:31.466065,2026-04-07 11:33:31.992576,0 days 00:00:00.526511,84.55699401757167,7.458117171504497,0.6546285430278835,Au,COMPLETE
3004,-1.0,2026-04-07 11:33:31.478277,2026-04-07 11:33:32.149676,0 days 00:00:00.671399,21.262791432350323,19.813452833923957,0.9096525209832877,Au,COMPLETE
3005,0.0,2026-04-07 11:33:31.555894,2026-04-07 11:33:32.152322,0 days 00:00:00.596428,46.63350240362428,19.593134812205996,1.1282683987468827,Au,PRUNED
3006,-1.0,2026-04-07 11:33:31.934452,2026-04-07 11:33:32.506621,0 days 00:00:00.572169,47.3322018109495,19.978096656977787,1.086548679000024,Au,COMPLETE
3007,-0.7002801120448061,2026-04-07 11:33:32.005600,2026-04-07 11:33:32.584189,0 days 00:00:00.578589,78.35582674938883,14.146837703237416,1.5366071294839436,Au,PRUNED
3008,-1.0,2026-04-07 11:33:32.058197,2026-04-07 11:33:32.551549,0 days 00:00:00.493352,35.04320126169495,16.998954177874914,0.9696497181555742,Au,COMPLETE
3009,-12.019230769229845,2026-04-07 11:33:32.091882,2026-04-07 11:33:32.694748,0 days 00:00:00.602866,43.64859211444835,5.584002898494546,1.3099826179734633,Au,PRUNED
3010,-1.0,2026-04-07 11:33:32.196624,2026-04-07 11:33:32.663091,0 days 00:00:00.466467,35.88567906019873,19.80585408037084,0.8646060358609234,Au,COMPLETE
3011,-11.43790849673113,2026-04-07 11:33:32.213279,2026-04-07 11:33:32.839143,0 days 00:00:00.625864,28.55852091748144,17.519203808249035,0.8560380366363124,Ag,PRUNED
3012,0.0,2026-04-07 11:33:32.206248,2026-04-07 11:33:32.953638,0 days 00:00:00.747390,20.02203787608709,18.494002506802083,0.9256462341501057,Au,PRUNED
3013,4.5289855072459835,2026-04-07 11:33:32.291140,2026-04-07 11:33:33.113760,0 days 00:00:00.822620,42.86049912738895,19.38498739297352,1.1519311738990061,Ag,PRUNED
3014,-399.0610328637931,2026-04-07 11:33:32.628464,2026-04-07 11:33:33.434429,0 days 00:00:00.805965,20.534061029707043,19.4866361614992,1.168581245616702,Au,COMPLETE
3015,0.0,2026-04-07 11:33:32.653816,2026-04-07 11:33:33.486004,0 days 00:00:00.832188,39.413838243674206,19.897928529630956,0.823917888986756,Au,PRUNED
3016,-1.0,2026-04-07 11:33:32.750926,2026-04-07 11:33:33.228621,0 days 00:00:00.477695,20.36704431868003,17.08356198221315,1.1099030321041303,Au,COMPLETE
3017,0.0,2026-04-07 11:33:32.808280,2026-04-07 11:33:33.318105,0 days 00:00:00.509825,20.171080164770423,16.557733142661373,1.2038998753315278,Au,PRUNED
3018,0.0,2026-04-07 11:33:32.892089,2026-04-07 11:33:33.554687,0 days 00:00:00.662598,25.85594940582599,19.93443653081511,1.1024805962850448,Au,PRUNED
3019,0.0,2026-04-07 11:33:32.963745,2026-04-07 11:33:33.487045,0 days 00:00:00.523300,20.645707433253154,17.377528037380365,1.0699814957039981,Au,PRUNED
3020,0.0,2026-04-07 11:33:33.018202,2026-04-07 11:33:33.535633,0 days 00:00:00.517431,29.734028691715054,19.997640748465557,1.0951071803957282,Au,PRUNED
3021,83.33333333333088,2026-04-07 11:33:33.187813,2026-04-07 11:33:33.793408,0 days 00:00:00.605595,23.539199846182523,19.925979744504147,0.8624647217931457,Au,PRUNED
3022,-1.0,2026-04-07 11:33:33.410926,2026-04-07 11:33:34.048676,0 days 00:00:00.637750,21.55810750919499,19.6935746574675,1.2060251519843819,Au,COMPLETE
3023,-1.436781609195204,2026-04-07 11:33:33.556694,2026-04-07 11:33:34.299670,0 days 00:00:00.742976,21.921557095234967,19.951502023834678,1.2107984602556707,Au,PRUNED
3024,-1.0,2026-04-07 11:33:33.633642,2026-04-07 11:33:34.193759,0 days 00:00:00.560117,67.09697197746299,14.884442510100437,1.3078736811326257,Cu,COMPLETE
3025,-315.1041666666309,2026-04-07 11:33:33.662315,2026-04-07 11:33:34.193759,0 days 00:00:00.531444,21.75605699192884,17.377155692909223,1.0535623685196236,Au,COMPLETE
3026,0.0,2026-04-07 11:33:33.687113,2026-04-07 11:33:34.505833,0 days 00:00:00.818720,20.111856699044466,18.371870732039554,1.1109934746421974,Au,PRUNED
3027,0.0,2026-04-07 11:33:33.678055,2026-04-07 11:33:34.266347,0 days 00:00:00.588292,28.284813379979497,19.951084262094955,0.9594595368215982,Au,PRUNED
3028,-1.0,2026-04-07 11:33:33.744965,2026-04-07 11:33:34.458964,0 days 00:00:00.713999,25.408283471051792,19.650717158826307,1.1379952456045117,Au,COMPLETE
3029,-1.0,2026-04-07 11:33:33.919926,2026-04-07 11:33:34.285861,0 days 00:00:00.365935,20.555336751641388,18.116716559046385,1.011661281933673,Au,COMPLETE
3030,-1.0,2026-04-07 11:33:34.237550,2026-04-07 11:33:35.127568,0 days 00:00:00.890018,20.208916426237224,16.001553265543066,0.9527050956487102,Au,COMPLETE
3031,0.0,2026-04-07 11:33:34.303364,2026-04-07 11:33:35.099444,0 days 00:00:00.796080,20.457019279844303,14.85797229371558,0.7872161590663678,Au,PRUNED
3032,0.0,2026-04-07 11:33:34.395362,2026-04-07 11:33:35.194263,0 days 00:00:00.798901,35.32209325188663,19.92263287656901,1.0258016017915692,Au,PRUNED
3033,0.0,2026-04-07 11:33:34.427336,2026-04-07 11:33:35.091181,0 days 00:00:00.663845,35.348981116428135,17.593805326402745,1.096603639195865,Au,PRUNED
3034,0.0,2026-04-07 11:33:34.487750,2026-04-07 11:33:35.098446,0 days 00:00:00.610696,39.59319690913647,17.25942441910777,1.2415106754411285,Au,PRUNED
3035,0.0,2026-04-07 11:33:34.536001,2026-04-07 11:33:35.205266,0 days 00:00:00.669265,36.00762180089407,17.39871415203564,0.9409585559921512,Au,PRUNED
3036,-1.0,2026-04-07 11:33:34.593068,2026-04-07 11:33:35.059795,0 days 00:00:00.466727,34.639380912040664,19.957413207236957,1.095756975119835,Au,COMPLETE
3037,-1.0,2026-04-07 11:33:34.693299,2026-04-07 11:33:35.195262,0 days 00:00:00.501963,21.2103837119148,4.362006662253684,1.232651873631294,Au,COMPLETE
3038,4.166666666666111,2026-04-07 11:33:35.162629,2026-04-07 11:33:35.958082,0 days 00:00:00.795453,22.9350855975815,19.819188613822476,1.0426848954557677,Au,PRUNED
3039,-1.0,2026-04-07 11:33:35.289831,2026-04-07 11:33:35.806118,0 days 00:00:00.516287,35.45275538137263,17.648387573773196,1.2206652830979485,Au,COMPLETE
3040,0.0,2026-04-07 11:33:35.317647,2026-04-07 11:33:36.035664,0 days 00:00:00.718017,20.121643458856827,18.50353553279879,1.1549820738344434,Au,PRUNED
3041,-1.0,2026-04-07 11:33:35.297764,2026-04-07 11:33:35.808117,0 days 00:00:00.510353,35.859537780510706,19.814416179694867,1.2766796869596682,Au,COMPLETE
3042,0.0,2026-04-07 11:33:35.396386,2026-04-07 11:33:36.099012,0 days 00:00:00.702626,26.273370345713527,19.91962904815407,0.90809032777291,Au,PRUNED
3043,-1.0,2026-04-07 11:33:35.411648,2026-04-07 11:33:35.793341,0 days 00:00:00.381693,21.50356393603934,17.982012705334135,1.020973965275566,Au,COMPLETE
3044,-1.0,2026-04-07 11:33:35.433916,2026-04-07 11:33:35.882108,0 days 00:00:00.448192,29.152122115844584,17.003972967919445,0.8822734513629114,Au,COMPLETE
3045,0.0,2026-04-07 11:33:35.468793,2026-04-07 11:33:36.021341,0 days 00:00:00.552548,32.38500398998987,17.547416814696888,1.185266629923894,Au,PRUNED
3046,-1.0,2026-04-07 11:33:35.886685,2026-04-07 11:33:36.553916,0 days 00:00:00.667231,20.314073839932174,19.622043724461307,1.195427727398566,Au,COMPLETE
3047,0.0,2026-04-07 11:33:35.993326,2026-04-07 11:33:36.745267,0 days 00:00:00.751941,34.58499210619017,19.82681313205034,1.4035703952742173,Au,PRUNED
3048,-1.0,2026-04-07 11:33:36.072967,2026-04-07 11:33:36.522487,0 days 00:00:00.449520,32.66594298444385,16.476844866725862,1.1796338454060171,Au,COMPLETE
3049,-1.0,2026-04-07 11:33:36.089689,2026-04-07 11:33:36.683697,0 days 00:00:00.594008,20.085090350943823,19.29311860412259,1.3531337931227294,Au,COMPLETE
3050,0.0,2026-04-07 11:33:36.102111,2026-04-07 11:33:36.725108,0 days 00:00:00.622997,57.62490351012877,19.594090607711397,1.4709504325173757,Au,PRUNED
3051,-8.01282051281928,2026-04-07 11:33:36.173933,2026-04-07 11:33:36.745267,0 days 00:00:00.571334,21.505046397387993,19.901374196931172,0.8831423078034121,Au,PRUNED
3052,-1.0,2026-04-07 11:33:36.194653,2026-04-07 11:33:36.650481,0 days 00:00:00.455828,46.567311813515595,7.326823657154962,0.926486636392747,Ag,COMPLETE
3053,-1.0,2026-04-07 11:33:36.235365,2026-04-07 11:33:36.711380,0 days 00:00:00.476015,32.10946374746778,17.461165800282085,1.0668321656892963,Au,COMPLETE
3054,-420.6790123456165,2026-04-07 11:33:36.760422,2026-04-07 11:33:37.379559,0 days 00:00:00.619137,20.476798973341822,19.8205330887509,1.1083107263151522,Au,COMPLETE
3055,-1.1990407673860566,2026-04-07 11:33:36.810078,2026-04-07 11:33:37.538717,0 days 00:00:00.728639,22.32055598687264,17.47541203868045,1.1262743370580672,Ag,PRUNED
3056,-1.0,2026-04-07 11:33:36.822710,2026-04-07 11:33:37.379559,0 days 00:00:00.556849,20.695578739239103,16.49873900308616,1.0453837333501173,Au,COMPLETE
3057,-1.0,2026-04-07 11:33:36.837638,2026-04-07 11:33:37.396368,0 days 00:00:00.558730,20.639766756701377,19.125674795138814,0.9401153553637572,Au,COMPLETE
3058,-1.0,2026-04-07 11:33:36.853360,2026-04-07 11:33:37.373750,0 days 00:00:00.520390,37.011537214668564,19.903692092986837,1.069853946226269,Au,COMPLETE
3059,-1.0,2026-04-07 11:33:36.892891,2026-04-07 11:33:37.722974,0 days 00:00:00.830083,20.245803350511395,17.816847574524257,0.7881741854619913,Au,COMPLETE
3060,-1.0,2026-04-07 11:33:37.016863,2026-04-07 11:33:37.567452,0 days 00:00:00.550589,34.32104595652084,19.894401883057416,1.4014994699220373,Au,COMPLETE
3061,-1.1904761904761563,2026-04-07 11:33:37.077806,2026-04-07 11:33:38.036449,0 days 00:00:00.958643,22.46105130332111,16.67623032942003,0.9388353211266143,Ag,PRUNED
3062,0.0,2026-04-07 11:33:37.597632,2026-04-07 11:33:38.335314,0 days 00:00:00.737682,33.930428176777625,17.36208826253932,0.9927023349782249,Au,PRUNED
3063,-1.0,2026-04-07 11:33:37.625407,2026-04-07 11:33:38.193025,0 days 00:00:00.567618,20.434400376956734,17.312540187506876,1.3406212479803994,Au,COMPLETE
3064,0.0,2026-04-07 11:33:37.617409,2026-04-07 11:33:38.367281,0 days 00:00:00.749872,37.270317891096354,18.600308409973483,0.8578147197065581,Au,PRUNED
3065,-1.0,2026-04-07 11:33:37.675349,2026-04-07 11:33:38.226080,0 days 00:00:00.550731,20.959667173271065,19.388517801316084,1.0456056823771793,Au,COMPLETE
3066,79.62962962962726,2026-04-07 11:33:37.789042,2026-04-07 11:33:38.399075,0 days 00:00:00.610033,32.400066285694585,16.658096368723704,0.960751772412382,Au,PRUNED
3067,-1.0,2026-04-07 11:33:37.921992,2026-04-07 11:33:38.399075,0 days 00:00:00.477083,31.741224963976414,19.84875938687788,0.9304420275234584,Au,COMPLETE
3068,-1.0,2026-04-07 11:33:37.975561,2026-04-07 11:33:38.563820,0 days 00:00:00.588259,21.091106251098157,19.715208760187885,1.089105714228806,Au,COMPLETE
3069,2.7777777777774073,2026-04-07 11:33:38.097505,2026-04-07 11:33:38.710674,0 days 00:00:00.613169,22.98021732482706,19.878020785590216,0.8721811047747081,Au,PRUNED
3070,-6.172839506171925,2026-04-07 11:33:38.422185,2026-04-07 11:33:39.425145,0 days 00:00:01.002960,21.658571837150845,19.687616411411767,1.227993353831657,Au,PRUNED
3071,6.072874493927027,2026-04-07 11:33:38.402586,2026-04-07 11:33:38.941380,0 days 00:00:00.538794,118.68882935734342,5.15823389060514,0.40089277294017844,Cu,PRUNED
3072,-1.0,2026-04-07 11:33:38.472615,2026-04-07 11:33:38.973755,0 days 00:00:00.501140,20.579886768178593,18.561701136554774,1.3431763702081636,Au,COMPLETE
3073,-378.63534675610146,2026-04-07 11:33:38.495287,2026-04-07 11:33:39.344954,0 days 00:00:00.849667,20.098171068231792,19.62356848203173,1.0935715574116678,Au,COMPLETE
3074,-434.16030534344486,2026-04-07 11:33:38.461931,2026-04-07 11:33:38.972750,0 days 00:00:00.510819,20.851905438060136,19.84289189660108,0.9419446964440482,Au,COMPLETE
3075,-1.0,2026-04-07 11:33:38.647935,2026-04-07 11:33:39.198316,0 days 00:00:00.550381,20.8010959774877,19.669800756915095,0.8621665765805583,Ag,COMPLETE
3076,0.0,2026-04-07 11:33:38.753453,2026-04-07 11:33:39.418757,0 days 00:00:00.665304,37.128914624095664,16.930659164648766,0.9200464502019196,Au,PRUNED
3077,-1.0,2026-04-07 11:33:38.817530,2026-04-07 11:33:39.596281,0 days 00:00:00.778751,20.760280794726228,17.14761207213695,0.9405460402148905,Au,COMPLETE
3078,-7.716049382714907,2026-04-07 11:33:38.973755,2026-04-07 11:33:39.737676,0 days 00:00:00.763921,21.664868483269625,19.637999766054048,1.0660619932827973,Au,PRUNED
3079,0.0,2026-04-07 11:33:39.108335,2026-04-07 11:33:39.834735,0 days 00:00:00.726400,32.26287870753519,18.00304287374695,0.8420446774761852,Au,PRUNED
3080,0.0,2026-04-07 11:33:39.200315,2026-04-07 11:33:39.926354,0 days 00:00:00.726039,34.38204475243081,17.21886016753778,0.8925255988798463,Au,PRUNED
3081,-1.0,2026-04-07 11:33:39.371604,2026-04-07 11:33:40.100974,0 days 00:00:00.729370,54.19060228354199,18.363668325193856,0.834119693139744,Au,COMPLETE
3082,-1.0,2026-04-07 11:33:39.562798,2026-04-07 11:33:40.114279,0 days 00:00:00.551481,20.332448142951993,19.49927259969202,0.8692857704287882,Au,COMPLETE
3083,-1.0,2026-04-07 11:33:39.620663,2026-04-07 11:33:40.300344,0 days 00:00:00.679681,28.24093242547649,19.703303661588368,0.8561696988082772,Au,COMPLETE
3084,0.0,2026-04-07 11:33:39.678247,2026-04-07 11:33:40.398351,0 days 00:00:00.720104,33.76244097548184,19.885025802948295,1.137294959741126,Au,PRUNED
3085,-1.0,2026-04-07 11:33:39.809476,2026-04-07 11:33:40.268857,0 days 00:00:00.459381,20.74802180416055,16.84643527150789,0.865461636475202,Au,COMPLETE
3086,-1.0,2026-04-07 11:33:39.836252,2026-04-07 11:33:40.410694,0 days 00:00:00.574442,78.94661022297947,11.930782739510922,1.88617860262731,Au,COMPLETE
3087,-2.976190476190051,2026-04-07 11:33:39.983414,2026-04-07 11:33:40.552829,0 days 00:00:00.569415,22.245016096843038,19.805657709766052,0.9959064523896601,Au,PRUNED
3088,-1.0,2026-04-07 11:33:40.006001,2026-04-07 11:33:40.489043,0 days 00:00:00.483042,24.63679881780988,19.937701843999026,1.1217198980353975,Au,COMPLETE
3089,0.0,2026-04-07 11:33:40.231712,2026-04-07 11:33:40.981477,0 days 00:00:00.749765,33.67848362679203,19.82807457974161,0.8549823948130514,Au,PRUNED
3090,-386.7009132419558,2026-04-07 11:33:40.302900,2026-04-07 11:33:40.858383,0 days 00:00:00.555483,20.41605208055678,19.631892548543927,0.8945980586366545,Au,COMPLETE
3091,-1.0,2026-04-07 11:33:40.430896,2026-04-07 11:33:40.985024,0 days 00:00:00.554128,51.191162263141706,19.999399367081466,1.2675278009040756,Au,COMPLETE
3092,-386.41552511410265,2026-04-07 11:33:40.514024,2026-04-07 11:33:41.135401,0 days 00:00:00.621377,20.786223405760822,19.515017197702832,0.6890093111624955,Au,COMPLETE
3093,-1.0,2026-04-07 11:33:40.533391,2026-04-07 11:33:41.135401,0 days 00:00:00.602010,31.466595861258305,19.98105239984357,1.0656080712284728,Au,COMPLETE
3094,-1.0,2026-04-07 11:33:40.562979,2026-04-07 11:33:41.132508,0 days 00:00:00.569529,32.68595650903288,17.45799125696354,1.3050418780589488,Au,COMPLETE
3095,0.0,2026-04-07 11:33:40.651106,2026-04-07 11:33:41.316304,0 days 00:00:00.665198,35.597860944742926,18.30922546036134,1.207439460393278,Au,PRUNED
3096,-1.0,2026-04-07 11:33:40.675903,2026-04-07 11:33:41.179745,0 days 00:00:00.503842,20.77813299234051,16.786992073520537,1.223481331975039,Au,COMPLETE
3097,-1.0,2026-04-07 11:33:40.986033,2026-04-07 11:33:41.491124,0 days 00:00:00.505091,20.300505188413727,16.446918454950943,0.6734319091777241,Au,COMPLETE
3098,0.0,2026-04-07 11:33:41.057433,2026-04-07 11:33:41.648004,0 days 00:00:00.590571,20.59373187408326,17.571737438031107,0.9048042719656505,Au,PRUNED
3099,-413.9294403892341,2026-04-07 11:33:41.168881,2026-04-07 11:33:41.682483,0 days 00:00:00.513602,20.83161157457536,19.637037744207408,0.8833022466232859,Au,COMPLETE
3100,-1.0,2026-04-07 11:33:41.287699,2026-04-07 11:33:41.790899,0 days 00:00:00.503200,31.825295861362513,16.70479896019829,0.8486244993650331,Au,COMPLETE
3101,-1.0,2026-04-07 11:33:41.367028,2026-04-07 11:33:41.853067,0 days 00:00:00.486039,23.87645467426608,19.84603411331273,0.7287171424231755,Au,COMPLETE
3102,-1.0,2026-04-07 11:33:41.385556,2026-04-07 11:33:42.071472,0 days 00:00:00.685916,20.152853169803564,17.107045332470683,0.9474378996514126,Au,COMPLETE
3103,0.0,2026-04-07 11:33:41.407331,2026-04-07 11:33:42.240411,0 days 00:00:00.833080,37.48402666824513,19.819430471439823,0.7491522948274265,Au,PRUNED
3104,-1.0,2026-04-07 11:33:41.459286,2026-04-07 11:33:42.072467,0 days 00:00:00.613181,34.4041374327287,17.96255346772918,0.7778940263460978,Au,COMPLETE
3105,0.0,2026-04-07 11:33:41.650507,2026-04-07 11:33:42.160080,0 days 00:00:00.509573,50.85797003646804,17.572073753472253,0.9062602674188667,Au,PRUNED
3106,0.0,2026-04-07 11:33:41.723423,2026-04-07 11:33:42.450905,0 days 00:00:00.727482,36.08087483799526,19.8563433167694,0.755399727941023,Au,PRUNED
3107,0.0,2026-04-07 11:33:41.833339,2026-04-07 11:33:42.588680,0 days 00:00:00.755341,20.259148218613177,17.583843857934276,0.98829987338523,Au,PRUNED
3108,0.0,2026-04-07 11:33:41.916061,2026-04-07 11:33:42.573074,0 days 00:00:00.657013,30.609340239220824,19.93920530485538,0.9515658286435242,Au,PRUNED
3109,-6.410256410255424,2026-04-07 11:33:41.991231,2026-04-07 11:33:42.664195,0 days 00:00:00.672964,21.985434855854884,19.916501237243757,0.7312497361448339,Au,PRUNED
3110,-1.0,2026-04-07 11:33:42.172302,2026-04-07 11:33:42.629818,0 days 00:00:00.457516,22.409824294624677,16.631552336332867,0.7306981323967446,Au,COMPLETE
3111,0.0,2026-04-07 11:33:42.204009,2026-04-07 11:33:43.147907,0 days 00:00:00.943898,21.007446591705136,16.916475601000762,0.8934786772635246,Au,PRUNED
3112,-1.4880952380950254,2026-04-07 11:33:42.339011,2026-04-07 11:33:43.342586,0 days 00:00:01.003575,22.323116759444712,19.959212785962333,0.8905702574799275,Au,PRUNED
3113,-1.0,2026-04-07 11:33:42.500150,2026-04-07 11:33:43.219227,0 days 00:00:00.719077,23.52418457195913,19.877902395971624,1.087269408187663,Au,COMPLETE
3114,-1.0,2026-04-07 11:33:42.545840,2026-04-07 11:33:43.163872,0 days 00:00:00.618032,28.87445077871586,19.98346367503928,1.0240754528771723,Au,COMPLETE
3115,-1.0,2026-04-07 11:33:42.695776,2026-04-07 11:33:43.256583,0 days 00:00:00.560807,31.699472601189452,16.99870420787201,0.7259188067113015,Au,COMPLETE
3116,0.0,2026-04-07 11:33:42.727269,2026-04-07 11:33:43.343586,0 days 00:00:00.616317,33.791635521993655,19.98979602153923,1.2731172741648589,Au,PRUNED
3117,0.0,2026-04-07 11:33:42.781048,2026-04-07 11:33:43.344586,0 days 00:00:00.563538,20.418220223554794,18.09685264920111,0.84946078632791,Au,PRUNED
3118,82.41421568627209,2026-04-07 11:33:42.899919,2026-04-07 11:33:43.704259,0 days 00:00:00.804340,24.875331137603766,19.786372031495915,0.9281894756194458,Au,PRUNED
3119,-1.0,2026-04-07 11:33:43.291063,2026-04-07 11:33:43.847705,0 days 00:00:00.556642,20.032408071387216,19.4947262461808,0.9892395431120083,Au,COMPLETE
3120,0.0,2026-04-07 11:33:43.402134,2026-04-07 11:33:44.307318,0 days 00:00:00.905184,35.617595898513045,16.581354540106158,1.0819291679216374,Au,PRUNED
3121,-0.7002801120448061,2026-04-07 11:33:43.465038,2026-04-07 11:33:44.307318,0 days 00:00:00.842280,81.97683411696772,15.953445237626502,0.5545600114086537,Au,PRUNED
3122,-1.0,2026-04-07 11:33:43.493484,2026-04-07 11:33:44.224607,0 days 00:00:00.731123,46.4115968868786,19.84673091582445,0.9783549674834839,Au,COMPLETE
3123,-1.0,2026-04-07 11:33:43.525447,2026-04-07 11:33:43.991451,0 days 00:00:00.466004,27.746313323916564,19.964450344065764,1.0357521948941346,Au,COMPLETE
3124,-1.0,2026-04-07 11:33:43.555385,2026-04-07 11:33:44.162764,0 days 00:00:00.607379,34.315677104705216,17.780703868776786,1.0201830138308787,Au,COMPLETE
3125,-375.2777777777274,2026-04-07 11:33:43.586168,2026-04-07 11:33:44.350375,0 days 00:00:00.764207,20.134456439759102,19.899294101238244,0.6956854855091539,Au,COMPLETE
3126,-9.9999999999984,2026-04-07 11:33:43.807478,2026-04-07 11:33:44.425195,0 days 00:00:00.617717,21.31707825311184,19.884640485912826,0.862549298524122,Au,PRUNED
3127,-1.0,2026-04-07 11:33:44.040124,2026-04-07 11:33:44.702173,0 days 00:00:00.662049,20.477946200049136,19.74069991253409,0.914714544285856,Au,COMPLETE
3128,-9.615384615383135,2026-04-07 11:33:44.112040,2026-04-07 11:33:44.767237,0 days 00:00:00.655197,21.5571914565393,19.70254731135433,0.9577144202786129,Au,PRUNED
3129,-1.0,2026-04-07 11:33:44.374165,2026-04-07 11:33:44.893939,0 days 00:00:00.519774,20.721596644189518,17.665053539606106,0.9498580898802289,Au,COMPLETE
3130,0.0,2026-04-07 11:33:44.399769,2026-04-07 11:33:45.109583,0 days 00:00:00.709814,20.980869171229745,17.673964967872465,1.2289013681347654,Au,PRUNED
3131,4.6296296296292185,2026-04-07 11:33:44.451806,2026-04-07 11:33:45.032299,0 days 00:00:00.580493,37.656299862771306,19.972299820099085,1.0121093487249742,Ag,PRUNED
3132,-1.0,2026-04-07 11:33:44.463350,2026-04-07 11:33:45.110563,0 days 00:00:00.647213,31.786494414252275,19.948238870339605,0.858788020096292,Au,COMPLETE
3133,-1.0,2026-04-07 11:33:44.425195,2026-04-07 11:33:44.994997,0 days 00:00:00.569802,20.396142533553164,19.97074565691512,1.1983649178293039,Au,COMPLETE
3134,-1.0,2026-04-07 11:33:44.618745,2026-04-07 11:33:45.274024,0 days 00:00:00.655279,21.498443134249076,19.702491433825116,0.9566667457876239,Au,COMPLETE
3135,-1.0,2026-04-07 11:33:44.896952,2026-04-07 11:33:45.469368,0 days 00:00:00.572416,21.44219275841138,19.993305166210142,0.7917499330053694,Au,COMPLETE
3136,0.0,2026-04-07 11:33:45.024211,2026-04-07 11:33:45.426439,0 days 00:00:00.402228,35.309589317268916,17.242663026767588,1.0785506788630626,Au,PRUNED
3137,-1.0,2026-04-07 11:33:45.010062,2026-04-07 11:33:45.788563,0 days 00:00:00.778501,88.82852858694007,3.1643011221488244,1.9270330415473984,Cu,COMPLETE
3138,-1.0,2026-04-07 11:33:45.176478,2026-04-07 11:33:45.580488,0 days 00:00:00.404010,20.71807430543354,15.695033858194368,1.0355672667057152,Au,COMPLETE
3139,0.0,2026-04-07 11:33:45.225225,2026-04-07 11:33:45.798775,0 days 00:00:00.573550,33.368048438289804,17.711612347154595,0.7771231244198803,Au,PRUNED
3140,0.0,2026-04-07 11:33:45.288273,2026-04-07 11:33:45.919098,0 days 00:00:00.630825,32.632814865536204,19.96477884118939,1.1684623429056784,Au,PRUNED
3141,-411.23188405791177,2026-04-07 11:33:45.452730,2026-04-07 11:33:46.227057,0 days 00:00:00.774327,20.580673062735865,19.495250697002007,1.2846800757886545,Au,COMPLETE
3142,0.0,2026-04-07 11:33:45.504175,2026-04-07 11:33:46.223872,0 days 00:00:00.719697,20.73681260021266,15.380142584495516,1.1010181623484618,Au,PRUNED
3143,79.62962962962726,2026-04-07 11:33:45.518503,2026-04-07 11:33:46.279683,0 days 00:00:00.761180,32.13064203638823,16.991001463957193,0.9254863978510925,Au,PRUNED
3144,0.0,2026-04-07 11:33:45.699557,2026-04-07 11:33:46.403118,0 days 00:00:00.703561,34.980715049733476,16.88388800079406,1.0848751838506145,Au,PRUNED
3145,0.0,2026-04-07 11:33:45.856846,2026-04-07 11:33:46.546453,0 days 00:00:00.689607,34.526587107516896,19.928543215520374,0.7911514928476118,Au,PRUNED
3146,-1.0,2026-04-07 11:33:46.050639,2026-04-07 11:33:46.628368,0 days 00:00:00.577729,20.03923560941481,15.370072156569567,1.1326268952027523,Au,COMPLETE
3147,-1.0,2026-04-07 11:33:46.108399,2026-04-07 11:33:46.814393,0 days 00:00:00.705994,20.183937224777385,19.036121813450386,1.2956500546143037,Au,COMPLETE
3148,0.0,2026-04-07 11:33:46.111404,2026-04-07 11:33:46.814393,0 days 00:00:00.702989,39.966734397281755,19.959871028520553,1.4796059267970052,Au,PRUNED
3149,0.0,2026-04-07 11:33:46.333108,2026-04-07 11:33:47.158546,0 days 00:00:00.825438,30.267799213256495,19.69902098868029,1.7056637697029955,Au,PRUNED
3150,-1.0,2026-04-07 11:33:46.414482,2026-04-07 11:33:46.891304,0 days 00:00:00.476822,30.601562799797524,17.229763684350935,1.3211145287999297,Au,COMPLETE
3151,0.0,2026-04-07 11:33:46.495866,2026-04-07 11:33:47.124542,0 days 00:00:00.628676,32.952377397881804,17.97187825955077,1.315755139345903,Au,PRUNED
3152,-1.0,2026-04-07 11:33:46.541129,2026-04-07 11:33:46.986361,0 days 00:00:00.445232,20.57508578120954,19.962983131204613,1.4562200169268746,Au,COMPLETE
3153,0.0,2026-04-07 11:33:46.627357,2026-04-07 11:33:47.239761,0 days 00:00:00.612404,20.25739870993668,18.292113041545285,1.1281898004258237,Au,PRUNED
3154,-1.0,2026-04-07 11:33:46.759179,2026-04-07 11:33:47.520075,0 days 00:00:00.760896,37.6126845593073,19.98920744608543,1.3251489296955197,Au,COMPLETE
3155,0.0,2026-04-07 11:33:46.885197,2026-04-07 11:33:47.534877,0 days 00:00:00.649680,25.918758167389925,19.799835105474333,1.378741256957507,Au,PRUNED
3156,0.0,2026-04-07 11:33:47.086840,2026-04-07 11:33:47.649573,0 days 00:00:00.562733,28.254874292137686,19.87439825843572,1.4431279637534478,Au,PRUNED
3157,0.0,2026-04-07 11:33:47.194893,2026-04-07 11:33:48.046345,0 days 00:00:00.851452,30.05713366409057,19.458100698264463,1.3338189927532846,Au,PRUNED
3158,-1.0,2026-04-07 11:33:47.178289,2026-04-07 11:33:47.935734,0 days 00:00:00.757445,29.34115815979753,19.945710601133964,1.4039987453555236,Au,COMPLETE
3159,-1.0,2026-04-07 11:33:47.238759,2026-04-07 11:33:47.814472,0 days 00:00:00.575713,39.625280407371264,19.967165257195333,1.0996084002271762,Au,COMPLETE
3160,21.98162729658758,2026-04-07 11:33:47.308798,2026-04-07 11:33:47.922919,0 days 00:00:00.614121,78.59196139626243,9.327269870186393,1.0123343470932458,Au,PRUNED
3161,-1.0,2026-04-07 11:33:47.444311,2026-04-07 11:33:48.195867,0 days 00:00:00.751556,21.48250083369163,19.73433022153929,1.2828062677593859,Au,COMPLETE
3162,-1.0,2026-04-07 11:33:47.574955,2026-04-07 11:33:48.235411,0 days 00:00:00.660456,33.01554080283426,19.94907830211417,1.2557956940422177,Au,COMPLETE
3163,0.0,2026-04-07 11:33:47.654091,2026-04-07 11:33:48.289394,0 days 00:00:00.635303,37.85198509677138,17.711868028191414,1.215776004254737,Au,PRUNED
3164,0.0,2026-04-07 11:33:47.752579,2026-04-07 11:33:48.397628,0 days 00:00:00.645049,30.43111845629465,19.929185684348838,1.6288769503399712,Au,PRUNED
3165,-1.0,2026-04-07 11:33:47.997612,2026-04-07 11:33:48.628103,0 days 00:00:00.630491,35.162115829282,16.589441270473646,0.9318329825053666,Au,COMPLETE
3166,-1.0,2026-04-07 11:33:48.124487,2026-04-07 11:33:48.812861,0 days 00:00:00.688374,20.16823600454441,16.745213853474453,0.7479431536971506,Au,COMPLETE
3167,-1.0,2026-04-07 11:33:48.150387,2026-04-07 11:33:48.770012,0 days 00:00:00.619625,20.57592610241641,17.472130521189868,0.6982886126540558,Au,COMPLETE
3168,0.0,2026-04-07 11:33:48.129007,2026-04-07 11:33:48.858550,0 days 00:00:00.729543,35.419852981518474,17.443553154589353,0.9037304501674575,Au,PRUNED
3169,0.0,2026-04-07 11:33:48.360434,2026-04-07 11:33:48.874721,0 days 00:00:00.514287,20.81089772238316,16.964058841528736,0.9314826195705677,Au,PRUNED
3170,0.0,2026-04-07 11:33:48.470089,2026-04-07 11:33:49.050621,0 days 00:00:00.580532,48.88834520749785,19.702595449991676,0.8145027510175478,Au,PRUNED
3171,-1.0,2026-04-07 11:33:48.485197,2026-04-07 11:33:48.919002,0 days 00:00:00.433805,38.801502630081444,17.906344875483835,0.7723991808858006,Au,COMPLETE
3172,-1.0,2026-04-07 11:33:48.512437,2026-04-07 11:33:49.292106,0 days 00:00:00.779669,37.43545412190455,19.961304215064192,0.9162157457678829,Au,COMPLETE
3173,0.0,2026-04-07 11:33:48.917992,2026-04-07 11:33:49.822005,0 days 00:00:00.904013,36.92182754359902,16.69366957121033,1.2191813667231004,Au,PRUNED
3174,-1.0,2026-04-07 11:33:48.929382,2026-04-07 11:33:49.359207,0 days 00:00:00.429825,20.069839051626037,16.749697996909152,0.8957145961178117,Au,COMPLETE
3175,-1.0,2026-04-07 11:33:48.968702,2026-04-07 11:33:49.495649,0 days 00:00:00.526947,21.257203370387437,19.703926782920117,1.4604247462150113,Au,COMPLETE
3176,-1.0,2026-04-07 11:33:49.008490,2026-04-07 11:33:49.485311,0 days 00:00:00.476821,22.25616490535032,19.978989189530147,1.1941865772052178,Au,COMPLETE
3177,-1.0,2026-04-07 11:33:49.092421,2026-04-07 11:33:49.782553,0 days 00:00:00.690132,36.035118432869034,17.50303687221848,1.0203412572038817,Au,COMPLETE
3178,0.0,2026-04-07 11:33:49.107972,2026-04-07 11:33:49.782553,0 days 00:00:00.674581,37.0513262798012,19.92981203974147,0.7252639075641648,Au,PRUNED
3179,0.0,2026-04-07 11:33:49.209269,2026-04-07 11:33:49.779573,0 days 00:00:00.570304,20.56602310032464,17.075846234468735,1.152093972077697,Au,PRUNED
3180,-1.0,2026-04-07 11:33:49.458445,2026-04-07 11:33:49.933796,0 days 00:00:00.475351,20.363105629613703,17.58719618045428,1.1926697715556633,Au,COMPLETE
3181,0.0,2026-04-07 11:33:49.486311,2026-04-07 11:33:50.276866,0 days 00:00:00.790555,20.97966880830593,16.557629781807513,1.146251655660636,Au,PRUNED
3182,-1.0,2026-04-07 11:33:49.704901,2026-04-07 11:33:50.314334,0 days 00:00:00.609433,22.166010681002014,19.915490680806755,1.027847743607919,Au,COMPLETE
3183,0.0,2026-04-07 11:33:49.718093,2026-04-07 11:33:50.237390,0 days 00:00:00.519297,20.741078444298264,17.986987724248213,1.2209631430065957,Au,PRUNED
3184,82.41421568627209,2026-04-07 11:33:49.878368,2026-04-07 11:33:50.717453,0 days 00:00:00.839085,23.78072262060964,19.986969433669504,1.7011440126646238,Au,PRUNED
3185,-1.0,2026-04-07 11:33:49.916775,2026-04-07 11:33:50.430516,0 days 00:00:00.513741,114.66763277095525,18.732111305725063,1.953166431673556,Cu,COMPLETE
3186,0.0,2026-04-07 11:33:49.958179,2026-04-07 11:33:50.579682,0 days 00:00:00.621503,33.084126155173095,19.89542408204673,1.0458748936213607,Au,PRUNED
3187,0.0,2026-04-07 11:33:49.990494,2026-04-07 11:33:50.801830,0 days 00:00:00.811336,20.290430662556528,16.86064407074328,1.108226630337558,Au,PRUNED
3188,-341.2093495934543,2026-04-07 11:33:50.121262,2026-04-07 11:33:50.773930,0 days 00:00:00.652668,20.028089408268812,18.84638364968786,1.3910199989458598,Au,COMPLETE
3189,-1.0,2026-04-07 11:33:50.323170,2026-04-07 11:33:50.996849,0 days 00:00:00.673679,27.218881965554502,19.916589981858934,0.8545986181279271,Au,COMPLETE
3190,-8.333333333332,2026-04-07 11:33:50.340048,2026-04-07 11:33:50.997847,0 days 00:00:00.657799,20.984714648380262,19.97644473069901,1.1366501175679395,Au,PRUNED
3191,-1.0,2026-04-07 11:33:50.401867,2026-04-07 11:33:51.072552,0 days 00:00:00.670685,35.537673569733016,17.455197315647474,1.2629970367200842,Au,COMPLETE
3192,-1.0,2026-04-07 11:33:50.649036,2026-04-07 11:33:51.209992,0 days 00:00:00.560956,20.52735994693566,19.572896307685074,0.6510191218891548,Au,COMPLETE
3193,-1.0,2026-04-07 11:33:50.712101,2026-04-07 11:33:51.648511,0 days 00:00:00.936410,32.20069855442617,16.46112765768107,1.1915803400503113,Au,COMPLETE
3194,-1.0,2026-04-07 11:33:50.869545,2026-04-07 11:33:51.516262,0 days 00:00:00.646717,39.00335922376328,19.861472513081395,1.0652050719723272,Au,COMPLETE
3195,-1.0,2026-04-07 11:33:50.882460,2026-04-07 11:33:51.430682,0 days 00:00:00.548222,20.96526245888698,19.671811469305116,1.3091198063163634,Au,COMPLETE
3196,-420.98765432092506,2026-04-07 11:33:51.096244,2026-04-07 11:33:51.773603,0 days 00:00:00.677359,20.384899679054772,19.635367302167992,1.456145035188159,Au,COMPLETE
3197,-354.9578059071283,2026-04-07 11:33:51.126279,2026-04-07 11:33:51.651566,0 days 00:00:00.525287,20.094226250603803,19.481863076708812,0.8957811420879351,Au,COMPLETE
3198,-1.0,2026-04-07 11:33:51.164553,2026-04-07 11:33:51.649555,0 days 00:00:00.485002,22.991004041755378,19.758798391277928,1.3617069099211818,Au,COMPLETE
3199,-1.0,2026-04-07 11:33:51.267202,2026-04-07 11:33:51.760008,0 days 00:00:00.492806,35.66690043656342,17.58691483612904,0.7073109475430963,Au,COMPLETE
3200,-2.21088435374146,2026-04-07 11:33:51.380849,2026-04-07 11:33:51.963799,0 days 00:00:00.582950,112.8504028542022,1.754208855546553,1.1609962819943773,Au,PRUNED
3201,0.0,2026-04-07 11:33:51.646916,2026-04-07 11:33:52.297015,0 days 00:00:00.650099,30.78351200280907,19.878739280920694,0.6935269239812606,Au,PRUNED
3202,0.0,2026-04-07 11:33:51.719783,2026-04-07 11:33:52.341681,0 days 00:00:00.621898,38.60665364062476,19.90076419812048,1.7616446183653707,Au,PRUNED
3203,-1.0,2026-04-07 11:33:51.852199,2026-04-07 11:33:52.611308,0 days 00:00:00.759109,28.707283398777925,19.84544126753091,1.6434776692177504,Au,COMPLETE
3204,0.0,2026-04-07 11:33:51.807249,2026-04-07 11:33:52.513990,0 days 00:00:00.706741,38.97620401031834,19.976205269640953,1.5292688795973888,Au,PRUNED
3205,-1.0,2026-04-07 11:33:51.930694,2026-04-07 11:33:52.689236,0 days 00:00:00.758542,46.83626069252027,19.30305756029452,1.5706683851974685,Au,COMPLETE
3206,-1.0,2026-04-07 11:33:51.962799,2026-04-07 11:33:52.534569,0 days 00:00:00.571770,28.05867401976249,17.358795194343433,1.355049601842239,Au,COMPLETE
3207,0.0,2026-04-07 11:33:51.979596,2026-04-07 11:33:52.574619,0 days 00:00:00.595023,24.47629734629195,19.88634186359886,1.7977310060565468,Au,PRUNED
3208,-0.5144032921810615,2026-04-07 11:33:52.067074,2026-04-07 11:33:52.919818,0 days 00:00:00.852744,81.98461349917409,11.878049330331017,0.509572389401215,Au,PRUNED
3209,0.0,2026-04-07 11:33:52.342685,2026-04-07 11:33:53.035156,0 days 00:00:00.692471,34.91832383195359,19.962796881988513,1.1610408665119734,Au,PRUNED
3210,-414.537712895316,2026-04-07 11:33:52.392171,2026-04-07 11:33:53.160896,0 days 00:00:00.768725,20.601282347623922,19.247170465151843,1.6568884793231697,Au,COMPLETE
3211,-1.0,2026-04-07 11:33:52.579642,2026-04-07 11:33:53.176326,0 days 00:00:00.596684,21.805926415157174,16.654449987893955,0.8850346294060198,Au,COMPLETE
3212,0.0,2026-04-07 11:33:52.615102,2026-04-07 11:33:53.361298,0 days 00:00:00.746196,20.519901704534195,18.212661523218696,0.7309079087579977,Au,PRUNED
3213,-1.0,2026-04-07 11:33:52.772957,2026-04-07 11:33:53.392327,0 days 00:00:00.619370,34.80005977210628,19.869058261762458,1.4318201117715466,Ag,COMPLETE
3214,0.0,2026-04-07 11:33:52.841175,2026-04-07 11:33:53.474115,0 days 00:00:00.632940,32.88399206170811,19.58833300937137,1.4441391909357,Au,PRUNED
3215,0.0,2026-04-07 11:33:52.986774,2026-04-07 11:33:53.781188,0 days 00:00:00.794414,25.12624374014422,19.966942117359256,1.7161710445171803,Au,PRUNED
3216,-1.0,2026-04-07 11:33:53.042904,2026-04-07 11:33:53.796277,0 days 00:00:00.753373,31.482477728763207,19.55362252301951,1.5458665901147353,Au,COMPLETE
3217,-1.0,2026-04-07 11:33:53.120377,2026-04-07 11:33:53.828471,0 days 00:00:00.708094,54.21565203626885,14.919962547653768,1.1065796851175063,Ag,COMPLETE
3218,82.41421568627209,2026-04-07 11:33:53.324557,2026-04-07 11:33:54.049791,0 days 00:00:00.725234,24.5003023748918,19.27765433144231,1.6283917896564188,Au,PRUNED
3219,-1.0,2026-04-07 11:33:53.379408,2026-04-07 11:33:53.747787,0 days 00:00:00.368379,33.43537875799908,17.077083373234366,1.4499317927338835,Au,COMPLETE
3220,0.0,2026-04-07 11:33:53.418494,2026-04-07 11:33:54.049791,0 days 00:00:00.631297,20.050740210813217,18.268218295848342,1.4293639556096993,Au,PRUNED
3221,-1.0,2026-04-07 11:33:53.568863,2026-04-07 11:33:54.139586,0 days 00:00:00.570723,23.944992695439616,19.428195499666327,1.5934242878305378,Au,COMPLETE
3222,0.0,2026-04-07 11:33:53.629293,2026-04-07 11:33:54.579914,0 days 00:00:00.950621,35.759280400564975,19.433550317431326,1.6579002648147814,Au,PRUNED
3223,0.0,2026-04-07 11:33:53.924817,2026-04-07 11:33:54.578908,0 days 00:00:00.654091,38.61344828187035,18.061168917738776,1.495907964273321,Au,PRUNED
3224,0.0,2026-04-07 11:33:53.990078,2026-04-07 11:33:54.642531,0 days 00:00:00.652453,30.087590017122693,19.395543277511845,1.5287453988415112,Au,PRUNED
3225,-1.0,2026-04-07 11:33:54.054309,2026-04-07 11:33:54.776157,0 days 00:00:00.721848,21.7721455021223,17.836263346979685,1.4635238410539544,Au,COMPLETE
3226,-396.27039627034065,2026-04-07 11:33:54.082037,2026-04-07 11:33:54.928048,0 days 00:00:00.846011,20.29229342643277,19.16410938516782,1.705191835008118,Au,COMPLETE
3227,0.0,2026-04-07 11:33:54.101693,2026-04-07 11:33:54.812318,0 days 00:00:00.710625,26.0862639266067,19.452452566496422,1.7286713872603987,Au,PRUNED
3228,0.0,2026-04-07 11:33:54.214566,2026-04-07 11:33:55.036412,0 days 00:00:00.821846,32.30349532517551,19.986228914471248,0.649456350631321,Au,PRUNED
3229,0.0,2026-04-07 11:33:54.255819,2026-04-07 11:33:55.107311,0 days 00:00:00.851492,32.063455911046546,19.77757296075285,1.7475874238054838,Au,PRUNED
3230,-6.410256410255424,2026-04-07 11:33:54.659032,2026-04-07 11:33:55.356761,0 days 00:00:00.697729,22.106448023911515,19.77950882037419,0.7228754738210308,Au,PRUNED
3231,-1.0,2026-04-07 11:33:54.746017,2026-04-07 11:33:55.298300,0 days 00:00:00.552283,20.160894744455966,17.084848607909912,0.7973538589762346,Au,COMPLETE
3232,-430.5555555554903,2026-04-07 11:33:54.813443,2026-04-07 11:33:55.489946,0 days 00:00:00.676503,20.577268491580977,19.98494185189993,0.9414517448693649,Au,COMPLETE
3233,0.0,2026-04-07 11:33:54.930050,2026-04-07 11:33:55.482427,0 days 00:00:00.552377,24.063646541267726,19.92386670627587,1.9952449385386521,Au,PRUNED
3234,-1.0,2026-04-07 11:33:54.995887,2026-04-07 11:33:55.841764,0 days 00:00:00.845877,20.996483903256035,19.785932223876355,1.8256405132739406,Au,COMPLETE
3235,-1.0,2026-04-07 11:33:55.095824,2026-04-07 11:33:55.754430,0 days 00:00:00.658606,32.83335206128399,19.618914895531304,1.5428045669659034,Au,COMPLETE
3236,80.26960784313488,2026-04-07 11:33:55.139095,2026-04-07 11:33:55.841207,0 days 00:00:00.702112,31.6171051085852,16.308610060510308,0.7307284372240306,Au,PRUNED
3237,2.6881720430104057,2026-04-07 11:33:55.217217,2026-04-07 11:33:55.816868,0 days 00:00:00.599651,22.645162722579748,18.984572738691394,1.8455694430648328,Au,PRUNED
3238,0.0,2026-04-07 11:33:55.443186,2026-04-07 11:33:55.999840,0 days 00:00:00.556654,36.05006332515724,19.930144014236053,0.9278721387129949,Au,PRUNED
3239,-1.0,2026-04-07 11:33:55.462809,2026-04-07 11:33:55.967823,0 days 00:00:00.505014,20.389619490164836,19.752870183159423,1.6245455759039822,Au,COMPLETE
3240,0.0,2026-04-07 11:33:55.554717,2026-04-07 11:33:56.420051,0 days 00:00:00.865334,26.700755384555496,19.933121284076115,1.859559662141751,Au,PRUNED
3241,-407.6738609112121,2026-04-07 11:33:55.680028,2026-04-07 11:33:56.479832,0 days 00:00:00.799804,20.049092595532283,19.905211295911712,1.1952357566034277,Au,COMPLETE
3242,0.0,2026-04-07 11:33:55.907031,2026-04-07 11:33:56.478551,0 days 00:00:00.571520,42.44234072077262,19.990369206937714,0.7120879879718027,Au,PRUNED
3243,-1.0,2026-04-07 11:33:55.915649,2026-04-07 11:33:56.355769,0 days 00:00:00.440120,20.146983733931965,19.627855729667946,0.7432935448208317,Au,COMPLETE
3244,-1.0,2026-04-07 11:33:56.010191,2026-04-07 11:33:56.422138,0 days 00:00:00.411947,33.430630283882465,19.986192368954896,0.7120046115504959,Au,COMPLETE
3245,0.0,2026-04-07 11:33:56.090535,2026-04-07 11:33:56.698295,0 days 00:00:00.607760,35.85138779017963,18.44346937126271,1.4869821206566287,Au,PRUNED
3246,-5.952380952380102,2026-04-07 11:33:56.105521,2026-04-07 11:33:56.660955,0 days 00:00:00.555434,33.80022970608769,19.81912905905259,0.8630880203651597,Ag,PRUNED
3247,-1.0,2026-04-07 11:33:56.143445,2026-04-07 11:33:56.561808,0 days 00:00:00.418363,35.87489159120322,17.58065483700794,1.455858355626146,Au,COMPLETE
3248,-1.0,2026-04-07 11:33:56.494499,2026-04-07 11:33:57.369869,0 days 00:00:00.875370,22.026006034018696,19.659309608641895,0.7507904776954939,Au,COMPLETE
3249,0.0,2026-04-07 11:33:56.587205,2026-04-07 11:33:57.633545,0 days 00:00:01.046340,37.07904588757707,19.958811766875446,1.1106235539329816,Au,PRUNED
3250,-386.7009132419558,2026-04-07 11:33:56.608050,2026-04-07 11:33:57.443355,0 days 00:00:00.835305,20.24972083726583,19.73336777612507,0.9401372800616409,Au,COMPLETE
3251,-1.0,2026-04-07 11:33:56.684457,2026-04-07 11:33:57.309843,0 days 00:00:00.625386,20.3158977289524,17.773811664582905,0.9299137689919614,Au,COMPLETE
3252,-1.0,2026-04-07 11:33:56.748075,2026-04-07 11:33:57.308483,0 days 00:00:00.560408,29.874682772811205,17.178342440816845,0.8015514865256881,Au,COMPLETE
3253,-1.0,2026-04-07 11:33:56.777602,2026-04-07 11:33:57.207535,0 days 00:00:00.429933,22.432200357969556,19.699742835834478,0.9755781426690492,Au,COMPLETE
3254,0.0,2026-04-07 11:33:56.793052,2026-04-07 11:33:57.489527,0 days 00:00:00.696475,20.015722273802012,16.353114553190718,1.2860655226693245,Au,PRUNED
3255,-1.0,2026-04-07 11:33:56.884088,2026-04-07 11:33:57.399873,0 days 00:00:00.515785,31.73012940729603,19.956575170890535,1.5040344513970414,Au,COMPLETE
3256,-1.0,2026-04-07 11:33:57.313039,2026-04-07 11:33:58.159373,0 days 00:00:00.846334,29.275222543161373,19.825620878524386,0.6893782044379775,Au,COMPLETE
3257,0.0,2026-04-07 11:33:57.513350,2026-04-07 11:33:58.100818,0 days 00:00:00.587468,20.12146314039076,18.462638813800666,1.4294537198770345,Au,PRUNED
3258,-2.976190476190051,2026-04-07 11:33:57.544795,2026-04-07 11:33:58.206466,0 days 00:00:00.661671,22.613252360363802,19.74294059241511,0.7288426734310216,Au,PRUNED
3259,0.0,2026-04-07 11:33:57.574928,2026-04-07 11:33:58.133223,0 days 00:00:00.558295,31.39848212471132,17.421121381888216,0.8988777888000576,Au,PRUNED
3260,-1.0,2026-04-07 11:33:57.611700,2026-04-07 11:33:58.342665,0 days 00:00:00.730965,20.74999875372348,19.437778945271912,0.9657403104910297,Au,COMPLETE
3261,17.415364583333062,2026-04-07 11:33:57.635958,2026-04-07 11:33:58.527853,0 days 00:00:00.891895,94.01998331055859,6.628854599054456,1.4259537669326614,Au,PRUNED
3262,0.0,2026-04-07 11:33:57.740340,2026-04-07 11:33:58.389251,0 days 00:00:00.648911,36.18104844831957,19.863273836555514,1.2554856166491883,Au,PRUNED
3263,0.0,2026-04-07 11:33:57.776964,2026-04-07 11:33:58.334285,0 days 00:00:00.557321,20.29857107560294,17.72654328922346,1.4070476489007853,Au,PRUNED
3264,0.0,2026-04-07 11:33:58.171582,2026-04-07 11:33:59.288430,0 days 00:00:01.116848,20.545261244496995,16.885355342578503,0.7838818963566478,Au,PRUNED
3265,-1.0,2026-04-07 11:33:58.303051,2026-04-07 11:33:59.068806,0 days 00:00:00.765755,28.577827430475217,19.94431575479354,1.049607292842125,Au,COMPLETE
3266,-417.58578431366413,2026-04-07 11:33:58.409794,2026-04-07 11:33:59.208622,0 days 00:00:00.798828,20.727510381874698,19.635722452177504,1.0783971219236665,Au,COMPLETE
3267,0.0,2026-04-07 11:33:58.427839,2026-04-07 11:33:59.335130,0 days 00:00:00.907291,21.63180281636829,16.105286058876526,0.6957421044112079,Au,PRUNED
3268,-1.0,2026-04-07 11:33:58.443074,2026-04-07 11:33:59.029843,0 days 00:00:00.586769,52.19327778677034,15.463666147332908,0.9414244489992122,Au,COMPLETE
3269,-1.0,2026-04-07 11:33:58.477345,2026-04-07 11:33:59.082719,0 days 00:00:00.605374,37.47833820473458,19.800735528345978,0.881970699459654,Au,COMPLETE
3270,-1.0,2026-04-07 11:33:58.769711,2026-04-07 11:33:59.196615,0 days 00:00:00.426904,27.136003674791045,19.986423766710406,0.8268907828276957,Au,COMPLETE
3271,-1.0,2026-04-07 11:33:58.805267,2026-04-07 11:33:59.255704,0 days 00:00:00.450437,36.49264865718958,19.95384901776407,1.352823553182368,Au,COMPLETE
3272,79.32098765431864,2026-04-07 11:33:59.121685,2026-04-07 11:33:59.847758,0 days 00:00:00.726073,32.97666076643658,16.72401766727883,0.8171603011245926,Au,PRUNED
3273,-1.0,2026-04-07 11:33:59.243391,2026-04-07 11:33:59.738014,0 days 00:00:00.494623,31.245515794749853,16.9477772688866,1.1291330735517597,Au,COMPLETE
3274,-23.809523809520407,2026-04-07 11:33:59.378354,2026-04-07 11:33:59.935672,0 days 00:00:00.557318,36.18806271212558,17.7632310497345,1.2893940375128947,Ag,PRUNED
3275,-1.5243902439024142,2026-04-07 11:33:59.397924,2026-04-07 11:33:59.906201,0 days 00:00:00.508277,113.84048499980616,1.7581919573746756,1.8803248481359272,Ag,PRUNED
3276,-1.0,2026-04-07 11:33:59.411795,2026-04-07 11:33:59.985087,0 days 00:00:00.573292,20.677384340831434,19.806249708482024,0.7171724090768149,Au,COMPLETE
3277,-1.0,2026-04-07 11:33:59.428610,2026-04-07 11:34:00.017476,0 days 00:00:00.588866,32.62735624348425,19.96006415871031,0.9754263933020018,Au,COMPLETE
3278,-14.880952380950255,2026-04-07 11:33:59.459076,2026-04-07 11:34:00.151616,0 days 00:00:00.692540,33.504862838236654,18.90504240689404,1.2191251154354437,Ag,PRUNED
3279,83.33333333333088,2026-04-07 11:33:59.440357,2026-04-07 11:34:00.150610,0 days 00:00:00.710253,22.482451920018736,19.88774286094701,1.5587922255026174,Au,PRUNED
3280,-1.0,2026-04-07 11:33:59.865085,2026-04-07 11:34:00.438350,0 days 00:00:00.573265,20.577896913083233,19.80660596093005,1.4719790030543842,Au,COMPLETE
3281,-1.0,2026-04-07 11:33:59.940961,2026-04-07 11:34:00.565980,0 days 00:00:00.625019,34.6400640760726,16.8187536071843,1.103067299563759,Au,COMPLETE
3282,-1.0,2026-04-07 11:34:00.061357,2026-04-07 11:34:00.490871,0 days 00:00:00.429514,22.509053389037504,2.1859211951082607,0.9414275616454231,Cu,COMPLETE
3283,-1.0,2026-04-07 11:34:00.117305,2026-04-07 11:34:00.592795,0 days 00:00:00.475490,81.49903339106133,17.098457712846113,1.1420432260054891,Cu,COMPLETE
3284,0.0,2026-04-07 11:34:00.212095,2026-04-07 11:34:00.664939,0 days 00:00:00.452844,20.07167933151368,18.616805986481573,0.7890576963626941,Au,PRUNED
3285,0.0,2026-04-07 11:34:00.226982,2026-04-07 11:34:01.002895,0 days 00:00:00.775913,51.97833465009755,17.33626802892333,1.285296013774191,Au,PRUNED
3286,-1.0,2026-04-07 11:34:00.282838,2026-04-07 11:34:00.794288,0 days 00:00:00.511450,21.8875454139361,19.939891122937627,1.2776351264907948,Au,COMPLETE
3287,-1.0,2026-04-07 11:34:00.297800,2026-04-07 11:34:01.023493,0 days 00:00:00.725693,32.0393982234165,17.282472987016888,1.0499910532302934,Au,COMPLETE
3288,-1.0,2026-04-07 11:34:00.554985,2026-04-07 11:34:01.074109,0 days 00:00:00.519124,33.88384208665636,17.158297153859305,0.7016899656057445,Au,COMPLETE
3289,-1.0,2026-04-07 11:34:00.617227,2026-04-07 11:34:01.341421,0 days 00:00:00.724194,114.18205804255892,8.544359066973076,1.2769949391322815,Ag,COMPLETE
3290,-380.9121621621107,2026-04-07 11:34:00.708182,2026-04-07 11:34:01.309019,0 days 00:00:00.600837,20.579443833940008,19.68539058798519,0.6365757099672591,Au,COMPLETE
3291,-1.0,2026-04-07 11:34:00.736588,2026-04-07 11:34:01.137909,0 days 00:00:00.401321,20.29715590629515,17.73767206228367,0.5955318223868405,Au,COMPLETE
3292,0.0,2026-04-07 11:34:00.754024,2026-04-07 11:34:01.190021,0 days 00:00:00.435997,34.68837484304956,17.10277328810144,0.70464378847313,Au,PRUNED
3293,-1.0,2026-04-07 11:34:00.931322,2026-04-07 11:34:01.472645,0 days 00:00:00.541323,20.14836453465796,19.9833305901389,1.2210289254292532,Au,COMPLETE
3294,0.0,2026-04-07 11:34:01.101483,2026-04-07 11:34:01.799412,0 days 00:00:00.697929,37.14938611176221,19.612265279912336,1.100389689939167,Au,PRUNED
3295,-1.0,2026-04-07 11:34:01.209368,2026-04-07 11:34:01.883860,0 days 00:00:00.674492,21.276478330862126,19.917524585641335,1.303233927975795,Au,COMPLETE
3296,-1.0,2026-04-07 11:34:01.239726,2026-04-07 11:34:01.636903,0 days 00:00:00.397177,33.77830199710943,19.806876070781236,1.1137869059505865,Au,COMPLETE
3297,-1.0,2026-04-07 11:34:01.255001,2026-04-07 11:34:02.010803,0 days 00:00:00.755802,32.860882052781236,19.786690119116173,0.937216046929384,Au,COMPLETE
3298,-1.0,2026-04-07 11:34:01.332723,2026-04-07 11:34:01.918223,0 days 00:00:00.585500,36.36736821324976,16.97402605508678,1.0247786851976468,Au,COMPLETE
3299,0.0,2026-04-07 11:34:01.416122,2026-04-07 11:34:02.137867,0 days 00:00:00.721745,33.02404387358746,19.628510483340115,0.8815663781596655,Au,PRUNED
3300,0.0,2026-04-07 11:34:01.532631,2026-04-07 11:34:02.163396,0 days 00:00:00.630765,35.86631284385385,19.985050568856742,0.8927126920293181,Au,PRUNED
3301,-414.23357664227547,2026-04-07 11:34:01.639256,2026-04-07 11:34:02.313491,0 days 00:00:00.674235,20.243989248553795,19.779798130148144,1.280295483019739,Au,COMPLETE
3302,0.0,2026-04-07 11:34:01.786714,2026-04-07 11:34:02.350662,0 days 00:00:00.563948,20.248570531570287,17.025343872748792,1.1984726560545216,Au,PRUNED
3303,-0.6265664160400909,2026-04-07 11:34:01.899121,2026-04-07 11:34:02.535543,0 days 00:00:00.636422,75.30404250696142,6.380436518892724,1.983111683046967,Au,PRUNED
3304,-1.0,2026-04-07 11:34:01.979452,2026-04-07 11:34:02.529178,0 days 00:00:00.549726,20.15462534577123,19.17696815234651,0.8322968552824803,Au,COMPLETE
3305,-1.0,2026-04-07 11:34:02.156423,2026-04-07 11:34:02.611368,0 days 00:00:00.454945,20.655336308686667,17.304030029156035,0.8033753407270144,Au,COMPLETE
3306,-1.0,2026-04-07 11:34:02.246420,2026-04-07 11:34:02.611368,0 days 00:00:00.364948,30.903386735535015,19.998966358846527,0.8361590993841339,Au,COMPLETE
3307,-1.0,2026-04-07 11:34:02.260885,2026-04-07 11:34:02.707885,0 days 00:00:00.447000,21.073306824280348,16.932328869906797,1.2718998235440777,Au,COMPLETE
3308,0.0,2026-04-07 11:34:02.377982,2026-04-07 11:34:03.107289,0 days 00:00:00.729307,38.06115408982122,19.660668419270653,1.3463386625861773,Au,PRUNED
3309,-1.0,2026-04-07 11:34:02.396123,2026-04-07 11:34:03.036766,0 days 00:00:00.640643,34.041606655205754,16.807410567004652,1.3535844211601893,Au,COMPLETE
3310,0.0,2026-04-07 11:34:02.518601,2026-04-07 11:34:03.105782,0 days 00:00:00.587181,34.568849253297856,17.019584931062628,1.2789193483165877,Au,PRUNED
3311,-1.0,2026-04-07 11:34:02.711057,2026-04-07 11:34:03.168898,0 days 00:00:00.457841,34.86614321993098,16.94538173905987,1.2563550846094398,Au,COMPLETE
3312,-8.01282051281928,2026-04-07 11:34:02.762743,2026-04-07 11:34:03.396353,0 days 00:00:00.633610,21.1057655195691,19.821032237841383,1.3565445059327714,Au,PRUNED
3313,0.0,2026-04-07 11:34:02.783335,2026-04-07 11:34:03.283116,0 days 00:00:00.499781,31.62838684978392,17.39401520528304,1.4540539558648953,Au,PRUNED
3314,-1.0,2026-04-07 11:34:02.887707,2026-04-07 11:34:03.443686,0 days 00:00:00.555979,20.08678441011057,13.925679130321306,0.918915138999858,Au,COMPLETE
3315,0.0,2026-04-07 11:34:02.974662,2026-04-07 11:34:03.860456,0 days 00:00:00.885794,36.94306489344311,17.66184124045933,1.1747192618190017,Au,PRUNED
3316,-1.0,2026-04-07 11:34:03.200314,2026-04-07 11:34:03.686496,0 days 00:00:00.486182,44.085984199419784,8.185830726012128,1.1064959695262062,Cu,COMPLETE
3317,-407.6738609112121,2026-04-07 11:34:03.172405,2026-04-07 11:34:03.814652,0 days 00:00:00.642247,20.165885023403487,19.983537212592957,0.9932855443601405,Au,COMPLETE
3318,-1.0,2026-04-07 11:34:03.240486,2026-04-07 11:34:03.987773,0 days 00:00:00.747287,20.290711244139377,18.516269984316487,0.9562449010426602,Au,COMPLETE
3319,-1.0,2026-04-07 11:34:03.356613,2026-04-07 11:34:03.892658,0 days 00:00:00.536045,20.29259341546898,19.05675425803873,1.0579112048982358,Au,COMPLETE
3320,-1.0,2026-04-07 11:34:03.398761,2026-04-07 11:34:04.026316,0 days 00:00:00.627555,90.9676872162108,14.817419474233468,1.345156654086197,Ag,COMPLETE
3321,0.0,2026-04-07 11:34:03.456309,2026-04-07 11:34:03.948204,0 days 00:00:00.491895,45.12713683917103,19.856325834013106,0.9764882338807372,Au,PRUNED
3322,-1.0,2026-04-07 11:34:03.637707,2026-04-07 11:34:04.191377,0 days 00:00:00.553670,102.49905009336692,11.828556400568887,1.9656311588890856,Ag,COMPLETE
3323,-1.0,2026-04-07 11:34:03.822715,2026-04-07 11:34:04.285527,0 days 00:00:00.462812,21.06497265872433,19.802427242485614,1.2900003370743356,Au,COMPLETE
3324,-1.0,2026-04-07 11:34:03.950789,2026-04-07 11:34:04.680871,0 days 00:00:00.730082,20.136177051003006,16.975834775221543,1.0431416219925471,Au,COMPLETE
3325,2.873563218390408,2026-04-07 11:34:04.029320,2026-04-07 11:34:04.677786,0 days 00:00:00.648466,22.508913406187975,19.931930595635123,1.0621087970950278,Au,PRUNED
3326,-1.0,2026-04-07 11:34:03.991794,2026-04-07 11:34:04.564568,0 days 00:00:00.572774,20.05011903079154,16.46700806484906,1.2568318619293521,Au,COMPLETE
3327,-1.0,2026-04-07 11:34:04.104612,2026-04-07 11:34:04.768376,0 days 00:00:00.663764,23.052955707708477,19.956236386713424,1.4120263928338743,Au,COMPLETE
3328,-1.0,2026-04-07 11:34:04.121964,2026-04-07 11:34:04.680871,0 days 00:00:00.558907,21.952571861876645,17.248145908167157,1.0436171739168663,Au,COMPLETE
3329,-1.0,2026-04-07 11:34:04.244149,2026-04-07 11:34:04.709363,0 days 00:00:00.465214,20.754805256471048,19.411651839032977,1.2023534865864531,Au,COMPLETE
3330,-1.0,2026-04-07 11:34:04.376789,2026-04-07 11:34:04.678851,0 days 00:00:00.302062,30.874283071979207,19.811992466623746,1.5451375296543544,Au,COMPLETE
3331,-404.7619047618469,2026-04-07 11:34:04.420080,2026-04-07 11:34:04.897520,0 days 00:00:00.477440,20.323990707021693,19.587637548309722,1.2766842365468967,Au,COMPLETE
3332,-1.0,2026-04-07 11:34:04.638687,2026-04-07 11:34:05.356333,0 days 00:00:00.717646,20.719274207018543,16.847141863482413,1.2482941799807987,Au,COMPLETE
3333,-351.56249999995606,2026-04-07 11:34:04.712362,2026-04-07 11:34:05.588802,0 days 00:00:00.876440,21.438303908636527,17.851972123614257,1.5450620878700685,Au,COMPLETE
3334,-9.615384615383135,2026-04-07 11:34:04.843277,2026-04-07 11:34:05.527359,0 days 00:00:00.684082,21.00617606907803,19.8302249302317,1.1676342695126012,Au,PRUNED
3335,4.166666666666111,2026-04-07 11:34:04.884385,2026-04-07 11:34:05.561347,0 days 00:00:00.676962,22.95253579591561,19.834377818731568,0.9993306086556117,Au,PRUNED
3336,-341.97154471540597,2026-04-07 11:34:04.900298,2026-04-07 11:34:05.586093,0 days 00:00:00.685795,20.836714046130645,18.023135556228542,1.6407012780693022,Au,COMPLETE
3337,-1.0,2026-04-07 11:34:04.944052,2026-04-07 11:34:05.487350,0 days 00:00:00.543298,35.74561344761985,17.612666672313654,1.3245226166598483,Au,COMPLETE
3338,-1.0,2026-04-07 11:34:04.957990,2026-04-07 11:34:05.485847,0 days 00:00:00.527857,20.102391309952278,17.88269364858798,1.0119387188987583,Au,COMPLETE
3339,-3.0864197530859623,2026-04-07 11:34:05.102825,2026-04-07 11:34:05.904330,0 days 00:00:00.801505,21.944672157320035,19.977192853360332,0.9555224488329573,Au,PRUNED
3340,-1.7076502732240157,2026-04-07 11:34:05.592507,2026-04-07 11:34:06.339676,0 days 00:00:00.747169,109.68726617776942,0.8064007604853973,1.0197884708779998,Cu,PRUNED
3341,-381.75675675670516,2026-04-07 11:34:05.660685,2026-04-07 11:34:06.286512,0 days 00:00:00.625827,20.139031341890238,19.20584655146757,1.5504595105881103,Au,COMPLETE
3342,-1.0,2026-04-07 11:34:05.670859,2026-04-07 11:34:06.121093,0 days 00:00:00.450234,38.529831506099356,19.81047033178642,1.294753580378718,Au,COMPLETE
3343,-1.0,2026-04-07 11:34:05.692588,2026-04-07 11:34:06.217879,0 days 00:00:00.525291,20.354604649412142,19.232314444607113,1.2968944621264666,Ag,COMPLETE
3344,-1.0,2026-04-07 11:34:05.732173,2026-04-07 11:34:06.222727,0 days 00:00:00.490554,23.09615293858339,19.969669070173694,1.1491151033044438,Ag,COMPLETE
3345,-11.752136752135547,2026-04-07 11:34:05.719915,2026-04-07 11:34:06.350073,0 days 00:00:00.630158,49.383437006716726,3.6845016036088687,0.8637051660391712,Cu,PRUNED
3346,-1.0,2026-04-07 11:34:05.790816,2026-04-07 11:34:06.285513,0 days 00:00:00.494697,49.04235984845248,16.227513534184453,0.8604369225279604,Au,COMPLETE
3347,0.0,2026-04-07 11:34:06.001678,2026-04-07 11:34:06.710611,0 days 00:00:00.708933,41.19717425909987,19.78224998127066,1.222191613532404,Au,PRUNED
3348,0.0,2026-04-07 11:34:06.311070,2026-04-07 11:34:06.901667,0 days 00:00:00.590597,35.85977886681967,17.905758558399096,1.0652723735417533,Au,PRUNED
3349,79.93827160493589,2026-04-07 11:34:06.405553,2026-04-07 11:34:07.085751,0 days 00:00:00.680198,31.519557209312296,16.523676736908953,1.2243311796892586,Au,PRUNED
3350,0.0,2026-04-07 11:34:06.462421,2026-04-07 11:34:07.145947,0 days 00:00:00.683526,20.039506488941782,17.109005286746733,1.1006195858394818,Au,PRUNED
3351,-7.716049382714907,2026-04-07 11:34:06.484120,2026-04-07 11:34:07.150900,0 days 00:00:00.666780,21.328327585661338,19.677770315333934,1.3108840084730504,Au,PRUNED
3352,-1.0,2026-04-07 11:34:06.506861,2026-04-07 11:34:07.091423,0 days 00:00:00.584562,20.16877229782958,16.55299414027982,1.4142435533740751,Au,COMPLETE
3353,0.0,2026-04-07 11:34:06.551607,2026-04-07 11:34:07.120459,0 days 00:00:00.568852,35.02737128262848,17.45357999935839,0.8291262483318497,Au,PRUNED
3354,-1.0,2026-04-07 11:34:06.497892,2026-04-07 11:34:07.084751,0 days 00:00:00.586859,34.63341644612271,17.506376275860838,1.4449952806052782,Au,COMPLETE
3355,-1.0,2026-04-07 11:34:06.782987,2026-04-07 11:34:07.263786,0 days 00:00:00.480799,34.84174419765788,17.52276173480674,1.2973294875434624,Au,COMPLETE
3356,0.0,2026-04-07 11:34:07.002389,2026-04-07 11:34:07.853426,0 days 00:00:00.851037,37.7240929882324,19.633417490101962,1.2467615466737718,Au,PRUNED
3357,-1.0,2026-04-07 11:34:07.120981,2026-04-07 11:34:07.884781,0 days 00:00:00.763800,20.43680449355334,19.069103913724526,1.5591390321196616,Au,COMPLETE
3358,-1.0,2026-04-07 11:34:07.259651,2026-04-07 11:34:07.780104,0 days 00:00:00.520453,33.50248847315742,19.751973391683258,1.079103073186637,Au,COMPLETE
3359,-1.0,2026-04-07 11:34:07.276664,2026-04-07 11:34:07.781363,0 days 00:00:00.504699,20.196965068674558,19.93385766784509,0.6924647282591101,Au,COMPLETE
3360,-1.0,2026-04-07 11:34:07.335133,2026-04-07 11:34:07.823244,0 days 00:00:00.488111,21.788415618899787,19.90949675673038,1.0909198212115623,Au,COMPLETE
3361,-1.0,2026-04-07 11:34:07.389298,2026-04-07 11:34:07.775841,0 days 00:00:00.386543,32.27074263442822,17.982901993008397,0.9683755757961272,Au,COMPLETE
3362,-1.0,2026-04-07 11:34:07.490473,2026-04-07 11:34:07.945740,0 days 00:00:00.455267,45.03810974266355,19.99388019477527,1.0256320207633318,Au,COMPLETE
3363,0.0,2026-04-07 11:34:07.574482,2026-04-07 11:34:08.104354,0 days 00:00:00.529872,35.76222380645743,17.663541213092543,0.8782082380549796,Au,PRUNED
3364,0.0,2026-04-07 11:34:08.006473,2026-04-07 11:34:08.651513,0 days 00:00:00.645040,41.82190361342142,19.955279434333608,1.0716338825577454,Au,PRUNED
3365,-1.0,2026-04-07 11:34:08.028032,2026-04-07 11:34:08.549859,0 days 00:00:00.521827,22.32014596971382,19.806057845779975,1.0326947880930435,Au,COMPLETE
3366,0.16869095816463964,2026-04-07 11:34:08.042661,2026-04-07 11:34:08.585314,0 days 00:00:00.542653,119.60528787126927,4.326083071450938,1.9903941312792663,Cu,PRUNED
3367,0.0,2026-04-07 11:34:08.066276,2026-04-07 11:34:08.741875,0 days 00:00:00.675599,33.663108959684365,19.860479063542083,1.332211732616485,Au,PRUNED
3368,-1.0,2026-04-07 11:34:08.181132,2026-04-07 11:34:08.825907,0 days 00:00:00.644775,79.28763150767277,15.24471575625537,0.8998194575315668,Au,COMPLETE
3369,-1.0,2026-04-07 11:34:08.196804,2026-04-07 11:34:08.651513,0 days 00:00:00.454709,34.46571901225214,19.97829764632824,1.372694686246757,Au,COMPLETE
3370,-1.0,2026-04-07 11:34:08.237537,2026-04-07 11:34:08.692166,0 days 00:00:00.454629,20.946552988980304,19.36471357522173,1.6759480128287894,Au,COMPLETE
3371,-11.775362318839555,2026-04-07 11:34:08.294736,2026-04-07 11:34:08.880706,0 days 00:00:00.585970,69.16485793725523,4.681268544385889,1.4635411467858104,Cu,PRUNED
3372,-1.4880952380950254,2026-04-07 11:34:08.621900,2026-04-07 11:34:09.538381,0 days 00:00:00.916481,21.73193845230959,19.843717105927873,1.3572361231148318,Au,PRUNED
3373,-1.0,2026-04-07 11:34:08.713355,2026-04-07 11:34:09.353889,0 days 00:00:00.640534,34.46770736508017,17.632640854225624,0.8294453335244826,Au,COMPLETE
3374,-1.0,2026-04-07 11:34:08.760638,2026-04-07 11:34:09.227407,0 days 00:00:00.466769,31.713632175709268,17.651243436382284,1.3178171602693087,Au,COMPLETE
3375,0.0,2026-04-07 11:34:08.836110,2026-04-07 11:34:09.357024,0 days 00:00:00.520914,26.815810159208496,19.860239722367577,1.3924451495871855,Au,PRUNED
3376,-1.0,2026-04-07 11:34:08.882749,2026-04-07 11:34:09.450081,0 days 00:00:00.567332,20.725930829614025,19.87876643875329,0.7199815938666081,Au,COMPLETE
3377,-1.0,2026-04-07 11:34:08.966890,2026-04-07 11:34:09.376522,0 days 00:00:00.409632,39.541308510186724,19.814579147786315,1.7085563952295517,Au,COMPLETE
3378,-1.0,2026-04-07 11:34:09.018992,2026-04-07 11:34:09.513994,0 days 00:00:00.495002,23.068254990018254,19.987558574737708,1.7663203219539472,Ag,COMPLETE
3379,-8.01282051281928,2026-04-07 11:34:09.053920,2026-04-07 11:34:09.599897,0 days 00:00:00.545977,21.41103630328323,19.694053114219862,1.1019677112474247,Au,PRUNED
3380,-1.0,2026-04-07 11:34:09.433101,2026-04-07 11:34:09.995321,0 days 00:00:00.562220,33.550974013267655,18.023552461800403,1.0669436472710414,Au,COMPLETE
3381,-1.0,2026-04-07 11:34:09.358033,2026-04-07 11:34:09.995321,0 days 00:00:00.637288,20.056581529397846,17.188815677128645,0.7305378351668441,Au,COMPLETE
3382,-1.0,2026-04-07 11:34:09.478318,2026-04-07 11:34:10.100716,0 days 00:00:00.622398,20.58499032902084,19.640389605022122,1.0458933885596406,Au,COMPLETE
3383,-1.0,2026-04-07 11:34:09.510977,2026-04-07 11:34:09.994216,0 days 00:00:00.483239,47.31690720477517,19.531685937490018,1.7747119464510783,Au,COMPLETE
3384,-1.0,2026-04-07 11:34:09.633080,2026-04-07 11:34:10.116676,0 days 00:00:00.483596,20.17284382375245,19.82916627282308,1.2740492589536088,Au,COMPLETE
3385,-6.172839506171925,2026-04-07 11:34:09.666866,2026-04-07 11:34:10.304125,0 days 00:00:00.637259,22.026417032739438,19.74023421162684,0.9167394267173896,Au,PRUNED
3386,-1.0,2026-04-07 11:34:09.737151,2026-04-07 11:34:10.176183,0 days 00:00:00.439032,35.35484525892265,16.747719102348505,0.9343641814522261,Au,COMPLETE
3387,-1.0,2026-04-07 11:34:09.768716,2026-04-07 11:34:10.385214,0 days 00:00:00.616498,21.077535937386028,16.467570305174036,0.9687328751411274,Au,COMPLETE
3388,0.0,2026-04-07 11:34:10.178743,2026-04-07 11:34:10.896717,0 days 00:00:00.717974,21.215775057579286,17.152521854329954,1.17672477682623,Au,PRUNED
3389,-1.0,2026-04-07 11:34:10.134424,2026-04-07 11:34:10.851666,0 days 00:00:00.717242,32.122918351884984,17.116714490119712,1.1622133806910835,Au,COMPLETE
3390,-0.8928571428571173,2026-04-07 11:34:10.249312,2026-04-07 11:34:11.036089,0 days 00:00:00.786777,21.446580301820585,15.098803309892231,0.696605084540393,Ag,PRUNED
3391,0.0,2026-04-07 11:34:10.290795,2026-04-07 11:34:11.035538,0 days 00:00:00.744743,20.284414918332917,16.651112134850067,0.8292317017640377,Au,PRUNED
3392,0.0,2026-04-07 11:34:10.371395,2026-04-07 11:34:11.210368,0 days 00:00:00.838973,20.72037600935514,16.18623354064916,1.0126186787357958,Au,PRUNED
3393,0.0,2026-04-07 11:34:10.384087,2026-04-07 11:34:11.115244,0 days 00:00:00.731157,26.14147225004858,19.971094244254587,0.908418779334842,Au,PRUNED
3394,-1.0,2026-04-07 11:34:10.527063,2026-04-07 11:34:11.098404,0 days 00:00:00.571341,35.89906904762564,19.896676985478596,0.9284467382213464,Au,COMPLETE
3395,0.0,2026-04-07 11:34:10.638915,2026-04-07 11:34:11.387545,0 days 00:00:00.748630,20.872803150734967,16.204826185594488,1.075190058011129,Au,PRUNED
3396,0.0,2026-04-07 11:34:10.928357,2026-04-07 11:34:11.757282,0 days 00:00:00.828925,37.50836286710951,17.663402291560402,1.4579953649793729,Au,PRUNED
3397,-1.0,2026-04-07 11:34:11.028942,2026-04-07 11:34:11.600328,0 days 00:00:00.571386,20.502865502855443,17.38113156132205,1.207277748353326,Au,COMPLETE
3398,-430.87121212114675,2026-04-07 11:34:11.148641,2026-04-07 11:34:11.866350,0 days 00:00:00.717709,20.332571521644,19.704189589121622,1.5838500956182957,Au,COMPLETE
3399,0.0,2026-04-07 11:34:11.239853,2026-04-07 11:34:11.992931,0 days 00:00:00.753078,38.29003714220317,17.897989459156936,1.4844003487459632,Au,PRUNED
3400,-1.0,2026-04-07 11:34:11.299402,2026-04-07 11:34:11.956140,0 days 00:00:00.656738,38.578126253640725,4.100698594635227,1.5571699623127475,Ag,COMPLETE
3401,0.0,2026-04-07 11:34:11.324277,2026-04-07 11:34:11.991933,0 days 00:00:00.667656,36.6545496810611,17.40692913357512,0.8218151111956934,Au,PRUNED
3402,0.0,2026-04-07 11:34:11.453840,2026-04-07 11:34:12.091529,0 days 00:00:00.637689,20.223259199285323,16.60100006653266,1.2433884792182326,Au,PRUNED
3403,-437.820512820445,2026-04-07 11:34:11.540434,2026-04-07 11:34:12.457706,0 days 00:00:00.917272,21.26270390644175,19.77261807220534,0.7626162043397027,Au,COMPLETE
3404,11.857707509881235,2026-04-07 11:34:11.749479,2026-04-07 11:34:12.520337,0 days 00:00:00.770858,99.61313693098782,7.171096577042263,1.8749674686075237,Cu,PRUNED
3405,-1.0,2026-04-07 11:34:11.920129,2026-04-07 11:34:12.521349,0 days 00:00:00.601220,22.39386143590109,17.17589297465831,1.5298341313738442,Au,COMPLETE
3406,-1.0,2026-04-07 11:34:12.066926,2026-04-07 11:34:12.612439,0 days 00:00:00.545513,32.57849579177842,19.143987039480088,1.7929477007457282,Au,COMPLETE
3407,-1.0,2026-04-07 11:34:12.114364,2026-04-07 11:34:12.693575,0 days 00:00:00.579211,20.728853640207177,19.706358443295603,1.470240858516968,Au,COMPLETE
3408,0.0,2026-04-07 11:34:12.147629,2026-04-07 11:34:12.723457,0 days 00:00:00.575828,36.26416334325268,19.410151355278206,1.8776727470624635,Au,PRUNED
3409,0.0,2026-04-07 11:34:12.170912,2026-04-07 11:34:12.801760,0 days 00:00:00.630848,39.412792660635944,19.840146718951967,1.5217531653197007,Au,PRUNED
3410,-1.0,2026-04-07 11:34:12.230097,2026-04-07 11:34:12.694573,0 days 00:00:00.464476,34.186442178147715,19.806593084332967,1.7510040366377673,Au,COMPLETE
3411,-0.5787037037036875,2026-04-07 11:34:12.664778,2026-04-07 11:34:13.278800,0 days 00:00:00.614022,53.915191158344086,16.798153361286747,1.1916945795794023,Au,PRUNED
3412,-1.0,2026-04-07 11:34:12.749148,2026-04-07 11:34:13.395026,0 days 00:00:00.645878,20.208697256102173,17.703602043768484,0.8617462246156248,Au,COMPLETE
3413,-1.0,2026-04-07 11:34:12.770807,2026-04-07 11:34:13.427485,0 days 00:00:00.656678,23.06369504520177,19.849689566490827,0.7697419089038863,Au,COMPLETE
3414,-1.0,2026-04-07 11:34:12.843869,2026-04-07 11:34:13.476488,0 days 00:00:00.632619,36.35837247868009,17.733494966073614,0.6401493882477296,Au,COMPLETE
3415,-1.0,2026-04-07 11:34:12.899089,2026-04-07 11:34:13.366704,0 days 00:00:00.467615,33.00545445096987,17.404094051958225,1.4279884061457506,Au,COMPLETE
3416,79.93827160493589,2026-04-07 11:34:12.913579,2026-04-07 11:34:13.784914,0 days 00:00:00.871335,31.803115171164066,17.225560524608067,0.672280564632658,Au,PRUNED
3417,-4.629629629628944,2026-04-07 11:34:12.942338,2026-04-07 11:34:13.831092,0 days 00:00:00.888754,35.77277763317789,19.57443309765574,0.7031871592758985,Ag,PRUNED
3418,82.71604938271359,2026-04-07 11:34:12.974392,2026-04-07 11:34:13.768073,0 days 00:00:00.793681,23.874518525551053,19.994874048659955,1.7740483055165506,Au,PRUNED
3419,-392.3611111110566,2026-04-07 11:34:13.319801,2026-04-07 11:34:13.709515,0 days 00:00:00.389714,20.20002987647432,19.92762747597215,0.8334195069197653,Au,COMPLETE
3420,-1.0,2026-04-07 11:34:13.450373,2026-04-07 11:34:13.775182,0 days 00:00:00.324809,23.489054491545225,19.838946086154305,1.2828536004725228,Au,COMPLETE
3421,-1.0,2026-04-07 11:34:13.568364,2026-04-07 11:34:14.110073,0 days 00:00:00.541709,36.09759420090303,17.836156849336277,0.7761437845055246,Au,COMPLETE
3422,-1.0,2026-04-07 11:34:13.639246,2026-04-07 11:34:14.208344,0 days 00:00:00.569098,36.51429082591821,19.706832097942886,0.8811932342633224,Au,COMPLETE
3423,-1.0,2026-04-07 11:34:13.741304,2026-04-07 11:34:14.493210,0 days 00:00:00.751906,22.760548271833766,19.958374263367126,0.8486549046745014,Au,COMPLETE
3424,-1.0,2026-04-07 11:34:13.881531,2026-04-07 11:34:14.377963,0 days 00:00:00.496432,23.36342728999392,19.162745616715764,1.5328683264443375,Ag,COMPLETE
3425,-2.873563218390408,2026-04-07 11:34:13.904534,2026-04-07 11:34:14.579846,0 days 00:00:00.675312,21.7811814962191,19.35875579915039,1.6271136439250138,Au,PRUNED
3426,0.0,2026-04-07 11:34:13.895467,2026-04-07 11:34:14.551658,0 days 00:00:00.656191,20.359493376337774,18.114622511700944,0.9494903285879288,Au,PRUNED
3427,-1.0,2026-04-07 11:34:13.940605,2026-04-07 11:34:14.489117,0 days 00:00:00.548512,33.18497832953116,17.544146017183824,1.1795360748594588,Au,COMPLETE
3428,-1.0,2026-04-07 11:34:13.979479,2026-04-07 11:34:14.622703,0 days 00:00:00.643224,34.0277614655488,19.941122560629363,1.1185662201988602,Au,COMPLETE
3429,-1.0,2026-04-07 11:34:14.211593,2026-04-07 11:34:14.904332,0 days 00:00:00.692739,91.56476758819716,6.7356339166357735,1.4833661308326507,Ag,COMPLETE
3430,0.0,2026-04-07 11:34:14.413559,2026-04-07 11:34:15.186648,0 days 00:00:00.773089,34.852999858647046,18.209423413666194,1.1263110117309303,Au,PRUNED
3431,-1.0,2026-04-07 11:34:14.537636,2026-04-07 11:34:15.158696,0 days 00:00:00.621060,35.56330092260037,19.93148594319736,0.6665622045164783,Au,COMPLETE
3432,-1.0,2026-04-07 11:34:14.626773,2026-04-07 11:34:15.264318,0 days 00:00:00.637545,20.090338996660904,18.099763977719928,1.292097815055655,Au,COMPLETE
3433,0.0,2026-04-07 11:34:14.680123,2026-04-07 11:34:15.432011,0 days 00:00:00.751888,38.05798291703468,19.886770046085225,1.0145503142892212,Au,PRUNED
3434,-1.0,2026-04-07 11:34:14.778171,2026-04-07 11:34:15.434029,0 days 00:00:00.655858,20.819621007757352,19.91650148552626,1.1462721974440817,Au,COMPLETE
3435,-1.0,2026-04-07 11:34:14.801149,2026-04-07 11:34:15.325705,0 days 00:00:00.524556,20.53508135226905,19.978276749120436,0.5893221350946998,Au,COMPLETE
3436,-1.0,2026-04-07 11:34:14.849846,2026-04-07 11:34:15.561273,0 days 00:00:00.711427,38.59735405209269,19.861579817703202,0.9470512298434657,Au,COMPLETE
3437,-1.0,2026-04-07 11:34:15.187223,2026-04-07 11:34:15.814962,0 days 00:00:00.627739,32.012865291095906,19.901063375724927,0.9939055373132534,Au,COMPLETE
3438,0.0,2026-04-07 11:34:15.299115,2026-04-07 11:34:15.984511,0 days 00:00:00.685396,34.58093774480855,17.126334375632233,1.4643890466839775,Au,PRUNED
3439,0.0,2026-04-07 11:34:15.369808,2026-04-07 11:34:15.983500,0 days 00:00:00.613692,20.59027172847995,15.396852094480277,0.737572120713587,Au,PRUNED
3440,-441.2144702841686,2026-04-07 11:34:15.523434,2026-04-07 11:34:16.205359,0 days 00:00:00.681925,20.817387266642694,19.99505272646831,0.8798421917776373,Au,COMPLETE
3441,0.0,2026-04-07 11:34:15.550280,2026-04-07 11:34:16.376583,0 days 00:00:00.826303,21.16406665199554,16.565986015979295,1.300495672568775,Au,PRUNED
3442,0.0,2026-04-07 11:34:15.626945,2026-04-07 11:34:16.253079,0 days 00:00:00.626134,36.34448941198826,19.989383517662827,0.7048799438029375,Au,PRUNED
3443,83.33333333333088,2026-04-07 11:34:15.641073,2026-04-07 11:34:16.294804,0 days 00:00:00.653731,22.565863902740666,19.966219890378323,1.5214538156131494,Au,PRUNED
3444,-1.0,2026-04-07 11:34:15.713960,2026-04-07 11:34:16.249518,0 days 00:00:00.535558,39.87425389672413,19.837447191539912,0.7300330796706681,Au,COMPLETE
3445,79.93827160493589,2026-04-07 11:34:15.986506,2026-04-07 11:34:16.859975,0 days 00:00:00.873469,31.132592919167642,17.66242328048874,0.603574872392084,Au,PRUNED
3446,-1.0,2026-04-07 11:34:16.080369,2026-04-07 11:34:16.775588,0 days 00:00:00.695219,30.537149775300065,17.474643346436842,0.6255021647131738,Au,COMPLETE
3447,-0.6944444444444328,2026-04-07 11:34:16.092989,2026-04-07 11:34:16.912265,0 days 00:00:00.819276,91.4240959367209,17.951794462435398,1.6535224567159204,Au,PRUNED
3448,-1.0,2026-04-07 11:34:16.334059,2026-04-07 11:34:16.856603,0 days 00:00:00.522544,35.90331584379923,19.812095701612144,0.6314860473141688,Au,COMPLETE
3449,-1.0,2026-04-07 11:34:16.375069,2026-04-07 11:34:16.857901,0 days 00:00:00.482832,21.408718530330063,16.910392793726828,0.6317223547999186,Au,COMPLETE
3450,-1.0,2026-04-07 11:34:16.455679,2026-04-07 11:34:16.947420,0 days 00:00:00.491741,20.154902051338468,19.39683374971969,1.7220764497606371,Au,COMPLETE
3451,-1.0,2026-04-07 11:34:16.466757,2026-04-07 11:34:16.858902,0 days 00:00:00.392145,21.859352075822674,19.669603028809046,0.6454773780543546,Au,COMPLETE
3452,-3.0864197530859623,2026-04-07 11:34:16.486799,2026-04-07 11:34:17.109344,0 days 00:00:00.622545,22.39824528257089,19.852029672892943,0.7951117772051388,Au,PRUNED
3453,79.0441176470565,2026-04-07 11:34:16.992985,2026-04-07 11:34:17.698660,0 days 00:00:00.705675,35.56048893371255,14.545049482264222,0.9489200630412312,Au,PRUNED
3454,-1.0,2026-04-07 11:34:17.031104,2026-04-07 11:34:17.696148,0 days 00:00:00.665044,36.2287469102432,19.94667484563506,0.9897460090277489,Au,COMPLETE
3455,80.88235294117409,2026-04-07 11:34:17.042976,2026-04-07 11:34:17.651596,0 days 00:00:00.608620,30.108072672854853,16.963887904599375,0.7963240044259702,Au,PRUNED
3456,0.0,2026-04-07 11:34:17.076033,2026-04-07 11:34:17.797362,0 days 00:00:00.721329,35.949046500853996,17.033009880163114,0.8011427276250592,Au,PRUNED
3457,0.0,2026-04-07 11:34:17.112008,2026-04-07 11:34:17.827659,0 days 00:00:00.715651,50.07142636731918,16.86354175241658,0.8153131056069182,Au,PRUNED
3458,-444.98697916659717,2026-04-07 11:34:17.221726,2026-04-07 11:34:17.867760,0 days 00:00:00.646034,21.411069109645165,19.829464046500615,0.7049060949688353,Au,COMPLETE
3459,-1.0,2026-04-07 11:34:17.274921,2026-04-07 11:34:17.750111,0 days 00:00:00.475190,31.305786059602354,17.473548689192896,0.7947470101579527,Au,COMPLETE
3460,-1.0,2026-04-07 11:34:17.329369,2026-04-07 11:34:18.014637,0 days 00:00:00.685268,20.502077426592006,19.754603445408872,1.0306342620993747,Au,COMPLETE
3461,-1.0,2026-04-07 11:34:17.699665,2026-04-07 11:34:18.454754,0 days 00:00:00.755089,35.711142416705556,19.943888567093833,0.7618399968307864,Au,COMPLETE
3462,-1.0,2026-04-07 11:34:17.844962,2026-04-07 11:34:18.444630,0 days 00:00:00.599668,20.62770665699292,19.82696901852621,0.5580833111918231,Au,COMPLETE
3463,-1.0,2026-04-07 11:34:17.925526,2026-04-07 11:34:18.532019,0 days 00:00:00.606493,25.222348253708684,16.62712009566747,0.711870141001468,Au,COMPLETE
3464,0.0,2026-04-07 11:34:17.956604,2026-04-07 11:34:18.508599,0 days 00:00:00.551995,34.300610513012785,18.959000114560585,0.6431155787913638,Au,PRUNED
3465,-10.833333333332465,2026-04-07 11:34:17.935965,2026-04-07 11:34:18.632751,0 days 00:00:00.696786,53.123736897878445,10.157636523691407,1.504707254029853,Cu,PRUNED
3466,-1.0,2026-04-07 11:34:18.038052,2026-04-07 11:34:18.531511,0 days 00:00:00.493459,20.02586182923017,19.799625941955327,0.93056663008494,Ag,COMPLETE
3467,0.0,2026-04-07 11:34:18.076740,2026-04-07 11:34:18.727610,0 days 00:00:00.650870,33.456050783911934,18.397660106923652,0.6239683829466214,Au,PRUNED
3468,0.0,2026-04-07 11:34:18.241180,2026-04-07 11:34:18.801006,0 days 00:00:00.559826,32.76412733468389,19.522774980799372,0.7034667750308811,Au,PRUNED
3469,3.571428571428368,2026-04-07 11:34:18.608715,2026-04-07 11:34:19.348239,0 days 00:00:00.739524,56.34806010480981,18.113251901104785,0.9245045409360773,Ag,PRUNED
3470,-1.0,2026-04-07 11:34:18.645012,2026-04-07 11:34:19.348239,0 days 00:00:00.703227,30.906094944861387,17.67406798464571,0.7538777061435773,Au,COMPLETE
3471,-1.0,2026-04-07 11:34:18.698906,2026-04-07 11:34:19.206348,0 days 00:00:00.507442,37.61822296153363,17.03180104335574,0.9481231147576205,Au,COMPLETE
3472,0.0,2026-04-07 11:34:18.729260,2026-04-07 11:34:19.390546,0 days 00:00:00.661286,21.147064288503916,17.257933783715345,0.7556520599084018,Au,PRUNED
3473,-1.0,2026-04-07 11:34:18.802009,2026-04-07 11:34:19.290197,0 days 00:00:00.488188,24.68580793997349,18.032546757071987,0.6250728210377845,Au,COMPLETE
3474,-1.0,2026-04-07 11:34:18.864783,2026-04-07 11:34:19.398921,0 days 00:00:00.534138,27.824757599349493,19.935505396534023,0.500697858852206,Au,COMPLETE
3475,0.0,2026-04-07 11:34:18.905208,2026-04-07 11:34:19.692741,0 days 00:00:00.787533,30.79613884092992,19.063242142330814,0.6528481076116415,Au,PRUNED
3476,0.0,2026-04-07 11:34:19.027415,2026-04-07 11:34:20.045827,0 days 00:00:01.018412,22.35824839428851,19.951231697553343,0.9196293609835249,Au,PRUNED
3477,-370.33991228065304,2026-04-07 11:34:19.343613,2026-04-07 11:34:20.087945,0 days 00:00:00.744332,20.407627164301214,19.48310351494253,0.8448559131106889,Au,COMPLETE
3478,0.0,2026-04-07 11:34:19.420944,2026-04-07 11:34:20.060879,0 days 00:00:00.639935,50.41544037515373,17.18549909113308,0.5914604297091176,Au,PRUNED
3479,-316.4285714285351,2026-04-07 11:34:19.506085,2026-04-07 11:34:20.278118,0 days 00:00:00.772033,21.515942392416527,17.84057576417056,0.758892160538986,Au,COMPLETE
3480,0.0,2026-04-07 11:34:19.545946,2026-04-07 11:34:20.431555,0 days 00:00:00.885609,51.50686943665933,19.786971586298957,0.7638521095686144,Au,PRUNED
3481,-1.0,2026-04-07 11:34:19.662897,2026-04-07 11:34:20.295434,0 days 00:00:00.632537,21.11540196512889,16.338392743311903,0.9099378306611089,Au,COMPLETE
3482,-1.0,2026-04-07 11:34:19.691743,2026-04-07 11:34:20.246423,0 days 00:00:00.554680,26.247391680295742,19.973821264016937,0.8391098672120817,Au,COMPLETE
3483,-13.605442176869637,2026-04-07 11:34:19.879941,2026-04-07 11:34:20.918721,0 days 00:00:01.038780,32.0397402847893,17.073641180239562,0.6882213504333083,Ag,PRUNED
3484,-1.0,2026-04-07 11:34:20.130671,2026-04-07 11:34:20.805379,0 days 00:00:00.674708,48.86912062013916,19.44074646634938,0.713493705303076,Au,COMPLETE
3485,-362.6344086021036,2026-04-07 11:34:20.160417,2026-04-07 11:34:21.097311,0 days 00:00:00.936894,20.485908192452737,19.35115316385953,0.827905653575939,Au,COMPLETE
3486,0.0,2026-04-07 11:34:20.249738,2026-04-07 11:34:21.063485,0 days 00:00:00.813747,37.61005130633819,19.948881355645888,0.9201809639601216,Au,PRUNED
3487,-1.0,2026-04-07 11:34:20.457301,2026-04-07 11:34:21.215359,0 days 00:00:00.758058,20.928138669917367,17.868791821239903,0.9602645607535056,Au,COMPLETE
3488,-1.0,2026-04-07 11:34:20.633349,2026-04-07 11:34:21.152995,0 days 00:00:00.519646,21.60917547613448,15.095340429159727,0.6860181110488842,Au,COMPLETE
3489,-1.0,2026-04-07 11:34:20.677152,2026-04-07 11:34:21.066486,0 days 00:00:00.389334,29.296539344018143,12.331749730389003,0.7002710654605651,Au,COMPLETE
3490,-1.0,2026-04-07 11:34:20.750327,2026-04-07 11:34:21.360860,0 days 00:00:00.610533,27.30801768061515,17.85917249401998,0.7285958782678671,Au,COMPLETE
3491,-1.0,2026-04-07 11:34:20.999236,2026-04-07 11:34:21.422999,0 days 00:00:00.423763,118.48710276390295,0.9825935286963077,1.9634699536611961,Au,COMPLETE
3492,-1.0,2026-04-07 11:34:21.020170,2026-04-07 11:34:21.421997,0 days 00:00:00.401827,28.05042008712529,17.870678393307752,0.674934421519147,Au,COMPLETE
3493,-1.0,2026-04-07 11:34:21.142652,2026-04-07 11:34:21.672404,0 days 00:00:00.529752,21.11494913144587,16.853362428081056,0.738459217241389,Au,COMPLETE
3494,-1.0,2026-04-07 11:34:21.232633,2026-04-07 11:34:21.679202,0 days 00:00:00.446569,20.815270847905275,19.97841257725241,0.7298779558847783,Au,COMPLETE
3495,-1.0,2026-04-07 11:34:21.279173,2026-04-07 11:34:21.671390,0 days 00:00:00.392217,21.497469588969683,16.36899333989151,0.6885950742057492,Au,COMPLETE
3496,0.0,2026-04-07 11:34:21.299079,2026-04-07 11:34:21.828993,0 days 00:00:00.529914,20.23585793451832,16.863843509586406,0.9455370830482519,Au,PRUNED
3497,-347.82608695647866,2026-04-07 11:34:21.319829,2026-04-07 11:34:21.825986,0 days 00:00:00.506157,20.938653486694125,18.94984631250548,0.6624244671100659,Au,COMPLETE
3498,-1.0,2026-04-07 11:34:21.544019,2026-04-07 11:34:22.003758,0 days 00:00:00.459739,20.42247415910562,19.73445905211984,0.9364525193890666,Au,COMPLETE
3499,-0.5230125523012464,2026-04-07 11:34:21.562539,2026-04-07 11:34:22.296740,0 days 00:00:00.734201,88.78333030006067,19.025763194097323,0.24973017699459676,Au,PRUNED
3500,-1.0,2026-04-07 11:34:21.617215,2026-04-07 11:34:22.197034,0 days 00:00:00.579819,27.893453928065135,19.90290560313454,0.6738495255426709,Au,COMPLETE
3501,-1.0,2026-04-07 11:34:21.856508,2026-04-07 11:34:22.296740,0 days 00:00:00.440232,22.45619309834531,19.69861958573721,0.7805562950579188,Au,COMPLETE
3502,0.0,2026-04-07 11:34:21.906515,2026-04-07 11:34:22.538495,0 days 00:00:00.631980,34.5951895500658,17.195817699001072,1.0059586693322022,Au,PRUNED
3503,-1.0,2026-04-07 11:34:21.928595,2026-04-07 11:34:22.482906,0 days 00:00:00.554311,21.694583033924143,19.89674096262891,0.8888593552038568,Au,COMPLETE
3504,-1.0,2026-04-07 11:34:21.954736,2026-04-07 11:34:22.609441,0 days 00:00:00.654705,21.629871130878907,16.661785515691747,0.663487231602707,Au,COMPLETE
3505,0.0,2026-04-07 11:34:22.122663,2026-04-07 11:34:22.949908,0 days 00:00:00.827245,36.344858562194986,17.742438253418555,0.9504895444726208,Au,PRUNED
3506,-1.0,2026-04-07 11:34:22.236318,2026-04-07 11:34:22.918847,0 days 00:00:00.682529,30.810885145095895,19.98751107280541,0.9401221187153442,Au,COMPLETE
3507,0.0,2026-04-07 11:34:22.351008,2026-04-07 11:34:23.038939,0 days 00:00:00.687931,35.46329093618777,19.419930727871247,0.7606520087151506,Au,PRUNED
3508,0.0,2026-04-07 11:34:22.392174,2026-04-07 11:34:22.919872,0 days 00:00:00.527698,20.69624191151219,18.376667261194097,0.7874759028836745,Au,PRUNED
3509,-1.0,2026-04-07 11:34:22.615917,2026-04-07 11:34:23.151182,0 days 00:00:00.535265,42.136967034125234,13.670284090902594,0.8406196274529323,Au,COMPLETE
3510,-1.0,2026-04-07 11:34:22.608441,2026-04-07 11:34:23.373229,0 days 00:00:00.764788,20.9269713834588,19.929090950299003,0.8231590125378757,Au,COMPLETE
3511,-1.0,2026-04-07 11:34:22.718685,2026-04-07 11:34:23.343050,0 days 00:00:00.624365,29.9620515254679,19.83216047562919,0.6957057850011246,Au,COMPLETE
3512,-1.0,2026-04-07 11:34:22.794660,2026-04-07 11:34:23.248581,0 days 00:00:00.453921,35.51718367306544,19.791829487225037,0.7545928094059258,Au,COMPLETE
3513,0.0,2026-04-07 11:34:23.041947,2026-04-07 11:34:23.773184,0 days 00:00:00.731237,33.19841551812412,17.454101350467635,0.8501797191353573,Au,PRUNED
3514,-1.0,2026-04-07 11:34:23.101976,2026-04-07 11:34:23.485375,0 days 00:00:00.383399,22.259940870075855,19.823807820558255,0.5315953701372529,Au,COMPLETE
3515,-1.0,2026-04-07 11:34:23.117384,2026-04-07 11:34:23.651390,0 days 00:00:00.534006,33.99519656399034,17.316704010543997,0.8570811835714984,Au,COMPLETE
3516,-1.0,2026-04-07 11:34:23.126925,2026-04-07 11:34:23.729315,0 days 00:00:00.602390,20.617596505095225,17.89146788845576,0.625829561925007,Au,COMPLETE
3517,0.0,2026-04-07 11:34:23.307615,2026-04-07 11:34:23.980610,0 days 00:00:00.672995,30.70552905607246,18.077755627164283,0.917446421150755,Au,PRUNED
3518,-1.0,2026-04-07 11:34:23.378344,2026-04-07 11:34:24.089793,0 days 00:00:00.711449,31.16629396638129,19.883213112231196,0.9252126680727217,Au,COMPLETE
3519,-1.0,2026-04-07 11:34:23.482266,2026-04-07 11:34:23.952812,0 days 00:00:00.470546,33.828249163755814,19.974260438257147,1.056619238437493,Au,COMPLETE
3520,0.0,2026-04-07 11:34:23.519370,2026-04-07 11:34:24.166653,0 days 00:00:00.647283,20.57734966523083,17.232661489371207,0.8283171259525949,Au,PRUNED
3521,-1.0,2026-04-07 11:34:23.590591,2026-04-07 11:34:24.376302,0 days 00:00:00.785711,26.756445950844864,19.98421332328592,0.9993423896756779,Au,COMPLETE
3522,0.0,2026-04-07 11:34:23.824555,2026-04-07 11:34:24.486774,0 days 00:00:00.662219,32.69969916914465,17.670420643575284,0.9024849769158422,Au,PRUNED
3523,0.0,2026-04-07 11:34:23.878636,2026-04-07 11:34:24.545142,0 days 00:00:00.666506,20.157995815758774,19.30484340331034,0.6971885951678664,Au,PRUNED
3524,-9.9999999999984,2026-04-07 11:34:23.907065,2026-04-07 11:34:24.749401,0 days 00:00:00.842336,21.665840778246256,19.935267203237686,0.6681796518970456,Au,PRUNED
3525,-434.16030534344486,2026-04-07 11:34:24.050902,2026-04-07 11:34:24.834019,0 days 00:00:00.783117,20.589594034403305,19.953995047808295,1.03351592992964,Au,COMPLETE
3526,-1.0,2026-04-07 11:34:24.170006,2026-04-07 11:34:24.678600,0 days 00:00:00.508594,22.709461575973346,19.912681349806842,0.6819486388320924,Au,COMPLETE
3527,83.02696078431127,2026-04-07 11:34:24.250260,2026-04-07 11:34:24.857877,0 days 00:00:00.607617,24.63106438203026,19.993751541785503,0.5397771451428852,Au,PRUNED
3528,-8.01282051281928,2026-04-07 11:34:24.264949,2026-04-07 11:34:25.261165,0 days 00:00:00.996216,20.652720737345213,19.869120118446343,1.6393997806343323,Au,PRUNED
3529,-3.0864197530859623,2026-04-07 11:34:24.531201,2026-04-07 11:34:25.538595,0 days 00:00:01.007394,21.40343349132149,19.691935537312432,1.5493320892726106,Au,PRUNED
3530,-1.0,2026-04-07 11:34:24.543034,2026-04-07 11:34:25.308743,0 days 00:00:00.765709,20.649284154811074,17.08119746681322,1.3750101448823477,Au,COMPLETE
3531,-1.0,2026-04-07 11:34:24.682537,2026-04-07 11:34:25.349875,0 days 00:00:00.667338,34.339470530879886,19.917352306404425,1.3193499196246194,Au,COMPLETE
3532,-401.59574468079353,2026-04-07 11:34:24.876111,2026-04-07 11:34:25.446574,0 days 00:00:00.570463,20.028905529598372,19.900840528317904,1.1321945698281328,Au,COMPLETE
3533,0.0,2026-04-07 11:34:24.891093,2026-04-07 11:34:25.537594,0 days 00:00:00.646501,33.02169867026195,19.975667761935675,1.0726513771101096,Au,PRUNED
3534,-327.94117647054986,2026-04-07 11:34:24.925998,2026-04-07 11:34:25.655147,0 days 00:00:00.729149,20.209174185113675,18.296471795980107,1.5712217745050838,Au,COMPLETE
3535,-1.0,2026-04-07 11:34:24.996051,2026-04-07 11:34:25.420162,0 days 00:00:00.424111,20.50364667556385,19.485446913549133,1.5977606837378775,Au,COMPLETE
3536,0.0,2026-04-07 11:34:25.371622,2026-04-07 11:34:26.062213,0 days 00:00:00.690591,27.26210876216174,19.952927151185186,1.2078539968172703,Au,PRUNED
3537,-401.59574468079353,2026-04-07 11:34:25.504038,2026-04-07 11:34:26.418712,0 days 00:00:00.914674,20.21043706851266,19.820189878047668,1.078858192030555,Au,COMPLETE
3538,-1.0,2026-04-07 11:34:25.586272,2026-04-07 11:34:26.073610,0 days 00:00:00.487338,48.00771798219384,17.741183115572166,1.0662553051599106,Au,COMPLETE
3539,-1.0,2026-04-07 11:34:25.625111,2026-04-07 11:34:26.128061,0 days 00:00:00.502950,37.02467587306103,17.75752823927587,1.0722715553112048,Au,COMPLETE
3540,-1.0,2026-04-07 11:34:25.652455,2026-04-07 11:34:26.216750,0 days 00:00:00.564295,34.38695269354921,17.320766977947592,1.0133243418035913,Au,COMPLETE
3541,-1.0,2026-04-07 11:34:25.696954,2026-04-07 11:34:26.203693,0 days 00:00:00.506739,32.24052290091191,17.327329825252203,1.3812330518644438,Au,COMPLETE
3542,0.0,2026-04-07 11:34:25.760267,2026-04-07 11:34:26.710691,0 days 00:00:00.950424,50.04794138128193,19.803102013190554,1.2902314900397132,Au,PRUNED
3543,-1.0,2026-04-07 11:34:25.955776,2026-04-07 11:34:26.496385,0 days 00:00:00.540609,20.15745238492391,17.768901198343247,0.6575911296378915,Au,COMPLETE
3544,-1.0,2026-04-07 11:34:26.198846,2026-04-07 11:34:26.710186,0 days 00:00:00.511340,20.164096541990798,19.73631159560443,0.9467543660158345,Au,COMPLETE
3545,0.0,2026-04-07 11:34:26.258640,2026-04-07 11:34:27.010328,0 days 00:00:00.751688,35.31151363085182,19.86547891953222,1.275917195642652,Au,PRUNED
3546,0.0,2026-04-07 11:34:26.330011,2026-04-07 11:34:26.925702,0 days 00:00:00.595691,33.08593251362498,18.235290560636454,1.5128153394261643,Au,PRUNED
3547,-1.0,2026-04-07 11:34:26.418712,2026-04-07 11:34:27.054738,0 days 00:00:00.636026,20.664325977788227,19.806361856410184,1.2082654519375309,Au,COMPLETE
3548,-1.0,2026-04-07 11:34:26.597768,2026-04-07 11:34:27.185252,0 days 00:00:00.587484,31.40551178738989,17.039723402866816,1.0956117400756582,Au,COMPLETE
3549,-1.0,2026-04-07 11:34:26.618457,2026-04-07 11:34:27.139898,0 days 00:00:00.521441,33.93279312936465,18.09905476131395,1.0569238762011515,Au,COMPLETE
3550,-1.0,2026-04-07 11:34:26.703785,2026-04-07 11:34:27.248987,0 days 00:00:00.545202,33.63180456923355,19.82642889085524,1.33236261945564,Au,COMPLETE
3551,80.24691358024454,2026-04-07 11:34:26.844870,2026-04-07 11:34:27.569758,0 days 00:00:00.724888,31.599241967761447,16.312751499758907,1.1214702808619035,Au,PRUNED
3552,-8.333333333332,2026-04-07 11:34:26.965230,2026-04-07 11:34:27.772449,0 days 00:00:00.807219,21.762992746025372,19.954469136446644,0.6305523327424534,Au,PRUNED
3553,-3.0864197530859623,2026-04-07 11:34:27.126633,2026-04-07 11:34:28.023695,0 days 00:00:00.897062,21.961264726931454,19.945163647089323,0.9582280215471125,Au,PRUNED
3554,-1.0,2026-04-07 11:34:27.183749,2026-04-07 11:34:27.865465,0 days 00:00:00.681716,20.129002961659808,18.94996216361665,0.9546920570058075,Au,COMPLETE
3555,-3.0864197530859623,2026-04-07 11:34:27.244937,2026-04-07 11:34:28.054867,0 days 00:00:00.809930,21.657464987319926,19.91396624410247,1.2568434378379347,Au,PRUNED
3556,0.0,2026-04-07 11:34:27.260949,2026-04-07 11:34:27.945901,0 days 00:00:00.684952,20.87499599248409,17.16459809236498,0.9821848958341319,Au,PRUNED
3557,-1.0,2026-04-07 11:34:27.298725,2026-04-07 11:34:27.834019,0 days 00:00:00.535294,33.2336522255369,17.029553881782178,1.090672774829702,Au,COMPLETE
3558,-1.0,2026-04-07 11:34:27.587137,2026-04-07 11:34:28.086298,0 days 00:00:00.499161,27.817262389963794,17.897590843661433,0.9473953168891447,Ag,COMPLETE
3559,-1.0,2026-04-07 11:34:27.635169,2026-04-07 11:34:28.148147,0 days 00:00:00.512978,85.92323421727531,1.8218212335412876,0.9348252480831679,Cu,COMPLETE
3560,-140.3508771929726,2026-04-07 11:34:27.874047,2026-04-07 11:34:28.653616,0 days 00:00:00.779569,23.457563910854983,17.909280494413096,0.7601729526992734,Ag,PRUNED
3561,-1.0,2026-04-07 11:34:27.941765,2026-04-07 11:34:28.552146,0 days 00:00:00.610381,64.35612251143978,12.60335171134793,0.225975078278143,Cu,COMPLETE
3562,-1.0,2026-04-07 11:34:28.125799,2026-04-07 11:34:28.604314,0 days 00:00:00.478515,21.06734874662032,19.941440403159717,0.954409489891799,Au,COMPLETE
3563,80.86419753086179,2026-04-07 11:34:28.168453,2026-04-07 11:34:28.937060,0 days 00:00:00.768607,28.916414378582417,17.2597543432099,1.5240279233821012,Au,PRUNED
3564,-0.83668005354751,2026-04-07 11:34:28.212069,2026-04-07 11:34:29.003458,0 days 00:00:00.791389,69.17459424015081,15.703832551715179,0.6729908798668718,Cu,PRUNED
3565,-1.0,2026-04-07 11:34:28.266918,2026-04-07 11:34:28.801899,0 days 00:00:00.534981,21.101629898013847,9.522828297418403,0.4338855692910496,Cu,COMPLETE
3566,0.0,2026-04-07 11:34:28.291173,2026-04-07 11:34:28.972569,0 days 00:00:00.681396,35.11007241399735,16.940436477638947,1.5624020891761363,Au,PRUNED
3567,-1.0,2026-04-07 11:34:28.368196,2026-04-07 11:34:28.788211,0 days 00:00:00.420015,83.14107544274584,7.205210334134004,0.9847932821123213,Ag,COMPLETE
3568,-1.0,2026-04-07 11:34:28.726563,2026-04-07 11:34:29.228796,0 days 00:00:00.502233,36.35955307525406,19.992357192440213,1.1647362914101205,Au,COMPLETE
3569,-1.0,2026-04-07 11:34:28.757240,2026-04-07 11:34:29.288870,0 days 00:00:00.531630,22.948717049754684,19.786957537130508,1.5563341825220685,Au,COMPLETE
3570,-1.0,2026-04-07 11:34:28.857924,2026-04-07 11:34:29.475255,0 days 00:00:00.617331,33.249035176379905,14.333491063978684,0.7973954720158507,Au,COMPLETE
3571,-1.0,2026-04-07 11:34:29.026651,2026-04-07 11:34:29.446021,0 days 00:00:00.419370,20.040236493705496,16.900484722415513,1.4101432477326712,Au,COMPLETE
3572,-318.09523809520164,2026-04-07 11:34:29.042696,2026-04-07 11:34:29.604670,0 days 00:00:00.561974,20.6667578690302,17.590273951070454,1.7628461307182608,Au,COMPLETE
3573,0.0,2026-04-07 11:34:29.053787,2026-04-07 11:34:29.628221,0 days 00:00:00.574434,33.63441445270225,19.803542123332683,1.6963277880650207,Au,PRUNED
3574,-1.0,2026-04-07 11:34:29.106164,2026-04-07 11:34:29.606732,0 days 00:00:00.500568,20.093522330637136,18.708962148667336,1.8850278327873524,Au,COMPLETE
3575,0.0,2026-04-07 11:34:29.117861,2026-04-07 11:34:29.854906,0 days 00:00:00.737045,20.494061989363022,16.407960118370877,0.8759200537313057,Au,PRUNED
3576,-1.0,2026-04-07 11:34:29.415122,2026-04-07 11:34:29.956004,0 days 00:00:00.540882,53.900514888201045,10.17425600194383,1.417199317522641,Ag,COMPLETE
3577,-1.0,2026-04-07 11:34:29.551215,2026-04-07 11:34:30.094719,0 days 00:00:00.543504,22.05607807508759,19.78272811635735,1.4381948490612804,Au,COMPLETE
3578,-1.0,2026-04-07 11:34:29.620081,2026-04-07 11:34:30.390673,0 days 00:00:00.770592,20.01670743049323,17.788031290605208,0.8478383781802634,Au,COMPLETE
3579,82.10784313725247,2026-04-07 11:34:29.726196,2026-04-07 11:34:30.372148,0 days 00:00:00.645952,27.731113248334243,17.175400736243983,1.0453008321151,Au,PRUNED
3580,0.0,2026-04-07 11:34:29.756033,2026-04-07 11:34:30.348464,0 days 00:00:00.592431,33.18959172108039,19.955721223378333,0.7264812671091596,Au,PRUNED
3581,0.0,2026-04-07 11:34:29.858256,2026-04-07 11:34:30.530019,0 days 00:00:00.671763,34.14416526253498,19.808863746791978,1.290222746914559,Au,PRUNED
3582,-1.0,2026-04-07 11:34:29.902815,2026-04-07 11:34:30.423994,0 days 00:00:00.521179,34.03464505024587,19.74815577900917,1.1043096211339314,Au,COMPLETE
3583,-1.0,2026-04-07 11:34:29.926107,2026-04-07 11:34:30.580542,0 days 00:00:00.654435,34.66240326221951,14.434703380635128,1.0339288534215436,Au,COMPLETE
3584,-6.410256410255424,2026-04-07 11:34:30.126914,2026-04-07 11:34:30.808809,0 days 00:00:00.681895,20.87976095783574,19.984460153885895,1.5214005264224273,Au,PRUNED
3585,-1.0,2026-04-07 11:34:30.199291,2026-04-07 11:34:30.780700,0 days 00:00:00.581409,29.083368546843726,14.161703996104109,1.0552739375303473,Au,COMPLETE
3586,-1.0,2026-04-07 11:34:30.477634,2026-04-07 11:34:30.888057,0 days 00:00:00.410423,35.32388945327206,17.44452998257338,1.0005479411994485,Au,COMPLETE
3587,0.0,2026-04-07 11:34:30.489152,2026-04-07 11:34:31.127971,0 days 00:00:00.638819,34.81620261387154,19.820733284186527,0.8791740141704573,Au,PRUNED
3588,-386.7009132419558,2026-04-07 11:34:30.619285,2026-04-07 11:34:31.548440,0 days 00:00:00.929155,20.539603762300185,19.510984155697052,0.9244306731724288,Au,COMPLETE
3589,0.0,2026-04-07 11:34:30.560047,2026-04-07 11:34:31.287034,0 days 00:00:00.726987,20.013854805008652,14.972961903469713,0.8349068875752685,Au,PRUNED
3590,0.0,2026-04-07 11:34:30.677551,2026-04-07 11:34:31.441387,0 days 00:00:00.763836,33.87455822883368,19.742186468962867,0.8666823499771026,Au,PRUNED
3591,0.0,2026-04-07 11:34:30.731208,2026-04-07 11:34:31.486169,0 days 00:00:00.754961,20.018502408550823,17.121680234201268,1.0861442619110333,Au,PRUNED
3592,0.0,2026-04-07 11:34:30.891279,2026-04-07 11:34:31.688124,0 days 00:00:00.796845,20.3843695333311,17.770711705488345,1.1558520918982664,Au,PRUNED
3593,-1.0,2026-04-07 11:34:31.011509,2026-04-07 11:34:31.592163,0 days 00:00:00.580654,31.884554285308177,17.32237452140018,1.543023532204261,Au,COMPLETE
3594,0.0,2026-04-07 11:34:31.031242,2026-04-07 11:34:31.927799,0 days 00:00:00.896557,21.217259042372394,16.526513696774284,1.3078006772244848,Au,PRUNED
3595,-1.0,2026-04-07 11:34:31.211619,2026-04-07 11:34:31.757049,0 days 00:00:00.545430,22.061806375373646,19.93013930822204,1.1597853859526,Au,COMPLETE
3596,-2.614379084967279,2026-04-07 11:34:31.389472,2026-04-07 11:34:32.002112,0 days 00:00:00.612640,98.91079795228049,13.511596905542223,0.8512121427569599,Ag,PRUNED
3597,0.0,2026-04-07 11:34:31.641677,2026-04-07 11:34:32.469175,0 days 00:00:00.827498,32.61183686606774,19.995887205394062,1.000066590934691,Au,PRUNED
3598,-1.0,2026-04-07 11:34:31.672464,2026-04-07 11:34:32.433711,0 days 00:00:00.761247,20.042818709672794,19.82826021498777,1.4158222340364544,Au,COMPLETE
3599,-1.0,2026-04-07 11:34:31.792211,2026-04-07 11:34:32.345728,0 days 00:00:00.553517,21.299746784276902,19.94941696477292,0.8177756503585164,Au,COMPLETE
3600,0.0,2026-04-07 11:34:31.759567,2026-04-07 11:34:32.470328,0 days 00:00:00.710761,34.02277932460042,19.92242858222762,0.9118156056770969,Au,PRUNED
3601,0.0,2026-04-07 11:34:31.904396,2026-04-07 11:34:32.719171,0 days 00:00:00.814775,20.404693687714865,17.341899730735975,0.8405478926129694,Au,PRUNED
3602,83.33333333333088,2026-04-07 11:34:31.980092,2026-04-07 11:34:32.715916,0 days 00:00:00.735824,23.32689788657844,19.95332351017397,0.8096925762970956,Au,PRUNED
3603,-1.9011406844106176,2026-04-07 11:34:32.069341,2026-04-07 11:34:32.780901,0 days 00:00:00.711560,73.37991692419577,9.892065107466026,0.8032450535860137,Cu,PRUNED
3604,80.24691358024454,2026-04-07 11:34:32.117871,2026-04-07 11:34:32.822999,0 days 00:00:00.705128,29.92219517229634,17.57308091403128,1.187271271260275,Au,PRUNED
3605,0.0,2026-04-07 11:34:32.550387,2026-04-07 11:34:33.334537,0 days 00:00:00.784150,33.360158041933424,19.982257331439058,1.4533474731616063,Au,PRUNED
3606,-1.0,2026-04-07 11:34:32.605037,2026-04-07 11:34:33.284758,0 days 00:00:00.679721,35.80224841453338,17.288365645041463,0.5547419282003473,Au,COMPLETE
3607,0.0,2026-04-07 11:34:32.641687,2026-04-07 11:34:33.569739,0 days 00:00:00.928052,20.184634563254605,16.81506371614035,0.9900090674019865,Au,PRUNED
3608,-1.0,2026-04-07 11:34:32.740853,2026-04-07 11:34:33.361128,0 days 00:00:00.620275,20.132201634379005,18.675243300465592,0.969746364479656,Au,COMPLETE
3609,-1.0,2026-04-07 11:34:32.879907,2026-04-07 11:34:33.333033,0 days 00:00:00.453126,34.447983663704306,17.046570628071212,1.3564691308157741,Au,COMPLETE
3610,80.86419753086179,2026-04-07 11:34:32.893033,2026-04-07 11:34:33.496620,0 days 00:00:00.603587,29.90525573576579,17.054386226318183,1.1037730708078972,Au,PRUNED
3611,-1.0,2026-04-07 11:34:32.929238,2026-04-07 11:34:33.362134,0 days 00:00:00.432896,20.460806746087762,19.962673697854967,1.209068952805057,Au,COMPLETE
3612,-1.0,2026-04-07 11:34:32.974005,2026-04-07 11:34:33.363692,0 days 00:00:00.389687,37.74301440763819,19.95732879669188,0.718733114241765,Au,COMPLETE
3613,0.0,2026-04-07 11:34:33.494998,2026-04-07 11:34:34.356266,0 days 00:00:00.861268,47.28407580708212,17.36416136022607,1.5241877383916882,Au,PRUNED
3614,-1.0,2026-04-07 11:34:33.554202,2026-04-07 11:34:34.038435,0 days 00:00:00.484233,52.8841083214366,19.915850973299186,0.987072794542838,Au,COMPLETE
3615,-1.0,2026-04-07 11:34:33.571739,2026-04-07 11:34:34.147370,0 days 00:00:00.575631,30.497804354254484,16.974570999185698,1.0963122605528233,Au,COMPLETE
3616,0.0,2026-04-07 11:34:33.602681,2026-04-07 11:34:34.258011,0 days 00:00:00.655330,31.923918772751595,16.912799702164286,1.3928215207651125,Au,PRUNED
3617,0.0,2026-04-07 11:34:33.648421,2026-04-07 11:34:34.259007,0 days 00:00:00.610586,44.49890225100752,19.720620010442364,1.6720180634847945,Au,PRUNED
3618,-1.0,2026-04-07 11:34:33.662424,2026-04-07 11:34:34.124381,0 days 00:00:00.461957,52.335155731855274,19.792416139485773,1.0267440062049509,Au,COMPLETE
3619,-0.8928571428571173,2026-04-07 11:34:33.733547,2026-04-07 11:34:34.302969,0 days 00:00:00.569422,22.40981632362403,16.881872361433402,1.0564092886290493,Ag,PRUNED
3620,79.62962962962726,2026-04-07 11:34:33.773219,2026-04-07 11:34:34.517436,0 days 00:00:00.744217,31.903584587642726,16.964785223540456,1.0395596787135122,Au,PRUNED
3621,-1.0,2026-04-07 11:34:34.215451,2026-04-07 11:34:34.824581,0 days 00:00:00.609130,31.3351856253214,19.966878579883222,0.8806662756184693,Au,COMPLETE
3622,-1.0,2026-04-07 11:34:34.324606,2026-04-07 11:34:34.991522,0 days 00:00:00.666916,45.85893214792872,17.721234269030948,0.6679041132797321,Au,COMPLETE
3623,-1.0,2026-04-07 11:34:34.356266,2026-04-07 11:34:34.975631,0 days 00:00:00.619365,20.607794482443076,17.730913823551678,1.2234971474655145,Au,COMPLETE
3624,-1.0,2026-04-07 11:34:34.415098,2026-04-07 11:34:34.990846,0 days 00:00:00.575748,21.111329526255904,17.21853069380944,1.302056197699973,Au,COMPLETE
3625,-9.615384615383135,2026-04-07 11:34:34.432519,2026-04-07 11:34:35.114870,0 days 00:00:00.682351,21.253321688434784,19.786599792149474,0.9860774626383438,Au,PRUNED
3626,-1.0,2026-04-07 11:34:34.452131,2026-04-07 11:34:34.992543,0 days 00:00:00.540412,20.481193390271464,19.47520357116705,1.017405118421638,Au,COMPLETE
3627,-1.0,2026-04-07 11:34:34.527245,2026-04-07 11:34:34.995131,0 days 00:00:00.467886,20.006604323672914,19.799905455036487,1.5067916930628351,Au,COMPLETE
3628,-323.40116279066007,2026-04-07 11:34:34.681668,2026-04-07 11:34:35.208128,0 days 00:00:00.526460,21.188153486041898,17.85125543162692,1.159404515552536,Au,COMPLETE
3629,-430.87121212114675,2026-04-07 11:34:34.925477,2026-04-07 11:34:35.757665,0 days 00:00:00.832188,20.635467904499276,19.852498834187795,1.0799244986499068,Au,COMPLETE
3630,-441.2144702841686,2026-04-07 11:34:34.992543,2026-04-07 11:34:35.880722,0 days 00:00:00.888179,21.4426969570626,19.845037417326836,0.540999951493541,Au,COMPLETE
3631,-1.0,2026-04-07 11:34:35.154244,2026-04-07 11:34:35.724736,0 days 00:00:00.570492,47.85734417665887,17.62014825266324,0.932922939896344,Au,COMPLETE
3632,-1.0,2026-04-07 11:34:35.244748,2026-04-07 11:34:35.695331,0 days 00:00:00.450583,46.24500586919574,8.732221418029498,0.14797987318529415,Cu,COMPLETE
3633,0.0,2026-04-07 11:34:35.280021,2026-04-07 11:34:35.990232,0 days 00:00:00.710211,31.90115131325352,17.11843356590603,1.1517157050927875,Au,PRUNED
3634,0.0,2026-04-07 11:34:35.289635,2026-04-07 11:34:35.953071,0 days 00:00:00.663436,38.969805295614975,19.965645686002954,0.9590922310753192,Au,PRUNED
3635,-1.0,2026-04-07 11:34:35.343100,2026-04-07 11:34:35.722638,0 days 00:00:00.379538,36.357816743467424,17.91545170488866,0.7056379714101214,Au,COMPLETE
3636,0.0,2026-04-07 11:34:35.468550,2026-04-07 11:34:36.442813,0 days 00:00:00.974263,35.53697941205904,18.027614916352462,1.6812662946947126,Au,PRUNED
3637,-1.0,2026-04-07 11:34:35.721134,2026-04-07 11:34:36.240970,0 days 00:00:00.519836,20.090902817984944,16.208660843370602,0.6479899222712705,Au,COMPLETE
3638,0.0,2026-04-07 11:34:35.997885,2026-04-07 11:34:36.772662,0 days 00:00:00.774777,38.308832469424374,16.861607585033934,0.5149847895716432,Au,PRUNED
3639,-1.0,2026-04-07 11:34:35.988198,2026-04-07 11:34:36.820605,0 days 00:00:00.832407,40.074290069525745,19.94372172291975,0.7327927234746713,Au,COMPLETE
3640,-1.0,2026-04-07 11:34:35.956066,2026-04-07 11:34:36.544786,0 days 00:00:00.588720,31.5727166967481,19.99989675700121,0.4882754813836995,Cu,COMPLETE
3641,-13.44086021505203,2026-04-07 11:34:36.037436,2026-04-07 11:34:36.721074,0 days 00:00:00.683638,23.516796186193904,17.496260571629918,0.6151639510865455,Au,PRUNED
3642,0.0,2026-04-07 11:34:36.103504,2026-04-07 11:34:36.974837,0 days 00:00:00.871333,35.72608791249645,19.427505876422494,0.6043608495723617,Au,PRUNED
3643,0.0,2026-04-07 11:34:36.153767,2026-04-07 11:34:36.803672,0 days 00:00:00.649905,31.40211253764741,18.315300776260937,0.5240903849221292,Au,PRUNED
3644,-1.0,2026-04-07 11:34:36.423675,2026-04-07 11:34:37.066515,0 days 00:00:00.642840,32.34378037123757,16.707142162912156,0.6846307041972706,Au,COMPLETE
3645,-1.0,2026-04-07 11:34:36.497283,2026-04-07 11:34:37.185534,0 days 00:00:00.688251,32.71820946798716,19.1811814648743,0.6437115595048832,Au,COMPLETE
3646,-1.0,2026-04-07 11:34:36.839213,2026-04-07 11:34:37.292754,0 days 00:00:00.453541,20.76453957292129,17.163973362527532,0.5938062748420017,Au,COMPLETE
3647,-1.0,2026-04-07 11:34:36.859352,2026-04-07 11:34:37.404286,0 days 00:00:00.544934,33.35627475810847,18.944742212251985,0.5034265756171412,Au,COMPLETE
3648,-1.0,2026-04-07 11:34:36.908936,2026-04-07 11:34:37.602770,0 days 00:00:00.693834,20.828862848981608,18.376788216764847,0.5513957418414839,Au,COMPLETE
3649,-1.0,2026-04-07 11:34:36.933189,2026-04-07 11:34:37.436486,0 days 00:00:00.503297,27.191066909823654,19.808429913388444,0.622813092339417,Ag,COMPLETE
3650,0.0,2026-04-07 11:34:36.978489,2026-04-07 11:34:37.577086,0 days 00:00:00.598597,34.36485241728139,19.816262222048117,0.5720872026690049,Au,PRUNED
3651,-1.0,2026-04-07 11:34:37.077526,2026-04-07 11:34:37.688328,0 days 00:00:00.610802,20.001939467549107,16.819753129935837,0.5380847555606477,Au,COMPLETE
3652,-1.0,2026-04-07 11:34:37.257955,2026-04-07 11:34:37.804968,0 days 00:00:00.547013,36.62979543250021,19.403519487632497,0.5494412839538343,Au,COMPLETE
3653,-1.0,2026-04-07 11:34:37.404286,2026-04-07 11:34:38.196476,0 days 00:00:00.792190,35.6174141169149,16.855521777799773,0.5909343673241455,Au,COMPLETE
3654,-1.0,2026-04-07 11:34:37.497548,2026-04-07 11:34:38.195467,0 days 00:00:00.697919,101.38303977506143,16.675484691500486,1.1514374795181772,Au,COMPLETE
3655,-444.66145833326385,2026-04-07 11:34:37.631327,2026-04-07 11:34:38.305873,0 days 00:00:00.674546,21.699935123500595,19.69439615221138,0.6253983872672744,Au,COMPLETE
3656,-1.0,2026-04-07 11:34:37.694838,2026-04-07 11:34:38.308833,0 days 00:00:00.613995,20.182264256573102,18.56303322364267,0.8291888818223567,Au,COMPLETE
3657,-1.0,2026-04-07 11:34:37.744599,2026-04-07 11:34:38.242808,0 days 00:00:00.498209,33.871706120036166,19.773730514805838,0.6270076714397756,Au,COMPLETE
3658,-1.0,2026-04-07 11:34:37.820517,2026-04-07 11:34:38.416135,0 days 00:00:00.595618,21.761301776483524,19.557310918119917,0.7493664956308059,Au,COMPLETE
3659,-1.0,2026-04-07 11:34:37.874473,2026-04-07 11:34:38.384822,0 days 00:00:00.510349,34.626832703357124,19.912279437205317,0.4770370002879729,Au,COMPLETE
3660,-1.0,2026-04-07 11:34:37.996238,2026-04-07 11:34:38.611448,0 days 00:00:00.615210,44.27991856422629,19.68128291008049,0.45253617029283627,Au,COMPLETE
3661,-1.0,2026-04-07 11:34:38.336777,2026-04-07 11:34:38.915845,0 days 00:00:00.579068,29.499792483043358,16.8020255572957,0.49694864439939257,Au,COMPLETE
3662,-1.0,2026-04-07 11:34:38.404853,2026-04-07 11:34:38.930891,0 days 00:00:00.526038,23.594071232313684,19.923297989329086,0.5697636514481924,Au,COMPLETE
3663,-1.0,2026-04-07 11:34:38.441873,2026-04-07 11:34:38.963010,0 days 00:00:00.521137,38.21494326293845,18.515570662051385,0.6556869698763486,Au,COMPLETE
3664,-1.0,2026-04-07 11:34:38.532471,2026-04-07 11:34:39.141868,0 days 00:00:00.609397,38.881544367865175,17.447028169884575,0.7756349782557311,Au,COMPLETE
3665,-1.0,2026-04-07 11:34:38.558998,2026-04-07 11:34:39.055928,0 days 00:00:00.496930,20.337418860001076,18.194168570750996,0.46280435727205504,Au,COMPLETE
3666,-373.06843267103204,2026-04-07 11:34:38.632980,2026-04-07 11:34:39.251898,0 days 00:00:00.618918,21.30186280147202,19.16771285180482,0.5111975809120264,Au,COMPLETE
3667,0.0,2026-04-07 11:34:38.660834,2026-04-07 11:34:39.253028,0 days 00:00:00.592194,20.243062144626464,18.979670657081513,0.6454704485458442,Au,PRUNED
3668,-1.0,2026-04-07 11:34:38.801916,2026-04-07 11:34:39.335629,0 days 00:00:00.533713,43.77857925041728,17.219649222788064,0.5617813024963975,Au,COMPLETE
3669,0.0,2026-04-07 11:34:39.089075,2026-04-07 11:34:39.944395,0 days 00:00:00.855320,34.49412532620223,17.230084198353264,0.680315214736668,Au,PRUNED
3670,-1.0,2026-04-07 11:34:39.164050,2026-04-07 11:34:39.742165,0 days 00:00:00.578115,35.47785635933559,15.532084731676123,0.7693973625622983,Au,COMPLETE
3671,-1.0,2026-04-07 11:34:39.212966,2026-04-07 11:34:39.756701,0 days 00:00:00.543735,21.110275441066516,17.180493757796857,0.5864689427911245,Ag,COMPLETE
3672,0.0,2026-04-07 11:34:39.291183,2026-04-07 11:34:39.897680,0 days 00:00:00.606497,30.022143763244934,19.742239804338215,0.49567825390612186,Au,PRUNED
3673,-1.0,2026-04-07 11:34:39.387904,2026-04-07 11:34:39.896672,0 days 00:00:00.508768,21.017598256102325,17.868830584447334,0.4687463684533839,Au,COMPLETE
3674,-322.9166666666291,2026-04-07 11:34:39.408837,2026-04-07 11:34:40.135352,0 days 00:00:00.726515,22.17409339676981,17.679377197650556,0.582930332772966,Au,COMPLETE
3675,0.0,2026-04-07 11:34:39.493656,2026-04-07 11:34:40.048301,0 days 00:00:00.554645,33.02769155142913,17.835395808393635,0.6010046895964878,Au,PRUNED
3676,80.24691358024454,2026-04-07 11:34:39.515578,2026-04-07 11:34:40.288940,0 days 00:00:00.773362,32.224925293150676,16.69018209619342,0.6059152114330699,Au,PRUNED
3677,80.86419753086179,2026-04-07 11:34:39.856493,2026-04-07 11:34:40.622170,0 days 00:00:00.765677,30.634810899575008,17.251861171129864,0.6906086980118995,Au,PRUNED
3678,-1.0,2026-04-07 11:34:40.052372,2026-04-07 11:34:40.648082,0 days 00:00:00.595710,21.14278054888932,19.574126677923804,0.557490270903446,Au,COMPLETE
3679,-1.0,2026-04-07 11:34:40.138351,2026-04-07 11:34:40.623425,0 days 00:00:00.485074,28.306413027889448,17.512175826435907,0.7519494253853767,Au,COMPLETE
3680,-1.0,2026-04-07 11:34:40.171350,2026-04-07 11:34:40.743413,0 days 00:00:00.572063,20.21450831089072,18.394201573940986,0.5709994226056443,Au,COMPLETE
3681,-349.7395833332896,2026-04-07 11:34:40.192039,2026-04-07 11:34:40.884906,0 days 00:00:00.692867,20.957785228967875,19.122463749987094,0.46249950118947636,Au,COMPLETE
3682,0.0,2026-04-07 11:34:40.216614,2026-04-07 11:34:40.903296,0 days 00:00:00.686682,36.73488594516193,19.665283206566816,0.49386478477089013,Au,PRUNED
3683,-1.0,2026-04-07 11:34:40.293396,2026-04-07 11:34:40.840710,0 days 00:00:00.547314,37.02011787293132,19.64309889440871,0.563468293719265,Au,COMPLETE
3684,-1.0,2026-04-07 11:34:40.485786,2026-04-07 11:34:41.036598,0 days 00:00:00.550812,33.077307258171416,17.129632415293035,0.779742718906284,Au,COMPLETE
3685,-1.0,2026-04-07 11:34:40.778446,2026-04-07 11:34:41.462471,0 days 00:00:00.684025,46.36441313718427,19.935420423282427,0.6419390262445803,Au,COMPLETE
3686,-1.0,2026-04-07 11:34:40.815748,2026-04-07 11:34:41.434263,0 days 00:00:00.618515,21.576655161277618,19.882446613375073,0.9038738547446598,Au,COMPLETE
3687,-1.0,2026-04-07 11:34:40.830038,2026-04-07 11:34:41.380702,0 days 00:00:00.550664,30.025507344425748,19.965996538368312,0.8573957268686804,Au,COMPLETE
3688,-0.5165289256198261,2026-04-07 11:34:40.840710,2026-04-07 11:34:41.493731,0 days 00:00:00.653021,113.80386943858989,13.120514651688726,0.7043446156105848,Au,PRUNED
3689,-1.0,2026-04-07 11:34:40.935957,2026-04-07 11:34:41.432741,0 days 00:00:00.496784,23.81006763592366,19.94509257891986,0.4560669064362117,Au,COMPLETE
3690,0.0,2026-04-07 11:34:41.076755,2026-04-07 11:34:41.801438,0 days 00:00:00.724683,35.61985029423234,19.864838932832146,0.5499537020053662,Au,PRUNED
3691,-1.0,2026-04-07 11:34:41.146484,2026-04-07 11:34:41.616756,0 days 00:00:00.470272,20.879762903300414,14.903201061071133,0.5253367325335772,Au,COMPLETE
3692,-1.0,2026-04-07 11:34:41.206398,2026-04-07 11:34:41.584640,0 days 00:00:00.378242,29.73393283070661,17.03746359882434,0.8090666229367842,Au,COMPLETE
3693,0.0,2026-04-07 11:34:41.493731,2026-04-07 11:34:42.444990,0 days 00:00:00.951259,20.195608323363988,17.106386847240646,0.7727454088792384,Au,PRUNED
3694,-1.0,2026-04-07 11:34:41.651718,2026-04-07 11:34:42.274655,0 days 00:00:00.622937,29.5285750805853,17.799706213289504,0.5945260918046645,Au,COMPLETE
3695,-213.7254901960616,2026-04-07 11:34:41.668672,2026-04-07 11:34:42.429802,0 days 00:00:00.761130,21.528365530245036,19.518757419400647,0.52062577692173,Cu,COMPLETE
3696,-1.0,2026-04-07 11:34:41.702965,2026-04-07 11:34:42.325009,0 days 00:00:00.622044,24.44736152318743,19.94361976002989,0.5261616736056782,Au,COMPLETE
3697,81.48148148147907,2026-04-07 11:34:41.732952,2026-04-07 11:34:42.414027,0 days 00:00:00.681075,29.942946067984515,17.14921268324661,0.7880178440337693,Au,PRUNED
3698,0.0,2026-04-07 11:34:41.763642,2026-04-07 11:34:42.381513,0 days 00:00:00.617871,20.668239469156063,17.595824189676787,0.5907457008537162,Au,PRUNED
3699,-1.0,2026-04-07 11:34:41.980883,2026-04-07 11:34:42.524727,0 days 00:00:00.543844,31.17728510035841,17.285270661627766,0.9115538021260897,Au,COMPLETE
3700,-1.0,2026-04-07 11:34:41.994180,2026-04-07 11:34:42.908289,0 days 00:00:00.914109,28.47862127176905,19.802423953840023,0.7020165581662172,Au,COMPLETE
3701,-1.0,2026-04-07 11:34:42.463321,2026-04-07 11:34:43.197497,0 days 00:00:00.734176,27.717753156149158,19.486854050673703,0.6264026827594213,Au,COMPLETE
3702,80.55555555555317,2026-04-07 11:34:42.540313,2026-04-07 11:34:43.211966,0 days 00:00:00.671653,29.755863746835477,17.983123840205945,0.8547003319053391,Au,PRUNED
3703,-1.0,2026-04-07 11:34:42.556842,2026-04-07 11:34:43.025991,0 days 00:00:00.469149,20.18935656793919,18.644054273213147,0.7300656496601999,Au,COMPLETE
3704,0.0,2026-04-07 11:34:42.613319,2026-04-07 11:34:43.432546,0 days 00:00:00.819227,20.034399779024607,18.06155780811712,0.7917287661854867,Au,PRUNED
3705,-1.0,2026-04-07 11:34:42.740618,2026-04-07 11:34:43.228156,0 days 00:00:00.487538,20.651298476101136,18.382996039321036,0.7825986452150434,Au,COMPLETE
3706,-1.0,2026-04-07 11:34:42.728315,2026-04-07 11:34:43.226090,0 days 00:00:00.497775,21.603660723776375,19.580612888155,0.5607044539166411,Au,COMPLETE
3707,0.0,2026-04-07 11:34:42.777165,2026-04-07 11:34:43.480746,0 days 00:00:00.703581,31.267530937829832,19.810679062263315,0.6989574350618927,Au,PRUNED
3708,0.0,2026-04-07 11:34:43.053416,2026-04-07 11:34:43.826450,0 days 00:00:00.773034,41.522579146469994,19.99343754829723,0.6872313893847999,Au,PRUNED
3709,79.93827160493589,2026-04-07 11:34:43.180605,2026-04-07 11:34:43.879816,0 days 00:00:00.699211,31.168537711387074,17.338391577996777,0.9181787129306864,Au,PRUNED
3710,0.0,2026-04-07 11:34:43.340704,2026-04-07 11:34:44.160532,0 days 00:00:00.819828,20.54017291817982,16.903000604654892,1.047487590722598,Au,PRUNED
3711,82.72058823529169,2026-04-07 11:34:43.399410,2026-04-07 11:34:44.136381,0 days 00:00:00.736971,24.646640227795405,19.96803147891065,0.8689800354995189,Au,PRUNED
3712,0.0,2026-04-07 11:34:43.542542,2026-04-07 11:34:44.216192,0 days 00:00:00.673650,44.275797684669186,19.848806362984597,0.9535048013021843,Au,PRUNED
3713,0.0,2026-04-07 11:34:43.559181,2026-04-07 11:34:44.321815,0 days 00:00:00.762634,29.412465132306476,19.883935540152024,0.6017456171104395,Au,PRUNED
3714,-1.0,2026-04-07 11:34:43.578044,2026-04-07 11:34:44.106139,0 days 00:00:00.528095,21.253526972282497,15.451853810959305,0.48817212024695555,Au,COMPLETE
3715,83.33333333333088,2026-04-07 11:34:43.720250,2026-04-07 11:34:44.788729,0 days 00:00:01.068479,23.919221749803132,19.946622997148086,0.5195065777279548,Au,PRUNED
3716,-1.0,2026-04-07 11:34:43.961049,2026-04-07 11:34:44.652142,0 days 00:00:00.691093,30.93530545046813,19.880122462780736,0.6277437440846071,Au,COMPLETE
3717,-0.83333333333332,2026-04-07 11:34:44.064394,2026-04-07 11:34:44.758812,0 days 00:00:00.694418,97.83436880904449,10.398311343563915,1.5747147043937462,Cu,PRUNED
3718,-1.0,2026-04-07 11:34:44.281777,2026-04-07 11:34:44.835774,0 days 00:00:00.553997,35.53806388097747,15.178644341568356,0.5630841641549663,Au,COMPLETE
3719,-1.0,2026-04-07 11:34:44.313218,2026-04-07 11:34:44.777274,0 days 00:00:00.464056,30.53076685514374,19.895146005471567,1.0215509966186773,Au,COMPLETE
3720,0.0,2026-04-07 11:34:44.346184,2026-04-07 11:34:45.132868,0 days 00:00:00.786684,33.15902784218683,17.815669558121066,1.0708768497396488,Au,PRUNED
3721,-1.0,2026-04-07 11:34:44.376461,2026-04-07 11:34:44.850553,0 days 00:00:00.474092,34.10176363868783,19.79389425503565,0.8591525385307336,Au,COMPLETE
3722,-1.0,2026-04-07 11:34:44.418311,2026-04-07 11:34:44.992872,0 days 00:00:00.574561,23.33216785587194,19.699242506286154,0.7471259583906977,Au,COMPLETE
3723,-1.0,2026-04-07 11:34:44.881107,2026-04-07 11:34:45.556146,0 days 00:00:00.675039,38.14306212716755,17.843414559114564,0.7946455038580548,Au,COMPLETE
3724,-434.16030534344486,2026-04-07 11:34:44.974600,2026-04-07 11:34:45.587912,0 days 00:00:00.613312,20.736927252484424,19.726697523596865,1.2132402040218242,Au,COMPLETE
3725,-1.0,2026-04-07 11:34:45.017318,2026-04-07 11:34:45.526303,0 days 00:00:00.508985,20.54278555819501,19.970264345476107,0.9314231219065358,Au,COMPLETE
3726,-416.9730392156249,2026-04-07 11:34:45.070372,2026-04-07 11:34:45.784390,0 days 00:00:00.714018,20.599983837767073,19.825945894580773,0.8994436212147717,Au,COMPLETE
3727,-1.0,2026-04-07 11:34:45.105861,2026-04-07 11:34:45.522187,0 days 00:00:00.416326,20.503436214560427,18.16579419315276,0.787090819425484,Au,COMPLETE
3728,0.0,2026-04-07 11:34:45.150030,2026-04-07 11:34:45.894646,0 days 00:00:00.744616,30.10966660664848,19.935828125228007,0.6935483695414986,Au,PRUNED
3729,-5.952380952380102,2026-04-07 11:34:45.199992,2026-04-07 11:34:45.779769,0 days 00:00:00.579777,36.023141976298554,19.77990171691346,0.46325827341035963,Ag,PRUNED
3730,-1.0,2026-04-07 11:34:45.383082,2026-04-07 11:34:45.777763,0 days 00:00:00.394681,25.250306504698752,19.937303426251063,0.6624070357726386,Au,COMPLETE
3731,-441.2144702841686,2026-04-07 11:34:45.725865,2026-04-07 11:34:46.412221,0 days 00:00:00.686356,20.62001511079757,19.975458647994067,1.1534149454925005,Au,COMPLETE
3732,-1.0,2026-04-07 11:34:45.859806,2026-04-07 11:34:46.355392,0 days 00:00:00.495586,35.120078162435085,17.0839327005321,1.2517713032221303,Au,COMPLETE
3733,0.0,2026-04-07 11:34:45.912250,2026-04-07 11:34:46.629495,0 days 00:00:00.717245,29.505688184056808,19.944573480413712,1.2868909223100229,Au,PRUNED
3734,-407.3741007193657,2026-04-07 11:34:45.944609,2026-04-07 11:34:46.632047,0 days 00:00:00.687438,20.328514593498774,19.834327032532368,0.995102143679746,Au,COMPLETE
3735,-1.0,2026-04-07 11:34:45.958926,2026-04-07 11:34:46.507696,0 days 00:00:00.548770,20.285236160606186,15.776339110299583,1.1205305165376316,Au,COMPLETE
3736,-1.0,2026-04-07 11:34:46.007891,2026-04-07 11:34:46.434098,0 days 00:00:00.426207,20.23275241988192,17.099198551580294,0.7244273891034854,Au,COMPLETE
3737,0.0,2026-04-07 11:34:46.021574,2026-04-07 11:34:46.868917,0 days 00:00:00.847343,50.0702478329835,16.15801728805854,1.0308408914223481,Au,PRUNED
3738,0.0,2026-04-07 11:34:46.042713,2026-04-07 11:34:46.674131,0 days 00:00:00.631418,49.44542656915207,19.936446460637846,1.3819302242377525,Au,PRUNED
3739,0.0,2026-04-07 11:34:46.539233,2026-04-07 11:34:47.485012,0 days 00:00:00.945779,49.112436494500194,19.88086529422437,1.1634346669651974,Au,PRUNED
3740,-1.0,2026-04-07 11:34:46.693773,2026-04-07 11:34:47.413279,0 days 00:00:00.719506,110.64481739812607,12.093425772454573,0.6097640941483976,Cu,COMPLETE
3741,-1.0,2026-04-07 11:34:46.713044,2026-04-07 11:34:47.258847,0 days 00:00:00.545803,21.887323472838595,19.902761578425576,1.1424692717707723,Au,COMPLETE
3742,79.62962962962726,2026-04-07 11:34:46.780521,2026-04-07 11:34:47.336096,0 days 00:00:00.555575,31.533240853567502,17.135215166462718,0.9931212128185534,Au,PRUNED
3743,-1.0,2026-04-07 11:34:46.807856,2026-04-07 11:34:47.398929,0 days 00:00:00.591073,34.318395348085936,19.53546294936772,1.1559049212777222,Au,COMPLETE
3744,0.0,2026-04-07 11:34:46.821504,2026-04-07 11:34:47.605660,0 days 00:00:00.784156,36.62903859392303,19.61505697920526,1.142052028993046,Au,PRUNED
3745,0.0,2026-04-07 11:34:46.946814,2026-04-07 11:34:47.577589,0 days 00:00:00.630775,34.86889354426448,17.633621652930255,0.9670060225417503,Au,PRUNED
3746,-8.01282051281928,2026-04-07 11:34:46.970090,2026-04-07 11:34:47.617708,0 days 00:00:00.647618,21.904079554855564,19.731980755689637,0.8127495490131268,Au,PRUNED
3747,-1.0,2026-04-07 11:34:47.360670,2026-04-07 11:34:48.104135,0 days 00:00:00.743465,31.73029192541636,16.814747325471505,1.089890151950215,Au,COMPLETE
3748,-1.0,2026-04-07 11:34:47.397313,2026-04-07 11:34:48.074233,0 days 00:00:00.676920,36.914414262844645,19.96646847747467,0.7970492640552059,Au,COMPLETE
3749,-1.0,2026-04-07 11:34:47.636558,2026-04-07 11:34:48.236436,0 days 00:00:00.599878,21.448089119243075,19.961815388906704,0.7297377993554003,Au,COMPLETE
3750,-1.0,2026-04-07 11:34:47.698121,2026-04-07 11:34:48.354963,0 days 00:00:00.656842,20.00872538972672,17.798746090298714,1.008011050408101,Au,COMPLETE
3751,-1.0,2026-04-07 11:34:47.714493,2026-04-07 11:34:48.117277,0 days 00:00:00.402784,22.476967331458972,19.969191807844766,0.9956551879726758,Au,COMPLETE
3752,-1.0,2026-04-07 11:34:47.730934,2026-04-07 11:34:48.353552,0 days 00:00:00.622618,20.70301113415881,16.88508503019089,0.981992913028682,Au,COMPLETE
3753,-1.0,2026-04-07 11:34:47.758324,2026-04-07 11:34:48.165743,0 days 00:00:00.407419,28.17246422434881,14.216041604245834,0.9931043538686113,Au,COMPLETE
3754,-1.0,2026-04-07 11:34:47.784895,2026-04-07 11:34:48.306533,0 days 00:00:00.521638,33.35553492561859,19.763184392599534,1.0101505577963765,Au,COMPLETE
3755,-1.0,2026-04-07 11:34:48.195604,2026-04-07 11:34:48.769286,0 days 00:00:00.573682,21.13196209523214,16.594464900628786,0.9843947937151181,Au,COMPLETE
3756,-1.0,2026-04-07 11:34:48.244518,2026-04-07 11:34:48.833659,0 days 00:00:00.589141,21.240726646931112,17.54757042419048,1.2146675118430723,Au,COMPLETE
3757,0.0,2026-04-07 11:34:48.275706,2026-04-07 11:34:48.957951,0 days 00:00:00.682245,30.43672577753042,17.663474476246005,1.2351418849497873,Au,PRUNED
3758,0.0,2026-04-07 11:34:48.381943,2026-04-07 11:34:48.957423,0 days 00:00:00.575480,32.85805806842875,19.787365853273577,0.9111756749418232,Au,PRUNED
3759,-1.0,2026-04-07 11:34:48.406042,2026-04-07 11:34:48.956714,0 days 00:00:00.550672,21.470738528675742,19.892892921151965,0.4978042391908237,Au,COMPLETE
3760,-332.0932539682144,2026-04-07 11:34:48.544297,2026-04-07 11:34:49.197165,0 days 00:00:00.652868,21.156623030447072,18.166216370606133,1.0248078573014767,Au,COMPLETE
3761,0.0,2026-04-07 11:34:48.563943,2026-04-07 11:34:49.198131,0 days 00:00:00.634188,37.1554697619156,19.710043186034362,1.1859841943874263,Au,PRUNED
3762,-20.83333333333125,2026-04-07 11:34:48.586461,2026-04-07 11:34:49.286544,0 days 00:00:00.700083,45.21514821310481,16.23166761878214,0.9644974585374692,Ag,PRUNED
3763,0.0,2026-04-07 11:34:48.931247,2026-04-07 11:34:49.850472,0 days 00:00:00.919225,34.022058563731115,17.37941517243481,1.08420878983517,Au,PRUNED
3764,-1.0,2026-04-07 11:34:49.017806,2026-04-07 11:34:49.678497,0 days 00:00:00.660691,57.472125332339466,19.57288142048006,0.4889947163470567,Au,COMPLETE
3765,-28.508771929818558,2026-04-07 11:34:49.063893,2026-04-07 11:34:49.660563,0 days 00:00:00.596670,68.5147432453522,9.297539415103598,0.9816311002280755,Ag,PRUNED
3766,82.72058823529169,2026-04-07 11:34:49.083561,2026-04-07 11:34:49.778311,0 days 00:00:00.694750,24.830453151450016,19.93574342718499,0.5806757945995872,Au,PRUNED
3767,-1.0,2026-04-07 11:34:49.317617,2026-04-07 11:34:49.977328,0 days 00:00:00.659711,20.544938780173634,16.633325190112284,0.49166254303694656,Au,COMPLETE
3768,-8.333333333332382,2026-04-07 11:34:49.340872,2026-04-07 11:34:50.188513,0 days 00:00:00.847641,29.777321388789883,14.371773921358901,0.8115154437324961,Au,PRUNED
3769,-420.6790123456165,2026-04-07 11:34:49.348718,2026-04-07 11:34:50.162903,0 days 00:00:00.814185,20.345076706767383,19.853572382317015,1.1670228590766112,Au,COMPLETE
3770,0.0,2026-04-07 11:34:49.381809,2026-04-07 11:34:50.035851,0 days 00:00:00.654042,32.63861653023427,19.787134727403593,1.1959547865172988,Au,PRUNED
3771,0.0,2026-04-07 11:34:49.714344,2026-04-07 11:34:50.324470,0 days 00:00:00.610126,31.804022277327512,19.692796193796923,1.201035950455081,Au,PRUNED
3772,0.0,2026-04-07 11:34:49.878659,2026-04-07 11:34:50.819541,0 days 00:00:00.940882,20.019789262427352,17.63152586340616,1.0114586526315228,Au,PRUNED
3773,4.166666666666111,2026-04-07 11:34:49.915749,2026-04-07 11:34:50.818541,0 days 00:00:00.902792,22.851312062914563,19.910067461006168,1.0241397267355887,Au,PRUNED
3774,-1.0,2026-04-07 11:34:49.940061,2026-04-07 11:34:50.583845,0 days 00:00:00.643784,20.054178787011466,16.357859284737437,0.7287867361257876,Au,COMPLETE
3775,0.0,2026-04-07 11:34:50.109128,2026-04-07 11:34:50.789933,0 days 00:00:00.680805,34.63812883723542,19.997710058574803,1.2413573603981505,Au,PRUNED
3776,-320.8092485548764,2026-04-07 11:34:50.154681,2026-04-07 11:34:50.902315,0 days 00:00:00.747634,20.941795191941512,18.002863475428352,1.1020580124669612,Au,COMPLETE
3777,0.0,2026-04-07 11:34:50.255144,2026-04-07 11:34:50.821047,0 days 00:00:00.565903,20.56353644331856,16.76896352639918,0.610026119320216,Au,PRUNED
3778,0.0,2026-04-07 11:34:50.362484,2026-04-07 11:34:51.247782,0 days 00:00:00.885298,20.53366630030632,16.173505560857993,0.9912393558628727,Au,PRUNED
3779,-427.31829573928434,2026-04-07 11:34:50.449200,2026-04-07 11:34:51.234992,0 days 00:00:00.785792,20.66820202082476,19.971525413596602,0.8482606417049732,Au,COMPLETE
3780,-1.0,2026-04-07 11:34:50.922848,2026-04-07 11:34:51.394552,0 days 00:00:00.471704,44.17776154509694,16.84249321808681,1.0200911736855158,Au,COMPLETE
3781,0.0,2026-04-07 11:34:50.946427,2026-04-07 11:34:51.538022,0 days 00:00:00.591595,35.34436127248462,19.809298283541633,0.903565752556645,Au,PRUNED
3782,-1.0,2026-04-07 11:34:50.922848,2026-04-07 11:34:51.404581,0 days 00:00:00.481733,21.7671131336653,19.981070910374108,0.9736545966729758,Au,COMPLETE
3783,-1.0,2026-04-07 11:34:50.971189,2026-04-07 11:34:51.594674,0 days 00:00:00.623485,20.20386960151375,19.558430642637468,1.025441746526961,Au,COMPLETE
3784,0.0,2026-04-07 11:34:50.983772,2026-04-07 11:34:51.631388,0 days 00:00:00.647616,47.05227153618388,16.687366886325112,0.7968094771741564,Au,PRUNED
3785,-25.862068965513675,2026-04-07 11:34:51.230878,2026-04-07 11:34:51.897847,0 days 00:00:00.666969,28.39664674217906,19.889959487908698,0.9518027255347409,Ag,PRUNED
3786,81.80147058823289,2026-04-07 11:34:51.466528,2026-04-07 11:34:52.368364,0 days 00:00:00.901836,28.467457873562932,17.23379157322948,0.9016876231144589,Au,PRUNED
3787,-8.928571428570791,2026-04-07 11:34:51.567880,2026-04-07 11:34:52.387682,0 days 00:00:00.819802,35.5159489520677,7.45747331957044,1.4507702225682118,Cu,PRUNED
3788,-16.36904761904528,2026-04-07 11:34:51.591641,2026-04-07 11:34:52.292843,0 days 00:00:00.701202,34.12368584855304,18.98962679076258,1.001416969490837,Ag,PRUNED
3789,-1.0,2026-04-07 11:34:51.634454,2026-04-07 11:34:52.170751,0 days 00:00:00.536297,32.959538434134416,19.90698265647428,0.832559184040278,Au,COMPLETE
3790,-1.0,2026-04-07 11:34:51.692129,2026-04-07 11:34:52.171820,0 days 00:00:00.479691,20.021111906997152,17.450221915153694,0.745953455854587,Au,COMPLETE
3791,-1.0,2026-04-07 11:34:51.705022,2026-04-07 11:34:52.085232,0 days 00:00:00.380210,21.62368833398088,16.22070496748385,0.8827316322575867,Au,COMPLETE
3792,-1.0,2026-04-07 11:34:51.724149,2026-04-07 11:34:52.247334,0 days 00:00:00.523185,24.133682387508134,19.938768568631417,0.746100786330617,Au,COMPLETE
3793,0.0,2026-04-07 11:34:52.010016,2026-04-07 11:34:52.759675,0 days 00:00:00.749659,27.526849561336604,19.982033033155822,0.6762150257623674,Au,PRUNED
3794,-1.0,2026-04-07 11:34:52.328928,2026-04-07 11:34:52.962762,0 days 00:00:00.633834,117.288306354192,4.93684860969428,1.3438614096788302,Cu,COMPLETE
3795,-1.0,2026-04-07 11:34:52.389682,2026-04-07 11:34:52.953697,0 days 00:00:00.564015,32.36698406763624,17.2403321443416,0.941578524741671,Au,COMPLETE
3796,-1.0,2026-04-07 11:34:52.434687,2026-04-07 11:34:52.894891,0 days 00:00:00.460204,20.67611298052559,19.662480354004945,0.5015901700723809,Au,COMPLETE
3797,-1.0,2026-04-07 11:34:52.449539,2026-04-07 11:34:52.990477,0 days 00:00:00.540938,23.80417620637926,19.95223235978659,0.7487056211384522,Au,COMPLETE
3798,0.0,2026-04-07 11:34:52.466801,2026-04-07 11:34:53.132110,0 days 00:00:00.665309,29.44093900597362,19.949671662226837,1.0074234437325602,Au,PRUNED
3799,-1.0,2026-04-07 11:34:52.502180,2026-04-07 11:34:52.951695,0 days 00:00:00.449515,20.082784777297086,19.69800880144728,0.6285687010796553,Ag,COMPLETE
3800,82.72058823529169,2026-04-07 11:34:52.480542,2026-04-07 11:34:53.250440,0 days 00:00:00.769898,24.108047840182675,19.908239110112312,1.0619468918004482,Au,PRUNED
3801,-1.0,2026-04-07 11:34:52.815548,2026-04-07 11:34:53.594506,0 days 00:00:00.778958,22.53310750624747,19.62158719969298,0.6296486774591507,Ag,COMPLETE
3802,0.0,2026-04-07 11:34:53.012959,2026-04-07 11:34:53.615126,0 days 00:00:00.602167,20.332994907528843,19.195328681817394,0.6745158294402548,Au,PRUNED
3803,-1.0,2026-04-07 11:34:53.146676,2026-04-07 11:34:53.841025,0 days 00:00:00.694349,100.58939333682616,9.987673898439876,1.4800158061287234,Au,COMPLETE
3804,0.0,2026-04-07 11:34:53.197629,2026-04-07 11:34:53.910388,0 days 00:00:00.712759,20.615844075545134,16.963824647557548,0.8546032235032157,Au,PRUNED
3805,-1.0,2026-04-07 11:34:53.229282,2026-04-07 11:34:53.779949,0 days 00:00:00.550667,20.183386185594856,19.40297684897519,0.8031299787575811,Au,COMPLETE
3806,0.0,2026-04-07 11:34:53.271785,2026-04-07 11:34:53.939952,0 days 00:00:00.668167,37.363550043011955,17.829297603145722,0.8160618218926712,Au,PRUNED
3807,0.0,2026-04-07 11:34:53.305309,2026-04-07 11:34:53.910388,0 days 00:00:00.605079,37.53642433033056,17.349004987525525,0.8213495526297616,Au,PRUNED
3808,-1.0,2026-04-07 11:34:53.399982,2026-04-07 11:34:53.947611,0 days 00:00:00.547629,21.374189313758205,17.640986515616028,0.5971596758113203,Au,COMPLETE
3809,-308.4264432029449,2026-04-07 11:34:53.668091,2026-04-07 11:34:54.234135,0 days 00:00:00.566044,21.477420388810717,17.44226139467284,1.000116254247377,Au,COMPLETE
3810,-1.0,2026-04-07 11:34:53.727882,2026-04-07 11:34:54.534454,0 days 00:00:00.806572,20.7047693964642,19.93950416381999,1.0112530669545496,Au,COMPLETE
3811,0.0,2026-04-07 11:34:53.903075,2026-04-07 11:34:54.876759,0 days 00:00:00.973684,34.23976336940656,19.964133630412537,0.7283364932721885,Au,PRUNED
3812,-1.0,2026-04-07 11:34:53.991605,2026-04-07 11:34:54.603129,0 days 00:00:00.611524,47.47233682270241,19.865672010035325,0.6380644820740331,Au,COMPLETE
3813,-392.07175925920484,2026-04-07 11:34:54.011831,2026-04-07 11:34:54.735869,0 days 00:00:00.724038,20.38854813426033,19.81690225254529,0.7635051442239883,Au,COMPLETE
3814,-1.0,2026-04-07 11:34:54.052775,2026-04-07 11:34:54.608880,0 days 00:00:00.556105,45.52177340071876,19.99092531460275,0.6655430724082072,Au,COMPLETE
3815,83.33333333333088,2026-04-07 11:34:54.095522,2026-04-07 11:34:54.652597,0 days 00:00:00.557075,22.964724951870622,19.993598354205492,1.0174367508329334,Au,PRUNED
3816,0.0,2026-04-07 11:34:54.168397,2026-04-07 11:34:54.736878,0 days 00:00:00.568481,30.232116702729293,19.98760100086587,0.9472481493935214,Au,PRUNED
3817,0.0,2026-04-07 11:34:54.365320,2026-04-07 11:34:54.929007,0 days 00:00:00.563687,20.827882503226025,15.470339486133664,0.810730216435603,Au,PRUNED
3818,-1.0,2026-04-07 11:34:54.800913,2026-04-07 11:34:55.653979,0 days 00:00:00.853066,21.045665930736252,19.9983306618609,0.975622979521043,Au,COMPLETE
3819,0.0,2026-04-07 11:34:54.828608,2026-04-07 11:34:55.655094,0 days 00:00:00.826486,44.314032511495256,19.802192966059792,1.0190564224532919,Au,PRUNED
3820,-1.0,2026-04-07 11:34:54.898769,2026-04-07 11:34:55.498708,0 days 00:00:00.599939,29.092983043590337,17.560892293329534,0.9669729325026153,Au,COMPLETE
3821,0.0,2026-04-07 11:34:54.947503,2026-04-07 11:34:55.775666,0 days 00:00:00.828163,36.18667964590415,19.965389599837284,1.065246859716681,Au,PRUNED
3822,-1.0,2026-04-07 11:34:54.979979,2026-04-07 11:34:55.500182,0 days 00:00:00.520203,36.315684140214216,16.6423699606675,0.760548720635581,Au,COMPLETE
3823,-1.0,2026-04-07 11:34:55.042010,2026-04-07 11:34:55.657611,0 days 00:00:00.615601,22.20632188305232,19.992450519065624,0.6049387872819645,Au,COMPLETE
3824,0.0,2026-04-07 11:34:55.055160,2026-04-07 11:34:55.776665,0 days 00:00:00.721505,20.744739113853665,17.466904855669544,0.9899287896048512,Au,PRUNED
3825,4.084967320261118,2026-04-07 11:34:55.069438,2026-04-07 11:34:55.836442,0 days 00:00:00.767004,32.476429006836824,15.108347786929462,0.5301277253593307,Au,PRUNED
3826,-1.0,2026-04-07 11:34:55.570656,2026-04-07 11:34:56.243627,0 days 00:00:00.672971,36.77726039547945,19.91880445281416,1.1920155666829886,Au,COMPLETE
3827,-6.172839506171925,2026-04-07 11:34:55.743103,2026-04-07 11:34:56.455184,0 days 00:00:00.712081,21.72845277426753,19.807717438071673,1.0918747449834956,Au,PRUNED
3828,-434.47837150120574,2026-04-07 11:34:55.792555,2026-04-07 11:34:56.511885,0 days 00:00:00.719330,21.16302029394259,19.627836335579296,1.0734136228950004,Au,COMPLETE
3829,0.0,2026-04-07 11:34:55.845337,2026-04-07 11:34:56.510885,0 days 00:00:00.665548,20.391115942303525,17.224495074919606,0.8784695452447344,Au,PRUNED
3830,0.0,2026-04-07 11:34:55.867296,2026-04-07 11:34:56.677887,0 days 00:00:00.810591,39.674493032966154,19.945549844475885,1.077069858938801,Au,PRUNED
3831,0.0,2026-04-07 11:34:55.901839,2026-04-07 11:34:56.513888,0 days 00:00:00.612049,32.221119721833865,19.945913011652998,1.0543295551053664,Au,PRUNED
3832,79.32098765431864,2026-04-07 11:34:55.978647,2026-04-07 11:34:56.708434,0 days 00:00:00.729787,33.619990099947564,16.66243582833343,0.6513229475011828,Au,PRUNED
3833,-1.0,2026-04-07 11:34:55.996240,2026-04-07 11:34:56.414785,0 days 00:00:00.418545,30.66333965934738,17.635005943810828,0.8866337990883727,Au,COMPLETE
3834,-1.0,2026-04-07 11:34:56.556686,2026-04-07 11:34:57.334379,0 days 00:00:00.777693,41.061087407908516,17.37517584100594,0.5181653509553397,Au,COMPLETE
3835,-23.43749999999707,2026-04-07 11:34:56.589646,2026-04-07 11:34:57.492172,0 days 00:00:00.902526,53.71314277962356,14.395367863507065,0.656808554138842,Ag,PRUNED
3836,-1.0,2026-04-07 11:34:56.605261,2026-04-07 11:34:57.117902,0 days 00:00:00.512641,21.19095849513572,16.52613546513307,0.7595000735201763,Au,COMPLETE
3837,-1.0,2026-04-07 11:34:56.618842,2026-04-07 11:34:57.226516,0 days 00:00:00.607674,21.580584056861923,19.588694684778595,0.6693476953514291,Au,COMPLETE
3838,-1.0,2026-04-07 11:34:56.654942,2026-04-07 11:34:57.301782,0 days 00:00:00.646840,35.84531739499312,17.91914754185245,0.5857952914543819,Au,COMPLETE
3839,-1.0,2026-04-07 11:34:56.850307,2026-04-07 11:34:57.220911,0 days 00:00:00.370604,20.027017566979943,17.41081500034621,0.7219407303728932,Au,COMPLETE
3840,-1.0,2026-04-07 11:34:56.886444,2026-04-07 11:34:57.239058,0 days 00:00:00.352614,20.868872772812797,19.805860601978488,0.5871652664524782,Au,COMPLETE
3841,83.33333333333088,2026-04-07 11:34:56.901044,2026-04-07 11:34:57.494182,0 days 00:00:00.593138,23.648522021840748,19.95568445857666,0.6532177241691883,Au,PRUNED
3842,-1.0,2026-04-07 11:34:57.411967,2026-04-07 11:34:57.959081,0 days 00:00:00.547114,21.518392715896077,19.94310042031412,1.0480190074018063,Au,COMPLETE
3843,-1.0,2026-04-07 11:34:57.508595,2026-04-07 11:34:58.132346,0 days 00:00:00.623751,42.187901130125766,18.09028843024664,0.9044547091625985,Au,COMPLETE
3844,-1.0,2026-04-07 11:34:57.541384,2026-04-07 11:34:58.189518,0 days 00:00:00.648134,20.80864959174315,16.881514783231307,0.844118131401753,Au,COMPLETE
3845,-1.0,2026-04-07 11:34:57.603352,2026-04-07 11:34:58.080655,0 days 00:00:00.477303,33.98841308908382,16.402250110942177,0.9832166972626798,Au,COMPLETE
3846,0.0,2026-04-07 11:34:57.620144,2026-04-07 11:34:58.255396,0 days 00:00:00.635252,34.959015228712786,19.96573947167447,0.6216950342431287,Au,PRUNED
3847,0.0,2026-04-07 11:34:57.641513,2026-04-07 11:34:58.270296,0 days 00:00:00.628783,34.53389670714367,18.079279263003716,0.9073317182479914,Au,PRUNED
3848,-1.0,2026-04-07 11:34:57.666636,2026-04-07 11:34:58.081658,0 days 00:00:00.415022,115.5929877129602,18.331572075650513,1.2252934104091893,Cu,COMPLETE
3849,-1.0,2026-04-07 11:34:57.633387,2026-04-07 11:34:58.191519,0 days 00:00:00.558132,32.22231912288145,16.67388915452008,0.9647081649773454,Au,COMPLETE
3850,0.0,2026-04-07 11:34:58.288132,2026-04-07 11:34:58.927189,0 days 00:00:00.639057,36.27831797313069,19.789028852961273,0.8175457790974623,Au,PRUNED
3851,-1.5182186234817567,2026-04-07 11:34:58.305063,2026-04-07 11:34:58.926184,0 days 00:00:00.621121,117.99847931715534,2.1204215826502413,1.497864673056097,Ag,PRUNED
3852,-352.2012578615907,2026-04-07 11:34:58.318519,2026-04-07 11:34:59.307306,0 days 00:00:00.988787,20.25461465045928,19.271834812885835,0.9116361163683401,Au,COMPLETE
3853,0.0,2026-04-07 11:34:58.334691,2026-04-07 11:34:58.926184,0 days 00:00:00.591493,20.535586637221545,16.341656716989753,1.010290159797606,Au,PRUNED
3854,-1.1990407673860566,2026-04-07 11:34:58.351084,2026-04-07 11:34:59.108885,0 days 00:00:00.757801,20.654518778810427,19.85784870280861,1.094090582479696,Ag,PRUNED
3855,0.0,2026-04-07 11:34:58.364931,2026-04-07 11:34:59.010092,0 days 00:00:00.645161,20.173649714817632,19.627243782688474,0.7215475637657731,Au,PRUNED
3856,0.0,2026-04-07 11:34:58.382551,2026-04-07 11:34:59.385752,0 days 00:00:01.003201,32.462535982926894,17.41880407530836,1.1340147752000305,Au,PRUNED
3857,0.0,2026-04-07 11:34:58.433522,2026-04-07 11:34:59.066517,0 days 00:00:00.632995,30.579885890422798,19.96868210621423,1.142419946951366,Au,PRUNED
3858,-1.0,2026-04-07 11:34:59.024409,2026-04-07 11:34:59.750873,0 days 00:00:00.726464,21.022217485155085,16.839783594664134,1.1414220002004454,Au,COMPLETE
3859,79.0441176470565,2026-04-07 11:34:59.031653,2026-04-07 11:34:59.918584,0 days 00:00:00.886931,35.50076059089864,15.101080939701564,0.796242342198601,Au,PRUNED
3860,-1.0,2026-04-07 11:34:59.144142,2026-04-07 11:34:59.653176,0 days 00:00:00.509034,38.988821845568964,19.884584089997475,0.6420439896641142,Au,COMPLETE
3861,-1.0,2026-04-07 11:34:59.174351,2026-04-07 11:34:59.724403,0 days 00:00:00.550052,26.1311879718031,7.731365871990061,1.336739920496616,Ag,COMPLETE
3862,-1.0,2026-04-07 11:34:59.205056,2026-04-07 11:34:59.627199,0 days 00:00:00.422143,102.05004552321952,18.79481628004622,1.8315247827360905,Ag,COMPLETE
3863,0.0,2026-04-07 11:34:59.219062,2026-04-07 11:34:59.799765,0 days 00:00:00.580703,20.012455164384914,19.313071148880024,0.9272953451779244,Au,PRUNED
3864,0.0,2026-04-07 11:34:59.488420,2026-04-07 11:35:00.531593,0 days 00:00:01.043173,21.485173802108044,17.127471588643466,0.5646809857357988,Au,PRUNED
3865,0.0,2026-04-07 11:34:59.554013,2026-04-07 11:35:00.486249,0 days 00:00:00.932236,41.17110536274657,17.214309972649698,0.8041662846341262,Au,PRUNED
3866,-1.0,2026-04-07 11:34:59.798759,2026-04-07 11:35:00.424915,0 days 00:00:00.626156,20.958942284961637,17.414548312161674,0.902393583459298,Au,COMPLETE
3867,-383.5034013604926,2026-04-07 11:34:59.860045,2026-04-07 11:35:00.797115,0 days 00:00:00.937070,20.409959387426387,19.61617940968084,0.8475627849841315,Au,COMPLETE
3868,0.0,2026-04-07 11:34:59.876272,2026-04-07 11:35:00.817226,0 days 00:00:00.940954,34.794664545094676,17.965413329478,0.8546099398990886,Au,PRUNED
3869,0.0,2026-04-07 11:34:59.911500,2026-04-07 11:35:00.610760,0 days 00:00:00.699260,30.54297907569653,19.78644427064342,0.47732486669322377,Au,PRUNED
3870,0.0,2026-04-07 11:34:59.920633,2026-04-07 11:35:00.422728,0 days 00:00:00.502095,48.76429917341916,17.591430394043492,1.2413246947980354,Au,PRUNED
3871,-1.0,2026-04-07 11:35:00.025620,2026-04-07 11:35:00.563277,0 days 00:00:00.537657,20.25134161160542,17.81350747811486,0.9143388742016729,Au,COMPLETE
3872,0.0,2026-04-07 11:35:00.448404,2026-04-07 11:35:01.269888,0 days 00:00:00.821484,36.19558862017946,18.210354050964902,0.6810241575618694,Au,PRUNED
3873,-1.0,2026-04-07 11:35:00.643545,2026-04-07 11:35:01.378552,0 days 00:00:00.735007,34.266320427962896,14.394228154100276,1.0577425655170285,Au,COMPLETE
3874,0.0,2026-04-07 11:35:00.674238,2026-04-07 11:35:01.382337,0 days 00:00:00.708099,20.38045973151676,17.600439964800366,0.5697612823577879,Au,PRUNED
3875,80.24691358024454,2026-04-07 11:35:00.755151,2026-04-07 11:35:01.410743,0 days 00:00:00.655592,31.172073245819973,16.899186829417122,1.0193313820515872,Au,PRUNED
3876,-1.0,2026-04-07 11:35:00.815223,2026-04-07 11:35:01.409520,0 days 00:00:00.594297,20.086123274554552,18.204864132850076,1.005258280469031,Au,COMPLETE
3877,-1.0,2026-04-07 11:35:00.848035,2026-04-07 11:35:01.571654,0 days 00:00:00.723619,31.87728161558679,19.962758748581546,0.8879121179431274,Au,COMPLETE
3878,-1.0,2026-04-07 11:35:00.934932,2026-04-07 11:35:01.455054,0 days 00:00:00.520122,31.77822580514583,17.137514062102788,1.0548465361723665,Au,COMPLETE
3879,-1.0,2026-04-07 11:35:01.085004,2026-04-07 11:35:01.523998,0 days 00:00:00.438994,38.70531976243622,19.946118338879653,1.074867864496984,Au,COMPLETE
3880,0.0,2026-04-07 11:35:01.304600,2026-04-07 11:35:02.077236,0 days 00:00:00.772636,33.689339526446,17.499250744280758,0.9401642609192742,Au,PRUNED
3881,80.24691358024454,2026-04-07 11:35:01.556962,2026-04-07 11:35:02.157306,0 days 00:00:00.600344,30.440713729069437,17.525249015549136,1.0405132001511923,Au,PRUNED
3882,-1.0,2026-04-07 11:35:01.562967,2026-04-07 11:35:02.081300,0 days 00:00:00.518333,20.978225499392842,17.166252484933423,1.0992836979659133,Au,COMPLETE
3883,0.0,2026-04-07 11:35:01.574219,2026-04-07 11:35:02.238819,0 days 00:00:00.664600,21.310998939469656,13.26197938526461,0.9486685815156035,Au,PRUNED
3884,-1.0,2026-04-07 11:35:01.649120,2026-04-07 11:35:02.347299,0 days 00:00:00.698179,37.8564475411914,19.929684295370564,0.438737425919317,Au,COMPLETE
3885,-1.0,2026-04-07 11:35:01.689505,2026-04-07 11:35:02.209240,0 days 00:00:00.519735,21.730862296690947,19.952823893458003,0.5403632199075122,Au,COMPLETE
3886,0.0,2026-04-07 11:35:01.735151,2026-04-07 11:35:02.565114,0 days 00:00:00.829963,21.567499799220805,14.092833654581481,0.8261566424464627,Au,PRUNED
3887,-3.67647058823515,2026-04-07 11:35:01.753959,2026-04-07 11:35:02.516420,0 days 00:00:00.762461,92.42393445742337,1.9278287442600117,1.8549070519303488,Ag,PRUNED
3888,-1.0,2026-04-07 11:35:02.159320,2026-04-07 11:35:02.812236,0 days 00:00:00.652916,21.61682879045583,19.820651992879043,1.1734559864480754,Au,COMPLETE
3889,-1.0,2026-04-07 11:35:02.212242,2026-04-07 11:35:02.923470,0 days 00:00:00.711228,21.452556281342513,19.8271902872875,1.14884431562444,Au,COMPLETE
3890,-0.6775067750677396,2026-04-07 11:35:02.302658,2026-04-07 11:35:03.140752,0 days 00:00:00.838094,96.18673431019774,14.958235048061155,1.1888541586471255,Cu,PRUNED
3891,0.0,2026-04-07 11:35:02.398191,2026-04-07 11:35:03.020496,0 days 00:00:00.622305,33.494211113878436,19.900663975424543,0.8377436344596911,Au,PRUNED
3892,-423.81840796013535,2026-04-07 11:35:02.456782,2026-04-07 11:35:03.331058,0 days 00:00:00.874276,20.48068913589618,19.998114507572314,0.924435385175808,Au,COMPLETE
3893,-1.0,2026-04-07 11:35:02.635657,2026-04-07 11:35:03.177126,0 days 00:00:00.541469,21.288546860690186,17.657461046449818,1.1229637166426243,Au,COMPLETE
3894,-359.7756410255949,2026-04-07 11:35:02.643697,2026-04-07 11:35:03.300670,0 days 00:00:00.656973,20.116343035466794,19.36461221035852,1.0452745370257719,Au,COMPLETE
3895,0.0,2026-04-07 11:35:02.706179,2026-04-07 11:35:03.361918,0 days 00:00:00.655739,35.76176942331283,17.43941315769341,0.454856283182644,Au,PRUNED
3896,-1.0,2026-04-07 11:35:02.988553,2026-04-07 11:35:03.609570,0 days 00:00:00.621017,36.77396069388682,16.739565108765394,0.4451902585871721,Au,COMPLETE
3897,-1.0,2026-04-07 11:35:03.179546,2026-04-07 11:35:03.685040,0 days 00:00:00.505494,20.320608279812813,18.5084560255977,0.808982722795474,Au,COMPLETE
3898,-1.0,2026-04-07 11:35:03.237962,2026-04-07 11:35:03.846434,0 days 00:00:00.608472,20.274384215215026,19.920984329927897,0.546581340766139,Au,COMPLETE
3899,83.02696078431127,2026-04-07 11:35:03.254657,2026-04-07 11:35:04.075897,0 days 00:00:00.821240,24.112424577023997,19.922780737389797,0.8085709846648163,Au,PRUNED
3900,-1.0,2026-04-07 11:35:03.292342,2026-04-07 11:35:03.846434,0 days 00:00:00.554092,44.58583669259099,18.791078730799928,0.9505546473706515,Au,COMPLETE
3901,-1.0,2026-04-07 11:35:03.416029,2026-04-07 11:35:03.882570,0 days 00:00:00.466541,20.348872901225306,16.96231656558586,0.9709507827644522,Au,COMPLETE
3902,0.0,2026-04-07 11:35:03.506066,2026-04-07 11:35:04.393306,0 days 00:00:00.887240,46.326610769194986,17.234249302040524,1.1797562863093025,Au,PRUNED
3903,-1.0,2026-04-07 11:35:03.531733,2026-04-07 11:35:04.137675,0 days 00:00:00.605942,20.293477836065414,19.544489229009642,0.8142219356420729,Au,COMPLETE
3904,0.0,2026-04-07 11:35:03.916448,2026-04-07 11:35:04.322207,0 days 00:00:00.405759,34.252791917770395,17.832668209492226,0.9941137852914137,Au,PRUNED
3905,-1.0,2026-04-07 11:35:03.903766,2026-04-07 11:35:04.204524,0 days 00:00:00.300758,20.510236058088676,16.847919215967096,1.0931763207646026,Au,COMPLETE
3906,-1.0,2026-04-07 11:35:03.952730,2026-04-07 11:35:04.507749,0 days 00:00:00.555019,21.44534598335947,19.903764768200535,1.2719012542938049,Au,COMPLETE
3907,-0.8928571428571173,2026-04-07 11:35:03.950517,2026-04-07 11:35:04.859116,0 days 00:00:00.908599,21.029956690599917,16.94064043782029,1.138874416190416,Ag,PRUNED
3908,-16.30434782608554,2026-04-07 11:35:03.773922,2026-04-07 11:35:04.734322,0 days 00:00:00.960400,67.32275426780907,5.083668105789046,1.2186486554230131,Au,PRUNED
3909,-1.0,2026-04-07 11:35:04.289098,2026-04-07 11:35:04.937936,0 days 00:00:00.648838,28.70320696462744,19.95127166839507,0.9334298954061919,Au,COMPLETE
3910,0.0,2026-04-07 11:35:04.389285,2026-04-07 11:35:05.105916,0 days 00:00:00.716631,27.556051035510283,19.835687800112957,1.1006116953879104,Au,PRUNED
3911,0.0,2026-04-07 11:35:04.438235,2026-04-07 11:35:05.105916,0 days 00:00:00.667681,35.87582916264761,18.669681620066722,1.0964595051415984,Au,PRUNED
3912,0.0,2026-04-07 11:35:04.460098,2026-04-07 11:35:05.069282,0 days 00:00:00.609184,20.492727295871305,18.631545173259482,1.0120462146677565,Au,PRUNED
3913,-1.0,2026-04-07 11:35:04.484151,2026-04-07 11:35:04.912713,0 days 00:00:00.428562,33.479522535465776,19.858989501663654,0.9144458380824503,Au,COMPLETE
3914,0.0,2026-04-07 11:35:04.743310,2026-04-07 11:35:05.376334,0 days 00:00:00.633024,33.16856906478312,17.654044056388745,1.1024100876029517,Au,PRUNED
3915,0.0,2026-04-07 11:35:04.803631,2026-04-07 11:35:05.448333,0 days 00:00:00.644702,33.368856488797114,17.586860629505896,0.8891242220745799,Au,PRUNED
3916,-1.0,2026-04-07 11:35:05.002369,2026-04-07 11:35:05.532351,0 days 00:00:00.529982,20.456816102287785,19.680680227540805,0.7968520424903551,Au,COMPLETE
3917,-1.0,2026-04-07 11:35:05.079841,2026-04-07 11:35:05.755449,0 days 00:00:00.675608,38.01226068750632,19.672956183562217,0.9567412171397004,Au,COMPLETE
3918,-1.0,2026-04-07 11:35:05.154334,2026-04-07 11:35:05.823704,0 days 00:00:00.669370,20.01161184610027,13.183611095526672,1.0359561262467152,Au,COMPLETE
3919,-1.0,2026-04-07 11:35:05.233688,2026-04-07 11:35:05.766448,0 days 00:00:00.532760,34.80210641685437,17.98336027477348,0.9592825829692877,Au,COMPLETE
3920,-1.0,2026-04-07 11:35:05.248140,2026-04-07 11:35:05.755449,0 days 00:00:00.507309,20.324244219181775,19.788182798005437,0.9641606992641831,Au,COMPLETE
3921,0.0,2026-04-07 11:35:05.281437,2026-04-07 11:35:06.042105,0 days 00:00:00.760668,33.36933356984274,19.545505857267745,1.1570136735074843,Au,PRUNED
3922,9.403372243839025,2026-04-07 11:35:05.535349,2026-04-07 11:35:05.980112,0 days 00:00:00.444763,99.63286660855559,16.062369414383237,0.43668574596767795,Ag,PRUNED
3923,-444.98697916659717,2026-04-07 11:35:05.579413,2026-04-07 11:35:06.506514,0 days 00:00:00.927101,21.097350962281322,19.996381076448902,0.7608729483425221,Au,COMPLETE
3924,-1.0,2026-04-07 11:35:05.695227,2026-04-07 11:35:06.402834,0 days 00:00:00.707607,34.23581605636015,19.938751480811234,0.854821409830147,Au,COMPLETE
3925,0.0,2026-04-07 11:35:05.872051,2026-04-07 11:35:06.804428,0 days 00:00:00.932377,20.21904462265035,17.211314277517985,1.0402601678455057,Au,PRUNED
3926,-1.0,2026-04-07 11:35:05.999910,2026-04-07 11:35:06.789528,0 days 00:00:00.789618,50.18029397751202,4.626200491313933,0.9842718444251299,Au,COMPLETE
3927,0.0,2026-04-07 11:35:06.061369,2026-04-07 11:35:06.804428,0 days 00:00:00.743059,37.04501336369011,19.968943194385798,0.7489436684031576,Au,PRUNED
3928,-1.0,2026-04-07 11:35:06.073057,2026-04-07 11:35:06.757292,0 days 00:00:00.684235,30.746479431561596,19.993894426014382,0.8459291647074769,Au,COMPLETE
3929,-8.802816901407956,2026-04-07 11:35:06.146824,2026-04-07 11:35:06.802821,0 days 00:00:00.655997,73.56546980520704,7.107593272938576,1.9843157480727327,Cu,PRUNED
3930,-1.0,2026-04-07 11:35:06.184019,2026-04-07 11:35:06.721512,0 days 00:00:00.537493,52.63815408025415,19.96725302074289,0.9483721644260384,Au,COMPLETE
3931,-401.59574468079353,2026-04-07 11:35:06.841526,2026-04-07 11:35:07.429095,0 days 00:00:00.587569,20.522159236951442,19.840527349310886,0.7939987540221798,Au,COMPLETE
3932,-395.3962703962157,2026-04-07 11:35:06.870989,2026-04-07 11:35:07.584089,0 days 00:00:00.713100,20.205127472183342,19.93207980735303,0.8608436468562934,Au,COMPLETE
3933,0.0,2026-04-07 11:35:06.902085,2026-04-07 11:35:07.630671,0 days 00:00:00.728586,20.074063487892445,17.05135582717603,0.7356020938177884,Au,PRUNED
3934,-1.0,2026-04-07 11:35:06.915831,2026-04-07 11:35:07.676565,0 days 00:00:00.760734,35.581356361495935,17.716307061922066,0.6197580490563774,Au,COMPLETE
3935,-1.0,2026-04-07 11:35:06.931777,2026-04-07 11:35:07.544987,0 days 00:00:00.613210,45.2858107921573,13.931303725959184,0.6581179898157474,Au,COMPLETE
3936,-8.01282051281928,2026-04-07 11:35:06.946501,2026-04-07 11:35:07.727868,0 days 00:00:00.781367,21.492165255012097,19.845283704743146,0.919945432727819,Au,PRUNED
3937,-1.0,2026-04-07 11:35:06.991841,2026-04-07 11:35:07.678572,0 days 00:00:00.686731,33.16451393137341,19.93327930652995,0.6885791646050192,Au,COMPLETE
3938,-9.615384615383135,2026-04-07 11:35:07.009761,2026-04-07 11:35:07.605882,0 days 00:00:00.596121,21.83856891479191,19.618680326774065,0.856635582886042,Au,PRUNED
3939,-1.0,2026-04-07 11:35:07.605882,2026-04-07 11:35:08.106406,0 days 00:00:00.500524,32.05865760039883,19.9204121359716,0.6300205389927638,Au,COMPLETE
3940,0.0,2026-04-07 11:35:07.712930,2026-04-07 11:35:08.333252,0 days 00:00:00.620322,20.111856826690623,17.947558655923455,1.0976792502730455,Au,PRUNED
3941,-372.24061810149647,2026-04-07 11:35:07.728867,2026-04-07 11:35:08.310867,0 days 00:00:00.582000,20.199749784055864,19.830900153114424,0.6471894228060959,Au,COMPLETE
3942,-1.0,2026-04-07 11:35:07.808350,2026-04-07 11:35:08.308868,0 days 00:00:00.500518,34.002491993750496,17.057986028832815,0.7314696841562687,Au,COMPLETE
3943,-1.0,2026-04-07 11:35:07.820762,2026-04-07 11:35:08.267084,0 days 00:00:00.446322,32.19097954929886,14.134631447394444,0.9373816050785666,Ag,COMPLETE
3944,0.0,2026-04-07 11:35:07.835792,2026-04-07 11:35:08.758923,0 days 00:00:00.923131,37.41023043993418,16.65659193844665,0.6622090329017963,Au,PRUNED
3945,-1.0,2026-04-07 11:35:07.867037,2026-04-07 11:35:08.459322,0 days 00:00:00.592285,22.152264206065134,16.23561019813977,0.55722392250635,Au,COMPLETE
3946,0.0,2026-04-07 11:35:08.016748,2026-04-07 11:35:08.727263,0 days 00:00:00.710515,21.51015664256009,17.31868961329103,0.4823598974568952,Au,PRUNED
3947,-1.0,2026-04-07 11:35:08.367001,2026-04-07 11:35:08.998091,0 days 00:00:00.631090,21.95580731544005,19.887056489704847,0.9531502683172896,Au,COMPLETE
3948,0.0,2026-04-07 11:35:08.414598,2026-04-07 11:35:09.149502,0 days 00:00:00.734904,20.218554385795958,15.422870412808146,0.7463360656718441,Au,PRUNED
3949,0.0,2026-04-07 11:35:08.431367,2026-04-07 11:35:09.147269,0 days 00:00:00.715902,38.175125351627074,19.669487443514477,0.8187955504254698,Au,PRUNED
3950,-1.0,2026-04-07 11:35:08.499529,2026-04-07 11:35:09.144714,0 days 00:00:00.645185,20.304664993633555,19.777760130397926,0.7522715484123267,Au,COMPLETE
3951,-0.8928571428571173,2026-04-07 11:35:08.539038,2026-04-07 11:35:09.270643,0 days 00:00:00.731605,20.695390609980645,16.71966953510198,0.8491301444671157,Ag,PRUNED
3952,0.0,2026-04-07 11:35:08.682711,2026-04-07 11:35:09.449150,0 days 00:00:00.766439,20.265716152425952,19.173968475580086,0.6304487668854843,Au,PRUNED
3953,-22.91666666666208,2026-04-07 11:35:08.788214,2026-04-07 11:35:09.549310,0 days 00:00:00.761096,49.51144342562996,6.03789605013959,1.8845763546588983,Ag,PRUNED
3954,-1.0,2026-04-07 11:35:08.884052,2026-04-07 11:35:09.550313,0 days 00:00:00.666261,35.49033188314478,19.916941491524735,0.9151168948577043,Ag,COMPLETE
3955,-1.0,2026-04-07 11:35:09.205037,2026-04-07 11:35:09.959667,0 days 00:00:00.754630,29.25828824891618,19.798426384851357,0.794289935276955,Au,COMPLETE
3956,0.0,2026-04-07 11:35:09.245309,2026-04-07 11:35:09.864893,0 days 00:00:00.619584,20.01152236992677,16.824470941246123,0.5787080890891348,Au,PRUNED
3957,-392.3611111110566,2026-04-07 11:35:09.301907,2026-04-07 11:35:10.144226,0 days 00:00:00.842319,20.24417437595505,19.875247813200424,0.8563535752541219,Au,COMPLETE
3958,-1.0,2026-04-07 11:35:09.359759,2026-04-07 11:35:10.037845,0 days 00:00:00.678086,20.345909636691392,16.73896368971308,0.8555151296299761,Au,COMPLETE
3959,0.0,2026-04-07 11:35:09.452149,2026-04-07 11:35:10.191407,0 days 00:00:00.739258,31.98732591398355,19.859239221266517,1.0426218175323643,Au,PRUNED
3960,0.0,2026-04-07 11:35:09.520753,2026-04-07 11:35:10.207683,0 days 00:00:00.686930,30.570768752183035,19.919446648686325,1.0661519918952327,Au,PRUNED
3961,-1.0,2026-04-07 11:35:09.739941,2026-04-07 11:35:10.332304,0 days 00:00:00.592363,20.084791778084863,17.771929947342617,0.9966905979477685,Au,COMPLETE
3962,-1.0,2026-04-07 11:35:09.775772,2026-04-07 11:35:10.363422,0 days 00:00:00.587650,22.175083363381813,19.817262694972275,0.5975340726173646,Au,COMPLETE
3963,-8.333333333332,2026-04-07 11:35:10.055455,2026-04-07 11:35:10.955689,0 days 00:00:00.900234,21.25351554498615,19.93396078909904,1.0006507186499398,Au,PRUNED
3964,-1.0,2026-04-07 11:35:10.120302,2026-04-07 11:35:10.848740,0 days 00:00:00.728438,38.939793055067504,19.97970305303255,0.4066451767772551,Au,COMPLETE
3965,-1.0,2026-04-07 11:35:10.238613,2026-04-07 11:35:10.931090,0 days 00:00:00.692477,21.768675869852046,19.93257007467278,0.7391361040291256,Au,COMPLETE
3966,-1.0,2026-04-07 11:35:10.336826,2026-04-07 11:35:10.846219,0 days 00:00:00.509393,20.253252868535505,16.924877180126163,0.7380861586354501,Au,COMPLETE
3967,72.68856447688353,2026-04-07 11:35:10.405267,2026-04-07 11:35:11.361720,0 days 00:00:00.956453,36.82732400987345,18.13698971210404,0.3978047156063317,Cu,PRUNED
3968,-1.0,2026-04-07 11:35:10.426455,2026-04-07 11:35:10.847227,0 days 00:00:00.420772,20.970980961869547,16.849761500957115,0.638409643357494,Au,COMPLETE
3969,-1.0,2026-04-07 11:35:10.490542,2026-04-07 11:35:10.863110,0 days 00:00:00.372568,33.55782151462709,17.665684860404227,0.768713208495222,Au,COMPLETE
3970,-1.0,2026-04-07 11:35:10.566502,2026-04-07 11:35:11.125485,0 days 00:00:00.558983,48.05566101046418,19.937344899071753,0.9474930917843999,Au,COMPLETE
3971,0.0,2026-04-07 11:35:10.889845,2026-04-07 11:35:11.392703,0 days 00:00:00.502858,33.20150755037793,19.84073841717698,0.5842937371935948,Au,PRUNED
3972,-1.0,2026-04-07 11:35:10.999042,2026-04-07 11:35:11.553842,0 days 00:00:00.554800,32.24843929091263,17.53030674040056,0.96926546002809,Au,COMPLETE
3973,0.0,2026-04-07 11:35:10.928577,2026-04-07 11:35:11.911073,0 days 00:00:00.982496,46.570515477183,17.260276668308983,0.8090047686125491,Au,PRUNED
3974,-1.0,2026-04-07 11:35:11.042560,2026-04-07 11:35:11.526173,0 days 00:00:00.483613,45.96382649454314,19.84511695755591,0.8137132306443722,Au,COMPLETE
3975,-1.0,2026-04-07 11:35:11.209816,2026-04-07 11:35:11.661953,0 days 00:00:00.452137,35.93127641089969,19.90096889430086,0.46941422628171925,Au,COMPLETE
3976,-1.0,2026-04-07 11:35:11.392703,2026-04-07 11:35:11.913602,0 days 00:00:00.520899,23.12115143304201,19.887978110153547,0.7494064931853336,Au,COMPLETE
3977,-1.0,2026-04-07 11:35:11.453554,2026-04-07 11:35:12.157487,0 days 00:00:00.703933,61.950215462737724,6.168900649239709,0.9659743136320449,Cu,COMPLETE
3978,0.0,2026-04-07 11:35:11.471563,2026-04-07 11:35:12.285370,0 days 00:00:00.813807,41.36067399248261,14.731271990729756,0.8201848835974702,Au,PRUNED
3979,0.0,2026-04-07 11:35:11.486937,2026-04-07 11:35:12.330088,0 days 00:00:00.843151,34.73608921319485,17.757000807518857,0.7227398566703995,Au,PRUNED
3980,-1.0,2026-04-07 11:35:11.813034,2026-04-07 11:35:12.189571,0 days 00:00:00.376537,38.73306875293285,19.945786909821344,0.9113132376150348,Au,COMPLETE
3981,-1.0,2026-04-07 11:35:11.830240,2026-04-07 11:35:12.331643,0 days 00:00:00.501403,33.42077482277502,19.589453352836173,0.948111187535226,Au,COMPLETE
3982,-1.0,2026-04-07 11:35:11.846079,2026-04-07 11:35:12.535593,0 days 00:00:00.689514,31.132236210956307,14.550300533566734,0.6855128380792807,Au,COMPLETE
3983,-0.5364806866952697,2026-04-07 11:35:12.058472,2026-04-07 11:35:12.748285,0 days 00:00:00.689813,72.75535041596731,16.629929073490132,1.2267692128175622,Au,PRUNED
3984,-1.0,2026-04-07 11:35:12.049699,2026-04-07 11:35:12.623376,0 days 00:00:00.573677,30.325963909797725,17.617593048912216,1.108792345359338,Au,COMPLETE
3985,0.0,2026-04-07 11:35:12.300651,2026-04-07 11:35:12.961776,0 days 00:00:00.661125,20.080427446315586,16.237777147830144,0.7767493648439943,Au,PRUNED
3986,-1.0,2026-04-07 11:35:12.380769,2026-04-07 11:35:12.961776,0 days 00:00:00.581007,20.423418551357283,17.84614857656405,1.0876397957322317,Au,COMPLETE
3987,-1.0,2026-04-07 11:35:12.393689,2026-04-07 11:35:12.828176,0 days 00:00:00.434487,32.43833562661422,16.98112246636746,0.7414439631759709,Au,COMPLETE
3988,-1.0,2026-04-07 11:35:12.445184,2026-04-07 11:35:13.042673,0 days 00:00:00.597489,34.03667716405978,19.69752997587233,0.8087671572183444,Au,COMPLETE
3989,0.0,2026-04-07 11:35:12.415400,2026-04-07 11:35:13.269570,0 days 00:00:00.854170,32.93842324606486,17.074724305406175,0.8115363427482454,Au,PRUNED
3990,-1.0,2026-04-07 11:35:12.729939,2026-04-07 11:35:13.282039,0 days 00:00:00.552100,21.178585793319172,16.530607524235013,0.6912039606218063,Au,COMPLETE
3991,-1.0,2026-04-07 11:35:12.815942,2026-04-07 11:35:13.437618,0 days 00:00:00.621676,32.7227412315356,19.91299812871821,0.600658470791062,Au,COMPLETE
3992,0.0,2026-04-07 11:35:12.843272,2026-04-07 11:35:13.497987,0 days 00:00:00.654715,28.910558946245715,19.966045141287776,0.7653788708009646,Au,PRUNED
3993,-1.0,2026-04-07 11:35:12.972965,2026-04-07 11:35:13.783121,0 days 00:00:00.810156,20.370936802202056,17.293661152938384,0.5357940832585921,Au,COMPLETE
3994,0.0,2026-04-07 11:35:13.022937,2026-04-07 11:35:13.848605,0 days 00:00:00.825668,32.37943829155083,17.435142724022217,0.83787272833723,Au,PRUNED
3995,-1.0,2026-04-07 11:35:13.184211,2026-04-07 11:35:13.661886,0 days 00:00:00.477675,30.341195158332603,19.91013794669145,0.8026473771728928,Au,COMPLETE
3996,0.0,2026-04-07 11:35:13.198786,2026-04-07 11:35:13.988664,0 days 00:00:00.789878,22.695314520588536,19.90170028279693,0.7304055239971258,Au,PRUNED
3997,-1.0,2026-04-07 11:35:13.416085,2026-04-07 11:35:13.805698,0 days 00:00:00.389613,20.020184351506973,19.30783603494356,0.5058282061596663,Au,COMPLETE
3998,-1.0,2026-04-07 11:35:13.500595,2026-04-07 11:35:14.367424,0 days 00:00:00.866829,20.159453031695683,16.80374888190635,1.1346658965809107,Au,COMPLETE
3999,0.0,2026-04-07 11:35:13.585825,2026-04-07 11:35:14.463850,0 days 00:00:00.878025,30.552994829445097,19.792211214201927,1.0715495602564413,Au,PRUNED
4000,79.93827160493589,2026-04-07 11:35:13.601478,2026-04-07 11:35:14.461337,0 days 00:00:00.859859,31.58772136398975,17.169168158785475,0.8934468665046837,Au,PRUNED
4001,0.0,2026-04-07 11:35:13.767017,2026-04-07 11:35:14.462844,0 days 00:00:00.695827,33.59873066822951,19.93492701236447,1.0838609637618324,Au,PRUNED
4002,0.0,2026-04-07 11:35:13.945425,2026-04-07 11:35:14.736835,0 days 00:00:00.791410,34.515132603328965,18.099672099803055,1.120436777243871,Au,PRUNED
4003,0.0,2026-04-07 11:35:13.977592,2026-04-07 11:35:14.796797,0 days 00:00:00.819205,20.347147606887738,17.65416923076544,1.0220916259245751,Au,PRUNED
4004,0.0,2026-04-07 11:35:14.020207,2026-04-07 11:35:14.735824,0 days 00:00:00.715617,20.14784159213988,17.41251601820148,1.1275219931179576,Au,PRUNED
4005,-1.0,2026-04-07 11:35:14.038627,2026-04-07 11:35:14.615653,0 days 00:00:00.577026,38.535976755166494,14.753724165921016,1.083987758089591,Au,COMPLETE
4006,0.0,2026-04-07 11:35:14.484796,2026-04-07 11:35:15.272345,0 days 00:00:00.787549,20.916209661392678,16.879572143819882,0.9254285479325137,Au,PRUNED
4007,-1.0,2026-04-07 11:35:14.568319,2026-04-07 11:35:15.271082,0 days 00:00:00.702763,29.489900333628064,17.241373336831312,0.9440769035595201,Au,COMPLETE
4008,0.0,2026-04-07 11:35:14.642099,2026-04-07 11:35:15.241551,0 days 00:00:00.599452,20.362574063555048,18.56436905301471,0.8227237850045648,Au,PRUNED
4009,-1.0,2026-04-07 11:35:14.680781,2026-04-07 11:35:15.317362,0 days 00:00:00.636581,33.68931184543783,17.466425208701118,0.6754382093093865,Au,COMPLETE
4010,-1.0,2026-04-07 11:35:14.833484,2026-04-07 11:35:15.460502,0 days 00:00:00.627018,31.730577554957748,17.324386337024343,0.8408887473867812,Au,COMPLETE
4011,0.0,2026-04-07 11:35:14.880394,2026-04-07 11:35:15.789442,0 days 00:00:00.909048,37.210290230960524,19.940453084639998,0.8473176833558207,Au,PRUNED
4012,-378.07606263977044,2026-04-07 11:35:14.898227,2026-04-07 11:35:15.553099,0 days 00:00:00.654872,20.754011222635945,19.465524081873586,0.6791502619566088,Au,COMPLETE
4013,0.0,2026-04-07 11:35:14.950943,2026-04-07 11:35:15.461502,0 days 00:00:00.510559,35.98865076615169,19.982289185792673,0.9644643156379529,Au,PRUNED
4014,-1.0,2026-04-07 11:35:15.433795,2026-04-07 11:35:16.191926,0 days 00:00:00.758131,34.13493301914069,17.365973757507128,0.5006811497178703,Au,COMPLETE
4015,-1.0,2026-04-07 11:35:15.504311,2026-04-07 11:35:16.148811,0 days 00:00:00.644500,96.6050924374809,8.585101703608583,0.5273025882969204,Cu,COMPLETE
4016,-1.0,2026-04-07 11:35:15.524050,2026-04-07 11:35:16.190912,0 days 00:00:00.666862,92.41064339345917,1.4824193915030186,1.6475797603665285,Au,COMPLETE
4017,0.0,2026-04-07 11:35:15.571376,2026-04-07 11:35:16.507176,0 days 00:00:00.935800,30.595964744722217,19.741604678200943,1.0827655944366583,Au,PRUNED
4018,0.0,2026-04-07 11:35:15.603429,2026-04-07 11:35:16.398534,0 days 00:00:00.795105,20.24310524035705,19.455151116025228,0.7471868000132056,Au,PRUNED
4019,0.0,2026-04-07 11:35:15.725752,2026-04-07 11:35:16.403050,0 days 00:00:00.677298,20.81289672186775,17.722209573704244,0.8765828454830881,Au,PRUNED
4020,-386.7009132419558,2026-04-07 11:35:15.806352,2026-04-07 11:35:16.400659,0 days 00:00:00.594307,20.00464070845581,19.861732462575386,1.0011620029547745,Au,COMPLETE
4021,-1.0,2026-04-07 11:35:15.887158,2026-04-07 11:35:16.854809,0 days 00:00:00.967651,20.272477058184194,17.500135849828126,1.1349883829215746,Au,COMPLETE
4022,-1.0,2026-04-07 11:35:16.224124,2026-04-07 11:35:16.894549,0 days 00:00:00.670425,20.519663475406336,17.172298575997246,0.9909980214084789,Au,COMPLETE
4023,-370.6140350876705,2026-04-07 11:35:16.410085,2026-04-07 11:35:17.112564,0 days 00:00:00.702479,20.220921795971943,19.374578666359163,1.1354099139090197,Au,COMPLETE
4024,0.0,2026-04-07 11:35:16.504604,2026-04-07 11:35:17.035192,0 days 00:00:00.530588,37.03442745960884,19.90026753787428,1.123719822958623,Au,PRUNED
4025,-1.0,2026-04-07 11:35:16.527195,2026-04-07 11:35:17.018245,0 days 00:00:00.491050,49.42246042253762,14.932818497843018,1.2351517390947266,Au,COMPLETE
4026,0.0,2026-04-07 11:35:16.504604,2026-04-07 11:35:17.191100,0 days 00:00:00.686496,20.287506452174156,18.181001488137095,1.1612428828046792,Au,PRUNED
4027,-1.0,2026-04-07 11:35:16.583649,2026-04-07 11:35:17.286448,0 days 00:00:00.702799,31.84686858265647,17.893642844543034,0.8155962132520955,Au,COMPLETE
4028,0.0,2026-04-07 11:35:16.733322,2026-04-07 11:35:17.564091,0 days 00:00:00.830769,45.16127115864281,16.481910254317654,0.9811069375957684,Au,PRUNED
4029,0.0,2026-04-07 11:35:17.059821,2026-04-07 11:35:17.866403,0 days 00:00:00.806582,32.50497961469648,17.235024896003985,1.1720249108642065,Au,PRUNED
4030,0.0,2026-04-07 11:35:17.098961,2026-04-07 11:35:17.813088,0 days 00:00:00.714127,46.531985927674995,17.409650030701716,1.0101122597009158,Au,PRUNED
4031,-1.0,2026-04-07 11:35:17.115696,2026-04-07 11:35:17.750134,0 days 00:00:00.634438,45.71695943255578,2.4476367480736263,1.9014439021843104,Ag,COMPLETE
4032,-1.0,2026-04-07 11:35:17.206409,2026-04-07 11:35:17.699368,0 days 00:00:00.492959,26.763224954071138,19.939890840688562,1.0157896680526324,Au,COMPLETE
4033,-452.0502645501923,2026-04-07 11:35:17.380406,2026-04-07 11:35:18.127418,0 days 00:00:00.747012,21.544490894710318,19.96474164981077,0.4563092796536603,Au,COMPLETE
4034,-1.0,2026-04-07 11:35:17.395493,2026-04-07 11:35:17.977670,0 days 00:00:00.582177,33.11188039913487,18.00431615623011,1.1580422361457785,Au,COMPLETE
4035,-0.8680555555555314,2026-04-07 11:35:17.480137,2026-04-07 11:35:18.264064,0 days 00:00:00.783927,54.05587727985651,16.86392300158685,0.42622395867060303,Au,PRUNED
4036,-1.0,2026-04-07 11:35:17.662727,2026-04-07 11:35:18.402419,0 days 00:00:00.739692,20.819409248806554,19.936564022452487,1.1642357664387462,Au,COMPLETE
4037,-1.0,2026-04-07 11:35:17.912543,2026-04-07 11:35:18.440299,0 days 00:00:00.527756,35.16563156018019,19.795013846983124,0.7224824953083184,Au,COMPLETE
4038,0.0,2026-04-07 11:35:17.948367,2026-04-07 11:35:18.670746,0 days 00:00:00.722379,20.615197639048596,18.2828330411253,0.8987627433157886,Au,PRUNED
4039,-325.0487329434317,2026-04-07 11:35:17.982185,2026-04-07 11:35:18.606094,0 days 00:00:00.623909,22.855385941392058,17.470541430696734,0.3837961737869456,Au,COMPLETE
4040,-430.87121212114675,2026-04-07 11:35:18.106082,2026-04-07 11:35:18.914771,0 days 00:00:00.808689,21.21992697180204,19.696195636246102,0.7897419734001105,Au,COMPLETE
4041,-1.0,2026-04-07 11:35:18.201353,2026-04-07 11:35:18.789830,0 days 00:00:00.588477,39.28820093188322,19.703430707815944,0.4723396795034476,Au,COMPLETE
4042,82.71604938271359,2026-04-07 11:35:18.345443,2026-04-07 11:35:19.340526,0 days 00:00:00.995083,26.058398106640098,19.86537212292998,0.42815765485113866,Au,PRUNED
4043,81.17283950617043,2026-04-07 11:35:18.548938,2026-04-07 11:35:19.297094,0 days 00:00:00.748156,29.62323928218004,17.997628865265437,0.4751680002833972,Au,PRUNED
4044,-1.0,2026-04-07 11:35:18.651418,2026-04-07 11:35:19.177454,0 days 00:00:00.526036,36.41097889239515,19.94854444652455,0.5219595118331573,Au,COMPLETE
4045,-1.0,2026-04-07 11:35:18.607428,2026-04-07 11:35:19.324709,0 days 00:00:00.717281,30.182014801469798,19.477848773407988,0.488961804948688,Au,COMPLETE
4046,-1.0,2026-04-07 11:35:18.755186,2026-04-07 11:35:19.509902,0 days 00:00:00.754716,36.97657452531444,19.587725461170137,0.3798516223660299,Au,COMPLETE
4047,-1.0,2026-04-07 11:35:18.857117,2026-04-07 11:35:19.338953,0 days 00:00:00.481836,100.46659648459675,15.681641430148296,0.2224219842613323,Cu,COMPLETE
4048,82.72058823529169,2026-04-07 11:35:18.989077,2026-04-07 11:35:19.654314,0 days 00:00:00.665237,25.934387922910005,19.377161207871083,0.4287507101948058,Au,PRUNED
4049,-398.1807511736532,2026-04-07 11:35:19.073021,2026-04-07 11:35:19.767863,0 days 00:00:00.694842,20.666425635048554,19.89693730995246,0.5483729871044938,Au,COMPLETE
4050,0.0,2026-04-07 11:35:19.292477,2026-04-07 11:35:20.103926,0 days 00:00:00.811449,32.76840623105048,18.750146200826613,0.37437182980942274,Au,PRUNED
4051,-1.0,2026-04-07 11:35:19.343648,2026-04-07 11:35:20.184873,0 days 00:00:00.841225,35.62330759004266,19.918436390354607,0.6071747270259666,Au,COMPLETE
4052,-0.5827505827505663,2026-04-07 11:35:19.473691,2026-04-07 11:35:20.138756,0 days 00:00:00.665065,52.21815858278393,16.946283906437266,0.5595758405958957,Au,PRUNED
4053,-1.0,2026-04-07 11:35:19.553187,2026-04-07 11:35:20.305728,0 days 00:00:00.752541,21.621703211331752,17.679808753692676,0.47043477998549404,Au,COMPLETE
4054,0.0,2026-04-07 11:35:19.592559,2026-04-07 11:35:20.228848,0 days 00:00:00.636289,30.86623888026106,19.97228334404411,0.6388201257919572,Au,PRUNED
4055,-1.0,2026-04-07 11:35:19.796419,2026-04-07 11:35:20.365770,0 days 00:00:00.569351,20.697650771221678,19.764920779510998,0.44681867874876297,Au,COMPLETE
4056,-1.0,2026-04-07 11:35:19.770873,2026-04-07 11:35:20.264757,0 days 00:00:00.493884,31.868738859154348,16.366038486169977,0.3940849121108632,Au,COMPLETE
4057,-1.0,2026-04-07 11:35:19.920490,2026-04-07 11:35:20.635839,0 days 00:00:00.715349,25.52950917228288,16.27959758196432,0.45460063320934596,Au,COMPLETE
4058,-1.0,2026-04-07 11:35:20.167912,2026-04-07 11:35:20.727421,0 days 00:00:00.559509,22.51441805165296,17.53660682375428,0.5614514968645135,Au,COMPLETE
4059,83.02696078431127,2026-04-07 11:35:20.188874,2026-04-07 11:35:20.846058,0 days 00:00:00.657184,24.74652306114715,19.908201138305824,0.4385065702423119,Au,PRUNED
4060,0.0,2026-04-07 11:35:20.340092,2026-04-07 11:35:20.883384,0 days 00:00:00.543292,32.918669936192906,18.168837099755574,0.47073889456128115,Au,PRUNED
4061,-1.0,2026-04-07 11:35:20.383748,2026-04-07 11:35:20.883384,0 days 00:00:00.499636,29.553740611203295,17.04720180370908,0.45058930466446284,Au,COMPLETE
4062,-1.0,2026-04-07 11:35:20.465291,2026-04-07 11:35:21.085925,0 days 00:00:00.620634,73.54280281367974,19.858920116661267,1.7387811381665648,Cu,COMPLETE
4063,-1.0,2026-04-07 11:35:20.531076,2026-04-07 11:35:21.154587,0 days 00:00:00.623511,32.80599817637857,17.094656753421365,0.6384888203673293,Au,COMPLETE
4064,-1.0,2026-04-07 11:35:20.575955,2026-04-07 11:35:21.014285,0 days 00:00:00.438330,27.466965689785464,16.74044748094263,0.46369763166206096,Au,COMPLETE
4065,2.873563218390408,2026-04-07 11:35:20.827774,2026-04-07 11:35:21.619670,0 days 00:00:00.791896,23.079680384199296,19.972015777976992,0.6764381450304117,Au,PRUNED
4066,0.0,2026-04-07 11:35:20.945152,2026-04-07 11:35:21.665653,0 days 00:00:00.720501,22.438092225904985,19.93225973645055,0.8428473285795306,Au,PRUNED
4067,0.0,2026-04-07 11:35:20.961916,2026-04-07 11:35:21.679337,0 days 00:00:00.717421,21.054513281015925,17.991394220455952,0.5264029123921947,Au,PRUNED
4068,-1.0,2026-04-07 11:35:21.020377,2026-04-07 11:35:21.678799,0 days 00:00:00.658422,20.024300180944962,19.68833399146125,0.5933835118460092,Au,COMPLETE
4069,80.26960784313488,2026-04-07 11:35:21.088927,2026-04-07 11:35:21.971996,0 days 00:00:00.883069,31.945675426018404,16.363297495054436,0.6640900339854298,Au,PRUNED
4070,79.32098765431864,2026-04-07 11:35:21.156596,2026-04-07 11:35:22.022092,0 days 00:00:00.865496,32.9684336775969,17.133669594492126,0.47065733464447335,Au,PRUNED
4071,-444.66145833326385,2026-04-07 11:35:21.271874,2026-04-07 11:35:21.904099,0 days 00:00:00.632225,21.521694215516202,19.931229077040374,0.3771368046618445,Au,COMPLETE
4072,0.0,2026-04-07 11:35:21.379477,2026-04-07 11:35:22.037200,0 days 00:00:00.657723,38.19052463445688,19.576513534523258,0.37881155821822093,Au,PRUNED
4073,-15.765765765764062,2026-04-07 11:35:21.751484,2026-04-07 11:35:22.522703,0 days 00:00:00.771219,27.040943021970403,16.548915365869135,0.5042391604380613,Cu,PRUNED
4074,-1.0,2026-04-07 11:35:21.798449,2026-04-07 11:35:22.524219,0 days 00:00:00.725770,21.550115908542427,19.69612064451249,0.34359361731875004,Au,COMPLETE
4075,-427.00501253126436,2026-04-07 11:35:21.840066,2026-04-07 11:35:22.755301,0 days 00:00:00.915235,21.47473350125341,19.8366530829007,0.28649286647465905,Au,COMPLETE
4076,-1.0,2026-04-07 11:35:22.046725,2026-04-07 11:35:22.727070,0 days 00:00:00.680345,20.01360360943115,19.20026397618574,0.360605518742638,Au,COMPLETE
4077,-1.0,2026-04-07 11:35:22.098070,2026-04-07 11:35:22.731642,0 days 00:00:00.633572,24.037738883828723,19.989027206329126,0.3259840582675205,Au,COMPLETE
4078,-1.0,2026-04-07 11:35:22.120311,2026-04-07 11:35:22.769861,0 days 00:00:00.649550,21.001821771375308,18.36246365757924,0.35014583425805557,Au,COMPLETE
4079,-1.0,2026-04-07 11:35:22.086539,2026-04-07 11:35:22.611897,0 days 00:00:00.525358,118.79079171101228,13.335087307968706,1.5189583743905475,Au,COMPLETE
4080,0.0,2026-04-07 11:35:22.157638,2026-04-07 11:35:22.904169,0 days 00:00:00.746531,20.670253145458524,17.891050814960202,0.5158036678237208,Au,PRUNED
4081,0.0,2026-04-07 11:35:22.643470,2026-04-07 11:35:23.197851,0 days 00:00:00.554381,20.017346267576453,12.301827969574134,0.7207402975816873,Au,PRUNED
4082,-1.0,2026-04-07 11:35:22.614404,2026-04-07 11:35:23.384395,0 days 00:00:00.769991,38.39070353805724,17.15461349840561,0.24187711427620395,Au,COMPLETE
4083,-1.0,2026-04-07 11:35:22.821752,2026-04-07 11:35:23.425925,0 days 00:00:00.604173,40.686343730663275,18.73230667065208,0.26365772414999433,Au,COMPLETE
4084,-1.0,2026-04-07 11:35:22.900770,2026-04-07 11:35:23.412036,0 days 00:00:00.511266,53.24586279151433,19.39293982226181,0.3777881349165835,Au,COMPLETE
4085,0.0,2026-04-07 11:35:22.950184,2026-04-07 11:35:23.638260,0 days 00:00:00.688076,32.387862303107056,18.440372620688446,0.329220380511893,Au,PRUNED
4086,0.0,2026-04-07 11:35:22.915861,2026-04-07 11:35:23.903788,0 days 00:00:00.987927,48.403205896514066,16.875250557585808,0.24486050114377378,Au,PRUNED
4087,-1.0,2026-04-07 11:35:22.985439,2026-04-07 11:35:23.499036,0 days 00:00:00.513597,25.137349443271816,18.809769700742212,0.2886883566263041,Au,COMPLETE
4088,-361.8279569892011,2026-04-07 11:35:23.007646,2026-04-07 11:35:23.681605,0 days 00:00:00.673959,20.75943363753088,19.558776911411186,0.33885397160994574,Au,COMPLETE
4089,-1.0,2026-04-07 11:35:23.287722,2026-04-07 11:35:23.837142,0 days 00:00:00.549420,23.822445160171217,18.764033707031597,0.433687371018566,Au,COMPLETE
4090,0.0,2026-04-07 11:35:23.464207,2026-04-07 11:35:24.258275,0 days 00:00:00.794068,39.38117852081102,18.75407393587044,0.343464908654151,Au,PRUNED
4091,-1.0,2026-04-07 11:35:23.564369,2026-04-07 11:35:24.005798,0 days 00:00:00.441429,42.36939198725109,19.93066966887688,0.11977100038309613,Au,COMPLETE
4092,-1.0,2026-04-07 11:35:23.759142,2026-04-07 11:35:24.335861,0 days 00:00:00.576719,35.3229133020496,19.43107941436514,0.2890821308624344,Au,COMPLETE
4093,79.93827160493589,2026-04-07 11:35:23.853793,2026-04-07 11:35:24.785203,0 days 00:00:00.931410,32.125777668294575,17.745730229564263,0.2342976700832671,Au,PRUNED
4094,-1.0,2026-04-07 11:35:23.949832,2026-04-07 11:35:24.536435,0 days 00:00:00.586603,22.68284990233718,17.92921052508558,0.4608278495236315,Au,COMPLETE
4095,-12.626262626261097,2026-04-07 11:35:23.978425,2026-04-07 11:35:24.964635,0 days 00:00:00.986210,24.27485269900203,19.551970422649696,0.23939447543219608,Cu,PRUNED
4096,0.0,2026-04-07 11:35:23.992597,2026-04-07 11:35:24.605305,0 days 00:00:00.612708,23.472753754925417,15.685034598824402,0.4085302812386572,Au,PRUNED
4097,-1.0,2026-04-07 11:35:24.039298,2026-04-07 11:35:24.847462,0 days 00:00:00.808164,30.695202793800213,15.429157069648081,0.42042054636903015,Au,COMPLETE
4098,81.17283950617043,2026-04-07 11:35:24.203489,2026-04-07 11:35:24.716976,0 days 00:00:00.513487,29.723632482267384,18.083062725236896,0.36012790478844203,Au,PRUNED
4099,79.93827160493589,2026-04-07 11:35:24.363362,2026-04-07 11:35:25.107682,0 days 00:00:00.744320,31.9425745790824,17.32706916118526,0.5054100791834089,Au,PRUNED
4100,-1.0,2026-04-07 11:35:24.525452,2026-04-07 11:35:25.238162,0 days 00:00:00.712710,21.20115615150142,17.139455649570166,0.31414486616141735,Au,COMPLETE
4101,-1.0,2026-04-07 11:35:24.640839,2026-04-07 11:35:25.391700,0 days 00:00:00.750861,35.336774886954665,18.91756696672299,0.3399848908693455,Au,COMPLETE
4102,-1.0,2026-04-07 11:35:24.628550,2026-04-07 11:35:25.424721,0 days 00:00:00.796171,20.189562490662677,15.416003651573458,0.3301504094460051,Au,COMPLETE
4103,-2.0833333333332984,2026-04-07 11:35:24.906940,2026-04-07 11:35:25.539091,0 days 00:00:00.632151,115.9546725372566,1.0001822395800168,0.34757624610216953,Au,PRUNED
4104,-1.0,2026-04-07 11:35:24.864758,2026-04-07 11:35:25.486375,0 days 00:00:00.621617,20.256772993228772,17.493555655283004,0.3696990447631895,Au,COMPLETE
4105,-1.0,2026-04-07 11:35:25.028978,2026-04-07 11:35:25.576042,0 days 00:00:00.547064,31.09091807508338,18.683234529405464,0.3041583810922476,Au,COMPLETE
4106,81.49509803921329,2026-04-07 11:35:25.052097,2026-04-07 11:35:25.618353,0 days 00:00:00.566256,30.544725241685835,16.624514773626526,0.39800129559662256,Au,PRUNED
4107,-1.0,2026-04-07 11:35:25.200559,2026-04-07 11:35:25.751081,0 days 00:00:00.550522,24.72368465353154,19.97361633669075,0.14821406671288834,Au,COMPLETE
4108,-1.0,2026-04-07 11:35:25.454435,2026-04-07 11:35:25.931628,0 days 00:00:00.477193,33.488123262442656,17.748401909699833,0.38283610876592333,Au,COMPLETE
4109,-1.0,2026-04-07 11:35:25.565418,2026-04-07 11:35:26.154370,0 days 00:00:00.588952,44.13490623853349,19.088001614997182,0.3886853982810649,Au,COMPLETE
4110,-1.0,2026-04-07 11:35:25.665520,2026-04-07 11:35:26.173658,0 days 00:00:00.508138,39.618003034452485,19.685781968222376,0.4128246891754227,Au,COMPLETE
4111,5.208333333332682,2026-04-07 11:35:25.678595,2026-04-07 11:35:26.163295,0 days 00:00:00.484700,25.599387523274626,18.800268928067318,0.28818833933234933,Au,PRUNED
4112,0.0,2026-04-07 11:35:25.699664,2026-04-07 11:35:26.295396,0 days 00:00:00.595732,20.33960137544365,19.3323956355883,0.49478781362466095,Au,PRUNED
4113,0.0,2026-04-07 11:35:25.714873,2026-04-07 11:35:26.468872,0 days 00:00:00.753999,20.014336523260322,19.9790025958545,0.5363357226178795,Au,PRUNED
4114,-1.0,2026-04-07 11:35:25.690740,2026-04-07 11:35:26.179565,0 days 00:00:00.488825,24.11533902144813,19.963006747065123,0.3053786500835045,Au,COMPLETE
4115,0.0,2026-04-07 11:35:25.985405,2026-04-07 11:35:26.569400,0 days 00:00:00.583995,30.338032370947918,19.53346368293316,0.41320982373805154,Au,PRUNED
4116,83.33333333333088,2026-04-07 11:35:26.143497,2026-04-07 11:35:26.898106,0 days 00:00:00.754609,24.630141978728417,19.563790951705613,0.38136269593003547,Au,PRUNED
4117,0.0,2026-04-07 11:35:26.353207,2026-04-07 11:35:26.962667,0 days 00:00:00.609460,20.437537775398663,19.08923801118644,0.3512528846238914,Au,PRUNED
4118,83.33333333333088,2026-04-07 11:35:26.380920,2026-04-07 11:35:27.302116,0 days 00:00:00.921196,24.08307565007719,19.877187385778825,0.35965330696708725,Au,PRUNED
4119,0.0,2026-04-07 11:35:26.414882,2026-04-07 11:35:27.242329,0 days 00:00:00.827447,38.36526966959663,19.62165677366007,0.2401994358263155,Au,PRUNED
4120,-1.0,2026-04-07 11:35:26.526090,2026-04-07 11:35:27.018677,0 days 00:00:00.492587,20.963034753722557,19.780922057512335,0.44231071895998514,Au,COMPLETE
4121,0.0,2026-04-07 11:35:26.546302,2026-04-07 11:35:27.303620,0 days 00:00:00.757318,31.8855312869209,19.976918085273997,0.4012667064535905,Au,PRUNED
4122,-1.2254901960782871,2026-04-07 11:35:26.595200,2026-04-07 11:35:27.179043,0 days 00:00:00.583843,28.046247932814815,18.913327560624275,0.4539821768740233,Cu,PRUNED
4123,-1.0,2026-04-07 11:35:26.648507,2026-04-07 11:35:27.129375,0 days 00:00:00.480868,35.59353354014144,19.854088858899384,0.46308779868637234,Au,COMPLETE
4124,-1.0,2026-04-07 11:35:26.939635,2026-04-07 11:35:27.485838,0 days 00:00:00.546203,38.26996854077254,19.98105978254786,0.24546730843458733,Au,COMPLETE
4125,-1.0,2026-04-07 11:35:27.183065,2026-04-07 11:35:27.977132,0 days 00:00:00.794067,33.71849489727523,15.836809928988258,0.38511293653729056,Au,COMPLETE
4126,-1.0,2026-04-07 11:35:27.260006,2026-04-07 11:35:27.929983,0 days 00:00:00.669977,20.131395668648672,17.799111558161798,0.5586094163114004,Cu,COMPLETE
4127,5.681818181817666,2026-04-07 11:35:27.292023,2026-04-07 11:35:28.125913,0 days 00:00:00.833890,43.38274205627098,19.88627019807909,0.6499548132338678,Ag,PRUNED
4128,0.0,2026-04-07 11:35:27.334712,2026-04-07 11:35:28.148680,0 days 00:00:00.813968,20.91828792670917,15.148111154523232,0.4947276107262708,Au,PRUNED
4129,-1.0,2026-04-07 11:35:27.378319,2026-04-07 11:35:27.962069,0 days 00:00:00.583750,21.88636769392017,17.61046818679945,0.4841345993943914,Ag,COMPLETE
4130,-1.0,2026-04-07 11:35:27.481342,2026-04-07 11:35:28.025509,0 days 00:00:00.544167,34.69140134324377,19.713260711154202,0.21659531440173896,Au,COMPLETE
4131,-1.0,2026-04-07 11:35:27.557391,2026-04-07 11:35:27.924126,0 days 00:00:00.366735,23.579309743756824,19.99464803783337,0.4849153371464235,Au,COMPLETE
4132,-1.0,2026-04-07 11:35:27.686571,2026-04-07 11:35:28.126914,0 days 00:00:00.440343,39.25813335641893,19.961609535288897,0.5601271986007271,Au,COMPLETE
4133,-286.18421052628565,2026-04-07 11:35:28.040726,2026-04-07 11:35:28.857900,0 days 00:00:00.817174,23.571175099628068,16.07030488493309,0.3976716801360237,Au,PRUNED
4134,17.20328282828257,2026-04-07 11:35:28.151362,2026-04-07 11:35:29.116727,0 days 00:00:00.965365,79.61507510807506,15.409989107871176,1.8914708488266605,Ag,PRUNED
4135,-1.0,2026-04-07 11:35:28.259205,2026-04-07 11:35:28.901344,0 days 00:00:00.642139,27.523256637668425,19.8672669031975,0.13425745235050998,Au,COMPLETE
4136,-1.0,2026-04-07 11:35:28.272868,2026-04-07 11:35:28.770097,0 days 00:00:00.497229,20.485781743405433,19.047928515147042,0.3910656972771734,Ag,COMPLETE
4137,0.0,2026-04-07 11:35:28.289570,2026-04-07 11:35:29.006882,0 days 00:00:00.717312,20.2767758319865,18.65595360674106,0.2552768050085451,Au,PRUNED
4138,0.0,2026-04-07 11:35:28.324031,2026-04-07 11:35:28.903188,0 days 00:00:00.579157,36.723370460962485,19.89639545668574,0.48276184159004265,Au,PRUNED
4139,-320.56840077067596,2026-04-07 11:35:28.369136,2026-04-07 11:35:28.956758,0 days 00:00:00.587622,23.032370246414335,17.180229560676676,0.4410148383287536,Au,COMPLETE
4140,-1.0,2026-04-07 11:35:28.379295,2026-04-07 11:35:28.817340,0 days 00:00:00.438045,20.46117585761256,15.151767057096889,0.27078116038573313,Au,COMPLETE
4141,0.0,2026-04-07 11:35:28.929856,2026-04-07 11:35:29.743746,0 days 00:00:00.813890,39.93684362368661,17.113860943299578,0.5452853426647062,Au,PRUNED
4142,0.0,2026-04-07 11:35:28.976452,2026-04-07 11:35:29.871327,0 days 00:00:00.894875,32.055080572530116,17.637817651961385,0.5696882212661976,Au,PRUNED
4143,0.0,2026-04-07 11:35:29.022715,2026-04-07 11:35:29.927951,0 days 00:00:00.905236,46.06541786020266,17.094688700338395,0.5745481787048345,Au,PRUNED
4144,-1.0,2026-04-07 11:35:29.056518,2026-04-07 11:35:29.565327,0 days 00:00:00.508809,36.75247255975914,19.862772965729583,0.4190246367693094,Au,COMPLETE
4145,0.0,2026-04-07 11:35:29.087441,2026-04-07 11:35:29.872834,0 days 00:00:00.785393,47.74791641047496,16.606297460000498,0.4529403439729844,Au,PRUNED
4146,0.0,2026-04-07 11:35:29.181237,2026-04-07 11:35:30.107789,0 days 00:00:00.926552,21.921147363681104,16.861747399393277,0.2373168761340046,Au,PRUNED
4147,-1.0,2026-04-07 11:35:29.225421,2026-04-07 11:35:30.108796,0 days 00:00:00.883375,31.302807714998636,19.96914597267193,0.5948111096375034,Au,COMPLETE
4148,-1.0,2026-04-07 11:35:29.271144,2026-04-07 11:35:29.927951,0 days 00:00:00.656807,35.54705237634708,18.71313544837749,0.39768437258492184,Au,COMPLETE
4149,-1.0,2026-04-07 11:35:29.826715,2026-04-07 11:35:30.551095,0 days 00:00:00.724380,22.715118336980968,19.879044189783922,0.11708111092399137,Au,COMPLETE
4150,-1.0,2026-04-07 11:35:29.893835,2026-04-07 11:35:30.497947,0 days 00:00:00.604112,30.13534933205427,19.575988169149625,0.3891367581115697,Au,COMPLETE
4151,-1.0,2026-04-07 11:35:30.003880,2026-04-07 11:35:30.552598,0 days 00:00:00.548718,21.156169871562735,19.702630412742863,0.5277403575031341,Au,COMPLETE
4152,-1.0,2026-04-07 11:35:30.077400,2026-04-07 11:35:30.577654,0 days 00:00:00.500254,33.026213462559355,19.725463307191205,0.31187607585014304,Au,COMPLETE
4153,-1.0,2026-04-07 11:35:30.175315,2026-04-07 11:35:30.672638,0 days 00:00:00.497323,21.899432548951822,16.836342534709722,0.3025910549099988,Au,COMPLETE
4154,-1.0,2026-04-07 11:35:30.189936,2026-04-07 11:35:30.734709,0 days 00:00:00.544773,35.463940405474816,19.767682661980043,0.45943987686773674,Au,COMPLETE
4155,0.0,2026-04-07 11:35:30.280869,2026-04-07 11:35:30.763001,0 days 00:00:00.482132,20.10249770267297,18.902877327416242,0.6384381574572885,Au,PRUNED
4156,-1.0,2026-04-07 11:35:30.397225,2026-04-07 11:35:31.174530,0 days 00:00:00.777305,23.298900551477615,19.830715456201855,0.6209717853615535,Au,COMPLETE
4157,-1.0,2026-04-07 11:35:30.644848,2026-04-07 11:35:31.246365,0 days 00:00:00.601517,20.762270778481398,16.622539490366954,0.6877500862660807,Au,COMPLETE
4158,-1.0,2026-04-07 11:35:30.733707,2026-04-07 11:35:31.324943,0 days 00:00:00.591236,100.01540573148245,2.585791909926143,1.2426682418149682,Ag,COMPLETE
4159,-1.0,2026-04-07 11:35:30.846501,2026-04-07 11:35:31.413946,0 days 00:00:00.567445,20.952322072610936,19.26866747653708,0.621571721952342,Au,COMPLETE
4160,-1.0,2026-04-07 11:35:30.859162,2026-04-07 11:35:31.367668,0 days 00:00:00.508506,31.657471042053903,16.911597060034993,0.43015267617607417,Au,COMPLETE
4161,0.0,2026-04-07 11:35:30.876546,2026-04-07 11:35:31.656761,0 days 00:00:00.780215,20.120150130533897,18.66868878245419,0.6793624782785114,Au,PRUNED
4162,0.0,2026-04-07 11:35:30.912512,2026-04-07 11:35:31.657811,0 days 00:00:00.745299,21.896673966478637,15.219165029987956,0.6009553204033684,Au,PRUNED
4163,79.32098765431864,2026-04-07 11:35:30.937984,2026-04-07 11:35:31.730483,0 days 00:00:00.792499,34.006254081848915,16.974841464571174,0.31133149492454204,Au,PRUNED
4164,-1.0,2026-04-07 11:35:31.433926,2026-04-07 11:35:32.292621,0 days 00:00:00.858695,32.07521933669664,17.298644693380798,0.6027561284409629,Au,COMPLETE
4165,80.24691358024454,2026-04-07 11:35:31.500975,2026-04-07 11:35:32.294206,0 days 00:00:00.793231,32.00881828785756,17.227783436963012,0.4313416156357685,Au,PRUNED
4166,-1.0,2026-04-07 11:35:31.541101,2026-04-07 11:35:32.225405,0 days 00:00:00.684304,37.49427878378103,17.849582271086618,0.5787923100784147,Au,COMPLETE
4167,79.6568627450957,2026-04-07 11:35:31.661656,2026-04-07 11:35:32.590050,0 days 00:00:00.928394,32.62837617573749,16.316519668538877,0.6459474035377606,Au,PRUNED
4168,0.0,2026-04-07 11:35:31.765121,2026-04-07 11:35:32.761021,0 days 00:00:00.995900,34.92322876493604,17.671935308519757,0.5638609525060924,Au,PRUNED
4169,-2.976190476190051,2026-04-07 11:35:31.733483,2026-04-07 11:35:32.525872,0 days 00:00:00.792389,23.076295255633504,19.73045087872525,0.4426548073084021,Au,PRUNED
4170,-1.0,2026-04-07 11:35:31.830249,2026-04-07 11:35:32.527460,0 days 00:00:00.697211,40.26810581331179,10.812192486302797,0.8665156766969244,Ag,COMPLETE
4171,-1.0,2026-04-07 11:35:31.793850,2026-04-07 11:35:32.259430,0 days 00:00:00.465580,20.184035563017012,19.74449077442341,0.39759933373331796,Au,COMPLETE
4172,-1.0,2026-04-07 11:35:32.291556,2026-04-07 11:35:33.029029,0 days 00:00:00.737473,20.704456047323255,15.914004211721073,0.5116366715921704,Au,COMPLETE
4173,0.0,2026-04-07 11:35:32.443760,2026-04-07 11:35:33.204592,0 days 00:00:00.760832,20.725850071293344,19.040437388434217,0.4494609288843946,Au,PRUNED
4174,-1.0,2026-04-07 11:35:32.565246,2026-04-07 11:35:33.112282,0 days 00:00:00.547036,30.702226334308506,19.87342113383276,0.4543114197030011,Ag,COMPLETE
4175,-1.0,2026-04-07 11:35:32.608964,2026-04-07 11:35:33.063610,0 days 00:00:00.454646,105.41957334092567,13.419303397035312,1.9652021410285259,Cu,COMPLETE
4176,-1.4880952380950254,2026-04-07 11:35:32.646690,2026-04-07 11:35:33.140928,0 days 00:00:00.494238,23.442634906906946,19.628396784265963,0.3854009311178671,Au,PRUNED
4177,-1.0,2026-04-07 11:35:32.671449,2026-04-07 11:35:33.297038,0 days 00:00:00.625589,21.49826953234265,19.564055480778556,0.27055748367587085,Au,COMPLETE
4178,-1.0,2026-04-07 11:35:32.799492,2026-04-07 11:35:33.378655,0 days 00:00:00.579163,20.537037328530204,19.822139889985174,0.49878589967644804,Au,COMPLETE
4179,-17.992424242422604,2026-04-07 11:35:32.841557,2026-04-07 11:35:33.527340,0 days 00:00:00.685783,36.03781422379495,17.340971491400865,0.5994380651968508,Ag,PRUNED
4180,-389.3678160918998,2026-04-07 11:35:33.170559,2026-04-07 11:35:33.888900,0 days 00:00:00.718341,21.14695413252462,19.412491626305485,0.5547178886284118,Au,COMPLETE
4181,0.0,2026-04-07 11:35:33.230172,2026-04-07 11:35:34.158104,0 days 00:00:00.927932,20.06153587740823,18.743841742172044,0.24577222798883047,Au,PRUNED
4182,-1.0,2026-04-07 11:35:33.296016,2026-04-07 11:35:33.992384,0 days 00:00:00.696368,30.811831185098185,19.964182457064194,0.7337005051194488,Au,COMPLETE
4183,0.0,2026-04-07 11:35:33.333315,2026-04-07 11:35:34.093518,0 days 00:00:00.760203,20.060471664477745,16.652163134297602,0.7116633270011944,Au,PRUNED
4184,-1.0,2026-04-07 11:35:33.345754,2026-04-07 11:35:33.874921,0 days 00:00:00.529167,21.04792484141416,19.823006960243205,0.5940321543553049,Au,COMPLETE
4185,0.0,2026-04-07 11:35:33.443044,2026-04-07 11:35:34.056694,0 days 00:00:00.613650,21.166994406826472,16.83092308888673,0.6048096331900327,Au,PRUNED
4186,0.0,2026-04-07 11:35:33.592403,2026-04-07 11:35:34.158104,0 days 00:00:00.565701,46.35190484230594,19.549593529518933,0.6276956977771398,Au,PRUNED
4187,-6.372549019607543,2026-04-07 11:35:33.648533,2026-04-07 11:35:34.706315,0 days 00:00:01.057782,90.07777778072509,10.312477802700178,0.8180894002059944,Ag,PRUNED
4188,0.0,2026-04-07 11:35:34.059022,2026-04-07 11:35:35.062700,0 days 00:00:01.003678,28.362760221633938,19.802151793342816,0.4673331135046448,Au,PRUNED
4189,0.0,2026-04-07 11:35:34.200553,2026-04-07 11:35:34.992357,0 days 00:00:00.791804,20.45899785149869,18.79301826724301,0.4302631108029025,Au,PRUNED
4190,0.0,2026-04-07 11:35:34.220512,2026-04-07 11:35:35.080675,0 days 00:00:00.860163,20.048374454731054,19.349074330746713,0.293843879645323,Au,PRUNED
4191,0.0,2026-04-07 11:35:34.243162,2026-04-07 11:35:35.245144,0 days 00:00:01.001982,20.61659003543532,16.9960368298228,0.5675641563562064,Au,PRUNED
4192,-1.0,2026-04-07 11:35:34.270472,2026-04-07 11:35:34.924290,0 days 00:00:00.653818,20.33962278923278,17.8929258891477,0.503821067122333,Au,COMPLETE
4193,-1.0,2026-04-07 11:35:34.284997,2026-04-07 11:35:34.807845,0 days 00:00:00.522848,33.2067201774085,17.45198951006273,0.49744622745900113,Au,COMPLETE
4194,-1.0,2026-04-07 11:35:34.299695,2026-04-07 11:35:34.956960,0 days 00:00:00.657265,31.676395799984583,19.83142712942839,0.17645395493021088,Au,COMPLETE
4195,-1.0,2026-04-07 11:35:34.846125,2026-04-07 11:35:35.563440,0 days 00:00:00.717315,33.92608784471414,13.08360503030135,0.46629846982039524,Au,COMPLETE
4196,-1.0,2026-04-07 11:35:35.116458,2026-04-07 11:35:35.680571,0 days 00:00:00.564113,35.63560296391984,19.966077434434713,0.5603671238903084,Au,COMPLETE
4197,81.17283950617043,2026-04-07 11:35:35.131819,2026-04-07 11:35:35.960252,0 days 00:00:00.828433,30.197488282724954,17.29444718292928,0.6418268224105965,Au,PRUNED
4198,-1.0,2026-04-07 11:35:35.162806,2026-04-07 11:35:35.680571,0 days 00:00:00.517765,20.802851271796563,18.088744693643847,0.6420152886169666,Au,COMPLETE
4199,-1.0,2026-04-07 11:35:35.176450,2026-04-07 11:35:35.614363,0 days 00:00:00.437913,29.2155287607957,19.542278174812672,0.6110055143566575,Au,COMPLETE
4200,-1.0,2026-04-07 11:35:35.322294,2026-04-07 11:35:35.752096,0 days 00:00:00.429802,22.15694320628547,19.9636126924421,0.5996004561368689,Au,COMPLETE
4201,-1.0,2026-04-07 11:35:35.378859,2026-04-07 11:35:35.802974,0 days 00:00:00.424115,32.74786004863066,17.59012865130515,0.5841969500899444,Au,COMPLETE
4202,-0.7440476190476057,2026-04-07 11:35:35.400850,2026-04-07 11:35:36.027470,0 days 00:00:00.626620,66.18822212627366,18.108407100186795,0.6926508330357123,Au,PRUNED
4203,-1.0,2026-04-07 11:35:35.679101,2026-04-07 11:35:36.486966,0 days 00:00:00.807865,39.238215544868396,19.723970192899664,0.7205249978830243,Au,COMPLETE
4204,-1.0,2026-04-07 11:35:35.785619,2026-04-07 11:35:36.411647,0 days 00:00:00.626028,36.61671664725814,19.701803712901274,0.6340847552037231,Au,COMPLETE
4205,-1.0,2026-04-07 11:35:35.906260,2026-04-07 11:35:36.557050,0 days 00:00:00.650790,24.399224941119446,19.985705119248568,0.7243732898293399,Au,COMPLETE
4206,3.2051282051279584,2026-04-07 11:35:35.976102,2026-04-07 11:35:36.644710,0 days 00:00:00.668608,38.220142887078346,17.07462074384924,0.5786524812205478,Cu,PRUNED
4207,-1.0,2026-04-07 11:35:36.005309,2026-04-07 11:35:36.474900,0 days 00:00:00.469591,20.94292539713297,19.72323947099241,0.8167521495268895,Au,COMPLETE
4208,-1.0,2026-04-07 11:35:36.030482,2026-04-07 11:35:36.500722,0 days 00:00:00.470240,25.044508192134792,19.976949933078462,0.46718497863389996,Au,COMPLETE
4209,0.0,2026-04-07 11:35:36.090568,2026-04-07 11:35:36.798532,0 days 00:00:00.707964,45.35191094485839,17.362055325881638,0.7593945650374287,Au,PRUNED
4210,0.0,2026-04-07 11:35:36.186133,2026-04-07 11:35:36.779754,0 days 00:00:00.593621,35.453274834046496,19.804161319522912,0.5731909858810178,Au,PRUNED
4211,-1.0,2026-04-07 11:35:36.646801,2026-04-07 11:35:37.424689,0 days 00:00:00.777888,22.869192218630285,19.061909469378485,0.7830512511302701,Ag,COMPLETE
4212,0.0,2026-04-07 11:35:36.704170,2026-04-07 11:35:37.475775,0 days 00:00:00.771605,21.10854307112801,17.221548522920713,0.5490736619829051,Au,PRUNED
4213,-1.0,2026-04-07 11:35:36.742704,2026-04-07 11:35:37.408860,0 days 00:00:00.666156,21.071727471231874,17.216253002356048,0.35372345070794076,Au,COMPLETE
4214,0.0,2026-04-07 11:35:36.750507,2026-04-07 11:35:37.506176,0 days 00:00:00.755669,33.295964683610805,19.909517479253847,0.6581733147827853,Au,PRUNED
4215,-1.0,2026-04-07 11:35:36.825934,2026-04-07 11:35:37.453835,0 days 00:00:00.627901,21.680037207650166,19.979673683403615,0.7423186325701845,Au,COMPLETE
4216,0.0,2026-04-07 11:35:36.845925,2026-04-07 11:35:37.471754,0 days 00:00:00.625829,48.85091954099401,19.954485406414697,0.6339131899878112,Au,PRUNED
4217,4.9019607843131485,2026-04-07 11:35:36.858789,2026-04-07 11:35:37.509099,0 days 00:00:00.650310,27.67053921116613,16.999937894820903,0.6961897024425805,Au,PRUNED
4218,-1.0,2026-04-07 11:35:36.875411,2026-04-07 11:35:37.410371,0 days 00:00:00.534960,20.749675321277575,19.24179569646033,0.5644290701430953,Au,COMPLETE
4219,0.0,2026-04-07 11:35:37.601935,2026-04-07 11:35:38.437893,0 days 00:00:00.835958,20.93971699712172,17.23386193826101,0.7104604233306429,Au,PRUNED
4220,-1.0,2026-04-07 11:35:37.613394,2026-04-07 11:35:38.437893,0 days 00:00:00.824499,28.497598676355622,17.52968815857508,0.7741179149028629,Au,COMPLETE
4221,0.0,2026-04-07 11:35:37.629125,2026-04-07 11:35:38.287149,0 days 00:00:00.658024,32.749269804127266,19.96824266786803,0.7920794355444646,Au,PRUNED
4222,0.0,2026-04-07 11:35:37.642318,2026-04-07 11:35:38.434059,0 days 00:00:00.791741,31.678692382041504,19.998446687848798,0.5306104119475393,Au,PRUNED
4223,-1.0,2026-04-07 11:35:37.660365,2026-04-07 11:35:38.284125,0 days 00:00:00.623760,22.613023842762285,17.526716242495535,0.7087445696677449,Au,COMPLETE
4224,-1.7605633802816405,2026-04-07 11:35:37.725839,2026-04-07 11:35:38.394046,0 days 00:00:00.668207,40.358760757562564,19.934937447578218,0.6501979746463984,Cu,PRUNED
4225,0.0,2026-04-07 11:35:37.736927,2026-04-07 11:35:38.392529,0 days 00:00:00.655602,40.962567089042366,19.804075242455347,0.6964609709762186,Au,PRUNED
4226,-1.0,2026-04-07 11:35:37.782076,2026-04-07 11:35:38.346356,0 days 00:00:00.564280,33.52828585037828,17.789465163612434,0.7812636900253214,Au,COMPLETE
4227,-1.0,2026-04-07 11:35:38.370892,2026-04-07 11:35:39.031480,0 days 00:00:00.660588,22.183524218088493,19.838457445800355,0.7348144812810172,Au,COMPLETE
4228,0.0,2026-04-07 11:35:38.471935,2026-04-07 11:35:39.203906,0 days 00:00:00.731971,32.00147331412163,19.94170724388153,0.8483822940673886,Au,PRUNED
4229,-1.0,2026-04-07 11:35:38.485711,2026-04-07 11:35:39.063037,0 days 00:00:00.577326,20.22502922413817,19.780692024994508,0.5668196239480675,Au,COMPLETE
4230,-1.0,2026-04-07 11:35:38.515691,2026-04-07 11:35:39.094716,0 days 00:00:00.579025,20.09587288117262,17.67224157065659,0.2716710407739878,Au,COMPLETE
4231,-359.7756410255949,2026-04-07 11:35:38.550725,2026-04-07 11:35:39.203906,0 days 00:00:00.653181,20.254786107560296,19.42506709768833,0.870195425873661,Au,COMPLETE
4232,-1.0,2026-04-07 11:35:38.713592,2026-04-07 11:35:39.390590,0 days 00:00:00.676998,35.89629811568918,19.938709378282002,0.2897320456365742,Au,COMPLETE
4233,-1.0,2026-04-07 11:35:38.757958,2026-04-07 11:35:39.203906,0 days 00:00:00.445948,33.166449986207695,17.24087399783018,0.6292171696201173,Au,COMPLETE
4234,-1.0,2026-04-07 11:35:38.785264,2026-04-07 11:35:39.205118,0 days 00:00:00.419854,20.4812830044124,19.768711324162396,0.7652474301042125,Au,COMPLETE
4235,-1.0,2026-04-07 11:35:39.195219,2026-04-07 11:35:39.933719,0 days 00:00:00.738500,112.17811749996034,10.783650358688503,0.3909733034362344,Au,COMPLETE
4236,-1.0,2026-04-07 11:35:39.245846,2026-04-07 11:35:39.838723,0 days 00:00:00.592877,20.089390849885167,17.866233275724245,0.6471853431151626,Au,COMPLETE
4237,-372.7924944811867,2026-04-07 11:35:39.298969,2026-04-07 11:35:39.935837,0 days 00:00:00.636868,20.838139893692603,19.512805174827893,0.4953522560670446,Au,COMPLETE
4238,-1.0,2026-04-07 11:35:39.345711,2026-04-07 11:35:40.058338,0 days 00:00:00.712627,20.10133716246122,19.74867293362087,0.4738863353596034,Au,COMPLETE
4239,0.0,2026-04-07 11:35:39.407861,2026-04-07 11:35:40.094780,0 days 00:00:00.686919,20.28898561630157,16.783838529058407,0.4464811457419683,Au,PRUNED
4240,-1.0,2026-04-07 11:35:39.516553,2026-04-07 11:35:40.274538,0 days 00:00:00.757985,20.17916993276024,19.65712095683348,0.8822046300582385,Au,COMPLETE
4241,0.0,2026-04-07 11:35:39.546831,2026-04-07 11:35:40.184752,0 days 00:00:00.637921,20.20573973205422,17.846944488495495,0.11271005343162066,Cu,PRUNED
4242,-1.0,2026-04-07 11:35:39.574785,2026-04-07 11:35:40.118694,0 days 00:00:00.543909,31.060404118509314,13.990745645164129,0.7430210881001484,Au,COMPLETE
4243,-1.0,2026-04-07 11:35:40.013831,2026-04-07 11:35:41.296735,0 days 00:00:01.282904,21.288303543842428,19.861320048074816,0.6108860949357716,Au,COMPLETE
4244,0.0,2026-04-07 11:35:40.139248,2026-04-07 11:35:41.510214,0 days 00:00:01.370966,48.23525936895294,19.834269063102433,0.48343929966887267,Au,PRUNED
4245,0.0,2026-04-07 11:35:40.219631,2026-04-07 11:35:41.569686,0 days 00:00:01.350055,99.34636899361509,19.275044649713834,0.11607521453168268,Ag,PRUNED
4246,0.0,2026-04-07 11:35:40.228786,2026-04-07 11:35:41.600827,0 days 00:00:01.372041,36.9603472434468,17.537211747334027,0.8176496819093952,Au,PRUNED
4247,-371.9646799116503,2026-04-07 11:35:40.266686,2026-04-07 11:35:41.572410,0 days 00:00:01.305724,20.674363067876147,19.880202191905294,0.19661186201436998,Au,COMPLETE
4248,-1.0,2026-04-07 11:35:40.310785,2026-04-07 11:35:41.403936,0 days 00:00:01.093151,21.322962227984743,19.841984078375276,0.8000715006423039,Au,COMPLETE
4249,-3.0864197530859623,2026-04-07 11:35:40.996700,2026-04-07 11:35:41.829054,0 days 00:00:00.832354,22.373033066690436,19.993491901999615,0.7103189412669852,Au,PRUNED
4250,0.0,2026-04-07 11:35:41.126746,2026-04-07 11:35:41.906360,0 days 00:00:00.779614,20.223668768117633,15.511519292486657,0.7228556105648543,Au,PRUNED
4251,79.6568627450957,2026-04-07 11:35:41.473006,2026-04-07 11:35:42.355718,0 days 00:00:00.882712,34.84083264797923,14.646202931526716,0.9266158489605929,Au,PRUNED
4252,0.0,2026-04-07 11:35:41.540292,2026-04-07 11:35:42.324680,0 days 00:00:00.784388,29.58930900691167,19.943117169104674,0.6294976269809271,Au,PRUNED
4253,-1.0,2026-04-07 11:35:41.690543,2026-04-07 11:35:42.247013,0 days 00:00:00.556470,38.617565234894286,19.9241313585646,0.7083039510837553,Au,COMPLETE
4254,-1.0,2026-04-07 11:35:41.724530,2026-04-07 11:35:42.296229,0 days 00:00:00.571699,33.09562915651692,15.291026953852962,0.8253079234839061,Au,COMPLETE
4255,79.62962962962726,2026-04-07 11:35:41.765930,2026-04-07 11:35:42.495855,0 days 00:00:00.729925,32.703446280593894,16.983030179017284,0.6669907779634054,Au,PRUNED
4256,-370.0657894736355,2026-04-07 11:35:41.746030,2026-04-07 11:35:42.453388,0 days 00:00:00.707358,20.373132780284372,19.774960640870255,0.5723548999405117,Au,COMPLETE
4257,-1.0,2026-04-07 11:35:41.930045,2026-04-07 11:35:42.404686,0 days 00:00:00.474641,35.89209638960364,17.423079860518435,0.6653575103281106,Au,COMPLETE
4258,-1.0,2026-04-07 11:35:42.017036,2026-04-07 11:35:42.708786,0 days 00:00:00.691750,21.094272688804164,19.779642190716125,0.2803376384106394,Au,COMPLETE
4259,-1.0,2026-04-07 11:35:42.430601,2026-04-07 11:35:42.993844,0 days 00:00:00.563243,20.261094108215232,17.931492090759324,0.8708361117263559,Au,COMPLETE
4260,0.0,2026-04-07 11:35:42.451381,2026-04-07 11:35:43.105925,0 days 00:00:00.654544,34.20959419493769,18.226616694179285,0.8478045386287246,Au,PRUNED
4261,-1.0,2026-04-07 11:35:42.526782,2026-04-07 11:35:43.106923,0 days 00:00:00.580141,43.61051276934432,19.816978668700962,0.8346700338074518,Au,COMPLETE
4262,-1.0,2026-04-07 11:35:42.543623,2026-04-07 11:35:42.998070,0 days 00:00:00.454447,35.67853969472053,19.91471081466332,0.8138316627714834,Au,COMPLETE
4263,0.0,2026-04-07 11:35:42.595640,2026-04-07 11:35:43.062952,0 days 00:00:00.467312,35.53800264932417,19.93829972053046,0.2790797079407065,Au,PRUNED
4264,-1.0,2026-04-07 11:35:42.623339,2026-04-07 11:35:43.118969,0 days 00:00:00.495630,31.306456527689242,19.81266058487689,0.3792214357031287,Au,COMPLETE
4265,0.0,2026-04-07 11:35:42.750382,2026-04-07 11:35:43.325257,0 days 00:00:00.574875,38.45378542419694,19.92242271334475,0.8369826448763701,Au,PRUNED
4266,-1.0,2026-04-07 11:35:42.874111,2026-04-07 11:35:43.854999,0 days 00:00:00.980888,30.564170667865866,17.001614603970207,0.7869266682398807,Au,COMPLETE
4267,0.0,2026-04-07 11:35:43.118360,2026-04-07 11:35:44.028906,0 days 00:00:00.910546,37.11694298170675,19.9200082635152,0.7789574453938295,Au,PRUNED
4268,-1.0,2026-04-07 11:35:43.191972,2026-04-07 11:35:43.794564,0 days 00:00:00.602592,20.524137714655883,17.27785349748561,0.8849326611954933,Au,COMPLETE
4269,-1.0,2026-04-07 11:35:43.237762,2026-04-07 11:35:43.947434,0 days 00:00:00.709672,42.62395606869313,14.914874337623747,0.4576194107271169,Au,COMPLETE
4270,-1.0,2026-04-07 11:35:43.292720,2026-04-07 11:35:43.888583,0 days 00:00:00.595863,37.943339845128776,19.929663778711422,0.7490001592283219,Au,COMPLETE
4271,-392.3611111110566,2026-04-07 11:35:43.329105,2026-04-07 11:35:44.027904,0 days 00:00:00.698799,20.553013831190988,19.855655752721333,0.612302631855824,Au,COMPLETE
4272,-395.1048951048396,2026-04-07 11:35:43.387367,2026-04-07 11:35:44.077143,0 days 00:00:00.689776,20.290546230362526,19.99871708506858,0.7018210228729133,Au,COMPLETE
4273,79.01234567901,2026-04-07 11:35:43.530346,2026-04-07 11:35:44.153510,0 days 00:00:00.623164,35.709311849561274,16.139988230812165,0.25454595020271253,Au,PRUNED
4274,0.0,2026-04-07 11:35:44.119547,2026-04-07 11:35:44.885085,0 days 00:00:00.765538,30.170930755064454,19.972608539206693,0.5541149221220714,Au,PRUNED
4275,-1.0,2026-04-07 11:35:44.171044,2026-04-07 11:35:44.886082,0 days 00:00:00.715038,35.20735591389469,19.970233983738378,0.48363092018400594,Au,COMPLETE
4276,0.0,2026-04-07 11:35:44.185298,2026-04-07 11:35:44.962154,0 days 00:00:00.776856,21.262429614837398,17.03599540912081,0.8476881264290372,Au,PRUNED
4277,0.0,2026-04-07 11:35:44.217968,2026-04-07 11:35:44.837706,0 days 00:00:00.619738,20.47353277909171,14.181033981621574,0.5866800606979836,Au,PRUNED
4278,-1.0,2026-04-07 11:35:44.247800,2026-04-07 11:35:44.836097,0 days 00:00:00.588297,20.06012785961236,16.264701534413632,0.8137367209751641,Au,COMPLETE
4279,-1.0,2026-04-07 11:35:44.265485,2026-04-07 11:35:45.030073,0 days 00:00:00.764588,20.64933847508319,17.695791348697192,0.4950928133867716,Au,COMPLETE
4280,-1.0,2026-04-07 11:35:44.389752,2026-04-07 11:35:44.887296,0 days 00:00:00.497544,34.64850851478607,18.085667161657042,0.7479300836682473,Au,COMPLETE
4281,0.0,2026-04-07 11:35:44.547464,2026-04-07 11:35:45.283002,0 days 00:00:00.735538,20.826497684085314,16.67984764771277,0.7170770284700382,Au,PRUNED
4282,-413.6253041361929,2026-04-07 11:35:44.901330,2026-04-07 11:35:45.693979,0 days 00:00:00.792649,20.675860954133164,19.805329452973957,0.799960048871961,Au,COMPLETE
4283,-1.0,2026-04-07 11:35:44.987105,2026-04-07 11:35:45.402096,0 days 00:00:00.414991,34.07476180179177,19.76413313621635,0.8652009824459119,Au,COMPLETE
4284,-1.0,2026-04-07 11:35:44.964665,2026-04-07 11:35:45.784580,0 days 00:00:00.819915,29.414565837796985,19.833681419956886,0.8400242520492134,Au,COMPLETE
4285,79.01234567901,2026-04-07 11:35:45.135883,2026-04-07 11:35:45.890897,0 days 00:00:00.755014,34.40854858068143,16.44308639926627,0.6626811219923092,Au,PRUNED
4286,0.0,2026-04-07 11:35:45.210671,2026-04-07 11:35:46.021518,0 days 00:00:00.810847,33.193492982515934,19.944430536233455,0.48309845995779355,Au,PRUNED
4287,-1.0,2026-04-07 11:35:45.236434,2026-04-07 11:35:45.938400,0 days 00:00:00.701966,20.75986576752943,19.651872259617708,0.4855341521369218,Cu,COMPLETE
4288,-11.904761904760544,2026-04-07 11:35:45.310981,2026-04-07 11:35:45.940408,0 days 00:00:00.629427,32.41555489655078,16.002029294002675,0.271484691449897,Cu,PRUNED
4289,-1.0,2026-04-07 11:35:45.396618,2026-04-07 11:35:46.163752,0 days 00:00:00.767134,30.545153395848242,19.903851374238524,0.9307217311647156,Au,COMPLETE
4290,-1.0,2026-04-07 11:35:45.565671,2026-04-07 11:35:46.263942,0 days 00:00:00.698271,20.000355063846598,18.089336639816498,0.8168534960906142,Au,COMPLETE
4291,-1.0,2026-04-07 11:35:45.975292,2026-04-07 11:35:46.675145,0 days 00:00:00.699853,31.54321894557902,17.77875778570715,0.8118385962715112,Au,COMPLETE
4292,0.166666666666664,2026-04-07 11:35:46.041667,2026-04-07 11:35:46.833456,0 days 00:00:00.791789,94.60047721630761,19.555358148730996,1.1342602829472213,Ag,PRUNED
4293,0.0,2026-04-07 11:35:46.065047,2026-04-07 11:35:46.737749,0 days 00:00:00.672702,21.171709661924133,17.105275594089782,0.34269073254391486,Au,PRUNED
4294,0.0,2026-04-07 11:35:46.091676,2026-04-07 11:35:46.892222,0 days 00:00:00.800546,20.122393455336887,18.088252043402,0.8363842461053226,Au,PRUNED
4295,-1.0,2026-04-07 11:35:46.103934,2026-04-07 11:35:46.736279,0 days 00:00:00.632345,40.06780882414345,16.40581497926612,0.40765986136918364,Au,COMPLETE
4296,-1.0,2026-04-07 11:35:46.127401,2026-04-07 11:35:46.738761,0 days 00:00:00.611360,30.3577969335971,18.202472170062784,0.7195118686582135,Au,COMPLETE
4297,0.0,2026-04-07 11:35:46.314704,2026-04-07 11:35:46.939922,0 days 00:00:00.625218,20.509476573824166,17.49424245057945,0.19701731657213026,Au,PRUNED
4298,-1.0,2026-04-07 11:35:46.382918,2026-04-07 11:35:46.832374,0 days 00:00:00.449456,20.52515081513076,16.49040638312537,0.12888717601290178,Au,COMPLETE
4299,0.0,2026-04-07 11:35:46.863616,2026-04-07 11:35:47.575714,0 days 00:00:00.712098,35.43863055613801,19.927071326771763,0.8287639992646982,Au,PRUNED
4300,-1.0,2026-04-07 11:35:46.946584,2026-04-07 11:35:47.673687,0 days 00:00:00.727103,31.37077260042543,17.29609219940413,0.7204177035912762,Au,COMPLETE
4301,0.0,2026-04-07 11:35:46.991275,2026-04-07 11:35:47.722806,0 days 00:00:00.731531,35.359046946521254,17.143629626606128,0.6223593505755333,Au,PRUNED
4302,-1.0,2026-04-07 11:35:47.002915,2026-04-07 11:35:47.610518,0 days 00:00:00.607603,20.232710138140824,18.332634180779078,0.8606852057531444,Ag,COMPLETE
4303,79.93827160493589,2026-04-07 11:35:47.019172,2026-04-07 11:35:47.835698,0 days 00:00:00.816526,32.23793942995975,17.28990938130285,0.42307232352439395,Au,PRUNED
4304,0.0,2026-04-07 11:35:47.051906,2026-04-07 11:35:47.892898,0 days 00:00:00.840992,35.57629036950585,17.723596677703284,0.40034506211690996,Au,PRUNED
4305,-1.0,2026-04-07 11:35:47.149172,2026-04-07 11:35:47.736968,0 days 00:00:00.587796,20.766763779392733,17.397263599180086,0.5426795957366355,Au,COMPLETE
4306,0.0,2026-04-07 11:35:47.273964,2026-04-07 11:35:48.016612,0 days 00:00:00.742648,31.90707657603223,17.43581869010679,0.9695773505401502,Au,PRUNED
4307,-1.0,2026-04-07 11:35:47.672673,2026-04-07 11:35:48.376637,0 days 00:00:00.703964,33.197193166218526,19.91385741331817,0.503288906401161,Au,COMPLETE
4308,-389.0804597700614,2026-04-07 11:35:47.813699,2026-04-07 11:35:48.609013,0 days 00:00:00.795314,20.311739791085333,19.859583826517632,0.7448893526868564,Au,COMPLETE
4309,-1.0,2026-04-07 11:35:47.926381,2026-04-07 11:35:48.492784,0 days 00:00:00.566403,35.57858841593329,19.967160568093405,0.7735776415957282,Au,COMPLETE
4310,-392.07175925920484,2026-04-07 11:35:47.939730,2026-04-07 11:35:48.513605,0 days 00:00:00.573875,20.4260001771729,19.89331983704134,0.6576723645697469,Au,COMPLETE
4311,-1.0,2026-04-07 11:35:47.954864,2026-04-07 11:35:48.702919,0 days 00:00:00.748055,42.348737875256546,19.99428060513748,0.9111509728955587,Au,COMPLETE
4312,-1.0,2026-04-07 11:35:47.978496,2026-04-07 11:35:48.636671,0 days 00:00:00.658175,113.91136920143282,7.816430219353894,0.11051115106609866,Au,COMPLETE
4313,-1.0,2026-04-07 11:35:48.034900,2026-04-07 11:35:48.715400,0 days 00:00:00.680500,30.269003358902243,17.23413363614876,0.9231597153497375,Au,COMPLETE
4314,25.062656641603635,2026-04-07 11:35:48.087142,2026-04-07 11:35:48.788920,0 days 00:00:00.701778,67.34094091944606,9.51242123352654,0.5084258911935937,Au,PRUNED
4315,0.0,2026-04-07 11:35:48.569730,2026-04-07 11:35:49.306821,0 days 00:00:00.737091,51.255047505704844,17.94156522229999,0.6609383509976419,Au,PRUNED
4316,-1.0,2026-04-07 11:35:48.637377,2026-04-07 11:35:49.235313,0 days 00:00:00.597936,45.16007826612689,17.256841965089144,1.0607036887221841,Au,COMPLETE
4317,0.0,2026-04-07 11:35:48.734735,2026-04-07 11:35:49.565246,0 days 00:00:00.830511,28.57284574375985,19.86169077117614,0.371440570204562,Au,PRUNED
4318,-1.0,2026-04-07 11:35:48.881750,2026-04-07 11:35:49.494363,0 days 00:00:00.612613,24.124287548064935,19.972413892405584,0.38587374923531875,Au,COMPLETE
4319,-1.0,2026-04-07 11:35:48.904258,2026-04-07 11:35:49.444645,0 days 00:00:00.540387,20.131801695019618,16.17968294700282,0.8277936344668848,Au,COMPLETE
4320,0.0,2026-04-07 11:35:48.916071,2026-04-07 11:35:49.539360,0 days 00:00:00.623289,20.641538508350063,16.934204740699585,0.6250753103837658,Au,PRUNED
4321,-448.16272965872184,2026-04-07 11:35:48.986529,2026-04-07 11:35:49.765242,0 days 00:00:00.778713,21.769361964736873,19.908188433143554,0.23692480228096252,Au,COMPLETE
4322,-1.0,2026-04-07 11:35:48.974422,2026-04-07 11:35:49.841653,0 days 00:00:00.867231,20.245060364937782,19.733834796586788,0.7819624485246905,Au,COMPLETE
4323,0.0,2026-04-07 11:35:49.402921,2026-04-07 11:35:50.153583,0 days 00:00:00.750662,20.183952505450176,18.738363824140485,0.8470276966470508,Au,PRUNED
4324,-1.0,2026-04-07 11:35:49.490484,2026-04-07 11:35:49.964532,0 days 00:00:00.474048,20.919806933004153,18.094388261600102,0.8643544824647688,Au,COMPLETE
4325,-1.0,2026-04-07 11:35:49.607233,2026-04-07 11:35:50.091132,0 days 00:00:00.483899,20.143090688372276,13.472561906680536,1.000380072306491,Au,COMPLETE
4326,-1.0,2026-04-07 11:35:49.628810,2026-04-07 11:35:50.165088,0 days 00:00:00.536278,36.645202105171286,15.280518271053445,0.872964923346143,Au,COMPLETE
4327,0.0,2026-04-07 11:35:49.703273,2026-04-07 11:35:50.403419,0 days 00:00:00.700146,35.98837928623239,19.97136188553346,1.0056536030287797,Au,PRUNED
4328,-1.6937669376693492,2026-04-07 11:35:49.876776,2026-04-07 11:35:50.460770,0 days 00:00:00.583994,117.494494637143,5.549802623833953,0.46289501038249226,Ag,PRUNED
4329,-1.0,2026-04-07 11:35:49.962650,2026-04-07 11:35:50.650605,0 days 00:00:00.687955,20.27648958321467,18.354201710650102,0.10349226525569671,Au,COMPLETE
4330,-1.5432098765429811,2026-04-07 11:35:50.007989,2026-04-07 11:35:50.651610,0 days 00:00:00.643621,23.435895581877688,19.844351787624827,0.19297077383876154,Au,PRUNED
4331,-1.0,2026-04-07 11:35:50.102570,2026-04-07 11:35:50.818697,0 days 00:00:00.716127,20.48491537747002,19.769036576550967,0.3070186212896127,Au,COMPLETE
4332,-1.0,2026-04-07 11:35:50.275533,2026-04-07 11:35:50.838744,0 days 00:00:00.563211,23.03166804685357,19.934837943604656,0.32538437084331945,Au,COMPLETE
4333,-1.0,2026-04-07 11:35:50.341072,2026-04-07 11:35:51.054670,0 days 00:00:00.713598,24.99560797539839,19.77506882552955,0.2810313783027288,Au,COMPLETE
4334,-1.0,2026-04-07 11:35:50.451529,2026-04-07 11:35:51.072498,0 days 00:00:00.620969,32.34243300876879,17.587847426715708,0.933928570975095,Au,COMPLETE
4335,0.0,2026-04-07 11:35:50.487973,2026-04-07 11:35:51.156012,0 days 00:00:00.668039,20.248665692717456,17.500140539605333,0.8352618091299644,Au,PRUNED
4336,-17.992424242422604,2026-04-07 11:35:50.578850,2026-04-07 11:35:51.228143,0 days 00:00:00.649293,36.5318265896191,17.102111442169132,0.824790927073014,Ag,PRUNED
4337,-1.0,2026-04-07 11:35:50.786259,2026-04-07 11:35:51.497241,0 days 00:00:00.710982,22.58981597259214,19.93614947371458,0.9029312946841842,Au,COMPLETE
4338,-448.49081364822314,2026-04-07 11:35:50.838235,2026-04-07 11:35:51.521064,0 days 00:00:00.682829,21.473493499835424,19.97405375294933,0.4903256065197092,Au,COMPLETE
4339,-1.0,2026-04-07 11:35:51.026496,2026-04-07 11:35:51.787082,0 days 00:00:00.760586,22.700733690168864,19.961719708933146,0.39158535330091726,Au,COMPLETE
4340,0.0,2026-04-07 11:35:51.075500,2026-04-07 11:35:51.679413,0 days 00:00:00.603913,32.87208612828904,17.544822727456417,0.7913904279371697,Au,PRUNED
4341,-10.80246913580087,2026-04-07 11:35:51.241338,2026-04-07 11:35:52.125377,0 days 00:00:00.884039,33.41684146837212,19.914221686946853,0.6622032809461809,Ag,PRUNED
4342,0.0,2026-04-07 11:35:51.228143,2026-04-07 11:35:51.905139,0 days 00:00:00.676996,35.247121819468845,18.080410601978805,0.7993841636578102,Au,PRUNED
4343,-1.0,2026-04-07 11:35:51.331886,2026-04-07 11:35:51.989249,0 days 00:00:00.657363,94.34597395647414,5.380221794275854,1.9952869066145977,Ag,COMPLETE
4344,0.0,2026-04-07 11:35:51.368487,2026-04-07 11:35:52.213280,0 days 00:00:00.844793,21.56258277272098,16.94984440051934,0.34971616676293044,Au,PRUNED
4345,0.0,2026-04-07 11:35:51.682411,2026-04-07 11:35:52.562866,0 days 00:00:00.880455,36.21833101958663,16.95120776776423,0.2879163955562592,Au,PRUNED
4346,-0.83668005354751,2026-04-07 11:35:51.727873,2026-04-07 11:35:52.474013,0 days 00:00:00.746140,74.41518625043551,15.495528641961766,0.11994978594144834,Cu,PRUNED
4347,0.0,2026-04-07 11:35:51.740526,2026-04-07 11:35:52.755866,0 days 00:00:01.015340,37.456640585783695,19.729019272488344,0.4225479951299313,Au,PRUNED
4348,-1.0,2026-04-07 11:35:51.979603,2026-04-07 11:35:52.474520,0 days 00:00:00.494917,29.6091947786258,17.550435927035082,0.1945579186265785,Au,COMPLETE
4349,79.93827160493589,2026-04-07 11:35:51.997164,2026-04-07 11:35:52.758646,0 days 00:00:00.761482,32.453118768265966,17.08526369697258,0.45004765881364445,Au,PRUNED
4350,0.0,2026-04-07 11:35:52.185350,2026-04-07 11:35:52.853349,0 days 00:00:00.667999,34.03777431292721,19.36914311572333,0.13872766565342734,Au,PRUNED
4351,-1.0,2026-04-07 11:35:52.205798,2026-04-07 11:35:53.009990,0 days 00:00:00.804192,36.904176036022626,19.726867601553504,0.252040403585377,Au,COMPLETE
4352,-1.0,2026-04-07 11:35:52.440348,2026-04-07 11:35:53.054238,0 days 00:00:00.613890,31.294125748240994,19.876514702817257,0.3861753147613235,Au,COMPLETE
4353,0.0,2026-04-07 11:35:52.585369,2026-04-07 11:35:53.347207,0 days 00:00:00.761838,51.56558275122169,17.830917805935634,0.38417585165611434,Au,PRUNED
4354,-1.0,2026-04-07 11:35:52.678735,2026-04-07 11:35:53.269913,0 days 00:00:00.591178,21.596975923199988,19.973816166527882,0.4066692999451723,Au,COMPLETE
4355,0.0,2026-04-07 11:35:52.726122,2026-04-07 11:35:53.722221,0 days 00:00:00.996099,20.269407512848932,16.495082386254218,0.5609733587179967,Au,PRUNED
4356,0.0,2026-04-07 11:35:52.854350,2026-04-07 11:35:53.608690,0 days 00:00:00.754340,52.32070173431336,18.066577328535526,0.32216248917681484,Au,PRUNED
4357,-1.0,2026-04-07 11:35:52.932077,2026-04-07 11:35:53.523968,0 days 00:00:00.591891,30.077371262100815,19.978839665284603,0.5304146460818719,Au,COMPLETE
4358,-1.0,2026-04-07 11:35:52.958550,2026-04-07 11:35:53.630509,0 days 00:00:00.671959,33.847608467397976,17.16920061644538,0.4832634691333487,Au,COMPLETE
4359,-1.0,2026-04-07 11:35:53.248300,2026-04-07 11:35:53.752474,0 days 00:00:00.504174,40.23693337938903,17.3528357378355,0.3708774830251518,Au,COMPLETE
4360,-1.0,2026-04-07 11:35:53.181246,2026-04-07 11:35:53.877766,0 days 00:00:00.696520,42.03349776172743,18.148271637856844,0.323879955321114,Au,COMPLETE
4361,-1.0,2026-04-07 11:35:53.429023,2026-04-07 11:35:54.039953,0 days 00:00:00.610930,36.02349377175028,16.858515950287067,0.1464749217573398,Au,COMPLETE
4362,0.0,2026-04-07 11:35:53.443866,2026-04-07 11:35:53.907532,0 days 00:00:00.463666,33.673477477882514,19.992466649592036,0.6625286178849734,Au,PRUNED
4363,-1.0,2026-04-07 11:35:53.668546,2026-04-07 11:35:54.390001,0 days 00:00:00.721455,30.397435494969677,15.35140538923864,0.5408073615718578,Au,COMPLETE
4364,4.166666666666334,2026-04-07 11:35:53.682308,2026-04-07 11:35:54.389409,0 days 00:00:00.707101,32.60877195053555,15.474397095811188,0.1696679361944704,Au,PRUNED
4365,-1.0,2026-04-07 11:35:53.729386,2026-04-07 11:35:54.343641,0 days 00:00:00.614255,38.84806388248202,16.246999381271245,0.17046926638652926,Au,COMPLETE
4366,-1.0,2026-04-07 11:35:53.821668,2026-04-07 11:35:54.303502,0 days 00:00:00.481834,20.07166395583507,19.5516749911808,0.2707550457785444,Au,COMPLETE
4367,-1.0,2026-04-07 11:35:53.887691,2026-04-07 11:35:54.404802,0 days 00:00:00.517111,38.742202137769965,17.246230377565638,0.1235517203417677,Au,COMPLETE
4368,0.0,2026-04-07 11:35:54.051824,2026-04-07 11:35:54.552122,0 days 00:00:00.500298,20.75242149244372,17.538074616502914,0.6784606000401678,Au,PRUNED
4369,0.0,2026-04-07 11:35:54.072707,2026-04-07 11:35:54.638571,0 days 00:00:00.565864,34.461699940562525,19.841907167429053,0.13533113183490256,Au,PRUNED
4370,0.0,2026-04-07 11:35:54.192349,2026-04-07 11:35:55.153787,0 days 00:00:00.961438,21.03788926912048,18.435137359018867,0.23776823887746795,Au,PRUNED
4371,0.0,2026-04-07 11:35:54.471806,2026-04-07 11:35:55.498894,0 days 00:00:01.027088,20.516613487596505,18.03103762205881,0.42471870835939063,Au,PRUNED
4372,0.0,2026-04-07 11:35:54.492019,2026-04-07 11:35:55.369646,0 days 00:00:00.877627,21.23572542138105,17.5512873442031,0.631187984216917,Au,PRUNED
4373,0.0,2026-04-07 11:35:54.573835,2026-04-07 11:35:55.455175,0 days 00:00:00.881340,36.997935785068165,17.28025430699852,0.5584795299625426,Au,PRUNED
4374,-1.0,2026-04-07 11:35:54.595742,2026-04-07 11:35:55.266834,0 days 00:00:00.671092,40.14712337465029,18.217118224227946,0.5132123726793278,Au,COMPLETE
4375,-1.0,2026-04-07 11:35:54.620994,2026-04-07 11:35:55.105072,0 days 00:00:00.484078,102.47463795748331,1.0257952168927673,1.652217916605031,Cu,COMPLETE
4376,-1.0,2026-04-07 11:35:54.744083,2026-04-07 11:35:55.106073,0 days 00:00:00.361990,32.19131017537202,19.454073988810283,0.38316647714874963,Au,COMPLETE
4377,0.0,2026-04-07 11:35:54.770958,2026-04-07 11:35:55.367593,0 days 00:00:00.596635,31.80933495477344,19.821150116698455,0.4039293423517729,Au,PRUNED
4378,-1.0,2026-04-07 11:35:55.293932,2026-04-07 11:35:56.061985,0 days 00:00:00.768053,31.641692759810297,17.847249582434873,0.3958640952762116,Au,COMPLETE
4379,-1.0,2026-04-07 11:35:55.313944,2026-04-07 11:35:55.986160,0 days 00:00:00.672216,34.62406337903065,17.526785286542093,0.3786054210868622,Au,COMPLETE
4380,0.0,2026-04-07 11:35:55.470829,2026-04-07 11:35:56.664859,0 days 00:00:01.194030,20.556112366842935,16.64050832029287,0.2416879572987381,Au,PRUNED
4381,0.0,2026-04-07 11:35:55.624244,2026-04-07 11:35:56.304941,0 days 00:00:00.680697,20.592420565683486,16.105099128975507,0.47218901747004405,Au,PRUNED
4382,-1.0,2026-04-07 11:35:55.696549,2026-04-07 11:35:56.404730,0 days 00:00:00.708181,20.940679697852065,16.32332845884832,0.4182364176194538,Au,COMPLETE
4383,0.0,2026-04-07 11:35:55.726879,2026-04-07 11:35:56.606333,0 days 00:00:00.879454,34.86732699217913,17.468017723999644,0.6993267798297405,Au,PRUNED
4384,0.0,2026-04-07 11:35:55.718045,2026-04-07 11:35:56.523430,0 days 00:00:00.805385,20.58151827388396,17.87472129231469,0.6263072221994157,Au,PRUNED
4385,-1.0,2026-04-07 11:35:55.765295,2026-04-07 11:35:56.460633,0 days 00:00:00.695338,20.208034359653105,18.367813645630424,0.5194232254233607,Au,COMPLETE
4386,0.0,2026-04-07 11:35:56.066575,2026-04-07 11:35:56.987492,0 days 00:00:00.920917,20.869951235836155,15.723377814318145,0.25624566659558184,Au,PRUNED
4387,0.0,2026-04-07 11:35:56.201797,2026-04-07 11:35:57.038803,0 days 00:00:00.837006,34.85436276254005,19.99276077250228,0.8682540220832464,Au,PRUNED
4388,-417.27941176464446,2026-04-07 11:35:56.351978,2026-04-07 11:35:57.228254,0 days 00:00:00.876276,21.139298054344913,19.87465213861088,0.4310519630816694,Au,COMPLETE
4389,-1.0,2026-04-07 11:35:56.621187,2026-04-07 11:35:57.211442,0 days 00:00:00.590255,28.33295862697794,19.800672143693475,0.6352585771578962,Cu,COMPLETE
4390,-1.0,2026-04-07 11:35:56.644227,2026-04-07 11:35:57.270621,0 days 00:00:00.626394,53.87570970572965,19.955124722300003,0.3327417985150679,Au,COMPLETE
4391,-27.298850574708876,2026-04-07 11:35:56.668967,2026-04-07 11:35:57.447076,0 days 00:00:00.778109,29.078091393904113,19.957050587646716,0.38633253230350306,Ag,PRUNED
4392,-404.46428571422797,2026-04-07 11:35:56.758633,2026-04-07 11:35:57.363656,0 days 00:00:00.605023,20.55510874362972,19.84077262105012,0.7738167883920058,Au,COMPLETE
4393,0.0,2026-04-07 11:35:56.840122,2026-04-07 11:35:57.561390,0 days 00:00:00.721268,33.25888708860705,19.91688327695895,0.7314283435607025,Au,PRUNED
4394,-1.0,2026-04-07 11:35:57.062284,2026-04-07 11:35:57.775763,0 days 00:00:00.713479,37.69135854888465,19.658203739092297,0.21748597190081628,Au,COMPLETE
4395,-1.0,2026-04-07 11:35:57.150627,2026-04-07 11:35:57.891932,0 days 00:00:00.741305,20.005387030344778,18.254109950568917,1.0189169117503445,Au,COMPLETE
4396,-1.0,2026-04-07 11:35:57.366712,2026-04-07 11:35:57.995099,0 days 00:00:00.628387,20.873959913025068,19.23604766823119,0.10494229003654992,Au,COMPLETE
4397,-1.0,2026-04-07 11:35:57.424930,2026-04-07 11:35:57.996102,0 days 00:00:00.571172,20.19146657803282,19.269284300322493,0.44169389872070297,Au,COMPLETE
4398,0.0,2026-04-07 11:35:57.491580,2026-04-07 11:35:58.161663,0 days 00:00:00.670083,20.26675474412144,17.391877513654734,0.6311877122313323,Au,PRUNED
4399,-1.0,2026-04-07 11:35:57.530811,2026-04-07 11:35:58.098840,0 days 00:00:00.568029,32.30122191346855,17.659728357964436,1.109780300572146,Au,COMPLETE
4400,-1.0,2026-04-07 11:35:57.602791,2026-04-07 11:35:58.290748,0 days 00:00:00.687957,21.029113932524666,19.578834050417036,0.5279495550901753,Au,COMPLETE
4401,0.0,2026-04-07 11:35:57.827433,2026-04-07 11:35:58.622245,0 days 00:00:00.794812,32.35951917114779,19.845865121163722,1.01821553751293,Au,PRUNED
4402,-1.0,2026-04-07 11:35:57.953428,2026-04-07 11:35:58.661659,0 days 00:00:00.708231,31.746462510882925,17.33088250679039,0.7014119827303295,Au,COMPLETE
4403,-1.0,2026-04-07 11:35:58.102691,2026-04-07 11:35:58.708613,0 days 00:00:00.605922,22.001418739890113,17.345884598589624,0.489031367406553,Au,COMPLETE
4404,-1.0,2026-04-07 11:35:58.225770,2026-04-07 11:35:58.642190,0 days 00:00:00.416420,20.336344973532842,17.626360588571476,0.40954820761902466,Au,COMPLETE
4405,-1.0,2026-04-07 11:35:58.247623,2026-04-07 11:35:58.755340,0 days 00:00:00.507717,33.229870379394754,15.25791845523543,1.1329762334217137,Au,COMPLETE
4406,2.7777777777774073,2026-04-07 11:35:58.263606,2026-04-07 11:35:59.324565,0 days 00:00:01.060959,23.647035186944695,19.96411703173689,0.3172171315883593,Au,PRUNED
4407,0.0,2026-04-07 11:35:58.308853,2026-04-07 11:35:58.987609,0 days 00:00:00.678756,36.669121790404766,17.706079939776835,0.5718154641303983,Au,PRUNED
4408,-1.863143631436284,2026-04-07 11:35:58.512109,2026-04-07 11:35:59.349421,0 days 00:00:00.837312,113.44027185979027,9.482343132147431,0.11761213963869066,Ag,PRUNED
4409,0.0,2026-04-07 11:35:58.784231,2026-04-07 11:35:59.455918,0 days 00:00:00.671687,30.101624734248468,19.985435639460718,0.7562307682874302,Au,PRUNED
4410,-416.9730392156249,2026-04-07 11:35:58.860379,2026-04-07 11:35:59.832284,0 days 00:00:00.971905,20.715778806567126,19.913940332500676,0.7119332341729125,Au,COMPLETE
4411,0.0,2026-04-07 11:35:58.898533,2026-04-07 11:35:59.674355,0 days 00:00:00.775822,32.19585388791192,17.337690955439157,0.6644049437360865,Au,PRUNED
4412,-165.32258064515062,2026-04-07 11:35:58.966812,2026-04-07 11:36:00.066549,0 days 00:00:01.099737,23.43289141091973,16.169272862042607,0.3944959444304824,Cu,PRUNED
4413,0.0,2026-04-07 11:35:59.051617,2026-04-07 11:35:59.728384,0 days 00:00:00.676767,30.96374488826563,19.901280230436583,0.593219662060076,Au,PRUNED
4414,-444.66145833326385,2026-04-07 11:35:59.174667,2026-04-07 11:36:00.022832,0 days 00:00:00.848165,21.207131220268433,19.87380530139844,0.79389421173708,Au,COMPLETE
4415,-1.0,2026-04-07 11:35:59.514460,2026-04-07 11:35:59.959956,0 days 00:00:00.445496,22.718024417386047,19.97874039079063,0.5342904097038911,Au,COMPLETE
4416,0.0,2026-04-07 11:35:59.502062,2026-04-07 11:36:00.334319,0 days 00:00:00.832257,30.85155792794795,19.814284816066703,0.6539583307609301,Au,PRUNED
4417,-392.3611111110566,2026-04-07 11:35:59.460554,2026-04-07 11:36:00.596307,0 days 00:00:01.135753,20.134675418395876,19.792235770335846,1.0209114918017361,Au,COMPLETE
4418,-1.0,2026-04-07 11:35:59.826982,2026-04-07 11:36:00.551371,0 days 00:00:00.724389,53.41345342987471,19.50233396554268,0.6595127890221145,Au,COMPLETE
4419,0.0,2026-04-07 11:35:59.879097,2026-04-07 11:36:00.774409,0 days 00:00:00.895312,20.43956916234798,16.590089245115937,0.6366503397167352,Au,PRUNED
4420,-1.0,2026-04-07 11:36:00.037240,2026-04-07 11:36:00.667605,0 days 00:00:00.630365,33.67828196242827,19.824844849126354,0.7033481172049455,Au,COMPLETE
4421,-1.0,2026-04-07 11:36:00.085761,2026-04-07 11:36:00.769899,0 days 00:00:00.684138,33.14184289868308,17.45525766316668,0.7045127521297956,Au,COMPLETE
4422,0.0,2026-04-07 11:36:00.152210,2026-04-07 11:36:00.772904,0 days 00:00:00.620694,32.83252350822991,17.549008985932364,0.48160521866107947,Au,PRUNED
4423,-1.0,2026-04-07 11:36:00.253721,2026-04-07 11:36:00.880995,0 days 00:00:00.627274,20.382720281592224,19.871643749449422,0.2010898092775745,Au,COMPLETE
4424,0.0,2026-04-07 11:36:00.442135,2026-04-07 11:36:01.267733,0 days 00:00:00.825598,20.075942746156844,17.12530442503221,0.4920118664330056,Au,PRUNED
4425,0.0,2026-04-07 11:36:00.743522,2026-04-07 11:36:01.655441,0 days 00:00:00.911919,20.34259635687782,16.504669561761084,0.8045662564304495,Au,PRUNED
4426,-1.0,2026-04-07 11:36:00.798260,2026-04-07 11:36:01.330487,0 days 00:00:00.532227,35.72247321475434,19.974803718479997,0.4836170585284133,Au,COMPLETE
4427,0.0,2026-04-07 11:36:00.850259,2026-04-07 11:36:01.553098,0 days 00:00:00.702839,44.80161892988477,16.615569903954807,0.6545199467066427,Au,PRUNED
4428,0.0,2026-04-07 11:36:00.880995,2026-04-07 11:36:01.519171,0 days 00:00:00.638176,22.723163198621958,19.83271646774534,0.7252696903811549,Au,PRUNED
4429,-1.0,2026-04-07 11:36:00.894928,2026-04-07 11:36:01.425567,0 days 00:00:00.530639,46.76138853376295,14.497432471730038,0.7221096299794529,Au,COMPLETE
4430,-1.0,2026-04-07 11:36:01.164493,2026-04-07 11:36:01.860208,0 days 00:00:00.695715,30.220502925065084,19.928169673618452,0.5537311342065732,Au,COMPLETE
4431,-1.0,2026-04-07 11:36:01.249723,2026-04-07 11:36:01.655441,0 days 00:00:00.405718,33.09158909471989,19.977324704814684,0.7536229464187676,Au,COMPLETE
4432,-1.0,2026-04-07 11:36:01.535723,2026-04-07 11:36:02.257594,0 days 00:00:00.721871,23.569964966726193,19.898668273517732,0.7945034180967286,Au,COMPLETE
4433,0.0,2026-04-07 11:36:01.571273,2026-04-07 11:36:02.313454,0 days 00:00:00.742181,40.37889827590446,19.911634068238254,0.5235030028089334,Au,PRUNED
4434,-430.87121212114675,2026-04-07 11:36:01.617552,2026-04-07 11:36:02.376076,0 days 00:00:00.758524,20.645674790255224,19.87753547096989,1.0341832710469872,Au,COMPLETE
4435,-1.0,2026-04-07 11:36:01.597396,2026-04-07 11:36:02.189670,0 days 00:00:00.592274,30.85110976358051,19.964384434201353,0.8070352117891939,Au,COMPLETE
4436,-1.0,2026-04-07 11:36:01.691465,2026-04-07 11:36:02.504205,0 days 00:00:00.812740,33.745052082510156,16.747037227086643,0.4534214509364996,Au,COMPLETE
4437,-1.0,2026-04-07 11:36:01.865275,2026-04-07 11:36:02.300011,0 days 00:00:00.434736,83.85884432751438,12.74295609075733,1.5349218524442076,Cu,COMPLETE
4438,-1.0,2026-04-07 11:36:01.909327,2026-04-07 11:36:02.274219,0 days 00:00:00.364892,32.67628028051788,17.88219883572848,0.7535698031514246,Au,COMPLETE
4439,-1.0,2026-04-07 11:36:02.027585,2026-04-07 11:36:02.642116,0 days 00:00:00.614531,20.358769764930948,19.962813310894127,0.358216034141956,Au,COMPLETE
4440,82.40740740740496,2026-04-07 11:36:02.344254,2026-04-07 11:36:03.092053,0 days 00:00:00.747799,25.990827308103736,19.98791485025155,0.499832750305464,Au,PRUNED
4441,-1.0,2026-04-07 11:36:02.439911,2026-04-07 11:36:03.052070,0 days 00:00:00.612159,20.16004444662583,18.24359428887558,0.3414468785988367,Cu,COMPLETE
4442,-1.0,2026-04-07 11:36:02.532690,2026-04-07 11:36:03.204483,0 days 00:00:00.671793,21.08266384213088,17.632305624156036,0.8004053904673898,Au,COMPLETE
4443,0.0,2026-04-07 11:36:02.567110,2026-04-07 11:36:03.204483,0 days 00:00:00.637373,35.28676717612349,19.995043893696884,0.8168258516032315,Au,PRUNED
4444,0.0,2026-04-07 11:36:02.632817,2026-04-07 11:36:03.507467,0 days 00:00:00.874650,45.42709619287636,18.09362924840891,0.7541485174530211,Au,PRUNED
4445,-1.0,2026-04-07 11:36:02.659114,2026-04-07 11:36:03.332055,0 days 00:00:00.672941,30.264885647895596,19.979655538967574,1.0134930808541076,Au,COMPLETE
4446,-1.0,2026-04-07 11:36:02.807247,2026-04-07 11:36:03.729530,0 days 00:00:00.922283,20.72790303572317,19.678113579903574,0.838890733289007,Au,COMPLETE
4447,-1.0,2026-04-07 11:36:02.923089,2026-04-07 11:36:03.728207,0 days 00:00:00.805118,36.4921970086661,14.901576552396936,0.8987013998839049,Au,COMPLETE
4448,-1.0,2026-04-07 11:36:03.223217,2026-04-07 11:36:03.864928,0 days 00:00:00.641711,34.541011038684445,17.76208990892205,0.9307096259500396,Au,COMPLETE
4449,0.0,2026-04-07 11:36:03.279420,2026-04-07 11:36:03.982916,0 days 00:00:00.703496,31.479737570626334,19.837066386320984,0.6393320843800099,Au,PRUNED
4450,-1.0,2026-04-07 11:36:03.335574,2026-04-07 11:36:03.891210,0 days 00:00:00.555636,46.60631460537395,17.029900230229554,0.7758181524567238,Au,COMPLETE
4451,-12.626262626261097,2026-04-07 11:36:03.447170,2026-04-07 11:36:04.403277,0 days 00:00:00.956107,52.12516925779479,1.1875572842306799,1.2313067108877491,Cu,PRUNED
4452,-382.93650793645565,2026-04-07 11:36:03.614787,2026-04-07 11:36:04.261511,0 days 00:00:00.646724,20.823178181278983,19.98502867055114,0.12021584157742873,Au,COMPLETE
4453,-1.0,2026-04-07 11:36:03.574201,2026-04-07 11:36:04.155250,0 days 00:00:00.581049,21.183730285133883,17.35203850979546,0.535679044848444,Au,COMPLETE
4454,0.0,2026-04-07 11:36:03.989796,2026-04-07 11:36:04.795679,0 days 00:00:00.805883,30.545933460770005,19.996818644272203,0.983200552837996,Au,PRUNED
4455,-1.0,2026-04-07 11:36:03.980316,2026-04-07 11:36:04.611760,0 days 00:00:00.631444,20.105836677178704,17.665331908764202,0.6432415178310777,Au,COMPLETE
4456,-1.0,2026-04-07 11:36:04.043375,2026-04-07 11:36:04.685286,0 days 00:00:00.641911,32.043502315655026,16.517583889668764,0.8980579659189661,Au,COMPLETE
4457,-1.0,2026-04-07 11:36:04.095662,2026-04-07 11:36:04.544149,0 days 00:00:00.448487,34.09815295438108,15.009796213290763,0.7261632385398363,Au,COMPLETE
4458,-1.0,2026-04-07 11:36:04.313777,2026-04-07 11:36:04.779465,0 days 00:00:00.465688,20.24630579998088,19.68409373468857,0.7133620763421092,Au,COMPLETE
4459,-1.0,2026-04-07 11:36:04.385673,2026-04-07 11:36:05.060848,0 days 00:00:00.675175,20.31596268153298,19.347112049501135,0.7872629972254894,Au,COMPLETE
4460,-1.0,2026-04-07 11:36:04.470651,2026-04-07 11:36:05.060848,0 days 00:00:00.590197,31.728507626473515,13.795160651948478,0.6480202889138607,Au,COMPLETE
4461,-1.0,2026-04-07 11:36:04.491469,2026-04-07 11:36:05.194290,0 days 00:00:00.702821,33.5711586392518,18.09017159703593,0.9083748644229532,Au,COMPLETE
4462,-1.0,2026-04-07 11:36:04.815460,2026-04-07 11:36:05.314802,0 days 00:00:00.499342,20.241479460183736,14.134871094482225,0.41272281999769495,Au,COMPLETE
4463,-401.30023640656185,2026-04-07 11:36:04.835063,2026-04-07 11:36:05.452128,0 days 00:00:00.617065,20.060722573602725,19.98680610483056,0.9898733042424706,Au,COMPLETE
4464,0.0,2026-04-07 11:36:04.860797,2026-04-07 11:36:05.639830,0 days 00:00:00.779033,37.9198031669863,19.847319928425335,0.6182392037598337,Au,PRUNED
4465,0.0,2026-04-07 11:36:04.885639,2026-04-07 11:36:05.687130,0 days 00:00:00.801491,32.685369740722734,17.774506531286626,0.9842424118550319,Au,PRUNED
4466,-1.0,2026-04-07 11:36:05.009758,2026-04-07 11:36:05.563811,0 days 00:00:00.554053,45.51659154199508,13.820723531918714,0.11866396542812674,Cu,COMPLETE
4467,-1.0,2026-04-07 11:36:05.225172,2026-04-07 11:36:05.879699,0 days 00:00:00.654527,26.317736373430023,19.523380681404536,0.7824475265457727,Ag,COMPLETE
4468,-1.0,2026-04-07 11:36:05.303731,2026-04-07 11:36:05.774112,0 days 00:00:00.470381,20.367669302421735,18.360085140058075,0.6410230095049708,Au,COMPLETE
4469,-1.0,2026-04-07 11:36:05.367774,2026-04-07 11:36:06.074175,0 days 00:00:00.706401,20.78318085040228,17.54496405080123,0.8465509895142335,Au,COMPLETE
4470,1.1904761904760544,2026-04-07 11:36:05.554572,2026-04-07 11:36:06.420014,0 days 00:00:00.865442,30.25326039103437,15.056172636199701,0.7945215139873015,Au,PRUNED
4471,0.0,2026-04-07 11:36:05.644069,2026-04-07 11:36:06.555942,0 days 00:00:00.911873,39.473690840918586,19.941702253952748,0.9354614690791252,Au,PRUNED
4472,-1.0,2026-04-07 11:36:05.701304,2026-04-07 11:36:06.279803,0 days 00:00:00.578499,58.20308373473015,19.695774714053563,0.29373068093987875,Cu,COMPLETE
4473,-1.0,2026-04-07 11:36:05.751285,2026-04-07 11:36:06.275201,0 days 00:00:00.523916,21.15800783202709,19.920446354782623,1.0567683564329267,Au,COMPLETE
4474,80.55555555555317,2026-04-07 11:36:05.777120,2026-04-07 11:36:06.545305,0 days 00:00:00.768185,30.47985486042299,17.50107404801156,0.727876030165326,Au,PRUNED
4475,-16.84397163120424,2026-04-07 11:36:06.085471,2026-04-07 11:36:07.187657,0 days 00:00:01.102186,33.67021582196148,17.105881173730776,1.0746109913215953,Ag,PRUNED
4476,0.0,2026-04-07 11:36:06.215786,2026-04-07 11:36:06.936435,0 days 00:00:00.720649,20.049049160841175,15.443624575967306,0.9870375909737974,Au,PRUNED
4477,0.0,2026-04-07 11:36:06.278207,2026-04-07 11:36:07.124752,0 days 00:00:00.846545,32.060701898533395,17.70862130834302,0.7017675247564132,Au,PRUNED
4478,0.0,2026-04-07 11:36:06.468539,2026-04-07 11:36:07.170281,0 days 00:00:00.701742,20.411909004823706,14.267930337132498,0.840709940010195,Au,PRUNED
4479,-1.0,2026-04-07 11:36:06.490609,2026-04-07 11:36:07.158458,0 days 00:00:00.667849,32.37600269226287,17.24923695200598,0.8367768421335163,Au,COMPLETE
4480,-1.0,2026-04-07 11:36:06.556953,2026-04-07 11:36:07.298414,0 days 00:00:00.741461,20.36724976003415,15.554127058120143,0.7519903217479036,Au,COMPLETE
4481,-1.0,2026-04-07 11:36:06.722343,2026-04-07 11:36:07.197695,0 days 00:00:00.475352,91.4036409791494,10.794869989605608,0.17229494300995551,Au,COMPLETE
4482,-1.0,2026-04-07 11:36:06.747589,2026-04-07 11:36:07.354931,0 days 00:00:00.607342,20.857708906568003,17.375973869683488,0.5811413263568334,Au,COMPLETE
4483,0.0,2026-04-07 11:36:07.052676,2026-04-07 11:36:07.816859,0 days 00:00:00.764183,35.44472508937088,17.391327216803717,0.926557196750347,Au,PRUNED
4484,-1.0,2026-04-07 11:36:07.202046,2026-04-07 11:36:07.922971,0 days 00:00:00.720925,31.096795150577467,17.517300694048828,0.5388392404291767,Au,COMPLETE
4485,-1.0,2026-04-07 11:36:07.270289,2026-04-07 11:36:07.862215,0 days 00:00:00.591926,31.650985388886177,19.962300129568895,0.9041972860604721,Au,COMPLETE
4486,0.0,2026-04-07 11:36:07.349764,2026-04-07 11:36:08.016651,0 days 00:00:00.666887,44.81375615770794,17.255001313391926,0.5230149829792439,Au,PRUNED
4487,-1.0,2026-04-07 11:36:07.378815,2026-04-07 11:36:07.875526,0 days 00:00:00.496711,56.510930347512215,6.9125328221022,1.8462944528587262,Au,COMPLETE
4488,-8.012820512819896,2026-04-07 11:36:07.455116,2026-04-07 11:36:08.274218,0 days 00:00:00.819102,31.682858875254155,0.7240637178380744,0.6673778389760407,Au,PRUNED
4489,0.0,2026-04-07 11:36:07.576166,2026-04-07 11:36:08.275221,0 days 00:00:00.699055,31.31973180074248,17.828505027104683,0.49820863318091,Au,PRUNED
4490,-1.0,2026-04-07 11:36:07.595232,2026-04-07 11:36:08.178529,0 days 00:00:00.583297,21.19103932714965,19.92330570499219,0.9675860448538367,Au,COMPLETE
4491,-1.0,2026-04-07 11:36:07.928017,2026-04-07 11:36:08.574723,0 days 00:00:00.646706,20.08230500901425,17.044629433504998,0.8307947357221124,Au,COMPLETE
4492,-1.0,2026-04-07 11:36:08.019463,2026-04-07 11:36:08.796852,0 days 00:00:00.777389,33.86846151171297,17.71680767024936,0.6389316422141914,Au,COMPLETE
4493,-1.0,2026-04-07 11:36:08.131440,2026-04-07 11:36:08.695536,0 days 00:00:00.564096,30.98010617290128,19.784699485232345,0.3322806649490848,Au,COMPLETE
4494,0.0,2026-04-07 11:36:08.175507,2026-04-07 11:36:09.051419,0 days 00:00:00.875912,30.677167617142366,19.823151637225706,0.7519212973967293,Au,PRUNED
4495,0.0,2026-04-07 11:36:08.227860,2026-04-07 11:36:08.796852,0 days 00:00:00.568992,34.304820827929824,19.891002401441416,0.7638436077648363,Au,PRUNED
4496,-1.0,2026-04-07 11:36:08.339718,2026-04-07 11:36:08.883371,0 days 00:00:00.543653,26.07212271837483,19.87393314274987,0.4084126725264613,Au,COMPLETE
4497,-1.0,2026-04-07 11:36:08.398768,2026-04-07 11:36:08.933850,0 days 00:00:00.535082,21.910591717031007,19.421505010370154,0.47650682577725834,Au,COMPLETE
4498,-1.0,2026-04-07 11:36:08.411406,2026-04-07 11:36:09.007693,0 days 00:00:00.596287,30.46784871994321,19.919410124175762,0.6075823780363582,Au,COMPLETE
4499,-372.7924944811867,2026-04-07 11:36:08.724477,2026-04-07 11:36:09.366507,0 days 00:00:00.642030,20.025773419605272,19.863727357456412,0.8122599349765034,Au,COMPLETE
4500,0.0,2026-04-07 11:36:08.902915,2026-04-07 11:36:09.496246,0 days 00:00:00.593331,31.276384830405306,19.960260662412736,0.4996293264572885,Au,PRUNED
4501,-1.0,2026-04-07 11:36:08.988095,2026-04-07 11:36:09.651762,0 days 00:00:00.663667,30.19858395730361,19.734452411388443,0.9522364006563421,Au,COMPLETE
4502,-359.7756410255949,2026-04-07 11:36:09.079883,2026-04-07 11:36:09.602829,0 days 00:00:00.522946,20.577155258380223,19.23765935089971,0.8083653604433351,Au,COMPLETE
4503,-1.0,2026-04-07 11:36:09.118118,2026-04-07 11:36:09.649732,0 days 00:00:00.531614,39.915753846973516,19.79711118334063,0.42533667718940493,Cu,COMPLETE
4504,-8.333333333332,2026-04-07 11:36:09.156842,2026-04-07 11:36:09.808425,0 days 00:00:00.651583,22.07831356089217,19.991339725244448,0.4128496385773309,Au,PRUNED
4505,0.6830601092895726,2026-04-07 11:36:09.168263,2026-04-07 11:36:09.764848,0 days 00:00:00.596585,52.355429148054434,13.646181745380765,0.6876134598347203,Cu,PRUNED
4506,-1.0,2026-04-07 11:36:09.213846,2026-04-07 11:36:10.031256,0 days 00:00:00.817410,80.48653746263875,12.794144163400851,0.8844331226954083,Cu,COMPLETE
4507,0.0,2026-04-07 11:36:09.512133,2026-04-07 11:36:10.288558,0 days 00:00:00.776425,20.34668697855475,17.539540747188774,0.34172386027759993,Au,PRUNED
4508,-1.0,2026-04-07 11:36:09.679590,2026-04-07 11:36:10.166504,0 days 00:00:00.486914,50.173654513227,19.892868182482783,0.463573475644637,Au,COMPLETE
4509,-404.7619047618469,2026-04-07 11:36:09.870175,2026-04-07 11:36:10.868251,0 days 00:00:00.998076,20.56368928638581,19.7012433684325,0.9461074521315913,Au,COMPLETE
4510,83.02696078431127,2026-04-07 11:36:09.890184,2026-04-07 11:36:10.789056,0 days 00:00:00.898872,23.920381660337778,19.90861439791414,0.8994738664951647,Au,PRUNED
4511,-1.0,2026-04-07 11:36:09.910537,2026-04-07 11:36:10.554635,0 days 00:00:00.644098,32.167166423396885,19.860249334893876,1.1347816496643774,Au,COMPLETE
4512,-378.35570469793595,2026-04-07 11:36:09.930906,2026-04-07 11:36:10.749119,0 days 00:00:00.818213,20.822035241994293,19.48808419836186,0.6162039077282468,Au,COMPLETE
4513,0.0,2026-04-07 11:36:09.955665,2026-04-07 11:36:10.841677,0 days 00:00:00.886012,45.405117821501705,16.817778688560466,0.9494966922991877,Au,PRUNED
4514,0.0,2026-04-07 11:36:10.286533,2026-04-07 11:36:10.866720,0 days 00:00:00.580187,20.77003247026563,16.717194264080984,0.41165843078773473,Au,PRUNED
4515,0.0,2026-04-07 11:36:10.346208,2026-04-07 11:36:11.010668,0 days 00:00:00.664460,47.08253672306105,19.9578479017954,0.6771648080781224,Au,PRUNED
4516,-1.0,2026-04-07 11:36:10.596092,2026-04-07 11:36:11.193677,0 days 00:00:00.597585,27.47981916825873,17.075261094833476,0.8210351256969987,Au,COMPLETE
4517,0.0,2026-04-07 11:36:10.703014,2026-04-07 11:36:11.398378,0 days 00:00:00.695364,20.610724808128438,17.84740605870805,0.9359391148574202,Au,PRUNED
4518,-11.217948717946992,2026-04-07 11:36:10.919727,2026-04-07 11:36:11.750912,0 days 00:00:00.831185,21.808614596074072,19.75513532425714,0.5934547317848052,Au,PRUNED
4519,-1.0,2026-04-07 11:36:10.905266,2026-04-07 11:36:11.603987,0 days 00:00:00.698721,20.1081138343985,16.937253583749182,0.6069699028228243,Au,COMPLETE
4520,0.0,2026-04-07 11:36:11.010668,2026-04-07 11:36:11.775711,0 days 00:00:00.765043,20.170647491829182,19.208866831647768,0.41838519773780114,Au,PRUNED
4521,-1.0,2026-04-07 11:36:11.058425,2026-04-07 11:36:11.682104,0 days 00:00:00.623679,20.66535179627591,16.17191457858066,0.8150701017884349,Ag,COMPLETE
4522,-1.0,2026-04-07 11:36:11.230174,2026-04-07 11:36:11.816418,0 days 00:00:00.586244,20.069547678417894,19.829242295544947,0.8789673382010468,Au,COMPLETE
4523,-1.0,2026-04-07 11:36:11.240359,2026-04-07 11:36:11.851087,0 days 00:00:00.610728,29.555934518928375,17.871271812981927,0.8182529755982064,Au,COMPLETE
4524,0.0,2026-04-07 11:36:11.346663,2026-04-07 11:36:12.265293,0 days 00:00:00.918630,34.88224128673883,17.256475291673976,0.9783827868563646,Au,PRUNED
4525,-1.0,2026-04-07 11:36:11.462559,2026-04-07 11:36:12.188052,0 days 00:00:00.725493,22.358819111523356,17.051872815733304,0.8846467568055338,Au,COMPLETE
4526,0.0,2026-04-07 11:36:11.870098,2026-04-07 11:36:12.648011,0 days 00:00:00.777913,119.80250149654054,17.882398396445673,0.5550170428554062,Ag,PRUNED
4527,-1.0,2026-04-07 11:36:11.822062,2026-04-07 11:36:12.537474,0 days 00:00:00.715412,30.985466495643344,16.96349328115721,0.9128608206457931,Au,COMPLETE
4528,4.084967320261118,2026-04-07 11:36:11.805324,2026-04-07 11:36:12.739123,0 days 00:00:00.933799,32.83479161100754,14.799173294824648,0.5982253939806614,Au,PRUNED
4529,0.0,2026-04-07 11:36:11.914054,2026-04-07 11:36:12.710068,0 days 00:00:00.796014,30.886535981938433,17.896306145993485,0.8818267696334117,Au,PRUNED
4530,-1.0,2026-04-07 11:36:12.000472,2026-04-07 11:36:12.649329,0 days 00:00:00.648857,20.633218855383987,17.759768942117198,0.8687649036081224,Au,COMPLETE
4531,0.0,2026-04-07 11:36:12.080806,2026-04-07 11:36:13.051931,0 days 00:00:00.971125,20.154341380358836,17.08743526442835,0.13005970064634675,Au,PRUNED
4532,-14.756944444443215,2026-04-07 11:36:12.362731,2026-04-07 11:36:13.331217,0 days 00:00:00.968486,31.28841987584733,17.901793084110043,0.5850952924230493,Ag,PRUNED
4533,-448.49081364822314,2026-04-07 11:36:12.395591,2026-04-07 11:36:13.022211,0 days 00:00:00.626620,21.202427483249494,19.957775116879326,0.7990868926399279,Au,COMPLETE
4534,-11.43790849673113,2026-04-07 11:36:12.685772,2026-04-07 11:36:13.331217,0 days 00:00:00.645445,24.124345603524954,19.91422230427832,0.9767004735160029,Ag,PRUNED
4535,0.0,2026-04-07 11:36:12.772260,2026-04-07 11:36:13.822863,0 days 00:00:01.050603,20.309596528999865,17.68025309901382,0.690215505316509,Au,PRUNED
4536,-8.928571428570791,2026-04-07 11:36:12.804692,2026-04-07 11:36:13.822863,0 days 00:00:01.018171,25.561468498503967,16.917885753766637,0.5941789257371537,Ag,PRUNED
4537,-1.0,2026-04-07 11:36:12.954362,2026-04-07 11:36:13.678626,0 days 00:00:00.724264,37.27479098539382,19.92654972707507,0.9177791046219992,Au,COMPLETE
4538,79.9632352941153,2026-04-07 11:36:12.910410,2026-04-07 11:36:13.686682,0 days 00:00:00.776272,34.28246794212991,15.075130538383771,0.5084740027064658,Au,PRUNED
4539,0.0,2026-04-07 11:36:13.266170,2026-04-07 11:36:13.830328,0 days 00:00:00.564158,44.68395894330294,17.916680080721534,0.636234908789528,Au,PRUNED
4540,0.0,2026-04-07 11:36:13.294152,2026-04-07 11:36:13.834554,0 days 00:00:00.540402,20.296755285881012,18.586145951487612,0.7587987929401859,Au,PRUNED
4541,-1.0,2026-04-07 11:36:13.401599,2026-04-07 11:36:13.771519,0 days 00:00:00.369920,20.478556616896938,19.700028031633703,0.6535254760428649,Au,COMPLETE
4542,0.0,2026-04-07 11:36:13.502599,2026-04-07 11:36:14.184010,0 days 00:00:00.681411,47.10968827283463,17.483312401277157,0.8622165243246301,Au,PRUNED
4543,-1.0,2026-04-07 11:36:13.725539,2026-04-07 11:36:14.539037,0 days 00:00:00.813498,32.6358827656303,17.676133696356324,0.6425381656945894,Au,COMPLETE
4544,-1.0,2026-04-07 11:36:13.900077,2026-04-07 11:36:14.599726,0 days 00:00:00.699649,20.113432473809365,19.46143565585696,0.5674766290866053,Au,COMPLETE
4545,0.0,2026-04-07 11:36:13.945846,2026-04-07 11:36:14.674359,0 days 00:00:00.728513,104.14483178952511,19.363188348197788,0.7831471059142789,Cu,PRUNED
4546,0.0,2026-04-07 11:36:13.977253,2026-04-07 11:36:14.671842,0 days 00:00:00.694589,20.18971114254377,17.31626217452307,0.5794775038913798,Au,PRUNED
4547,-1.0,2026-04-07 11:36:14.002946,2026-04-07 11:36:14.539037,0 days 00:00:00.536091,105.36405205217156,8.440593946599629,1.599086643818562,Ag,COMPLETE
4548,-1.0,2026-04-07 11:36:14.087588,2026-04-07 11:36:14.612257,0 days 00:00:00.524669,20.67536343751298,19.96438488309823,0.685577886071017,Au,COMPLETE
4549,-1.0,2026-04-07 11:36:14.101365,2026-04-07 11:36:14.645656,0 days 00:00:00.544291,38.266559757736545,19.942373400918232,0.5202123906718416,Au,COMPLETE
4550,-1.0,2026-04-07 11:36:14.286016,2026-04-07 11:36:14.830640,0 days 00:00:00.544624,20.26931163625114,19.874031282007028,0.3777395563165439,Au,COMPLETE
4551,0.0,2026-04-07 11:36:14.707491,2026-04-07 11:36:15.465967,0 days 00:00:00.758476,32.514964434325584,19.894528939532822,0.2416754968763694,Au,PRUNED
4552,-1.0,2026-04-07 11:36:14.773341,2026-04-07 11:36:15.512423,0 days 00:00:00.739082,35.37700654485065,19.879902391660746,0.4213741252878253,Au,COMPLETE
4553,0.0,2026-04-07 11:36:14.788126,2026-04-07 11:36:15.387334,0 days 00:00:00.599208,20.046628871952702,17.9178398639497,0.8093335261003111,Au,PRUNED
4554,0.0,2026-04-07 11:36:14.804512,2026-04-07 11:36:15.609774,0 days 00:00:00.805262,34.58755679298957,17.8508845511751,0.7601336733528339,Au,PRUNED
4555,0.0,2026-04-07 11:36:14.817538,2026-04-07 11:36:15.636121,0 days 00:00:00.818583,49.73974063983786,18.04272713294534,0.7535286545032674,Au,PRUNED
4556,-1.0,2026-04-07 11:36:14.848896,2026-04-07 11:36:15.439004,0 days 00:00:00.590108,38.12260197658185,17.23093114652856,0.37761345607164815,Au,COMPLETE
4557,0.0,2026-04-07 11:36:15.044990,2026-04-07 11:36:15.954256,0 days 00:00:00.909266,35.27854950174886,17.046029762025615,0.5298850323478761,Au,PRUNED
4558,0.0,2026-04-07 11:36:15.083056,2026-04-07 11:36:15.781414,0 days 00:00:00.698358,37.59773288111782,19.820022196580627,0.5079310961505378,Au,PRUNED
4559,-420.6790123456165,2026-04-07 11:36:15.474671,2026-04-07 11:36:16.139750,0 days 00:00:00.665079,20.53803089152388,19.91744996643705,0.9375222534953971,Au,COMPLETE
4560,-1.0,2026-04-07 11:36:15.722712,2026-04-07 11:36:16.401927,0 days 00:00:00.679215,33.189364499869576,19.69141747929583,0.48482167617714633,Au,COMPLETE
4561,0.0,2026-04-07 11:36:15.759983,2026-04-07 11:36:16.404574,0 days 00:00:00.644591,34.50595855706558,17.016152399325737,0.34171112346922927,Au,PRUNED
4562,0.0,2026-04-07 11:36:15.671675,2026-04-07 11:36:16.499413,0 days 00:00:00.827738,34.967566184729925,19.897583980033087,0.7626322620460586,Au,PRUNED
4563,-1.0,2026-04-07 11:36:15.815097,2026-04-07 11:36:16.362603,0 days 00:00:00.547506,28.491018726659764,19.94366589718384,0.5302835653112308,Au,COMPLETE
4564,0.0,2026-04-07 11:36:15.838077,2026-04-07 11:36:16.687133,0 days 00:00:00.849056,36.673814116395285,19.831307073572045,0.32788965574094814,Au,PRUNED
4565,-1.0,2026-04-07 11:36:16.040657,2026-04-07 11:36:16.700843,0 days 00:00:00.660186,22.56541754426679,19.96182018819519,0.4705821082242625,Au,COMPLETE
4566,-441.2144702841686,2026-04-07 11:36:16.110453,2026-04-07 11:36:17.249390,0 days 00:00:01.138937,21.207149491132064,19.929768680441953,0.6521924295766024,Au,COMPLETE
4567,0.0,2026-04-07 11:36:16.329135,2026-04-07 11:36:17.157952,0 days 00:00:00.828817,20.376313893913302,19.891575851320308,0.281945638333958,Au,PRUNED
4568,0.0,2026-04-07 11:36:16.561237,2026-04-07 11:36:17.263160,0 days 00:00:00.701923,33.697736368150956,18.08250966159663,0.6145721938244317,Au,PRUNED
4569,-1.0,2026-04-07 11:36:16.597477,2026-04-07 11:36:17.205645,0 days 00:00:00.608168,20.12084627694433,19.785455784561552,0.5810951335125318,Au,COMPLETE
4570,-1.0,2026-04-07 11:36:16.618416,2026-04-07 11:36:17.204141,0 days 00:00:00.585725,22.425196170973205,19.896415894310643,0.6327511493457587,Au,COMPLETE
4571,-1.0,2026-04-07 11:36:16.806799,2026-04-07 11:36:17.406078,0 days 00:00:00.599279,31.003647862980664,17.02297420737645,0.5385392129805238,Au,COMPLETE
4572,-1.0,2026-04-07 11:36:16.867386,2026-04-07 11:36:17.478827,0 days 00:00:00.611441,42.036971182232,19.90997616696681,0.8155547583274672,Au,COMPLETE
4573,-1.0,2026-04-07 11:36:16.896144,2026-04-07 11:36:17.479826,0 days 00:00:00.583682,21.156532125796424,19.92825126616791,0.289716968903469,Au,COMPLETE
4574,-1.0,2026-04-07 11:36:17.232266,2026-04-07 11:36:17.849532,0 days 00:00:00.617266,43.04128978190627,17.64412079670666,0.4408304237649381,Au,COMPLETE
4575,0.0,2026-04-07 11:36:17.320739,2026-04-07 11:36:18.063134,0 days 00:00:00.742395,35.094749063494035,19.841066601236268,0.6862978445145314,Au,PRUNED
4576,-1.0,2026-04-07 11:36:17.350689,2026-04-07 11:36:17.923571,0 days 00:00:00.572882,56.44942547030581,17.139480655512525,0.10339693392118854,Au,COMPLETE
4577,-1.0,2026-04-07 11:36:17.422329,2026-04-07 11:36:17.924569,0 days 00:00:00.502240,20.66118511018995,17.415568398022014,0.4547816118803366,Au,COMPLETE
4578,-1.0,2026-04-07 11:36:17.439325,2026-04-07 11:36:18.107277,0 days 00:00:00.667952,21.08630520288524,18.042368925249146,0.7015014535113412,Au,COMPLETE
4579,-1.0,2026-04-07 11:36:17.601675,2026-04-07 11:36:18.063134,0 days 00:00:00.461459,20.878876170290187,16.44744456105799,0.3656807428103588,Au,COMPLETE
4580,-1.0,2026-04-07 11:36:17.723674,2026-04-07 11:36:18.465709,0 days 00:00:00.742035,28.180709166254086,19.985217375297296,0.5019971138431193,Au,COMPLETE
4581,-1.0,2026-04-07 11:36:17.767522,2026-04-07 11:36:18.265502,0 days 00:00:00.497980,21.677696757868834,19.99308585485424,0.5362493764040132,Au,COMPLETE
4582,-1.0,2026-04-07 11:36:18.067208,2026-04-07 11:36:18.846118,0 days 00:00:00.778910,37.463599929355354,17.13868045496278,0.5611938427435985,Au,COMPLETE
4583,0.0,2026-04-07 11:36:18.144480,2026-04-07 11:36:18.794308,0 days 00:00:00.649828,37.2595107530082,19.959625695978335,0.6085612170230017,Au,PRUNED
4584,-1.0,2026-04-07 11:36:18.163330,2026-04-07 11:36:18.656635,0 days 00:00:00.493305,31.109227125965155,19.647093567791796,0.668034440307147,Au,COMPLETE
4585,-1.0,2026-04-07 11:36:18.189980,2026-04-07 11:36:18.794308,0 days 00:00:00.604328,28.088546133324037,19.913834600420802,0.3827683627132556,Cu,COMPLETE
4586,-1.0,2026-04-07 11:36:18.283490,2026-04-07 11:36:18.875029,0 days 00:00:00.591539,20.52080617215576,19.859807043661267,0.44825587855975557,Au,COMPLETE
4587,0.0,2026-04-07 11:36:18.414689,2026-04-07 11:36:19.274139,0 days 00:00:00.859450,50.41597669751961,19.84323798364442,0.5008882023207725,Au,PRUNED
4588,-1.0,2026-04-07 11:36:18.537374,2026-04-07 11:36:19.130241,0 days 00:00:00.592867,22.37284076176339,17.21958861460545,0.6167637249656241,Au,COMPLETE
4589,-1.0,2026-04-07 11:36:18.616074,2026-04-07 11:36:19.273134,0 days 00:00:00.657060,22.312909998755533,17.253754571521107,0.6029241348212686,Au,COMPLETE
4590,-1.0,2026-04-07 11:36:18.962594,2026-04-07 11:36:19.511189,0 days 00:00:00.548595,32.01851810253049,17.947922476426196,0.7048739679701316,Au,COMPLETE
4591,0.0,2026-04-07 11:36:19.005357,2026-04-07 11:36:19.863433,0 days 00:00:00.858076,20.064054969180393,19.457297565439905,0.6280641913407379,Au,PRUNED
4592,-1.0,2026-04-07 11:36:19.054676,2026-04-07 11:36:19.828344,0 days 00:00:00.773668,20.235601484940204,19.762677777919006,0.5836112710388596,Cu,COMPLETE
4593,-1.0,2026-04-07 11:36:19.123514,2026-04-07 11:36:19.891568,0 days 00:00:00.768054,27.32922938334863,17.38622372985281,0.6135456100876602,Au,COMPLETE
4594,80.57598039215449,2026-04-07 11:36:19.169224,2026-04-07 11:36:19.750150,0 days 00:00:00.580926,30.977536032010235,17.131781374800127,0.4803041246120672,Au,PRUNED
4595,-1.0,2026-04-07 11:36:19.401926,2026-04-07 11:36:19.797594,0 days 00:00:00.395668,83.76681151739533,4.4113398191444615,1.2282349702052286,Ag,COMPLETE
4596,-1.0,2026-04-07 11:36:19.419096,2026-04-07 11:36:19.778077,0 days 00:00:00.358981,40.340285811513,18.036280355314435,0.1620753444212702,Cu,COMPLETE
4597,0.0,2026-04-07 11:36:19.443376,2026-04-07 11:36:20.024844,0 days 00:00:00.581468,30.198752983623173,19.70463014238576,0.6160239111210142,Au,PRUNED
4598,0.0,2026-04-07 11:36:19.672336,2026-04-07 11:36:20.518172,0 days 00:00:00.845836,33.018279000713136,17.784570673426888,0.554882050142548,Au,PRUNED
4599,-1.0,2026-04-07 11:36:19.790431,2026-04-07 11:36:20.552864,0 days 00:00:00.762433,20.092378863594558,19.014953304499535,0.5396771852071383,Au,COMPLETE
4600,-1.0,2026-04-07 11:36:19.985032,2026-04-07 11:36:20.436402,0 days 00:00:00.451370,44.18217928409261,19.788481921050085,0.17066925306552144,Au,COMPLETE
4601,0.0,2026-04-07 11:36:20.046401,2026-04-07 11:36:20.920981,0 days 00:00:00.874580,47.921742694595366,19.995239833642305,0.6271435830365379,Au,PRUNED
4602,-427.00501253126436,2026-04-07 11:36:20.014014,2026-04-07 11:36:20.950202,0 days 00:00:00.936188,20.958699116972177,19.78850431207417,0.7699793357436904,Au,COMPLETE
4603,4.761904761904217,2026-04-07 11:36:20.122295,2026-04-07 11:36:20.686253,0 days 00:00:00.563958,29.122262768566472,16.641122271791367,0.3699443196900004,Au,PRUNED
4604,79.62962962962726,2026-04-07 11:36:20.147792,2026-04-07 11:36:20.919966,0 days 00:00:00.772174,32.78841360406447,17.13015168206739,0.49369187693525574,Au,PRUNED
4605,-1.0,2026-04-07 11:36:20.158599,2026-04-07 11:36:20.718281,0 days 00:00:00.559682,20.936920386187126,17.928542708995124,0.8153905387101836,Au,COMPLETE
4606,-1.0,2026-04-07 11:36:20.541024,2026-04-07 11:36:21.218491,0 days 00:00:00.677467,47.52094136312257,19.890988185402513,0.5229901738235371,Au,COMPLETE
4607,0.0,2026-04-07 11:36:20.637459,2026-04-07 11:36:21.426862,0 days 00:00:00.789403,27.218275218664665,19.87428658730669,0.5980463806581979,Au,PRUNED
4608,-1.0,2026-04-07 11:36:20.677496,2026-04-07 11:36:21.445345,0 days 00:00:00.767849,21.000720770024504,17.832203752650752,0.7021208399061909,Ag,COMPLETE
4609,-1.0,2026-04-07 11:36:20.812178,2026-04-07 11:36:21.539068,0 days 00:00:00.726890,32.28429817185052,17.626021147491883,0.5595787363961273,Au,COMPLETE
4610,-1.0,2026-04-07 11:36:20.896003,2026-04-07 11:36:21.515397,0 days 00:00:00.619394,20.378166244912013,19.990121957480003,0.21417363802101083,Au,COMPLETE
4611,-1.0,2026-04-07 11:36:21.060779,2026-04-07 11:36:21.893287,0 days 00:00:00.832508,33.80848412629771,17.950493574492477,0.3090521834297201,Au,COMPLETE
4612,-1.0,2026-04-07 11:36:21.119966,2026-04-07 11:36:21.825049,0 days 00:00:00.705083,32.078107582907904,16.680223052289563,0.32584487737147616,Au,COMPLETE
4613,0.0,2026-04-07 11:36:21.184417,2026-04-07 11:36:21.969199,0 days 00:00:00.784782,20.505377905440433,18.340612628517395,0.45443839993192925,Au,PRUNED
4614,-0.6802721088435263,2026-04-07 11:36:21.421239,2026-04-07 11:36:21.982315,0 days 00:00:00.561076,105.07576112348828,7.3814118977924394,1.8372673238659516,Au,PRUNED
4615,0.0,2026-04-07 11:36:21.542511,2026-04-07 11:36:22.465300,0 days 00:00:00.922789,42.31742012119241,15.792279587879978,0.7813637373517999,Au,PRUNED
4616,-1.0,2026-04-07 11:36:21.609692,2026-04-07 11:36:22.120383,0 days 00:00:00.510691,32.92654821157741,16.925323109276377,0.7321839243320929,Au,COMPLETE
4617,-1.0,2026-04-07 11:36:21.681998,2026-04-07 11:36:22.397641,0 days 00:00:00.715643,36.29373195494806,19.781424438110715,0.6604487518929569,Au,COMPLETE
4618,0.0,2026-04-07 11:36:21.741534,2026-04-07 11:36:22.466807,0 days 00:00:00.725273,20.392464275354843,18.953009479919043,0.7205159321755574,Au,PRUNED
4619,-1.0,2026-04-07 11:36:22.074980,2026-04-07 11:36:22.779587,0 days 00:00:00.704607,21.065996585927248,17.102177429699257,0.31264877067799035,Au,COMPLETE
4620,-1.0,2026-04-07 11:36:22.101989,2026-04-07 11:36:22.732569,0 days 00:00:00.630580,21.377756052467127,19.8140178328061,0.662564231798878,Au,COMPLETE
4621,-0.9842519685039215,2026-04-07 11:36:22.191153,2026-04-07 11:36:22.832968,0 days 00:00:00.641815,75.88449155307259,18.555240874402404,1.2601004406274259,Ag,PRUNED
4622,79.62962962962726,2026-04-07 11:36:22.125128,2026-04-07 11:36:23.028797,0 days 00:00:00.903669,33.04647725607773,16.633934651364928,0.740121391062186,Au,PRUNED
4623,-6.818181818181322,2026-04-07 11:36:22.408783,2026-04-07 11:36:23.046962,0 days 00:00:00.638179,30.182659019821095,1.6745639701753188,1.6844444310071345,Cu,PRUNED
4624,-1.0,2026-04-07 11:36:22.510973,2026-04-07 11:36:23.164733,0 days 00:00:00.653760,20.728126561141938,17.286576936488878,0.4423210381156255,Au,COMPLETE
4625,0.0,2026-04-07 11:36:22.641491,2026-04-07 11:36:23.232826,0 days 00:00:00.591335,32.11210162677679,17.530639327728423,0.8340244414145219,Au,PRUNED
4626,0.0,2026-04-07 11:36:22.660666,2026-04-07 11:36:23.593586,0 days 00:00:00.932920,33.76907675492876,19.89272190294553,0.8144702230269514,Au,PRUNED
4627,-400.70921985809935,2026-04-07 11:36:22.915799,2026-04-07 11:36:23.552772,0 days 00:00:00.636973,20.91918382426808,19.99725678647219,0.24024302107739098,Au,COMPLETE
4628,-1.0,2026-04-07 11:36:22.952823,2026-04-07 11:36:23.578389,0 days 00:00:00.625566,22.478118169940792,19.918053938859156,0.6135888173156784,Au,COMPLETE
4629,0.0,2026-04-07 11:36:22.969005,2026-04-07 11:36:23.796508,0 days 00:00:00.827503,21.60365304023244,13.748135570225681,0.644590712473341,Au,PRUNED
4630,-1.0,2026-04-07 11:36:23.228192,2026-04-07 11:36:23.674040,0 days 00:00:00.445848,20.80496059847189,18.37879299503615,0.7685346453930973,Au,COMPLETE
4631,-1.0,2026-04-07 11:36:23.274054,2026-04-07 11:36:23.873326,0 days 00:00:00.599272,47.309562938845126,17.847871384303378,0.7808324967724996,Au,COMPLETE
4632,0.0,2026-04-07 11:36:23.299010,2026-04-07 11:36:24.361728,0 days 00:00:01.062718,20.2446449063611,15.211737197431393,0.6814818030459919,Au,PRUNED
4633,80.24691358024454,2026-04-07 11:36:23.361435,2026-04-07 11:36:24.031369,0 days 00:00:00.669934,32.29627783428512,17.256699343459882,0.20228610566207733,Au,PRUNED
4634,-1.0,2026-04-07 11:36:23.728560,2026-04-07 11:36:24.356425,0 days 00:00:00.627865,20.34885719869327,19.748902213303246,0.6931107694368747,Au,COMPLETE
4635,-9.9999999999984,2026-04-07 11:36:23.808431,2026-04-07 11:36:24.534840,0 days 00:00:00.726409,22.02120590036721,19.986710188571102,0.41959773492128216,Au,PRUNED
4636,-1.0,2026-04-07 11:36:23.835875,2026-04-07 11:36:24.480059,0 days 00:00:00.644184,35.802941638683535,16.37532971539946,0.6093235308636394,Cu,COMPLETE
4637,-0.8741258741258496,2026-04-07 11:36:23.957545,2026-04-07 11:36:24.590534,0 days 00:00:00.632989,53.51997784337918,13.716509005200404,0.2002036767626834,Au,PRUNED
4638,-392.07175925920484,2026-04-07 11:36:23.986204,2026-04-07 11:36:24.590534,0 days 00:00:00.604330,20.095287725553177,19.946754805755198,0.8749756456806799,Au,COMPLETE
4639,-1.0,2026-04-07 11:36:24.200496,2026-04-07 11:36:25.046448,0 days 00:00:00.845952,20.314475103238447,17.018307240473032,0.6075990013775927,Au,COMPLETE
4640,0.0,2026-04-07 11:36:24.238582,2026-04-07 11:36:25.233960,0 days 00:00:00.995378,20.051610077914965,17.690846704153785,0.49215963194219764,Au,PRUNED
4641,-437.4999999999331,2026-04-07 11:36:24.503444,2026-04-07 11:36:25.298340,0 days 00:00:00.794896,20.801919158259068,19.981458707110292,0.85883627689182,Au,COMPLETE
4642,0.0,2026-04-07 11:36:24.610338,2026-04-07 11:36:25.193048,0 days 00:00:00.582710,38.23749272488413,19.874546174578725,0.8161344479563168,Au,PRUNED
4643,-434.16030534344486,2026-04-07 11:36:24.687626,2026-04-07 11:36:25.422326,0 days 00:00:00.734700,21.36755901883754,19.828861384058122,0.5307789556669417,Au,COMPLETE
4644,-1.0,2026-04-07 11:36:24.743320,2026-04-07 11:36:25.373166,0 days 00:00:00.629846,21.07827134786989,19.778758263569838,0.4987051180597052,Au,COMPLETE
4645,0.0,2026-04-07 11:36:24.805270,2026-04-07 11:36:25.488841,0 days 00:00:00.683571,28.93463932116274,19.981305159671216,0.8048700549839692,Au,PRUNED
4646,-1.0,2026-04-07 11:36:24.828697,2026-04-07 11:36:25.436789,0 days 00:00:00.608092,33.74037008733164,19.88038538450418,0.498224408764243,Au,COMPLETE
4647,-1.0,2026-04-07 11:36:25.284223,2026-04-07 11:36:26.094869,0 days 00:00:00.810646,20.680206777915757,15.074731836744231,0.9148722503143688,Au,COMPLETE
4648,-1.0,2026-04-07 11:36:25.301351,2026-04-07 11:36:25.970366,0 days 00:00:00.669015,33.505686960313255,16.78548882159004,0.357597481885291,Au,COMPLETE
4649,-1.0,2026-04-07 11:36:25.391745,2026-04-07 11:36:26.082049,0 days 00:00:00.690304,114.4801462031215,19.183616101895403,1.5204197533994157,Ag,COMPLETE
4650,-1.0,2026-04-07 11:36:25.554606,2026-04-07 11:36:26.010371,0 days 00:00:00.455765,31.942539624374042,18.187929473799024,0.35995000761618184,Au,COMPLETE
4651,0.0,2026-04-07 11:36:25.614820,2026-04-07 11:36:26.562415,0 days 00:00:00.947595,40.443654097422474,19.84667992026031,0.23827989409144146,Au,PRUNED
4652,81.17283950617043,2026-04-07 11:36:25.632299,2026-04-07 11:36:26.187203,0 days 00:00:00.554904,30.887176991044008,17.381886860499915,0.35294251182046416,Au,PRUNED
4653,-153.0303030302919,2026-04-07 11:36:25.639997,2026-04-07 11:36:26.214935,0 days 00:00:00.574938,23.768895812054172,19.16010601148687,0.3494367357397883,Ag,PRUNED
4654,-1.0,2026-04-07 11:36:25.657644,2026-04-07 11:36:26.312178,0 days 00:00:00.654534,79.5289654933593,19.729024136491454,0.6998545166110619,Ag,COMPLETE
4655,0.0,2026-04-07 11:36:26.042821,2026-04-07 11:36:26.560823,0 days 00:00:00.518002,20.905011101067128,16.86288718479941,0.3696363978111278,Au,PRUNED
4656,3.9308176100625967,2026-04-07 11:36:26.111255,2026-04-07 11:36:27.091248,0 days 00:00:00.979993,37.81665557234028,13.894896352456893,0.410786679616091,Au,PRUNED
4657,0.0,2026-04-07 11:36:26.244580,2026-04-07 11:36:26.902072,0 days 00:00:00.657492,29.2061872103649,19.76189667513879,0.1319412999038435,Au,PRUNED
4658,0.0,2026-04-07 11:36:26.216442,2026-04-07 11:36:27.146361,0 days 00:00:00.929919,36.892363039871114,17.30513699319846,0.1675391121365991,Au,PRUNED
4659,-430.5555555554903,2026-04-07 11:36:26.462613,2026-04-07 11:36:27.353048,0 days 00:00:00.890435,21.163530984899214,19.908829865376447,0.5338280821361512,Au,COMPLETE
4660,0.0,2026-04-07 11:36:26.494002,2026-04-07 11:36:27.211955,0 days 00:00:00.717953,21.271063989659037,17.76208766061954,0.39983367088502786,Au,PRUNED
4661,0.0,2026-04-07 11:36:26.669921,2026-04-07 11:36:27.490335,0 days 00:00:00.820414,20.034684016212253,17.37789941978322,0.6715051648280436,Au,PRUNED
4662,-1.0,2026-04-07 11:36:26.705083,2026-04-07 11:36:27.322575,0 days 00:00:00.617492,32.14619806366779,17.178861486845513,0.3930064104739899,Au,COMPLETE
4663,-1.0,2026-04-07 11:36:26.768887,2026-04-07 11:36:27.408914,0 days 00:00:00.640027,78.34094719333166,9.747335194497456,1.3363906909694219,Cu,COMPLETE
4664,0.0,2026-04-07 11:36:27.011579,2026-04-07 11:36:27.625106,0 days 00:00:00.613527,37.53416152707089,19.755029570204872,0.4812258506480724,Au,PRUNED
4665,80.55555555555317,2026-04-07 11:36:27.226125,2026-04-07 11:36:28.370567,0 days 00:00:01.144442,30.888142335161383,17.682206995259303,0.36556982053781295,Au,PRUNED
4666,-12.681159420288752,2026-04-07 11:36:27.288414,2026-04-07 11:36:28.193547,0 days 00:00:00.905133,52.028044791162735,5.18814058762803,1.902122389888595,Cu,PRUNED
4667,0.0,2026-04-07 11:36:27.340244,2026-04-07 11:36:28.084259,0 days 00:00:00.744015,38.16275809008976,19.893030824230884,0.49412570220255503,Au,PRUNED
4668,0.0,2026-04-07 11:36:27.543144,2026-04-07 11:36:28.414430,0 days 00:00:00.871286,20.377279832658996,16.759849666315677,0.6714188769044586,Au,PRUNED
4669,-1.0,2026-04-07 11:36:27.557409,2026-04-07 11:36:28.241707,0 days 00:00:00.684298,66.64385100595403,11.337128510582435,1.048831529578252,Au,COMPLETE
4670,-1.0,2026-04-07 11:36:27.626106,2026-04-07 11:36:28.256054,0 days 00:00:00.629948,31.29202198778087,18.233584969038425,0.40249094177058303,Au,COMPLETE
4671,-1.0,2026-04-07 11:36:27.665913,2026-04-07 11:36:28.281211,0 days 00:00:00.615298,32.82903971939808,17.423550578532286,0.38172491894608607,Au,COMPLETE
4672,-0.5910165484633402,2026-04-07 11:36:27.711428,2026-04-07 11:36:28.126354,0 days 00:00:00.414926,21.625429322432325,8.002304035392727,1.2135422930670856,Cu,PRUNED
4673,-1.0,2026-04-07 11:36:28.183813,2026-04-07 11:36:28.753005,0 days 00:00:00.569192,20.71032749827067,19.791181071080242,0.49430963056435717,Au,COMPLETE
4674,-23.611111111107963,2026-04-07 11:36:28.300118,2026-04-07 11:36:29.056186,0 days 00:00:00.756068,27.600902757358966,19.799798969323366,0.48747408213194027,Ag,PRUNED
4675,-1.0,2026-04-07 11:36:28.386183,2026-04-07 11:36:29.089608,0 days 00:00:00.703425,30.86433074226364,19.932810556884696,0.5273919220764846,Au,COMPLETE
4676,0.0,2026-04-07 11:36:28.400360,2026-04-07 11:36:29.022662,0 days 00:00:00.622302,32.15704123198834,19.967067357430388,0.7563502808929512,Au,PRUNED
4677,0.0,2026-04-07 11:36:28.428672,2026-04-07 11:36:29.134925,0 days 00:00:00.706253,20.14788721707247,19.59884181706656,0.37063373837360364,Au,PRUNED
4678,0.0,2026-04-07 11:36:28.434567,2026-04-07 11:36:29.191117,0 days 00:00:00.756550,26.684699481051233,19.779901273943306,0.6641690335723492,Au,PRUNED
4679,-295.0450450450131,2026-04-07 11:36:28.452881,2026-04-07 11:36:29.544219,0 days 00:00:01.091338,21.19647612815707,19.83304702300268,0.5408037064223157,Cu,PRUNED
4680,-1.0,2026-04-07 11:36:28.568331,2026-04-07 11:36:29.316119,0 days 00:00:00.747788,23.257786266501412,19.910823669622378,0.5997765494070433,Au,COMPLETE
4681,-1.0,2026-04-07 11:36:29.023847,2026-04-07 11:36:29.741331,0 days 00:00:00.717484,34.15269603936375,19.885081007988713,0.7387696652708107,Au,COMPLETE
4682,-1.0,2026-04-07 11:36:29.138440,2026-04-07 11:36:29.771996,0 days 00:00:00.633556,35.739384763439126,19.685920808544694,0.34147880354085114,Au,COMPLETE
4683,0.0,2026-04-07 11:36:29.094286,2026-04-07 11:36:29.964222,0 days 00:00:00.869936,20.308885382974445,16.31695600902246,0.3559606453236769,Au,PRUNED
4684,-1.0,2026-04-07 11:36:29.267657,2026-04-07 11:36:29.844327,0 days 00:00:00.576670,33.0990040593691,19.753028912653562,0.3161347855870691,Au,COMPLETE
4685,-1.0,2026-04-07 11:36:29.296263,2026-04-07 11:36:29.845832,0 days 00:00:00.549569,39.41955239615069,19.957018419144934,0.17584216308624379,Au,COMPLETE
4686,0.0,2026-04-07 11:36:29.272181,2026-04-07 11:36:30.026033,0 days 00:00:00.753852,33.91494185958062,19.814109348198414,0.17226153316005366,Au,PRUNED
4687,0.0,2026-04-07 11:36:29.594108,2026-04-07 11:36:30.522730,0 days 00:00:00.928622,36.340050410561844,19.86939446304907,0.3614063136063899,Au,PRUNED
4688,0.0,2026-04-07 11:36:29.647976,2026-04-07 11:36:30.569209,0 days 00:00:00.921233,33.52833955725903,17.447105634332797,0.47843935467633325,Au,PRUNED
4689,-1.0,2026-04-07 11:36:29.967946,2026-04-07 11:36:30.837167,0 days 00:00:00.869221,39.52077438029522,14.791253542459787,0.5299012436943086,Ag,COMPLETE
4690,-1.0,2026-04-07 11:36:30.011072,2026-04-07 11:36:30.757161,0 days 00:00:00.746089,40.24398332714982,17.193118164175438,0.4471601770324587,Ag,COMPLETE
4691,-1.0,2026-04-07 11:36:30.023032,2026-04-07 11:36:30.865454,0 days 00:00:00.842422,32.80984112644506,15.992880741635563,0.5160829272168058,Au,COMPLETE
4692,-1.0,2026-04-07 11:36:30.054424,2026-04-07 11:36:30.684553,0 days 00:00:00.630129,32.101011873972425,17.840897111040015,0.5785358015974905,Au,COMPLETE
4693,0.0,2026-04-07 11:36:30.091775,2026-04-07 11:36:30.838169,0 days 00:00:00.746394,20.24766472021686,14.68066474876592,0.610805390992418,Au,PRUNED
4694,-1.0,2026-04-07 11:36:30.118980,2026-04-07 11:36:30.758169,0 days 00:00:00.639189,32.6428226153019,19.922563069353874,0.5891523692196601,Au,COMPLETE
4695,-1.0,2026-04-07 11:36:30.604758,2026-04-07 11:36:31.368576,0 days 00:00:00.763818,20.678174787378868,19.682819850461062,0.6250405144184792,Au,COMPLETE
4696,0.0,2026-04-07 11:36:30.679988,2026-04-07 11:36:31.123153,0 days 00:00:00.443165,35.08015744498512,17.868319756789234,0.6463319751459078,Au,PRUNED
4697,0.0,2026-04-07 11:36:30.786730,2026-04-07 11:36:31.607773,0 days 00:00:00.821043,118.7401340130537,15.87106655471079,0.5054291990265535,Cu,PRUNED
4698,0.0,2026-04-07 11:36:30.833294,2026-04-07 11:36:31.558022,0 days 00:00:00.724728,21.075892026576618,17.95300252813482,0.5662130046982541,Au,PRUNED
4699,80.55555555555317,2026-04-07 11:36:31.089087,2026-04-07 11:36:31.872620,0 days 00:00:00.783533,31.356940856379364,17.012806590977288,0.6369121406614504,Au,PRUNED
4700,-1.0,2026-04-07 11:36:31.108625,2026-04-07 11:36:31.903846,0 days 00:00:00.795221,20.84121402114319,16.765360418169895,0.3568049738507111,Au,COMPLETE
4701,0.0,2026-04-07 11:36:31.172640,2026-04-07 11:36:32.144314,0 days 00:00:00.971674,31.53674799667801,19.760605366051568,0.6327976700164619,Au,PRUNED
4702,0.0,2026-04-07 11:36:31.214093,2026-04-07 11:36:31.749961,0 days 00:00:00.535868,21.64041035053879,17.086736825675754,0.5760394495031818,Au,PRUNED
4703,-1.0,2026-04-07 11:36:31.229014,2026-04-07 11:36:31.933702,0 days 00:00:00.704688,30.14416846989247,17.328207694045734,0.7446619211376988,Au,COMPLETE
4704,-1.0,2026-04-07 11:36:31.559541,2026-04-07 11:36:32.324408,0 days 00:00:00.764867,20.87921249466855,19.164383967707384,0.45949037118724584,Au,COMPLETE
4705,0.0,2026-04-07 11:36:31.645657,2026-04-07 11:36:32.324993,0 days 00:00:00.679336,43.42504215771616,19.9439809447717,0.6657778424474019,Au,PRUNED
4706,0.0,2026-04-07 11:36:31.659783,2026-04-07 11:36:32.266748,0 days 00:00:00.606965,37.03202507280665,19.904723137498394,0.8327170039964032,Au,PRUNED
4707,-1.0,2026-04-07 11:36:31.857928,2026-04-07 11:36:32.365671,0 days 00:00:00.507743,34.03554957544975,14.376694098192747,0.586104392383799,Au,COMPLETE
4708,-1.0,2026-04-07 11:36:31.938235,2026-04-07 11:36:32.809975,0 days 00:00:00.871740,31.504954448174168,18.10174889911712,0.6677879839051795,Cu,COMPLETE
4709,0.0,2026-04-07 11:36:32.133255,2026-04-07 11:36:32.939195,0 days 00:00:00.805940,20.240750005798628,16.538669591675234,0.5942026709820768,Au,PRUNED
4710,-1.0,2026-04-07 11:36:32.263079,2026-04-07 11:36:32.952292,0 days 00:00:00.689213,38.41200035880139,19.639807231928337,0.6561460047574765,Au,COMPLETE
4711,-1.0,2026-04-07 11:36:32.424026,2026-04-07 11:36:33.051752,0 days 00:00:00.627726,111.97749457630508,19.619637157044508,1.4849353281059603,Au,COMPLETE
4712,-1.0,2026-04-07 11:36:32.436947,2026-04-07 11:36:33.121981,0 days 00:00:00.685034,20.765877395238014,19.716733445307547,0.7735195829437784,Au,COMPLETE
4713,-1.0,2026-04-07 11:36:32.325999,2026-04-07 11:36:33.091626,0 days 00:00:00.765627,36.00121209933259,19.9808223026778,0.5559787436951851,Au,COMPLETE
4714,-1.0,2026-04-07 11:36:32.537609,2026-04-07 11:36:33.052877,0 days 00:00:00.515268,20.0892648176965,18.39749525099865,0.527419990928715,Au,COMPLETE
4715,0.0,2026-04-07 11:36:32.669335,2026-04-07 11:36:33.331324,0 days 00:00:00.661989,34.31074510788766,19.687284528046845,0.6578984611678336,Au,PRUNED
4716,0.0,2026-04-07 11:36:32.969287,2026-04-07 11:36:33.780665,0 days 00:00:00.811378,20.06336540377249,17.03955648669672,0.5142762535425063,Au,PRUNED
4717,0.0,2026-04-07 11:36:32.989126,2026-04-07 11:36:33.783223,0 days 00:00:00.794097,35.738029151162486,17.81284425380601,0.568613100242881,Au,PRUNED
4718,-1.0,2026-04-07 11:36:33.047496,2026-04-07 11:36:33.783223,0 days 00:00:00.735727,50.639789191980356,19.19442262770814,0.833253994357443,Ag,COMPLETE
4719,-1.0,2026-04-07 11:36:33.332323,2026-04-07 11:36:33.923542,0 days 00:00:00.591219,20.281150855247876,18.363822177736942,0.7041662870195762,Au,COMPLETE
4720,80.24691358024454,2026-04-07 11:36:33.364033,2026-04-07 11:36:34.026260,0 days 00:00:00.662227,31.336143957922552,17.18550402606823,0.7531788173833925,Au,PRUNED
4721,72.2422062350099,2026-04-07 11:36:33.389461,2026-04-07 11:36:34.154824,0 days 00:00:00.765363,37.4059237421375,18.285171453885976,0.7111687817783254,Cu,PRUNED
4722,-1.0,2026-04-07 11:36:33.427150,2026-04-07 11:36:33.923542,0 days 00:00:00.496392,20.292762586606578,17.9889866054342,0.45690527807510173,Au,COMPLETE
4723,-1.0,2026-04-07 11:36:33.493399,2026-04-07 11:36:34.350483,0 days 00:00:00.857084,29.68953633374199,19.990581022408406,0.2770400815386179,Au,COMPLETE
4724,-1.0,2026-04-07 11:36:33.867342,2026-04-07 11:36:34.443431,0 days 00:00:00.576089,23.28857802122568,19.90059310358433,0.5059673003579359,Au,COMPLETE
4725,-0.5868544600938801,2026-04-07 11:36:33.884931,2026-04-07 11:36:34.673763,0 days 00:00:00.788832,49.50317859869858,15.712961886415744,0.4679538835374511,Au,PRUNED
4726,0.0,2026-04-07 11:36:33.956476,2026-04-07 11:36:34.957100,0 days 00:00:01.000624,33.45600430257956,19.903329645368853,0.7228476420944968,Au,PRUNED
4727,-1.0,2026-04-07 11:36:34.124243,2026-04-07 11:36:34.663761,0 days 00:00:00.539518,36.791034821950035,19.959552388719928,0.807646049468129,Au,COMPLETE
4728,-1.0,2026-04-07 11:36:34.189501,2026-04-07 11:36:34.634643,0 days 00:00:00.445142,20.727239572299887,18.344902845346777,0.7461673490301916,Au,COMPLETE
4729,-1.0,2026-04-07 11:36:34.209508,2026-04-07 11:36:34.741630,0 days 00:00:00.532122,27.020890590989318,19.920703172081446,0.5227820756153508,Au,COMPLETE
4730,-1.0,2026-04-07 11:36:34.243791,2026-04-07 11:36:34.828532,0 days 00:00:00.584741,34.12534915870879,19.872652669306575,0.5064352461159758,Au,COMPLETE
4731,0.0,2026-04-07 11:36:34.502131,2026-04-07 11:36:35.312453,0 days 00:00:00.810322,29.60288639865773,19.958795264699962,0.70327204196397,Au,PRUNED
4732,-374.99999999994964,2026-04-07 11:36:34.583002,2026-04-07 11:36:35.547732,0 days 00:00:00.964730,20.786045404585916,19.716255758047225,0.33685873572647496,Au,COMPLETE
4733,0.0,2026-04-07 11:36:34.745621,2026-04-07 11:36:35.564364,0 days 00:00:00.818743,20.276962004446084,17.36420593031152,0.5872225506689446,Au,PRUNED
4734,-1.0,2026-04-07 11:36:34.882923,2026-04-07 11:36:35.550754,0 days 00:00:00.667831,29.719181147079027,19.975571457459626,0.5836689470254631,Au,COMPLETE
4735,0.0,2026-04-07 11:36:34.913986,2026-04-07 11:36:35.838884,0 days 00:00:00.924898,30.985857596841303,19.869637687470675,0.4440033051878011,Au,PRUNED
4736,0.0,2026-04-07 11:36:35.016960,2026-04-07 11:36:35.542555,0 days 00:00:00.525595,20.18679264608815,15.466207832052142,0.6483187747752723,Au,PRUNED
4737,-1.0,2026-04-07 11:36:35.051976,2026-04-07 11:36:35.672520,0 days 00:00:00.620544,34.40871244319048,19.934300873868356,0.7073293901944951,Au,COMPLETE
4738,81.17283950617043,2026-04-07 11:36:35.081485,2026-04-07 11:36:35.647440,0 days 00:00:00.565955,28.619091112232454,18.30557761975731,0.8042012436261211,Au,PRUNED
4739,80.86419753086179,2026-04-07 11:36:35.391861,2026-04-07 11:36:36.502223,0 days 00:00:01.110362,30.058550283571535,17.787834300213294,0.6498874379250611,Au,PRUNED
4740,-1.0,2026-04-07 11:36:35.647440,2026-04-07 11:36:36.514991,0 days 00:00:00.867551,110.86729907910802,12.002365338688797,0.655242232859152,Ag,COMPLETE
4741,-1.0,2026-04-07 11:36:35.722721,2026-04-07 11:36:36.374838,0 days 00:00:00.652117,20.416169339660517,18.984818185534742,0.5569630895398102,Au,COMPLETE
4742,0.0,2026-04-07 11:36:35.776538,2026-04-07 11:36:36.365022,0 days 00:00:00.588484,20.338261402738766,19.584570957104802,0.3007196819766048,Au,PRUNED
4743,0.0,2026-04-07 11:36:35.810115,2026-04-07 11:36:36.632951,0 days 00:00:00.822836,20.213209983514954,19.023650513359836,0.6577619499814343,Au,PRUNED
4744,0.0,2026-04-07 11:36:35.841087,2026-04-07 11:36:36.777744,0 days 00:00:00.936657,56.929701089488745,19.971580807881512,0.880405135425331,Au,PRUNED
4745,0.0,2026-04-07 11:36:35.954013,2026-04-07 11:36:36.433930,0 days 00:00:00.479917,32.64427451551479,19.74388006237814,0.40295572717629585,Au,PRUNED
4746,-1.0,2026-04-07 11:36:36.007326,2026-04-07 11:36:36.561510,0 days 00:00:00.554184,20.18306781636247,19.038716195739042,0.7893826527655075,Au,COMPLETE
4747,-6.172839506171925,2026-04-07 11:36:36.438006,2026-04-07 11:36:37.292650,0 days 00:00:00.854644,21.964670453069633,19.948964482425083,0.7949325397113435,Au,PRUNED
4748,-0.6802721088435263,2026-04-07 11:36:36.580970,2026-04-07 11:36:37.245963,0 days 00:00:00.664993,100.61386726383793,8.857956201816478,0.9025086467734809,Au,PRUNED
4749,0.0,2026-04-07 11:36:36.655414,2026-04-07 11:36:37.747332,0 days 00:00:01.091918,44.32527262855227,17.695618430977543,0.8827308121147843,Au,PRUNED
4750,-1.0,2026-04-07 11:36:36.676090,2026-04-07 11:36:37.526276,0 days 00:00:00.850186,20.869111136745303,19.917484850072224,0.6732955325383798,Au,COMPLETE
4751,-375.2777777777274,2026-04-07 11:36:36.725072,2026-04-07 11:36:37.521176,0 days 00:00:00.796104,20.157098041271052,19.740270933382483,0.8449901869140751,Au,COMPLETE
4752,0.0,2026-04-07 11:36:36.778746,2026-04-07 11:36:37.438721,0 days 00:00:00.659975,33.38683769032754,17.17241351615858,0.8873777986087075,Au,PRUNED
4753,-166.6666666666559,2026-04-07 11:36:36.829187,2026-04-07 11:36:37.895392,0 days 00:00:01.066205,23.104643792597084,16.506230246575445,0.5689001374171843,Cu,PRUNED
4754,-444.98697916659717,2026-04-07 11:36:36.872862,2026-04-07 11:36:37.558335,0 days 00:00:00.685473,21.32124390958463,19.917053398872824,0.693241127177108,Au,COMPLETE
4755,-1.0,2026-04-07 11:36:37.349196,2026-04-07 11:36:37.956557,0 days 00:00:00.607361,32.83463561888182,17.201704389012523,0.607515012670408,Au,COMPLETE
4756,-1.0,2026-04-07 11:36:37.360346,2026-04-07 11:36:38.230256,0 days 00:00:00.869910,41.465576658997335,16.16754712748769,0.718474380662252,Au,COMPLETE
4757,-1.0,2026-04-07 11:36:37.624774,2026-04-07 11:36:38.387219,0 days 00:00:00.762445,47.7106543324542,16.67902905159829,0.668214882953184,Au,COMPLETE
4758,-377.79642058160425,2026-04-07 11:36:37.725891,2026-04-07 11:36:38.420307,0 days 00:00:00.694416,20.864042752640742,19.57536625793672,0.45488257015844186,Au,COMPLETE
4759,-1.0,2026-04-07 11:36:37.766046,2026-04-07 11:36:38.293655,0 days 00:00:00.527609,29.815155453021468,17.77133111772592,0.797161013899099,Au,COMPLETE
4760,-1.0,2026-04-07 11:36:37.795667,2026-04-07 11:36:38.449284,0 days 00:00:00.653617,36.14660327545677,16.824195059142063,0.6082613172434643,Au,COMPLETE
4761,0.0,2026-04-07 11:36:37.817242,2026-04-07 11:36:38.416235,0 days 00:00:00.598993,31.496050354002826,14.356073072166598,0.8364107592122183,Au,PRUNED
4762,0.0,2026-04-07 11:36:38.012048,2026-04-07 11:36:38.886388,0 days 00:00:00.874340,20.538571196678024,17.22953030018745,0.8115982942719366,Au,PRUNED
4763,-1.0,2026-04-07 11:36:38.157029,2026-04-07 11:36:38.912363,0 days 00:00:00.755334,20.158714098023587,19.814820191113757,0.8318802358248785,Au,COMPLETE
4764,-1.0,2026-04-07 11:36:38.453321,2026-04-07 11:36:39.161855,0 days 00:00:00.708534,22.59823892001811,19.922665565144182,0.774875779989469,Au,COMPLETE
4765,-1.0,2026-04-07 11:36:38.508686,2026-04-07 11:36:39.267549,0 days 00:00:00.758863,41.221043131295886,17.477976409965965,0.5706417619349566,Au,COMPLETE
4766,-1.0,2026-04-07 11:36:38.567409,2026-04-07 11:36:39.199452,0 days 00:00:00.632043,32.39876588064636,17.13269304037098,0.6857113339149319,Au,COMPLETE
4767,-1.0,2026-04-07 11:36:38.647935,2026-04-07 11:36:39.336046,0 days 00:00:00.688111,40.23581378499485,17.41083257827754,0.5007115583367263,Au,COMPLETE
4768,-1.0,2026-04-07 11:36:38.741302,2026-04-07 11:36:39.320291,0 days 00:00:00.578989,20.566309371669963,19.916345849730842,0.613052758339585,Au,COMPLETE
4769,0.0,2026-04-07 11:36:38.851680,2026-04-07 11:36:39.477087,0 days 00:00:00.625407,35.445635493234505,16.843071130257798,0.6989853314557926,Au,PRUNED
4770,-1.0,2026-04-07 11:36:39.003234,2026-04-07 11:36:39.475284,0 days 00:00:00.472050,20.0438963792402,17.44431150385921,0.7185452513755132,Au,COMPLETE
4771,-19.60784313725029,2026-04-07 11:36:39.091251,2026-04-07 11:36:39.896131,0 days 00:00:00.804880,42.38395350762994,2.082379624450752,1.3032063206149234,Ag,PRUNED
4772,79.93827160493589,2026-04-07 11:36:39.298921,2026-04-07 11:36:39.989629,0 days 00:00:00.690708,30.761310894142575,17.589820243108054,0.8400851361080546,Au,PRUNED
4773,-1.0,2026-04-07 11:36:39.339059,2026-04-07 11:36:40.053327,0 days 00:00:00.714268,25.59507479697926,19.994970919506514,0.413879779636845,Au,COMPLETE
4774,-0.8928571428571173,2026-04-07 11:36:39.493654,2026-04-07 11:36:40.342344,0 days 00:00:00.848690,20.228218523434357,17.107300526249706,0.39663279922944916,Ag,PRUNED
4775,-1.0,2026-04-07 11:36:39.537900,2026-04-07 11:36:40.158707,0 days 00:00:00.620807,32.655607364141936,17.64525415496021,0.19099591785208825,Au,COMPLETE
4776,77.25060827250383,2026-04-07 11:36:39.606913,2026-04-07 11:36:40.230233,0 days 00:00:00.623320,33.23960819799037,19.903151570202045,0.7609346843569015,Cu,PRUNED
4777,0.0,2026-04-07 11:36:39.622441,2026-04-07 11:36:40.522556,0 days 00:00:00.900115,35.20490936835453,19.999647943800827,0.6932211676800181,Au,PRUNED
4778,-1.0,2026-04-07 11:36:39.839970,2026-04-07 11:36:40.518489,0 days 00:00:00.678519,33.947811139711476,19.96553630437487,0.6387027211471036,Ag,COMPLETE
4779,-21.551724137928062,2026-04-07 11:36:39.956605,2026-04-07 11:36:40.727999,0 days 00:00:00.771394,74.64250028328684,10.940732011391352,1.5769671804843615,Ag,PRUNED
4780,-1.0,2026-04-07 11:36:40.072128,2026-04-07 11:36:40.740206,0 days 00:00:00.668078,30.322574403389517,17.592897352983233,0.5077454757098236,Au,COMPLETE
4781,0.0,2026-04-07 11:36:40.322200,2026-04-07 11:36:41.087070,0 days 00:00:00.764870,20.86517348369984,17.89409177412931,0.6122103670992227,Au,PRUNED
4782,0.0,2026-04-07 11:36:40.351300,2026-04-07 11:36:41.243839,0 days 00:00:00.892539,20.80183067424973,16.074218210580263,0.868900264875845,Au,PRUNED
4783,0.0,2026-04-07 11:36:40.378245,2026-04-07 11:36:41.156325,0 days 00:00:00.778080,20.3260074286288,17.691470079650447,0.6105756005844705,Au,PRUNED
4784,0.0,2026-04-07 11:36:40.406214,2026-04-07 11:36:41.159395,0 days 00:00:00.753181,20.474863072647526,17.87001855344434,0.8089752127419572,Au,PRUNED
4785,-1.0,2026-04-07 11:36:40.662929,2026-04-07 11:36:41.246848,0 days 00:00:00.583919,20.235803736679593,16.678336428121632,0.31651595288945406,Au,COMPLETE
4786,-1.0,2026-04-07 11:36:40.691336,2026-04-07 11:36:41.492881,0 days 00:00:00.801545,31.70430194861759,19.983574922022438,0.48090363144815096,Au,COMPLETE
4787,0.0,2026-04-07 11:36:40.862736,2026-04-07 11:36:41.616676,0 days 00:00:00.753940,20.5370248848075,17.524359698048478,0.39986484656917254,Au,PRUNED
4788,-1.0,2026-04-07 11:36:40.993770,2026-04-07 11:36:41.769792,0 days 00:00:00.776022,30.636539129507714,13.00121628144389,0.4087302151348876,Au,COMPLETE
4789,-1.0,2026-04-07 11:36:41.179677,2026-04-07 11:36:42.114375,0 days 00:00:00.934698,20.37241486330847,13.431653087795405,0.13667796320520392,Au,COMPLETE
4790,0.0,2026-04-07 11:36:41.234450,2026-04-07 11:36:41.955347,0 days 00:00:00.720897,45.95635674656128,17.67474838884868,0.5782251011560323,Au,PRUNED
4791,-1.0,2026-04-07 11:36:41.248330,2026-04-07 11:36:41.819018,0 days 00:00:00.570688,78.31816082269984,19.9509386162395,0.9062846331465111,Au,COMPLETE
4792,0.0,2026-04-07 11:36:41.340281,2026-04-07 11:36:42.222871,0 days 00:00:00.882590,20.174058019637407,19.47701919335423,0.569418502707822,Au,PRUNED
4793,-1.0,2026-04-07 11:36:41.509726,2026-04-07 11:36:42.175380,0 days 00:00:00.665654,31.823728776327826,19.78696365354845,0.7534022949235804,Au,COMPLETE
4794,-375.5555555555051,2026-04-07 11:36:41.594876,2026-04-07 11:36:42.255568,0 days 00:00:00.660692,20.25264096024968,19.840491156942434,0.6869654088420548,Au,COMPLETE
4795,-1.0,2026-04-07 11:36:41.725213,2026-04-07 11:36:42.309897,0 days 00:00:00.584684,94.53928151765088,5.370738811653018,1.1605558911955636,Au,COMPLETE
4796,0.0,2026-04-07 11:36:41.983330,2026-04-07 11:36:42.893304,0 days 00:00:00.909974,32.44884935647297,17.62943270638929,0.8680171117925204,Au,PRUNED
4797,-9.374999999999062,2026-04-07 11:36:42.017680,2026-04-07 11:36:42.998062,0 days 00:00:00.980382,29.418315471123215,6.203611308864359,0.700460923054389,Ag,PRUNED
4798,0.0,2026-04-07 11:36:42.064591,2026-04-07 11:36:42.686812,0 days 00:00:00.622221,38.16229819889824,17.548975161898298,0.6641713920953196,Au,PRUNED
4799,0.0,2026-04-07 11:36:42.354039,2026-04-07 11:36:43.149465,0 days 00:00:00.795426,29.31361328237176,19.97212111159979,0.8868362904106678,Au,PRUNED
4800,-1.0,2026-04-07 11:36:42.388955,2026-04-07 11:36:42.840886,0 days 00:00:00.451931,27.48971389344768,19.973808708591857,0.794473439795953,Au,COMPLETE
4801,-18.678160919537653,2026-04-07 11:36:42.412570,2026-04-07 11:36:43.152975,0 days 00:00:00.740405,48.87732503356879,10.001207871894168,1.9388493079523221,Ag,PRUNED
4802,-11.06770833333165,2026-04-07 11:36:42.438837,2026-04-07 11:36:43.184248,0 days 00:00:00.745411,21.359301119598168,19.8566590759934,0.8108983654014609,Au,COMPLETE
4803,-1.0,2026-04-07 11:36:42.467233,2026-04-07 11:36:43.019511,0 days 00:00:00.552278,23.36752438795165,19.45139680495149,0.7236446439757638,Ag,COMPLETE
4804,-1.0,2026-04-07 11:36:42.764216,2026-04-07 11:36:43.585512,0 days 00:00:00.821296,20.093664848673672,15.746094122474751,0.8258998331217693,Au,COMPLETE
4805,-1.0,2026-04-07 11:36:43.053022,2026-04-07 11:36:43.721004,0 days 00:00:00.667982,23.193669757932337,19.91749859177505,0.6722169076721616,Au,COMPLETE
4806,0.0,2026-04-07 11:36:43.069402,2026-04-07 11:36:43.942770,0 days 00:00:00.873368,36.07251729183103,19.885025443258204,0.5467447765790424,Au,PRUNED
4807,0.0,2026-04-07 11:36:43.122559,2026-04-07 11:36:44.002617,0 days 00:00:00.880058,20.980111595490452,17.780055331188034,0.704359340681381,Au,PRUNED
4808,-1.0,2026-04-07 11:36:43.152975,2026-04-07 11:36:43.904290,0 days 00:00:00.751315,31.053523331352224,19.843198692553457,0.46142714336262164,Au,COMPLETE
4809,-1.0,2026-04-07 11:36:43.280587,2026-04-07 11:36:43.969610,0 days 00:00:00.689023,32.88812190796817,17.99646326600912,0.6433332188549749,Au,COMPLETE
4810,0.0,2026-04-07 11:36:43.301976,2026-04-07 11:36:44.003193,0 days 00:00:00.701217,20.397810647112827,17.31175845488868,0.9073417409541119,Au,PRUNED
4811,-1.0,2026-04-07 11:36:43.376025,2026-04-07 11:36:44.229058,0 days 00:00:00.853033,20.439382521836137,19.43191543138404,0.5576268542684216,Au,COMPLETE
4812,-401.59574468079353,2026-04-07 11:36:43.717411,2026-04-07 11:36:44.282215,0 days 00:00:00.564804,20.446458298094953,19.849845994587923,0.8436932573460889,Au,COMPLETE
4813,0.0,2026-04-07 11:36:44.054561,2026-04-07 11:36:44.771187,0 days 00:00:00.716626,36.495739654299406,17.826450461320253,0.940078348424516,Au,PRUNED
4814,5.787037037036394,2026-04-07 11:36:44.077125,2026-04-07 11:36:44.834007,0 days 00:00:00.756882,29.49356640627078,16.390960326486088,0.7102856113399236,Au,PRUNED
4815,0.0,2026-04-07 11:36:44.092572,2026-04-07 11:36:44.691730,0 days 00:00:00.599158,35.90842652180348,17.74855148592645,0.8236805531512924,Au,PRUNED
4816,0.0,2026-04-07 11:36:44.115702,2026-04-07 11:36:45.098923,0 days 00:00:00.983221,20.21834921719313,16.81955779960712,0.27850409558696243,Au,PRUNED
4817,-1.0,2026-04-07 11:36:44.143869,2026-04-07 11:36:44.889772,0 days 00:00:00.745903,31.235518713435432,18.564864394205042,0.8080766031208862,Au,COMPLETE
4818,-1.0,2026-04-07 11:36:44.180527,2026-04-07 11:36:44.690732,0 days 00:00:00.510205,43.41156594849964,18.000463670378245,0.8559839973828838,Au,COMPLETE
4819,0.0,2026-04-07 11:36:44.384804,2026-04-07 11:36:45.224284,0 days 00:00:00.839480,35.30141012534933,19.930562635933075,0.8239862761617051,Au,PRUNED
4820,-1.0,2026-04-07 11:36:44.551155,2026-04-07 11:36:45.192124,0 days 00:00:00.640969,20.961346770219368,17.575145838022024,0.36695505483183377,Au,COMPLETE
4821,0.0,2026-04-07 11:36:44.803604,2026-04-07 11:36:45.632558,0 days 00:00:00.828954,32.06179274947026,17.37418792380992,0.7002310206518118,Au,PRUNED
4822,-11.054421768706579,2026-04-07 11:36:44.858492,2026-04-07 11:36:45.563941,0 days 00:00:00.705449,87.9448579541773,8.917454732723929,1.8158557831215751,Ag,PRUNED
4823,-1.0,2026-04-07 11:36:44.914091,2026-04-07 11:36:45.783587,0 days 00:00:00.869496,35.74042935081336,19.964816170107362,0.9008350683603895,Au,COMPLETE
4824,-1.0,2026-04-07 11:36:44.984118,2026-04-07 11:36:45.487410,0 days 00:00:00.503292,34.03962813368969,15.224776690656363,0.7052505302732696,Au,COMPLETE
4825,-1.0,2026-04-07 11:36:45.160323,2026-04-07 11:36:45.723257,0 days 00:00:00.562934,31.06469936842316,17.150990443414127,0.1484163652293336,Au,COMPLETE
4826,-0.6265664160400909,2026-04-07 11:36:45.263443,2026-04-07 11:36:46.197046,0 days 00:00:00.933603,63.94764879911226,10.541421259674742,1.7318826706428785,Cu,PRUNED
4827,-1.0,2026-04-07 11:36:45.285354,2026-04-07 11:36:45.892537,0 days 00:00:00.607183,34.791387093041806,17.39886304183987,0.8406291944384057,Au,COMPLETE
4828,0.0,2026-04-07 11:36:45.387512,2026-04-07 11:36:46.139531,0 days 00:00:00.752019,21.641417405211268,17.093965901124882,0.7463811043808584,Au,PRUNED
4829,-1.0,2026-04-07 11:36:45.663291,2026-04-07 11:36:46.171019,0 days 00:00:00.507728,21.837630584897305,14.424871576137582,0.44719092148649653,Au,COMPLETE
4830,-1.0,2026-04-07 11:36:45.693809,2026-04-07 11:36:46.507975,0 days 00:00:00.814166,74.44301278304961,14.44131279951966,0.6571455114410891,Ag,COMPLETE
4831,0.0,2026-04-07 11:36:45.717900,2026-04-07 11:36:46.419380,0 days 00:00:00.701480,20.536125918599343,17.078695988225626,0.2667854507323913,Au,PRUNED
4832,-1.0,2026-04-07 11:36:45.886134,2026-04-07 11:36:46.719774,0 days 00:00:00.833640,36.325799973189895,10.805158539089623,1.443725107972014,Ag,COMPLETE
4833,-1.0,2026-04-07 11:36:46.039052,2026-04-07 11:36:46.618453,0 days 00:00:00.579401,20.197052639899,14.789670617561194,0.4435133435934145,Au,COMPLETE
4834,-1.0,2026-04-07 11:36:46.080383,2026-04-07 11:36:46.722253,0 days 00:00:00.641870,21.06169688173091,19.53084700551392,0.483063229477638,Au,COMPLETE
4835,-1.0,2026-04-07 11:36:46.318010,2026-04-07 11:36:46.800794,0 days 00:00:00.482784,20.84379219596616,16.758308339995523,0.8538626184620773,Au,COMPLETE
4836,0.0,2026-04-07 11:36:46.335467,2026-04-07 11:36:46.928342,0 days 00:00:00.592875,39.62262962011866,19.89869684453148,0.41628268157036086,Au,PRUNED
4837,-1.0,2026-04-07 11:36:46.441446,2026-04-07 11:36:46.927341,0 days 00:00:00.485895,30.61044001802629,19.75476975856,0.9305054831154242,Au,COMPLETE
4838,-1.0,2026-04-07 11:36:46.533857,2026-04-07 11:36:47.067896,0 days 00:00:00.534039,26.611358700774502,19.979713185407615,0.88981823931427,Au,COMPLETE
4839,-1.0,2026-04-07 11:36:46.696206,2026-04-07 11:36:47.462276,0 days 00:00:00.766070,20.324654951132384,17.84567917777668,0.6828242812711862,Au,COMPLETE
4840,-1.0,2026-04-07 11:36:46.750671,2026-04-07 11:36:47.315545,0 days 00:00:00.564874,30.96297345037933,19.92997069652324,0.866241168623308,Au,COMPLETE
4841,-444.66145833326385,2026-04-07 11:36:46.931527,2026-04-07 11:36:47.646130,0 days 00:00:00.714603,21.750471151675,19.779542538914043,0.4062628017898007,Au,COMPLETE
4842,-1.0,2026-04-07 11:36:46.978803,2026-04-07 11:36:47.503445,0 days 00:00:00.524642,35.59087644883338,17.432754548296277,0.8057707351210179,Ag,COMPLETE
4843,-1.0,2026-04-07 11:36:46.999804,2026-04-07 11:36:47.604333,0 days 00:00:00.604529,20.5993155485834,17.950428438657013,0.8490710703437181,Au,COMPLETE
4844,-9.9999999999984,2026-04-07 11:36:47.058103,2026-04-07 11:36:47.875755,0 days 00:00:00.817652,21.70815689345957,19.972864428486137,0.6153073902744621,Au,PRUNED
4845,0.0,2026-04-07 11:36:47.186875,2026-04-07 11:36:48.000272,0 days 00:00:00.813397,34.10198478707183,19.74785128570732,0.16171260941800242,Au,PRUNED
4846,-1.0,2026-04-07 11:36:47.249249,2026-04-07 11:36:48.346400,0 days 00:00:01.097151,20.33145224851734,19.639132822905307,0.5718386846360275,Au,COMPLETE
4847,-1.0,2026-04-07 11:36:47.544208,2026-04-07 11:36:48.170297,0 days 00:00:00.626089,21.013115627260323,19.89639459725374,0.5592596690615264,Au,COMPLETE
4848,-1.0,2026-04-07 11:36:47.605333,2026-04-07 11:36:48.278639,0 days 00:00:00.673306,37.49171774629205,18.367758880676497,0.2336352432138576,Au,COMPLETE
4849,-1.0,2026-04-07 11:36:47.673085,2026-04-07 11:36:48.316335,0 days 00:00:00.643250,20.096134747605262,19.216163999326366,0.2918728173009911,Au,COMPLETE
4850,0.0,2026-04-07 11:36:47.790642,2026-04-07 11:36:48.603051,0 days 00:00:00.812409,32.86528061494815,19.764669953528596,0.22926294097361521,Au,PRUNED
4851,-1.0,2026-04-07 11:36:47.949643,2026-04-07 11:36:48.522805,0 days 00:00:00.573162,32.65946492405665,19.511771508300093,0.26679037140457795,Au,COMPLETE
4852,-1.0,2026-04-07 11:36:47.992553,2026-04-07 11:36:48.502143,0 days 00:00:00.509590,102.51535873134509,16.59188376133517,1.5903023731811057,Cu,COMPLETE
4853,-1.0,2026-04-07 11:36:48.199892,2026-04-07 11:36:48.958398,0 days 00:00:00.758506,30.41182274434988,16.267591221143874,0.35031888916298143,Au,COMPLETE
4854,-1.0,2026-04-07 11:36:48.313779,2026-04-07 11:36:49.034326,0 days 00:00:00.720547,38.34058909321554,19.940138246054993,0.10865280222420576,Au,COMPLETE
4855,-12.820512820510848,2026-04-07 11:36:48.477360,2026-04-07 11:36:49.235357,0 days 00:00:00.757997,21.93778689507181,19.99121775346846,0.2960269525463911,Au,PRUNED
4856,5.050505050504438,2026-04-07 11:36:48.599984,2026-04-07 11:36:49.551306,0 days 00:00:00.951322,28.10335403139879,17.14320421758285,0.3013565288315847,Au,PRUNED
4857,-1.0,2026-04-07 11:36:48.631562,2026-04-07 11:36:49.103272,0 days 00:00:00.471710,92.97631208895703,13.676518624424135,0.5043869070152627,Cu,COMPLETE
4858,0.0,2026-04-07 11:36:48.652131,2026-04-07 11:36:49.267390,0 days 00:00:00.615259,37.687421537208195,15.972794242611448,0.4413579244676429,Au,PRUNED
4859,-1.4880952380950254,2026-04-07 11:36:48.667056,2026-04-07 11:36:49.444005,0 days 00:00:00.776949,22.23905623704783,19.991483373741747,0.8887081466795119,Au,PRUNED
4860,0.0,2026-04-07 11:36:48.677894,2026-04-07 11:36:49.378801,0 days 00:00:00.700907,20.221597068588515,19.725485433244774,0.5452348399608997,Au,PRUNED
4861,-2.2663877266387344,2026-04-07 11:36:49.077030,2026-04-07 11:36:50.029626,0 days 00:00:00.952596,107.2816147953264,1.191194033268454,0.836008295082343,Au,PRUNED
4862,-1.0,2026-04-07 11:36:49.302309,2026-04-07 11:36:49.957583,0 days 00:00:00.655274,56.98097320585396,7.21327080769381,0.5825619841440798,Au,COMPLETE
4863,0.0,2026-04-07 11:36:49.341552,2026-04-07 11:36:50.105941,0 days 00:00:00.764389,48.7041332164557,17.085736191615073,0.4913897652008896,Au,PRUNED
4864,-370.0657894736355,2026-04-07 11:36:49.363880,2026-04-07 11:36:50.125995,0 days 00:00:00.762115,20.20960384464597,19.56682719444781,0.9013741571262851,Au,COMPLETE
4865,-1.0,2026-04-07 11:36:49.408042,2026-04-07 11:36:50.159435,0 days 00:00:00.751393,45.71892030272169,19.857991841192767,0.592761569306171,Au,COMPLETE
4866,0.0,2026-04-07 11:36:49.446516,2026-04-07 11:36:50.293948,0 days 00:00:00.847432,27.77568627621038,19.991467072105177,0.6840280134304154,Au,PRUNED
4867,0.0,2026-04-07 11:36:49.578988,2026-04-07 11:36:50.555634,0 days 00:00:00.976646,108.52569774396055,14.805215878721718,1.2212070179369592,Ag,PRUNED
4868,-1.0,2026-04-07 11:36:49.674172,2026-04-07 11:36:50.277056,0 days 00:00:00.602884,20.54437556694729,17.67948050697639,0.8328291747377546,Au,COMPLETE
4869,-423.81840796013535,2026-04-07 11:36:50.159435,2026-04-07 11:36:50.849628,0 days 00:00:00.690193,20.989494418122575,19.790921713900484,0.73233757465016,Au,COMPLETE
4870,-389.3678160918998,2026-04-07 11:36:50.199337,2026-04-07 11:36:51.055576,0 days 00:00:00.856239,20.264066603947196,19.86447435709407,0.8080086109781115,Au,COMPLETE
4871,0.0,2026-04-07 11:36:50.188884,2026-04-07 11:36:50.971815,0 days 00:00:00.782931,22.328467916604193,16.83028103465698,0.12299739197226539,Au,PRUNED
4872,-1.0,2026-04-07 11:36:50.292943,2026-04-07 11:36:50.942899,0 days 00:00:00.649956,32.55823018511759,17.20981588244677,0.48647745325241415,Au,COMPLETE
4873,-372.5165562913412,2026-04-07 11:36:50.421027,2026-04-07 11:36:51.149120,0 days 00:00:00.728093,20.749475094547744,19.63920739304434,0.41987006289893203,Au,COMPLETE
4874,0.0,2026-04-07 11:36:50.580412,2026-04-07 11:36:51.442381,0 days 00:00:00.861969,21.91706120770332,17.60402633841325,0.23386389283276926,Au,PRUNED
4875,-1.0,2026-04-07 11:36:50.652949,2026-04-07 11:36:51.443385,0 days 00:00:00.790436,20.62542848753026,19.89591214818521,0.8599697098809754,Au,COMPLETE
4876,-1.0,2026-04-07 11:36:50.702098,2026-04-07 11:36:51.236590,0 days 00:00:00.534492,21.413389059173102,17.081958259191367,0.23033243289378774,Au,COMPLETE
4877,-1.0,2026-04-07 11:36:51.060289,2026-04-07 11:36:51.567657,0 days 00:00:00.507368,37.386192842339014,19.631844610720467,0.3222315323809675,Au,COMPLETE
4878,-1.0,2026-04-07 11:36:51.086489,2026-04-07 11:36:51.895353,0 days 00:00:00.808864,20.17988963515849,4.087426300320125,0.42110484614627464,Au,COMPLETE
4879,-407.6738609112121,2026-04-07 11:36:51.119025,2026-04-07 11:36:51.879567,0 days 00:00:00.760542,20.492436036023385,19.97808372402239,0.733237982699943,Au,COMPLETE
4880,-1.0,2026-04-07 11:36:51.214628,2026-04-07 11:36:51.774479,0 days 00:00:00.559851,46.79129677333643,17.967267116893606,0.8278092015465512,Au,COMPLETE
4881,-1.0,2026-04-07 11:36:51.402962,2026-04-07 11:36:52.020341,0 days 00:00:00.617379,21.124314993180967,19.892399817526922,0.7514478051231611,Au,COMPLETE
4882,-1.0,2026-04-07 11:36:51.470597,2026-04-07 11:36:51.975174,0 days 00:00:00.504577,22.0114514731157,18.98675884104859,0.12775330326301032,Au,COMPLETE
4883,-1.0,2026-04-07 11:36:51.517512,2026-04-07 11:36:52.016265,0 days 00:00:00.498753,36.59288380496845,19.986799684127504,0.3712809245805042,Au,COMPLETE
4884,-1.0,2026-04-07 11:36:51.724368,2026-04-07 11:36:52.167046,0 days 00:00:00.442678,33.60640777134827,19.971736187005988,0.8789398032051283,Au,COMPLETE
4885,-1.0,2026-04-07 11:36:51.740444,2026-04-07 11:36:52.370432,0 days 00:00:00.629988,21.598865629426474,19.582008192701455,0.1538351730714096,Au,COMPLETE
4886,-1.0,2026-04-07 11:36:51.990520,2026-04-07 11:36:52.859758,0 days 00:00:00.869238,30.191806871536894,19.8784474268881,0.4438125780510054,Au,COMPLETE
4887,-1.0,2026-04-07 11:36:52.021350,2026-04-07 11:36:52.858366,0 days 00:00:00.837016,20.110485324494785,19.73846602283682,0.29644028386230786,Au,COMPLETE
4888,-1.0,2026-04-07 11:36:52.092258,2026-04-07 11:36:52.774693,0 days 00:00:00.682435,31.105384868795735,14.794558621497696,0.7618373093716273,Au,COMPLETE
4889,-1.0,2026-04-07 11:36:52.166048,2026-04-07 11:36:52.711453,0 days 00:00:00.545405,20.16939119494666,15.783745345852436,0.5319171403850165,Au,COMPLETE
4890,-1.0,2026-04-07 11:36:52.179276,2026-04-07 11:36:52.801540,0 days 00:00:00.622264,32.40881399969018,17.97478475619832,1.0674695784702564,Au,COMPLETE
4891,0.0,2026-04-07 11:36:52.153463,2026-04-07 11:36:52.765144,0 days 00:00:00.611681,32.27104213664468,19.888458111650813,0.5994018545274109,Au,PRUNED
4892,0.0,2026-04-07 11:36:52.469933,2026-04-07 11:36:53.031997,0 days 00:00:00.562064,50.885319908088746,19.9997297184189,0.67126204798875,Au,PRUNED
4893,-1.0,2026-04-07 11:36:52.581575,2026-04-07 11:36:53.366193,0 days 00:00:00.784618,33.54739008189829,17.438242297608372,0.6180887716783066,Au,COMPLETE
4894,0.0,2026-04-07 11:36:52.778193,2026-04-07 11:36:53.574525,0 days 00:00:00.796332,20.581730670077192,19.465146351259413,0.45039885345841685,Au,PRUNED
4895,0.0,2026-04-07 11:36:52.856293,2026-04-07 11:36:53.572034,0 days 00:00:00.715741,33.52830115172672,19.794937023782964,0.6026847108429342,Au,PRUNED
4896,-1.0,2026-04-07 11:36:53.050766,2026-04-07 11:36:53.846169,0 days 00:00:00.795403,45.55687443050438,17.6808966255668,0.33162053189749396,Au,COMPLETE
4897,-297.2972972972652,2026-04-07 11:36:53.073695,2026-04-07 11:36:53.963255,0 days 00:00:00.889560,21.81350868323668,17.064875494924767,0.9791636321525161,Au,PRUNED
4898,-19.23076923076627,2026-04-07 11:36:53.105830,2026-04-07 11:36:54.041360,0 days 00:00:00.935530,43.7462110948198,10.229243859351856,0.3404143303081226,Ag,PRUNED
4899,-1.0,2026-04-07 11:36:53.133853,2026-04-07 11:36:53.681037,0 days 00:00:00.547184,20.34116056999298,18.02607876268078,0.6672663131570075,Au,COMPLETE
4900,-1.0,2026-04-07 11:36:53.132846,2026-04-07 11:36:53.788452,0 days 00:00:00.655606,46.98082021875554,19.895211937759576,0.8454357344413279,Au,COMPLETE
4901,0.0,2026-04-07 11:36:53.634828,2026-04-07 11:36:54.596448,0 days 00:00:00.961620,37.81673805380029,19.962297852002067,0.5645545306480656,Cu,PRUNED
4902,79.0441176470565,2026-04-07 11:36:53.659466,2026-04-07 11:36:54.550680,0 days 00:00:00.891214,36.134505346301154,15.077396921761705,0.47472294457553993,Au,PRUNED
4903,0.0,2026-04-07 11:36:53.698949,2026-04-07 11:36:54.506849,0 days 00:00:00.807900,20.150627046646267,17.300836275899442,0.5777964723170728,Au,PRUNED
4904,80.55555555555317,2026-04-07 11:36:53.883454,2026-04-07 11:36:54.506849,0 days 00:00:00.623395,30.09996117885688,17.593451861425706,0.8076881861825984,Au,PRUNED
4905,0.0,2026-04-07 11:36:54.042361,2026-04-07 11:36:54.579314,0 days 00:00:00.536953,31.819690219710612,19.990998999237593,0.26295172975474096,Au,PRUNED
4906,-1.0,2026-04-07 11:36:54.088956,2026-04-07 11:36:54.693041,0 days 00:00:00.604085,32.407946903762586,16.858393242982807,0.6191841206816814,Au,COMPLETE
4907,-1.0,2026-04-07 11:36:54.117577,2026-04-07 11:36:54.531938,0 days 00:00:00.414361,20.339849438164258,17.35822233402603,0.9350074841497791,Au,COMPLETE
4908,0.0,2026-04-07 11:36:54.139626,2026-04-07 11:36:54.865774,0 days 00:00:00.726148,20.14509475642514,17.355914987592413,0.9699391579867416,Au,PRUNED
4909,-1.0,2026-04-07 11:36:54.589179,2026-04-07 11:36:55.304528,0 days 00:00:00.715349,36.08509869231007,17.071729246875957,0.33574503568403224,Au,COMPLETE
4910,-1.0,2026-04-07 11:36:54.549096,2026-04-07 11:36:55.304528,0 days 00:00:00.755432,37.73144631938989,19.981121251473105,0.8422086632372653,Au,COMPLETE
4911,-1.0,2026-04-07 11:36:54.773755,2026-04-07 11:36:55.409707,0 days 00:00:00.635952,34.362166352996056,17.620251479774968,0.9278209695177054,Au,COMPLETE
4912,-12.499999999999,2026-04-07 11:36:54.805644,2026-04-07 11:36:55.393609,0 days 00:00:00.587965,24.702617251033853,19.9525357999508,0.788204050558428,Ag,PRUNED
4913,-1.0,2026-04-07 11:36:54.824610,2026-04-07 11:36:55.346946,0 days 00:00:00.522336,35.4464615040336,19.96838825077399,0.43460324909931947,Au,COMPLETE
4914,0.0,2026-04-07 11:36:54.884344,2026-04-07 11:36:55.492098,0 days 00:00:00.607754,20.38317251006642,18.143579363481244,0.6066282462418635,Cu,PRUNED
4915,0.0,2026-04-07 11:36:55.009767,2026-04-07 11:36:56.093858,0 days 00:00:01.084091,31.389516523128798,17.720708332005994,0.9001299902312467,Au,PRUNED
4916,0.0,2026-04-07 11:36:55.026452,2026-04-07 11:36:55.587502,0 days 00:00:00.561050,35.07137444932349,17.83570664145039,0.8427784067571031,Au,PRUNED
4917,0.0,2026-04-07 11:36:55.462726,2026-04-07 11:36:56.262845,0 days 00:00:00.800119,33.14439685545827,17.440269185550306,0.5964097683466445,Au,PRUNED
4918,-1.0,2026-04-07 11:36:55.507060,2026-04-07 11:36:56.054645,0 days 00:00:00.547585,44.019591242137025,16.991035780917475,0.9906809533695558,Au,COMPLETE
4919,-1.0,2026-04-07 11:36:55.539256,2026-04-07 11:36:56.149891,0 days 00:00:00.610635,33.640809047031915,18.18112881552874,0.5811696087314957,Au,COMPLETE
4920,-413.6253041361929,2026-04-07 11:36:55.569030,2026-04-07 11:36:56.408114,0 days 00:00:00.839084,21.416792552856606,19.717001830691917,0.30198912084398993,Au,COMPLETE
4921,-1.0,2026-04-07 11:36:55.586041,2026-04-07 11:36:56.261296,0 days 00:00:00.675255,32.15451727381017,17.835434172028783,0.5423766593967122,Au,COMPLETE
4922,-1.0,2026-04-07 11:36:55.598376,2026-04-07 11:36:56.208896,0 days 00:00:00.610520,32.80354818581168,17.467405524107473,0.7008298475179029,Au,COMPLETE
4923,0.0,2026-04-07 11:36:55.729244,2026-04-07 11:36:56.406752,0 days 00:00:00.677508,30.365709349770334,19.943697086703263,0.7300451895005833,Au,PRUNED
4924,-1.0,2026-04-07 11:36:56.234385,2026-04-07 11:36:56.833900,0 days 00:00:00.599515,20.30188715480511,19.8537329548209,0.7114045356348601,Au,COMPLETE
4925,0.0,2026-04-07 11:36:56.339338,2026-04-07 11:36:56.977683,0 days 00:00:00.638345,31.252488423191018,17.666180987011394,0.6807658590724232,Au,PRUNED
4926,0.0,2026-04-07 11:36:56.348087,2026-04-07 11:36:57.102341,0 days 00:00:00.754254,40.363460198021485,19.910290467009908,0.6566436722825785,Au,PRUNED
4927,-1.0,2026-04-07 11:36:56.411118,2026-04-07 11:36:57.102341,0 days 00:00:00.691223,117.9712184275138,19.335280598892346,1.9207912014011592,Ag,COMPLETE
4928,-1.0,2026-04-07 11:36:56.475797,2026-04-07 11:36:57.043010,0 days 00:00:00.567213,29.503421883269926,17.53529483291335,0.8989288380915466,Au,COMPLETE
4929,-1.0,2026-04-07 11:36:56.529368,2026-04-07 11:36:57.041507,0 days 00:00:00.512139,20.660374856773572,17.855811936153675,0.9746476611392546,Au,COMPLETE
4930,-417.27941176464446,2026-04-07 11:36:56.586702,2026-04-07 11:36:57.388709,0 days 00:00:00.802007,20.56611799275897,19.88798437043506,0.8775490368703674,Au,COMPLETE
4931,-1.0,2026-04-07 11:36:56.652197,2026-04-07 11:36:57.210498,0 days 00:00:00.558301,29.6979705445629,16.941028103863573,0.7315958512486106,Au,COMPLETE
4932,-1.0,2026-04-07 11:36:57.004914,2026-04-07 11:36:57.674378,0 days 00:00:00.669464,45.43740090338562,19.99016221657308,0.44443410748830187,Au,COMPLETE
4933,-1.0,2026-04-07 11:36:57.046521,2026-04-07 11:36:57.737677,0 days 00:00:00.691156,23.49978831728719,19.953668322728127,0.4975185304253823,Au,COMPLETE
4934,0.0,2026-04-07 11:36:57.105347,2026-04-07 11:36:57.852249,0 days 00:00:00.746902,20.47097874119248,17.088665331017804,0.8131223593312762,Au,PRUNED
4935,-1.0,2026-04-07 11:36:57.237162,2026-04-07 11:36:57.878964,0 days 00:00:00.641802,20.39737723898453,16.49320366771873,0.840501239967631,Au,COMPLETE
4936,-1.0,2026-04-07 11:36:57.259540,2026-04-07 11:36:58.002588,0 days 00:00:00.743048,21.124098661754566,17.13455702244599,0.5921162340918302,Au,COMPLETE
4937,-1.0,2026-04-07 11:36:57.418152,2026-04-07 11:36:57.963905,0 days 00:00:00.545753,21.937615456388944,19.94696999657724,0.4267753361282543,Au,COMPLETE
4938,-1.0,2026-04-07 11:36:57.392079,2026-04-07 11:36:57.987663,0 days 00:00:00.595584,31.968558655392705,19.839404144865117,0.7240651437435838,Au,COMPLETE
4939,-1.0,2026-04-07 11:36:57.613886,2026-04-07 11:36:58.188037,0 days 00:00:00.574151,35.81034011134551,17.401274267892074,0.13157031708899264,Au,COMPLETE
4940,7.352941176469723,2026-04-07 11:36:57.919384,2026-04-07 11:36:58.643153,0 days 00:00:00.723769,28.653644438645482,17.49176714874945,0.10549125283762434,Au,PRUNED
4941,-1.0,2026-04-07 11:36:57.938587,2026-04-07 11:36:58.468152,0 days 00:00:00.529565,20.620688645717948,19.97856366282973,0.4566786670872746,Cu,COMPLETE
4942,7.697456492637091,2026-04-07 11:36:58.035084,2026-04-07 11:36:58.917881,0 days 00:00:00.882797,110.67380012104505,7.186117033336493,0.16980742902709411,Cu,PRUNED
4943,-1.0,2026-04-07 11:36:58.078471,2026-04-07 11:36:58.966122,0 days 00:00:00.887651,32.610484565076206,19.868301844331583,0.8537222943069146,Au,COMPLETE
4944,-1.0,2026-04-07 11:36:58.147813,2026-04-07 11:36:58.641134,0 days 00:00:00.493321,31.52265994257639,19.793177378439974,0.9171801693159535,Au,COMPLETE
4945,-1.0,2026-04-07 11:36:58.181520,2026-04-07 11:36:58.845248,0 days 00:00:00.663728,21.693707722343568,17.88631952140593,0.5454465679624504,Au,COMPLETE
4946,-1.0,2026-04-07 11:36:58.256599,2026-04-07 11:36:58.857984,0 days 00:00:00.601385,34.55998744437284,19.936150763046946,0.8849779693237458,Au,COMPLETE
4947,0.0,2026-04-07 11:36:58.471495,2026-04-07 11:36:59.266977,0 days 00:00:00.795482,20.264833742048722,18.070819320258217,0.43596211174190286,Au,PRUNED
4948,-8.333333333332,2026-04-07 11:36:58.670593,2026-04-07 11:36:59.409330,0 days 00:00:00.738737,22.315443564153416,19.99323576437784,0.3292851010931851,Au,PRUNED
4949,-1.0,2026-04-07 11:36:58.808165,2026-04-07 11:36:59.584803,0 days 00:00:00.776638,95.84008858461422,11.385799865721719,0.14259337532823269,Cu,COMPLETE
4950,-1.0,2026-04-07 11:36:58.928693,2026-04-07 11:36:59.688627,0 days 00:00:00.759934,30.31990872197347,17.180001363917654,0.3674357144061485,Au,COMPLETE
4951,80.86419753086179,2026-04-07 11:36:59.002098,2026-04-07 11:36:59.753070,0 days 00:00:00.750972,30.26988921008676,17.418888249186494,0.7979767335895929,Au,PRUNED
4952,-1.1737089201877602,2026-04-07 11:36:59.032008,2026-04-07 11:36:59.699974,0 days 00:00:00.667966,40.2056607111054,19.90895717447722,0.3607746548267818,Cu,PRUNED
4953,78.7377450980369,2026-04-07 11:36:59.110925,2026-04-07 11:36:59.806579,0 days 00:00:00.695654,36.21469322359819,14.8149025350091,0.8409191009066102,Au,PRUNED
4954,-364.718614718567,2026-04-07 11:36:59.336872,2026-04-07 11:37:00.064668,0 days 00:00:00.727796,20.08272978533861,19.700022771562264,0.8079057302074412,Au,COMPLETE
4955,0.0,2026-04-07 11:36:59.348595,2026-04-07 11:37:00.202228,0 days 00:00:00.853633,35.99844579725759,17.514017545235635,1.0504403774997808,Au,PRUNED
4956,-1.0,2026-04-07 11:36:59.611663,2026-04-07 11:37:00.256933,0 days 00:00:00.645270,33.36201093085379,19.924246655279738,0.6777548511077744,Au,COMPLETE
4957,-1.0,2026-04-07 11:36:59.785765,2026-04-07 11:37:00.488912,0 days 00:00:00.703147,22.924713279579723,19.30167967937048,0.46302301443475646,Ag,COMPLETE
4958,-1.0,2026-04-07 11:36:59.810646,2026-04-07 11:37:00.353960,0 days 00:00:00.543314,38.68229105625322,19.979049168505508,1.130403504753592,Au,COMPLETE
4959,-1.0,2026-04-07 11:36:59.848093,2026-04-07 11:37:00.487905,0 days 00:00:00.639812,32.121979674998514,19.993246196536948,0.8650756297417643,Au,COMPLETE
4960,0.0,2026-04-07 11:36:59.884767,2026-04-07 11:37:00.848321,0 days 00:00:00.963554,31.743612307103675,17.778384984391767,0.5688622186292263,Au,PRUNED
4961,0.0,2026-04-07 11:37:00.098684,2026-04-07 11:37:00.750012,0 days 00:00:00.651328,38.429109794831774,19.991365685577264,0.7502810539587772,Au,PRUNED
4962,4.006410256409948,2026-04-07 11:37:00.204800,2026-04-07 11:37:00.889486,0 days 00:00:00.684686,32.235128884116236,14.531482300794476,1.0609853009870904,Au,PRUNED
4963,-1.0,2026-04-07 11:37:00.252333,2026-04-07 11:37:01.046570,0 days 00:00:00.794237,37.14720187961295,18.416954662418785,0.3563696026939201,Ag,COMPLETE
4964,-1.0,2026-04-07 11:37:00.492375,2026-04-07 11:37:01.095453,0 days 00:00:00.603078,29.02618774955133,17.197380669819882,0.39320417778071254,Au,COMPLETE
4965,-1.0,2026-04-07 11:37:00.575886,2026-04-07 11:37:01.267800,0 days 00:00:00.691914,33.11999610588484,17.956628196406673,1.0131997242965027,Au,COMPLETE
4966,-1.0,2026-04-07 11:37:00.633499,2026-04-07 11:37:01.148371,0 days 00:00:00.514872,32.69968071284839,17.088447082051147,0.9367817200876768,Au,COMPLETE
4967,-1.0,2026-04-07 11:37:00.697569,2026-04-07 11:37:01.149373,0 days 00:00:00.451804,20.55507688558891,17.68799147474756,0.851811540669516,Au,COMPLETE
4968,-410.3260869564619,2026-04-07 11:37:00.872380,2026-04-07 11:37:01.719341,0 days 00:00:00.846961,21.238263184362175,19.82636288895825,0.28124983598400977,Au,COMPLETE
4969,-1.0,2026-04-07 11:37:00.948286,2026-04-07 11:37:01.497262,0 days 00:00:00.548976,20.864227660899925,19.975536263702658,0.7805882963128516,Au,COMPLETE
4970,4.901960784313341,2026-04-07 11:37:00.985031,2026-04-07 11:37:01.657564,0 days 00:00:00.672533,31.22486863244197,15.272254746353333,1.0045122408024998,Au,PRUNED
4971,0.0,2026-04-07 11:37:01.222465,2026-04-07 11:37:02.126249,0 days 00:00:00.903784,47.091775771208034,18.036315203358434,0.46701625517008394,Au,PRUNED
4972,0.0,2026-04-07 11:37:01.288895,2026-04-07 11:37:02.099951,0 days 00:00:00.811056,21.151229273229717,14.79196625503317,0.620603825499249,Au,PRUNED
4973,-1.0,2026-04-07 11:37:01.265792,2026-04-07 11:37:02.095951,0 days 00:00:00.830159,22.170455981704777,19.924419930222474,0.4508303916518519,Au,COMPLETE
4974,0.0,2026-04-07 11:37:01.346514,2026-04-07 11:37:02.019672,0 days 00:00:00.673158,20.160507174141088,17.787345492879005,1.0338186689874918,Au,PRUNED
4975,-1.0,2026-04-07 11:37:01.636583,2026-04-07 11:37:02.422811,0 days 00:00:00.786228,46.278653880061555,17.836024928780322,0.8722518870319154,Au,COMPLETE
4976,-1.0,2026-04-07 11:37:01.720449,2026-04-07 11:37:02.474957,0 days 00:00:00.754508,20.956952906619087,19.985381729999748,0.5241246574058784,Au,COMPLETE
4977,0.0,2026-04-07 11:37:01.815954,2026-04-07 11:37:02.592581,0 days 00:00:00.776627,20.45604088430353,16.84904703944332,0.5686192325655504,Au,PRUNED
4978,0.0,2026-04-07 11:37:01.929786,2026-04-07 11:37:02.707759,0 days 00:00:00.777973,20.270433368214658,19.700905668457025,0.5217929254707038,Au,PRUNED
4979,0.0,2026-04-07 11:37:02.145207,2026-04-07 11:37:03.032402,0 days 00:00:00.887195,38.969674637420155,19.938518936926812,0.5512930460388283,Au,PRUNED
4980,-1.0,2026-04-07 11:37:02.233860,2026-04-07 11:37:02.847801,0 days 00:00:00.613941,30.382332156597187,18.01593248478215,0.9863817815513589,Au,COMPLETE
4981,-1.0,2026-04-07 11:37:02.253648,2026-04-07 11:37:03.027309,0 days 00:00:00.773661,33.39889283442754,18.310163143257768,0.9467267774143366,Au,COMPLETE
4982,-1.0,2026-04-07 11:37:02.287250,2026-04-07 11:37:03.031829,0 days 00:00:00.744579,20.85142146846939,16.825235661977864,0.29866207823463836,Au,COMPLETE
4983,0.0,2026-04-07 11:37:02.610584,2026-04-07 11:37:03.397277,0 days 00:00:00.786693,33.61517263143009,17.365607511565695,0.6054274063555369,Au,PRUNED
4984,-1.0,2026-04-07 11:37:02.675108,2026-04-07 11:37:03.158545,0 days 00:00:00.483437,28.20999791961206,19.946273803413174,0.9129169271949992,Au,COMPLETE
4985,0.0,2026-04-07 11:37:02.708767,2026-04-07 11:37:03.305913,0 days 00:00:00.597146,20.27144620521358,17.421199355037565,0.720122366331345,Au,PRUNED
4986,0.0,2026-04-07 11:37:02.904593,2026-04-07 11:37:03.547709,0 days 00:00:00.643116,43.427602605550554,19.97372284827744,0.34926389505171596,Au,PRUNED
4987,0.0,2026-04-07 11:37:03.103698,2026-04-07 11:37:03.963721,0 days 00:00:00.860023,33.34475177320894,18.427701793289533,0.3298409915218589,Au,PRUNED
4988,-1.0,2026-04-07 11:37:03.045482,2026-04-07 11:37:03.822323,0 days 00:00:00.776841,34.02679358721225,19.8928155064638,0.7186636547076201,Au,COMPLETE
4989,-1.0,2026-04-07 11:37:03.190235,2026-04-07 11:37:03.747029,0 days 00:00:00.556794,31.100107536749196,17.405696207877522,0.6131006182170038,Au,COMPLETE
4990,-1.0,2026-04-07 11:37:03.431849,2026-04-07 11:37:03.822323,0 days 00:00:00.390474,20.70108801148964,19.906221626078462,1.0190621860599665,Au,COMPLETE
4991,0.0,2026-04-07 11:37:03.440301,2026-04-07 11:37:04.358627,0 days 00:00:00.918326,20.010507408523498,19.823047495016294,0.22156189041971422,Au,PRUNED
4992,0.0,2026-04-07 11:37:03.463280,2026-04-07 11:37:03.920200,0 days 00:00:00.456920,37.37646767457491,19.80305799631202,0.5226253146046937,Au,PRUNED
4993,-373.06843267103204,2026-04-07 11:37:03.479838,2026-04-07 11:37:04.313831,0 days 00:00:00.833993,20.303525534263947,19.590485580449165,0.8781380210859364,Au,COMPLETE
4994,-1.0,2026-04-07 11:37:03.750538,2026-04-07 11:37:04.425865,0 days 00:00:00.675327,32.668058073451384,19.937535247273185,1.0321984161447784,Au,COMPLETE
4995,-1.0,2026-04-07 11:37:03.854384,2026-04-07 11:37:04.567148,0 days 00:00:00.712764,32.00506156799818,17.707874396920797,0.4578090676321355,Au,COMPLETE
4996,0.0,2026-04-07 11:37:04.030965,2026-04-07 11:37:04.812100,0 days 00:00:00.781135,20.359748386384336,18.73548372959752,0.11526059255360296,Au,PRUNED
4997,0.0,2026-04-07 11:37:04.087667,2026-04-07 11:37:04.910191,0 days 00:00:00.822524,20.92596927833257,19.717885463886834,0.13331797002281287,Cu,PRUNED
4998,-1.0,2026-04-07 11:37:04.118447,2026-04-07 11:37:04.720119,0 days 00:00:00.601672,35.75306286502803,19.95529329869703,0.46993865097186016,Au,COMPLETE
4999,79.62962962962726,2026-04-07 11:37:04.226975,2026-04-07 11:37:04.868144,0 days 00:00:00.641169,32.493817629820185,17.268522515725493,0.41902541431414414,Au,PRUNED
5000,-1.0,2026-04-07 11:37:04.467165,2026-04-07 11:37:05.218152,0 days 00:00:00.750987,47.304463832663785,19.994903179646148,0.999108601807742,Au,COMPLETE
5001,-1.0,2026-04-07 11:37:04.594899,2026-04-07 11:37:05.628070,0 days 00:00:01.033171,30.62354033205797,17.861815088077098,0.4681142087587101,Au,COMPLETE
5002,79.93827160493589,2026-04-07 11:37:04.675489,2026-04-07 11:37:05.424966,0 days 00:00:00.749477,32.65532804222501,17.150875528773245,0.35684402860152653,Au,PRUNED
5003,0.0,2026-04-07 11:37:04.775836,2026-04-07 11:37:05.501694,0 days 00:00:00.725858,33.70722077368454,19.92485605400828,0.535403951437512,Au,PRUNED
5004,-1.0,2026-04-07 11:37:04.871143,2026-04-07 11:37:05.500663,0 days 00:00:00.629520,20.18583284946452,19.85897012335271,0.894084301740394,Au,COMPLETE
5005,-1.0,2026-04-07 11:37:04.980418,2026-04-07 11:37:05.472478,0 days 00:00:00.492060,33.85297302236456,19.950756026392494,0.5188884077775675,Au,COMPLETE
5006,83.33333333333088,2026-04-07 11:37:05.004405,2026-04-07 11:37:05.765266,0 days 00:00:00.760861,23.756084314028254,19.945192143234575,0.9481996737997539,Au,PRUNED
5007,79.93827160493589,2026-04-07 11:37:05.039701,2026-04-07 11:37:05.636683,0 days 00:00:00.596982,31.366334578423,17.33455261689103,0.8694212553303186,Au,PRUNED
5008,-1.0,2026-04-07 11:37:05.329512,2026-04-07 11:37:06.258275,0 days 00:00:00.928763,20.401328393299178,19.929164814066752,1.0350620326683875,Au,COMPLETE
5009,-1.0,2026-04-07 11:37:05.506127,2026-04-07 11:37:06.132392,0 days 00:00:00.626265,21.071034232188115,19.483761949618696,0.3833264655523615,Ag,COMPLETE
5010,-1.0,2026-04-07 11:37:05.569341,2026-04-07 11:37:06.227565,0 days 00:00:00.658224,20.78044173308871,17.897742158611372,0.9243439816831657,Au,COMPLETE
5011,-6.410256410255424,2026-04-07 11:37:05.667264,2026-04-07 11:37:06.430905,0 days 00:00:00.763641,21.925685607953433,19.947998896316818,0.7631231898317328,Au,PRUNED
5012,-1.0,2026-04-07 11:37:05.723143,2026-04-07 11:37:06.407924,0 days 00:00:00.684781,45.91646333809446,10.599838238539975,0.4272415749567777,Cu,COMPLETE
5013,-1.0,2026-04-07 11:37:05.733004,2026-04-07 11:37:06.223380,0 days 00:00:00.490376,36.981460819530895,18.037811380289696,0.9956976262079413,Au,COMPLETE
5014,-1.0,2026-04-07 11:37:05.880622,2026-04-07 11:37:06.324723,0 days 00:00:00.444101,20.848424648759938,17.32201783932796,0.5625190575235506,Au,COMPLETE
5015,-1.0,2026-04-07 11:37:05.978105,2026-04-07 11:37:06.510096,0 days 00:00:00.531991,29.789647203397234,14.170511999910076,0.8005132933509457,Au,COMPLETE
5016,-1.0,2026-04-07 11:37:06.251181,2026-04-07 11:37:07.027644,0 days 00:00:00.776463,20.469242837872955,18.398370572602584,0.7362292410374192,Au,COMPLETE
5017,0.0,2026-04-07 11:37:06.451391,2026-04-07 11:37:07.164327,0 days 00:00:00.712936,20.4335145920426,16.2941778533274,0.9214935800634874,Au,PRUNED
5018,0.0,2026-04-07 11:37:06.488149,2026-04-07 11:37:07.164327,0 days 00:00:00.676178,21.79028477017218,17.026507649153547,0.8431938961463159,Au,PRUNED
5019,0.0,2026-04-07 11:37:06.540222,2026-04-07 11:37:07.163327,0 days 00:00:00.623105,33.78817483574896,17.83480457409219,0.7393309176887763,Au,PRUNED
5020,-441.2144702841686,2026-04-07 11:37:06.581700,2026-04-07 11:37:07.214079,0 days 00:00:00.632379,21.181810657103306,19.919531173989178,0.6730798100052415,Au,COMPLETE
5021,0.0,2026-04-07 11:37:06.662505,2026-04-07 11:37:07.558510,0 days 00:00:00.896005,35.67211190333908,19.69833735968683,0.9860679281622869,Au,PRUNED
5022,-1.1990407673860566,2026-04-07 11:37:06.753340,2026-04-07 11:37:07.724333,0 days 00:00:00.970993,20.44908167793896,19.757109918237855,0.6374260647698152,Ag,PRUNED
5023,-1.0,2026-04-07 11:37:06.804623,2026-04-07 11:37:07.541855,0 days 00:00:00.737232,21.149512561689523,15.338310681955189,0.5438752728711809,Cu,COMPLETE
5024,-1.0,2026-04-07 11:37:07.248464,2026-04-07 11:37:07.770553,0 days 00:00:00.522089,20.259719575146274,14.582322686327853,0.7807525340724211,Au,COMPLETE
5025,-1.0,2026-04-07 11:37:07.259669,2026-04-07 11:37:07.897559,0 days 00:00:00.637890,32.80904232224387,14.549921004974667,0.5494173440732754,Au,COMPLETE
5026,-1.0,2026-04-07 11:37:07.308911,2026-04-07 11:37:08.000615,0 days 00:00:00.691704,38.638219825534954,19.955189714795036,0.4929072795043545,Au,COMPLETE
5027,0.0,2026-04-07 11:37:07.330479,2026-04-07 11:37:08.000109,0 days 00:00:00.669630,31.68533703653399,19.91632029036436,0.3714287759865718,Au,PRUNED
5028,-1.0,2026-04-07 11:37:07.414396,2026-04-07 11:37:08.141757,0 days 00:00:00.727361,20.196760907769768,18.975813359881357,0.5467030554482735,Au,COMPLETE
5029,80.86419753086179,2026-04-07 11:37:07.622172,2026-04-07 11:37:08.202821,0 days 00:00:00.580649,30.268913390930308,17.528735456557307,0.5914518312216758,Au,PRUNED
5030,0.0,2026-04-07 11:37:07.655407,2026-04-07 11:37:08.460079,0 days 00:00:00.804672,116.60972016041255,12.648424981410017,1.648792855873971,Cu,PRUNED
5031,0.0,2026-04-07 11:37:07.877776,2026-04-07 11:37:08.863790,0 days 00:00:00.986014,44.12685307215093,15.767800428318335,0.6072803936717961,Au,PRUNED
5032,80.26960784313488,2026-04-07 11:37:07.978169,2026-04-07 11:37:08.820537,0 days 00:00:00.842368,33.420288544911465,15.570832936929367,0.5686224015552053,Au,PRUNED
5033,-1.0,2026-04-07 11:37:08.030664,2026-04-07 11:37:08.939974,0 days 00:00:00.909310,21.01260445111942,17.85428218463075,0.6998810244481714,Au,COMPLETE
5034,82.72058823529169,2026-04-07 11:37:08.265953,2026-04-07 11:37:09.257732,0 days 00:00:00.991779,24.877274415250422,19.984916000117337,0.5278824452629828,Au,PRUNED
5035,-27.77777777777037,2026-04-07 11:37:08.327661,2026-04-07 11:37:09.258733,0 days 00:00:00.931072,55.18133806650857,5.467576525823825,1.3311072564575146,Ag,PRUNED
5036,-1.0,2026-04-07 11:37:08.364896,2026-04-07 11:37:09.175593,0 days 00:00:00.810697,30.49387799313243,17.340487099147246,0.6870563514168682,Au,COMPLETE
5037,0.0,2026-04-07 11:37:08.376803,2026-04-07 11:37:09.516917,0 days 00:00:01.140114,35.129644566776776,19.936532466891727,0.7199005351659206,Au,PRUNED
5038,-1.0,2026-04-07 11:37:08.584743,2026-04-07 11:37:09.126824,0 days 00:00:00.542081,21.773462526156752,16.74764198989068,0.6142758324835736,Au,COMPLETE
5039,-1.0,2026-04-07 11:37:08.932838,2026-04-07 11:37:09.665470,0 days 00:00:00.732632,33.292062205372815,17.68447623684299,0.6144017590323715,Au,COMPLETE
5040,-1.0,2026-04-07 11:37:08.957788,2026-04-07 11:37:09.747985,0 days 00:00:00.790197,20.1101497626608,17.30262863694316,0.5949279512523937,Au,COMPLETE
5041,-1.0,2026-04-07 11:37:09.100002,2026-04-07 11:37:09.870044,0 days 00:00:00.770042,21.81467714363167,17.530516385665912,0.46790280756106417,Au,COMPLETE
5042,-1.0,2026-04-07 11:37:09.270967,2026-04-07 11:37:10.039274,0 days 00:00:00.768307,29.90230005762193,19.78751229616372,0.6145817316460899,Au,COMPLETE
5043,-1.0,2026-04-07 11:37:09.319967,2026-04-07 11:37:09.930981,0 days 00:00:00.611014,94.50804726867585,11.258339034069246,1.3816225791106962,Ag,COMPLETE
5044,-366.83006535942866,2026-04-07 11:37:09.358187,2026-04-07 11:37:10.149768,0 days 00:00:00.791581,20.44585380780736,19.84235428320897,0.3775634720964317,Au,COMPLETE
5045,0.0,2026-04-07 11:37:09.390500,2026-04-07 11:37:10.075272,0 days 00:00:00.684772,20.733172817412225,17.09080583064267,0.4984309362576436,Au,PRUNED
5046,-1.0,2026-04-07 11:37:09.684075,2026-04-07 11:37:10.263598,0 days 00:00:00.579523,24.4112807129359,19.93660856067559,0.7050714453566765,Au,COMPLETE
5047,-1.0,2026-04-07 11:37:09.779893,2026-04-07 11:37:10.477108,0 days 00:00:00.697215,21.011299762597965,17.558336963562795,0.8336696077858999,Au,COMPLETE
5048,-1.0,2026-04-07 11:37:09.900208,2026-04-07 11:37:10.523384,0 days 00:00:00.623176,21.601614758273527,19.86296919929354,0.34676619885885795,Au,COMPLETE
5049,-1.0,2026-04-07 11:37:10.076267,2026-04-07 11:37:10.626781,0 days 00:00:00.550514,30.884288074841873,19.920660283616026,0.43817936687021897,Au,COMPLETE
5050,0.0,2026-04-07 11:37:10.175267,2026-04-07 11:37:10.950181,0 days 00:00:00.774914,28.657525046610896,19.949797127853138,0.4949162087761777,Au,PRUNED
5051,0.0,2026-04-07 11:37:10.202699,2026-04-07 11:37:11.005517,0 days 00:00:00.802818,31.654000504678223,19.74281465832921,0.6657713432629409,Au,PRUNED
5052,0.0,2026-04-07 11:37:10.163256,2026-04-07 11:37:11.158132,0 days 00:00:00.994876,35.7689826389358,19.828338545178866,0.7654988421976328,Au,PRUNED
5053,-1.0,2026-04-07 11:37:10.414274,2026-04-07 11:37:11.047830,0 days 00:00:00.633556,20.642796426531007,19.916652288544732,0.3067624433393872,Au,COMPLETE
5054,-1.0,2026-04-07 11:37:10.476572,2026-04-07 11:37:11.235557,0 days 00:00:00.758985,22.61505923710265,19.833597612068292,0.7153283987203307,Au,COMPLETE
5055,-1.0,2026-04-07 11:37:10.705329,2026-04-07 11:37:11.442654,0 days 00:00:00.737325,21.598168231462747,19.925611204632084,0.7977700284103336,Au,COMPLETE
5056,-1.0,2026-04-07 11:37:10.758482,2026-04-07 11:37:11.459501,0 days 00:00:00.701019,35.203910130409966,17.795574519792527,0.4563940879953539,Au,COMPLETE
5057,-1.0,2026-04-07 11:37:10.782524,2026-04-07 11:37:11.459501,0 days 00:00:00.676977,45.6232170232021,17.57460514599154,0.5279190502040396,Au,COMPLETE
5058,-1.0,2026-04-07 11:37:11.070847,2026-04-07 11:37:11.597544,0 days 00:00:00.526697,36.99396464336676,17.524477461121705,0.7664698951328265,Au,COMPLETE
5059,0.0,2026-04-07 11:37:11.086115,2026-04-07 11:37:11.763605,0 days 00:00:00.677490,22.79082721599141,19.920602731164536,0.623885855363637,Au,PRUNED
5060,0.0,2026-04-07 11:37:11.161840,2026-04-07 11:37:11.959332,0 days 00:00:00.797492,20.221134180587526,15.449947658057372,0.7043917787050944,Au,PRUNED
5061,0.0,2026-04-07 11:37:11.307847,2026-04-07 11:37:11.957827,0 days 00:00:00.649980,20.54308230274532,17.783456919776373,0.6922217916006163,Au,PRUNED
5062,0.0,2026-04-07 11:37:11.490394,2026-04-07 11:37:12.522118,0 days 00:00:01.031724,31.494282137151828,19.839009402667994,0.7648760613893718,Au,PRUNED
5063,-1.0,2026-04-07 11:37:11.579121,2026-04-07 11:37:12.307946,0 days 00:00:00.728825,22.031902834434263,19.892710943951556,0.5526031940132162,Au,COMPLETE
5064,0.0,2026-04-07 11:37:11.642427,2026-04-07 11:37:12.447267,0 days 00:00:00.804840,20.02528256136194,18.08383623761637,0.3991121125463084,Au,PRUNED
5065,0.0,2026-04-07 11:37:11.687475,2026-04-07 11:37:12.521120,0 days 00:00:00.833645,27.45330084250144,19.99732228856678,0.6503628655765952,Au,PRUNED
5066,-386.13013698624883,2026-04-07 11:37:11.863588,2026-04-07 11:37:12.611736,0 days 00:00:00.748148,20.280475205446223,19.910545652753594,0.6785623217811084,Au,COMPLETE
5067,1.633986928104447,2026-04-07 11:37:11.897685,2026-04-07 11:37:12.906646,0 days 00:00:01.008961,35.22555372047139,13.927184543477559,0.31755865837417363,Au,PRUNED
5068,-1.0,2026-04-07 11:37:12.129033,2026-04-07 11:37:12.522118,0 days 00:00:00.393085,32.93170702762609,15.244278168380534,0.8484835678751065,Au,COMPLETE
5069,-1.0,2026-04-07 11:37:12.156347,2026-04-07 11:37:13.001987,0 days 00:00:00.845640,20.367403576899374,17.687475178026197,0.6645167521482228,Au,COMPLETE
5070,-1.0,2026-04-07 11:37:12.443744,2026-04-07 11:37:13.282180,0 days 00:00:00.838436,22.07652878243409,17.54717556141077,0.6601698955516921,Cu,COMPLETE
5071,0.0,2026-04-07 11:37:12.656756,2026-04-07 11:37:13.531643,0 days 00:00:00.874887,36.333198333528046,17.71693313556005,0.6073004953563964,Au,PRUNED
5072,0.0,2026-04-07 11:37:12.656756,2026-04-07 11:37:13.453678,0 days 00:00:00.796922,48.85945621116686,17.942490055270422,0.8775366331640416,Au,PRUNED
5073,0.0,2026-04-07 11:37:12.783119,2026-04-07 11:37:13.678804,0 days 00:00:00.895685,31.232033830570614,19.986221447635707,0.5805947480968037,Au,PRUNED
5074,0.0,2026-04-07 11:37:12.833223,2026-04-07 11:37:13.759575,0 days 00:00:00.926352,39.826208941200555,19.97169140867461,0.6055190660850637,Au,PRUNED
5075,0.0,2026-04-07 11:37:12.936206,2026-04-07 11:37:13.774530,0 days 00:00:00.838324,45.91658879587408,18.128216623505192,0.755879333042404,Au,PRUNED
5076,-441.2144702841686,2026-04-07 11:37:13.005834,2026-04-07 11:37:13.873090,0 days 00:00:00.867256,20.93437616734004,19.886691923944976,0.942648174800223,Au,COMPLETE
5077,-1.0,2026-04-07 11:37:13.276073,2026-04-07 11:37:14.199515,0 days 00:00:00.923442,117.31354198916011,6.177495141391175,0.7418866247480822,Cu,COMPLETE
5078,0.0,2026-04-07 11:37:13.536154,2026-04-07 11:37:14.458117,0 days 00:00:00.921963,34.566342318849976,17.930776417688957,0.7172220165804422,Au,PRUNED
5079,80.55555555555317,2026-04-07 11:37:13.559794,2026-04-07 11:37:14.687327,0 days 00:00:01.127533,30.60511990898419,17.719080393567562,0.5916607732808339,Au,PRUNED
5080,-1.0,2026-04-07 11:37:13.647350,2026-04-07 11:37:14.355194,0 days 00:00:00.707844,20.23301680900803,18.94211166322266,0.6605141171073284,Au,COMPLETE
5081,0.0,2026-04-07 11:37:13.806795,2026-04-07 11:37:14.635847,0 days 00:00:00.829052,35.83478775112825,17.18094620160798,0.7050424069748193,Au,PRUNED
5082,-6.410256410255424,2026-04-07 11:37:13.916274,2026-04-07 11:37:14.731197,0 days 00:00:00.814923,22.1692835605854,19.903102068783824,0.5673602173397724,Au,PRUNED
5083,-416.9730392156249,2026-04-07 11:37:13.951752,2026-04-07 11:37:14.537971,0 days 00:00:00.586219,21.113949246567117,19.859325026554615,0.44021797391877987,Au,COMPLETE
5084,-1.0,2026-04-07 11:37:14.117991,2026-04-07 11:37:14.811668,0 days 00:00:00.693677,21.80884522776845,17.17120108134,0.6229856613267472,Au,COMPLETE
5085,0.0,2026-04-07 11:37:14.413916,2026-04-07 11:37:15.125591,0 days 00:00:00.711675,20.182642293386113,19.537221274305132,0.5022186941159447,Au,PRUNED
5086,-1.0,2026-04-07 11:37:14.506945,2026-04-07 11:37:15.126639,0 days 00:00:00.619694,20.965360846208252,15.278960086143352,0.5730903691136281,Au,COMPLETE
5087,-1.0,2026-04-07 11:37:14.600394,2026-04-07 11:37:15.404483,0 days 00:00:00.804089,42.81825752892901,19.318075974269895,0.3028134693012584,Ag,COMPLETE
5088,0.0,2026-04-07 11:37:14.752212,2026-04-07 11:37:15.502567,0 days 00:00:00.750355,20.576932510286266,16.970528658050895,0.42029754196957403,Au,PRUNED
5089,0.0,2026-04-07 11:37:14.764227,2026-04-07 11:37:15.621947,0 days 00:00:00.857720,30.609387072940947,19.92051486612604,0.2748921002270323,Au,PRUNED
5090,-14.756944444443215,2026-04-07 11:37:14.784414,2026-04-07 11:37:15.447996,0 days 00:00:00.663582,31.865128968722182,17.236556779791844,0.7354837074608078,Ag,PRUNED
5091,-1.0,2026-04-07 11:37:14.814975,2026-04-07 11:37:15.500145,0 days 00:00:00.685170,33.90494991108195,19.945223531183675,0.7989453959317967,Au,COMPLETE
5092,0.0,2026-04-07 11:37:15.083489,2026-04-07 11:37:15.760535,0 days 00:00:00.677046,30.82990066898355,17.89045361532519,0.7492239063591526,Au,PRUNED
5093,-1.0,2026-04-07 11:37:15.203335,2026-04-07 11:37:15.846939,0 days 00:00:00.643604,20.49967378937975,16.37902743511148,0.7419938916259831,Au,COMPLETE
5094,-1.0,2026-04-07 11:37:15.292674,2026-04-07 11:37:15.922757,0 days 00:00:00.630083,30.779039579607463,18.116880112588305,0.7742808585612477,Au,COMPLETE
5095,-0.664010624169976,2026-04-07 11:37:15.557054,2026-04-07 11:37:16.400376,0 days 00:00:00.843322,77.24120436533336,9.564984388770782,1.3280912095892454,Au,PRUNED
5096,-1.0,2026-04-07 11:37:15.585557,2026-04-07 11:37:16.151036,0 days 00:00:00.565479,66.97720730774633,5.37971047162125,1.0888735097542923,Ag,COMPLETE
5097,-1.0,2026-04-07 11:37:15.685537,2026-04-07 11:37:16.435321,0 days 00:00:00.749784,20.641493422006285,17.375122989171274,0.692601403565512,Au,COMPLETE
5098,0.0,2026-04-07 11:37:15.807446,2026-04-07 11:37:16.513358,0 days 00:00:00.705912,20.49234710953488,17.077534643297934,0.8953028169557893,Au,PRUNED
5099,0.0,2026-04-07 11:37:15.765972,2026-04-07 11:37:16.568816,0 days 00:00:00.802844,32.51884641436976,17.64055241806411,0.6421185215058618,Au,PRUNED
5100,-1.0,2026-04-07 11:37:15.844939,2026-04-07 11:37:16.822548,0 days 00:00:00.977609,34.59442618126165,17.67695312607709,0.8853177732700745,Au,COMPLETE
5101,0.0,2026-04-07 11:37:16.108752,2026-04-07 11:37:16.836021,0 days 00:00:00.727269,20.732527753066964,17.91977519130586,0.7677332966389295,Au,PRUNED
5102,-0.850340136054408,2026-04-07 11:37:16.155623,2026-04-07 11:37:17.180663,0 days 00:00:01.025040,92.67325956852177,19.13429380295745,0.3258815615106757,Cu,PRUNED
5103,-1.0,2026-04-07 11:37:16.317590,2026-04-07 11:37:17.006056,0 days 00:00:00.688466,32.520418034378835,19.923048292504998,0.3695177875376844,Au,COMPLETE
5104,-1.0,2026-04-07 11:37:16.464951,2026-04-07 11:37:17.035951,0 days 00:00:00.571000,20.914216285929204,17.52112218900728,0.6246471976642027,Au,COMPLETE
5105,-1.0,2026-04-07 11:37:16.615586,2026-04-07 11:37:17.176485,0 days 00:00:00.560899,35.60084434692131,17.711548158852697,0.6420095003474878,Au,COMPLETE
5106,-427.00501253126436,2026-04-07 11:37:16.701263,2026-04-07 11:37:17.425322,0 days 00:00:00.724059,20.787741881133243,19.966734179624634,0.7308721610919522,Au,COMPLETE
5107,-1.0,2026-04-07 11:37:16.746897,2026-04-07 11:37:17.574277,0 days 00:00:00.827380,31.538801244492912,19.93555333912152,0.8493151550904771,Au,COMPLETE
5108,0.0,2026-04-07 11:37:16.947657,2026-04-07 11:37:17.773276,0 days 00:00:00.825619,33.80879740577185,17.663176446200797,0.11021317133079661,Au,PRUNED
5109,-1.0,2026-04-07 11:37:17.068657,2026-04-07 11:37:17.728305,0 days 00:00:00.659648,46.88871746457362,17.722109237527924,0.7154564556478681,Au,COMPLETE
5110,-401.30023640656185,2026-04-07 11:37:17.243636,2026-04-07 11:37:17.938621,0 days 00:00:00.694985,20.786069000230107,19.824683598081737,0.5522553000157027,Au,COMPLETE
5111,-1.0,2026-04-07 11:37:17.331524,2026-04-07 11:37:17.993289,0 days 00:00:00.661765,20.12681025875992,14.348730332634172,0.4244854083158866,Au,COMPLETE
5112,-16.666666666664764,2026-04-07 11:37:17.397659,2026-04-07 11:37:18.234864,0 days 00:00:00.837205,29.825378850650804,13.966524604694547,0.368246301931691,Au,PRUNED
5113,-1.0,2026-04-07 11:37:17.491649,2026-04-07 11:37:18.166805,0 days 00:00:00.675156,20.06927141198377,16.608646601333575,0.31741115338114845,Au,COMPLETE
5114,0.0,2026-04-07 11:37:17.586350,2026-04-07 11:37:18.316793,0 days 00:00:00.730443,35.393934515794946,19.847798607521824,0.7763191601484187,Au,PRUNED
5115,-1.0,2026-04-07 11:37:17.847264,2026-04-07 11:37:18.337433,0 days 00:00:00.490169,118.46683744168169,1.4560916061639322,1.4327174400829996,Cu,COMPLETE
5116,0.0,2026-04-07 11:37:17.896507,2026-04-07 11:37:18.606908,0 days 00:00:00.710401,35.66026263747874,19.921209926342645,0.3753926699551269,Au,PRUNED
5117,-2.976190476190051,2026-04-07 11:37:17.917635,2026-04-07 11:37:18.541431,0 days 00:00:00.623796,34.5622603747414,19.89338148723692,0.7039223917877391,Ag,PRUNED
5118,0.0,2026-04-07 11:37:18.111313,2026-04-07 11:37:19.013331,0 days 00:00:00.902018,35.324361684367815,19.809820419268284,0.8247342777912837,Au,PRUNED
5119,-1.0,2026-04-07 11:37:18.208534,2026-04-07 11:37:19.014639,0 days 00:00:00.806105,32.54543918521441,17.994840424805687,0.5363518881354045,Au,COMPLETE
5120,0.0,2026-04-07 11:37:18.316793,2026-04-07 11:37:19.107456,0 days 00:00:00.790663,20.41697249038554,17.727701254412807,0.6506389202570957,Au,PRUNED
5121,-1.0,2026-04-07 11:37:18.397647,2026-04-07 11:37:19.105379,0 days 00:00:00.707732,20.035825585061882,17.113298024734547,0.19411170842936398,Au,COMPLETE
5122,0.0,2026-04-07 11:37:18.439549,2026-04-07 11:37:19.342458,0 days 00:00:00.902909,32.95224637881116,17.253482644932625,0.9149022564560491,Au,PRUNED
5123,0.0,2026-04-07 11:37:18.543994,2026-04-07 11:37:19.196963,0 days 00:00:00.652969,41.760804122816225,19.74926856574049,0.8372467362564104,Au,PRUNED
5124,-1.0,2026-04-07 11:37:18.633618,2026-04-07 11:37:19.254267,0 days 00:00:00.620649,44.32091846624692,17.728080322925543,0.5713962407866271,Au,COMPLETE
5125,0.0,2026-04-07 11:37:18.800842,2026-04-07 11:37:19.627967,0 days 00:00:00.827125,31.796341615734605,19.93542762768899,0.17061838619031927,Au,PRUNED
5126,-1.0,2026-04-07 11:37:19.138997,2026-04-07 11:37:20.061895,0 days 00:00:00.922898,20.267508128835967,18.488546359918345,0.43108629606084886,Au,COMPLETE
5127,-1.0,2026-04-07 11:37:19.202788,2026-04-07 11:37:19.735153,0 days 00:00:00.532365,20.040219096517088,19.867318284894914,0.8042622801077102,Au,COMPLETE
5128,-1.0,2026-04-07 11:37:19.254774,2026-04-07 11:37:20.077167,0 days 00:00:00.822393,20.787352468981492,17.734630156937136,0.8989767787731783,Au,COMPLETE
5129,-1.0,2026-04-07 11:37:19.268899,2026-04-07 11:37:19.956855,0 days 00:00:00.687956,33.26823171643308,16.89097432143786,0.5212304657616439,Au,COMPLETE
5130,-1.0,2026-04-07 11:37:19.219604,2026-04-07 11:37:20.061304,0 days 00:00:00.841700,30.32538781304438,17.52943910366079,0.8334191072822524,Au,COMPLETE
5131,0.0,2026-04-07 11:37:19.432474,2026-04-07 11:37:20.187598,0 days 00:00:00.755124,20.102017334204483,18.018205456619064,0.8187357034278625,Au,PRUNED
5132,-1.0,2026-04-07 11:37:19.633598,2026-04-07 11:37:20.512472,0 days 00:00:00.878874,29.57776609133343,19.979566865087314,0.3774433089777574,Au,COMPLETE
5133,0.0,2026-04-07 11:37:19.712028,2026-04-07 11:37:20.580362,0 days 00:00:00.868334,45.561409403316986,17.35263943421841,0.30789494231630776,Au,PRUNED
5134,0.0,2026-04-07 11:37:19.815717,2026-04-07 11:37:20.436939,0 days 00:00:00.621222,34.66862532985529,19.808484603185292,0.7932611793780652,Au,PRUNED
5135,0.0,2026-04-07 11:37:20.023727,2026-04-07 11:37:20.817204,0 days 00:00:00.793477,30.923719288066174,19.948300754857755,0.9809580274363742,Au,PRUNED
5136,-1.0,2026-04-07 11:37:20.179143,2026-04-07 11:37:21.002500,0 days 00:00:00.823357,20.57149263931517,13.729822964490612,0.7050308093481134,Ag,COMPLETE
5137,-1.0,2026-04-07 11:37:20.254961,2026-04-07 11:37:21.167962,0 days 00:00:00.913001,22.043287329665606,19.93268875739431,0.4813537957853007,Au,COMPLETE
5138,-0.8538251366120079,2026-04-07 11:37:20.295189,2026-04-07 11:37:21.274407,0 days 00:00:00.979218,58.35353793969597,17.868286289553286,0.5849114790556718,Cu,PRUNED
5139,79.98783454987601,2026-04-07 11:37:20.347063,2026-04-07 11:37:21.226715,0 days 00:00:00.879652,29.51132601277267,19.904097872741694,0.5489340870732741,Cu,PRUNED
5140,-1.0,2026-04-07 11:37:20.682228,2026-04-07 11:37:21.371526,0 days 00:00:00.689298,24.735155813520866,19.872328446083955,0.7983118557441609,Cu,COMPLETE
5141,-1.0,2026-04-07 11:37:20.736106,2026-04-07 11:37:21.289154,0 days 00:00:00.553048,35.57615296215049,19.983541814690046,0.6557185197565458,Au,COMPLETE
5142,4.084967320261118,2026-04-07 11:37:20.766509,2026-04-07 11:37:21.462767,0 days 00:00:00.696258,32.43978862785343,15.062372684954845,0.6501216443043162,Au,PRUNED
5143,-1.0,2026-04-07 11:37:21.043734,2026-04-07 11:37:21.750697,0 days 00:00:00.706963,20.443103109660257,16.3139839907661,0.8621543543920319,Au,COMPLETE
5144,-1.0,2026-04-07 11:37:21.115385,2026-04-07 11:37:21.833217,0 days 00:00:00.717832,30.68660161714709,19.91560942724961,0.35151513084821806,Au,COMPLETE
5145,0.0,2026-04-07 11:37:21.373778,2026-04-07 11:37:22.021850,0 days 00:00:00.648072,21.871662373498797,13.948273940812966,0.8489147616734203,Au,PRUNED
5146,0.0,2026-04-07 11:37:21.422354,2026-04-07 11:37:21.969652,0 days 00:00:00.547298,20.318957779032235,17.047527980873607,0.8503926170360808,Au,PRUNED
5147,-1.0,2026-04-07 11:37:21.462767,2026-04-07 11:37:22.419628,0 days 00:00:00.956861,23.26324223722643,19.8031957699485,0.6928985064220621,Au,COMPLETE
5148,-1.0,2026-04-07 11:37:21.604513,2026-04-07 11:37:22.386085,0 days 00:00:00.781572,30.75166317827604,16.894900215649027,0.3613460452988725,Au,COMPLETE
5149,-1.0,2026-04-07 11:37:21.629734,2026-04-07 11:37:22.420630,0 days 00:00:00.790896,32.61112125881981,17.6551446442761,0.8544199960791883,Au,COMPLETE
5150,-6.3559322033894,2026-04-07 11:37:21.653820,2026-04-07 11:37:22.559724,0 days 00:00:00.905904,29.762865351521995,1.077483880908412,1.9014362550077364,Au,PRUNED
5151,0.0,2026-04-07 11:37:22.024949,2026-04-07 11:37:22.805299,0 days 00:00:00.780350,31.965907224298665,19.70231343853757,0.8731432770104934,Au,PRUNED
5152,0.0,2026-04-07 11:37:22.077602,2026-04-07 11:37:22.746732,0 days 00:00:00.669130,33.973349214568806,17.741504478681005,0.8674291492384569,Au,PRUNED
5153,-395.3962703962157,2026-04-07 11:37:22.096777,2026-04-07 11:37:22.790192,0 days 00:00:00.693415,20.584454520316104,19.636697545933092,0.8630506859268066,Au,COMPLETE
5154,-417.27941176464446,2026-04-07 11:37:22.113261,2026-04-07 11:37:22.747732,0 days 00:00:00.634471,21.236129504144845,19.562257131296285,0.70327098807977,Au,COMPLETE
5155,-1.0,2026-04-07 11:37:22.573461,2026-04-07 11:37:23.354083,0 days 00:00:00.780622,31.326746405407253,19.978553359423973,0.5858606577690515,Au,COMPLETE
5156,-1.0,2026-04-07 11:37:22.623142,2026-04-07 11:37:23.481368,0 days 00:00:00.858226,51.17839154149891,19.914025867867736,0.8262842619591403,Au,COMPLETE
5157,-1.0,2026-04-07 11:37:22.663043,2026-04-07 11:37:23.501048,0 days 00:00:00.838005,20.820807374593333,16.978538291592983,0.5320581933177033,Au,COMPLETE
5158,-1.0,2026-04-07 11:37:22.702380,2026-04-07 11:37:23.510767,0 days 00:00:00.808387,20.7252973503643,19.515744263379542,0.5454162750696266,Au,COMPLETE
5159,-1.0,2026-04-07 11:37:22.843895,2026-04-07 11:37:23.379685,0 days 00:00:00.535790,30.51349735564793,17.2427846084352,0.34269359851568765,Au,COMPLETE
5160,0.0,2026-04-07 11:37:23.013320,2026-04-07 11:37:23.591919,0 days 00:00:00.578599,20.785064261034307,17.21566527907546,0.35547840525158453,Au,PRUNED
5161,-315.4761904761544,2026-04-07 11:37:23.066309,2026-04-07 11:37:23.650240,0 days 00:00:00.583931,21.516968993433842,19.981568595581546,0.709879047576277,Cu,PRUNED
5162,0.0,2026-04-07 11:37:23.094517,2026-04-07 11:37:23.564375,0 days 00:00:00.469858,39.07274691564561,19.773434551622834,0.5729327375101293,Au,PRUNED
5163,-1.0,2026-04-07 11:37:23.486892,2026-04-07 11:37:24.099855,0 days 00:00:00.612963,86.16989893639669,12.210809533283602,1.952687120669208,Cu,COMPLETE
5164,81.7901234567877,2026-04-07 11:37:23.688187,2026-04-07 11:37:24.648859,0 days 00:00:00.960672,27.212623929700882,19.868635148132707,0.1275343541173191,Au,PRUNED
5165,-1.0,2026-04-07 11:37:23.699270,2026-04-07 11:37:24.468657,0 days 00:00:00.769387,20.87975907061588,18.053853893017024,0.38248856490483374,Au,COMPLETE
5166,0.0,2026-04-07 11:37:23.719873,2026-04-07 11:37:24.511455,0 days 00:00:00.791582,29.804117834591786,19.94458234590597,0.8600994289664323,Au,PRUNED
5167,0.0,2026-04-07 11:37:23.728063,2026-04-07 11:37:24.425722,0 days 00:00:00.697659,34.6323180111553,19.97469639521361,0.6807456128777262,Au,PRUNED
5168,-1.0,2026-04-07 11:37:23.732085,2026-04-07 11:37:24.337256,0 days 00:00:00.605171,20.538344625352597,16.675374390230193,0.11829139765949542,Au,COMPLETE
5169,0.0,2026-04-07 11:37:23.776298,2026-04-07 11:37:24.619818,0 days 00:00:00.843520,20.99405836338717,17.389373160401632,0.7832128835353084,Au,PRUNED
5170,-404.7619047618469,2026-04-07 11:37:23.798115,2026-04-07 11:37:24.851907,0 days 00:00:01.053792,20.88260488413089,19.614875192940087,0.7869475809146076,Au,COMPLETE
5171,-1.0,2026-04-07 11:37:24.215373,2026-04-07 11:37:25.105343,0 days 00:00:00.889970,81.14704870402129,1.683370786744062,0.9730525214185557,Au,COMPLETE
5172,0.0,2026-04-07 11:37:24.534895,2026-04-07 11:37:25.321360,0 days 00:00:00.786465,20.994420324633925,17.3697784229631,0.9900422118905989,Au,PRUNED
5173,-1.0,2026-04-07 11:37:24.588706,2026-04-07 11:37:25.270885,0 days 00:00:00.682179,39.532792174822134,19.99889495237768,0.9429913653489757,Au,COMPLETE
5174,79.93827160493589,2026-04-07 11:37:24.630141,2026-04-07 11:37:25.322369,0 days 00:00:00.692228,32.524412228907565,16.44534833185632,0.8658833915189977,Au,PRUNED
5175,-1.1990407673860566,2026-04-07 11:37:24.649867,2026-04-07 11:37:25.515416,0 days 00:00:00.865549,21.86630589633877,19.64397658711919,0.8383234804044264,Ag,PRUNED
5176,-1.0,2026-04-07 11:37:24.729021,2026-04-07 11:37:25.322369,0 days 00:00:00.593348,20.162219929393533,17.168630559197418,0.4211784871173908,Au,COMPLETE
5177,79.6568627450957,2026-04-07 11:37:24.760490,2026-04-07 11:37:25.603724,0 days 00:00:00.843234,33.81662160660917,15.46452417100492,0.7768447336942471,Au,PRUNED
5178,0.0,2026-04-07 11:37:25.063410,2026-04-07 11:37:25.975459,0 days 00:00:00.912049,20.02285237803777,15.274038828597858,0.4799294694073089,Au,PRUNED
5179,-1.0,2026-04-07 11:37:25.341979,2026-04-07 11:37:26.044381,0 days 00:00:00.702402,63.54903044331061,16.700185668575557,1.5234608381196508,Cu,COMPLETE
5180,0.0,2026-04-07 11:37:25.385371,2026-04-07 11:37:26.226222,0 days 00:00:00.840851,37.886953400521634,19.87980461542274,0.6654032523516669,Au,PRUNED
5181,0.0,2026-04-07 11:37:25.414896,2026-04-07 11:37:26.641460,0 days 00:00:01.226564,29.1758753221577,19.88737991047249,0.5724787049447292,Au,PRUNED
5182,-1.0,2026-04-07 11:37:25.488780,2026-04-07 11:37:26.043378,0 days 00:00:00.554598,21.072626777841673,19.860687741244774,0.4172784620087766,Au,COMPLETE
5183,80.55555555555317,2026-04-07 11:37:25.605287,2026-04-07 11:37:26.351630,0 days 00:00:00.746343,31.423664123011946,17.113187074654064,0.5997564278019546,Au,PRUNED
5184,-1.0,2026-04-07 11:37:25.694066,2026-04-07 11:37:26.582869,0 days 00:00:00.888803,25.400301621466884,19.971081081999916,0.7885031337028634,Au,COMPLETE
5185,-1.0,2026-04-07 11:37:25.886799,2026-04-07 11:37:26.436278,0 days 00:00:00.549479,32.42720070079046,17.258018425063604,0.6977651283170615,Au,COMPLETE
5186,-427.31829573928434,2026-04-07 11:37:26.144680,2026-04-07 11:37:26.769042,0 days 00:00:00.624362,20.73447345401513,19.7963952924253,1.006079214303759,Au,COMPLETE
5187,-1.0,2026-04-07 11:37:26.246169,2026-04-07 11:37:26.882435,0 days 00:00:00.636266,31.105212462394384,17.341167835233918,0.3520850115204738,Au,COMPLETE
5188,-1.0,2026-04-07 11:37:26.230247,2026-04-07 11:37:26.804916,0 days 00:00:00.574669,20.254283795866673,16.963312132020707,0.8987815627973864,Au,COMPLETE
5189,-1.0,2026-04-07 11:37:26.305609,2026-04-07 11:37:27.151608,0 days 00:00:00.845999,20.491094433816844,17.891579418230883,0.5085330390757749,Au,COMPLETE
5190,0.0,2026-04-07 11:37:26.493489,2026-04-07 11:37:27.256392,0 days 00:00:00.762903,32.22057226625893,19.928903114097245,1.0239343686844586,Au,PRUNED
5191,-1.0,2026-04-07 11:37:26.580860,2026-04-07 11:37:27.256392,0 days 00:00:00.675532,47.34299704894836,19.985722480377888,0.8688224810606492,Au,COMPLETE
5192,-1.0,2026-04-07 11:37:26.728302,2026-04-07 11:37:27.342007,0 days 00:00:00.613705,20.082617573672657,17.942188007980995,0.9571721826021153,Au,COMPLETE
5193,-1.0,2026-04-07 11:37:26.772277,2026-04-07 11:37:27.404339,0 days 00:00:00.632062,20.074661411988384,19.800868740352843,0.5195618979947849,Au,COMPLETE
5194,1.7006802721087046,2026-04-07 11:37:26.952037,2026-04-07 11:37:27.524441,0 days 00:00:00.572404,34.401697753681674,14.366059418571389,0.10431685147599079,Au,PRUNED
5195,80.55555555555317,2026-04-07 11:37:27.063464,2026-04-07 11:37:27.898989,0 days 00:00:00.835525,31.2749005391892,17.47230963710462,0.44027484730700495,Au,PRUNED
5196,0.0,2026-04-07 11:37:27.150611,2026-04-07 11:37:27.778050,0 days 00:00:00.627439,34.97924353247264,19.88715527981795,0.5310009102920953,Au,PRUNED
5197,-1.0,2026-04-07 11:37:27.391607,2026-04-07 11:37:27.994793,0 days 00:00:00.603186,20.123395424793493,15.075200539915938,0.5510882307294159,Au,COMPLETE
5198,-1.0,2026-04-07 11:37:27.343009,2026-04-07 11:37:28.348144,0 days 00:00:01.005135,27.004245631763812,19.953968243675014,0.9217451668948287,Au,COMPLETE
5199,-1.0,2026-04-07 11:37:27.424194,2026-04-07 11:37:28.177328,0 days 00:00:00.753134,20.923206780064866,19.9592979658456,0.6170455519468486,Au,COMPLETE
5200,-1.0,2026-04-07 11:37:27.619101,2026-04-07 11:37:28.364268,0 days 00:00:00.745167,65.50428292024864,8.951840127336723,0.4648637056755568,Cu,COMPLETE
5201,0.0,2026-04-07 11:37:27.718381,2026-04-07 11:37:28.436676,0 days 00:00:00.718295,45.48958978997562,19.953512058135743,0.7627014372306378,Au,PRUNED
5202,-1.0,2026-04-07 11:37:27.820690,2026-04-07 11:37:28.443851,0 days 00:00:00.623161,45.39149424159625,17.780782461838267,0.7103086496236022,Au,COMPLETE
5203,-1.0,2026-04-07 11:37:27.806697,2026-04-07 11:37:28.444851,0 days 00:00:00.638154,20.745557148058154,16.938226478631496,0.8375541311699515,Au,COMPLETE
5204,0.0,2026-04-07 11:37:27.996192,2026-04-07 11:37:28.715903,0 days 00:00:00.719711,20.518496963913776,19.89992542685953,0.15973732609679234,Au,PRUNED
5205,-1.0,2026-04-07 11:37:28.158410,2026-04-07 11:37:28.632482,0 days 00:00:00.474072,20.637167360657664,17.03598648182938,0.8542158800788544,Au,COMPLETE
5206,0.0,2026-04-07 11:37:28.470116,2026-04-07 11:37:29.361872,0 days 00:00:00.891756,32.745370357362795,17.32473743150656,1.0515623791721305,Au,PRUNED
5207,-1.0,2026-04-07 11:37:28.509079,2026-04-07 11:37:29.221767,0 days 00:00:00.712688,31.174457965308157,17.720277886771285,1.008105682864612,Au,COMPLETE
5208,0.0,2026-04-07 11:37:28.562543,2026-04-07 11:37:29.423598,0 days 00:00:00.861055,33.03825661874084,17.690849752501734,0.6427635336825908,Au,PRUNED
5209,-1.0,2026-04-07 11:37:28.551261,2026-04-07 11:37:29.456351,0 days 00:00:00.905090,44.84830816142425,19.77263982082227,0.4730935411464256,Au,COMPLETE
5210,0.0,2026-04-07 11:37:28.781236,2026-04-07 11:37:29.526746,0 days 00:00:00.745510,31.595816366857953,18.10423116135651,0.7927530246749048,Au,PRUNED
5211,2.3148148148145573,2026-04-07 11:37:28.804468,2026-04-07 11:37:29.600840,0 days 00:00:00.796372,31.898738857060533,14.76525855583926,0.6218734917234738,Au,PRUNED
5212,-1.0,2026-04-07 11:37:28.857443,2026-04-07 11:37:29.354345,0 days 00:00:00.496902,20.13585593789145,19.08018823711364,0.6110788149567595,Au,COMPLETE
5213,0.0,2026-04-07 11:37:28.892349,2026-04-07 11:37:29.599841,0 days 00:00:00.707492,20.08340051364651,19.320120976522276,0.5265401997295828,Au,PRUNED
5214,-1.0,2026-04-07 11:37:29.469129,2026-04-07 11:37:30.128224,0 days 00:00:00.659095,31.304625013542292,19.89308086834561,0.37260269490682196,Au,COMPLETE
5215,-1.0,2026-04-07 11:37:29.506351,2026-04-07 11:37:30.270039,0 days 00:00:00.763688,20.1944092735944,19.510613123914197,0.5464364708406675,Au,COMPLETE
5216,-1.0,2026-04-07 11:37:29.529264,2026-04-07 11:37:30.363019,0 days 00:00:00.833755,20.184767124229626,19.961780281742733,0.7504194139999664,Au,COMPLETE
5217,0.0,2026-04-07 11:37:29.658339,2026-04-07 11:37:30.440748,0 days 00:00:00.782409,20.178521118677924,17.707672580126065,0.6961867452457575,Au,PRUNED
5218,-404.7619047618469,2026-04-07 11:37:29.694163,2026-04-07 11:37:30.272047,0 days 00:00:00.577884,20.79170033240295,19.570662300762635,0.9077605297564347,Au,COMPLETE
5219,0.0,2026-04-07 11:37:29.710654,2026-04-07 11:37:30.509917,0 days 00:00:00.799263,31.849691953648453,19.956069669846798,0.7952328447194286,Au,PRUNED
5220,0.0,2026-04-07 11:37:29.724277,2026-04-07 11:37:30.551278,0 days 00:00:00.827001,20.305901102035875,17.366585424139373,0.878218173228702,Au,PRUNED
5221,0.0,2026-04-07 11:37:29.994732,2026-04-07 11:37:30.264179,0 days 00:00:00.269447,36.35101181226591,17.660660145471233,0.6901578989733401,Au,PRUNED
5222,-1.0,2026-04-07 11:37:30.409650,2026-04-07 11:37:31.127769,0 days 00:00:00.718119,30.389098470863253,17.579381482807392,0.7484800839324232,Au,COMPLETE
5223,80.55555555555317,2026-04-07 11:37:30.524569,2026-04-07 11:37:31.352423,0 days 00:00:00.827854,31.05501446711714,17.52891709481623,0.48365423476372665,Au,PRUNED
5224,-1.0,2026-04-07 11:37:30.568835,2026-04-07 11:37:31.393943,0 days 00:00:00.825108,37.08652460488473,19.86120087355366,0.5110611352316689,Au,COMPLETE
5225,0.0,2026-04-07 11:37:30.599925,2026-04-07 11:37:31.505570,0 days 00:00:00.905645,32.311255138130534,19.903367000690785,0.8381337978891792,Au,PRUNED
5226,0.0,2026-04-07 11:37:30.617204,2026-04-07 11:37:31.378423,0 days 00:00:00.761219,29.65079142461137,19.930656682686358,0.6956517759079459,Au,PRUNED
5227,-1.0,2026-04-07 11:37:30.629929,2026-04-07 11:37:31.613823,0 days 00:00:00.983894,50.039719352915114,19.684401209789385,0.3579535933420338,Au,COMPLETE
5228,-1.0,2026-04-07 11:37:30.684384,2026-04-07 11:37:31.353933,0 days 00:00:00.669549,34.35480215133498,17.52817885064707,0.5788104201961334,Cu,COMPLETE
5229,-1.0,2026-04-07 11:37:30.964470,2026-04-07 11:37:31.443185,0 days 00:00:00.478715,22.78473151621874,19.35475313196018,0.18915053637530158,Ag,COMPLETE
5230,3.267973856208894,2026-04-07 11:37:31.311879,2026-04-07 11:37:32.130405,0 days 00:00:00.818526,31.697326620032,15.090520990486414,0.8851591628350451,Au,PRUNED
5231,-1.0,2026-04-07 11:37:31.447687,2026-04-07 11:37:32.191579,0 days 00:00:00.743892,26.90787846853812,19.91845544520764,0.7352962586303059,Au,COMPLETE
5232,-1.0,2026-04-07 11:37:31.522726,2026-04-07 11:37:32.074359,0 days 00:00:00.551633,21.242521805413485,19.72754857312426,0.5089343289949839,Au,COMPLETE
5233,-1.0,2026-04-07 11:37:31.580914,2026-04-07 11:37:32.070857,0 days 00:00:00.489943,20.37036305928614,19.652094697521786,0.8663843877988616,Au,COMPLETE
5234,-1.0,2026-04-07 11:37:31.599952,2026-04-07 11:37:32.254259,0 days 00:00:00.654307,20.335109817032627,19.904937251616104,0.5957969950866883,Au,COMPLETE
5235,0.0,2026-04-07 11:37:31.636052,2026-04-07 11:37:32.255267,0 days 00:00:00.619215,20.324850992729836,18.451219607441146,0.6764917633324854,Au,PRUNED
5236,-1.0,2026-04-07 11:37:31.719924,2026-04-07 11:37:32.225088,0 days 00:00:00.505164,21.177120502009707,17.557176879589225,0.6059515519170996,Au,COMPLETE
5237,-1.0,2026-04-07 11:37:32.012327,2026-04-07 11:37:32.557179,0 days 00:00:00.544852,32.445046807514885,17.64618358081002,0.9740820542010136,Au,COMPLETE
5238,0.0,2026-04-07 11:37:32.247135,2026-04-07 11:37:32.828935,0 days 00:00:00.581800,32.86143012138179,19.853907256755413,0.5894558876637681,Au,PRUNED
5239,-1.0,2026-04-07 11:37:32.292661,2026-04-07 11:37:32.863142,0 days 00:00:00.570481,20.46133098604601,14.511516277353298,0.9752669000642715,Au,COMPLETE
5240,-1.0,2026-04-07 11:37:32.363927,2026-04-07 11:37:33.144719,0 days 00:00:00.780792,30.899270488158876,17.33242355671389,0.26208624461471847,Au,COMPLETE
5241,-1.0,2026-04-07 11:37:32.386217,2026-04-07 11:37:33.171551,0 days 00:00:00.785334,65.65626621680666,15.489280227446546,0.4692304140734681,Au,COMPLETE
5242,-1.0,2026-04-07 11:37:32.395697,2026-04-07 11:37:32.995055,0 days 00:00:00.599358,31.15515170427252,17.37235760660796,0.470277015701015,Au,COMPLETE
5243,-1.0,2026-04-07 11:37:32.467814,2026-04-07 11:37:32.993849,0 days 00:00:00.526035,20.166194378597833,19.300859512711845,0.721263107661366,Au,COMPLETE
5244,-2.049180327868819,2026-04-07 11:37:32.488885,2026-04-07 11:37:33.211361,0 days 00:00:00.722476,99.10172909816205,4.709282010332293,0.40366185454811265,Cu,PRUNED
5245,-1.0,2026-04-07 11:37:32.811774,2026-04-07 11:37:33.376161,0 days 00:00:00.564387,31.842297009638195,18.235054117222735,0.9444973983018315,Au,COMPLETE
5246,-1.0,2026-04-07 11:37:32.901460,2026-04-07 11:37:33.737188,0 days 00:00:00.835728,34.88670135312276,19.997796236391117,0.9203608626033557,Au,COMPLETE
5247,-1.0,2026-04-07 11:37:33.079326,2026-04-07 11:37:33.753111,0 days 00:00:00.673785,20.139324979940255,17.16833371715253,0.43092209788636626,Au,COMPLETE
5248,-413.9294403892341,2026-04-07 11:37:33.250231,2026-04-07 11:37:34.265402,0 days 00:00:01.015171,20.877196094986928,19.867346274117573,0.6049714699041476,Au,COMPLETE
5249,83.33333333333088,2026-04-07 11:37:33.254812,2026-04-07 11:37:33.881072,0 days 00:00:00.626260,23.71217971320794,19.89660449105881,0.7532185431625286,Au,PRUNED
5250,0.0,2026-04-07 11:37:33.340201,2026-04-07 11:37:34.264026,0 days 00:00:00.923825,20.027709715200647,15.205388365002566,1.0360479187746892,Au,PRUNED
5251,-1.0,2026-04-07 11:37:33.364111,2026-04-07 11:37:33.900519,0 days 00:00:00.536408,95.78724249057204,19.753681233718517,1.7845601910051738,Cu,COMPLETE
5252,0.0,2026-04-07 11:37:33.407921,2026-04-07 11:37:34.274988,0 days 00:00:00.867067,43.33296954084015,16.479041718824092,0.34835877408244625,Au,PRUNED
5253,0.0,2026-04-07 11:37:33.669790,2026-04-07 11:37:34.270476,0 days 00:00:00.600686,27.258588697075396,19.9793034521017,0.5541127824518446,Au,PRUNED
5254,-1.0,2026-04-07 11:37:33.878279,2026-04-07 11:37:34.409246,0 days 00:00:00.530967,35.40777234371558,17.737446533445475,1.000998969964954,Au,COMPLETE
5255,-1.0,2026-04-07 11:37:33.927877,2026-04-07 11:37:34.913982,0 days 00:00:00.986105,21.063857019266315,19.949945578597106,0.517154459670657,Au,COMPLETE
5256,0.0,2026-04-07 11:37:34.046137,2026-04-07 11:37:35.181877,0 days 00:00:01.135740,20.040693554321745,16.17509046566623,0.7573290857141483,Au,PRUNED
5257,-1.0,2026-04-07 11:37:34.184680,2026-04-07 11:37:35.027714,0 days 00:00:00.843034,30.863155201221346,19.96249475584364,0.7574311128622288,Au,COMPLETE
5258,0.0,2026-04-07 11:37:34.396916,2026-04-07 11:37:35.387070,0 days 00:00:00.990154,30.861724911385664,19.894219572457963,0.9254162143825487,Au,PRUNED
5259,0.0,2026-04-07 11:37:34.506726,2026-04-07 11:37:35.355876,0 days 00:00:00.849150,29.815893598877445,19.861581868779833,0.8490935000357656,Au,PRUNED
5260,-1.0,2026-04-07 11:37:34.471043,2026-04-07 11:37:35.121856,0 days 00:00:00.650813,21.247517784863238,17.786730388140583,0.1137384757855906,Au,COMPLETE
5261,-1.0,2026-04-07 11:37:34.492230,2026-04-07 11:37:35.180815,0 days 00:00:00.688585,34.83250673389814,19.063114189299135,1.0168825387846787,Ag,COMPLETE
5262,-1.0,2026-04-07 11:37:34.547049,2026-04-07 11:37:35.371488,0 days 00:00:00.824439,20.84513945300836,16.73609735276266,0.6549892671277099,Au,COMPLETE
5263,-1.0,2026-04-07 11:37:35.003468,2026-04-07 11:37:35.455184,0 days 00:00:00.451716,20.70117203149594,17.606547988155093,0.5597395982136837,Ag,COMPLETE
5264,-14.322916666664876,2026-04-07 11:37:35.220515,2026-04-07 11:37:35.942837,0 days 00:00:00.722322,63.20563677841983,0.5379511814274718,1.4551733220266914,Cu,PRUNED
5265,-410.92995169076204,2026-04-07 11:37:35.302381,2026-04-07 11:37:36.499960,0 days 00:00:01.197579,20.39963851333509,19.868853874659248,0.984476474098887,Au,COMPLETE
5266,0.0,2026-04-07 11:37:35.366945,2026-04-07 11:37:36.187330,0 days 00:00:00.820385,32.08803586921989,19.913514621335644,0.3339492494025892,Au,PRUNED
5267,0.0,2026-04-07 11:37:35.470247,2026-04-07 11:37:36.261520,0 days 00:00:00.791273,20.01154795514305,17.38379570886939,0.47704969363385624,Au,PRUNED
5268,-1.0,2026-04-07 11:37:35.514122,2026-04-07 11:37:36.186311,0 days 00:00:00.672189,20.00156952470779,17.660772897085586,0.8005614709768509,Au,COMPLETE
5269,-434.16030534344486,2026-04-07 11:37:35.581705,2026-04-07 11:37:36.430977,0 days 00:00:00.849272,21.080223631964937,19.712857883693577,0.9308583279605518,Au,COMPLETE
5270,-1.0,2026-04-07 11:37:35.689749,2026-04-07 11:37:36.267232,0 days 00:00:00.577483,31.088636925498175,17.36314299865489,0.9135070456319108,Au,COMPLETE
5271,0.0,2026-04-07 11:37:35.752374,2026-04-07 11:37:36.439580,0 days 00:00:00.687206,21.781418870432017,10.164300094269755,0.47267584764991705,Au,PRUNED
5272,0.0,2026-04-07 11:37:36.042865,2026-04-07 11:37:36.829526,0 days 00:00:00.786661,46.141063696941885,19.837941090907275,0.8915720772313364,Au,PRUNED
5273,-1.0,2026-04-07 11:37:36.373595,2026-04-07 11:37:36.958050,0 days 00:00:00.584455,47.489129132822384,17.37909528585816,0.9898075229868947,Au,COMPLETE
5274,0.0,2026-04-07 11:37:36.377012,2026-04-07 11:37:37.174624,0 days 00:00:00.797612,43.651739908643435,18.20102907370905,1.0087097107463414,Au,PRUNED
5275,0.0,2026-04-07 11:37:36.431984,2026-04-07 11:37:37.176650,0 days 00:00:00.744666,20.666299644279665,14.546705183222322,0.6711282948285723,Au,PRUNED
5276,-1.0,2026-04-07 11:37:36.469326,2026-04-07 11:37:37.331316,0 days 00:00:00.861990,44.29878371882372,17.64679402669908,0.46963091577156046,Au,COMPLETE
5277,-1.0,2026-04-07 11:37:36.653572,2026-04-07 11:37:37.524284,0 days 00:00:00.870712,29.454218025898687,17.90404611953241,0.3365978994054125,Cu,COMPLETE
5278,-1.0,2026-04-07 11:37:36.674863,2026-04-07 11:37:37.240232,0 days 00:00:00.565369,20.24206379549102,17.63738054927191,0.9893812770404863,Au,COMPLETE
5279,0.0,2026-04-07 11:37:36.746643,2026-04-07 11:37:37.848418,0 days 00:00:01.101775,46.45417661805533,17.938578075960386,1.036789039420144,Au,PRUNED
5280,-1.0,2026-04-07 11:37:36.947824,2026-04-07 11:37:37.685298,0 days 00:00:00.737474,32.40347381235481,16.95075158429315,0.5265594594915158,Au,COMPLETE
5281,-1.0,2026-04-07 11:37:37.267202,2026-04-07 11:37:37.835360,0 days 00:00:00.568158,20.251197333544404,19.809461500705623,1.039467115198483,Au,COMPLETE
5282,0.0,2026-04-07 11:37:37.313732,2026-04-07 11:37:38.162714,0 days 00:00:00.848982,45.318791757769134,17.349830889116397,0.49136806505729175,Au,PRUNED
5283,-1.0,2026-04-07 11:37:37.289330,2026-04-07 11:37:37.837454,0 days 00:00:00.548124,33.63437900429497,17.12628537422464,0.8370113604338636,Au,COMPLETE
5284,-1.0,2026-04-07 11:37:37.385931,2026-04-07 11:37:38.006473,0 days 00:00:00.620542,44.87341222319792,17.839320720852992,0.7158777568103195,Au,COMPLETE
5285,0.0,2026-04-07 11:37:37.482179,2026-04-07 11:37:38.126302,0 days 00:00:00.644123,30.54820402485526,19.909531433416095,0.6637700051850659,Au,PRUNED
5286,-1.0,2026-04-07 11:37:37.754365,2026-04-07 11:37:38.474653,0 days 00:00:00.720288,45.91218223478471,19.8906741930002,0.2589492297691399,Au,COMPLETE
5287,-375.2777777777274,2026-04-07 11:37:37.833343,2026-04-07 11:37:38.649477,0 days 00:00:00.816134,20.50737586212648,19.67815736456485,0.6062227452473847,Au,COMPLETE
5288,-1.0,2026-04-07 11:37:38.073385,2026-04-07 11:37:38.787843,0 days 00:00:00.714458,20.0825233966346,19.995037975970533,0.4761166542958013,Au,COMPLETE
5289,0.0,2026-04-07 11:37:38.110821,2026-04-07 11:37:39.229325,0 days 00:00:01.118504,20.557512274171344,17.279842687572007,0.7525279236886182,Au,PRUNED
5290,-8.040935672514054,2026-04-07 11:37:38.148532,2026-04-07 11:37:38.820982,0 days 00:00:00.672450,24.40594452226699,16.894721506299536,0.9292489434110949,Ag,PRUNED
5291,-1.0,2026-04-07 11:37:38.190270,2026-04-07 11:37:38.718011,0 days 00:00:00.527741,33.974403542759916,17.65315762155565,0.7264200609918614,Au,COMPLETE
5292,0.0,2026-04-07 11:37:38.250984,2026-04-07 11:37:38.885893,0 days 00:00:00.634909,20.203002591463257,16.12693508560658,0.7245886331731234,Au,PRUNED
5293,-1.0,2026-04-07 11:37:38.275990,2026-04-07 11:37:39.094501,0 days 00:00:00.818511,20.079697339383547,17.830744381023816,0.610598136529888,Au,COMPLETE
5294,0.0,2026-04-07 11:37:38.694056,2026-04-07 11:37:39.588484,0 days 00:00:00.894428,36.80000559220922,19.96048631385907,0.9674672092829283,Au,PRUNED
5295,-1.0,2026-04-07 11:37:38.856433,2026-04-07 11:37:39.648250,0 days 00:00:00.791817,38.310158417433065,17.95956065946184,0.615723115110363,Au,COMPLETE
5296,-1.0,2026-04-07 11:37:38.890002,2026-04-07 11:37:39.712079,0 days 00:00:00.822077,20.922857852550234,17.646189045638526,0.5687547707884759,Au,COMPLETE
5297,-1.0,2026-04-07 11:37:38.945836,2026-04-07 11:37:39.552717,0 days 00:00:00.606881,23.21771949635843,19.997521409938923,0.2146151029404543,Au,COMPLETE
5298,0.0,2026-04-07 11:37:39.001198,2026-04-07 11:37:39.753354,0 days 00:00:00.752156,20.14919130309178,16.722104981242673,0.9459688611778645,Au,PRUNED
5299,-1.0,2026-04-07 11:37:39.026985,2026-04-07 11:37:39.588484,0 days 00:00:00.561499,20.798310022167865,18.15243278753619,0.8242175483745884,Au,COMPLETE
5300,0.0,2026-04-07 11:37:39.221796,2026-04-07 11:37:39.900038,0 days 00:00:00.678242,20.616382262821087,16.927027779265245,0.9968483664965266,Au,PRUNED
5301,0.0,2026-04-07 11:37:39.288463,2026-04-07 11:37:39.988599,0 days 00:00:00.700136,32.23578601451342,19.95275120141301,0.5019379914175066,Au,PRUNED
5302,0.0,2026-04-07 11:37:39.670335,2026-04-07 11:37:40.402187,0 days 00:00:00.731852,33.994009108597766,19.933638445545704,0.6453169526909767,Au,PRUNED
5303,-1.0,2026-04-07 11:37:39.825490,2026-04-07 11:37:40.666759,0 days 00:00:00.841269,22.319097385850576,19.80302178226171,0.10660952297295351,Au,COMPLETE
5304,0.0,2026-04-07 11:37:39.841860,2026-04-07 11:37:40.634887,0 days 00:00:00.793027,34.841625798796414,19.82942695617298,0.9211647743133897,Au,PRUNED
5305,0.0,2026-04-07 11:37:39.871278,2026-04-07 11:37:40.886276,0 days 00:00:01.014998,20.48835681397489,17.300531390431264,0.3943785226132221,Au,PRUNED
5306,0.0,2026-04-07 11:37:39.919935,2026-04-07 11:37:40.778255,0 days 00:00:00.858320,32.9372672952802,17.641722396161857,0.34941962857825104,Au,PRUNED
5307,-1.0,2026-04-07 11:37:39.959667,2026-04-07 11:37:40.668760,0 days 00:00:00.709093,21.182204057669363,19.860053107725843,0.7501378163115208,Au,COMPLETE
5308,-1.0,2026-04-07 11:37:40.176553,2026-04-07 11:37:40.787246,0 days 00:00:00.610693,30.277172856005812,19.83509510544883,0.6952649252906224,Au,COMPLETE
5309,0.0,2026-04-07 11:37:40.199061,2026-04-07 11:37:41.197650,0 days 00:00:00.998589,33.77234130833581,19.93548868261841,0.7988654707259617,Au,PRUNED
5310,0.0,2026-04-07 11:37:40.454996,2026-04-07 11:37:41.228023,0 days 00:00:00.773027,20.159446451023452,19.431572746340795,0.7307758533284519,Au,PRUNED
5311,-1.0,2026-04-07 11:37:40.720969,2026-04-07 11:37:41.509429,0 days 00:00:00.788460,33.95981631175119,19.952736672921166,0.4308779917103924,Au,COMPLETE
5312,-1.0,2026-04-07 11:37:40.777243,2026-04-07 11:37:41.353114,0 days 00:00:00.575871,41.114107162268255,15.258139590160447,0.49738652358545543,Au,COMPLETE
5313,-1.0,2026-04-07 11:37:40.832994,2026-04-07 11:37:41.493467,0 days 00:00:00.660473,31.978385139108198,19.94544505356167,0.743256034595439,Au,COMPLETE
5314,-19.791666666664685,2026-04-07 11:37:40.872824,2026-04-07 11:37:41.822309,0 days 00:00:00.949485,41.27395448572538,17.393040897029433,0.6916496489768771,Ag,PRUNED
5315,0.0,2026-04-07 11:37:40.993337,2026-04-07 11:37:42.246139,0 days 00:00:01.252802,43.37759957237492,15.482949006142016,0.8706703514071534,Au,PRUNED
5316,-1.0,2026-04-07 11:37:41.100360,2026-04-07 11:37:41.886387,0 days 00:00:00.786027,42.46197497580344,15.181630953318857,0.8329314089452062,Au,COMPLETE
5317,-1.0,2026-04-07 11:37:41.322471,2026-04-07 11:37:41.978376,0 days 00:00:00.655905,20.141164140769632,19.55718917498639,0.8790911044977014,Au,COMPLETE
5318,0.0,2026-04-07 11:37:41.357762,2026-04-07 11:37:42.133754,0 days 00:00:00.775992,34.264721734955586,19.98029580527739,0.360392731209192,Au,PRUNED
5319,0.0,2026-04-07 11:37:41.528697,2026-04-07 11:37:42.214839,0 days 00:00:00.686142,32.36241313571426,17.11493300439389,1.0013873068657035,Au,PRUNED
5320,-1.0,2026-04-07 11:37:41.705228,2026-04-07 11:37:42.545190,0 days 00:00:00.839962,31.972231906514814,17.990951191736475,1.0227227707578217,Au,COMPLETE
5321,-0.5827505827505663,2026-04-07 11:37:41.770077,2026-04-07 11:37:42.500035,0 days 00:00:00.729958,50.085716450113196,14.637952196431389,0.9633362871999784,Au,PRUNED
5322,-404.46428571422797,2026-04-07 11:37:41.951941,2026-04-07 11:37:43.012631,0 days 00:00:01.060690,20.418150569406414,19.741458940472835,1.0113014067466195,Au,COMPLETE
5323,-1.0,2026-04-07 11:37:42.101763,2026-04-07 11:37:42.979849,0 days 00:00:00.878086,20.81472440426078,19.720551100054955,0.8993440252362217,Au,COMPLETE
5324,-1.0,2026-04-07 11:37:42.224630,2026-04-07 11:37:42.921937,0 days 00:00:00.697307,46.849321970700345,19.99198451723678,1.0864563403393683,Au,COMPLETE
5325,-1.0,2026-04-07 11:37:42.308317,2026-04-07 11:37:42.950075,0 days 00:00:00.641758,20.330110070963705,14.575378126907822,0.14456813541775776,Au,COMPLETE
5326,0.0,2026-04-07 11:37:42.315962,2026-04-07 11:37:43.056686,0 days 00:00:00.740724,34.09021381326247,17.04369502862751,0.4871685666497185,Au,PRUNED
5327,-1.0,2026-04-07 11:37:42.406163,2026-04-07 11:37:43.045129,0 days 00:00:00.638966,20.933948637381974,19.744450876359483,0.8026314210810885,Au,COMPLETE
5328,-1.0,2026-04-07 11:37:42.604273,2026-04-07 11:37:42.989714,0 days 00:00:00.385441,21.205244260744806,17.758921013978288,0.8146816595904334,Au,COMPLETE
5329,0.0,2026-04-07 11:37:42.714558,2026-04-07 11:37:43.235040,0 days 00:00:00.520482,33.87202520194349,19.84825704363697,1.1098368277517765,Au,PRUNED
5330,-1.0,2026-04-07 11:37:43.010043,2026-04-07 11:37:43.618873,0 days 00:00:00.608830,36.78569572147402,17.80599634790553,0.7915845653603064,Cu,COMPLETE
5331,0.0,2026-04-07 11:37:43.156067,2026-04-07 11:37:43.842589,0 days 00:00:00.686522,29.639667014338105,19.992067185169503,0.2612488652469459,Au,PRUNED
5332,80.24691358024454,2026-04-07 11:37:43.169679,2026-04-07 11:37:43.845058,0 days 00:00:00.675379,30.63862477025785,17.426201831065324,0.9055564023764289,Au,PRUNED
5333,0.0,2026-04-07 11:37:43.247319,2026-04-07 11:37:44.201295,0 days 00:00:00.953976,20.564511918762484,17.664304444856757,0.6983452578787246,Au,PRUNED
5334,-6.172839506171925,2026-04-07 11:37:43.317946,2026-04-07 11:37:43.888610,0 days 00:00:00.570664,22.16079022010045,19.88759355281907,0.7307928412013813,Au,PRUNED
5335,0.0,2026-04-07 11:37:43.342143,2026-04-07 11:37:43.937552,0 days 00:00:00.595409,34.96665062359027,19.88428166766586,0.37424063870705027,Au,PRUNED
5336,-1.0,2026-04-07 11:37:43.442704,2026-04-07 11:37:44.108390,0 days 00:00:00.665686,20.394356439442745,18.054531507766615,0.5745300660757154,Au,COMPLETE
5337,-401.30023640656185,2026-04-07 11:37:43.556706,2026-04-07 11:37:44.387227,0 days 00:00:00.830521,20.83849038491869,19.775405601959978,0.5610299009884406,Au,COMPLETE
5338,-427.00501253126436,2026-04-07 11:37:43.791578,2026-04-07 11:37:44.385631,0 days 00:00:00.594053,20.79194315625402,19.9330793576876,0.7526779349284283,Au,COMPLETE
5339,0.0,2026-04-07 11:37:43.937552,2026-04-07 11:37:44.755538,0 days 00:00:00.817986,20.813015714681423,17.640385421339072,0.8107153282194015,Au,PRUNED
5340,0.0,2026-04-07 11:37:43.999744,2026-04-07 11:37:44.811772,0 days 00:00:00.812028,20.265686537594945,17.833345565675337,0.46875140744606,Au,PRUNED
5341,-1.0,2026-04-07 11:37:44.020357,2026-04-07 11:37:44.873928,0 days 00:00:00.853571,33.42082850243513,17.37744144770603,0.15825285805718836,Au,COMPLETE
5342,-1.0,2026-04-07 11:37:44.036643,2026-04-07 11:37:44.622626,0 days 00:00:00.585983,32.47574102080226,17.77777604261553,0.6934510871153713,Au,COMPLETE
5343,0.0,2026-04-07 11:37:44.290336,2026-04-07 11:37:45.282878,0 days 00:00:00.992542,20.11853291704215,16.225406169755537,0.7474864162769241,Cu,PRUNED
5344,0.0,2026-04-07 11:37:44.363993,2026-04-07 11:37:45.010568,0 days 00:00:00.646575,105.9761675590864,9.356861145884007,1.1823675667491238,Cu,PRUNED
5345,80.26960784313488,2026-04-07 11:37:44.485305,2026-04-07 11:37:45.342847,0 days 00:00:00.857542,32.987111770956325,15.611947054202151,0.6221173948182525,Au,PRUNED
5346,-1.0,2026-04-07 11:37:44.705973,2026-04-07 11:37:45.529419,0 days 00:00:00.823446,35.37061704767148,17.314846931460657,0.48046982300411856,Au,COMPLETE
5347,-1.0,2026-04-07 11:37:44.778322,2026-04-07 11:37:45.604828,0 days 00:00:00.826506,32.82411256505661,17.759774493047768,0.5493197558262447,Au,COMPLETE
5348,-1.0,2026-04-07 11:37:44.852064,2026-04-07 11:37:45.577128,0 days 00:00:00.725064,20.640558871005275,19.85736559168788,0.5341884592124314,Au,COMPLETE
5349,-1.0,2026-04-07 11:37:44.957528,2026-04-07 11:37:45.576130,0 days 00:00:00.618602,34.91571441747712,2.1832868373976364,0.5232810536173005,Cu,COMPLETE
5350,-1.0,2026-04-07 11:37:45.014079,2026-04-07 11:37:45.731685,0 days 00:00:00.717606,30.11646706137431,17.335842661651398,1.0146266545315152,Au,COMPLETE
5351,0.0,2026-04-07 11:37:45.169363,2026-04-07 11:37:45.732697,0 days 00:00:00.563334,34.2663896520638,17.71221590303252,0.8254404989093616,Au,PRUNED
5352,-1.0,2026-04-07 11:37:45.407558,2026-04-07 11:37:45.867357,0 days 00:00:00.459799,33.72793927220922,19.888385967666277,0.3752913709138835,Au,COMPLETE
5353,-1.0,2026-04-07 11:37:45.441241,2026-04-07 11:37:46.204019,0 days 00:00:00.762778,31.230922755632868,17.664163478143692,1.0577775952701438,Au,COMPLETE
5354,-1.0,2026-04-07 11:37:45.582706,2026-04-07 11:37:46.230394,0 days 00:00:00.647688,20.268916442332014,19.626564998457763,0.5906271743631519,Ag,COMPLETE
5355,0.0,2026-04-07 11:37:45.758252,2026-04-07 11:37:46.559197,0 days 00:00:00.800945,29.56187895018659,19.981828466476426,0.6954403988864892,Au,PRUNED
5356,-1.0,2026-04-07 11:37:45.808975,2026-04-07 11:37:46.339100,0 days 00:00:00.530125,21.480323331810638,6.206084856643257,1.9351809822838502,Cu,COMPLETE
5357,0.0,2026-04-07 11:37:45.830395,2026-04-07 11:37:46.561382,0 days 00:00:00.730987,20.222312315553808,17.13580789615436,0.9505074307012343,Au,PRUNED
5358,0.0,2026-04-07 11:37:45.781532,2026-04-07 11:37:46.558198,0 days 00:00:00.776666,32.72407450192945,17.901940106823563,0.9868603772750657,Au,PRUNED
5359,-1.0,2026-04-07 11:37:45.911013,2026-04-07 11:37:46.472309,0 days 00:00:00.561296,30.4757352140521,17.0814950700383,0.6241913311775011,Au,COMPLETE
5360,-1.0,2026-04-07 11:37:46.090230,2026-04-07 11:37:46.713161,0 days 00:00:00.622931,114.50332489603389,14.116271465106465,1.1188116805632944,Au,COMPLETE
5361,-1.0,2026-04-07 11:37:46.335860,2026-04-07 11:37:47.091854,0 days 00:00:00.755994,33.75035847723045,17.827797761596077,0.1536749697828225,Au,COMPLETE
5362,79.93827160493589,2026-04-07 11:37:46.365211,2026-04-07 11:37:47.169958,0 days 00:00:00.804747,32.291603093582104,17.31081356916776,0.38733131445976654,Au,PRUNED
5363,0.0,2026-04-07 11:37:46.653569,2026-04-07 11:37:47.458129,0 days 00:00:00.804560,44.88566211556194,17.396828561864563,0.5647487610272652,Au,PRUNED
5364,0.0,2026-04-07 11:37:46.669053,2026-04-07 11:37:47.222611,0 days 00:00:00.553558,27.63658580241343,19.915489434704384,0.9288310860823484,Au,PRUNED
5365,-1.0,2026-04-07 11:37:46.689787,2026-04-07 11:37:47.357994,0 days 00:00:00.668207,32.82675745929201,17.247825341696956,0.43500719006891453,Au,COMPLETE
5366,0.0,2026-04-07 11:37:46.699701,2026-04-07 11:37:47.368763,0 days 00:00:00.669062,36.08960081722981,17.683131964338532,0.7923598521034569,Au,PRUNED
5367,-9.615384615383135,2026-04-07 11:37:46.742990,2026-04-07 11:37:47.664754,0 days 00:00:00.921764,21.410272265274987,19.803055478762875,0.9605075119862381,Au,PRUNED
5368,-1.0,2026-04-07 11:37:46.950246,2026-04-07 11:37:47.771220,0 days 00:00:00.820974,20.746086942733328,19.71687913321524,0.4536523331920089,Au,COMPLETE
5369,-1.0,2026-04-07 11:37:47.258627,2026-04-07 11:37:47.862064,0 days 00:00:00.603437,42.92024829915,19.903201498780355,0.8364988014954836,Cu,COMPLETE
5370,0.0,2026-04-07 11:37:47.309273,2026-04-07 11:37:48.074702,0 days 00:00:00.765429,30.858866239314153,19.991820418384197,1.0170025484143066,Au,PRUNED
5371,0.0,2026-04-07 11:37:47.277132,2026-04-07 11:37:48.152834,0 days 00:00:00.875702,35.925854568704736,19.94826457707286,0.864604888539495,Au,PRUNED
5372,0.0,2026-04-07 11:37:47.482685,2026-04-07 11:37:48.125817,0 days 00:00:00.643132,20.155554786257408,16.85388767830628,0.26617700975544195,Au,PRUNED
5373,-0.5952380952380781,2026-04-07 11:37:47.587988,2026-04-07 11:37:48.429667,0 days 00:00:00.841679,20.431564399619834,11.568781944805687,0.7136361241470779,Cu,PRUNED
5374,-1.0,2026-04-07 11:37:47.660600,2026-04-07 11:37:48.384956,0 days 00:00:00.724356,20.0216044042526,17.553194477106757,0.3433829898283386,Au,COMPLETE
5375,-1.0,2026-04-07 11:37:47.775105,2026-04-07 11:37:48.384956,0 days 00:00:00.609851,20.152497977184364,17.46647236407112,0.6607832474748665,Au,COMPLETE
5376,-1.0,2026-04-07 11:37:48.016837,2026-04-07 11:37:48.524629,0 days 00:00:00.507792,30.541369955913318,17.85285899275544,0.66203947807986,Au,COMPLETE
5377,-1.0,2026-04-07 11:37:48.100855,2026-04-07 11:37:48.758509,0 days 00:00:00.657654,29.223127490590883,17.642379017491564,0.6945792943099222,Au,COMPLETE
5378,-1.0,2026-04-07 11:37:48.127816,2026-04-07 11:37:48.838902,0 days 00:00:00.711086,81.22265396807758,1.9401485530018316,1.6390572981587495,Cu,COMPLETE
5379,-1.0,2026-04-07 11:37:48.234191,2026-04-07 11:37:48.890268,0 days 00:00:00.656077,37.53350993183693,19.724432950659136,0.6523989075410035,Au,COMPLETE
5380,0.0,2026-04-07 11:37:48.249666,2026-04-07 11:37:49.146677,0 days 00:00:00.897011,32.63444544849132,18.067083632405613,0.5653880191409385,Au,PRUNED
5381,0.0,2026-04-07 11:37:48.559357,2026-04-07 11:37:49.260203,0 days 00:00:00.700846,48.725571212703244,19.94679923941469,0.3171356060447981,Au,PRUNED
5382,0.0,2026-04-07 11:37:48.598648,2026-04-07 11:37:49.240900,0 days 00:00:00.642252,30.76891102774949,19.998907421494646,0.3782376968569194,Au,PRUNED
5383,-1.0,2026-04-07 11:37:48.642027,2026-04-07 11:37:49.289037,0 days 00:00:00.647010,21.778344867321202,19.986086526251317,0.2545526561989322,Au,COMPLETE
5384,-12.019230769229845,2026-04-07 11:37:48.663891,2026-04-07 11:37:49.446911,0 days 00:00:00.783020,64.11234375929169,7.4048692142049894,1.5200246921651928,Cu,PRUNED
5385,-1.0,2026-04-07 11:37:48.887020,2026-04-07 11:37:49.593795,0 days 00:00:00.706775,20.10551346935981,19.7846337852764,0.6382858044513914,Au,COMPLETE
5386,0.0,2026-04-07 11:37:49.171725,2026-04-07 11:37:50.145897,0 days 00:00:00.974172,20.705240933115142,14.509920552928232,0.9643216972983092,Au,PRUNED
5387,0.0,2026-04-07 11:37:49.209584,2026-04-07 11:37:50.148147,0 days 00:00:00.938563,32.418336503699365,19.825149963687608,0.7771734798491089,Au,PRUNED
5388,0.0,2026-04-07 11:37:49.318129,2026-04-07 11:37:50.070447,0 days 00:00:00.752318,39.82987722288286,17.71085171407506,0.5799738125050659,Au,PRUNED
5389,-1.0,2026-04-07 11:37:49.428601,2026-04-07 11:37:50.069437,0 days 00:00:00.640836,42.45149605705381,19.867553100817165,0.7842298857701868,Au,COMPLETE
5390,-1.0,2026-04-07 11:37:49.450813,2026-04-07 11:37:50.148147,0 days 00:00:00.697334,30.750464366215503,17.646865444516564,0.5442984412702134,Au,COMPLETE
5391,0.0,2026-04-07 11:37:49.575400,2026-04-07 11:37:50.147146,0 days 00:00:00.571746,20.044613132051175,15.027797796812516,0.7098480937448226,Au,PRUNED
5392,-1.0,2026-04-07 11:37:49.603307,2026-04-07 11:37:50.071951,0 days 00:00:00.468644,20.460368305473796,16.219437786027363,0.5250856290540823,Au,COMPLETE
5393,-1.0,2026-04-07 11:37:49.753004,2026-04-07 11:37:50.306632,0 days 00:00:00.553628,31.192866357169926,17.78924025030717,1.1104827686849958,Au,COMPLETE
5394,-1.0,2026-04-07 11:37:50.182091,2026-04-07 11:37:50.779006,0 days 00:00:00.596915,44.60952017969299,19.934857806441464,0.5489172724776454,Au,COMPLETE
5395,-1.0,2026-04-07 11:37:50.204065,2026-04-07 11:37:50.931342,0 days 00:00:00.727277,20.18767696408421,18.382284736969197,0.7255172199692994,Au,COMPLETE
5396,-1.0,2026-04-07 11:37:50.226995,2026-04-07 11:37:51.008382,0 days 00:00:00.781387,20.401799927086145,19.817635236420664,0.720537210338602,Au,COMPLETE
5397,80.86419753086179,2026-04-07 11:37:50.326349,2026-04-07 11:37:51.050661,0 days 00:00:00.724312,30.404092852422174,17.18052503562069,0.8904466914674022,Au,PRUNED
5398,-28.64583333332617,2026-04-07 11:37:50.335409,2026-04-07 11:37:50.897059,0 days 00:00:00.561650,75.9384220833099,5.0992338785922575,1.6145897920232744,Ag,PRUNED
5399,0.0,2026-04-07 11:37:50.353401,2026-04-07 11:37:51.134892,0 days 00:00:00.781491,36.03753055106039,19.960311483795632,0.6519767935284587,Au,PRUNED
5400,0.0,2026-04-07 11:37:50.556593,2026-04-07 11:37:51.093758,0 days 00:00:00.537165,20.562205082993472,19.693740042021705,0.1161544279090504,Au,PRUNED
5401,-1.0,2026-04-07 11:37:50.576488,2026-04-07 11:37:51.304994,0 days 00:00:00.728506,20.633440998606506,19.81417954507478,0.29341983221354717,Au,COMPLETE
5402,2.7777777777775925,2026-04-07 11:37:51.031439,2026-04-07 11:37:51.917659,0 days 00:00:00.886220,53.73274387244538,10.506426319325932,0.8241359425340411,Au,PRUNED
5403,0.0,2026-04-07 11:37:51.093758,2026-04-07 11:37:51.946726,0 days 00:00:00.852968,34.82507603101345,19.971207336726845,0.8755114401992173,Au,PRUNED
5404,-1.0,2026-04-07 11:37:51.079113,2026-04-07 11:37:51.795071,0 days 00:00:00.715958,35.12783303128412,19.94548329072231,0.8178092482881849,Au,COMPLETE
5405,-380.9121621621107,2026-04-07 11:37:51.216515,2026-04-07 11:37:52.087515,0 days 00:00:00.871000,20.291963244463883,19.72177523779013,0.8288170045667117,Au,COMPLETE
5406,-1.0,2026-04-07 11:37:51.229994,2026-04-07 11:37:51.993697,0 days 00:00:00.763703,20.16761975673518,19.728774872720425,0.5157730616915587,Au,COMPLETE
5407,0.0,2026-04-07 11:37:51.337468,2026-04-07 11:37:52.182245,0 days 00:00:00.844777,32.20157439202423,19.87160370482456,1.0456200408296183,Au,PRUNED
5408,-1.0,2026-04-07 11:37:51.403110,2026-04-07 11:37:52.031603,0 days 00:00:00.628493,20.50183893151679,19.365749127230607,0.8696184658615145,Au,COMPLETE
5409,-1.0,2026-04-07 11:37:51.585653,2026-04-07 11:37:52.071510,0 days 00:00:00.485857,32.314928510784334,16.342842680450005,0.4402901361776312,Ag,COMPLETE
5410,76.64233576642111,2026-04-07 11:37:51.920695,2026-04-07 11:37:52.809153,0 days 00:00:00.888458,38.88132778466375,15.088049980615285,0.7823170427994366,Au,PRUNED
5411,-1.0,2026-04-07 11:37:52.122775,2026-04-07 11:37:52.703909,0 days 00:00:00.581134,36.62330171595211,19.913958367120795,0.5999296964654638,Au,COMPLETE
5412,0.0,2026-04-07 11:37:52.137865,2026-04-07 11:37:52.810165,0 days 00:00:00.672300,20.301086597943783,17.91337221795027,0.4298493956376756,Au,PRUNED
5413,-1.0,2026-04-07 11:37:52.243831,2026-04-07 11:37:52.919786,0 days 00:00:00.675955,20.24473806834786,17.42310150838845,0.4353511291907609,Au,COMPLETE
5414,-1.0,2026-04-07 11:37:52.264450,2026-04-07 11:37:52.966101,0 days 00:00:00.701651,20.331480974798136,19.861488945922268,0.6726718060501709,Au,COMPLETE
5415,-1.0,2026-04-07 11:37:52.360416,2026-04-07 11:37:52.963537,0 days 00:00:00.603121,20.418082930598416,19.637468036789667,0.7339001371417154,Au,COMPLETE
5416,-1.0,2026-04-07 11:37:52.370075,2026-04-07 11:37:53.025872,0 days 00:00:00.655797,74.72554097968894,19.632446381985424,1.8686059059277644,Au,COMPLETE
5417,-1.0,2026-04-07 11:37:52.392619,2026-04-07 11:37:53.168867,0 days 00:00:00.776248,34.39458078322107,19.84330750123059,0.8511756880527467,Au,COMPLETE
5418,76.08695652173692,2026-04-07 11:37:52.812627,2026-04-07 11:37:53.621763,0 days 00:00:00.809136,35.8254961510369,19.66870370550163,0.20721246212845532,Cu,PRUNED
5419,0.0,2026-04-07 11:37:52.925139,2026-04-07 11:37:53.670936,0 days 00:00:00.745797,33.66664158965538,17.325259676555717,0.8195833097878636,Au,PRUNED
5420,-1.0,2026-04-07 11:37:53.006444,2026-04-07 11:37:53.672488,0 days 00:00:00.666044,29.25087239725004,19.90940876876431,0.5568925369056918,Au,COMPLETE
5421,-1.0,2026-04-07 11:37:53.206449,2026-04-07 11:37:53.769155,0 days 00:00:00.562706,29.778907329680422,14.742757292626578,1.0519065047329395,Au,COMPLETE
5422,3.571428571428163,2026-04-07 11:37:53.239021,2026-04-07 11:37:54.048050,0 days 00:00:00.809029,32.4710841644389,14.567778483785457,0.5511590902856597,Au,PRUNED
5423,-1.0,2026-04-07 11:37:53.218397,2026-04-07 11:37:53.842253,0 days 00:00:00.623856,31.765544440773233,19.905968964357108,0.9341496645862495,Au,COMPLETE
5424,0.0,2026-04-07 11:37:53.284209,2026-04-07 11:37:54.141483,0 days 00:00:00.857274,20.170827320657967,17.64097024877109,1.1007454700257517,Au,PRUNED
5425,-1.0,2026-04-07 11:37:53.408127,2026-04-07 11:37:54.179583,0 days 00:00:00.771456,32.11916646807177,19.98699717618825,0.7864046594870447,Au,COMPLETE
5426,4.084967320261118,2026-04-07 11:37:53.772667,2026-04-07 11:37:54.743796,0 days 00:00:00.971129,31.838050879700624,15.342058767578841,0.8113815811363824,Au,PRUNED
5427,-9.615384615383135,2026-04-07 11:37:53.872894,2026-04-07 11:37:54.787623,0 days 00:00:00.914729,21.54432133677637,19.848862861042527,0.8327429661431298,Au,PRUNED
5428,-401.30023640656185,2026-04-07 11:37:54.065608,2026-04-07 11:37:54.932019,0 days 00:00:00.866411,20.648564358570994,19.823355260728153,0.6776355198355302,Au,COMPLETE
5429,0.0,2026-04-07 11:37:54.087166,2026-04-07 11:37:55.033027,0 days 00:00:00.945861,35.730511506884774,19.955767239726384,0.9837880654708611,Au,PRUNED
5430,-1.0,2026-04-07 11:37:54.125081,2026-04-07 11:37:54.859058,0 days 00:00:00.733977,45.3720172005348,0.9605411827502071,1.1493876259025602,Au,COMPLETE
5431,-1.0,2026-04-07 11:37:54.142484,2026-04-07 11:37:54.932019,0 days 00:00:00.789535,38.08447746638892,19.928816058025266,0.632149260953916,Au,COMPLETE
5432,3.3333333333330666,2026-04-07 11:37:54.188513,2026-04-07 11:37:55.109626,0 days 00:00:00.921113,34.055710338467016,14.621039094868113,0.33975159620468565,Au,PRUNED
5433,-1.0,2026-04-07 11:37:54.430925,2026-04-07 11:37:55.279009,0 days 00:00:00.848084,21.230341446329238,19.917692291588295,0.2715639384925639,Au,COMPLETE
5434,-1.0,2026-04-07 11:37:54.791676,2026-04-07 11:37:55.639204,0 days 00:00:00.847528,21.0573317242634,17.414378762757913,0.42981009197444553,Au,COMPLETE
5435,-1.0,2026-04-07 11:37:54.888900,2026-04-07 11:37:55.636684,0 days 00:00:00.747784,32.95480478266462,17.687939637727432,0.9099908699231716,Au,COMPLETE
5436,-1.0,2026-04-07 11:37:55.098905,2026-04-07 11:37:55.839088,0 days 00:00:00.740183,36.89819805432759,17.179593572975524,0.11907817857987246,Au,COMPLETE
5437,-1.0,2026-04-07 11:37:55.196513,2026-04-07 11:37:55.811258,0 days 00:00:00.614745,31.154254776937496,17.31545380735554,0.5605428064240718,Au,COMPLETE
5438,-1.0,2026-04-07 11:37:55.219331,2026-04-07 11:37:55.812264,0 days 00:00:00.592933,36.261122485508615,17.164719091743898,0.25306887695724156,Au,COMPLETE
5439,0.0,2026-04-07 11:37:55.245905,2026-04-07 11:37:55.924048,0 days 00:00:00.678143,30.707983425038016,19.997857589280915,0.770092579058152,Au,PRUNED
5440,0.0,2026-04-07 11:37:55.421185,2026-04-07 11:37:55.922541,0 days 00:00:00.501356,34.608179237317714,19.865988091539734,1.1100326168243544,Au,PRUNED
5441,-1.0,2026-04-07 11:37:55.527612,2026-04-07 11:37:56.154387,0 days 00:00:00.626775,31.297856714304096,19.943600440310206,0.4198881191396497,Au,COMPLETE
5442,78.7377450980369,2026-04-07 11:37:55.773636,2026-04-07 11:37:56.761172,0 days 00:00:00.987536,35.51266292601417,15.149126773053943,0.8977397213224623,Au,PRUNED
5443,-1.0,2026-04-07 11:37:55.948648,2026-04-07 11:37:56.667404,0 days 00:00:00.718756,29.940167978545006,17.337317473941994,0.7573372349323813,Au,COMPLETE
5444,-1.0,2026-04-07 11:37:55.982250,2026-04-07 11:37:56.574365,0 days 00:00:00.592115,99.95372321700833,15.96385768550804,0.5682887097514401,Au,COMPLETE
5445,3.571428571428163,2026-04-07 11:37:56.016776,2026-04-07 11:37:56.747880,0 days 00:00:00.731104,30.26560039952563,15.512195987661562,0.6064606436503941,Au,PRUNED
5446,0.0,2026-04-07 11:37:56.029511,2026-04-07 11:37:56.748878,0 days 00:00:00.719367,32.33524275156887,19.868133236686965,0.9353363815995801,Au,PRUNED
5447,-1.0,2026-04-07 11:37:56.045701,2026-04-07 11:37:56.697888,0 days 00:00:00.652187,20.41204630307244,19.955885570208427,0.22775740276234835,Au,COMPLETE
5448,-1.0,2026-04-07 11:37:56.098155,2026-04-07 11:37:56.500995,0 days 00:00:00.402840,34.38213556193395,17.833574531038714,0.640746339358968,Au,COMPLETE
5449,0.0,2026-04-07 11:37:56.417787,2026-04-07 11:37:56.934052,0 days 00:00:00.516265,33.573109376206226,19.971830831673564,0.7389840752008245,Au,PRUNED
5450,-1.0,2026-04-07 11:37:56.698463,2026-04-07 11:37:57.332586,0 days 00:00:00.634123,35.69044567565631,19.817966437485623,0.700769262610655,Ag,COMPLETE
5451,-1.0,2026-04-07 11:37:56.725679,2026-04-07 11:37:57.351850,0 days 00:00:00.626171,33.79128464024278,19.818119655841066,0.699753743618997,Au,COMPLETE
5452,-1.0,2026-04-07 11:37:56.886276,2026-04-07 11:37:57.461562,0 days 00:00:00.575286,20.36945167164306,19.63764177303412,0.6066741099342929,Au,COMPLETE
5453,-1.0,2026-04-07 11:37:56.905165,2026-04-07 11:37:57.764306,0 days 00:00:00.859141,36.156194688547124,19.958625088387812,0.5279705601705923,Au,COMPLETE
5454,-0.6775067750677396,2026-04-07 11:37:57.000835,2026-04-07 11:37:57.540776,0 days 00:00:00.539941,84.6782758073619,16.34100742637339,1.8863457062559328,Cu,PRUNED
5455,0.0,2026-04-07 11:37:57.018523,2026-04-07 11:37:57.712340,0 days 00:00:00.693817,45.54200366901546,17.6119029578066,0.8382706028180142,Au,PRUNED
5456,0.0,2026-04-07 11:37:57.076260,2026-04-07 11:37:57.790714,0 days 00:00:00.714454,20.043603311137186,19.65233091015075,0.4151606989024397,Au,PRUNED
5457,0.0,2026-04-07 11:37:57.145657,2026-04-07 11:37:57.790714,0 days 00:00:00.645057,32.06848200183421,18.008103909913313,0.33901785717047267,Au,PRUNED
5458,-1.0,2026-04-07 11:37:57.458473,2026-04-07 11:37:58.378496,0 days 00:00:00.920023,20.938887505221786,17.793377916894922,0.37250239108221084,Au,COMPLETE
5459,0.0,2026-04-07 11:37:57.501476,2026-04-07 11:37:58.263140,0 days 00:00:00.761664,20.986696870062953,17.757930921840472,0.8193271674947811,Au,PRUNED
5460,0.0,2026-04-07 11:37:57.624853,2026-04-07 11:37:58.552716,0 days 00:00:00.927863,32.926410352911034,19.9924747809205,0.3418813476286866,Au,PRUNED
5461,-1.0,2026-04-07 11:37:57.780427,2026-04-07 11:37:58.254740,0 days 00:00:00.474313,20.47695138090075,18.02623537780132,0.7359477539828491,Au,COMPLETE
5462,-1.0,2026-04-07 11:37:57.754338,2026-04-07 11:37:58.347714,0 days 00:00:00.593376,47.83260382188911,19.94957617583537,1.1025304501119326,Au,COMPLETE
5463,0.0,2026-04-07 11:37:57.902931,2026-04-07 11:37:58.486103,0 days 00:00:00.583172,31.88021671966246,17.206285632296414,0.9142807051079298,Au,PRUNED
5464,-1.0,2026-04-07 11:37:57.919924,2026-04-07 11:37:58.446353,0 days 00:00:00.526429,21.052295115385473,19.910894440906237,1.0718421400978615,Au,COMPLETE
5465,-1.0,2026-04-07 11:37:57.977094,2026-04-07 11:37:58.858290,0 days 00:00:00.881196,29.861564993349106,17.653460898338334,0.9078720216561451,Au,COMPLETE
5466,79.93827160493589,2026-04-07 11:37:58.297387,2026-04-07 11:37:59.148402,0 days 00:00:00.851015,31.665549194795204,17.159945929647762,0.717438653517511,Au,PRUNED
5467,-3.205128205127712,2026-04-07 11:37:58.458925,2026-04-07 11:37:59.100461,0 days 00:00:00.641536,22.137952943837192,19.97003474983772,0.7888870736910145,Au,PRUNED
5468,0.0,2026-04-07 11:37:58.557888,2026-04-07 11:37:59.381435,0 days 00:00:00.823547,30.950993963520546,17.39913618053923,1.0848933819509357,Au,PRUNED
5469,-1.0,2026-04-07 11:37:58.603296,2026-04-07 11:37:59.366609,0 days 00:00:00.763313,20.964246380061645,17.284946290201766,1.006683807860074,Au,COMPLETE
5470,-0.5186721991701159,2026-04-07 11:37:58.656994,2026-04-07 11:37:59.617914,0 days 00:00:00.960920,99.94202556959509,19.65345311912793,1.970931852961645,Au,PRUNED
5471,0.0,2026-04-07 11:37:58.681036,2026-04-07 11:37:59.380425,0 days 00:00:00.699389,20.03518131552389,18.982292882073224,0.7750559282533194,Au,PRUNED
5472,-427.31829573928434,2026-04-07 11:37:58.695155,2026-04-07 11:37:59.411772,0 days 00:00:00.716617,20.51415295587348,19.88251422487972,1.0804628282066755,Au,COMPLETE
5473,0.0,2026-04-07 11:37:59.213126,2026-04-07 11:38:00.151496,0 days 00:00:00.938370,20.67524334890123,17.78240270175474,0.6192000572470945,Cu,PRUNED
5474,0.0,2026-04-07 11:37:59.274519,2026-04-07 11:38:00.214653,0 days 00:00:00.940134,20.00262111933176,15.781745815155652,0.5451680277095141,Au,PRUNED
5475,0.0,2026-04-07 11:37:59.334102,2026-04-07 11:38:00.151496,0 days 00:00:00.817394,20.52039372926748,17.012268667343317,0.6267044386502744,Au,PRUNED
5476,-1.0,2026-04-07 11:37:59.518323,2026-04-07 11:38:00.289243,0 days 00:00:00.770920,20.569755659544192,19.895530913692983,0.4216674256508723,Au,COMPLETE
5477,0.0,2026-04-07 11:37:59.555862,2026-04-07 11:38:00.214653,0 days 00:00:00.658791,40.82281526316737,17.879511158327432,0.7310611002963752,Au,PRUNED
5478,0.0,2026-04-07 11:37:59.648137,2026-04-07 11:38:00.713465,0 days 00:00:01.065328,21.119638994618008,17.112518294272586,1.0289170620982593,Au,PRUNED
5479,-1.1904761904760544,2026-04-07 11:37:59.729314,2026-04-07 11:38:00.534756,0 days 00:00:00.805442,29.508301870643216,14.970496442837366,0.9500739419686783,Au,PRUNED
5480,-1.0,2026-04-07 11:37:59.741499,2026-04-07 11:38:00.304423,0 days 00:00:00.562924,87.49662589541097,9.322858954027632,0.3282579094943042,Ag,COMPLETE
5481,-1.0,2026-04-07 11:38:00.233289,2026-04-07 11:38:01.092233,0 days 00:00:00.858944,20.27001698187653,19.73713590582048,0.8187137792999628,Au,COMPLETE
5482,2.3809523809521087,2026-04-07 11:38:00.253793,2026-04-07 11:38:00.967243,0 days 00:00:00.713450,30.172511086817323,15.073043152930229,1.014461212096009,Au,PRUNED
5483,-1.0,2026-04-07 11:38:00.338758,2026-04-07 11:38:01.061408,0 days 00:00:00.722650,20.782329414062215,16.383772481266067,0.9960253171133103,Au,COMPLETE
5484,8.074935400516672,2026-04-07 11:38:00.457300,2026-04-07 11:38:01.262002,0 days 00:00:00.804702,100.96897725670487,13.746306864410103,1.660458403756491,Ag,PRUNED
5485,-1.0,2026-04-07 11:38:00.606598,2026-04-07 11:38:01.131974,0 days 00:00:00.525376,30.60218445228313,17.366489956694046,0.9600533676323801,Au,COMPLETE
5486,0.0,2026-04-07 11:38:00.645409,2026-04-07 11:38:01.647947,0 days 00:00:01.002538,20.005332704917354,16.815269703162777,0.9114458717184182,Au,PRUNED
5487,4.901960784313341,2026-04-07 11:38:00.666106,2026-04-07 11:38:01.367784,0 days 00:00:00.701678,32.37725014361733,15.302421740385448,0.4249175751929336,Au,PRUNED
5488,0.0,2026-04-07 11:38:00.841487,2026-04-07 11:38:01.596824,0 days 00:00:00.755337,34.38357974893246,19.829313168260114,0.4507494212232004,Au,PRUNED
5489,0.0,2026-04-07 11:38:01.095742,2026-04-07 11:38:02.267573,0 days 00:00:01.171831,20.135035081342785,17.34584129945585,0.7175009025428112,Au,PRUNED
5490,-11.494252873561631,2026-04-07 11:38:01.246622,2026-04-07 11:38:02.323618,0 days 00:00:01.076996,31.0206882500963,19.852748759958928,1.193550660078115,Ag,PRUNED
5491,-1.0,2026-04-07 11:38:01.313790,2026-04-07 11:38:02.185428,0 days 00:00:00.871638,20.6841838059524,17.311763230652787,0.3908906750456452,Au,COMPLETE
5492,-394.81351981346444,2026-04-07 11:38:01.372441,2026-04-07 11:38:02.201107,0 days 00:00:00.828666,20.423801528130028,19.93811498627294,0.6304344705670735,Au,COMPLETE
5493,0.0,2026-04-07 11:38:01.503930,2026-04-07 11:38:02.265572,0 days 00:00:00.761642,32.06952847928874,17.241052372182182,0.7758819096842605,Au,PRUNED
5494,-1.0,2026-04-07 11:38:01.532251,2026-04-07 11:38:02.292294,0 days 00:00:00.760043,31.67106105702908,17.762698618462075,1.088862829660837,Au,COMPLETE
5495,-1.0,2026-04-07 11:38:01.904412,2026-04-07 11:38:02.387230,0 days 00:00:00.482818,32.28685606482219,18.104438643755227,0.4411112346895279,Au,COMPLETE
5496,0.0,2026-04-07 11:38:01.930495,2026-04-07 11:38:02.778962,0 days 00:00:00.848467,42.514223864567896,19.97751904535889,1.0750205219030156,Au,PRUNED
5497,-1.0,2026-04-07 11:38:02.271711,2026-04-07 11:38:03.141429,0 days 00:00:00.869718,46.580656764861956,17.762344827488405,0.618712422939385,Au,COMPLETE
5498,-1.0,2026-04-07 11:38:02.344072,2026-04-07 11:38:02.967243,0 days 00:00:00.623171,41.60222012830602,19.95985850480859,0.9641251618583866,Au,COMPLETE
5499,0.0,2026-04-07 11:38:02.376062,2026-04-07 11:38:03.073631,0 days 00:00:00.697569,34.07463452436298,19.947875407131832,0.3675513059917339,Au,PRUNED
5500,-380.63063063057916,2026-04-07 11:38:02.430929,2026-04-07 11:38:03.461606,0 days 00:00:01.030677,20.432164708788157,19.98673782118786,0.42391704781164685,Au,COMPLETE
5501,-1.0,2026-04-07 11:38:02.406470,2026-04-07 11:38:03.122896,0 days 00:00:00.716426,20.868241314644155,19.870337937375993,0.9121967939350317,Au,COMPLETE
5502,-1.0,2026-04-07 11:38:02.501290,2026-04-07 11:38:03.229533,0 days 00:00:00.728243,21.218569714281042,19.98628347812256,0.659416377476786,Au,COMPLETE
5503,76.94647201946246,2026-04-07 11:38:02.605511,2026-04-07 11:38:03.506440,0 days 00:00:00.900929,33.441912613237065,19.842374457199192,0.8150283923531315,Cu,PRUNED
5504,-1.0,2026-04-07 11:38:02.905504,2026-04-07 11:38:03.627822,0 days 00:00:00.722318,20.05766913933036,17.800258855654313,0.9650679284398147,Au,COMPLETE
5505,-1.1990407673860566,2026-04-07 11:38:03.119143,2026-04-07 11:38:03.723286,0 days 00:00:00.604143,20.081262213073977,19.108577389634462,0.762843720419533,Ag,PRUNED
5506,-1.0,2026-04-07 11:38:03.141429,2026-04-07 11:38:03.761729,0 days 00:00:00.620300,30.327088156369292,17.448627673675457,0.5647781883740117,Au,COMPLETE
5507,-1.0,2026-04-07 11:38:03.393518,2026-04-07 11:38:04.084621,0 days 00:00:00.691103,82.57342696469375,4.583435156878532,1.377621775114271,Cu,COMPLETE
5508,-1.0,2026-04-07 11:38:03.507626,2026-04-07 11:38:04.177578,0 days 00:00:00.669952,26.29956856613195,19.94358433271282,0.9848060507657017,Au,COMPLETE
5509,-1.0,2026-04-07 11:38:03.591884,2026-04-07 11:38:04.175578,0 days 00:00:00.583694,20.567998715662803,17.11927545990069,0.3059389839722684,Cu,COMPLETE
5510,-1.0,2026-04-07 11:38:03.604007,2026-04-07 11:38:04.175578,0 days 00:00:00.571571,116.28584210504923,9.30189530049735,1.4399464087189753,Au,COMPLETE
5511,0.0,2026-04-07 11:38:03.706136,2026-04-07 11:38:04.344145,0 days 00:00:00.638009,21.07224507846243,17.16179123603874,0.163037744706246,Au,PRUNED
5512,-1.0,2026-04-07 11:38:03.838865,2026-04-07 11:38:04.422978,0 days 00:00:00.584113,31.21851026043842,17.391707140073468,0.1480118451176525,Au,COMPLETE
5513,-1.0,2026-04-07 11:38:03.860638,2026-04-07 11:38:04.576739,0 days 00:00:00.716101,29.130679812293835,16.844090126552356,0.753178388545332,Au,COMPLETE
5514,80.57598039215449,2026-04-07 11:38:03.943586,2026-04-07 11:38:04.577243,0 days 00:00:00.633657,31.0105362209169,17.04898266432048,0.5116832826764571,Au,PRUNED
5515,-430.87121212114675,2026-04-07 11:38:04.171597,2026-04-07 11:38:05.046858,0 days 00:00:00.875261,21.19643170470796,19.536240231539235,1.0414136752546328,Au,COMPLETE
5516,0.0,2026-04-07 11:38:04.378050,2026-04-07 11:38:05.314749,0 days 00:00:00.936699,20.27930004780814,16.861734958599122,0.8252061522247583,Au,PRUNED
5517,80.55555555555317,2026-04-07 11:38:04.411368,2026-04-07 11:38:05.317263,0 days 00:00:00.905895,30.401165690899372,17.228995129749073,0.9622985310420283,Au,PRUNED
5518,-1.0,2026-04-07 11:38:04.426036,2026-04-07 11:38:05.007070,0 days 00:00:00.581034,29.576619316007168,19.819571390629033,1.0569728528240316,Au,COMPLETE
5519,-1.0,2026-04-07 11:38:04.487288,2026-04-07 11:38:05.192152,0 days 00:00:00.704864,20.23415783845195,19.798042510837373,0.7236441133279301,Cu,COMPLETE
5520,0.0,2026-04-07 11:38:04.702491,2026-04-07 11:38:05.557966,0 days 00:00:00.855475,20.204137474840266,18.87132514549784,1.0066474864750954,Au,PRUNED
5521,-427.31829573928434,2026-04-07 11:38:04.792116,2026-04-07 11:38:05.421647,0 days 00:00:00.629531,21.159061365042678,19.86836979827595,0.5580614575533352,Au,COMPLETE
5522,-1.0,2026-04-07 11:38:04.832529,2026-04-07 11:38:05.817391,0 days 00:00:00.984862,30.778868770503735,17.262002460781876,0.9014801389761616,Au,COMPLETE
5523,0.0,2026-04-07 11:38:05.216824,2026-04-07 11:38:05.901961,0 days 00:00:00.685137,32.23253937468434,17.624546471841846,0.5732017538872308,Au,PRUNED
5524,0.0,2026-04-07 11:38:05.365288,2026-04-07 11:38:06.083881,0 days 00:00:00.718593,20.762317005037456,18.191341457954742,0.966982549753221,Au,PRUNED
5525,0.0,2026-04-07 11:38:05.496869,2026-04-07 11:38:06.406280,0 days 00:00:00.909411,20.139271664987994,18.26269151756877,0.9337639004899347,Au,PRUNED
5526,-1.0,2026-04-07 11:38:05.527104,2026-04-07 11:38:06.083881,0 days 00:00:00.556777,32.14096554420153,18.15769489192576,0.7085982352046438,Au,COMPLETE
5527,-430.5555555554903,2026-04-07 11:38:05.630803,2026-04-07 11:38:06.277154,0 days 00:00:00.646351,20.758169109324527,19.946531293346666,0.8138643285889153,Au,COMPLETE
5528,-1.0,2026-04-07 11:38:05.646603,2026-04-07 11:38:06.325538,0 days 00:00:00.678935,117.98672101026803,6.624269259617881,1.7018496983051628,Ag,COMPLETE
5529,-1.0,2026-04-07 11:38:05.763463,2026-04-07 11:38:06.276153,0 days 00:00:00.512690,36.45961397075186,19.48568200334924,0.10940194599256775,Au,COMPLETE
5530,-1.0,2026-04-07 11:38:05.974720,2026-04-07 11:38:06.423287,0 days 00:00:00.448567,40.41105782411534,19.889068961765638,0.23434547775550116,Au,COMPLETE
5531,-1.0,2026-04-07 11:38:06.018685,2026-04-07 11:38:06.484143,0 days 00:00:00.465458,20.21087651279956,19.697347493107234,0.6591531321364731,Au,COMPLETE
5532,-1.0,2026-04-07 11:38:06.235895,2026-04-07 11:38:06.949610,0 days 00:00:00.713715,20.624642035312295,19.72410726487882,0.6834982345070224,Au,COMPLETE
5533,-1.0,2026-04-07 11:38:06.284962,2026-04-07 11:38:07.035439,0 days 00:00:00.750477,20.26205404229578,16.484656754213546,0.6929218295827302,Au,COMPLETE
5534,-1.0,2026-04-07 11:38:06.460058,2026-04-07 11:38:07.052287,0 days 00:00:00.592229,31.222801931252157,15.017734418407953,0.8050716326166762,Au,COMPLETE
5535,-1.0,2026-04-07 11:38:06.474428,2026-04-07 11:38:07.223511,0 days 00:00:00.749083,60.4054631564435,19.66432234372048,0.6954853625095111,Au,COMPLETE
5536,0.0,2026-04-07 11:38:06.486764,2026-04-07 11:38:07.157726,0 days 00:00:00.670962,33.44351797250128,19.85498281066227,0.5761736359053544,Au,PRUNED
5537,0.0,2026-04-07 11:38:06.439158,2026-04-07 11:38:07.297204,0 days 00:00:00.858046,20.213902717085166,19.931256794305508,0.2450933386915789,Au,PRUNED
5538,-1.0,2026-04-07 11:38:06.575567,2026-04-07 11:38:07.225507,0 days 00:00:00.649940,30.909997729102876,17.352906845401513,0.8754808086943163,Au,COMPLETE
5539,0.0,2026-04-07 11:38:06.841117,2026-04-07 11:38:07.474613,0 days 00:00:00.633496,32.74832896913369,19.88656122993579,0.9551852399720632,Au,PRUNED
5540,0.0,2026-04-07 11:38:07.093358,2026-04-07 11:38:07.956700,0 days 00:00:00.863342,20.379150260103316,17.193200338830806,0.8147822258163849,Au,PRUNED
5541,0.0,2026-04-07 11:38:07.197552,2026-04-07 11:38:08.063779,0 days 00:00:00.866227,20.579437332794246,17.33301858760506,1.0394399456217833,Au,PRUNED
5542,0.0,2026-04-07 11:38:07.300785,2026-04-07 11:38:08.255965,0 days 00:00:00.955180,32.73665373211068,19.867145856897178,0.8841991763498044,Au,PRUNED
5543,-1.0,2026-04-07 11:38:07.344295,2026-04-07 11:38:07.954577,0 days 00:00:00.610282,42.5665800874039,17.716535648557635,0.9496888296434857,Au,COMPLETE
5544,-1.0,2026-04-07 11:38:07.403013,2026-04-07 11:38:08.034045,0 days 00:00:00.631032,20.204117799184445,18.461740756023033,0.7327543280529312,Au,COMPLETE
5545,0.0,2026-04-07 11:38:07.428088,2026-04-07 11:38:08.331910,0 days 00:00:00.903822,39.47049225833382,17.454178161418646,0.39804065703769537,Au,PRUNED
5546,0.0,2026-04-07 11:38:07.609997,2026-04-07 11:38:08.639625,0 days 00:00:01.029628,20.0082079244762,18.228503670553053,0.9986406368875989,Au,PRUNED
5547,2.6881720430104057,2026-04-07 11:38:07.629989,2026-04-07 11:38:08.345698,0 days 00:00:00.715709,23.02663116062793,19.96342310128145,0.8278724966515493,Au,PRUNED
5548,0.0,2026-04-07 11:38:08.125199,2026-04-07 11:38:09.044320,0 days 00:00:00.919121,20.775255739399473,17.0012236993752,0.11017634172334145,Au,PRUNED
5549,-1.0,2026-04-07 11:38:08.193413,2026-04-07 11:38:08.864937,0 days 00:00:00.671524,20.039354646695095,17.237209781300102,0.6383136135582312,Au,COMPLETE
5550,-1.0,2026-04-07 11:38:08.163143,2026-04-07 11:38:08.940975,0 days 00:00:00.777832,32.866422896263444,17.74531030372928,0.6714930734823031,Au,COMPLETE
5551,0.0,2026-04-07 11:38:08.353646,2026-04-07 11:38:09.043272,0 days 00:00:00.689626,33.78835286703044,19.965164635899598,1.085366737857759,Au,PRUNED
5552,0.0,2026-04-07 11:38:08.365253,2026-04-07 11:38:09.204564,0 days 00:00:00.839311,27.37375727367396,19.993295155698277,0.45851289373822063,Au,PRUNED
5553,-1.0,2026-04-07 11:38:08.391080,2026-04-07 11:38:08.941978,0 days 00:00:00.550898,20.447818131062764,18.871490613912485,1.0462848068241104,Ag,COMPLETE
5554,0.0,2026-04-07 11:38:08.413918,2026-04-07 11:38:09.370827,0 days 00:00:00.956909,34.06085327745115,19.999883893687663,0.2694646015253732,Au,PRUNED
5555,-1.0,2026-04-07 11:38:08.742267,2026-04-07 11:38:09.331517,0 days 00:00:00.589250,20.858902205638273,19.942707306287215,0.2050267636760708,Ag,COMPLETE
5556,-1.0,2026-04-07 11:38:09.080431,2026-04-07 11:38:09.736397,0 days 00:00:00.655966,20.160831669346887,12.770548297640048,0.4203546376215468,Au,COMPLETE
5557,0.0,2026-04-07 11:38:09.132268,2026-04-07 11:38:09.994638,0 days 00:00:00.862370,32.14495672261648,19.697431959944733,0.9954483335709443,Au,PRUNED
5558,0.0,2026-04-07 11:38:09.169574,2026-04-07 11:38:09.880437,0 days 00:00:00.710863,20.040759780947337,16.10957795449246,0.667641775363235,Au,PRUNED
5559,0.0,2026-04-07 11:38:09.232654,2026-04-07 11:38:10.016785,0 days 00:00:00.784131,20.04762759364891,19.581276464013015,0.6229615186736692,Au,PRUNED
5560,0.0,2026-04-07 11:38:09.296189,2026-04-07 11:38:10.248169,0 days 00:00:00.951980,37.32586023463365,19.963579377560805,0.579900510995677,Au,PRUNED
5561,-1.0,2026-04-07 11:38:09.429544,2026-04-07 11:38:10.128988,0 days 00:00:00.699444,20.11462835844422,17.03668715349594,1.0639146221637956,Au,COMPLETE
5562,-1.0,2026-04-07 11:38:09.485504,2026-04-07 11:38:10.142734,0 days 00:00:00.657230,32.37004440444631,19.952983955935714,0.5793524769917139,Au,COMPLETE
5563,-367.64705882348085,2026-04-07 11:38:09.641904,2026-04-07 11:38:10.314509,0 days 00:00:00.672605,20.117038228651893,19.52732016164233,0.9965189136093245,Au,COMPLETE
5564,0.0,2026-04-07 11:38:09.935702,2026-04-07 11:38:10.579347,0 days 00:00:00.643645,20.05308889067017,17.63611279917514,0.34955577667442883,Au,PRUNED
5565,-1.0,2026-04-07 11:38:10.008165,2026-04-07 11:38:10.550119,0 days 00:00:00.541954,22.414086432876434,17.344336905304967,0.6989094716202383,Ag,COMPLETE
5566,0.0,2026-04-07 11:38:10.102874,2026-04-07 11:38:10.943769,0 days 00:00:00.840895,20.97478918243037,17.49248904226149,0.49097320929439503,Au,PRUNED
5567,-1.0,2026-04-07 11:38:10.153234,2026-04-07 11:38:10.859861,0 days 00:00:00.706627,22.848647457067052,19.974366089828575,1.0179672918746354,Au,COMPLETE
5568,-1.0,2026-04-07 11:38:10.315519,2026-04-07 11:38:11.202620,0 days 00:00:00.887101,41.50673598495148,19.7802841456409,0.9633538696583825,Ag,COMPLETE
5569,0.0,2026-04-07 11:38:10.429001,2026-04-07 11:38:11.188077,0 days 00:00:00.759076,44.8480931485401,17.803863622689367,0.3034236716168587,Au,PRUNED
5570,0.0,2026-04-07 11:38:10.564774,2026-04-07 11:38:11.388452,0 days 00:00:00.823678,20.604239021783766,17.666519007291548,0.6897609768275996,Au,PRUNED
5571,-1.0,2026-04-07 11:38:10.723598,2026-04-07 11:38:11.387452,0 days 00:00:00.663854,20.0361836407092,18.1937385443587,0.7157240533975304,Au,COMPLETE
5572,0.0,2026-04-07 11:38:10.761217,2026-04-07 11:38:11.474993,0 days 00:00:00.713776,47.19014746651433,19.842809809239302,0.8216820729020836,Au,PRUNED
5573,0.0,2026-04-07 11:38:10.824584,2026-04-07 11:38:11.625611,0 days 00:00:00.801027,20.343405010751436,17.53575398332198,0.35400814635795474,Au,PRUNED
5574,-0.5787037037036875,2026-04-07 11:38:11.070384,2026-04-07 11:38:11.954460,0 days 00:00:00.884076,53.60861982653272,14.06615945496199,0.4704331227705833,Au,PRUNED
5575,-9.9999999999984,2026-04-07 11:38:11.145769,2026-04-07 11:38:11.982835,0 days 00:00:00.837066,21.91025075546215,19.939126236867406,0.4637553683028342,Au,PRUNED
5576,-1.0,2026-04-07 11:38:11.358256,2026-04-07 11:38:12.154434,0 days 00:00:00.796178,33.41264594794367,17.851089436394442,0.9578936440123222,Au,COMPLETE
5577,-1.0,2026-04-07 11:38:11.440678,2026-04-07 11:38:12.047102,0 days 00:00:00.606424,20.978660835254168,19.904454648102405,1.062483912560203,Au,COMPLETE
5578,-1.0,2026-04-07 11:38:11.478502,2026-04-07 11:38:12.126445,0 days 00:00:00.647943,20.50297665927432,19.970858091315765,0.9847071293233349,Au,COMPLETE
5579,0.0,2026-04-07 11:38:11.583160,2026-04-07 11:38:12.249009,0 days 00:00:00.665849,28.165746613650647,19.99232331577534,0.7079646473265421,Au,PRUNED
5580,-1.0,2026-04-07 11:38:11.723468,2026-04-07 11:38:12.388640,0 days 00:00:00.665172,43.59598759275945,17.031208164251293,0.8157963387769072,Au,COMPLETE
5581,-1.0,2026-04-07 11:38:11.827162,2026-04-07 11:38:12.419554,0 days 00:00:00.592392,33.96837426542478,15.932505020493833,1.1202353389334165,Ag,COMPLETE
5582,-1.0,2026-04-07 11:38:12.066239,2026-04-07 11:38:12.732503,0 days 00:00:00.666264,21.64035732816648,19.989772826882454,0.3570697074444853,Au,COMPLETE
5583,5.608974358973928,2026-04-07 11:38:12.086464,2026-04-07 11:38:12.903374,0 days 00:00:00.816910,48.31634661874298,19.672950774134176,0.41232113019465944,Ag,PRUNED
5584,-1.0,2026-04-07 11:38:12.148206,2026-04-07 11:38:12.655732,0 days 00:00:00.507526,35.09868574458932,19.979835434900096,0.6234183143777193,Cu,COMPLETE
5585,0.0,2026-04-07 11:38:12.289895,2026-04-07 11:38:12.904374,0 days 00:00:00.614479,29.5789232520166,19.99815905212263,0.8738613583449302,Au,PRUNED
5586,-1.0,2026-04-07 11:38:12.339218,2026-04-07 11:38:13.180019,0 days 00:00:00.840801,20.14504215031916,17.215193431923034,0.9327473992449649,Au,COMPLETE
5587,-1.0,2026-04-07 11:38:12.404416,2026-04-07 11:38:13.342790,0 days 00:00:00.938374,21.24571020122849,19.79925855974795,0.6561936019869943,Au,COMPLETE
5588,-1.0,2026-04-07 11:38:12.580224,2026-04-07 11:38:13.312395,0 days 00:00:00.732171,35.82311661587191,15.097335572467596,0.4008269401459533,Au,COMPLETE
5589,-1.0,2026-04-07 11:38:12.596372,2026-04-07 11:38:13.343814,0 days 00:00:00.747442,48.87276578571306,19.96101683335371,0.8178568452375412,Au,COMPLETE
5590,-1.0,2026-04-07 11:38:12.922742,2026-04-07 11:38:13.445491,0 days 00:00:00.522749,20.54694425273549,17.743024931211856,0.6537661226236233,Au,COMPLETE
5591,-1.0,2026-04-07 11:38:13.029415,2026-04-07 11:38:13.559338,0 days 00:00:00.529923,42.93188988935983,17.624152559378935,0.3628583608598539,Au,COMPLETE
5592,-1.0,2026-04-07 11:38:12.956989,2026-04-07 11:38:13.450006,0 days 00:00:00.493017,32.93661915340411,17.98277850999547,0.5994842703835408,Au,COMPLETE
5593,-1.0,2026-04-07 11:38:12.999844,2026-04-07 11:38:13.843225,0 days 00:00:00.843381,27.58917125090611,19.981542639869012,0.6340379135709612,Au,COMPLETE
5594,-1.0,2026-04-07 11:38:13.311384,2026-04-07 11:38:13.964848,0 days 00:00:00.653464,21.119702807727165,19.814542110253495,0.9875227170906313,Au,COMPLETE
5595,0.0,2026-04-07 11:38:13.485501,2026-04-07 11:38:14.188649,0 days 00:00:00.703148,31.777187066696385,19.996539017483183,0.5159437204251747,Au,PRUNED
5596,-1.0,2026-04-07 11:38:13.529002,2026-04-07 11:38:14.278520,0 days 00:00:00.749518,49.324433072608855,17.023810602720697,0.6824935524770943,Cu,COMPLETE
5597,0.0,2026-04-07 11:38:13.618131,2026-04-07 11:38:14.404527,0 days 00:00:00.786396,32.47698943966349,17.407560797937784,0.4967261862088572,Au,PRUNED
5598,-1.0,2026-04-07 11:38:13.732330,2026-04-07 11:38:14.387736,0 days 00:00:00.655406,36.61693961176235,18.168476806922317,0.7316448371057304,Au,COMPLETE
5599,-1.0,2026-04-07 11:38:13.752226,2026-04-07 11:38:14.387736,0 days 00:00:00.635510,21.139653258300317,17.042999498337384,0.48514822424201653,Au,COMPLETE
5600,-1.0,2026-04-07 11:38:13.711494,2026-04-07 11:38:14.277074,0 days 00:00:00.565580,33.00702404687869,19.91912270886873,0.6181002799354208,Au,COMPLETE
5601,0.0,2026-04-07 11:38:14.111606,2026-04-07 11:38:14.765621,0 days 00:00:00.654015,40.17488355426548,19.92522010603228,0.5600216119586324,Au,PRUNED
5602,0.0,2026-04-07 11:38:14.236997,2026-04-07 11:38:15.275061,0 days 00:00:01.038064,44.18851439555446,19.957440704096165,0.7878509403993768,Au,PRUNED
5603,-1.0,2026-04-07 11:38:14.252669,2026-04-07 11:38:15.000793,0 days 00:00:00.748124,31.847564028194803,17.7721999724472,1.1190379553620655,Au,COMPLETE
5604,-1.0,2026-04-07 11:38:14.379142,2026-04-07 11:38:15.276058,0 days 00:00:00.896916,45.39451833131688,17.579677136017544,0.6887123368482555,Au,COMPLETE
5605,0.0,2026-04-07 11:38:14.485985,2026-04-07 11:38:15.419049,0 days 00:00:00.933064,20.06033862895235,19.64233233659965,0.46871067080810946,Au,PRUNED
5606,-401.30023640656185,2026-04-07 11:38:14.596555,2026-04-07 11:38:15.834043,0 days 00:00:01.237488,20.395532516299202,19.89952444928625,0.8059471198200857,Au,COMPLETE
5607,-1.0,2026-04-07 11:38:14.673249,2026-04-07 11:38:15.622618,0 days 00:00:00.949369,36.127490674444964,19.95712769931978,0.9675872656006228,Au,COMPLETE
5608,-441.53746770019023,2026-04-07 11:38:14.740774,2026-04-07 11:38:15.923874,0 days 00:00:01.183100,21.118471947831868,19.85684064433763,0.9358745746874418,Au,COMPLETE
5609,0.0,2026-04-07 11:38:14.895662,2026-04-07 11:38:15.835051,0 days 00:00:00.939389,44.96730200895704,16.94069760814942,0.9561899850831975,Au,PRUNED
5610,-444.98697916659717,2026-04-07 11:38:15.352563,2026-04-07 11:38:16.016316,0 days 00:00:00.663753,20.843501633243527,19.981934296838755,1.022166168581824,Au,COMPLETE
5611,0.0,2026-04-07 11:38:15.416093,2026-04-07 11:38:16.485125,0 days 00:00:01.069032,44.932235211463265,16.664243476891063,1.1570572060271032,Au,PRUNED
5612,-448.49081364822314,2026-04-07 11:38:15.507002,2026-04-07 11:38:16.432632,0 days 00:00:00.925630,21.42309194208357,19.92232987248629,0.644142069712251,Au,COMPLETE
5613,0.0,2026-04-07 11:38:15.621606,2026-04-07 11:38:16.204039,0 days 00:00:00.582433,32.51103630112935,17.66202618927725,0.44386683255258846,Au,PRUNED
5614,-1.0,2026-04-07 11:38:15.908849,2026-04-07 11:38:16.442424,0 days 00:00:00.533575,21.060415366023488,19.66636736583108,0.3485429161594199,Cu,COMPLETE
5615,0.0,2026-04-07 11:38:15.952328,2026-04-07 11:38:16.714491,0 days 00:00:00.762163,39.73258185649147,19.98420247570565,0.7438477442259787,Au,PRUNED
5616,0.0,2026-04-07 11:38:16.019989,2026-04-07 11:38:16.758866,0 days 00:00:00.738877,48.23446530747182,19.99299309864625,0.3765197285657538,Au,PRUNED
5617,-1.0,2026-04-07 11:38:16.205168,2026-04-07 11:38:17.053632,0 days 00:00:00.848464,33.928730651375815,17.68126978128372,0.60027990514779,Au,COMPLETE
5618,0.0,2026-04-07 11:38:16.246881,2026-04-07 11:38:17.107711,0 days 00:00:00.860830,35.164489876450716,19.976644653240225,0.3463574106328516,Au,PRUNED
5619,0.0,2026-04-07 11:38:16.314512,2026-04-07 11:38:17.104638,0 days 00:00:00.790126,20.32919372155473,17.4382427355882,0.6927087950492452,Au,PRUNED
5620,-1.0,2026-04-07 11:38:16.592855,2026-04-07 11:38:17.239768,0 days 00:00:00.646913,28.35167163779539,15.157746229184038,0.6297156479759654,Au,COMPLETE
5621,-1.0,2026-04-07 11:38:16.676102,2026-04-07 11:38:17.381596,0 days 00:00:00.705494,20.64304311952979,18.22696840599571,0.4090551226320692,Au,COMPLETE
5622,-0.29342723004694005,2026-04-07 11:38:16.743158,2026-04-07 11:38:17.630911,0 days 00:00:00.887753,49.89879007579274,14.770686748359829,0.634498211947623,Au,PRUNED
5623,0.0,2026-04-07 11:38:16.853897,2026-04-07 11:38:17.574331,0 days 00:00:00.720434,20.196619980854496,14.818199219948305,0.6985707398276612,Au,PRUNED
5624,0.0,2026-04-07 11:38:16.897725,2026-04-07 11:38:17.572329,0 days 00:00:00.674604,22.26909220515037,14.505510851073664,0.41786774698295825,Au,PRUNED
5625,-4.761904761904217,2026-04-07 11:38:17.173351,2026-04-07 11:38:17.977145,0 days 00:00:00.803794,30.95360022527673,14.361966929879166,0.6155087190064905,Au,PRUNED
5626,0.0,2026-04-07 11:38:17.235650,2026-04-07 11:38:18.085585,0 days 00:00:00.849935,33.81057596047064,17.74716563287846,0.7108479115787654,Au,PRUNED
5627,-1.0,2026-04-07 11:38:17.198796,2026-04-07 11:38:17.910205,0 days 00:00:00.711409,30.005498014634647,15.329226161190684,0.34545107454618146,Au,COMPLETE
5628,0.0,2026-04-07 11:38:17.456709,2026-04-07 11:38:18.178496,0 days 00:00:00.721787,33.86695128965727,18.255954870943278,0.3390144101508944,Au,PRUNED
5629,-1.0,2026-04-07 11:38:17.667521,2026-04-07 11:38:18.524484,0 days 00:00:00.856963,32.623373194911636,17.782810661135954,0.555296351929409,Au,COMPLETE
5630,-11.79245283018779,2026-04-07 11:38:17.683693,2026-04-07 11:38:18.508261,0 days 00:00:00.824568,37.21337445293631,13.634353780524684,0.3587714446376725,Cu,PRUNED
5631,-1.0,2026-04-07 11:38:17.735909,2026-04-07 11:38:18.385108,0 days 00:00:00.649199,83.98247569210457,3.389245562911446,1.3555255320782005,Au,COMPLETE
5632,0.0,2026-04-07 11:38:17.754184,2026-04-07 11:38:18.665760,0 days 00:00:00.911576,35.054538528025525,19.892541718760903,0.3818748899960392,Au,PRUNED
5633,0.0,2026-04-07 11:38:18.081048,2026-04-07 11:38:18.874490,0 days 00:00:00.793442,36.08999111608043,19.95661276066231,0.3728199542937817,Au,PRUNED
5634,-9.9999999999984,2026-04-07 11:38:18.115925,2026-04-07 11:38:19.218705,0 days 00:00:01.102780,21.627011318786106,19.866210317507218,0.7044198386175959,Au,PRUNED
5635,0.0,2026-04-07 11:38:18.198123,2026-04-07 11:38:19.026275,0 days 00:00:00.828152,37.96181984845626,17.478577733066686,0.4811045130891114,Au,PRUNED
5636,-1.0,2026-04-07 11:38:18.296139,2026-04-07 11:38:18.773165,0 days 00:00:00.477026,33.7976587807075,19.919315853623583,0.6742997742095521,Au,COMPLETE
5637,0.0,2026-04-07 11:38:18.562149,2026-04-07 11:38:19.497574,0 days 00:00:00.935425,31.10784768429799,19.961186213138664,0.4126117990717167,Au,PRUNED
5638,-1.0,2026-04-07 11:38:18.612640,2026-04-07 11:38:19.363642,0 days 00:00:00.751002,33.07224790272291,17.029938359221795,0.45966675187375977,Au,COMPLETE
5639,-1.0,2026-04-07 11:38:18.712929,2026-04-07 11:38:19.549182,0 days 00:00:00.836253,31.433588912968982,17.481484588321575,0.5826974476134277,Au,COMPLETE
5640,-1.0,2026-04-07 11:38:18.777751,2026-04-07 11:38:19.395969,0 days 00:00:00.618218,44.21797521228783,17.884917583361,0.7165965584618929,Au,COMPLETE
5641,-1.0,2026-04-07 11:38:19.000212,2026-04-07 11:38:19.664263,0 days 00:00:00.664051,35.56368690258316,17.620454679122204,0.5857530581171413,Au,COMPLETE
5642,-452.0502645501923,2026-04-07 11:38:19.045850,2026-04-07 11:38:20.054014,0 days 00:00:01.008164,21.389451504171387,19.94961375833474,0.6770546412170065,Au,COMPLETE
5643,0.0,2026-04-07 11:38:19.124347,2026-04-07 11:38:19.695444,0 days 00:00:00.571097,36.38328277670527,19.89643305792417,0.10696315719813446,Au,PRUNED
5644,-1.0,2026-04-07 11:38:19.412030,2026-04-07 11:38:20.288055,0 days 00:00:00.876025,22.366990418070433,19.993754758992242,0.6742492111271492,Au,COMPLETE
5645,-1.0,2026-04-07 11:38:19.538590,2026-04-07 11:38:20.479682,0 days 00:00:00.941092,35.04586541468565,19.93239708475764,0.48704255821181264,Au,COMPLETE
5646,0.0,2026-04-07 11:38:19.622465,2026-04-07 11:38:20.375481,0 days 00:00:00.753016,33.774081014309154,18.06876272741419,0.6223424335758339,Au,PRUNED
5647,0.0,2026-04-07 11:38:19.750466,2026-04-07 11:38:20.826850,0 days 00:00:01.076384,20.148156996110274,18.46995345810155,0.33679909398303653,Au,PRUNED
5648,4.761904761904217,2026-04-07 11:38:19.931348,2026-04-07 11:38:20.826850,0 days 00:00:00.895502,31.877417195267682,15.053767027520315,0.5246070233335769,Au,PRUNED
5649,81.48148148147907,2026-04-07 11:38:19.977007,2026-04-07 11:38:20.630628,0 days 00:00:00.653621,29.549760403813984,17.66630270604077,0.5824578460226971,Au,PRUNED
5650,-1.0,2026-04-07 11:38:20.017119,2026-04-07 11:38:20.739058,0 days 00:00:00.721939,33.88303710769321,17.5418707483714,0.3127461997279113,Au,COMPLETE
5651,0.0,2026-04-07 11:38:20.380166,2026-04-07 11:38:21.338641,0 days 00:00:00.958475,20.731984330808167,19.618042635439174,0.16492912114890856,Au,PRUNED
5652,0.0,2026-04-07 11:38:20.451566,2026-04-07 11:38:21.205601,0 days 00:00:00.754035,20.192462288101865,17.863874269030802,0.33745857101607896,Au,PRUNED
5653,-1.0,2026-04-07 11:38:20.504615,2026-04-07 11:38:21.340645,0 days 00:00:00.836030,21.196952067188157,17.27650335395908,0.43940988240897055,Au,COMPLETE
5654,0.0,2026-04-07 11:38:20.716109,2026-04-07 11:38:21.442385,0 days 00:00:00.726276,20.123555424511455,19.348249372566364,0.38900702923492003,Au,PRUNED
5655,-1.0,2026-04-07 11:38:20.763738,2026-04-07 11:38:21.414642,0 days 00:00:00.650904,53.11685862823225,19.91758664166459,0.5342318923325837,Au,COMPLETE
5656,0.0,2026-04-07 11:38:20.930457,2026-04-07 11:38:21.665001,0 days 00:00:00.734544,20.41338882965992,18.277473665716094,0.5283340413724393,Au,PRUNED
5657,-367.10239651411337,2026-04-07 11:38:20.956339,2026-04-07 11:38:21.598339,0 days 00:00:00.642000,20.126548129021398,19.826827806145587,0.6635038522248423,Au,COMPLETE
5658,-1.0,2026-04-07 11:38:21.034028,2026-04-07 11:38:21.665001,0 days 00:00:00.630973,22.578141641129935,19.78633569144535,0.3444610828146388,Au,COMPLETE
5659,-1.0,2026-04-07 11:38:21.311697,2026-04-07 11:38:22.090483,0 days 00:00:00.778786,20.047640717281627,15.090485193664506,0.6339952859247525,Au,COMPLETE
5660,-1.0,2026-04-07 11:38:21.382024,2026-04-07 11:38:22.087183,0 days 00:00:00.705159,20.21787042009502,17.502458354200048,0.6726183907948529,Au,COMPLETE
5661,-1.0,2026-04-07 11:38:21.562810,2026-04-07 11:38:22.128455,0 days 00:00:00.565645,30.35302718422922,17.318046057103707,0.26265767054612743,Au,COMPLETE
5662,-1.0,2026-04-07 11:38:21.722085,2026-04-07 11:38:22.270805,0 days 00:00:00.548720,34.25533389156978,17.566484850619478,0.5236148603606663,Au,COMPLETE
5663,0.0,2026-04-07 11:38:21.741823,2026-04-07 11:38:22.419109,0 days 00:00:00.677286,22.461376233705103,16.89032167699309,0.4595794162189786,Au,PRUNED
5664,79.93827160493589,2026-04-07 11:38:21.797099,2026-04-07 11:38:22.474026,0 days 00:00:00.676927,32.6443255373821,17.27941414964915,0.2532167069372946,Au,PRUNED
5665,-1.0,2026-04-07 11:38:21.831722,2026-04-07 11:38:22.569647,0 days 00:00:00.737925,21.153527058168336,19.57763750766428,0.3467698854004826,Au,COMPLETE
5666,-1.0,2026-04-07 11:38:22.003314,2026-04-07 11:38:22.552959,0 days 00:00:00.549645,34.06910718459983,19.905227220331902,0.25687037617109526,Au,COMPLETE
5667,-1.0,2026-04-07 11:38:22.220809,2026-04-07 11:38:22.898862,0 days 00:00:00.678053,21.74346529843827,17.08710910833373,0.504620563435219,Au,COMPLETE
5668,-1.0,2026-04-07 11:38:22.317287,2026-04-07 11:38:22.899868,0 days 00:00:00.582581,26.541865957622086,19.940556467368538,0.5822944872328901,Au,COMPLETE
5669,-1.0,2026-04-07 11:38:22.456988,2026-04-07 11:38:23.254987,0 days 00:00:00.797999,20.812502823975787,17.86009879495735,0.6011722831763568,Au,COMPLETE
5670,-354.6940928269596,2026-04-07 11:38:22.478271,2026-04-07 11:38:23.337230,0 days 00:00:00.858959,20.52419324807221,19.449801105873192,0.5615831065260606,Au,COMPLETE
5671,-1.0,2026-04-07 11:38:22.609121,2026-04-07 11:38:23.201280,0 days 00:00:00.592159,39.04448516308511,19.896767756359303,0.4094092873298792,Au,COMPLETE
5672,-1.0,2026-04-07 11:38:22.554524,2026-04-07 11:38:23.241418,0 days 00:00:00.686894,36.0961176159426,19.986389557566355,0.6646366695585155,Au,COMPLETE
5673,0.0,2026-04-07 11:38:22.764965,2026-04-07 11:38:23.398303,0 days 00:00:00.633338,37.19276626645366,19.84954719024511,0.5906111483095271,Au,PRUNED
5674,0.0,2026-04-07 11:38:22.777181,2026-04-07 11:38:23.521638,0 days 00:00:00.744457,34.58899071462466,17.911787582840834,0.640112097345755,Au,PRUNED
5675,-1.0,2026-04-07 11:38:23.071798,2026-04-07 11:38:24.035856,0 days 00:00:00.964058,20.006241607724405,19.72050299726232,0.5214661334124842,Au,COMPLETE
5676,0.0,2026-04-07 11:38:23.117381,2026-04-07 11:38:24.081892,0 days 00:00:00.964511,20.122966715827207,19.44082400463454,0.3863008585722517,Au,PRUNED
5677,-372.7924944811867,2026-04-07 11:38:23.418001,2026-04-07 11:38:24.285952,0 days 00:00:00.867951,20.144017188816857,19.703880686065354,0.8674572402238802,Au,COMPLETE
5678,-7.44047619047566,2026-04-07 11:38:23.444096,2026-04-07 11:38:24.512394,0 days 00:00:01.068298,25.026607386933726,14.71124482031285,0.46299444707165577,Ag,PRUNED
5679,-1.0,2026-04-07 11:38:23.477780,2026-04-07 11:38:24.077538,0 days 00:00:00.599758,20.853604048308704,17.364876824514816,0.49741698946227997,Au,COMPLETE
5680,0.0,2026-04-07 11:38:23.556106,2026-04-07 11:38:24.251374,0 days 00:00:00.695268,34.909324295765835,19.748143616262013,0.59996306384777,Au,PRUNED
5681,-1.0,2026-04-07 11:38:23.574487,2026-04-07 11:38:24.312867,0 days 00:00:00.738380,20.306209710974386,17.30316652058061,0.5254981655745589,Au,COMPLETE
5682,-1.0,2026-04-07 11:38:23.631271,2026-04-07 11:38:24.172389,0 days 00:00:00.541118,20.213150909933127,19.84181901604185,0.6191652553995104,Au,COMPLETE
5683,-1.0,2026-04-07 11:38:24.145436,2026-04-07 11:38:25.012914,0 days 00:00:00.867478,20.37268163877829,19.8079446657545,0.5827471576364911,Au,COMPLETE
5684,-1.0,2026-04-07 11:38:24.283292,2026-04-07 11:38:24.967002,0 days 00:00:00.683710,20.33675403206785,17.247093199880794,0.5991874112102753,Au,COMPLETE
5685,0.0,2026-04-07 11:38:24.361214,2026-04-07 11:38:25.216127,0 days 00:00:00.854913,30.37211291060623,19.973855250922444,0.4000133577358177,Au,PRUNED
5686,0.0,2026-04-07 11:38:24.445624,2026-04-07 11:38:25.466218,0 days 00:00:01.020594,28.134387279626264,19.873011086975467,0.5864370171128126,Au,PRUNED
5687,0.0,2026-04-07 11:38:24.536292,2026-04-07 11:38:25.363300,0 days 00:00:00.827008,46.613915698368096,17.152062424493458,0.34769723161242294,Au,PRUNED
5688,-1.0,2026-04-07 11:38:24.556363,2026-04-07 11:38:25.325693,0 days 00:00:00.769330,29.737155774282275,19.967176015242213,0.5181066224221238,Au,COMPLETE
5689,0.0,2026-04-07 11:38:24.565364,2026-04-07 11:38:25.321618,0 days 00:00:00.756254,20.200422232626558,18.057292292364746,0.10744654752681981,Au,PRUNED
5690,-430.87121212114675,2026-04-07 11:38:24.638780,2026-04-07 11:38:25.335765,0 days 00:00:00.696985,20.565621671995775,19.93848855143253,1.0297167617543848,Au,COMPLETE
5691,-1.0,2026-04-07 11:38:25.235024,2026-04-07 11:38:25.969399,0 days 00:00:00.734375,30.753996925577045,19.92200236941458,0.21382223541672946,Au,COMPLETE
5692,0.0,2026-04-07 11:38:25.297020,2026-04-07 11:38:26.083898,0 days 00:00:00.786878,31.199567746911022,18.04290203650345,0.7606943230604366,Au,PRUNED
5693,-1.0,2026-04-07 11:38:25.339270,2026-04-07 11:38:26.110357,0 days 00:00:00.771087,20.075477228280285,15.678231364904008,0.8656727248593414,Au,COMPLETE
5694,-1.0,2026-04-07 11:38:25.403094,2026-04-07 11:38:26.142033,0 days 00:00:00.738939,100.07538661198774,14.187576541001546,0.8569947352280849,Cu,COMPLETE
5695,-407.6738609112121,2026-04-07 11:38:25.529477,2026-04-07 11:38:26.300078,0 days 00:00:00.770601,20.58682876843831,19.78979343347509,0.8527897606527325,Au,COMPLETE
5696,-1.0,2026-04-07 11:38:25.547452,2026-04-07 11:38:26.163489,0 days 00:00:00.616037,32.10951212061424,14.634105378395613,0.31051738335993473,Au,COMPLETE
5697,-1.0,2026-04-07 11:38:25.715966,2026-04-07 11:38:26.390053,0 days 00:00:00.674087,20.313057840672037,19.756001283521755,0.6006572026172036,Au,COMPLETE
5698,-1.0,2026-04-07 11:38:25.784910,2026-04-07 11:38:26.282836,0 days 00:00:00.497926,30.06819694396797,19.696463298901513,0.1082980652662292,Au,COMPLETE
5699,0.0,2026-04-07 11:38:26.082849,2026-04-07 11:38:26.906361,0 days 00:00:00.823512,20.387731683045097,17.798089154524376,0.5943633750435129,Au,PRUNED
5700,0.0,2026-04-07 11:38:26.169086,2026-04-07 11:38:27.117552,0 days 00:00:00.948466,33.69055258011081,19.935695312295714,0.7351575468974931,Au,PRUNED
5701,0.0,2026-04-07 11:38:26.301079,2026-04-07 11:38:26.946453,0 days 00:00:00.645374,30.929302046639627,17.76186330793349,0.7016013293975427,Au,PRUNED
5702,0.0,2026-04-07 11:38:26.331395,2026-04-07 11:38:27.088286,0 days 00:00:00.756891,20.09431695843257,19.470964344544136,0.4177541284266848,Au,PRUNED
5703,-1.0,2026-04-07 11:38:26.392563,2026-04-07 11:38:26.940938,0 days 00:00:00.548375,33.61142301703704,17.935188439599408,0.7127524489550126,Au,COMPLETE
5704,-1.0,2026-04-07 11:38:26.490021,2026-04-07 11:38:27.267525,0 days 00:00:00.777504,105.67594418997024,4.9953485914112745,0.8739848166976631,Au,COMPLETE
5705,-1.0,2026-04-07 11:38:26.517653,2026-04-07 11:38:27.118651,0 days 00:00:00.600998,28.290781755813413,19.791515746839185,0.41014199994182643,Ag,COMPLETE
5706,-13.888888888887731,2026-04-07 11:38:26.576540,2026-04-07 11:38:27.734613,0 days 00:00:01.158073,32.28908482337908,17.178914801728617,0.40938680237204556,Ag,PRUNED
5707,-32.05128205127712,2026-04-07 11:38:27.036066,2026-04-07 11:38:27.844576,0 days 00:00:00.808510,37.07244240194447,18.083671848439003,0.5389398695915464,Ag,PRUNED
5708,0.0,2026-04-07 11:38:26.980097,2026-04-07 11:38:27.957567,0 days 00:00:00.977470,32.71645059666586,18.08107815549929,0.3357771109692017,Au,PRUNED
5709,-1.0,2026-04-07 11:38:27.095709,2026-04-07 11:38:27.954670,0 days 00:00:00.858961,20.24289698448413,17.579339602268064,0.3029344832376617,Au,COMPLETE
5710,-1.0,2026-04-07 11:38:27.123068,2026-04-07 11:38:27.871581,0 days 00:00:00.748513,32.478954555733935,17.352158800630107,0.8369227184683431,Au,COMPLETE
5711,-1.0,2026-04-07 11:38:27.335820,2026-04-07 11:38:27.897471,0 days 00:00:00.561651,39.33616437107494,15.054507040832203,0.6322369098873262,Au,COMPLETE
5712,0.0,2026-04-07 11:38:27.485961,2026-04-07 11:38:28.419313,0 days 00:00:00.933352,20.1816228209984,17.818266907718264,0.3214774063088471,Au,PRUNED
5713,-1.0,2026-04-07 11:38:27.579308,2026-04-07 11:38:28.371866,0 days 00:00:00.792558,20.816980822053072,19.934634025442858,0.5763014000404634,Au,COMPLETE
5714,0.0,2026-04-07 11:38:27.859670,2026-04-07 11:38:28.671058,0 days 00:00:00.811388,34.33853334832737,19.978059850806115,1.0209389629253756,Au,PRUNED
5715,-1.0,2026-04-07 11:38:27.904756,2026-04-07 11:38:28.757574,0 days 00:00:00.852818,30.741347603651274,17.702827207472904,0.3366992014683914,Au,COMPLETE
5716,-1.0,2026-04-07 11:38:27.956062,2026-04-07 11:38:29.070701,0 days 00:00:01.114639,32.730104110707614,17.141173074873905,0.10623436088305507,Au,COMPLETE
5717,0.0,2026-04-07 11:38:28.052200,2026-04-07 11:38:28.978527,0 days 00:00:00.926327,20.01728314971293,19.15723232739854,0.4181705014284734,Au,PRUNED
5718,0.0,2026-04-07 11:38:28.076586,2026-04-07 11:38:29.054195,0 days 00:00:00.977609,33.80258219622087,17.53311183453793,0.7764578682309196,Au,PRUNED
5719,-404.16666666660814,2026-04-07 11:38:28.227127,2026-04-07 11:38:29.398007,0 days 00:00:01.170880,20.360072909883286,19.88961539100073,0.8596082297592555,Au,COMPLETE
5720,0.0,2026-04-07 11:38:28.615665,2026-04-07 11:38:29.484681,0 days 00:00:00.869016,33.978992882301334,17.52582785868425,0.7332931029863847,Au,PRUNED
5721,0.0,2026-04-07 11:38:28.669047,2026-04-07 11:38:29.338264,0 days 00:00:00.669217,30.97975762342334,19.947973299994867,0.716717181524009,Au,PRUNED
5722,-1.0,2026-04-07 11:38:28.722523,2026-04-07 11:38:29.601057,0 days 00:00:00.878534,48.69153127628954,8.7663844427287,1.9729822954910787,Cu,COMPLETE
5723,-1.0,2026-04-07 11:38:28.972150,2026-04-07 11:38:29.646956,0 days 00:00:00.674806,32.03694859062588,18.09141307242243,0.7128405549843766,Au,COMPLETE
5724,-1.0,2026-04-07 11:38:29.168648,2026-04-07 11:38:29.791808,0 days 00:00:00.623160,94.68514797962106,13.658368164462436,1.948373819277934,Au,COMPLETE
5725,-1.0,2026-04-07 11:38:29.220128,2026-04-07 11:38:29.981630,0 days 00:00:00.761502,30.28000456219757,17.116115193447577,0.3819642238244042,Cu,COMPLETE
5726,-1.0,2026-04-07 11:38:29.361463,2026-04-07 11:38:29.856133,0 days 00:00:00.494670,45.65297768556095,19.880173764359103,0.6730339160899875,Au,COMPLETE
5727,0.0,2026-04-07 11:38:29.417623,2026-04-07 11:38:30.303227,0 days 00:00:00.885604,46.52523667680255,19.53185957211143,0.6011941746413146,Au,PRUNED
5728,0.0,2026-04-07 11:38:29.580904,2026-04-07 11:38:30.428589,0 days 00:00:00.847685,31.86941746937763,17.735847536352075,0.6666199740940899,Au,PRUNED
5729,0.0,2026-04-07 11:38:29.646385,2026-04-07 11:38:30.397166,0 days 00:00:00.750781,50.554231432277746,18.153534144931374,0.526846131535424,Au,PRUNED
5730,-1.0,2026-04-07 11:38:29.778137,2026-04-07 11:38:30.429588,0 days 00:00:00.651451,20.341025024048037,19.638611998909084,0.4867145439688239,Au,COMPLETE
5731,0.0,2026-04-07 11:38:29.915170,2026-04-07 11:38:30.731008,0 days 00:00:00.815838,33.182277317578325,19.998000920469774,0.6620657795930418,Au,PRUNED
5732,-23.809523809519273,2026-04-07 11:38:29.987725,2026-04-07 11:38:30.893245,0 days 00:00:00.905520,63.97920128277742,8.627144928752271,1.7298465489488852,Ag,PRUNED
5733,-1.0,2026-04-07 11:38:30.162777,2026-04-07 11:38:30.894256,0 days 00:00:00.731479,35.8818168577016,16.86760324848259,0.7229202612652749,Cu,COMPLETE
5734,-1.0,2026-04-07 11:38:30.189618,2026-04-07 11:38:30.997447,0 days 00:00:00.807829,35.531165386022465,19.74658074063324,0.9098130102199792,Ag,COMPLETE
5735,-1.0,2026-04-07 11:38:30.389498,2026-04-07 11:38:31.065083,0 days 00:00:00.675585,20.30731024963835,19.535698200416533,0.8031648912771958,Ag,COMPLETE
5736,-1.0,2026-04-07 11:38:30.459158,2026-04-07 11:38:31.064075,0 days 00:00:00.604917,21.290106617875793,19.84337767285515,0.7210524390455512,Au,COMPLETE
5737,-1.0,2026-04-07 11:38:30.584228,2026-04-07 11:38:31.191209,0 days 00:00:00.606981,20.00714578049705,19.899722130288033,0.7066284707910871,Au,COMPLETE
5738,-9.9999999999984,2026-04-07 11:38:30.754700,2026-04-07 11:38:31.371814,0 days 00:00:00.617114,21.29781938108777,19.96764584152309,0.8080067071372706,Au,PRUNED
5739,-1.0,2026-04-07 11:38:30.802380,2026-04-07 11:38:31.361715,0 days 00:00:00.559335,29.608552773943373,17.817021874250006,0.8248786958040046,Au,COMPLETE
5740,0.0,2026-04-07 11:38:31.124342,2026-04-07 11:38:31.975235,0 days 00:00:00.850893,32.26032505070806,19.97588426060853,0.7066468621983439,Au,PRUNED
5741,-1.0,2026-04-07 11:38:31.094817,2026-04-07 11:38:31.710095,0 days 00:00:00.615278,33.69508648965966,17.497052465500847,0.4775628508061688,Au,COMPLETE
5742,-1.0,2026-04-07 11:38:31.270732,2026-04-07 11:38:31.929015,0 days 00:00:00.658283,54.476387755401745,18.652954939223825,0.10706931827362198,Au,COMPLETE
5743,-1.0,2026-04-07 11:38:31.407866,2026-04-07 11:38:32.064336,0 days 00:00:00.656470,29.731579011864504,17.881172642409886,0.6575532020969573,Au,COMPLETE
5744,0.0,2026-04-07 11:38:31.375360,2026-04-07 11:38:32.179112,0 days 00:00:00.803752,32.60531937698446,19.69975996424528,0.5918312743936212,Au,PRUNED
5745,0.0,2026-04-07 11:38:30.979092,2026-04-07 11:38:32.180112,0 days 00:00:01.201020,20.129961904752182,17.50081344823996,0.6697984193370017,Au,PRUNED
5746,-1.0,2026-04-07 11:38:31.471599,2026-04-07 11:38:32.255350,0 days 00:00:00.783751,31.376736431723995,19.80562532708044,0.4886821269061578,Au,COMPLETE
5747,3.571428571428163,2026-04-07 11:38:31.783380,2026-04-07 11:38:32.647959,0 days 00:00:00.864579,31.266042306984577,15.286383048701417,0.5332414519826618,Au,PRUNED
5748,-1.0,2026-04-07 11:38:31.902143,2026-04-07 11:38:32.684018,0 days 00:00:00.781875,34.45687705578278,1.9326873821983366,0.9438866787678262,Ag,COMPLETE
5749,-1.0,2026-04-07 11:38:32.155677,2026-04-07 11:38:32.900866,0 days 00:00:00.745189,44.203808573511445,19.874537439575292,0.3583757364180916,Au,COMPLETE
5750,-1.0,2026-04-07 11:38:32.205766,2026-04-07 11:38:32.795131,0 days 00:00:00.589365,21.24587477881787,19.790313759242007,0.6284268468881229,Au,COMPLETE
5751,-1.0,2026-04-07 11:38:32.227476,2026-04-07 11:38:32.803395,0 days 00:00:00.575919,32.90558419783823,14.666342201104833,0.7837936556346626,Au,COMPLETE
5752,-1.0,2026-04-07 11:38:32.130364,2026-04-07 11:38:32.901870,0 days 00:00:00.771506,33.65113358519157,17.583974413644352,0.9102298033391553,Au,COMPLETE
5753,0.0,2026-04-07 11:38:32.286927,2026-04-07 11:38:33.194071,0 days 00:00:00.907144,34.6728054503478,17.787776779137307,0.5300198212998163,Au,PRUNED
5754,-1.0,2026-04-07 11:38:32.478600,2026-04-07 11:38:32.972539,0 days 00:00:00.493939,33.262821788223405,15.396190897419405,0.5724695293155948,Au,COMPLETE
5755,-1.0,2026-04-07 11:38:32.732235,2026-04-07 11:38:33.194071,0 days 00:00:00.461836,46.3404045379654,19.986498752828783,0.6397880486952015,Au,COMPLETE
5756,0.0,2026-04-07 11:38:32.858019,2026-04-07 11:38:33.773153,0 days 00:00:00.915134,36.42962312588934,17.95056506886979,0.43511447043711515,Au,PRUNED
5757,-1.0,2026-04-07 11:38:32.962579,2026-04-07 11:38:33.831957,0 days 00:00:00.869378,20.172298380508835,19.715127736177166,0.7856548384019759,Au,COMPLETE
5758,0.0,2026-04-07 11:38:33.072867,2026-04-07 11:38:33.991367,0 days 00:00:00.918500,32.25639766949496,19.861819572320773,0.2978394247722409,Au,PRUNED
5759,-1.0,2026-04-07 11:38:33.094488,2026-04-07 11:38:33.880789,0 days 00:00:00.786301,20.167426928027623,16.883964026532475,0.8097140084416987,Au,COMPLETE
5760,-1.0,2026-04-07 11:38:33.154293,2026-04-07 11:38:33.762011,0 days 00:00:00.607718,20.111112851140994,19.9800925133958,1.052364079006461,Au,COMPLETE
5761,0.0,2026-04-07 11:38:33.180571,2026-04-07 11:38:33.955819,0 days 00:00:00.775248,20.6310653981174,14.344931756565783,0.3862026505004321,Au,PRUNED
5762,-398.1807511736532,2026-04-07 11:38:33.318323,2026-04-07 11:38:33.988823,0 days 00:00:00.670500,20.3227727445214,19.954535047007457,0.7600645914096082,Au,COMPLETE
5763,-1.0,2026-04-07 11:38:33.534586,2026-04-07 11:38:33.994365,0 days 00:00:00.459779,33.5099108034179,19.98097301432515,0.5516595663932025,Au,COMPLETE
5764,80.55555555555317,2026-04-07 11:38:33.895592,2026-04-07 11:38:34.778629,0 days 00:00:00.883037,30.20500305322222,18.100983304558284,0.5715694673371692,Au,PRUNED
5765,-10.057471264367123,2026-04-07 11:38:34.035357,2026-04-07 11:38:35.142233,0 days 00:00:01.106876,34.730981042157566,7.568366757618903,0.6182143433782334,Au,PRUNED
5766,0.0,2026-04-07 11:38:34.061458,2026-04-07 11:38:34.776251,0 days 00:00:00.714793,20.571959139062464,17.238431091461543,0.7913475313979559,Au,PRUNED
5767,-1.0,2026-04-07 11:38:34.127652,2026-04-07 11:38:34.943518,0 days 00:00:00.815866,32.26227571963242,17.752606943843507,0.8710746460991327,Au,COMPLETE
5768,-1.0,2026-04-07 11:38:34.166828,2026-04-07 11:38:34.777628,0 days 00:00:00.610800,20.221063135356424,17.649532945032497,0.7893214167523883,Au,COMPLETE
5769,-1.0,2026-04-07 11:38:34.180296,2026-04-07 11:38:34.774207,0 days 00:00:00.593911,33.15989436198433,17.567703978284896,0.5172888651373564,Au,COMPLETE
5770,0.0,2026-04-07 11:38:34.243392,2026-04-07 11:38:34.778629,0 days 00:00:00.535237,32.62957364603366,19.944743502229038,0.4210445938915776,Au,PRUNED
5771,-1.0,2026-04-07 11:38:34.496533,2026-04-07 11:38:34.832256,0 days 00:00:00.335723,31.339799641312236,17.328641926784783,0.3331524142996175,Au,COMPLETE
5772,0.0,2026-04-07 11:38:34.910350,2026-04-07 11:38:35.640781,0 days 00:00:00.730431,20.438728754795992,18.54727977790869,0.28470822469024787,Au,PRUNED
5773,0.0,2026-04-07 11:38:34.962352,2026-04-07 11:38:35.782555,0 days 00:00:00.820203,31.601102862714143,19.832635645565457,0.4919020428259122,Au,PRUNED
5774,-1.0,2026-04-07 11:38:34.981875,2026-04-07 11:38:35.705102,0 days 00:00:00.723227,36.47058483372684,19.860378844054527,1.0267184119509007,Au,COMPLETE
5775,-1.0,2026-04-07 11:38:35.024992,2026-04-07 11:38:35.698843,0 days 00:00:00.673851,20.867013970156425,17.732408547669806,0.3156990127214275,Au,COMPLETE
5776,-1.0,2026-04-07 11:38:35.174270,2026-04-07 11:38:35.782555,0 days 00:00:00.608285,34.65518600572743,19.888650637115028,1.1481668112409376,Au,COMPLETE
5777,0.0,2026-04-07 11:38:35.191231,2026-04-07 11:38:35.844611,0 days 00:00:00.653380,44.511996904455785,17.88032511233789,0.9864772827591204,Au,PRUNED
5778,3.4722222222218364,2026-04-07 11:38:35.253070,2026-04-07 11:38:36.026342,0 days 00:00:00.773272,31.376807249920784,14.775000951672766,0.8513277931629497,Au,PRUNED
5779,0.0,2026-04-07 11:38:35.429131,2026-04-07 11:38:36.338716,0 days 00:00:00.909585,20.09703980488123,14.373990185862631,0.5898010065614192,Au,PRUNED
5780,-1.0,2026-04-07 11:38:35.725843,2026-04-07 11:38:36.580773,0 days 00:00:00.854930,21.270792031155953,17.399729758987394,0.9376681250403824,Ag,COMPLETE
5781,0.0,2026-04-07 11:38:35.769352,2026-04-07 11:38:36.798732,0 days 00:00:01.029380,29.27702394512284,19.904502142092323,0.3251321748119108,Au,PRUNED
5782,-1.0,2026-04-07 11:38:35.813401,2026-04-07 11:38:36.567585,0 days 00:00:00.754184,49.19828300067053,18.112443157704742,0.7386086020729923,Au,COMPLETE
5783,0.0,2026-04-07 11:38:35.961048,2026-04-07 11:38:36.766997,0 days 00:00:00.805949,20.2462336590921,15.659047942712649,0.6626746286895095,Au,PRUNED
5784,-1.0,2026-04-07 11:38:35.987367,2026-04-07 11:38:36.679674,0 days 00:00:00.692307,32.711709807410124,19.936562799810247,0.7912443163883438,Au,COMPLETE
5785,0.0,2026-04-07 11:38:36.040257,2026-04-07 11:38:36.746458,0 days 00:00:00.706201,31.077593921759707,19.866856630643237,0.28149915678873594,Au,PRUNED
5786,0.0,2026-04-07 11:38:36.124038,2026-04-07 11:38:36.745451,0 days 00:00:00.621413,20.09661441664176,14.659088262920317,0.7295288052606212,Au,PRUNED
5787,-1.0,2026-04-07 11:38:36.404894,2026-04-07 11:38:36.959988,0 days 00:00:00.555094,45.71101179274388,19.99342949399206,0.9157025723821093,Au,COMPLETE
5788,4.9999999999996,2026-04-07 11:38:36.755733,2026-04-07 11:38:37.697410,0 days 00:00:00.941677,30.943670916814295,15.89019116263045,0.570587689920694,Au,PRUNED
5789,-1.0,2026-04-07 11:38:36.775965,2026-04-07 11:38:37.608735,0 days 00:00:00.832770,77.74245294240335,17.895924438575896,1.6740681343010784,Ag,COMPLETE
5790,-1.0,2026-04-07 11:38:36.844279,2026-04-07 11:38:37.538123,0 days 00:00:00.693844,33.74696668936282,19.99852875747881,0.6139027505488528,Au,COMPLETE
5791,0.0,2026-04-07 11:38:36.888389,2026-04-07 11:38:37.551400,0 days 00:00:00.663011,20.531004841785283,19.721518252264357,0.30684546718378525,Au,PRUNED
5792,-1.0,2026-04-07 11:38:36.909453,2026-04-07 11:38:37.551400,0 days 00:00:00.641947,30.155186221366463,19.968672762837002,1.0285052743754028,Au,COMPLETE
5793,0.0,2026-04-07 11:38:36.924087,2026-04-07 11:38:37.653827,0 days 00:00:00.729740,20.237900925311493,16.889437605387755,0.8059299641146432,Cu,PRUNED
5794,-375.5555555555051,2026-04-07 11:38:36.943222,2026-04-07 11:38:37.653827,0 days 00:00:00.710605,20.310137618226236,19.76006735404225,0.7199102752677071,Au,COMPLETE
5795,0.0,2026-04-07 11:38:37.230231,2026-04-07 11:38:37.902091,0 days 00:00:00.671860,31.5493233996574,17.629607001057686,0.7953880252009116,Au,PRUNED
5796,-407.6738609112121,2026-04-07 11:38:37.676297,2026-04-07 11:38:38.536148,0 days 00:00:00.859851,20.28853432459011,19.993106388197134,0.8984501826753305,Au,COMPLETE
5797,-1.0,2026-04-07 11:38:37.756484,2026-04-07 11:38:38.728831,0 days 00:00:00.972347,20.546687178492565,16.29534591037825,0.669272237523421,Au,COMPLETE
5798,0.0,2026-04-07 11:38:37.764521,2026-04-07 11:38:38.626757,0 days 00:00:00.862236,43.02941412340999,17.881111210126445,0.7337364139067497,Au,PRUNED
5799,-1.2254901960782871,2026-04-07 11:38:37.796106,2026-04-07 11:38:38.536148,0 days 00:00:00.740042,30.521594742990537,15.296797381025565,0.3294876070949055,Au,PRUNED
5800,-1.0,2026-04-07 11:38:37.833739,2026-04-07 11:38:38.410612,0 days 00:00:00.576873,31.352157379720605,17.590387444887952,0.8988803849184971,Au,COMPLETE
5801,0.0,2026-04-07 11:38:38.007450,2026-04-07 11:38:38.624190,0 days 00:00:00.616740,32.15449382931109,17.149956270511954,0.9298909670709008,Au,PRUNED
5802,-1.0,2026-04-07 11:38:38.016539,2026-04-07 11:38:38.807978,0 days 00:00:00.791439,32.97521537628629,19.911640270851688,0.8324569104178182,Au,COMPLETE
5803,0.0,2026-04-07 11:38:38.033527,2026-04-07 11:38:39.044250,0 days 00:00:01.010723,20.28156009601329,16.38077642565714,0.5439383373462614,Au,PRUNED
5804,-1.0,2026-04-07 11:38:38.557518,2026-04-07 11:38:38.971711,0 days 00:00:00.414193,32.30051933389638,19.782077565245018,0.6683329834524359,Au,COMPLETE
5805,0.0,2026-04-07 11:38:38.609801,2026-04-07 11:38:39.364511,0 days 00:00:00.754710,31.601467136273385,17.78916767509411,1.0700795367584655,Au,PRUNED
5806,81.48148148147907,2026-04-07 11:38:38.701319,2026-04-07 11:38:39.878609,0 days 00:00:01.177290,29.561562061448107,17.374934831524754,0.769679511192167,Au,PRUNED
5807,-1.0,2026-04-07 11:38:38.726778,2026-04-07 11:38:39.441315,0 days 00:00:00.714537,38.26001573212754,19.94914032742536,0.9545885962331843,Au,COMPLETE
5808,80.24691358024454,2026-04-07 11:38:38.879557,2026-04-07 11:38:39.603792,0 days 00:00:00.724235,31.02696068976951,17.699271647166515,0.5732654932572485,Au,PRUNED
5809,-1.0,2026-04-07 11:38:39.106679,2026-04-07 11:38:40.001789,0 days 00:00:00.895110,48.36313891026912,12.521636974905157,1.6899869641833032,Ag,COMPLETE
5810,-1.0,2026-04-07 11:38:39.121259,2026-04-07 11:38:39.722197,0 days 00:00:00.600938,45.842269736009555,17.78598634059563,0.6191648382642017,Au,COMPLETE
5811,-1.0,2026-04-07 11:38:39.175817,2026-04-07 11:38:39.908829,0 days 00:00:00.733012,20.151741082294283,16.956374006314906,0.33276181860352333,Au,COMPLETE
5812,-1.0,2026-04-07 11:38:39.193368,2026-04-07 11:38:39.801964,0 days 00:00:00.608596,44.60730037262483,17.461934500372397,0.36206227849613876,Au,COMPLETE
5813,-1.0,2026-04-07 11:38:39.475154,2026-04-07 11:38:40.060938,0 days 00:00:00.585784,24.13568645198272,19.912893288367425,0.6167790688352238,Cu,COMPLETE
5814,0.0,2026-04-07 11:38:39.543725,2026-04-07 11:38:40.159077,0 days 00:00:00.615352,46.75768232394966,16.249944987690323,0.12086663053874347,Au,PRUNED
5815,-8.333333333332,2026-04-07 11:38:39.767213,2026-04-07 11:38:40.639250,0 days 00:00:00.872037,21.960551395840778,19.89193869986005,0.565266554861682,Au,PRUNED
5816,0.0,2026-04-07 11:38:39.974735,2026-04-07 11:38:40.875693,0 days 00:00:00.900958,31.767287822675858,19.93677883352334,1.1465039825467194,Au,PRUNED
5817,-1.0,2026-04-07 11:38:39.990758,2026-04-07 11:38:40.584681,0 days 00:00:00.593923,45.32013437415165,19.89012636360261,0.4881940098773163,Au,COMPLETE
5818,81.49509803921329,2026-04-07 11:38:40.074417,2026-04-07 11:38:41.156019,0 days 00:00:01.081602,28.478349233219042,17.88156433718275,0.572893420877324,Au,PRUNED
5819,-1.0,2026-04-07 11:38:40.017931,2026-04-07 11:38:40.704077,0 days 00:00:00.686146,22.423394709357474,19.979260572990515,0.8761225906185143,Au,COMPLETE
5820,-1.0,2026-04-07 11:38:40.233944,2026-04-07 11:38:40.799110,0 days 00:00:00.565166,20.223579456673782,19.499506731274508,0.5235404120489493,Au,COMPLETE
5821,-380.9121621621107,2026-04-07 11:38:40.295753,2026-04-07 11:38:41.092059,0 days 00:00:00.796306,20.159724932707874,19.692844704090266,0.9633182665938759,Au,COMPLETE
5822,-1.0,2026-04-07 11:38:40.322000,2026-04-07 11:38:41.025393,0 days 00:00:00.703393,20.395078670478824,16.79663582635322,0.9514235365991421,Au,COMPLETE
5823,0.0,2026-04-07 11:38:40.745002,2026-04-07 11:38:41.600076,0 days 00:00:00.855074,35.822959674015806,19.990237191210188,0.8688988611710635,Au,PRUNED
5824,0.0,2026-04-07 11:38:40.791900,2026-04-07 11:38:41.731911,0 days 00:00:00.940011,20.688211404377192,16.887607756112576,1.1072493461494874,Au,PRUNED
5825,0.0,2026-04-07 11:38:40.947246,2026-04-07 11:38:41.729399,0 days 00:00:00.782153,36.697134407780695,19.89751417363085,0.8175353095976594,Au,PRUNED
5826,82.72058823529169,2026-04-07 11:38:40.973040,2026-04-07 11:38:41.925475,0 days 00:00:00.952435,25.265551388584655,19.94146998625527,0.3907234973449547,Au,PRUNED
5827,0.0,2026-04-07 11:38:41.102762,2026-04-07 11:38:41.966381,0 days 00:00:00.863619,21.253600669726023,17.444856345181556,0.10188061000813975,Au,PRUNED
5828,-1.0,2026-04-07 11:38:41.290418,2026-04-07 11:38:41.951676,0 days 00:00:00.661258,20.143659672958915,17.06974022157205,0.3795268061298384,Au,COMPLETE
5829,-1.0,2026-04-07 11:38:41.314066,2026-04-07 11:38:41.922965,0 days 00:00:00.608899,20.113467731447606,19.753795386859952,0.8854601440940034,Au,COMPLETE
5830,79.93827160493589,2026-04-07 11:38:41.440378,2026-04-07 11:38:42.155350,0 days 00:00:00.714972,31.927495260999848,17.452284889860334,0.41316158670091535,Au,PRUNED
5831,-410.92995169076204,2026-04-07 11:38:41.795386,2026-04-07 11:38:42.654655,0 days 00:00:00.859269,20.12766448795234,19.935482387261928,1.1385093908908832,Au,COMPLETE
5832,-1.0,2026-04-07 11:38:41.810477,2026-04-07 11:38:42.730150,0 days 00:00:00.919673,49.81706849356992,9.650481958518897,0.9128051880191214,Cu,COMPLETE
5833,0.0,2026-04-07 11:38:41.846823,2026-04-07 11:38:42.653419,0 days 00:00:00.806596,21.172569257226137,17.66448116921099,0.7948895502235258,Au,PRUNED
5834,-1.0,2026-04-07 11:38:42.078805,2026-04-07 11:38:42.689567,0 days 00:00:00.610762,20.92394433532458,16.53761681247239,0.48880150443771764,Au,COMPLETE
5835,0.0,2026-04-07 11:38:42.108882,2026-04-07 11:38:43.057010,0 days 00:00:00.948128,43.73382611079174,19.98036949431257,0.7452739717059343,Au,PRUNED
5836,0.0,2026-04-07 11:38:42.167317,2026-04-07 11:38:42.977091,0 days 00:00:00.809774,50.17951655271991,19.933338022529952,0.13306653300733884,Au,PRUNED
5837,0.0,2026-04-07 11:38:42.212574,2026-04-07 11:38:42.973082,0 days 00:00:00.760508,34.61180507614316,17.306256536762692,0.2902465575504418,Au,PRUNED
5838,-10.204081632652228,2026-04-07 11:38:42.241220,2026-04-07 11:38:42.975087,0 days 00:00:00.733867,42.95675714768254,7.298897787350969,0.6875005747532503,Cu,PRUNED
5839,-1.0,2026-04-07 11:38:42.887474,2026-04-07 11:38:43.737712,0 days 00:00:00.850238,20.40339203212209,17.457628818040945,0.7616616326057225,Au,COMPLETE
5840,0.0,2026-04-07 11:38:42.907002,2026-04-07 11:38:43.771222,0 days 00:00:00.864220,21.08787861648756,17.60100832746364,0.9194881430561014,Au,PRUNED
5841,0.0,2026-04-07 11:38:42.999232,2026-04-07 11:38:43.868582,0 days 00:00:00.869350,46.63705729284037,17.82181834569069,1.162397377363506,Au,PRUNED
5842,-1.0,2026-04-07 11:38:43.149703,2026-04-07 11:38:43.902662,0 days 00:00:00.752959,35.69211528543371,19.752574290562336,0.669661793874432,Au,COMPLETE
5843,0.0,2026-04-07 11:38:43.184527,2026-04-07 11:38:44.255967,0 days 00:00:01.071440,32.75788604553108,17.868365078448544,0.35868172994986774,Au,PRUNED
5844,-1.0,2026-04-07 11:38:43.199954,2026-04-07 11:38:43.850617,0 days 00:00:00.650663,20.834870696879708,17.538995631612604,0.545245843487334,Au,COMPLETE
5845,-8.333333333332,2026-04-07 11:38:43.215015,2026-04-07 11:38:44.020044,0 days 00:00:00.805029,21.539087229926466,19.924031205156727,0.8422606740494711,Au,PRUNED
5846,-8.01282051281928,2026-04-07 11:38:43.275561,2026-04-07 11:38:44.254463,0 days 00:00:00.978902,22.052615200645963,19.845261928613663,0.6062353573685445,Au,PRUNED
5847,0.0,2026-04-07 11:38:43.867581,2026-04-07 11:38:44.904632,0 days 00:00:01.037051,20.175717701440387,19.891881008989476,0.42000169230320983,Au,PRUNED
5848,0.0,2026-04-07 11:38:43.938849,2026-04-07 11:38:44.906140,0 days 00:00:00.967291,20.66411992388622,19.537973814981683,0.31827391823006357,Au,PRUNED
5849,-1.0,2026-04-07 11:38:44.050409,2026-04-07 11:38:44.837159,0 days 00:00:00.786750,39.89569601322279,15.243015782986825,0.7008869730834144,Au,COMPLETE
5850,-1.0,2026-04-07 11:38:44.112905,2026-04-07 11:38:44.813856,0 days 00:00:00.700951,38.05770269628936,19.977964253984332,0.6580939227177219,Au,COMPLETE
5851,-1.0,2026-04-07 11:38:44.215615,2026-04-07 11:38:44.847345,0 days 00:00:00.631730,29.89124600604388,17.3743749817341,0.8305439146925729,Au,COMPLETE
5852,-1.0,2026-04-07 11:38:44.290939,2026-04-07 11:38:45.004247,0 days 00:00:00.713308,33.05026095172901,17.9767936472078,0.9366819217373874,Au,COMPLETE
5853,-1.0,2026-04-07 11:38:44.309193,2026-04-07 11:38:44.905631,0 days 00:00:00.596438,26.548116108392986,19.778646127558567,0.12423622028234138,Au,COMPLETE
5854,-0.6802721088435263,2026-04-07 11:38:44.332780,2026-04-07 11:38:44.989046,0 days 00:00:00.656266,78.91775410733639,11.226508728507868,0.8170932645225619,Au,PRUNED
5855,0.0,2026-04-07 11:38:44.960457,2026-04-07 11:38:45.854927,0 days 00:00:00.894470,31.544724377077312,19.97498449512136,1.112340292577621,Au,PRUNED
5856,-1.0,2026-04-07 11:38:45.056449,2026-04-07 11:38:45.681808,0 days 00:00:00.625359,23.513195255119097,19.95237513899319,0.6118875630898385,Au,COMPLETE
5857,-1.0,2026-04-07 11:38:45.069765,2026-04-07 11:38:45.671055,0 days 00:00:00.601290,33.52628435977989,19.9865792316137,1.0591280053120422,Au,COMPLETE
5858,-1.0,2026-04-07 11:38:45.086391,2026-04-07 11:38:45.719174,0 days 00:00:00.632783,31.809925032487804,18.13618214978498,0.4540000949033032,Au,COMPLETE
5859,-24.6913580246877,2026-04-07 11:38:45.100667,2026-04-07 11:38:45.922748,0 days 00:00:00.822081,32.13352139896589,19.806785817929768,0.4664084858988221,Ag,PRUNED
5860,-1.0,2026-04-07 11:38:45.119636,2026-04-07 11:38:45.757111,0 days 00:00:00.637475,29.2433509226453,17.050468651336587,0.6473127960548894,Au,COMPLETE
5861,-1.0,2026-04-07 11:38:45.166930,2026-04-07 11:38:45.866822,0 days 00:00:00.699892,29.70830389650821,17.997266801239032,0.7333645060071036,Au,COMPLETE
5862,80.86419753086179,2026-04-07 11:38:45.348947,2026-04-07 11:38:45.935574,0 days 00:00:00.586627,30.645862188506097,17.799357897974097,0.3620785293399274,Au,PRUNED
5863,-1.0,2026-04-07 11:38:45.852920,2026-04-07 11:38:46.571614,0 days 00:00:00.718694,20.43175756423655,17.45810146448796,0.6039558657832174,Au,COMPLETE
5864,0.0,2026-04-07 11:38:45.933768,2026-04-07 11:38:46.797379,0 days 00:00:00.863611,20.07420494461762,17.374963805011483,0.4995212181075911,Au,PRUNED
5865,0.0,2026-04-07 11:38:46.023312,2026-04-07 11:38:46.678609,0 days 00:00:00.655297,20.056082431232376,18.1473088370724,1.058541660298336,Au,PRUNED
5866,-1.0,2026-04-07 11:38:46.041688,2026-04-07 11:38:46.879665,0 days 00:00:00.837977,57.50784854813081,17.2093294410067,1.4318862489661481,Ag,COMPLETE
5867,0.0,2026-04-07 11:38:46.057500,2026-04-07 11:38:46.945200,0 days 00:00:00.887700,20.389167336730395,15.602975599522667,0.2996300933180622,Au,PRUNED
5868,-1.0,2026-04-07 11:38:46.107281,2026-04-07 11:38:46.680446,0 days 00:00:00.573165,20.219630307135358,19.682215758342785,0.3246617558317455,Au,COMPLETE
5869,0.0,2026-04-07 11:38:46.126976,2026-04-07 11:38:46.978789,0 days 00:00:00.851813,30.567830044940557,17.952683031346698,1.1440417826307157,Au,PRUNED
5870,-1.0,2026-04-07 11:38:46.178546,2026-04-07 11:38:46.853467,0 days 00:00:00.674921,20.12274673554089,17.722576007262887,0.7659731027229775,Au,COMPLETE
5871,0.0,2026-04-07 11:38:46.766770,2026-04-07 11:38:47.597436,0 days 00:00:00.830666,20.29857331282862,19.823771299814386,0.11569490435340724,Au,PRUNED
5872,-1.0,2026-04-07 11:38:46.811147,2026-04-07 11:38:47.626014,0 days 00:00:00.814867,35.22570724902517,19.9307464020039,0.8494643260988733,Au,COMPLETE
5873,0.0,2026-04-07 11:38:46.949559,2026-04-07 11:38:47.674242,0 days 00:00:00.724683,33.77462414218218,19.756218875491374,0.5029763603210278,Au,PRUNED
5874,-1.0,2026-04-07 11:38:46.993523,2026-04-07 11:38:47.594665,0 days 00:00:00.601142,20.25903007356837,19.654277976327844,0.8406747141648244,Au,COMPLETE
5875,-1.0,2026-04-07 11:38:47.029024,2026-04-07 11:38:47.753493,0 days 00:00:00.724469,33.373668159711755,17.516569027251684,0.9026819761025098,Au,COMPLETE
5876,-1.0,2026-04-07 11:38:47.078644,2026-04-07 11:38:47.656545,0 days 00:00:00.577901,29.841734035860966,17.534868368534866,0.7926593970641116,Cu,COMPLETE
5877,0.0,2026-04-07 11:38:47.116649,2026-04-07 11:38:47.895394,0 days 00:00:00.778745,33.11761627718299,19.965937327150854,0.8574790769628092,Au,PRUNED
5878,0.0,2026-04-07 11:38:47.128897,2026-04-07 11:38:48.000413,0 days 00:00:00.871516,34.24855887647096,17.592028384024218,0.8306467006579324,Au,PRUNED
5879,-1.0,2026-04-07 11:38:47.696971,2026-04-07 11:38:48.612348,0 days 00:00:00.915377,34.29619025733893,19.92831368494312,0.5749778618822055,Au,COMPLETE
5880,0.0,2026-04-07 11:38:47.838657,2026-04-07 11:38:48.940845,0 days 00:00:01.102188,31.081164151480102,17.60088418150617,1.027939762260948,Au,PRUNED
5881,80.55555555555317,2026-04-07 11:38:47.891873,2026-04-07 11:38:48.944911,0 days 00:00:01.053038,30.545750608501706,17.67687776978443,0.6465889273816106,Au,PRUNED
5882,-1.0,2026-04-07 11:38:48.035070,2026-04-07 11:38:48.611190,0 days 00:00:00.576120,62.20364961225488,17.17218537559349,0.840672775319058,Au,COMPLETE
5883,-1.0,2026-04-07 11:38:48.048669,2026-04-07 11:38:48.716945,0 days 00:00:00.668276,31.398511608359456,17.820112420383133,0.7222862618548146,Au,COMPLETE
5884,-1.0,2026-04-07 11:38:48.070655,2026-04-07 11:38:48.643977,0 days 00:00:00.573322,20.424328780841428,17.952457174263508,1.0403592307186913,Au,COMPLETE
5885,0.0,2026-04-07 11:38:48.097097,2026-04-07 11:38:48.912328,0 days 00:00:00.815231,32.158161048729625,19.73736314190465,0.5898593520313176,Au,PRUNED
5886,-1.0,2026-04-07 11:38:48.197232,2026-04-07 11:38:48.830380,0 days 00:00:00.633148,29.61432960828589,17.45797968539336,0.7175899632368815,Au,COMPLETE
5887,0.0,2026-04-07 11:38:48.769151,2026-04-07 11:38:49.687610,0 days 00:00:00.918459,35.06179555668632,19.95455626435941,0.6823422589266318,Au,PRUNED
5888,-1.0,2026-04-07 11:38:48.928203,2026-04-07 11:38:49.657141,0 days 00:00:00.728938,40.369621510417716,15.11588370151982,0.6728770340698546,Au,COMPLETE
5889,-1.0,2026-04-07 11:38:48.969525,2026-04-07 11:38:49.550241,0 days 00:00:00.580716,33.87978471301596,17.879072946799177,0.3993226538246344,Au,COMPLETE
5890,-1.0,2026-04-07 11:38:49.009057,2026-04-07 11:38:49.634006,0 days 00:00:00.624949,29.518108008448635,16.066297275111047,0.6843479004107869,Au,COMPLETE
5891,0.0,2026-04-07 11:38:49.060268,2026-04-07 11:38:49.844095,0 days 00:00:00.783827,28.419986599137115,19.87786839609913,0.734262093268294,Au,PRUNED
5892,0.0,2026-04-07 11:38:49.049898,2026-04-07 11:38:49.910612,0 days 00:00:00.860714,45.45083226038879,17.388191342040926,0.414924257627475,Au,PRUNED
5893,-2.166666666666632,2026-04-07 11:38:49.137265,2026-04-07 11:38:49.823030,0 days 00:00:00.685765,94.79140239833687,7.619668131265087,0.11285398259209001,Cu,PRUNED
5894,-1.0,2026-04-07 11:38:49.200826,2026-04-07 11:38:49.802021,0 days 00:00:00.601195,20.05586344711439,19.906924210107594,0.6994415437067942,Au,COMPLETE
5895,0.0,2026-04-07 11:38:49.707357,2026-04-07 11:38:50.573925,0 days 00:00:00.866568,20.163262105031365,15.594470333605258,1.0423554111795075,Au,PRUNED
5896,-1.0,2026-04-07 11:38:49.862673,2026-04-07 11:38:50.672286,0 days 00:00:00.809613,36.549082762787364,18.548045306083665,0.4741792565795143,Cu,COMPLETE
5897,-1.0,2026-04-07 11:38:49.879033,2026-04-07 11:38:50.467683,0 days 00:00:00.588650,20.627147856892716,19.745196306090076,0.7390658935050173,Au,COMPLETE
5898,-1.0,2026-04-07 11:38:49.894138,2026-04-07 11:38:50.580032,0 days 00:00:00.685894,31.359941444197894,17.791188700042326,0.9528729146192438,Au,COMPLETE
5899,-1.0,2026-04-07 11:38:49.911611,2026-04-07 11:38:50.517985,0 days 00:00:00.606374,20.54259881128702,19.839064098978078,0.7409689464401179,Au,COMPLETE
5900,0.0,2026-04-07 11:38:49.988492,2026-04-07 11:38:50.735762,0 days 00:00:00.747270,21.05095672193209,17.48421316782096,0.6876229486938906,Au,PRUNED
5901,-1.0,2026-04-07 11:38:50.003215,2026-04-07 11:38:50.572927,0 days 00:00:00.569712,32.059340292432125,19.90153217797561,0.2981824184882142,Au,COMPLETE
5902,-1.0,2026-04-07 11:38:50.017550,2026-04-07 11:38:50.700652,0 days 00:00:00.683102,21.550456032551335,19.901310079157486,0.5557167239207977,Au,COMPLETE
5903,0.0,2026-04-07 11:38:50.611928,2026-04-07 11:38:51.664658,0 days 00:00:01.052730,36.58623530554144,19.996466449149697,0.47234338276935833,Au,PRUNED
5904,80.55555555555317,2026-04-07 11:38:50.644376,2026-04-07 11:38:51.512725,0 days 00:00:00.868349,30.99280675920047,17.506130780944517,0.4789712022722861,Au,PRUNED
5905,0.0,2026-04-07 11:38:50.770383,2026-04-07 11:38:51.782550,0 days 00:00:01.012167,20.905877599803688,17.13775337666931,0.41421268823017615,Au,PRUNED
5906,0.0,2026-04-07 11:38:50.827942,2026-04-07 11:38:51.843640,0 days 00:00:01.015698,30.569658901213437,19.858256903852507,0.6977765738168294,Au,PRUNED
5907,-1.0,2026-04-07 11:38:50.862818,2026-04-07 11:38:51.578434,0 days 00:00:00.715616,45.35955318200038,17.09427136157653,0.9342399908781871,Au,COMPLETE
5908,-1.0,2026-04-07 11:38:50.971184,2026-04-07 11:38:51.580950,0 days 00:00:00.609766,45.77206530560173,17.569102319787582,0.8147753470486657,Au,COMPLETE
5909,82.41421568627209,2026-04-07 11:38:50.986014,2026-04-07 11:38:51.731668,0 days 00:00:00.745654,25.391577241716647,19.959394645720533,0.5784008834367497,Au,PRUNED
5910,-14.756944444443215,2026-04-07 11:38:51.043697,2026-04-07 11:38:51.698006,0 days 00:00:00.654309,33.08056391355434,17.081634076639656,0.7764970223373632,Ag,PRUNED
5911,-401.004728132331,2026-04-07 11:38:51.606184,2026-04-07 11:38:52.562202,0 days 00:00:00.956018,20.932937016689902,19.7816666847293,0.47075485614547213,Au,COMPLETE
5912,-1.0,2026-04-07 11:38:51.750998,2026-04-07 11:38:52.531937,0 days 00:00:00.780939,21.444532954179127,19.984618526526695,0.1695511633157032,Au,COMPLETE
5913,-1.0,2026-04-07 11:38:51.874646,2026-04-07 11:38:52.499537,0 days 00:00:00.624891,20.81506912063611,19.800168782848594,0.41021499466726496,Au,COMPLETE
5914,-413.6253041361929,2026-04-07 11:38:51.892033,2026-04-07 11:38:52.918159,0 days 00:00:01.026126,20.900266149238625,19.89196907612942,0.540602056046815,Au,COMPLETE
5915,4.084967320261118,2026-04-07 11:38:51.905617,2026-04-07 11:38:52.895652,0 days 00:00:00.990035,31.59420087407127,14.923523992144425,1.0556108386626386,Au,PRUNED
5916,-1.0,2026-04-07 11:38:51.926613,2026-04-07 11:38:52.530856,0 days 00:00:00.604243,20.92014487478764,17.169767144223005,0.5805127855875205,Au,COMPLETE
5917,-9.9999999999984,2026-04-07 11:38:51.956961,2026-04-07 11:38:52.967559,0 days 00:00:01.010598,21.52013990993479,19.886239972288806,0.7242837696442254,Au,PRUNED
5918,0.0,2026-04-07 11:38:52.257163,2026-04-07 11:38:52.641184,0 days 00:00:00.384021,45.529383730065206,17.592304280208268,0.5130507981176423,Au,PRUNED
5919,-1.0,2026-04-07 11:38:52.559339,2026-04-07 11:38:53.008114,0 days 00:00:00.448775,31.03404997130447,17.649964439055502,0.414782483772948,Au,COMPLETE
5920,0.0,2026-04-07 11:38:52.536663,2026-04-07 11:38:53.282902,0 days 00:00:00.746239,30.729609990959382,19.9734692899468,0.4032548479089321,Au,PRUNED
5921,0.0,2026-04-07 11:38:52.638330,2026-04-07 11:38:53.472981,0 days 00:00:00.834651,31.983927062846295,19.919976901087722,0.47418243212907646,Au,PRUNED
5922,-5.952380952380102,2026-04-07 11:38:52.730012,2026-04-07 11:38:53.562224,0 days 00:00:00.832212,33.855531500697374,19.845593129480882,0.7819274464772944,Ag,PRUNED
5923,-1.0,2026-04-07 11:38:52.938969,2026-04-07 11:38:53.967415,0 days 00:00:01.028446,20.627734900903818,17.601139449040343,0.5848655712687989,Au,COMPLETE
5924,0.0,2026-04-07 11:38:52.988427,2026-04-07 11:38:53.899491,0 days 00:00:00.911064,21.745186017948804,17.24599557654159,0.7761322101065232,Au,PRUNED
5925,0.0,2026-04-07 11:38:53.054858,2026-04-07 11:38:53.799254,0 days 00:00:00.744396,49.30328823643295,19.96517612601074,0.7236883802683667,Au,PRUNED
5926,-448.49081364822314,2026-04-07 11:38:53.083014,2026-04-07 11:38:53.951401,0 days 00:00:00.868387,20.98042392018113,19.998990987533432,0.9570766605957556,Au,COMPLETE
5927,-1.0,2026-04-07 11:38:53.287943,2026-04-07 11:38:53.899491,0 days 00:00:00.611548,31.845588112902433,17.360695469629903,0.8424726939229117,Au,COMPLETE
5928,0.0,2026-04-07 11:38:53.410925,2026-04-07 11:38:54.142154,0 days 00:00:00.731229,32.46014496202845,19.83397660909838,0.5277910902344132,Au,PRUNED
5929,0.0,2026-04-07 11:38:53.557914,2026-04-07 11:38:54.142154,0 days 00:00:00.584240,20.339731731108873,19.83639993492917,0.184242069840039,Au,PRUNED
5930,-1.0,2026-04-07 11:38:53.620411,2026-04-07 11:38:54.141123,0 days 00:00:00.520712,20.12572659606547,16.832559115537265,0.851723140196248,Au,COMPLETE
5931,-1.0,2026-04-07 11:38:53.875262,2026-04-07 11:38:54.728187,0 days 00:00:00.852925,31.773709319891335,17.8513817750629,1.1806865705463907,Au,COMPLETE
5932,-1.0,2026-04-07 11:38:54.039696,2026-04-07 11:38:54.836568,0 days 00:00:00.796872,33.10810926335372,17.849389126028974,1.1158891665915223,Au,COMPLETE
5933,-1.0,2026-04-07 11:38:54.093664,2026-04-07 11:38:54.653046,0 days 00:00:00.559382,20.06482004624244,15.25340052808425,0.9012155378300086,Au,COMPLETE
5934,0.0,2026-04-07 11:38:54.236594,2026-04-07 11:38:54.903369,0 days 00:00:00.666775,41.312979913843016,15.316956077126841,1.1107406291340027,Au,PRUNED
5935,-398.47417840369934,2026-04-07 11:38:54.288612,2026-04-07 11:38:55.040566,0 days 00:00:00.751954,20.34127392016153,19.687164360729625,1.0617868592209945,Au,COMPLETE
5936,-1.0,2026-04-07 11:38:54.311907,2026-04-07 11:38:54.962901,0 days 00:00:00.650994,39.300908295669416,19.978605340714456,0.8780829681245222,Au,COMPLETE
5937,0.0,2026-04-07 11:38:54.379506,2026-04-07 11:38:55.246848,0 days 00:00:00.867342,20.436371590926377,18.510631506561037,0.7383111739525107,Cu,PRUNED
5938,0.0,2026-04-07 11:38:54.467567,2026-04-07 11:38:55.390730,0 days 00:00:00.923163,42.35865159723186,15.35720790485567,1.0251801827039866,Au,PRUNED
5939,5.9523809523808575,2026-04-07 11:38:54.813016,2026-04-07 11:38:55.739188,0 days 00:00:00.926172,114.97996239393628,12.350983414484508,1.393630917655376,Ag,PRUNED
5940,-1.0,2026-04-07 11:38:54.927350,2026-04-07 11:38:55.591647,0 days 00:00:00.664297,50.40670619256358,12.91715752340989,1.9868752185695402,Cu,COMPLETE
5941,0.0,2026-04-07 11:38:54.950317,2026-04-07 11:38:55.859131,0 days 00:00:00.908814,32.62915217459596,19.919773351521577,0.5972534611844075,Au,PRUNED
5942,-407.3741007193657,2026-04-07 11:38:55.078317,2026-04-07 11:38:56.188717,0 days 00:00:01.110400,20.63368507473034,19.889653834836047,0.6791977875895754,Au,COMPLETE
5943,-1.0,2026-04-07 11:38:55.201690,2026-04-07 11:38:56.059768,0 days 00:00:00.858078,32.05266704538035,17.876232708013845,0.9260622416853259,Au,COMPLETE
5944,-10.03086419753012,2026-04-07 11:38:55.336284,2026-04-07 11:38:56.499502,0 days 00:00:01.163218,23.667401094697272,19.73871839094418,0.5734298051282017,Ag,PRUNED
5945,-0.8928571428571173,2026-04-07 11:38:55.483281,2026-04-07 11:38:56.323577,0 days 00:00:00.840296,21.016545698837245,17.98607863679384,0.630240454386545,Ag,PRUNED
5946,0.0,2026-04-07 11:38:55.555729,2026-04-07 11:38:56.620659,0 days 00:00:01.064930,31.3945994683095,18.189890250050514,1.0626273035384115,Au,PRUNED
5947,-1.0,2026-04-07 11:38:55.862152,2026-04-07 11:38:56.575894,0 days 00:00:00.713742,52.94266852668713,10.293768327481914,0.7230179180414817,Ag,COMPLETE
5948,-1.0,2026-04-07 11:38:55.901339,2026-04-07 11:38:56.826428,0 days 00:00:00.925089,32.08255606615752,17.53140306592971,0.20134918137293403,Au,COMPLETE
5949,-10.964912280700984,2026-04-07 11:38:55.980005,2026-04-07 11:38:56.815371,0 days 00:00:00.835366,29.795526515926674,15.084494450098536,0.11673315361543896,Cu,PRUNED
5950,0.0,2026-04-07 11:38:56.291764,2026-04-07 11:38:57.177503,0 days 00:00:00.885739,20.334089931541087,17.896121444952744,0.7422889314826469,Au,PRUNED
5951,-1.0,2026-04-07 11:38:56.395427,2026-04-07 11:38:57.076587,0 days 00:00:00.681160,32.52605538618673,19.916865862232882,1.0658567393391472,Au,COMPLETE
5952,-1.0,2026-04-07 11:38:56.436856,2026-04-07 11:38:57.105852,0 days 00:00:00.668996,20.275908208045955,17.319143649231098,0.7274041413036099,Au,COMPLETE
5953,0.0,2026-04-07 11:38:56.751524,2026-04-07 11:38:57.387049,0 days 00:00:00.635525,20.342106356975904,14.089398141584722,0.3395741244141969,Au,PRUNED
5954,0.0,2026-04-07 11:38:56.776419,2026-04-07 11:38:57.418775,0 days 00:00:00.642356,46.56143634365462,19.899612489788275,0.3046807437303092,Au,PRUNED
5955,0.0,2026-04-07 11:38:56.814361,2026-04-07 11:38:57.973408,0 days 00:00:01.159047,20.826867652019295,18.0668002771345,0.4966044095968649,Au,PRUNED
5956,0.0,2026-04-07 11:38:56.912933,2026-04-07 11:38:57.739011,0 days 00:00:00.826078,20.48054401643326,18.309448391776986,0.7375456628272304,Au,PRUNED
5957,0.0,2026-04-07 11:38:57.049336,2026-04-07 11:38:58.017578,0 days 00:00:00.968242,20.678329961782097,15.995820509545137,1.1380838650752463,Au,PRUNED
5958,-1.0,2026-04-07 11:38:57.313230,2026-04-07 11:38:58.152273,0 days 00:00:00.839043,31.323831530244753,17.92065516330957,0.5913724515487606,Au,COMPLETE
5959,-1.0,2026-04-07 11:38:57.330162,2026-04-07 11:38:58.015065,0 days 00:00:00.684903,22.392324639696135,19.92506681414767,0.852661342932051,Au,COMPLETE
5960,0.0,2026-04-07 11:38:57.383489,2026-04-07 11:38:58.093268,0 days 00:00:00.709779,39.72147151216612,19.987241642051256,0.4896520200321416,Au,PRUNED
5961,-1.0,2026-04-07 11:38:57.515132,2026-04-07 11:38:58.019836,0 days 00:00:00.504704,33.51188615418133,18.036858454462358,0.47986481802764314,Au,COMPLETE
5962,-1.0,2026-04-07 11:38:57.531617,2026-04-07 11:38:58.089363,0 days 00:00:00.557746,20.070619599466177,17.37293535719891,0.34304653299807186,Au,COMPLETE
5963,0.0,2026-04-07 11:38:57.786740,2026-04-07 11:38:58.505481,0 days 00:00:00.718741,33.47942239207741,19.861368256055393,0.709130989862631,Au,PRUNED
5964,-440.89147286814887,2026-04-07 11:38:58.015065,2026-04-07 11:38:59.424858,0 days 00:00:01.409793,21.16158956229475,19.950666789302097,0.6040396026042237,Au,COMPLETE
5965,0.0,2026-04-07 11:38:58.138666,2026-04-07 11:38:59.009344,0 days 00:00:00.870678,29.2115817724224,19.802810770699775,1.0526437315083785,Au,PRUNED
5966,-1.0,2026-04-07 11:38:58.190561,2026-04-07 11:38:58.915098,0 days 00:00:00.724537,29.833696930245953,19.86595042213681,0.9542107635565424,Au,COMPLETE
5967,0.0,2026-04-07 11:38:58.226963,2026-04-07 11:38:58.994668,0 days 00:00:00.767705,32.59628498503101,19.920815042554345,0.5565969419526458,Au,PRUNED
5968,-1.0,2026-04-07 11:38:58.254976,2026-04-07 11:38:59.077447,0 days 00:00:00.822471,41.40906442798496,17.580932255566296,0.5992436124975524,Au,COMPLETE
5969,0.0,2026-04-07 11:38:58.295203,2026-04-07 11:38:59.077447,0 days 00:00:00.782244,20.13710746583011,17.60483978116985,0.765659990085676,Au,PRUNED
5970,-0.664010624169976,2026-04-07 11:38:58.608966,2026-04-07 11:38:59.099822,0 days 00:00:00.490856,99.1431449934621,7.945857253294188,0.56094155679419,Au,PRUNED
5971,0.0,2026-04-07 11:38:58.644311,2026-04-07 11:38:59.423859,0 days 00:00:00.779548,21.00850316657356,17.533858117539385,1.1300845564963424,Au,PRUNED
5972,0.0,2026-04-07 11:38:59.102840,2026-04-07 11:38:59.951882,0 days 00:00:00.849042,31.381300374877974,19.808016988775236,0.8873100827248768,Au,PRUNED
5973,0.0,2026-04-07 11:38:59.153724,2026-04-07 11:39:00.018156,0 days 00:00:00.864432,20.24891672199648,17.610276488726218,0.6910389044397911,Au,PRUNED
5974,0.0,2026-04-07 11:38:59.142893,2026-04-07 11:39:00.094132,0 days 00:00:00.951239,20.559926913269628,17.872229328740108,0.7300951362572894,Au,PRUNED
5975,-1.0,2026-04-07 11:38:59.242698,2026-04-07 11:39:00.002605,0 days 00:00:00.759907,20.33330601814369,19.938752411034358,0.47218664420321976,Au,COMPLETE
5976,81.48148148147907,2026-04-07 11:38:59.336315,2026-04-07 11:38:59.985898,0 days 00:00:00.649583,28.950441009309564,17.320371603464217,1.1121875106119141,Au,PRUNED
5977,-1.0,2026-04-07 11:38:59.503381,2026-04-07 11:39:00.155802,0 days 00:00:00.652421,34.537831790987454,17.99805571624151,0.9700526646993808,Au,COMPLETE
5978,-1.0,2026-04-07 11:38:59.556925,2026-04-07 11:39:00.123925,0 days 00:00:00.567000,39.867976254093804,19.9363929920926,0.7304012830088152,Au,COMPLETE
5979,-364.9891774891304,2026-04-07 11:38:59.674544,2026-04-07 11:39:00.598536,0 days 00:00:00.923992,20.07177433829919,19.710202097980677,0.824462616819275,Au,COMPLETE
5980,-1.0,2026-04-07 11:39:00.082572,2026-04-07 11:39:00.832621,0 days 00:00:00.750049,21.984913408473155,19.95530578300049,0.8293261128392827,Au,COMPLETE
5981,0.0,2026-04-07 11:39:00.158683,2026-04-07 11:39:01.073290,0 days 00:00:00.914607,30.373330954144365,18.004558162117394,0.8973316323637938,Au,PRUNED
5982,-430.87121212114675,2026-04-07 11:39:00.144349,2026-04-07 11:39:00.883921,0 days 00:00:00.739572,20.619553980082387,19.975942787593574,0.9444539723959745,Au,COMPLETE
5983,-1.0,2026-04-07 11:39:00.231141,2026-04-07 11:39:00.882916,0 days 00:00:00.651775,29.235982135257842,19.971860926892443,0.7409145889188239,Au,COMPLETE
5984,79.6568627450957,2026-04-07 11:39:00.270268,2026-04-07 11:39:01.082679,0 days 00:00:00.812411,34.05643540695273,15.09345025094466,0.8051660818083294,Au,PRUNED
5985,-1.0,2026-04-07 11:39:00.360435,2026-04-07 11:39:01.003014,0 days 00:00:00.642579,20.41253591863077,17.590779754426695,0.6142932250182221,Au,COMPLETE
5986,80.24691358024454,2026-04-07 11:39:00.727400,2026-04-07 11:39:01.620061,0 days 00:00:00.892661,32.83150855708413,16.28052638380653,0.7218867152770367,Au,PRUNED
5987,0.0,2026-04-07 11:39:00.746354,2026-04-07 11:39:01.402777,0 days 00:00:00.656423,34.83273899047762,17.44900163107719,0.8588495138746772,Au,PRUNED
5988,-413.9294403892341,2026-04-07 11:39:01.108959,2026-04-07 11:39:02.018414,0 days 00:00:00.909455,20.35102543692673,19.906515672416376,1.000100233171936,Au,COMPLETE
5989,-1.0,2026-04-07 11:39:01.083682,2026-04-07 11:39:01.963907,0 days 00:00:00.880225,69.38200737365561,12.204804323819841,1.1166848912367018,Cu,COMPLETE
5990,-1.0,2026-04-07 11:39:01.146850,2026-04-07 11:39:02.047521,0 days 00:00:00.900671,32.48350291239515,15.310875154269327,0.25676525667934497,Au,COMPLETE
5991,-29.76190476190051,2026-04-07 11:39:01.169068,2026-04-07 11:39:02.048533,0 days 00:00:00.879465,31.4402738686903,19.89437463642338,0.14887956448843265,Ag,PRUNED
5992,-8.333333333332,2026-04-07 11:39:01.208070,2026-04-07 11:39:02.047018,0 days 00:00:00.838948,21.66212486857991,19.95367637813265,0.7642762565086054,Au,PRUNED
5993,79.62962962962726,2026-04-07 11:39:01.232605,2026-04-07 11:39:02.018414,0 days 00:00:00.785809,32.00186616642405,17.266984645703566,0.6646951384621999,Au,PRUNED
5994,-1.0,2026-04-07 11:39:01.620061,2026-04-07 11:39:02.238524,0 days 00:00:00.618463,30.272369452640728,17.09161794161198,0.6276226277143795,Au,COMPLETE
5995,-3.0864197530859623,2026-04-07 11:39:01.673580,2026-04-07 11:39:02.488658,0 days 00:00:00.815078,22.207898588813332,19.980196950460567,0.8069949560837868,Au,PRUNED
5996,-5.952380952380574,2026-04-07 11:39:02.065408,2026-04-07 11:39:02.834360,0 days 00:00:00.768952,26.172075627631123,6.579056804740148,0.10313347501002246,Cu,PRUNED
5997,0.0,2026-04-07 11:39:02.068483,2026-04-07 11:39:02.828982,0 days 00:00:00.760499,20.31763988823079,16.063225723530124,0.3473416140587351,Au,PRUNED
5998,-1.0,2026-04-07 11:39:02.314750,2026-04-07 11:39:02.964776,0 days 00:00:00.650026,20.35954941316422,16.390789350848976,0.8254897336320249,Au,COMPLETE
5999,0.0,2026-04-07 11:39:02.352257,2026-04-07 11:39:03.194517,0 days 00:00:00.842260,50.667456956589206,19.978762212643048,1.1029427040854256,Au,PRUNED
6000,-1.0,2026-04-07 11:39:02.433655,2026-04-07 11:39:03.037971,0 days 00:00:00.604316,30.21477151585345,17.795818617279146,0.46873852450934317,Au,COMPLETE
6001,-1.0,2026-04-07 11:39:02.673656,2026-04-07 11:39:03.440397,0 days 00:00:00.766741,32.27333129220851,17.47021466380833,0.17484468819969806,Au,COMPLETE
6002,-6.3559322033894,2026-04-07 11:39:02.707545,2026-04-07 11:39:03.633252,0 days 00:00:00.925707,26.434390245353967,0.5944854706249458,1.2927808878287126,Cu,PRUNED
6003,-1.0,2026-04-07 11:39:02.743950,2026-04-07 11:39:03.439393,0 days 00:00:00.695443,20.79883917789344,17.26492248696272,1.1346958496154642,Au,COMPLETE
6004,-1.0,2026-04-07 11:39:02.962324,2026-04-07 11:39:03.693833,0 days 00:00:00.731509,35.09033684617178,19.891140340042472,1.050521699387327,Au,COMPLETE
6005,0.0,2026-04-07 11:39:02.998473,2026-04-07 11:39:03.787368,0 days 00:00:00.788895,32.3347970339744,17.88852791211168,0.13390886672996716,Au,PRUNED
6006,0.0,2026-04-07 11:39:03.160892,2026-04-07 11:39:04.177757,0 days 00:00:01.016865,20.466124437802062,16.210956081579564,0.5228706771413867,Au,PRUNED
6007,-11.904761904760544,2026-04-07 11:39:03.209250,2026-04-07 11:39:03.829523,0 days 00:00:00.620273,49.735275467222664,0.548082708641811,1.855927885570953,Cu,PRUNED
6008,0.0,2026-04-07 11:39:03.305536,2026-04-07 11:39:03.889084,0 days 00:00:00.583548,30.617564273318415,19.83838998580834,0.7850353789238538,Au,PRUNED
6009,-1.0,2026-04-07 11:39:03.579698,2026-04-07 11:39:04.339385,0 days 00:00:00.759687,48.25721528428619,17.576212721670487,1.1051331430929694,Au,COMPLETE
6010,-1.0,2026-04-07 11:39:03.668141,2026-04-07 11:39:04.551650,0 days 00:00:00.883509,20.678041907201415,15.171771167657912,0.47644515401835397,Au,COMPLETE
6011,0.0,2026-04-07 11:39:03.697345,2026-04-07 11:39:04.940952,0 days 00:00:01.243607,43.89598067075813,17.82760641027442,1.0678796187400892,Au,PRUNED
6012,-1.0,2026-04-07 11:39:03.929776,2026-04-07 11:39:04.710314,0 days 00:00:00.780538,35.42558809507279,17.657989491379137,0.3197609804541916,Au,COMPLETE
6013,0.0,2026-04-07 11:39:04.052480,2026-04-07 11:39:04.910099,0 days 00:00:00.857619,32.006150258278325,19.83885590247964,0.41308156219170994,Au,PRUNED
6014,-1.0,2026-04-07 11:39:04.075812,2026-04-07 11:39:04.958781,0 days 00:00:00.882969,20.57874624383932,19.962065693430276,1.134196551459561,Au,COMPLETE
6015,-380.63063063057916,2026-04-07 11:39:04.167870,2026-04-07 11:39:05.535212,0 days 00:00:01.367342,20.6236830222541,19.926369064210206,0.33641969851727677,Au,COMPLETE
6016,-1.0,2026-04-07 11:39:04.263334,2026-04-07 11:39:04.913122,0 days 00:00:00.649788,45.96705154833566,19.97131499680073,0.9403428009043943,Au,COMPLETE
6017,0.0,2026-04-07 11:39:04.597190,2026-04-07 11:39:05.196685,0 days 00:00:00.599495,21.06461749042574,17.69288138514994,0.9571269499625098,Au,PRUNED
6018,0.0,2026-04-07 11:39:04.827594,2026-04-07 11:39:05.787343,0 days 00:00:00.959749,30.750074494609315,19.94703887193836,1.0727207627778936,Au,PRUNED
6019,-1.0,2026-04-07 11:39:04.998243,2026-04-07 11:39:05.784727,0 days 00:00:00.786484,20.422508695644677,17.965205964537557,0.6876640419686678,Au,COMPLETE
6020,0.0,2026-04-07 11:39:05.033984,2026-04-07 11:39:05.941112,0 days 00:00:00.907128,20.011243059606386,18.270589620076443,0.9987247625471711,Au,PRUNED
6021,-1.0,2026-04-07 11:39:05.053394,2026-04-07 11:39:05.783720,0 days 00:00:00.730326,20.283881453674283,17.02073162218109,0.767058708666503,Au,COMPLETE
6022,-1.0,2026-04-07 11:39:05.203735,2026-04-07 11:39:05.992164,0 days 00:00:00.788429,30.048840120928876,11.416664766571746,0.8760213526658736,Au,COMPLETE
6023,25.726010101009713,2026-04-07 11:39:05.243840,2026-04-07 11:39:06.690457,0 days 00:00:01.446617,52.59712916960643,19.34736891206895,1.135061811273106,Ag,PRUNED
6024,-1.0,2026-04-07 11:39:05.328271,2026-04-07 11:39:06.136818,0 days 00:00:00.808547,21.001241244766277,17.979244913909543,0.5674456783079431,Au,COMPLETE
6025,-1.0,2026-04-07 11:39:05.873010,2026-04-07 11:39:06.551207,0 days 00:00:00.678197,46.423448619711124,17.76691640805127,0.8759308120431905,Au,COMPLETE
6026,-1.0,2026-04-07 11:39:05.913099,2026-04-07 11:39:06.791927,0 days 00:00:00.878828,20.0821550930448,17.77189974314349,0.757816969501993,Au,COMPLETE
6027,-1.0,2026-04-07 11:39:05.984674,2026-04-07 11:39:06.877104,0 days 00:00:00.892430,20.14648710262991,17.00060453898332,0.951021877870597,Au,COMPLETE
6028,-8.333333333332,2026-04-07 11:39:06.020627,2026-04-07 11:39:06.930306,0 days 00:00:00.909679,22.035625449101513,19.937298836329525,0.5538627919340702,Au,PRUNED
6029,-1.0,2026-04-07 11:39:06.148130,2026-04-07 11:39:06.815979,0 days 00:00:00.667849,20.333752357937517,17.718634955740587,0.8631461299666817,Au,COMPLETE
6030,80.88235294117409,2026-04-07 11:39:06.287486,2026-04-07 11:39:07.278705,0 days 00:00:00.991219,30.171768785049267,17.335680276853907,0.4652696712680144,Au,PRUNED
6031,0.0,2026-04-07 11:39:06.521324,2026-04-07 11:39:07.593616,0 days 00:00:01.072292,20.623800364076388,17.035559089420776,1.0109462273546082,Au,PRUNED
6032,0.0,2026-04-07 11:39:06.788928,2026-04-07 11:39:08.015491,0 days 00:00:01.226563,21.11668351922308,14.89373039333557,0.3725277494771253,Cu,PRUNED
6033,-8.680555555554832,2026-04-07 11:39:06.825251,2026-04-07 11:39:07.790424,0 days 00:00:00.965173,36.35103380652797,3.020095966877289,1.0641376094449144,Cu,PRUNED
6034,0.0,2026-04-07 11:39:07.031319,2026-04-07 11:39:07.889019,0 days 00:00:00.857700,32.9031344216811,19.879760455266425,0.4817682154437333,Au,PRUNED
6035,-1.0,2026-04-07 11:39:07.111084,2026-04-07 11:39:07.858800,0 days 00:00:00.747716,36.4724868403907,19.93490661991662,1.0160166461103421,Au,COMPLETE
6036,-1.0,2026-04-07 11:39:07.153597,2026-04-07 11:39:07.920226,0 days 00:00:00.766629,31.253752440146396,17.410245589767246,1.174748152755533,Au,COMPLETE
6037,0.0,2026-04-07 11:39:07.366875,2026-04-07 11:39:08.420843,0 days 00:00:01.053968,43.94561339758987,17.50741920828681,0.666268625476832,Au,PRUNED
6038,80.55555555555317,2026-04-07 11:39:07.399784,2026-04-07 11:39:08.722354,0 days 00:00:01.322570,30.300612756250068,17.51492988271451,0.9309637069567259,Au,PRUNED
6039,-1.0,2026-04-07 11:39:07.837300,2026-04-07 11:39:08.718342,0 days 00:00:00.881042,20.065381654178523,17.512858566818654,0.7101088903383586,Au,COMPLETE
6040,-1.0,2026-04-07 11:39:07.863012,2026-04-07 11:39:08.532116,0 days 00:00:00.669104,20.001474680476438,17.30294258056955,0.37212460256227337,Ag,COMPLETE
6041,79.3504901960761,2026-04-07 11:39:07.970283,2026-04-07 11:39:08.978609,0 days 00:00:01.008326,33.84457734791126,15.307215146701168,1.0433041233600515,Au,PRUNED
6042,0.0,2026-04-07 11:39:08.146168,2026-04-07 11:39:09.153452,0 days 00:00:01.007284,20.518589733060008,18.329234387685243,0.42523510812078036,Au,PRUNED
6043,-1.0,2026-04-07 11:39:08.205036,2026-04-07 11:39:09.047005,0 days 00:00:00.841969,36.87724255577762,19.92414763744231,0.2800608852061294,Au,COMPLETE
6044,-1.0,2026-04-07 11:39:08.308684,2026-04-07 11:39:09.134709,0 days 00:00:00.826025,31.626967333690335,17.981015295302537,0.8872303315674518,Au,COMPLETE
6045,-1.0,2026-04-07 11:39:08.535115,2026-04-07 11:39:09.265582,0 days 00:00:00.730467,22.225068125154582,19.924946389656135,0.5617018838454994,Au,COMPLETE
6046,0.0,2026-04-07 11:39:08.797034,2026-04-07 11:39:09.838124,0 days 00:00:01.041090,20.569774823613404,18.263710947395186,0.3272793280514379,Au,PRUNED
6047,79.3795620437933,2026-04-07 11:39:08.834565,2026-04-07 11:39:09.739517,0 days 00:00:00.904952,29.891834446474483,19.816127772473834,0.7517732028180665,Cu,PRUNED
6048,-1.0,2026-04-07 11:39:08.978609,2026-04-07 11:39:09.955127,0 days 00:00:00.976518,45.93943485689668,19.939185984063105,0.7319983532307002,Au,COMPLETE
6049,-1.0,2026-04-07 11:39:09.157458,2026-04-07 11:39:10.188750,0 days 00:00:01.031292,21.02828425580851,19.952786657955773,0.7160901816296575,Au,COMPLETE
6050,0.0,2026-04-07 11:39:09.295159,2026-04-07 11:39:10.312573,0 days 00:00:01.017414,20.119357567322076,19.659900323902548,0.44803992131594184,Au,PRUNED
6051,-1.0,2026-04-07 11:39:09.345920,2026-04-07 11:39:10.107279,0 days 00:00:00.761359,45.545462242777546,17.6815188143296,0.6682883021522328,Au,COMPLETE
6052,-1.0,2026-04-07 11:39:09.389561,2026-04-07 11:39:10.568745,0 days 00:00:01.179184,20.313382052794154,19.629437315571106,1.1462792413087777,Au,COMPLETE
6053,-0.83668005354751,2026-04-07 11:39:09.471335,2026-04-07 11:39:10.522884,0 days 00:00:01.051549,96.16197620450357,11.388421285813841,1.0762644839409203,Cu,PRUNED
6054,-1.0,2026-04-07 11:39:09.843343,2026-04-07 11:39:10.797464,0 days 00:00:00.954121,20.105234965913773,19.210541475337692,0.9868440171379276,Ag,COMPLETE
6055,-0.8928571428571173,2026-04-07 11:39:10.058369,2026-04-07 11:39:11.013262,0 days 00:00:00.954893,20.079386789109257,17.36416531598757,1.0578183022809984,Ag,PRUNED
6056,-1.0,2026-04-07 11:39:10.247440,2026-04-07 11:39:11.094537,0 days 00:00:00.847097,27.096873251390484,19.97832679719259,0.6323787941267993,Au,COMPLETE
6057,-1.0,2026-04-07 11:39:10.370609,2026-04-07 11:39:11.416466,0 days 00:00:01.045857,20.067502552338233,19.590378584004384,0.5404962433996252,Cu,COMPLETE
6058,-1.0,2026-04-07 11:39:10.400929,2026-04-07 11:39:11.432495,0 days 00:00:01.031566,34.72858148068422,17.365064990057093,0.7375973378173817,Au,COMPLETE
6059,-1.0,2026-04-07 11:39:10.464369,2026-04-07 11:39:11.213666,0 days 00:00:00.749297,34.46696966448071,17.60247609694423,0.8298077034086371,Au,COMPLETE
6060,-1.0,2026-04-07 11:39:10.805674,2026-04-07 11:39:11.498378,0 days 00:00:00.692704,20.494430046683803,19.805614278034184,1.1358044216366125,Au,COMPLETE
6061,0.0,2026-04-07 11:39:10.872688,2026-04-07 11:39:11.826370,0 days 00:00:00.953682,41.79070815896805,15.263186759540472,0.5168685066343359,Au,PRUNED
6062,0.0,2026-04-07 11:39:10.982347,2026-04-07 11:39:11.883496,0 days 00:00:00.901149,38.941427421358284,19.920411851345285,0.7223948504888609,Au,PRUNED
6063,0.0,2026-04-07 11:39:11.121857,2026-04-07 11:39:12.202730,0 days 00:00:01.080873,20.07652814773394,17.411546098645125,0.6637680828792452,Au,PRUNED
6064,-1.0,2026-04-07 11:39:11.395910,2026-04-07 11:39:12.183589,0 days 00:00:00.787679,40.190900136730676,19.984514964002003,0.5328764539218024,Au,COMPLETE
6065,-1.0,2026-04-07 11:39:11.468441,2026-04-07 11:39:12.478799,0 days 00:00:01.010358,42.87826950771236,18.253504554677562,0.4506737718656629,Au,COMPLETE
6066,0.0,2026-04-07 11:39:11.673221,2026-04-07 11:39:12.419680,0 days 00:00:00.746459,31.94569646285047,19.950086220662268,0.5463576168063584,Au,PRUNED
6067,-1.0,2026-04-07 11:39:11.704641,2026-04-07 11:39:12.452689,0 days 00:00:00.748048,32.93110061987758,17.973719566053816,0.48039637308063826,Au,COMPLETE
6068,0.0,2026-04-07 11:39:11.886811,2026-04-07 11:39:12.823107,0 days 00:00:00.936296,29.236573243044596,19.912767315911708,0.522852886357423,Au,PRUNED
6069,-1.0,2026-04-07 11:39:11.924000,2026-04-07 11:39:12.693907,0 days 00:00:00.769907,30.746166262043502,19.795171638665135,0.817232071562839,Au,COMPLETE
6070,-1.0,2026-04-07 11:39:11.963703,2026-04-07 11:39:12.793106,0 days 00:00:00.829403,30.92193783880496,17.497825564013397,0.5082470569270893,Au,COMPLETE
6071,-1.0,2026-04-07 11:39:12.366818,2026-04-07 11:39:13.165189,0 days 00:00:00.798371,20.157189143960352,19.952733214670822,0.44157946961676864,Au,COMPLETE
6072,-16.30434782608554,2026-04-07 11:39:12.418171,2026-04-07 11:39:13.679289,0 days 00:00:01.261118,71.39364193959727,5.3572400314897,0.8405583283024369,Au,PRUNED
6073,0.0,2026-04-07 11:39:12.559890,2026-04-07 11:39:13.654865,0 days 00:00:01.094975,30.531257298861803,17.865402266272532,0.9195592511355953,Au,PRUNED
6074,-1.0,2026-04-07 11:39:12.732513,2026-04-07 11:39:13.652462,0 days 00:00:00.919949,32.18531547444707,19.880717517242243,0.7633537933580634,Au,COMPLETE
6075,0.0,2026-04-07 11:39:12.913388,2026-04-07 11:39:13.812448,0 days 00:00:00.899060,41.580720786631744,19.961547476506304,0.45693109410961513,Au,PRUNED
6076,-1.0,2026-04-07 11:39:13.001479,2026-04-07 11:39:13.809449,0 days 00:00:00.807970,30.601436929560403,17.385182351674644,0.11104678934815204,Au,COMPLETE
6077,80.55555555555317,2026-04-07 11:39:13.028414,2026-04-07 11:39:13.867857,0 days 00:00:00.839443,31.475775655236575,16.931800665038296,0.6480071488107128,Au,PRUNED
6078,80.26960784313488,2026-04-07 11:39:13.162678,2026-04-07 11:39:13.975236,0 days 00:00:00.812558,33.247210425077185,15.225105335127738,0.7075886486381684,Au,PRUNED
6079,-1.0,2026-04-07 11:39:13.319781,2026-04-07 11:39:13.911132,0 days 00:00:00.591351,29.41635133537025,19.97812506200681,0.8570449495222062,Au,COMPLETE
6080,0.0,2026-04-07 11:39:13.832772,2026-04-07 11:39:14.912438,0 days 00:00:01.079666,20.285175461338213,16.687967399129732,0.17144880480036628,Au,PRUNED
6081,-423.50746268650437,2026-04-07 11:39:13.995532,2026-04-07 11:39:15.231972,0 days 00:00:01.236440,20.81556227473017,19.89029670861517,0.7196490036158626,Au,COMPLETE
6082,-1.0,2026-04-07 11:39:14.027246,2026-04-07 11:39:14.838983,0 days 00:00:00.811737,29.473894386851317,19.935986956052695,0.32129165942053534,Au,COMPLETE
6083,-1.0,2026-04-07 11:39:14.121872,2026-04-07 11:39:14.945490,0 days 00:00:00.823618,28.759660264970833,17.478916719769604,0.9346512696703789,Au,COMPLETE
6084,-413.9294403892341,2026-04-07 11:39:14.151536,2026-04-07 11:39:15.286078,0 days 00:00:01.134542,20.69050045022486,19.87302658491144,0.7432748880124317,Au,COMPLETE
6085,1.1904761904760544,2026-04-07 11:39:14.227836,2026-04-07 11:39:15.145339,0 days 00:00:00.917503,30.716689193959866,14.791274304688006,0.8624949743933837,Au,PRUNED
6086,0.0,2026-04-07 11:39:14.321185,2026-04-07 11:39:15.141893,0 days 00:00:00.820708,47.4743543134512,19.938606932744086,0.5515544656938555,Au,PRUNED
6087,0.0,2026-04-07 11:39:14.458072,2026-04-07 11:39:15.606471,0 days 00:00:01.148399,20.732459803812326,17.919388188206977,0.5398614443464799,Au,PRUNED
6088,-1.0,2026-04-07 11:39:15.044045,2026-04-07 11:39:16.286800,0 days 00:00:01.242755,32.56118695550495,17.789954311093645,0.839250553574234,Au,COMPLETE
6089,-1.0,2026-04-07 11:39:15.145339,2026-04-07 11:39:16.286800,0 days 00:00:01.141461,20.231777877647065,19.67613804217951,0.6597089083805981,Au,COMPLETE
6090,-1.0,2026-04-07 11:39:15.255126,2026-04-07 11:39:16.169331,0 days 00:00:00.914205,45.15277506510647,19.95127953135804,0.6966619965332871,Ag,COMPLETE
6091,-1.0,2026-04-07 11:39:15.291919,2026-04-07 11:39:16.195503,0 days 00:00:00.903584,20.090185241610882,19.900264837814774,0.6603625046901591,Au,COMPLETE
6092,-375.2777777777274,2026-04-07 11:39:15.435817,2026-04-07 11:39:16.427928,0 days 00:00:00.992111,20.605559221222183,19.877674054791353,0.3441861441845992,Au,COMPLETE
6093,80.55555555555317,2026-04-07 11:39:15.507094,2026-04-07 11:39:16.477039,0 days 00:00:00.969945,30.909262800314206,17.584321632047534,0.4311114085381181,Au,PRUNED
6094,-1.0,2026-04-07 11:39:15.559932,2026-04-07 11:39:16.219351,0 days 00:00:00.659419,32.95010105177238,17.73323406075216,0.5092650020398364,Au,COMPLETE
6095,-1.0,2026-04-07 11:39:15.781966,2026-04-07 11:39:16.348488,0 days 00:00:00.566522,33.089762693538965,17.182377285706174,0.4456863593679466,Au,COMPLETE
6096,4.006410256409948,2026-04-07 11:39:16.380309,2026-04-07 11:39:17.538638,0 days 00:00:01.158329,32.52485579708907,14.458424164513948,1.1464742633813922,Au,PRUNED
6097,-1.0,2026-04-07 11:39:16.448086,2026-04-07 11:39:17.336816,0 days 00:00:00.888730,35.47953784491115,19.939468347329875,1.0368187357360275,Au,COMPLETE
6098,-1.0,2026-04-07 11:39:16.495787,2026-04-07 11:39:17.385309,0 days 00:00:00.889522,43.18345339844933,14.703091531930209,0.2520615834543343,Au,COMPLETE
6099,-1.0,2026-04-07 11:39:16.526369,2026-04-07 11:39:17.349773,0 days 00:00:00.823404,30.29107669164324,19.808500003748126,1.1170894633561554,Au,COMPLETE
6100,0.0,2026-04-07 11:39:16.556613,2026-04-07 11:39:17.614924,0 days 00:00:01.058311,31.359428302335722,19.889514684583197,1.0896980429850336,Au,PRUNED
6101,0.0,2026-04-07 11:39:16.572737,2026-04-07 11:39:17.870558,0 days 00:00:01.297821,20.309460559770248,19.659777023112483,0.3444546186255791,Au,PRUNED
6102,-1.0,2026-04-07 11:39:16.667024,2026-04-07 11:39:17.386322,0 days 00:00:00.719298,31.261830219500936,17.749615847808816,0.4752958868674894,Au,COMPLETE
6103,0.0,2026-04-07 11:39:16.740985,2026-04-07 11:39:17.478219,0 days 00:00:00.737234,32.96781277123148,18.172274917570302,0.8059137467050881,Au,PRUNED
6104,-1.0,2026-04-07 11:39:17.533582,2026-04-07 11:39:18.690910,0 days 00:00:01.157328,20.32988024160445,17.900604611107646,0.5030379318226117,Au,COMPLETE
6105,-1.0,2026-04-07 11:39:17.588511,2026-04-07 11:39:18.442039,0 days 00:00:00.853528,20.03011812087895,15.981461914404584,0.4604874659991055,Au,COMPLETE
6106,-1.0,2026-04-07 11:39:17.652092,2026-04-07 11:39:18.585009,0 days 00:00:00.932917,20.03743403245825,17.91052480122162,0.5680002477592265,Au,COMPLETE
6107,-1.0,2026-04-07 11:39:17.699019,2026-04-07 11:39:18.557224,0 days 00:00:00.858205,34.75004254899265,19.97005954244484,1.1971895750141879,Au,COMPLETE
6108,0.0,2026-04-07 11:39:17.712831,2026-04-07 11:39:18.787816,0 days 00:00:01.074985,48.00860899381557,19.975895095633007,0.7462713925514951,Au,PRUNED
6109,-1.0,2026-04-07 11:39:17.939411,2026-04-07 11:39:18.720752,0 days 00:00:00.781341,29.428549464949956,19.785462088802138,1.0023522038222148,Au,COMPLETE
6110,0.0,2026-04-07 11:39:17.958630,2026-04-07 11:39:18.864659,0 days 00:00:00.906029,31.333581043746495,19.82388811289604,0.9382035409999923,Au,PRUNED
6111,-1.0,2026-04-07 11:39:17.979191,2026-04-07 11:39:18.722143,0 days 00:00:00.742952,22.538545917312288,19.935901563969498,0.516509476610814,Au,COMPLETE
6112,-1.0,2026-04-07 11:39:18.617673,2026-04-07 11:39:19.456492,0 days 00:00:00.838819,30.013483296598856,19.901307687677804,0.7102886537980869,Au,COMPLETE
6113,0.0,2026-04-07 11:39:18.803180,2026-04-07 11:39:20.261428,0 days 00:00:01.458248,20.121827717340395,14.137146955503496,0.9523520437790818,Au,PRUNED
6114,-434.47837150120574,2026-04-07 11:39:18.833466,2026-04-07 11:39:20.155617,0 days 00:00:01.322151,20.93574364518722,19.74447595329598,1.0899623592866279,Au,COMPLETE
6115,-1.0,2026-04-07 11:39:18.869170,2026-04-07 11:39:19.986986,0 days 00:00:01.117816,20.12392029235948,19.494190502953867,0.8006965209701854,Au,COMPLETE
6116,0.0,2026-04-07 11:39:18.913054,2026-04-07 11:39:20.271127,0 days 00:00:01.358073,20.348060142773708,15.995853201900205,0.9875428877569368,Au,PRUNED
6117,-1.0,2026-04-07 11:39:18.973439,2026-04-07 11:39:20.110277,0 days 00:00:01.136838,20.421538484499504,19.819048283920065,1.1074032074096865,Au,COMPLETE
6118,-1.0,2026-04-07 11:39:19.061594,2026-04-07 11:39:20.126575,0 days 00:00:01.064981,21.007681925611934,17.667497300002527,0.9134474042768573,Au,COMPLETE
6119,0.0,2026-04-07 11:39:19.164164,2026-04-07 11:39:20.270118,0 days 00:00:01.105954,35.68274154620222,19.796941232095154,0.38324733157882107,Cu,PRUNED
6120,-1.0,2026-04-07 11:39:19.840398,2026-04-07 11:39:20.814042,0 days 00:00:00.973644,20.73314797706532,19.933829821629995,0.8168011072780759,Au,COMPLETE
6121,0.0,2026-04-07 11:39:20.329807,2026-04-07 11:39:21.453037,0 days 00:00:01.123230,21.61891652126216,17.65304675935578,0.4259509313636434,Cu,PRUNED
6122,0.0,2026-04-07 11:39:20.381127,2026-04-07 11:39:21.514993,0 days 00:00:01.133866,32.593351651867096,17.759655499742088,0.6825998231349533,Au,PRUNED
6123,-1.0,2026-04-07 11:39:20.427289,2026-04-07 11:39:21.455038,0 days 00:00:01.027749,30.691879507601687,19.798207287435858,0.19828927626911014,Au,COMPLETE
6124,-1.0,2026-04-07 11:39:20.443338,2026-04-07 11:39:21.294100,0 days 00:00:00.850762,33.78589624270391,17.4628394485559,0.24739822906167624,Au,COMPLETE
6125,-1.0,2026-04-07 11:39:20.457691,2026-04-07 11:39:21.278784,0 days 00:00:00.821093,23.605315154600536,13.731302693968399,1.0030851272918209,Ag,COMPLETE
6126,0.0,2026-04-07 11:39:20.474122,2026-04-07 11:39:21.411369,0 days 00:00:00.937247,20.641294744808338,17.150537787484502,0.33582883251819173,Au,PRUNED
6127,-1.0,2026-04-07 11:39:20.488533,2026-04-07 11:39:21.361945,0 days 00:00:00.873412,36.28234800595448,19.967700179198367,0.7310190717545261,Au,COMPLETE
6128,0.0,2026-04-07 11:39:20.885224,2026-04-07 11:39:21.662394,0 days 00:00:00.777170,35.98862740684309,19.942915286336792,0.30174561016258966,Au,PRUNED
6129,-375.2777777777274,2026-04-07 11:39:21.545507,2026-04-07 11:39:22.482865,0 days 00:00:00.937358,20.684472653993428,19.68012486472981,0.47314501657323293,Au,COMPLETE
6130,0.0,2026-04-07 11:39:21.551573,2026-04-07 11:39:22.566346,0 days 00:00:01.014773,20.21792238003302,17.334629319121415,0.6591861748894331,Au,PRUNED
6131,-1.0,2026-04-07 11:39:21.599347,2026-04-07 11:39:22.418910,0 days 00:00:00.819563,31.577287630782656,19.895589515122104,0.6206959659201515,Au,COMPLETE
6132,-437.820512820445,2026-04-07 11:39:21.630502,2026-04-07 11:39:22.952819,0 days 00:00:01.322317,21.5331961742589,19.8263974273496,0.4585115528147353,Au,COMPLETE
6133,83.33333333333088,2026-04-07 11:39:21.665444,2026-04-07 11:39:22.953887,0 days 00:00:01.288443,22.97451222938312,19.998461077399,0.9790726511000958,Au,PRUNED
6134,-1.0,2026-04-07 11:39:21.741133,2026-04-07 11:39:22.781814,0 days 00:00:01.040681,31.658400007793546,19.961542491586158,0.7211526440486334,Au,COMPLETE
6135,80.24691358024454,2026-04-07 11:39:21.825265,2026-04-07 11:39:22.732891,0 days 00:00:00.907626,30.829183311313418,17.268000271655136,0.9405276679186041,Au,PRUNED
6136,0.0,2026-04-07 11:39:22.268648,2026-04-07 11:39:23.294930,0 days 00:00:01.026282,33.30076115189808,18.01769887648674,1.0107820509481988,Au,PRUNED
6137,-1.0,2026-04-07 11:39:22.661131,2026-04-07 11:39:23.501364,0 days 00:00:00.840233,20.696972740180108,19.958367434870176,0.38303970651702224,Au,COMPLETE
6138,-434.16030534344486,2026-04-07 11:39:22.713089,2026-04-07 11:39:23.829540,0 days 00:00:01.116451,21.426578872613273,19.878723842234283,0.4004090695990067,Au,COMPLETE
6139,-1.0,2026-04-07 11:39:22.819076,2026-04-07 11:39:23.558585,0 days 00:00:00.739509,46.11550848812326,15.80516895050881,0.6494978196180436,Au,COMPLETE
6140,-1.0,2026-04-07 11:39:22.847249,2026-04-07 11:39:23.981629,0 days 00:00:01.134380,30.448367370905807,17.770138130420875,0.5383198255805313,Au,COMPLETE
6141,0.0,2026-04-07 11:39:23.147045,2026-04-07 11:39:24.264346,0 days 00:00:01.117301,31.01314961567267,19.898567321962965,0.7628716450846398,Au,PRUNED
6142,-1.0,2026-04-07 11:39:23.202723,2026-04-07 11:39:24.074823,0 days 00:00:00.872100,28.247282147635985,19.996159025611103,0.9059535515671462,Au,COMPLETE
6143,0.0,2026-04-07 11:39:23.400333,2026-04-07 11:39:24.392385,0 days 00:00:00.992052,34.525041044117415,19.923335838200856,0.5904356790430705,Au,PRUNED
6144,0.0,2026-04-07 11:39:23.439017,2026-04-07 11:39:24.222372,0 days 00:00:00.783355,20.760828936398205,17.14906352366762,0.5676209595099987,Au,PRUNED
6145,-1.0,2026-04-07 11:39:23.832754,2026-04-07 11:39:25.099505,0 days 00:00:01.266751,43.18860845212866,17.452897705261044,0.8740337817941188,Au,COMPLETE
6146,-395.3962703962157,2026-04-07 11:39:24.113637,2026-04-07 11:39:25.098505,0 days 00:00:00.984868,20.385137720120085,19.709880096085264,0.9543030304714142,Au,COMPLETE
6147,0.0,2026-04-07 11:39:23.933799,2026-04-07 11:39:25.211946,0 days 00:00:01.278147,34.751630851497524,19.975619528061294,0.7550587434251756,Au,PRUNED
6148,0.0,2026-04-07 11:39:24.300336,2026-04-07 11:39:25.366442,0 days 00:00:01.066106,20.16913170989409,19.709485039041123,0.354776224999041,Au,PRUNED
6149,-1.0,2026-04-07 11:39:24.359598,2026-04-07 11:39:25.210934,0 days 00:00:00.851336,20.685375784951898,14.707367102040408,0.9885702129675121,Au,COMPLETE
6150,80.55555555555317,2026-04-07 11:39:24.395888,2026-04-07 11:39:25.302849,0 days 00:00:00.906961,30.232329635549902,17.655669490454724,0.7375599060181077,Au,PRUNED
6151,-0.6830601092896063,2026-04-07 11:39:24.483394,2026-04-07 11:39:25.349740,0 days 00:00:00.866346,115.77419069203974,8.149043941894874,0.5148262945409223,Au,PRUNED
6152,-1.0,2026-04-07 11:39:24.546261,2026-04-07 11:39:25.234557,0 days 00:00:00.688296,30.891460646968092,15.21481958379116,0.646922108898713,Au,COMPLETE
