number,value,datetime_start,datetime_complete,duration,params_D2_nm,params_D3_nm,params_D4_nm,params_metal,state
0,0.0,2025-11-13 12:25:34.241048,2025-11-13 12:25:38.718323,0 days 00:00:04.477275,119.99018837026208,18.259653268002275,1.0870691912346175,Cu,COMPLETE
1,-20.461309523805895,2025-11-13 12:25:34.269357,2025-11-13 12:25:38.849221,0 days 00:00:04.579864,85.1646542081692,6.914827566304099,0.9742322707163492,Ag,COMPLETE
2,-25.84388185653363,2025-11-13 12:25:34.241048,2025-11-13 12:25:38.718323,0 days 00:00:04.477275,79.8547655036709,3.7238117783040066,1.7479800605051563,Ag,COMPLETE
3,54.39814814814663,2025-11-13 12:25:34.297416,2025-11-13 12:25:38.765291,0 days 00:00:04.467875,47.63551681487391,16.46262252763266,0.35966859172988297,Cu,COMPLETE
4,1.0883084577114266,2025-11-13 12:25:34.331260,2025-11-13 12:25:38.858184,0 days 00:00:04.526924,64.8258087977377,17.721264611593803,0.7163389133597076,Ag,COMPLETE
5,18.61001317523027,2025-11-13 12:25:34.358153,2025-11-13 12:25:38.772663,0 days 00:00:04.414510,92.77954329484734,8.447670544598248,0.43720824574552475,Au,COMPLETE
6,-13.005780346819277,2025-11-13 12:25:34.367714,2025-11-13 12:25:38.805869,0 days 00:00:04.438155,26.904220662719386,18.069674180826816,0.3140397309162333,Cu,COMPLETE
7,26.399491094147184,2025-11-13 12:25:34.395459,2025-11-13 12:25:38.948271,0 days 00:00:04.552812,65.40326670646525,10.37711331176005,0.4874367834960027,Au,COMPLETE
8,-17.105263157892892,2025-11-13 12:25:38.789048,2025-11-13 12:25:39.124969,0 days 00:00:00.335921,85.16631339248843,12.207221607496626,0.8901417263299986,Ag,COMPLETE
9,-2.0693041526374434,2025-11-13 12:25:38.772341,2025-11-13 12:25:39.136993,0 days 00:00:00.364652,90.42788360499075,3.538429992651332,0.6681311772867293,Cu,COMPLETE
10,-1.4844804318488287,2025-11-13 12:25:39.096474,2025-11-13 12:25:39.431010,0 days 00:00:00.334536,118.20027027562281,0.6382684628369262,1.8826011059664056,Ag,COMPLETE
11,-1.5206812652067905,2025-11-13 12:25:39.180698,2025-11-13 12:25:39.631958,0 days 00:00:00.451260,116.42042183037555,1.3594507267334883,1.7769611647113388,Ag,COMPLETE
12,-1.5169902912621185,2025-11-13 12:25:39.203415,2025-11-13 12:25:39.649252,0 days 00:00:00.445837,118.65125757717982,1.4170426069964037,1.8772738932064925,Ag,COMPLETE
13,-26.74897119340891,2025-11-13 12:25:39.227577,2025-11-13 12:25:39.696924,0 days 00:00:00.469347,78.021089892032,5.725055388162296,1.3760089386703607,Ag,COMPLETE
14,-26.289682539676246,2025-11-13 12:25:39.248760,2025-11-13 12:25:39.702557,0 days 00:00:00.453797,78.98097055305482,5.855211368986092,1.332128816432587,Ag,COMPLETE
15,-26.66666666665953,2025-11-13 12:25:39.397773,2025-11-13 12:25:39.883469,0 days 00:00:00.485696,49.950046626594606,4.399378164435335,1.4237851456014943,Ag,COMPLETE
16,-25.49019607842531,2025-11-13 12:25:39.448207,2025-11-13 12:25:40.182687,0 days 00:00:00.734480,50.243919311218875,5.955659651498192,1.364200389331444,Ag,COMPLETE
17,-26.422764227635877,2025-11-13 12:25:39.486059,2025-11-13 12:25:40.062735,0 days 00:00:00.576676,51.97226710645124,5.829382650950035,1.4704984570652033,Ag,COMPLETE
18,0.0,2025-11-13 12:25:39.668171,2025-11-13 12:25:40.449449,0 days 00:00:00.781278,44.77438386499288,13.8971611529764,1.4589851662871371,Au,COMPLETE
19,-5.383895131085549,2025-11-13 12:25:39.916130,2025-11-13 12:25:40.434478,0 days 00:00:00.518348,30.02798226953483,13.442660687794977,1.62994449414952,Au,COMPLETE
20,-17.379679144383193,2025-11-13 12:25:39.966247,2025-11-13 12:25:40.497063,0 days 00:00:00.530816,30.060669935374246,11.915733273890254,1.3510461281936659,Au,COMPLETE
21,-7.022471910111609,2025-11-13 12:25:39.966247,2025-11-13 12:25:40.462604,0 days 00:00:00.496357,31.279888379384296,12.950977159778981,1.443413516504532,Au,COMPLETE
22,-187.06293706292405,2025-11-13 12:25:40.031398,2025-11-13 12:25:40.453605,0 days 00:00:00.422207,24.43283124108465,13.543175931956924,1.6151183753813054,Au,COMPLETE
23,2.4509803921566706,2025-11-13 12:25:40.078277,2025-11-13 12:25:40.559683,0 days 00:00:00.481406,32.00244868212165,13.73205095054689,1.5789367915165804,Au,COMPLETE
24,-15.773809523807282,2025-11-13 12:25:40.559683,2025-11-13 12:25:41.042773,0 days 00:00:00.483090,40.0809254547943,8.317448959963851,1.192515685346985,Ag,COMPLETE
25,-0.8865248226950103,2025-11-13 12:25:40.528436,2025-11-13 12:25:41.135843,0 days 00:00:00.607407,20.389044587646712,8.896840898535089,1.1687543175507051,Ag,COMPLETE
26,-25.67340067339563,2025-11-13 12:25:40.666110,2025-11-13 12:25:41.182884,0 days 00:00:00.516774,55.75066497197122,9.117953206069867,1.184604756635008,Ag,COMPLETE
27,-26.881720430101765,2025-11-13 12:25:40.697391,2025-11-13 12:25:41.135843,0 days 00:00:00.438452,57.75284279568161,8.871885846693438,1.1108167868751921,Ag,COMPLETE
28,-0.7122507122507,2025-11-13 12:25:40.728382,2025-11-13 12:25:41.514928,0 days 00:00:00.786546,71.94479457216019,16.02636286405382,0.8564037082700229,Au,COMPLETE
29,-2.098816405174759,2025-11-13 12:25:40.733442,2025-11-13 12:25:41.088593,0 days 00:00:00.355151,102.29307715957233,8.94578495411798,1.157986030423819,Ag,COMPLETE
30,-1.6401451702958991,2025-11-13 12:25:40.803163,2025-11-13 12:25:41.230407,0 days 00:00:00.427244,103.66846749087219,3.525363802623294,1.170235336112835,Ag,COMPLETE
31,-0.8300132802124702,2025-11-13 12:25:41.057287,2025-11-13 12:25:41.530575,0 days 00:00:00.473288,70.6884712345185,15.420999069201105,0.15650415482378066,Cu,COMPLETE
32,-28.846153846146578,2025-11-13 12:25:41.365978,2025-11-13 12:25:41.904034,0 days 00:00:00.538056,57.40783439182732,7.229625543205202,1.0155142485610407,Ag,COMPLETE
33,24.088541666666295,2025-11-13 12:25:41.432669,2025-11-13 12:25:41.997322,0 days 00:00:00.564653,56.58238648085221,19.63932572416798,1.6481877684974564,Ag,COMPLETE
34,-30.251141552503118,2025-11-13 12:25:41.470463,2025-11-13 12:25:41.793925,0 days 00:00:00.323462,60.70508597647013,6.986057494168386,1.018510207423254,Ag,COMPLETE
35,-26.09034267912293,2025-11-13 12:25:41.482698,2025-11-13 12:25:42.248964,0 days 00:00:00.766266,63.524755210253886,10.496978301446823,1.0474873332622021,Ag,COMPLETE
36,-25.81521739129862,2025-11-13 12:25:41.547723,2025-11-13 12:25:42.248964,0 days 00:00:00.701241,58.281764403182855,6.81813309179894,1.997129180945695,Ag,COMPLETE
37,-26.515151515145487,2025-11-13 12:25:41.563445,2025-11-13 12:25:42.169288,0 days 00:00:00.605843,59.26202106996297,7.236592760913195,1.5974968416147677,Ag,COMPLETE
38,-8.917589175891129,2025-11-13 12:25:41.778215,2025-11-13 12:25:42.446242,0 days 00:00:00.668027,60.21420359848342,10.56398602156951,1.0145599953580575,Cu,COMPLETE
39,-12.51584283903581,2025-11-13 12:25:42.329023,2025-11-13 12:25:42.767667,0 days 00:00:00.438644,42.89301306403337,11.302459444328932,0.7360138340169469,Cu,COMPLETE
40,-3.984063745019602,2025-11-13 12:25:42.344638,2025-11-13 12:25:42.952285,0 days 00:00:00.607647,38.46957281054105,11.608790296244756,0.7429692728247451,Au,COMPLETE
41,2.358490566037558,2025-11-13 12:25:42.344638,2025-11-13 12:25:42.952285,0 days 00:00:00.607647,42.306967000158785,11.65357041062293,0.9369613959959786,Au,COMPLETE
42,-12.254901960783414,2025-11-13 12:25:42.415424,2025-11-13 12:25:42.858613,0 days 00:00:00.443189,40.04844843022342,7.41479730468242,0.7856318605355657,Au,COMPLETE
43,-35.81871345027982,2025-11-13 12:25:42.532034,2025-11-13 12:25:43.303449,0 days 00:00:00.771415,75.60230077132316,4.851276267185592,0.6109781800869742,Ag,COMPLETE
44,-32.051282051272224,2025-11-13 12:25:42.565053,2025-11-13 12:25:43.196306,0 days 00:00:00.631253,77.48766514756952,4.777617739027296,0.9576302776888345,Ag,COMPLETE
45,-7.864792503346103,2025-11-13 12:25:42.597696,2025-11-13 12:25:43.132519,0 days 00:00:00.534823,37.00661919989837,11.551890712305896,0.7263664257398248,Au,COMPLETE
46,-33.46994535518047,2025-11-13 12:25:42.767667,2025-11-13 12:25:43.285352,0 days 00:00:00.517685,77.72222736788942,5.113676444548252,0.6001122206594177,Ag,COMPLETE
47,-14.388489208631016,2025-11-13 12:25:43.166956,2025-11-13 12:25:43.531995,0 days 00:00:00.365039,90.12436227271435,4.687886942555261,0.594041580745136,Ag,COMPLETE
48,-22.940074906361872,2025-11-13 12:25:43.198474,2025-11-13 12:25:43.864311,0 days 00:00:00.665837,86.35965794526466,4.860522409418823,0.5971341454970329,Ag,COMPLETE
49,-28.40909090908219,2025-11-13 12:25:43.245355,2025-11-13 12:25:43.732209,0 days 00:00:00.486854,85.47560990327904,2.3873526128486784,0.5722507645918967,Ag,COMPLETE
50,-27.777777777770062,2025-11-13 12:25:43.303449,2025-11-13 12:25:43.879916,0 days 00:00:00.576467,83.94356132521717,4.496271895353421,0.5649046156824075,Ag,COMPLETE
51,-40.76086956519973,2025-11-13 12:25:43.401514,2025-11-13 12:25:43.995355,0 days 00:00:00.593841,74.62928218429319,2.789557206880767,0.5762239917907681,Ag,COMPLETE
52,-39.85507246375091,2025-11-13 12:25:43.430271,2025-11-13 12:25:43.813762,0 days 00:00:00.383491,75.95554567695609,2.416813258733296,0.5981293069625908,Ag,COMPLETE
53,-11.84433164128474,2025-11-13 12:25:43.570719,2025-11-13 12:25:44.138939,0 days 00:00:00.568220,75.54571570771702,2.8361199224575047,0.41282181600342427,Cu,COMPLETE
54,-41.66666666664841,2025-11-13 12:25:43.631471,2025-11-13 12:25:44.182718,0 days 00:00:00.551247,75.95870427662842,2.7364143665953593,0.3878791499897264,Ag,COMPLETE
55,-42.635658914708635,2025-11-13 12:25:43.780366,2025-11-13 12:25:44.164819,0 days 00:00:00.384453,74.87136181280563,2.5139508686093297,0.34406729286316146,Ag,COMPLETE
56,-44.71544715444965,2025-11-13 12:25:44.113684,2025-11-13 12:25:44.782067,0 days 00:00:00.668383,73.8568083863593,2.672732036788695,0.2445798521544452,Ag,COMPLETE
57,-49.99999999997152,2025-11-13 12:25:44.134724,2025-11-13 12:25:44.526864,0 days 00:00:00.392140,66.83361832802885,0.5214937463025124,0.3176207036294908,Ag,COMPLETE
58,-48.42342342339707,2025-11-13 12:25:44.247631,2025-11-13 12:25:44.511320,0 days 00:00:00.263689,72.38936015598301,1.7787091615987265,0.12572597592899437,Ag,COMPLETE
59,-50.24509803918625,2025-11-13 12:25:44.263175,2025-11-13 12:25:44.748613,0 days 00:00:00.485438,66.92813763641847,0.5491193096542517,0.2622199413362546,Ag,COMPLETE
60,-49.999999999971564,2025-11-13 12:25:44.315926,2025-11-13 12:25:44.894111,0 days 00:00:00.578185,67.56907663034877,0.9358155933597792,0.2459198846872715,Ag,COMPLETE
61,-50.24509803918625,2025-11-13 12:25:44.315926,2025-11-13 12:25:44.798045,0 days 00:00:00.482119,68.25654625462703,0.5819313730950508,0.25509596188725536,Ag,COMPLETE
62,-50.24509803918625,2025-11-13 12:25:44.526864,2025-11-13 12:25:45.143334,0 days 00:00:00.616470,66.64357666267813,0.5767477134228169,0.2458742304574124,Ag,COMPLETE
63,-51.47058823526383,2025-11-13 12:25:44.633849,2025-11-13 12:25:45.152551,0 days 00:00:00.518702,66.47725613733888,0.6672962286695624,0.22948918927379003,Ag,COMPLETE
64,-51.47058823526383,2025-11-13 12:25:44.816068,2025-11-13 12:25:45.121123,0 days 00:00:00.305055,68.43830667621671,0.6150330312700818,0.24055662523725296,Ag,COMPLETE
65,-51.47058823526388,2025-11-13 12:25:44.862879,2025-11-13 12:25:45.449928,0 days 00:00:00.587049,64.85136670103391,0.5646712849553035,0.23842083475822123,Ag,COMPLETE
66,-18.82716049382434,2025-11-13 12:25:45.050229,2025-11-13 12:25:45.449928,0 days 00:00:00.399699,66.17438788872349,1.2154625836382793,0.2279845674539864,Au,COMPLETE
67,-18.82716049382434,2025-11-13 12:25:45.090543,2025-11-13 12:25:45.481982,0 days 00:00:00.391439,67.52558242044,1.2300065974197256,0.23870839774984062,Au,COMPLETE
68,-38.94927536230185,2025-11-13 12:25:45.198513,2025-11-13 12:25:45.632995,0 days 00:00:00.434482,54.135606913684605,1.8168717205096279,0.46634651511254777,Ag,COMPLETE
69,-18.967661691539455,2025-11-13 12:25:45.154612,2025-11-13 12:25:45.824990,0 days 00:00:00.670378,67.68250170773301,1.1600908305937256,0.2026287642249142,Au,COMPLETE
70,-39.81481481479711,2025-11-13 12:25:45.316956,2025-11-13 12:25:45.778200,0 days 00:00:00.461244,52.348613629600386,1.7108125561133638,0.18823216230280104,Ag,COMPLETE
71,-15.25821596243915,2025-11-13 12:25:45.425471,2025-11-13 12:25:45.900343,0 days 00:00:00.474872,63.49928680132776,1.8482725201500387,0.15813645160359457,Cu,COMPLETE
72,-49.99999999997149,2025-11-13 12:25:45.610311,2025-11-13 12:25:46.047900,0 days 00:00:00.437589,63.64867176058097,0.6585487195331166,0.27515259959916166,Ag,COMPLETE
73,-51.47058823526383,2025-11-13 12:25:45.746943,2025-11-13 12:25:46.198007,0 days 00:00:00.451064,70.17585350130858,0.5829714723066178,0.29206223540231563,Ag,COMPLETE
74,-34.72222222220921,2025-11-13 12:25:45.824990,2025-11-13 12:25:46.314407,0 days 00:00:00.489417,81.30863423148892,3.656942204148538,0.2892852957889251,Ag,COMPLETE
75,-50.24509803918625,2025-11-13 12:25:45.947790,2025-11-13 12:25:46.314407,0 days 00:00:00.366617,69.25767135043588,0.5139077550122613,0.28377171067434515,Ag,COMPLETE
76,-30.36723163840784,2025-11-13 12:25:46.165216,2025-11-13 12:25:46.748944,0 days 00:00:00.583728,46.928621777831374,2.0289703927299994,0.5103458532848572,Ag,COMPLETE
77,-26.701877934268587,2025-11-13 12:25:46.237470,2025-11-13 12:25:47.020472,0 days 00:00:00.783002,61.73241763947076,14.741180445049633,0.11953147231799505,Ag,COMPLETE
78,-44.715447154449805,2025-11-13 12:25:46.198007,2025-11-13 12:25:46.799009,0 days 00:00:00.601002,70.48371244530287,3.2619117379169453,0.10042287513997983,Ag,COMPLETE
79,-130.35714285713357,2025-11-13 12:25:46.262737,2025-11-13 12:25:46.782825,0 days 00:00:00.520088,24.13247536137964,17.435903833132212,0.10150819602867242,Ag,COMPLETE
80,-1.1150234741783764,2025-11-13 12:25:46.331155,2025-11-13 12:25:47.312193,0 days 00:00:00.981038,22.17879231218746,3.273920359378985,0.1251919904026903,Ag,COMPLETE
81,-0.8992805755395424,2025-11-13 12:25:46.589176,2025-11-13 12:25:47.633414,0 days 00:00:01.044238,21.867402389795423,18.738441665647947,0.3426739108716452,Ag,COMPLETE
82,-14.79076479076353,2025-11-13 12:25:46.743879,2025-11-13 12:25:47.422325,0 days 00:00:00.678446,33.8524845312881,16.845317724963476,0.43790704972469385,Ag,COMPLETE
83,-0.8928571428571173,2025-11-13 12:25:47.036240,2025-11-13 12:25:47.437801,0 days 00:00:00.401561,20.260152641467826,16.689428918795866,0.36732022377287266,Ag,COMPLETE
84,-1.0806916426512656,2025-11-13 12:25:47.114646,2025-11-13 12:25:47.758273,0 days 00:00:00.643627,22.44756752234036,19.00543151766244,0.3906095097790666,Ag,COMPLETE
85,-9.293680297397081,2025-11-13 12:25:47.151334,2025-11-13 12:25:47.633414,0 days 00:00:00.482080,26.166054820053674,17.398192285405152,0.34026740044999965,Ag,COMPLETE
86,-8.454106280192624,2025-11-13 12:25:47.180075,2025-11-13 12:25:47.813730,0 days 00:00:00.633655,25.273940902608835,16.993980116867192,0.3603830654203416,Ag,COMPLETE
87,-8.290816326529752,2025-11-13 12:25:47.296286,2025-11-13 12:25:48.071678,0 days 00:00:00.775392,25.948355306633946,1.4185946859898628,0.1857007989376595,Ag,COMPLETE
88,-48.611111111084135,2025-11-13 12:25:47.534711,2025-11-13 12:25:48.063664,0 days 00:00:00.528953,61.99238053879692,0.9861486454118003,0.1985707396023487,Ag,COMPLETE
89,-8.01787592008361,2025-11-13 12:25:47.543632,2025-11-13 12:25:48.248363,0 days 00:00:00.704731,26.839565585091364,12.567789107906018,1.2505642829002468,Cu,COMPLETE
90,-13.976793248943373,2025-11-13 12:25:47.711417,2025-11-13 12:25:48.247871,0 days 00:00:00.536454,62.20765949989525,0.9805572006520233,1.246543648615391,Cu,COMPLETE
91,-48.809523809495936,2025-11-13 12:25:47.962378,2025-11-13 12:25:48.828501,0 days 00:00:00.866123,69.13284169225923,0.5192811100892284,0.30506181594515813,Ag,COMPLETE
92,-51.47058823526383,2025-11-13 12:25:48.153273,2025-11-13 12:25:48.686482,0 days 00:00:00.533209,70.34307639725382,0.6027190601071939,0.2904293414667155,Ag,COMPLETE
93,-49.99999999997152,2025-11-13 12:25:48.196415,2025-11-13 12:25:48.686482,0 days 00:00:00.490067,70.38849776288366,0.5564401392894064,0.2921387913928414,Ag,COMPLETE
94,-49.99999999997152,2025-11-13 12:25:48.269320,2025-11-13 12:25:48.781283,0 days 00:00:00.511963,69.62274291231058,0.5520127295262861,0.29353457195700433,Ag,COMPLETE
95,-49.99999999997132,2025-11-13 12:25:48.286286,2025-11-13 12:25:48.781283,0 days 00:00:00.494997,69.77682475067928,0.7465867089498668,0.27978326876088033,Ag,COMPLETE
96,-51.47058823526383,2025-11-13 12:25:48.443595,2025-11-13 12:25:49.003673,0 days 00:00:00.560078,68.80284256922688,0.5665142246254257,0.3116275121758755,Ag,COMPLETE
97,-37.581699346390316,2025-11-13 12:25:48.663342,2025-11-13 12:25:49.167465,0 days 00:00:00.504123,79.98701954636336,4.068736186274227,0.15651485121214131,Ag,COMPLETE
98,-13.40996168582273,2025-11-13 12:25:48.768193,2025-11-13 12:25:49.263860,0 days 00:00:00.495667,80.41066497981609,4.032943667741458,1.5170420671500442,Au,COMPLETE
99,-2.2897585345545046,2025-11-13 12:25:48.932308,2025-11-13 12:25:49.649076,0 days 00:00:00.716768,106.95231245692537,2.1112322995855,0.5097039481049253,Au,COMPLETE
100,-17.668776371305817,2025-11-13 12:25:48.968628,2025-11-13 12:25:49.436491,0 days 00:00:00.467863,72.59870423736575,2.119095563530757,0.5107189486626142,Au,COMPLETE
101,-16.025641025639217,2025-11-13 12:25:49.003673,2025-11-13 12:25:49.503078,0 days 00:00:00.499405,72.95026168373491,1.4649828584065454,1.508811143241515,Au,COMPLETE
102,-17.73648648648411,2025-11-13 12:25:49.097756,2025-11-13 12:25:49.500078,0 days 00:00:00.402322,64.97493852053385,1.5539027684122284,0.5241940657139283,Au,COMPLETE
103,7.026143790849563,2025-11-13 12:25:49.194716,2025-11-13 12:25:49.816816,0 days 00:00:00.622100,107.7809908150134,14.420876641565629,0.43337448476861584,Ag,COMPLETE
104,-1.6304347826086645,2025-11-13 12:25:49.376700,2025-11-13 12:25:49.932661,0 days 00:00:00.555961,101.9210326076822,1.1408247097928896,1.7588603289624978,Ag,COMPLETE
105,-31.249999999992188,2025-11-13 12:25:49.546686,2025-11-13 12:25:50.153776,0 days 00:00:00.607090,65.37687721033488,9.994567474684878,0.2312354159126729,Ag,COMPLETE
106,-26.930894308939838,2025-11-13 12:25:49.750004,2025-11-13 12:25:50.202341,0 days 00:00:00.452337,65.685665221016,16.036577488263553,0.2259103117587088,Ag,COMPLETE
107,-47.29729729727182,2025-11-13 12:25:49.850100,2025-11-13 12:25:50.405461,0 days 00:00:00.555361,65.76352099545876,1.5648728313420897,0.22089257165138082,Ag,COMPLETE
108,-47.29729729727182,2025-11-13 12:25:49.883784,2025-11-13 12:25:50.386733,0 days 00:00:00.502949,60.18992279305409,1.4557232403581852,0.1697494617268639,Ag,COMPLETE
109,-49.76851851849095,2025-11-13 12:25:49.966919,2025-11-13 12:25:50.254243,0 days 00:00:00.287324,65.03593359956409,1.4424493616235172,0.21607341897826066,Ag,COMPLETE
110,-47.29729729727148,2025-11-13 12:25:50.028615,2025-11-13 12:25:50.562250,0 days 00:00:00.533635,59.679790771176094,1.3698956504299904,0.17557001933148741,Ag,COMPLETE
111,-44.871794871771776,2025-11-13 12:25:50.254243,2025-11-13 12:25:50.700858,0 days 00:00:00.446615,55.415454378670965,0.9536548940269076,0.13949683512201527,Ag,COMPLETE
112,-23.373983739831736,2025-11-13 12:25:50.363266,2025-11-13 12:25:50.735881,0 days 00:00:00.372615,82.66252957808283,2.204662393985854,1.8518588689682083,Ag,COMPLETE
113,-49.99999999997132,2025-11-13 12:25:50.515246,2025-11-13 12:25:51.299060,0 days 00:00:00.783814,68.91307570118542,1.0089594387314322,0.26454056406195164,Ag,COMPLETE
114,-34.97023809522566,2025-11-13 12:25:50.515246,2025-11-13 12:25:50.909902,0 days 00:00:00.394656,68.71787715129447,2.183482955164582,1.8225532339814408,Ag,COMPLETE
115,-45.94017094014722,2025-11-13 12:25:50.402390,2025-11-13 12:25:51.113094,0 days 00:00:00.710704,68.4474640451659,2.222255827712134,0.2738320018450682,Ag,COMPLETE
116,-45.94017094014738,2025-11-13 12:25:50.717935,2025-11-13 12:25:51.025526,0 days 00:00:00.307591,78.19955769858504,0.9215301318417211,0.26157701398772915,Ag,COMPLETE
117,-16.025641025637924,2025-11-13 12:25:50.821912,2025-11-13 12:25:51.331506,0 days 00:00:00.509594,34.45090020696795,0.9329085869111375,0.32280652675774557,Ag,COMPLETE
118,-48.61111111108394,2025-11-13 12:25:50.848519,2025-11-13 12:25:51.464508,0 days 00:00:00.615989,72.17874167052585,0.8453920837505888,0.32835469322527,Ag,COMPLETE
119,-43.560606060586124,2025-11-13 12:25:51.018478,2025-11-13 12:25:51.594989,0 days 00:00:00.576511,71.63698408399713,3.209688923430767,0.40204636822545714,Ag,COMPLETE
120,-42.61363636361706,2025-11-13 12:25:51.196826,2025-11-13 12:25:51.804050,0 days 00:00:00.607224,63.20926789922493,3.141976665492085,0.3837176000464402,Ag,COMPLETE
121,-46.171171171146376,2025-11-13 12:25:51.333541,2025-11-13 12:25:51.806150,0 days 00:00:00.472609,58.24074273806273,0.5291529042561949,0.36596727954945063,Ag,COMPLETE
122,-48.8095238094959,2025-11-13 12:25:51.513796,2025-11-13 12:25:52.241502,0 days 00:00:00.727706,63.41872097062078,0.5295857327635576,0.37193623585023633,Ag,COMPLETE
123,-22.206959706957267,2025-11-13 12:25:51.548254,2025-11-13 12:25:52.129953,0 days 00:00:00.581699,62.59331076903963,13.379126813027465,1.9425296754736092,Ag,COMPLETE
124,-45.833333333310414,2025-11-13 12:25:51.730010,2025-11-13 12:25:52.152326,0 days 00:00:00.422316,67.19741426070041,1.8842557514856086,0.4560814541860557,Ag,COMPLETE
125,-10.28806584362012,2025-11-13 12:25:51.850154,2025-11-13 12:25:52.786880,0 days 00:00:00.936726,28.688161114856918,1.6702395220700148,0.2503541578419565,Ag,COMPLETE
126,-10.822510822509418,2025-11-13 12:25:51.978245,2025-11-13 12:25:52.278932,0 days 00:00:00.300687,29.500024342119243,1.8513797488466603,0.1995832376918653,Ag,COMPLETE
127,-48.42342342339707,2025-11-13 12:25:52.081390,2025-11-13 12:25:52.755709,0 days 00:00:00.674319,74.26746198607468,1.1989484506838337,0.255790748101831,Ag,COMPLETE
128,-48.6111111110841,2025-11-13 12:25:52.129953,2025-11-13 12:25:52.818138,0 days 00:00:00.688185,73.68400336376429,1.1519444573445778,0.10330859883751226,Ag,COMPLETE
129,-15.318627450978095,2025-11-13 12:25:52.310143,2025-11-13 12:25:53.179074,0 days 00:00:00.868931,67.00051978783912,0.8497812062804773,0.14473941966475812,Cu,COMPLETE
130,-0.8573388203017691,2025-11-13 12:25:52.349594,2025-11-13 12:25:53.212583,0 days 00:00:00.862989,70.98491479181918,19.66189008947946,0.15052540473617693,Cu,COMPLETE
131,-12.35177865612552,2025-11-13 12:25:52.708840,2025-11-13 12:25:53.228083,0 days 00:00:00.519243,72.09828149500278,8.136617544598568,0.14337617415563972,Cu,COMPLETE
132,-0.664010624169976,2025-11-13 12:25:52.724475,2025-11-13 12:25:53.104742,0 days 00:00:00.380267,67.49121813710059,15.09870971932781,0.8361707574641125,Cu,COMPLETE
133,-13.554216867468199,2025-11-13 12:25:52.833758,2025-11-13 12:25:53.315677,0 days 00:00:00.481919,71.16977686757913,2.519695541017785,0.1537830019451613,Cu,COMPLETE
134,-48.809523809495936,2025-11-13 12:25:53.274963,2025-11-13 12:25:53.807045,0 days 00:00:00.532082,76.54954943905707,0.5112869643473521,0.20560630740982433,Ag,COMPLETE
135,-47.29729729727182,2025-11-13 12:25:53.228083,2025-11-13 12:25:53.807045,0 days 00:00:00.578962,76.34076607513933,0.5404683103242229,0.32340564453095444,Ag,COMPLETE
136,-47.453703703677256,2025-11-13 12:25:53.212583,2025-11-13 12:25:53.774832,0 days 00:00:00.562249,60.724210602323375,0.5007986618353663,0.3107949174270496,Ag,COMPLETE
137,-47.29729729727182,2025-11-13 12:25:53.349100,2025-11-13 12:25:53.807045,0 days 00:00:00.457945,76.80789865357572,0.52265822432468,0.3137638410080708,Ag,COMPLETE
138,-33.48214285713095,2025-11-13 12:25:53.402885,2025-11-13 12:25:54.231691,0 days 00:00:00.828806,77.13696956177864,1.2209124779961926,1.6664907612353497,Ag,COMPLETE
139,-46.0526315789233,2025-11-13 12:25:53.407880,2025-11-13 12:25:53.955152,0 days 00:00:00.547272,75.78857948442898,1.2555234509117803,0.31616746077717356,Ag,COMPLETE
140,-36.6666666666521,2025-11-13 12:25:53.463094,2025-11-13 12:25:54.231691,0 days 00:00:00.768597,66.6753477483512,1.216741663573949,1.7158732150290783,Ag,COMPLETE
141,21.223470661672593,2025-11-13 12:25:53.743443,2025-11-13 12:25:54.297149,0 days 00:00:00.553706,66.28864575878544,18.306115168033575,0.24856213364319343,Ag,COMPLETE
142,-48.423423423397416,2025-11-13 12:25:53.998931,2025-11-13 12:25:54.543453,0 days 00:00:00.544522,69.6880917723443,1.7250719796930443,0.2800049785858804,Ag,COMPLETE
143,-48.42342342339725,2025-11-13 12:25:54.181794,2025-11-13 12:25:54.647421,0 days 00:00:00.465627,69.94074457507102,1.6359930604273678,0.2912923133536415,Ag,COMPLETE
144,-48.61111111108426,2025-11-13 12:25:54.204644,2025-11-13 12:25:54.986805,0 days 00:00:00.782161,69.68076098379031,0.8697839047925655,0.42402295580604177,Ag,COMPLETE
145,-48.423423423397416,2025-11-13 12:25:54.272797,2025-11-13 12:25:54.664123,0 days 00:00:00.391326,69.9098582031614,1.7012645133939421,0.28542951040177705,Ag,COMPLETE
146,-47.14912280699298,2025-11-13 12:25:54.312253,2025-11-13 12:25:54.955547,0 days 00:00:00.643294,64.5456586200352,0.9169405773519712,0.6512290926721953,Ag,COMPLETE
147,-47.14912280699298,2025-11-13 12:25:54.350700,2025-11-13 12:25:54.924298,0 days 00:00:00.573598,69.89501923564728,1.662680987329606,0.28939379869736787,Ag,COMPLETE
148,-48.61111111108426,2025-11-13 12:25:54.423941,2025-11-13 12:25:55.094506,0 days 00:00:00.670565,64.07148368954884,0.8694591830362828,0.41896376699914567,Ag,COMPLETE
149,-49.99999999997132,2025-11-13 12:25:54.681647,2025-11-13 12:25:55.687532,0 days 00:00:01.005885,64.325325917489,0.8673680323970646,0.19989290213742222,Ag,COMPLETE
150,-35.919540229872865,2025-11-13 12:25:54.664123,2025-11-13 12:25:55.198170,0 days 00:00:00.534047,64.26512259814491,6.316524530637393,0.42058346895306603,Ag,COMPLETE
151,-19.402035623406675,2025-11-13 12:25:54.814182,2025-11-13 12:25:55.297666,0 days 00:00:00.483484,73.73705588810387,0.9183183995990318,0.18277196090935663,Au,COMPLETE
152,-19.510582010578915,2025-11-13 12:25:55.138372,2025-11-13 12:25:55.718691,0 days 00:00:00.580319,73.57288184428853,0.5041431557963663,0.18600261205776616,Au,COMPLETE
153,-49.99999999997149,2025-11-13 12:25:55.201156,2025-11-13 12:25:55.994473,0 days 00:00:00.793317,68.0083214931375,0.5613743664166018,0.3569519506781603,Ag,COMPLETE
154,-50.24509803918605,2025-11-13 12:25:55.281610,2025-11-13 12:25:55.815069,0 days 00:00:00.533459,67.79056071393613,0.508400471586911,0.22566657853730293,Ag,COMPLETE
155,-0.5868544600938801,2025-11-13 12:25:55.218775,2025-11-13 12:25:55.849604,0 days 00:00:00.630829,24.29050468266321,1.2888530694892424,0.19536165114249907,Au,COMPLETE
156,-48.6111111110841,2025-11-13 12:25:55.336853,2025-11-13 12:25:56.396251,0 days 00:00:01.059398,67.82299369375873,1.3449080946822805,0.23451675121746163,Ag,COMPLETE
157,-48.61111111108375,2025-11-13 12:25:55.751160,2025-11-13 12:25:56.363938,0 days 00:00:00.612778,67.48182252901081,1.2557170268809459,0.23908006824714273,Ag,COMPLETE
158,-48.423423423397416,2025-11-13 12:25:55.815069,2025-11-13 12:25:56.365001,0 days 00:00:00.549932,66.03298891574318,1.3873522213096372,0.349280812228509,Ag,COMPLETE
159,-31.770833333325353,2025-11-13 12:25:55.865800,2025-11-13 12:25:56.380627,0 days 00:00:00.514827,67.59577806791593,10.007898794941962,0.2357340824810653,Ag,COMPLETE
160,-48.6111111110841,2025-11-13 12:25:55.963143,2025-11-13 12:25:56.459135,0 days 00:00:00.495992,67.28624516961469,1.3434448139104493,0.2430775607216994,Ag,COMPLETE
161,-9.598603839440534,2025-11-13 12:25:56.112194,2025-11-13 12:25:56.659188,0 days 00:00:00.546994,93.0266717541918,2.019454424257898,0.10276647746252941,Ag,COMPLETE
162,-48.809523809495936,2025-11-13 12:25:56.255847,2025-11-13 12:25:56.847050,0 days 00:00:00.591203,71.53839690223359,0.5124330809672738,0.29979957817551045,Ag,COMPLETE
163,-48.611111111084135,2025-11-13 12:25:56.427502,2025-11-13 12:25:57.180146,0 days 00:00:00.752644,61.85261397064314,0.8366582618879697,0.29237489517426574,Ag,COMPLETE
164,-48.809523809495936,2025-11-13 12:25:56.515394,2025-11-13 12:25:56.915247,0 days 00:00:00.399853,70.68578192074293,0.5184703773211933,0.298353074194894,Ag,COMPLETE
165,-48.6111111110841,2025-11-13 12:25:56.565881,2025-11-13 12:25:57.232151,0 days 00:00:00.666270,70.60807723596139,0.8911366486781074,0.33142342046823203,Ag,COMPLETE
166,-48.809523809495936,2025-11-13 12:25:56.572842,2025-11-13 12:25:57.180146,0 days 00:00:00.607304,71.35093296662527,0.7905540210535089,0.3005851615408903,Ag,COMPLETE
167,-48.611111111084135,2025-11-13 12:25:56.690433,2025-11-13 12:25:57.059955,0 days 00:00:00.369522,62.32467009192084,0.8601374390507464,0.2674524191373789,Ag,COMPLETE
168,-28.21180555554965,2025-11-13 12:25:56.862679,2025-11-13 12:25:57.622797,0 days 00:00:00.760118,73.08054855025107,10.862452560728757,0.37317453491618197,Ag,COMPLETE
169,-39.062499999983785,2025-11-13 12:25:57.012978,2025-11-13 12:25:57.638423,0 days 00:00:00.625445,73.79674617011032,1.912874709510595,1.0961040034381537,Ag,COMPLETE
170,-19.40993788819637,2025-11-13 12:25:57.180146,2025-11-13 12:25:57.529049,0 days 00:00:00.348903,47.45026252494516,12.243236674118794,1.4042422793016192,Ag,COMPLETE
171,-48.61111111108426,2025-11-13 12:25:57.248194,2025-11-13 12:25:57.805508,0 days 00:00:00.557314,65.41345201403843,1.1302812048703883,0.22042281083112852,Ag,COMPLETE
172,-45.83333333331025,2025-11-13 12:25:57.270242,2025-11-13 12:25:57.762452,0 days 00:00:00.492210,72.90037688348808,2.1694838196444177,0.36045316929361415,Ag,COMPLETE
173,-47.453703703677256,2025-11-13 12:25:57.466710,2025-11-13 12:25:58.246699,0 days 00:00:00.779989,59.13780779598221,0.5110249881926557,0.22415326311517642,Ag,COMPLETE
174,-31.926406926398702,2025-11-13 12:25:57.544672,2025-11-13 12:25:58.330690,0 days 00:00:00.786018,68.38252853143386,9.462214587405384,0.26245949039756666,Ag,COMPLETE
175,-49.99999999997149,2025-11-13 12:25:57.689621,2025-11-13 12:25:58.012242,0 days 00:00:00.322621,69.30184755246206,1.029786679336003,0.266008409625183,Ag,COMPLETE
176,-53.03030303027077,2025-11-13 12:25:57.847510,2025-11-13 12:25:58.432280,0 days 00:00:00.584770,65.69063843294985,0.5279458817651681,0.1770578088811884,Ag,COMPLETE
177,-32.22222222221352,2025-11-13 12:25:57.884845,2025-11-13 12:25:58.569975,0 days 00:00:00.685130,65.60608701970935,9.429786486708139,0.1739085688548758,Ag,COMPLETE
178,-26.92307692307275,2025-11-13 12:25:57.967986,2025-11-13 12:25:58.616073,0 days 00:00:00.648087,65.44811756330404,13.982213082859246,0.16031922609661944,Ag,COMPLETE
179,-26.67682926828941,2025-11-13 12:25:58.199847,2025-11-13 12:25:58.767913,0 days 00:00:00.568066,65.5957494106397,16.268537763864146,0.16123128701393272,Ag,COMPLETE
180,-27.096114519424148,2025-11-13 12:25:58.330690,2025-11-13 12:25:59.037947,0 days 00:00:00.707257,65.73004055755952,15.920766373414109,0.20317492168358287,Ag,COMPLETE
181,-51.190476190446745,2025-11-13 12:25:58.381036,2025-11-13 12:25:58.919905,0 days 00:00:00.538869,65.82752338069736,1.4347153469806169,0.1421761564824213,Ag,COMPLETE
182,-48.61111111108426,2025-11-13 12:25:58.569975,2025-11-13 12:25:59.065283,0 days 00:00:00.495308,62.25926785965117,1.5762314978088705,0.1246660078188558,Ag,COMPLETE
183,-1.1134552273792424,2025-11-13 12:25:58.528826,2025-11-13 12:25:59.065283,0 days 00:00:00.536457,23.820241313469673,1.456563368613446,0.1247907758338275,Ag,COMPLETE
184,-49.99999999997132,2025-11-13 12:25:58.813850,2025-11-13 12:25:59.350830,0 days 00:00:00.536980,68.88165337827552,1.082553387297219,0.20197618328214734,Ag,COMPLETE
185,-51.47058823526388,2025-11-13 12:25:58.947926,2025-11-13 12:25:59.350830,0 days 00:00:00.402904,68.7322030608685,0.969446851084044,0.19671369743496797,Ag,COMPLETE
186,-40.74074074072269,2025-11-13 12:25:58.949092,2025-11-13 12:25:59.591198,0 days 00:00:00.642106,68.8228505241626,0.982954692070863,1.3073309702717482,Ag,COMPLETE
187,-49.99999999997173,2025-11-13 12:25:59.081477,2025-11-13 12:25:59.464318,0 days 00:00:00.382841,68.50534700763149,0.9889686521595464,0.21535494038402048,Ag,COMPLETE
188,-49.99999999997132,2025-11-13 12:25:59.166865,2025-11-13 12:25:59.622042,0 days 00:00:00.455177,63.854649388247964,0.8896417430633303,0.17081829248248828,Ag,COMPLETE
189,-49.99999999997173,2025-11-13 12:25:59.280927,2025-11-13 12:25:59.813531,0 days 00:00:00.532604,63.02590279177983,1.0451588807132135,0.18133558655452237,Ag,COMPLETE
190,-48.6111111110841,2025-11-13 12:25:59.445489,2025-11-13 12:25:59.826545,0 days 00:00:00.381056,63.887016828521595,1.5484964267337236,0.10657808121156143,Ag,COMPLETE
191,-1.4297385620914798,2025-11-13 12:25:59.512670,2025-11-13 12:26:00.147429,0 days 00:00:00.634759,114.4454453088357,1.1604601660182627,0.2262991354011228,Ag,COMPLETE
192,-49.99999999997149,2025-11-13 12:25:59.684243,2025-11-13 12:26:00.147429,0 days 00:00:00.463186,66.81445984449385,1.0935517682172384,0.22116515239246876,Ag,COMPLETE
193,-47.297297297271975,2025-11-13 12:25:59.767601,2025-11-13 12:26:00.339806,0 days 00:00:00.572205,60.17513062929897,1.160988154163054,0.21033280828792084,Ag,COMPLETE
194,-1.429738562091475,2025-11-13 12:25:59.864451,2025-11-13 12:26:00.371148,0 days 00:00:00.506697,114.2684285941792,1.2306964094256103,0.21565588835466326,Ag,COMPLETE
195,-50.24509803918605,2025-11-13 12:25:59.897676,2025-11-13 12:26:00.230527,0 days 00:00:00.332851,66.85430272172998,0.5083763914841442,0.22022778721499434,Ag,COMPLETE
196,-48.61111111108426,2025-11-13 12:25:59.987988,2025-11-13 12:26:00.599682,0 days 00:00:00.611694,60.735314788861565,0.853846398538987,0.15227011406840785,Ag,COMPLETE
197,-49.99999999997132,2025-11-13 12:26:00.049070,2025-11-13 12:26:00.636180,0 days 00:00:00.587110,60.51082392870325,0.5543909224167279,0.15092248237797085,Ag,COMPLETE
198,-18.39080459769862,2025-11-13 12:26:00.230527,2025-11-13 12:26:00.836120,0 days 00:00:00.605593,68.11035603248835,1.9226676703072427,0.250209013716107,Au,COMPLETE
199,-18.550228310499705,2025-11-13 12:26:00.465032,2025-11-13 12:26:00.854706,0 days 00:00:00.389674,67.96978711263594,1.9369941051297437,0.26119882643932846,Au,COMPLETE
200,-18.356643356640802,2025-11-13 12:26:00.501125,2025-11-13 12:26:01.081882,0 days 00:00:00.580757,68.454830510069,1.762443027076366,0.2601667541634606,Au,COMPLETE
201,-18.678160919537643,2025-11-13 12:26:00.578130,2025-11-13 12:26:01.070175,0 days 00:00:00.492045,68.1923001774122,1.8929586273714534,0.25916606748197757,Au,COMPLETE
202,-0.3097893432465877,2025-11-13 12:26:00.647010,2025-11-13 12:26:01.334600,0 days 00:00:00.687590,71.67100529837685,17.52489561804543,0.18812387727258395,Ag,COMPLETE
203,-0.7342143906020427,2025-11-13 12:26:00.679964,2025-11-13 12:26:01.113765,0 days 00:00:00.433801,67.43982371942157,17.674510302145215,0.2573349775175964,Au,COMPLETE
204,-51.47058823526383,2025-11-13 12:26:01.010048,2025-11-13 12:26:01.514615,0 days 00:00:00.504567,71.34351635203353,0.5200037782331302,0.1854031632520573,Ag,COMPLETE
205,-49.99999999997149,2025-11-13 12:26:01.162143,2025-11-13 12:26:01.503401,0 days 00:00:00.341258,71.49747908069479,0.7701564204957532,0.17989419652569386,Ag,COMPLETE
206,-50.24509803918605,2025-11-13 12:26:01.163921,2025-11-13 12:26:01.644478,0 days 00:00:00.480557,63.74303938109226,0.584904688376744,0.17066041147649794,Ag,COMPLETE
207,-51.76767676764536,2025-11-13 12:26:01.210174,2025-11-13 12:26:01.795553,0 days 00:00:00.585379,63.46852999157274,0.5160000294539683,0.12425854330977021,Ag,COMPLETE
208,-49.99999999997152,2025-11-13 12:26:01.413599,2025-11-13 12:26:01.867125,0 days 00:00:00.453526,63.64517091423809,0.5085786789914202,0.33184580550098636,Ag,COMPLETE
209,-49.99999999997149,2025-11-13 12:26:01.444872,2025-11-13 12:26:01.930904,0 days 00:00:00.486032,64.06041742954733,0.8245781438819215,0.14069003648321154,Ag,COMPLETE
210,-50.245098039186,2025-11-13 12:26:01.515137,2025-11-13 12:26:01.985291,0 days 00:00:00.470154,63.360115779221914,0.5849597359713533,0.10683087413370672,Ag,COMPLETE
211,-47.45370370367742,2025-11-13 12:26:01.751219,2025-11-13 12:26:02.181895,0 days 00:00:00.430676,57.00193096603231,0.5274018001740862,0.10003415614399769,Ag,COMPLETE
212,-53.03030303027077,2025-11-13 12:26:01.795553,2025-11-13 12:26:02.414323,0 days 00:00:00.618770,65.7888067208678,0.5712705433923628,0.13341548749875645,Ag,COMPLETE
213,-51.76767676764536,2025-11-13 12:26:01.930904,2025-11-13 12:26:02.414323,0 days 00:00:00.483419,65.96904577993949,0.5143612103042874,0.13043415867789843,Ag,COMPLETE
214,-47.45370370367742,2025-11-13 12:26:01.996965,2025-11-13 12:26:02.669400,0 days 00:00:00.672435,56.8026086597923,0.5260162990391835,0.11607630312275635,Ag,COMPLETE
215,-49.99999999997136,2025-11-13 12:26:02.050227,2025-11-13 12:26:02.533362,0 days 00:00:00.483135,65.83713117880369,1.4109620771767846,0.10212132630969292,Ag,COMPLETE
216,-49.99999999997116,2025-11-13 12:26:02.152042,2025-11-13 12:26:02.682051,0 days 00:00:00.530009,66.46918868805516,1.4021801185775586,0.14157537538134354,Ag,COMPLETE
217,-51.76767676764536,2025-11-13 12:26:02.181895,2025-11-13 12:26:02.915998,0 days 00:00:00.734103,70.67176493396421,0.5349757103058617,0.13846498257300688,Ag,COMPLETE
218,-51.76767676764536,2025-11-13 12:26:02.363516,2025-11-13 12:26:02.915998,0 days 00:00:00.552482,70.09712559832505,0.5335532034113135,0.13632538798013016,Ag,COMPLETE
219,-51.47058823526383,2025-11-13 12:26:02.568848,2025-11-13 12:26:02.884472,0 days 00:00:00.315624,69.77297909291097,0.8833453213371258,0.17652085252094324,Ag,COMPLETE
220,-49.99999999997136,2025-11-13 12:26:02.631495,2025-11-13 12:26:03.299424,0 days 00:00:00.667929,70.61170840746605,0.9910682099466259,0.14494607684716512,Ag,COMPLETE
221,-51.4705882352638,2025-11-13 12:26:02.816716,2025-11-13 12:26:03.145428,0 days 00:00:00.328712,70.99358535460763,0.8595490702698619,0.1416421229651549,Ag,COMPLETE
222,-49.999999999971564,2025-11-13 12:26:02.846455,2025-11-13 12:26:03.408841,0 days 00:00:00.562386,70.54566402970471,1.064448327967584,0.14165869705800857,Ag,COMPLETE
223,-51.47058823526383,2025-11-13 12:26:02.931817,2025-11-13 12:26:03.324862,0 days 00:00:00.393045,70.74048319727105,0.923232220303787,0.13330376910104966,Ag,COMPLETE
224,-48.6111111110841,2025-11-13 12:26:03.086369,2025-11-13 12:26:04.064945,0 days 00:00:00.978576,72.76076246216006,1.4637586889886904,0.16969976459483743,Ag,COMPLETE
225,-35.1562499999891,2025-11-13 12:26:03.035568,2025-11-13 12:26:03.854670,0 days 00:00:00.819102,72.95461766581573,7.8468083124200945,0.14498408034920096,Ag,COMPLETE
226,-49.76851851849078,2025-11-13 12:26:03.279771,2025-11-13 12:26:04.018018,0 days 00:00:00.738247,74.46735581710197,1.3928169837431452,0.16704629732569418,Ag,COMPLETE
227,-48.61111111108375,2025-11-13 12:26:03.330335,2025-11-13 12:26:04.064945,0 days 00:00:00.734610,74.09778800972316,1.3666042100028069,0.14041501243699384,Ag,COMPLETE
228,-48.42342342339725,2025-11-13 12:26:03.509506,2025-11-13 12:26:04.316586,0 days 00:00:00.807080,74.65508013968014,1.4047483885496255,0.17407983790899761,Ag,COMPLETE
229,-50.24509803918621,2025-11-13 12:26:03.627520,2025-11-13 12:26:04.571683,0 days 00:00:00.944163,71.79178668105924,0.8559944079677944,0.10259198286215845,Ag,COMPLETE
230,-51.4705882352638,2025-11-13 12:26:03.964024,2025-11-13 12:26:04.548287,0 days 00:00:00.584263,70.36550110651433,0.8978177284925124,0.10885758922851901,Ag,COMPLETE
231,-50.245098039186,2025-11-13 12:26:03.979645,2025-11-13 12:26:04.455277,0 days 00:00:00.475632,70.44727929612584,0.9136231932682808,0.12176808998137438,Ag,COMPLETE
232,-51.4705882352638,2025-11-13 12:26:04.316586,2025-11-13 12:26:04.862728,0 days 00:00:00.546142,69.998404434677,0.9056017494659526,0.11237193586238178,Ag,COMPLETE
233,-51.47058823526383,2025-11-13 12:26:04.391972,2025-11-13 12:26:04.962077,0 days 00:00:00.570105,69.74744578008776,0.859977555915685,0.19162717332385898,Ag,COMPLETE
234,-51.47058823526383,2025-11-13 12:26:04.107056,2025-11-13 12:26:04.835429,0 days 00:00:00.728373,69.64301279138589,0.9070274648948933,0.17640731121445236,Ag,COMPLETE
235,-51.47058823526383,2025-11-13 12:26:04.471287,2025-11-13 12:26:05.243125,0 days 00:00:00.771838,69.77990946826783,0.9647625648712937,0.1322816617271888,Ag,COMPLETE
236,-51.4705882352638,2025-11-13 12:26:04.572688,2025-11-13 12:26:05.121611,0 days 00:00:00.548923,69.8117090826308,0.9011568890727885,0.10343218051311451,Ag,COMPLETE
237,-51.4705882352638,2025-11-13 12:26:04.773545,2025-11-13 12:26:05.280150,0 days 00:00:00.506605,69.98691132148792,0.8803612378146808,0.10530673616264144,Ag,COMPLETE
238,-40.816326530595404,2025-11-13 12:26:04.824320,2025-11-13 12:26:05.331490,0 days 00:00:00.507170,69.86941342027873,5.452765939703525,0.10029453052758579,Ag,COMPLETE
239,-53.03030303027077,2025-11-13 12:26:04.920625,2025-11-13 12:26:05.463960,0 days 00:00:00.543335,70.18685666177561,0.9554832640457829,0.1029600136659464,Ag,COMPLETE
240,-49.99999999997149,2025-11-13 12:26:05.193349,2025-11-13 12:26:05.940939,0 days 00:00:00.747590,72.70801528716692,1.164709438345166,0.18752751989669236,Ag,COMPLETE
241,-28.005464480865214,2025-11-13 12:26:05.353965,2025-11-13 12:26:05.715242,0 days 00:00:00.361277,43.53338273914066,1.138399500580901,0.18325731289034825,Ag,COMPLETE
242,-51.4705882352638,2025-11-13 12:26:05.397320,2025-11-13 12:26:06.570222,0 days 00:00:01.172902,72.4787456435131,0.8558863486872954,0.14360787205208592,Ag,COMPLETE
243,-51.190476190446915,2025-11-13 12:26:05.437471,2025-11-13 12:26:05.734187,0 days 00:00:00.296716,71.646537860907,1.1991772542836896,0.18590542686752673,Ag,COMPLETE
244,-49.99999999997149,2025-11-13 12:26:05.463960,2025-11-13 12:26:05.940939,0 days 00:00:00.476979,72.2182792723525,1.1694356136314905,0.18842732656757655,Ag,COMPLETE
245,-51.4705882352638,2025-11-13 12:26:05.463960,2025-11-13 12:26:06.004794,0 days 00:00:00.540834,71.73573837870471,0.8475542277102495,0.13751564007713166,Ag,COMPLETE
246,-48.61111111108426,2025-11-13 12:26:05.546322,2025-11-13 12:26:05.894061,0 days 00:00:00.347739,72.641661856253,1.1561968046328652,0.18430103864855374,Ag,COMPLETE
247,-53.03030303027095,2025-11-13 12:26:05.795859,2025-11-13 12:26:06.311226,0 days 00:00:00.515367,69.52080064952158,0.8128702770551057,0.14764026210128084,Ag,COMPLETE
248,-50.24509803918621,2025-11-13 12:26:06.049218,2025-11-13 12:26:06.507376,0 days 00:00:00.458158,69.65535134168614,0.786011419890678,0.13905959260576084,Ag,COMPLETE
249,-48.8095238094959,2025-11-13 12:26:06.099233,2025-11-13 12:26:06.601490,0 days 00:00:00.502257,74.80293314523416,0.8034695120977989,0.14124812969425013,Ag,COMPLETE
250,-2.813260340632558,2025-11-13 12:26:06.116922,2025-11-13 12:26:06.621659,0 days 00:00:00.504737,96.03814250553685,12.794461735647838,0.13904248260407803,Ag,COMPLETE
251,-42.65873015870962,2025-11-13 12:26:06.132581,2025-11-13 12:26:06.637562,0 days 00:00:00.504981,75.00601280770826,0.5210666636438651,0.9027782259157207,Ag,COMPLETE
252,-48.8095238094959,2025-11-13 12:26:06.199297,2025-11-13 12:26:06.966549,0 days 00:00:00.767252,75.38553081878803,0.7774207976054226,0.14887063097759984,Ag,COMPLETE
253,-49.99999999997132,2025-11-13 12:26:06.264008,2025-11-13 12:26:06.585866,0 days 00:00:00.321858,75.3397554902868,0.7627456982569247,0.15181026264099232,Ag,COMPLETE
254,-9.447674418603528,2025-11-13 12:26:06.637562,2025-11-13 12:26:07.153764,0 days 00:00:00.516202,27.88222336412549,1.6564821656359676,0.20225674566326507,Ag,COMPLETE
255,-47.29729729727148,2025-11-13 12:26:06.732100,2025-11-13 12:26:07.028686,0 days 00:00:00.296586,68.62557608222754,1.6659353074333052,0.1993895914833489,Ag,COMPLETE
256,-48.61111111108426,2025-11-13 12:26:06.837066,2025-11-13 12:26:07.138131,0 days 00:00:00.301065,69.2250696076747,1.5150822565816695,0.2005977782619236,Ag,COMPLETE
257,-50.24509803918605,2025-11-13 12:26:06.850993,2025-11-13 12:26:07.416565,0 days 00:00:00.565572,69.12316934073192,0.5258055752775884,0.21017302158765835,Ag,COMPLETE
258,-15.236318407957919,2025-11-13 12:26:06.864068,2025-11-13 12:26:07.422582,0 days 00:00:00.558514,67.66413127860916,0.5108168661674897,0.16239344789757343,Cu,COMPLETE
259,-15.90330788803834,2025-11-13 12:26:06.967549,2025-11-13 12:26:07.635130,0 days 00:00:00.667581,66.84115946703513,0.5029638013842456,0.10076503776355511,Cu,COMPLETE
260,-0.8573388203017691,2025-11-13 12:26:07.106892,2025-11-13 12:26:07.476701,0 days 00:00:00.369809,67.0301803462946,19.072347442867606,0.16459489312205167,Cu,COMPLETE
261,-1.1134552273792424,2025-11-13 12:26:07.314072,2025-11-13 12:26:07.804694,0 days 00:00:00.490622,22.33461116333142,1.2281851477713428,0.11121901813845024,Ag,COMPLETE
262,-49.99999999997149,2025-11-13 12:26:07.392222,2025-11-13 12:26:07.831042,0 days 00:00:00.438820,70.29995146416029,1.2030617024487702,0.12276245630905236,Ag,COMPLETE
263,-1.1134552273792508,2025-11-13 12:26:07.445674,2025-11-13 12:26:08.013439,0 days 00:00:00.567765,21.108946857046938,1.1191001572952581,0.13574760284947315,Ag,COMPLETE
264,-53.03030303027077,2025-11-13 12:26:07.562132,2025-11-13 12:26:08.050914,0 days 00:00:00.488782,71.11354616444524,0.5019526517243608,0.18089383425823352,Ag,COMPLETE
265,-18.726591760295435,2025-11-13 12:26:07.730521,2025-11-13 12:26:08.299230,0 days 00:00:00.568709,36.23257432482493,0.5345534136234198,0.22815513471794574,Ag,COMPLETE
266,-16.249999999998344,2025-11-13 12:26:07.806772,2025-11-13 12:26:08.175058,0 days 00:00:00.368286,38.458000076468764,15.584498305438654,0.17194840861226807,Ag,COMPLETE
267,-40.74074074072244,2025-11-13 12:26:07.947920,2025-11-13 12:26:08.481974,0 days 00:00:00.534054,65.55882523722804,0.5070321346101091,1.5814028642815474,Ag,COMPLETE
268,-14.508928571426008,2025-11-13 12:26:07.973631,2025-11-13 12:26:08.480973,0 days 00:00:00.507342,32.8688941910424,0.5158281114738784,0.23200470461128722,Ag,COMPLETE
269,-50.24509803918605,2025-11-13 12:26:08.015563,2025-11-13 12:26:08.600035,0 days 00:00:00.584472,65.68081626324245,0.517829939598164,0.22847038284632187,Ag,COMPLETE
270,-48.423423423397416,2025-11-13 12:26:08.397663,2025-11-13 12:26:08.912385,0 days 00:00:00.514722,71.37573101443681,1.5907860628238508,0.17667591716100414,Ag,COMPLETE
271,-48.42342342339707,2025-11-13 12:26:08.495970,2025-11-13 12:26:09.076942,0 days 00:00:00.580972,71.40298627141775,1.674409651846109,0.1790651299755502,Ag,COMPLETE
272,-49.76851851849098,2025-11-13 12:26:08.536122,2025-11-13 12:26:08.955846,0 days 00:00:00.419724,71.56269584830842,1.6461258971746542,0.18081238715744194,Ag,COMPLETE
273,-44.79166666664434,2025-11-13 12:26:08.565091,2025-11-13 12:26:09.076942,0 days 00:00:00.511851,78.97026021843953,1.554102020046337,0.1763764067579157,Ag,COMPLETE
274,-48.423423423397416,2025-11-13 12:26:08.606034,2025-11-13 12:26:09.152524,0 days 00:00:00.546490,70.71038239292596,1.6036036386064358,0.17214028850413854,Ag,COMPLETE
275,-49.99999999997132,2025-11-13 12:26:08.665468,2025-11-13 12:26:09.527728,0 days 00:00:00.862260,69.13645694926888,1.053260887287089,0.207322987752922,Ag,COMPLETE
276,-49.99999999997132,2025-11-13 12:26:08.784281,2025-11-13 12:26:09.584011,0 days 00:00:00.799730,69.05588971562713,1.0758158119831742,0.20401629610110872,Ag,COMPLETE
277,-23.6872146118689,2025-11-13 12:26:08.963651,2025-11-13 12:26:09.613631,0 days 00:00:00.649980,52.143758682315074,14.367636951079717,0.21241130291053284,Ag,COMPLETE
278,-0.7153075822603596,2025-11-13 12:26:09.504909,2025-11-13 12:26:09.940889,0 days 00:00:00.435980,73.78665615143201,19.93338479695784,0.13701653713689102,Au,COMPLETE
279,-19.551282051279042,2025-11-13 12:26:09.535000,2025-11-13 12:26:09.939434,0 days 00:00:00.404434,73.42656987122949,0.9536749722625206,0.14600424470140652,Au,COMPLETE
280,-47.00854700852281,2025-11-13 12:26:09.547811,2025-11-13 12:26:10.332280,0 days 00:00:00.784469,67.64260519229984,2.3918773745784256,0.2488678719080949,Ag,COMPLETE
281,-19.37984496123722,2025-11-13 12:26:09.630287,2025-11-13 12:26:10.084333,0 days 00:00:00.454046,67.36402613205948,0.9400189869833918,0.14072915463401253,Au,COMPLETE
282,-26.960784313717557,2025-11-13 12:26:09.698418,2025-11-13 12:26:10.335021,0 days 00:00:00.636603,87.4483300347247,2.3347127602796602,0.25184578865150703,Ag,COMPLETE
283,-23.550724637678265,2025-11-13 12:26:09.800897,2025-11-13 12:26:10.584131,0 days 00:00:00.783234,67.08496660692525,13.499377004013658,1.1341132364087825,Ag,COMPLETE
284,-49.99999999997149,2025-11-13 12:26:09.946701,2025-11-13 12:26:10.956760,0 days 00:00:01.010059,64.83301904520225,1.287615835532403,0.10733739719272681,Ag,COMPLETE
285,-8.515815085157524,2025-11-13 12:26:10.084333,2025-11-13 12:26:10.807795,0 days 00:00:00.723462,25.363015454744108,17.0508165134631,0.23362231191891805,Ag,COMPLETE
286,-49.99999999997152,2025-11-13 12:26:10.300739,2025-11-13 12:26:10.965773,0 days 00:00:00.665034,68.97263441759829,1.230851458831486,0.2158208700887717,Ag,COMPLETE
287,-49.99999999997132,2025-11-13 12:26:10.416769,2025-11-13 12:26:11.232140,0 days 00:00:00.815371,65.04701006951998,1.2075183603055732,0.10159645994513487,Ag,COMPLETE
288,-49.99999999997149,2025-11-13 12:26:10.547467,2025-11-13 12:26:11.093208,0 days 00:00:00.545741,64.95012889259269,1.2402707560245938,0.10338798275572718,Ag,COMPLETE
289,-48.61111111108426,2025-11-13 12:26:10.714012,2025-11-13 12:26:11.397424,0 days 00:00:00.683412,76.82877886404694,0.8493602974419008,0.1529753878096484,Ag,COMPLETE
290,-51.4705882352638,2025-11-13 12:26:10.729641,2025-11-13 12:26:11.464872,0 days 00:00:00.735231,72.59569749178374,0.839154242815678,0.1534673081019442,Ag,COMPLETE
291,-47.297297297271975,2025-11-13 12:26:11.030702,2025-11-13 12:26:11.679543,0 days 00:00:00.648841,77.55908601353272,0.8460755015727793,0.16462851569444573,Ag,COMPLETE
292,-12.596899224804279,2025-11-13 12:26:11.125650,2025-11-13 12:26:11.583265,0 days 00:00:00.457615,31.097682940347845,0.8281670907995574,0.15503918947570366,Ag,COMPLETE
293,-48.245614035062324,2025-11-13 12:26:11.275777,2025-11-13 12:26:12.181477,0 days 00:00:00.905700,70.72087028648993,1.9080094619839603,0.2837056528511323,Ag,COMPLETE
294,-29.255319148930052,2025-11-13 12:26:11.277803,2025-11-13 12:26:11.805690,0 days 00:00:00.527887,69.98647828023665,11.136858516609996,0.272140939463183,Ag,COMPLETE
295,-49.99999999997152,2025-11-13 12:26:11.414250,2025-11-13 12:26:12.181477,0 days 00:00:00.767227,70.91412010958517,0.7918289950563421,0.2845027171238758,Ag,COMPLETE
296,18.717447916666377,2025-11-13 12:26:11.481188,2025-11-13 12:26:11.947418,0 days 00:00:00.466230,70.68419282454792,18.264193400831918,1.5025486199530125,Ag,COMPLETE
297,-42.635658914708635,2025-11-13 12:26:11.583265,2025-11-13 12:26:12.180145,0 days 00:00:00.596880,71.56807834795943,1.9209617382423136,0.7887198565576061,Ag,COMPLETE
298,-35.947712418286486,2025-11-13 12:26:11.774446,2025-11-13 12:26:12.112196,0 days 00:00:00.337750,71.19865539183185,0.511501287357656,1.9743744242024697,Ag,COMPLETE
299,-49.76851851849078,2025-11-13 12:26:11.864988,2025-11-13 12:26:12.400700,0 days 00:00:00.535712,68.34496095797067,1.3787848875191688,0.19539978989416842,Ag,COMPLETE
300,-48.61111111108375,2025-11-13 12:26:11.888952,2025-11-13 12:26:12.400700,0 days 00:00:00.511748,67.61441380247813,1.2927682181863331,0.20109620641966505,Ag,COMPLETE
301,-48.611111111084135,2025-11-13 12:26:12.096662,2025-11-13 12:26:13.033429,0 days 00:00:00.936767,62.1879606512599,0.9031362717492131,0.23327332145405222,Ag,COMPLETE
302,-53.03030303027077,2025-11-13 12:26:12.127903,2025-11-13 12:26:12.614832,0 days 00:00:00.486929,68.32546016314956,0.5059521096488815,0.19680634111169334,Ag,COMPLETE
303,-49.99999999997152,2025-11-13 12:26:12.217601,2025-11-13 12:26:13.033429,0 days 00:00:00.815828,73.67780251680354,0.8411104266137894,0.22410762075863727,Ag,COMPLETE
304,-42.658730158709766,2025-11-13 12:26:12.505807,2025-11-13 12:26:13.080218,0 days 00:00:00.574411,66.25495782041274,0.5262928199404553,1.2211372340021354,Ag,COMPLETE
305,-42.658730158709766,2025-11-13 12:26:12.532001,2025-11-13 12:26:13.048965,0 days 00:00:00.516964,66.03206130625512,0.5583908137432945,1.209230727713996,Ag,COMPLETE
306,-46.05263157892345,2025-11-13 12:26:12.709965,2025-11-13 12:26:13.336944,0 days 00:00:00.626979,66.55162616700262,0.5289045990290514,0.6905180920443773,Ag,COMPLETE
307,-53.03030303027082,2025-11-13 12:26:12.700969,2025-11-13 12:26:13.548221,0 days 00:00:00.847252,68.35763094710704,0.5313155170279462,0.23925262013903217,Ag,COMPLETE
308,-49.99999999997136,2025-11-13 12:26:12.797973,2025-11-13 12:26:13.215002,0 days 00:00:00.417029,62.31236786728292,0.5464269345153273,0.23875183049264187,Ag,COMPLETE
309,-42.65873015870962,2025-11-13 12:26:12.907752,2025-11-13 12:26:13.126821,0 days 00:00:00.219069,66.21586953588887,0.5001359073173848,1.217010854619978,Ag,COMPLETE
310,-48.61111111108375,2025-11-13 12:26:13.313544,2025-11-13 12:26:13.882272,0 days 00:00:00.568728,68.61556389155314,1.1662826395170471,0.31782446175070733,Ag,COMPLETE
311,-23.60139860139535,2025-11-13 12:26:13.349090,2025-11-13 12:26:13.998833,0 days 00:00:00.649743,68.3920008531317,12.199515863851593,1.3003128460545983,Ag,COMPLETE
312,-26.442307692304272,2025-11-13 12:26:13.429663,2025-11-13 12:26:13.882272,0 days 00:00:00.452609,63.87675456925819,15.07405490605691,0.3206357508279206,Ag,COMPLETE
313,-48.61111111108375,2025-11-13 12:26:13.476906,2025-11-13 12:26:14.182130,0 days 00:00:00.705224,68.65104305357912,1.1812298852970313,0.31099554121822715,Ag,COMPLETE
314,-49.76851851849059,2025-11-13 12:26:13.569358,2025-11-13 12:26:14.307845,0 days 00:00:00.738487,68.17960422211601,1.1648664730986735,0.2950787134809647,Ag,COMPLETE
315,-36.76470588233841,2025-11-13 12:26:13.636272,2025-11-13 12:26:14.300844,0 days 00:00:00.664572,68.47365961703896,1.3400834748521575,1.715098210935916,Ag,COMPLETE
316,-15.25054466230738,2025-11-13 12:26:13.799212,2025-11-13 12:26:14.747207,0 days 00:00:00.947995,50.32828621100745,0.8444816124172183,0.19250082961345344,Au,COMPLETE
317,-19.11027568922022,2025-11-13 12:26:13.803563,2025-11-13 12:26:14.511636,0 days 00:00:00.708073,73.32966081327847,0.9182882361557153,0.26665786404754394,Au,COMPLETE
318,-17.20430107526662,2025-11-13 12:26:14.213946,2025-11-13 12:26:14.769225,0 days 00:00:00.555279,73.4438840826175,0.853102748490015,1.0252561495215926,Au,COMPLETE
319,-10.953608247421576,2025-11-13 12:26:14.281823,2025-11-13 12:26:14.766318,0 days 00:00:00.484495,40.871000027709414,0.8932921686493793,0.25799061988198047,Au,COMPLETE
320,-38.580246913565965,2025-11-13 12:26:14.349110,2025-11-13 12:26:15.323559,0 days 00:00:00.974449,64.31252054867676,6.201161482029458,0.18839235521729011,Ag,COMPLETE
321,-53.03030303027077,2025-11-13 12:26:14.365282,2025-11-13 12:26:15.065790,0 days 00:00:00.700508,65.24657094314428,0.5060595159568153,0.19025565867874092,Ag,COMPLETE
322,-53.03030303027077,2025-11-13 12:26:14.634145,2025-11-13 12:26:15.477336,0 days 00:00:00.843191,64.26357163053132,0.5053638399555169,0.19156851152028287,Ag,COMPLETE
323,-5.225080385851765,2025-11-13 12:26:14.747207,2025-11-13 12:26:15.587168,0 days 00:00:00.839961,24.031435472891303,1.558750117375781,0.24103179124893825,Cu,COMPLETE
324,-48.42342342339725,2025-11-13 12:26:15.020357,2025-11-13 12:26:15.682117,0 days 00:00:00.661760,63.86304826056266,1.5874105263713045,0.21763217082081204,Ag,COMPLETE
325,-15.950520833330817,2025-11-13 12:26:15.098827,2025-11-13 12:26:15.763138,0 days 00:00:00.664311,60.78482083965602,0.5280433881932337,0.2162953091500115,Cu,COMPLETE
326,-48.42342342339725,2025-11-13 12:26:15.214718,2025-11-13 12:26:15.778755,0 days 00:00:00.564037,63.16058487515148,1.7113729842980139,0.23540459301479216,Ag,COMPLETE
327,-47.29729729727182,2025-11-13 12:26:15.346298,2025-11-13 12:26:16.261061,0 days 00:00:00.914763,62.44341444637276,1.5626928427577278,0.23214889001897465,Ag,COMPLETE
328,-15.950520833330817,2025-11-13 12:26:15.445023,2025-11-13 12:26:16.229418,0 days 00:00:00.784395,59.790178460524054,0.5559650954027834,0.22766047972830455,Cu,COMPLETE
329,-1.384386817936226,2025-11-13 12:26:15.698226,2025-11-13 12:26:16.324254,0 days 00:00:00.626028,119.88966423469869,0.5630662248571352,0.13851802866615354,Ag,COMPLETE
330,-43.69918699184859,2025-11-13 12:26:15.778755,2025-11-13 12:26:16.339897,0 days 00:00:00.561142,62.0256233189714,0.5285746259213399,0.9720190817874169,Ag,COMPLETE
331,-50.245098039186,2025-11-13 12:26:15.897674,2025-11-13 12:26:16.402677,0 days 00:00:00.505003,65.08069599147022,0.5042487087157232,0.14893424963426571,Ag,COMPLETE
332,-37.49999999998504,2025-11-13 12:26:16.013600,2025-11-13 12:26:16.681223,0 days 00:00:00.667623,65.47070325250793,1.1530570520920667,1.8015271874051717,Ag,COMPLETE
333,-51.470588235264046,2025-11-13 12:26:16.292764,2025-11-13 12:26:16.610881,0 days 00:00:00.318117,65.73646063592832,1.17632459708802,0.10361434495632073,Ag,COMPLETE
334,-2.6584867075663965,2025-11-13 12:26:16.371428,2025-11-13 12:26:16.819251,0 days 00:00:00.447823,98.06618070508667,6.917916982965354,0.16477734022835477,Ag,COMPLETE
335,-2.445447705041329,2025-11-13 12:26:16.550669,2025-11-13 12:26:17.082290,0 days 00:00:00.531621,99.12250319382272,6.893575843445968,0.17192409642474804,Ag,COMPLETE
336,-51.470588235264046,2025-11-13 12:26:16.562673,2025-11-13 12:26:17.113412,0 days 00:00:00.550739,66.54224943362877,1.1743899224011511,0.10566845931496373,Ag,COMPLETE
337,-49.99999999997132,2025-11-13 12:26:16.627980,2025-11-13 12:26:17.012953,0 days 00:00:00.384973,66.23642137283011,1.2312226981788248,0.17606414434315232,Ag,COMPLETE
338,-49.99999999997149,2025-11-13 12:26:16.734477,2025-11-13 12:26:17.365538,0 days 00:00:00.631061,66.1263651432127,1.2224749979472564,0.10924526130764009,Ag,COMPLETE
339,-47.149122806992466,2025-11-13 12:26:16.971590,2025-11-13 12:26:17.416626,0 days 00:00:00.445036,64.34769721858174,2.078081530752939,0.11216978363976007,Ag,COMPLETE
340,-49.99999999997136,2025-11-13 12:26:16.928597,2025-11-13 12:26:17.781948,0 days 00:00:00.853351,63.434612528845825,1.0147098374957786,0.1313603227234244,Ag,COMPLETE
341,-48.61111111108426,2025-11-13 12:26:17.179595,2025-11-13 12:26:17.730982,0 days 00:00:00.551387,58.443035002330944,0.9125058525059244,0.10203436842785502,Ag,COMPLETE
342,-48.8095238094959,2025-11-13 12:26:17.320236,2025-11-13 12:26:17.980868,0 days 00:00:00.660632,59.08643767882914,0.5001486322454,0.13234149019992664,Ag,COMPLETE
343,-33.58208955222883,2025-11-13 12:26:17.381428,2025-11-13 12:26:17.914865,0 days 00:00:00.533437,61.727933415942786,8.441808091406596,0.1059430172597967,Ag,COMPLETE
344,-53.03030303027095,2025-11-13 12:26:17.421578,2025-11-13 12:26:18.141072,0 days 00:00:00.719494,62.09849726570202,0.523768828701626,0.10128176692204373,Ag,COMPLETE
345,-22.534013605437583,2025-11-13 12:26:17.480965,2025-11-13 12:26:18.214059,0 days 00:00:00.733094,46.00607067884216,8.463591458164073,0.27837997799202485,Ag,COMPLETE
346,-50.245098039186,2025-11-13 12:26:17.531539,2025-11-13 12:26:18.137542,0 days 00:00:00.606003,62.01635120188359,0.5106723905292134,0.1275801626115845,Ag,COMPLETE
347,-48.423423423397416,2025-11-13 12:26:17.950799,2025-11-13 12:26:18.347403,0 days 00:00:00.396604,66.63154176086506,1.468219904858926,0.28491275663627064,Ag,COMPLETE
348,-42.68292682924754,2025-11-13 12:26:18.030720,2025-11-13 12:26:18.564020,0 days 00:00:00.533300,54.04736343964534,1.3323831138535949,0.10533807875831,Ag,COMPLETE
349,-48.61111111108375,2025-11-13 12:26:18.078762,2025-11-13 12:26:18.525848,0 days 00:00:00.447086,64.3416663435152,1.419243628893809,0.10329022659172238,Ag,COMPLETE
350,-48.6111111110841,2025-11-13 12:26:18.183423,2025-11-13 12:26:18.681619,0 days 00:00:00.498196,63.863945510669836,1.312691623494853,0.14964456648151658,Ag,COMPLETE
351,21.85534591194936,2025-11-13 12:26:18.260935,2025-11-13 12:26:18.963108,0 days 00:00:00.702173,64.83174687468369,18.806342113536196,0.1562498142634391,Ag,COMPLETE
352,-9.502923976607054,2025-11-13 12:26:18.416328,2025-11-13 12:26:18.947436,0 days 00:00:00.531108,27.506054328877767,0.9422076848359897,0.1561645234546258,Ag,COMPLETE
353,-22.69900497512099,2025-11-13 12:26:18.463348,2025-11-13 12:26:18.898049,0 days 00:00:00.434701,64.7057481089303,10.503984706137341,1.8940965007345811,Ag,COMPLETE
354,-51.47058823526383,2025-11-13 12:26:18.681619,2025-11-13 12:26:19.280662,0 days 00:00:00.599043,67.38128842871228,0.9056872244144132,0.17031333570744528,Ag,COMPLETE
355,-28.877887788773236,2025-11-13 12:26:18.845431,2025-11-13 12:26:19.329199,0 days 00:00:00.483768,66.96855470961428,11.714719088165664,0.3483148832319941,Ag,COMPLETE
356,-24.36647173488997,2025-11-13 12:26:18.869885,2025-11-13 12:26:19.212908,0 days 00:00:00.343023,67.00993896177751,16.445408792510097,0.20013073014933777,Ag,COMPLETE
357,-44.79166666664434,2025-11-13 12:26:18.918817,2025-11-13 12:26:19.650856,0 days 00:00:00.732039,60.35419371036913,2.003061440720354,0.34117390342267806,Ag,COMPLETE
358,-44.71544715444966,2025-11-13 12:26:19.183244,2025-11-13 12:26:19.542284,0 days 00:00:00.359040,60.53209719438087,2.791692521666626,0.10113959614944494,Ag,COMPLETE
359,-48.80952380949574,2025-11-13 12:26:19.193242,2025-11-13 12:26:19.936764,0 days 00:00:00.743522,61.03534181289287,0.5158330633960697,0.20376115458715427,Ag,COMPLETE
360,-49.99999999997136,2025-11-13 12:26:19.369552,2025-11-13 12:26:20.030211,0 days 00:00:00.660659,62.46874901602767,0.5053163455519534,0.26140940804900464,Ag,COMPLETE
361,-53.03030303027077,2025-11-13 12:26:19.345375,2025-11-13 12:26:19.694569,0 days 00:00:00.349194,65.47034946293007,0.504097110106565,0.19904972471452945,Ag,COMPLETE
362,-50.24509803918605,2025-11-13 12:26:19.414730,2025-11-13 12:26:20.030211,0 days 00:00:00.615481,62.61426442743592,0.5038149262253394,0.20827426872472474,Ag,COMPLETE
363,-0.8741258741258496,2025-11-13 12:26:19.517346,2025-11-13 12:26:20.220532,0 days 00:00:00.703186,20.19883680493445,0.9254726735416879,0.20297523518247707,Ag,COMPLETE
364,-49.99999999997132,2025-11-13 12:26:19.710220,2025-11-13 12:26:20.336121,0 days 00:00:00.625901,62.54697775765076,0.8625475050523256,0.19776892200051463,Ag,COMPLETE
365,-48.809523809495936,2025-11-13 12:26:19.694569,2025-11-13 12:26:20.781430,0 days 00:00:01.086861,65.13024134125999,0.9906478439437512,0.14470991501733454,Ag,COMPLETE
366,-42.658730158709915,2025-11-13 12:26:19.862968,2025-11-13 12:26:20.261929,0 days 00:00:00.398961,62.889776960727296,0.9326287321291922,1.0668692167471083,Ag,COMPLETE
367,-51.47058823526388,2025-11-13 12:26:19.986241,2025-11-13 12:26:20.861836,0 days 00:00:00.875595,65.13194847234047,1.0489361449756975,0.144443888303374,Ag,COMPLETE
368,-16.37764932562432,2025-11-13 12:26:20.382180,2025-11-13 12:26:21.265141,0 days 00:00:00.882961,66.88819417667936,1.343050204275627,1.4252989701216001,Au,COMPLETE
369,-18.856447688561687,2025-11-13 12:26:20.364909,2025-11-13 12:26:21.137884,0 days 00:00:00.772975,67.48679809186842,1.5425921206548543,0.140905317443225,Au,COMPLETE
370,-18.74999999999738,2025-11-13 12:26:20.646481,2025-11-13 12:26:21.348162,0 days 00:00:00.701681,66.43188305080763,1.793313583817645,0.13945730602719905,Au,COMPLETE
371,-0.6858710562414153,2025-11-13 12:26:20.699074,2025-11-13 12:26:21.185908,0 days 00:00:00.486834,65.8217223260958,13.02953454032626,0.13711211184767974,Au,COMPLETE
372,-49.76851851849095,2025-11-13 12:26:20.728383,2025-11-13 12:26:21.314441,0 days 00:00:00.586058,65.36497407228163,1.8758403636811374,0.13886939064124976,Ag,COMPLETE
373,-47.29729729727182,2025-11-13 12:26:20.814534,2025-11-13 12:26:21.532527,0 days 00:00:00.717993,64.84201131838321,1.8876135542564598,0.10005525741457666,Ag,COMPLETE
374,-49.99999999997132,2025-11-13 12:26:21.213232,2025-11-13 12:26:21.815238,0 days 00:00:00.602006,64.27347688470738,1.1966253981099304,0.10004203274911888,Ag,COMPLETE
375,0.46641791044775427,2025-11-13 12:26:21.303625,2025-11-13 12:26:21.769585,0 days 00:00:00.465960,68.02215143318145,17.963076216194622,0.16847519389160495,Ag,COMPLETE
376,-49.99999999997132,2025-11-13 12:26:21.397327,2025-11-13 12:26:22.342803,0 days 00:00:00.945476,68.8119254109079,1.113192184331549,0.17511546027849573,Ag,COMPLETE
377,-49.99999999997149,2025-11-13 12:26:21.491168,2025-11-13 12:26:21.910162,0 days 00:00:00.418994,68.31013227372519,1.2109546954405586,0.17230413382350357,Ag,COMPLETE
378,-1.1134552273792508,2025-11-13 12:26:21.580995,2025-11-13 12:26:22.913763,0 days 00:00:01.332768,22.562812068266147,0.862071881732411,0.17495798842827487,Ag,COMPLETE
379,-26.081424936382817,2025-11-13 12:26:21.647318,2025-11-13 12:26:22.358404,0 days 00:00:00.711086,57.97696854638366,13.910472362297103,0.1800818285592063,Ag,COMPLETE
380,-1.1134552273792424,2025-11-13 12:26:21.735016,2025-11-13 12:26:22.483343,0 days 00:00:00.748327,23.312559891365602,0.8875908162644998,0.1811554606252989,Ag,COMPLETE
381,-1.4571190674437724,2025-11-13 12:26:21.878922,2025-11-13 12:26:22.585401,0 days 00:00:00.706479,107.45514555687609,0.8760638381846557,0.1837626346507909,Ag,COMPLETE
382,-47.29729729727182,2025-11-13 12:26:22.049559,2025-11-13 12:26:22.564922,0 days 00:00:00.515363,58.80115497798238,0.8715154183051965,0.179449878149026,Ag,COMPLETE
383,-8.333333333332481,2025-11-13 12:26:22.077493,2025-11-13 12:26:22.665470,0 days 00:00:00.587977,26.088770586369964,0.9347581513081941,0.18215701710241325,Ag,COMPLETE
384,-1.1134552273792424,2025-11-13 12:26:22.066408,2025-11-13 12:26:22.782208,0 days 00:00:00.715800,22.895192352124006,0.8734745788923439,0.10018147229855891,Ag,COMPLETE
385,-50.24509803918605,2025-11-13 12:26:22.564922,2025-11-13 12:26:23.245987,0 days 00:00:00.681065,63.669786170236215,0.5160008546701437,0.24084322111391038,Ag,COMPLETE
386,-48.423423423397416,2025-11-13 12:26:22.734760,2025-11-13 12:26:23.432141,0 days 00:00:00.697381,63.96720566842298,1.5191892404422855,0.2365060543634436,Ag,COMPLETE
387,-41.66666666664881,2025-11-13 12:26:22.798144,2025-11-13 12:26:23.251418,0 days 00:00:00.453274,63.9456006876447,4.105378667399144,0.25513570710655464,Ag,COMPLETE
388,-50.24509803918605,2025-11-13 12:26:22.847183,2025-11-13 12:26:23.513993,0 days 00:00:00.666810,63.537301173712976,0.5051149339507662,0.2406604359191293,Ag,COMPLETE
389,-15.258215962439264,2025-11-13 12:26:22.913763,2025-11-13 12:26:23.581506,0 days 00:00:00.667743,66.2599221459428,1.5292994724901399,0.14381094114094042,Cu,COMPLETE
390,-14.921171171169185,2025-11-13 12:26:22.938014,2025-11-13 12:26:23.668819,0 days 00:00:00.730805,61.132361504335826,1.4737636087249357,0.6347043350053236,Cu,COMPLETE
391,-15.25821596243915,2025-11-13 12:26:23.168081,2025-11-13 12:26:23.698774,0 days 00:00:00.530693,66.35894111074312,1.585916096871836,0.13631610958446055,Cu,COMPLETE
392,-36.20218579233785,2025-11-13 12:26:23.483115,2025-11-13 12:26:23.931681,0 days 00:00:00.448566,68.97573422507794,7.601312798038601,0.13100470668544895,Ag,COMPLETE
393,-38.26530612243335,2025-11-13 12:26:23.513993,2025-11-13 12:26:24.253909,0 days 00:00:00.739916,69.15116112105503,1.1523380105725214,1.6187424128067638,Ag,COMPLETE
394,-48.24561403506214,2025-11-13 12:26:23.632187,2025-11-13 12:26:24.158409,0 days 00:00:00.526222,68.62928748131452,2.3764790713757176,0.10040023235530364,Ag,COMPLETE
395,-18.44941956882071,2025-11-13 12:26:23.675821,2025-11-13 12:26:24.346125,0 days 00:00:00.670304,68.64661758770558,14.55236558972743,1.6509935623840457,Ag,COMPLETE
396,-48.42342342339725,2025-11-13 12:26:23.731398,2025-11-13 12:26:24.299729,0 days 00:00:00.568331,69.30097268954057,2.1455319922462444,0.1323192425648922,Ag,COMPLETE
397,-47.149122806992644,2025-11-13 12:26:23.775289,2025-11-13 12:26:24.480173,0 days 00:00:00.704884,67.69282863339065,2.1566925408184074,0.10023357406006318,Ag,COMPLETE
398,-26.54109589040733,2025-11-13 12:26:23.931681,2025-11-13 12:26:24.659742,0 days 00:00:00.728061,66.12412430838401,14.654419944806605,0.21399311241832364,Ag,COMPLETE
399,-48.6111111110841,2025-11-13 12:26:24.307707,2025-11-13 12:26:24.690993,0 days 00:00:00.383286,65.79544647381418,1.1966059029106406,0.21299447623795775,Ag,COMPLETE
400,-18.09523809523602,2025-11-13 12:26:24.397879,2025-11-13 12:26:25.279174,0 days 00:00:00.881295,61.95992037063053,17.1599918539726,0.1562909876168629,Ag,COMPLETE
401,-24.224806201547572,2025-11-13 12:26:24.484205,2025-11-13 12:26:24.897180,0 days 00:00:00.412975,62.01455778779233,15.52591355111176,0.857093188237203,Ag,COMPLETE
402,-50.245098039186,2025-11-13 12:26:24.548010,2025-11-13 12:26:25.041982,0 days 00:00:00.493972,60.879540022610705,0.5103615006545889,0.15266243803752844,Ag,COMPLETE
403,-51.4705882352638,2025-11-13 12:26:24.628492,2025-11-13 12:26:25.202770,0 days 00:00:00.574278,72.29516485835246,0.8619346973830626,0.14726211600475733,Ag,COMPLETE
404,-51.76767676764536,2025-11-13 12:26:24.706636,2025-11-13 12:26:25.465287,0 days 00:00:00.758651,71.68632307785492,0.5277298906061099,0.15396167697141103,Ag,COMPLETE
405,-48.8095238094959,2025-11-13 12:26:24.765381,2025-11-13 12:26:25.223466,0 days 00:00:00.458085,61.33516815675427,0.527255371213218,0.15975309898956747,Ag,COMPLETE
406,-39.81481481479712,2025-11-13 12:26:24.897180,2025-11-13 12:26:25.565535,0 days 00:00:00.668355,64.86179072872045,1.1385640010311395,1.366052343977963,Ag,COMPLETE
407,-40.71969696967839,2025-11-13 12:26:25.088857,2025-11-13 12:26:25.769352,0 days 00:00:00.680495,82.08404705515109,1.2551214766191263,0.21758338969966767,Ag,COMPLETE
408,-48.809523809495936,2025-11-13 12:26:25.313990,2025-11-13 12:26:26.378411,0 days 00:00:01.064421,75.21455114255424,0.5003239629609885,0.21224198562940308,Ag,COMPLETE
409,-1.4367816091953787,2025-11-13 12:26:25.384617,2025-11-13 12:26:26.221089,0 days 00:00:00.836472,111.86690670986742,1.1972039945858133,0.20319755425432467,Ag,COMPLETE
410,-51.47058823526383,2025-11-13 12:26:25.495469,2025-11-13 12:26:26.512638,0 days 00:00:01.017169,71.92539045851093,0.8248244062598298,0.10032701971342162,Ag,COMPLETE
411,-48.42342342339707,2025-11-13 12:26:25.511145,2025-11-13 12:26:26.205468,0 days 00:00:00.694323,75.05140760807338,1.268116950827695,0.21292848441019332,Ag,COMPLETE
412,-51.4705882352638,2025-11-13 12:26:25.630947,2025-11-13 12:26:26.733806,0 days 00:00:01.102859,72.43900006474642,0.8674179886388598,0.13347023341432063,Ag,COMPLETE
413,-51.47058823526401,2025-11-13 12:26:25.929219,2025-11-13 12:26:26.481005,0 days 00:00:00.551786,71.0836537527633,0.822982796500196,0.13276287178937302,Ag,COMPLETE
414,-49.99999999997149,2025-11-13 12:26:26.268425,2025-11-13 12:26:26.763160,0 days 00:00:00.494735,72.83448203728794,0.8255204832908328,0.13376238683575106,Ag,COMPLETE
415,-49.76851851849095,2025-11-13 12:26:26.425377,2025-11-13 12:26:27.100066,0 days 00:00:00.674689,67.04486449895916,1.6888797002226796,0.1014299982757351,Ag,COMPLETE
416,-24.211711711705078,2025-11-13 12:26:26.612749,2025-11-13 12:26:27.133949,0 days 00:00:00.521200,88.94200062682363,1.6609144630585404,0.13479798874434584,Ag,COMPLETE
417,-49.76851851849078,2025-11-13 12:26:26.657860,2025-11-13 12:26:27.006946,0 days 00:00:00.349086,70.44128427386316,1.7704677386925791,0.1318824320540945,Ag,COMPLETE
418,-10.065543071159942,2025-11-13 12:26:26.685985,2025-11-13 12:26:27.100066,0 days 00:00:00.414081,92.80909009184174,1.5280832865323248,0.10034243061122454,Ag,COMPLETE
419,-32.657657657648684,2025-11-13 12:26:26.780437,2025-11-13 12:26:27.274120,0 days 00:00:00.493683,70.56801880103777,9.51059654376678,0.12988119989386138,Ag,COMPLETE
420,-19.37984496123722,2025-11-13 12:26:26.896518,2025-11-13 12:26:27.527041,0 days 00:00:00.630523,70.4949062593256,0.8525445738637476,0.1738294295460552,Au,COMPLETE
421,-19.205729166663687,2025-11-13 12:26:27.215176,2025-11-13 12:26:27.593756,0 days 00:00:00.378580,67.17927697050487,0.8452219772182546,0.17071319718439387,Au,COMPLETE
422,-19.333333333330202,2025-11-13 12:26:27.247773,2025-11-13 12:26:28.022163,0 days 00:00:00.774390,66.94287635380441,0.5217194615863978,0.17085287342320568,Au,COMPLETE
423,-50.245098039186,2025-11-13 12:26:27.367307,2025-11-13 12:26:27.860001,0 days 00:00:00.492694,64.99688082066214,0.5076940546247032,0.17077980373659798,Ag,COMPLETE
424,-51.76767676764536,2025-11-13 12:26:27.433932,2025-11-13 12:26:27.922420,0 days 00:00:00.488488,65.0607441023629,0.507827540399209,0.17500482708215054,Ag,COMPLETE
425,-11.65501165501002,2025-11-13 12:26:27.527041,2025-11-13 12:26:28.457359,0 days 00:00:00.930318,30.07757938720445,1.2352751590236268,0.1530725303718669,Ag,COMPLETE
426,-49.99999999997149,2025-11-13 12:26:27.593756,2025-11-13 12:26:28.129884,0 days 00:00:00.536128,67.2074435300866,1.1970025409583147,0.15861663030132916,Ag,COMPLETE
427,-39.814814814796996,2025-11-13 12:26:27.747216,2025-11-13 12:26:28.249877,0 days 00:00:00.502661,63.16707605017275,0.5073996877569295,1.5520540644537397,Ag,COMPLETE
428,-51.76767676764536,2025-11-13 12:26:27.860001,2025-11-13 12:26:28.580584,0 days 00:00:00.720583,63.836993288706275,0.5004036760792636,0.13610670055383914,Ag,COMPLETE
429,-29.109589041087872,2025-11-13 12:26:28.017165,2025-11-13 12:26:28.647711,0 days 00:00:00.630546,56.7942527041435,5.2098581515730205,1.5507350057586589,Ag,COMPLETE
430,-42.68292682924754,2025-11-13 12:26:28.145398,2025-11-13 12:26:28.695732,0 days 00:00:00.550334,55.728189981240625,1.3128753708885097,0.13149819728133635,Ag,COMPLETE
431,-41.666666666646194,2025-11-13 12:26:28.224272,2025-11-13 12:26:28.972532,0 days 00:00:00.748260,54.547341648026496,1.1673231511588207,0.1299915152501327,Ag,COMPLETE
432,-47.297297297271975,2025-11-13 12:26:28.345172,2025-11-13 12:26:29.034147,0 days 00:00:00.688975,59.35200185816794,0.8378819337261106,0.1319146311414604,Ag,COMPLETE
433,-43.74999999997812,2025-11-13 12:26:28.409861,2025-11-13 12:26:29.095448,0 days 00:00:00.685587,54.861048929974885,0.8522444856276454,0.19630693955356532,Ag,COMPLETE
434,-1.530328324986062,2025-11-13 12:26:28.472876,2025-11-13 12:26:29.330486,0 days 00:00:00.857610,104.55948937509507,0.8717722433154849,1.463522470450156,Ag,COMPLETE
435,-51.47058823526383,2025-11-13 12:26:28.644376,2025-11-13 12:26:29.663732,0 days 00:00:01.019356,63.50736091085108,0.5016451975657624,0.19795529778035872,Ag,COMPLETE
436,-41.66666666664696,2025-11-13 12:26:28.954270,2025-11-13 12:26:29.704601,0 days 00:00:00.750331,76.57529370719563,0.530891648404434,0.7508827884083422,Ag,COMPLETE
437,-53.03030303027077,2025-11-13 12:26:29.038187,2025-11-13 12:26:29.612603,0 days 00:00:00.574416,64.74084615378229,0.5015571959795084,0.19651869791590257,Ag,COMPLETE
438,-18.518518518514433,2025-11-13 12:26:29.145308,2025-11-13 12:26:29.827478,0 days 00:00:00.682170,35.87161433975348,0.5133729694098467,0.19661146452724104,Ag,COMPLETE
439,-51.47058823526383,2025-11-13 12:26:29.201785,2025-11-13 12:26:30.033247,0 days 00:00:00.831462,63.214294975190896,0.8142565825023179,0.10169032100063546,Ag,COMPLETE
440,23.200757575757226,2025-11-13 12:26:29.296720,2025-11-13 12:26:30.081248,0 days 00:00:00.784528,61.052965899975845,19.32082942353097,0.10461258233227022,Ag,COMPLETE
441,-48.8095238094959,2025-11-13 12:26:29.551196,2025-11-13 12:26:30.208936,0 days 00:00:00.657740,59.9784823705382,0.5312733849344836,0.10573704676734325,Ag,COMPLETE
442,-51.47058823526401,2025-11-13 12:26:29.663732,2025-11-13 12:26:30.177379,0 days 00:00:00.513647,62.04414954999817,0.5224398174492905,0.10016449950099734,Ag,COMPLETE
443,-48.8095238094959,2025-11-13 12:26:29.884537,2025-11-13 12:26:30.360704,0 days 00:00:00.476167,59.79621978741801,0.5054980061326448,0.16416711868416334,Ag,COMPLETE
444,-50.245098039186,2025-11-13 12:26:30.011295,2025-11-13 12:26:30.453746,0 days 00:00:00.442451,62.16677179644914,0.5056358611378854,0.14917626920090396,Ag,COMPLETE
445,-47.29729729727182,2025-11-13 12:26:30.130502,2025-11-13 12:26:30.782835,0 days 00:00:00.652333,58.68715528069588,1.121828317817231,0.15559434590980586,Ag,COMPLETE
446,-46.05263157892295,2025-11-13 12:26:30.238448,2025-11-13 12:26:30.881301,0 days 00:00:00.642853,58.513641571675045,1.268344892663575,0.1370708734202375,Ag,COMPLETE
447,-30.172413793096386,2025-11-13 12:26:30.301706,2025-11-13 12:26:30.778777,0 days 00:00:00.477071,61.89916456360518,10.941777966683375,0.10002752998501983,Ag,COMPLETE
448,-49.99999999997173,2025-11-13 12:26:30.329395,2025-11-13 12:26:30.782835,0 days 00:00:00.453440,64.80354198084238,1.142065241727314,0.10126351362990765,Ag,COMPLETE
449,-49.99999999997132,2025-11-13 12:26:30.481091,2025-11-13 12:26:31.069937,0 days 00:00:00.588846,64.82587517229503,1.117082327520274,0.15862938420807304,Ag,COMPLETE
450,-51.47058823526383,2025-11-13 12:26:30.696962,2025-11-13 12:26:31.347698,0 days 00:00:00.650736,65.09284124841182,0.9052759416205214,0.18068067024886797,Ag,COMPLETE
451,-48.6111111110841,2025-11-13 12:26:30.815993,2025-11-13 12:26:31.314599,0 days 00:00:00.498606,74.26939100196871,0.8604845799559475,0.1836303328532134,Ag,COMPLETE
452,-7.8382838283820675,2025-11-13 12:26:30.827908,2025-11-13 12:26:31.204626,0 days 00:00:00.376718,25.22587349965305,0.8813649905679081,0.1755275965779337,Ag,COMPLETE
453,-34.45512820511499,2025-11-13 12:26:30.963084,2025-11-13 12:26:31.892699,0 days 00:00:00.929615,84.19746529252201,0.8297075195454676,0.5483377887252558,Ag,COMPLETE
454,-15.046296296294207,2025-11-13 12:26:31.161703,2025-11-13 12:26:32.249574,0 days 00:00:01.087871,67.63508266087193,1.4769651850404715,0.13729716235905337,Cu,COMPLETE
455,-18.849206349203353,2025-11-13 12:26:31.266381,2025-11-13 12:26:31.986769,0 days 00:00:00.720388,63.078528531389814,0.5016446836267023,0.1405320056974504,Au,COMPLETE
456,-14.840182648399779,2025-11-13 12:26:31.314599,2025-11-13 12:26:32.080483,0 days 00:00:00.765884,68.12599615174096,1.5790920253390641,0.1303284552813761,Cu,COMPLETE
457,-14.94252873563021,2025-11-13 12:26:31.459809,2025-11-13 12:26:32.485984,0 days 00:00:01.026175,67.88002749378124,1.435547258365642,0.21540653985758818,Cu,COMPLETE
458,-14.94252873563013,2025-11-13 12:26:31.507326,2025-11-13 12:26:32.397826,0 days 00:00:00.890500,67.57670822788485,1.5671705454257499,0.13450200332929238,Cu,COMPLETE
459,-26.589912280698233,2025-11-13 12:26:31.892699,2025-11-13 12:26:32.397826,0 days 00:00:00.505127,67.29786316969938,15.123255883739375,0.13682700471628234,Ag,COMPLETE
460,-48.6111111110841,2025-11-13 12:26:31.955582,2025-11-13 12:26:32.531149,0 days 00:00:00.575567,70.27670469716107,1.36822205439366,0.22311354588467383,Ag,COMPLETE
461,-49.99999999997136,2025-11-13 12:26:32.266298,2025-11-13 12:26:32.988155,0 days 00:00:00.721857,72.53952385918059,0.9425637068915675,0.18158748465272986,Ag,COMPLETE
462,-51.47058823526383,2025-11-13 12:26:32.397826,2025-11-13 12:26:32.863095,0 days 00:00:00.465269,71.99111375826182,0.8665765300944892,0.18901399259070747,Ag,COMPLETE
463,18.80674448767805,2025-11-13 12:26:32.454549,2025-11-13 12:26:32.878687,0 days 00:00:00.424138,78.89246246660014,18.472698068450008,0.1970104003148602,Ag,COMPLETE
464,-29.003267973850587,2025-11-13 12:26:32.547434,2025-11-13 12:26:33.119753,0 days 00:00:00.572319,63.590933603252246,12.3246856770866,0.10240647613762133,Ag,COMPLETE
465,-50.245098039186,2025-11-13 12:26:32.618160,2025-11-13 12:26:33.197837,0 days 00:00:00.579677,63.43784835262681,0.855929250930818,0.16546225191721164,Ag,COMPLETE
466,-21.351575456050966,2025-11-13 12:26:32.698770,2025-11-13 12:26:33.276283,0 days 00:00:00.577513,78.22779372345208,15.854804595583094,0.10095952801697178,Ag,COMPLETE
467,-51.76767676764536,2025-11-13 12:26:32.751752,2025-11-13 12:26:33.403963,0 days 00:00:00.652211,64.65095020661471,0.5079537725791099,0.10059630162748837,Ag,COMPLETE
468,-33.65384615383321,2025-11-13 12:26:32.799593,2025-11-13 12:26:33.447062,0 days 00:00:00.647469,49.33536254197543,0.5147349692062767,0.9186233177646248,Ag,COMPLETE
469,-47.149122806992644,2025-11-13 12:26:33.148438,2025-11-13 12:26:33.547579,0 days 00:00:00.399141,65.76143503424254,2.011924992272417,0.24196839851880036,Ag,COMPLETE
470,-16.66666666666466,2025-11-13 12:26:33.316458,2025-11-13 12:26:33.804650,0 days 00:00:00.488192,65.86535792366361,1.1727470023604005,1.280006444547153,Au,COMPLETE
471,-18.518518518515943,2025-11-13 12:26:33.347276,2025-11-13 12:26:34.114693,0 days 00:00:00.767417,69.80476232992919,1.9019450325084233,0.21385941657354707,Au,COMPLETE
472,-18.99509803921285,2025-11-13 12:26:33.430598,2025-11-13 12:26:34.024506,0 days 00:00:00.593908,65.68176938861168,1.2276866003076066,0.2565347793875476,Au,COMPLETE
473,-16.566265060238916,2025-11-13 12:26:33.447062,2025-11-13 12:26:33.962053,0 days 00:00:00.514991,69.98853635171928,1.1192396784588006,1.2832579745984274,Au,COMPLETE
474,-51.47058823526388,2025-11-13 12:26:33.669139,2025-11-13 12:26:34.135643,0 days 00:00:00.466504,69.8228031576091,0.9078655324721938,0.24439617145880926,Ag,COMPLETE
475,-49.99999999997152,2025-11-13 12:26:33.832639,2025-11-13 12:26:34.504612,0 days 00:00:00.671973,69.513691749889,0.8306595790924542,0.25472219538733953,Ag,COMPLETE
476,-51.76767676764536,2025-11-13 12:26:33.919283,2025-11-13 12:26:34.718038,0 days 00:00:00.798755,69.72701822674352,0.5201990225405826,0.16095758997269277,Ag,COMPLETE
477,-17.52336448597971,2025-11-13 12:26:33.946378,2025-11-13 12:26:35.011377,0 days 00:00:01.064999,72.96237750690257,16.577517101255292,0.1593288658514916,Ag,COMPLETE
478,-49.99999999997149,2025-11-13 12:26:34.114693,2025-11-13 12:26:34.874703,0 days 00:00:00.760010,74.52391587140553,0.8288830950320012,0.1616324941892261,Ag,COMPLETE
479,-50.245098039186,2025-11-13 12:26:34.270302,2025-11-13 12:26:35.064907,0 days 00:00:00.794605,73.64844608573878,0.5006812647541197,0.16328180235337153,Ag,COMPLETE
480,-50.24509803918621,2025-11-13 12:26:34.229679,2025-11-13 12:26:35.118059,0 days 00:00:00.888380,74.02381914983805,0.513014738807348,0.16142653076168778,Ag,COMPLETE
481,-11.9047619047611,2025-11-13 12:26:34.331193,2025-11-13 12:26:35.064907,0 days 00:00:00.733714,74.25588915925267,16.65885484917897,0.15946213232127954,Ag,COMPLETE
482,-26.736111111106627,2025-11-13 12:26:34.513335,2025-11-13 12:26:35.118059,0 days 00:00:00.604724,73.65443392367162,13.056619942227123,0.15849340809201332,Ag,COMPLETE
483,-51.190476190446915,2025-11-13 12:26:35.042638,2025-11-13 12:26:35.380843,0 days 00:00:00.338205,65.40197702948682,1.1969617632526335,0.19215641093464347,Ag,COMPLETE
484,-51.19047619044695,2025-11-13 12:26:35.098200,2025-11-13 12:26:35.606514,0 days 00:00:00.508314,65.3635074490252,1.2521640434586276,0.2140550430671232,Ag,COMPLETE
485,-31.645569620245386,2025-11-13 12:26:35.147350,2025-11-13 12:26:35.778392,0 days 00:00:00.631042,65.12736125250883,9.924475842033694,0.206342808734228,Ag,COMPLETE
486,-31.517094017085917,2025-11-13 12:26:35.222783,2025-11-13 12:26:35.978488,0 days 00:00:00.755705,64.40816787807141,9.982225265998732,0.12950649634687406,Ag,COMPLETE
487,-9.368836291912075,2025-11-13 12:26:35.348812,2025-11-13 12:26:35.945966,0 days 00:00:00.597154,27.42911471534777,0.5137840651491594,0.20719626372497893,Ag,COMPLETE
488,-51.47058823526383,2025-11-13 12:26:35.460940,2025-11-13 12:26:36.129280,0 days 00:00:00.668340,66.25195539759551,0.8759629955263009,0.212107872316307,Ag,COMPLETE
489,-23.760330578508555,2025-11-13 12:26:35.544105,2025-11-13 12:26:36.111600,0 days 00:00:00.567495,67.05828420912691,9.994694508634346,1.7117272818777753,Ag,COMPLETE
490,-18.65671641790773,2025-11-13 12:26:35.544105,2025-11-13 12:26:36.081873,0 days 00:00:00.537768,44.90849547118739,9.981625887704762,1.1393135556256264,Ag,COMPLETE
491,-53.030303030271,2025-11-13 12:26:35.882069,2025-11-13 12:26:36.253739,0 days 00:00:00.371670,67.61609989854514,0.7878549293320661,0.10243780618070406,Ag,COMPLETE
492,-51.4705882352638,2025-11-13 12:26:35.994089,2025-11-13 12:26:36.754390,0 days 00:00:00.760301,68.96580001046038,0.9091153543461549,0.10089352944995275,Ag,COMPLETE
493,-51.76767676764536,2025-11-13 12:26:36.176156,2025-11-13 12:26:36.548693,0 days 00:00:00.372537,68.83041621035721,0.5015224004935304,0.12944334708565558,Ag,COMPLETE
494,-53.03030303027095,2025-11-13 12:26:36.223031,2025-11-13 12:26:36.896034,0 days 00:00:00.673003,68.75918980583263,0.523986698631354,0.10183722885192394,Ag,COMPLETE
495,-26.378896882490196,2025-11-13 12:26:36.273436,2025-11-13 12:26:37.613237,0 days 00:00:01.339801,71.43011166353232,14.202839435662657,0.18226577593029689,Ag,COMPLETE
496,-38.63636363634959,2025-11-13 12:26:36.358626,2025-11-13 12:26:36.996448,0 days 00:00:00.637822,68.82046780314187,6.497366135013991,0.1334904441406466,Ag,COMPLETE
497,-51.76767676764536,2025-11-13 12:26:36.478363,2025-11-13 12:26:37.042997,0 days 00:00:00.564634,69.21065855233218,0.5422456001916403,0.13091445788713096,Ag,COMPLETE
498,-21.786492374724833,2025-11-13 12:26:36.564700,2025-11-13 12:26:37.447803,0 days 00:00:00.883103,69.84837602342472,11.344932869131243,1.9081038424465537,Ag,COMPLETE
499,-51.47058823526388,2025-11-13 12:26:36.644997,2025-11-13 12:26:37.541554,0 days 00:00:00.896557,71.71437543208262,0.5100307427110542,0.25949323619803377,Ag,COMPLETE
500,-51.4705882352638,2025-11-13 12:26:37.095441,2025-11-13 12:26:37.698663,0 days 00:00:00.603222,71.40590370069687,0.833159731733278,0.17917043170963373,Ag,COMPLETE
501,-49.99999999997132,2025-11-13 12:26:37.416553,2025-11-13 12:26:37.954454,0 days 00:00:00.537901,61.375320685647154,0.5043784781071063,0.18100539620882178,Ag,COMPLETE
502,-50.245098039186,2025-11-13 12:26:37.479138,2025-11-13 12:26:38.079816,0 days 00:00:00.600678,61.04446927890346,0.5262137690626043,0.13568910551563443,Ag,COMPLETE
503,-48.6111111110841,2025-11-13 12:26:37.646345,2025-11-13 12:26:38.048438,0 days 00:00:00.402093,61.04025930546621,0.8387495097870346,0.23209669482496398,Ag,COMPLETE
504,-49.99999999997132,2025-11-13 12:26:37.714493,2025-11-13 12:26:38.449045,0 days 00:00:00.734552,67.52877568907643,1.5390923200180786,0.1015125061332601,Ag,COMPLETE
505,-51.190476190446915,2025-11-13 12:26:37.787348,2025-11-13 12:26:38.480349,0 days 00:00:00.693001,67.60965788830549,1.5243886997729388,0.13193647893184815,Ag,COMPLETE
506,-49.99999999997149,2025-11-13 12:26:37.920716,2025-11-13 12:26:38.610899,0 days 00:00:00.690183,67.55658179834698,1.5902787679594121,0.13757554609517272,Ag,COMPLETE
507,-49.76851851849095,2025-11-13 12:26:38.019186,2025-11-13 12:26:38.610899,0 days 00:00:00.591713,67.33491623633664,1.5356307262948705,0.13363006813374928,Ag,COMPLETE
508,-49.99999999997136,2025-11-13 12:26:38.130379,2025-11-13 12:26:38.981504,0 days 00:00:00.851125,63.77501638196397,0.9515847167048959,0.19342407049984894,Ag,COMPLETE
509,-49.99999999997173,2025-11-13 12:26:38.252833,2025-11-13 12:26:38.811787,0 days 00:00:00.558954,63.1853606546907,1.075450586893828,0.15580431268119205,Ag,COMPLETE
510,-49.99999999997136,2025-11-13 12:26:38.315540,2025-11-13 12:26:39.019404,0 days 00:00:00.703864,63.35928688004545,0.9511061891457431,0.1983129260498694,Ag,COMPLETE
511,-49.999999999971564,2025-11-13 12:26:38.514642,2025-11-13 12:26:39.014991,0 days 00:00:00.500349,63.33346661244615,1.0088034497786167,0.19068344399027048,Ag,COMPLETE
512,-51.47058823526388,2025-11-13 12:26:38.843006,2025-11-13 12:26:39.414938,0 days 00:00:00.571932,71.19654482124795,0.5167560195871437,0.24850696853716625,Ag,COMPLETE
513,-47.29729729727182,2025-11-13 12:26:38.921205,2025-11-13 12:26:39.650610,0 days 00:00:00.729405,76.2375503509988,0.8124643485116368,0.253426730152034,Ag,COMPLETE
514,-48.61111111108394,2025-11-13 12:26:38.970506,2025-11-13 12:26:39.597463,0 days 00:00:00.626957,76.53125160677511,0.5153930718443612,0.23973493453363479,Ag,COMPLETE
515,-33.10502283104114,2025-11-13 12:26:39.020492,2025-11-13 12:26:39.771871,0 days 00:00:00.751379,70.99096668419902,9.025540117363278,0.2607951534098156,Ag,COMPLETE
516,-50.24509803918621,2025-11-13 12:26:39.112561,2025-11-13 12:26:39.472375,0 days 00:00:00.359814,70.64709297433714,0.843716752003959,0.10010549273194344,Ag,COMPLETE
517,-46.05263157892295,2025-11-13 12:26:39.329032,2025-11-13 12:26:39.800788,0 days 00:00:00.471756,75.89801216794797,1.2121812528630185,0.23253823941971227,Ag,COMPLETE
518,-7.371794871794331,2025-11-13 12:26:39.465378,2025-11-13 12:26:40.430812,0 days 00:00:00.965434,31.568191959398092,1.3509875655553025,0.16498185702160545,Au,COMPLETE
519,-11.44214162348756,2025-11-13 12:26:39.544443,2025-11-13 12:26:40.080709,0 days 00:00:00.536266,41.793751674592414,1.3025022658730783,0.16528427513422694,Au,COMPLETE
520,-19.647696476961613,2025-11-13 12:26:39.679350,2025-11-13 12:26:40.243833,0 days 00:00:00.564483,66.36473122594168,0.5143831942013269,0.10047264009337349,Au,COMPLETE
521,-43.604651162770274,2025-11-13 12:26:39.774872,2025-11-13 12:26:40.369109,0 days 00:00:00.594237,66.03138886692201,3.5413750799986454,0.1628903489799466,Ag,COMPLETE
522,-51.4705882352638,2025-11-13 12:26:39.839377,2025-11-13 12:26:40.753736,0 days 00:00:00.914359,65.81499285368514,0.8147042344190113,0.16484727505257657,Ag,COMPLETE
523,-24.282560706398538,2025-11-13 12:26:40.120412,2025-11-13 12:26:40.604155,0 days 00:00:00.483743,68.56263120892379,13.59958838777946,0.8030332329681835,Ag,COMPLETE
524,-51.76767676764536,2025-11-13 12:26:40.196956,2025-11-13 12:26:40.749600,0 days 00:00:00.552644,69.07813062925734,0.5145649458762886,0.16233049530460106,Ag,COMPLETE
525,-51.47058823526383,2025-11-13 12:26:40.277974,2025-11-13 12:26:41.100913,0 days 00:00:00.822939,68.97290714507238,0.8775725522187354,0.20367316384112288,Ag,COMPLETE
526,-37.414965986379336,2025-11-13 12:26:40.430812,2025-11-13 12:26:40.937729,0 days 00:00:00.506917,68.8542846133973,0.504181185301156,1.8465157941017538,Ag,COMPLETE
527,-48.61111111108426,2025-11-13 12:26:40.564511,2025-11-13 12:26:41.096367,0 days 00:00:00.531856,72.2627569156754,1.1184702837150335,0.21030284049018733,Ag,COMPLETE
528,-49.99999999997132,2025-11-13 12:26:40.678281,2025-11-13 12:26:41.329928,0 days 00:00:00.651647,72.22222334688759,1.0461237093918334,0.20811096940695803,Ag,COMPLETE
529,-48.423423423397416,2025-11-13 12:26:40.839261,2025-11-13 12:26:41.484879,0 days 00:00:00.645618,64.55849553678408,1.9385451248546177,0.13386222095155642,Ag,COMPLETE
530,-48.42342342339707,2025-11-13 12:26:40.947004,2025-11-13 12:26:41.456456,0 days 00:00:00.509452,64.56456256396358,1.817629331744912,0.10182144711141314,Ag,COMPLETE
531,-51.76767676764536,2025-11-13 12:26:41.178233,2025-11-13 12:26:41.884965,0 days 00:00:00.706732,64.27102583531344,0.5009123685586837,0.13806175474636084,Ag,COMPLETE
532,0.0,2025-11-13 12:26:41.276823,2025-11-13 12:26:41.829080,0 days 00:00:00.552257,110.63663047967555,17.922532729945612,0.13521396091487906,Ag,COMPLETE
533,-13.519503546097837,2025-11-13 12:26:41.378079,2025-11-13 12:26:41.937944,0 days 00:00:00.559865,61.72230937208953,17.421272800541143,0.13499688848554842,Ag,COMPLETE
534,-47.453703703677256,2025-11-13 12:26:41.409483,2025-11-13 12:26:41.946445,0 days 00:00:00.536962,60.149722461473225,0.5085919766053443,0.285999980853247,Ag,COMPLETE
535,-47.45370370367742,2025-11-13 12:26:41.585951,2025-11-13 12:26:42.447951,0 days 00:00:00.862000,59.67372950143046,0.8626579932514639,0.1004034627152543,Ag,COMPLETE
536,-21.624472573834243,2025-11-13 12:26:41.690885,2025-11-13 12:26:42.338246,0 days 00:00:00.647361,38.64522813315088,0.9019620195023017,0.2842014805720968,Ag,COMPLETE
537,-7.665094339621905,2025-11-13 12:26:41.748118,2025-11-13 12:26:42.363513,0 days 00:00:00.615395,24.7257040865169,1.2306334876647733,0.18372723891358414,Ag,COMPLETE
538,-39.85507246375066,2025-11-13 12:26:41.849580,2025-11-13 12:26:42.340617,0 days 00:00:00.491037,66.54184320515452,1.3553205546365326,1.342944770954531,Ag,COMPLETE
539,-37.499999999985164,2025-11-13 12:26:42.020912,2025-11-13 12:26:43.346205,0 days 00:00:01.325293,70.47984201294666,1.1211180385001542,1.7758227583173103,Ag,COMPLETE
540,-13.237847222220827,2025-11-13 12:26:42.254774,2025-11-13 12:26:43.087056,0 days 00:00:00.832282,70.1369925543043,4.709502860183244,0.17991835422593827,Cu,COMPLETE
541,-0.8802816901408202,2025-11-13 12:26:42.176642,2025-11-13 12:26:43.133851,0 days 00:00:00.957209,20.43749582399412,0.9349077450775676,0.17345976103527827,Cu,COMPLETE
542,-51.47058823526383,2025-11-13 12:26:42.326454,2025-11-13 12:26:43.180828,0 days 00:00:00.854374,70.5225342410354,0.8835540062482643,0.17780854522823356,Ag,COMPLETE
543,-0.8802816901408202,2025-11-13 12:26:42.484022,2025-11-13 12:26:43.118324,0 days 00:00:00.634302,20.031012334296236,0.9184390967085991,0.16946191258526352,Cu,COMPLETE
544,-0.8802816901408202,2025-11-13 12:26:42.655387,2025-11-13 12:26:43.424312,0 days 00:00:00.768925,20.250793691159412,0.5021158060637645,0.17927648801491963,Cu,COMPLETE
545,-1.1150234741783764,2025-11-13 12:26:43.040190,2025-11-13 12:26:43.509922,0 days 00:00:00.469732,21.661535900146205,0.8767420422957842,1.0066707219099917,Ag,COMPLETE
546,-48.6111111110841,2025-11-13 12:26:43.071438,2025-11-13 12:26:43.813473,0 days 00:00:00.742035,67.547466379936,1.3830589154904371,0.22685594367960016,Ag,COMPLETE
547,21.07652399481161,2025-11-13 12:26:43.377446,2025-11-13 12:26:43.974249,0 days 00:00:00.596803,67.369133590177,19.566539598539183,0.2237187068348765,Ag,COMPLETE
548,-51.76767676764536,2025-11-13 12:26:43.462947,2025-11-13 12:26:43.891650,0 days 00:00:00.428703,67.13843434063868,0.5004270203137962,0.1341385860117316,Ag,COMPLETE
549,-43.60465116277055,2025-11-13 12:26:43.556699,2025-11-13 12:26:44.505705,0 days 00:00:00.949006,67.32611788433776,2.612286500523976,0.4837536694308896,Ag,COMPLETE
550,-47.14912280699262,2025-11-13 12:26:43.581922,2025-11-13 12:26:44.314555,0 days 00:00:00.732633,62.11984236457629,1.836184758154162,0.21896557193243416,Ag,COMPLETE
551,-42.63565891470892,2025-11-13 12:26:43.689892,2025-11-13 12:26:44.379560,0 days 00:00:00.689668,62.547715606979445,2.5093282940032093,0.4681462992922857,Ag,COMPLETE
552,-47.29729729727148,2025-11-13 12:26:43.764275,2025-11-13 12:26:44.442151,0 days 00:00:00.677876,62.587085089028676,1.639684583586585,0.22165127057086292,Ag,COMPLETE
553,-47.29729729727182,2025-11-13 12:26:43.844774,2025-11-13 12:26:44.379560,0 days 00:00:00.534786,62.757180456428536,1.6867707656377617,0.12994357219910188,Ag,COMPLETE
554,-1.423921887713565,2025-11-13 12:26:44.166975,2025-11-13 12:26:44.765288,0 days 00:00:00.598313,116.98921693417765,1.4571787784005568,0.10123867351679494,Ag,COMPLETE
555,-48.245614035062324,2025-11-13 12:26:44.348534,2025-11-13 12:26:44.830656,0 days 00:00:00.482122,65.02834416624842,2.4411145632415394,0.13161261115018796,Ag,COMPLETE
556,-9.74658869395598,2025-11-13 12:26:44.259784,2025-11-13 12:26:44.830656,0 days 00:00:00.570872,27.711298013430877,1.3012807205843853,0.14113464866757672,Ag,COMPLETE
557,-0.6747638326585585,2025-11-13 12:26:44.618636,2025-11-13 12:26:45.228230,0 days 00:00:00.609594,72.61520093298097,11.86928180619986,0.10262179714297043,Au,COMPLETE
558,-19.37984496123722,2025-11-13 12:26:44.719001,2025-11-13 12:26:45.275111,0 days 00:00:00.556110,72.25981618562705,0.8709478964854753,0.15132451744366818,Au,COMPLETE
559,-19.531249999996948,2025-11-13 12:26:44.799343,2025-11-13 12:26:45.212606,0 days 00:00:00.413263,71.67209873167019,0.8145361931017893,0.15524147258211093,Au,COMPLETE
560,-17.639902676396417,2025-11-13 12:26:44.830656,2025-11-13 12:26:45.736625,0 days 00:00:00.905969,56.85715990279503,0.8318012676710681,0.10133473069079003,Au,COMPLETE
561,-19.66666666666346,2025-11-13 12:26:44.893162,2025-11-13 12:26:45.811062,0 days 00:00:00.917900,72.74713337593995,0.5034897316234825,0.16081957321571008,Au,COMPLETE
562,-49.999999999971564,2025-11-13 12:26:44.969478,2025-11-13 12:26:45.696966,0 days 00:00:00.727488,73.31097917921831,1.1183231841022172,0.10277037832894602,Ag,COMPLETE
563,-53.03030303027077,2025-11-13 12:26:45.003640,2025-11-13 12:26:45.645377,0 days 00:00:00.641737,69.18353529172845,0.5123358702319651,0.20008098170378275,Ag,COMPLETE
564,-53.03030303027077,2025-11-13 12:26:45.182818,2025-11-13 12:26:45.732627,0 days 00:00:00.549809,65.3185008693123,0.5037836433548739,0.19964265285265545,Ag,COMPLETE
565,-48.6111111110841,2025-11-13 12:26:45.452589,2025-11-13 12:26:45.984156,0 days 00:00:00.531567,65.89541194932359,1.1604821140802966,0.2531807626447226,Ag,COMPLETE
566,-16.025641025637945,2025-11-13 12:26:45.645377,2025-11-13 12:26:46.438150,0 days 00:00:00.792773,34.537168131236605,1.2174204967039124,0.24025603863474299,Ag,COMPLETE
567,-49.76851851849078,2025-11-13 12:26:45.795480,2025-11-13 12:26:46.265552,0 days 00:00:00.470072,65.90157125502864,1.2764337302035842,0.2771161582939118,Ag,COMPLETE
568,-48.61111111108375,2025-11-13 12:26:45.922184,2025-11-13 12:26:46.438150,0 days 00:00:00.515966,68.34371439362769,1.2200214693714972,0.2942473550039392,Ag,COMPLETE
569,-49.76851851849078,2025-11-13 12:26:45.923185,2025-11-13 12:26:46.579160,0 days 00:00:00.655975,68.67536636058658,1.2296447578077727,0.29841917203943413,Ag,COMPLETE
570,-25.64102564102262,2025-11-13 12:26:46.086952,2025-11-13 12:26:46.900094,0 days 00:00:00.813142,68.4332884123198,16.109569102400663,0.21548438397460795,Ag,COMPLETE
571,-50.245098039186,2025-11-13 12:26:46.344220,2025-11-13 12:26:46.705610,0 days 00:00:00.361390,68.8005353862192,0.8140474928890565,0.2081169431415229,Ag,COMPLETE
572,-40.71969696967839,2025-11-13 12:26:46.359849,2025-11-13 12:26:46.965177,0 days 00:00:00.605328,64.23541341464028,0.5186121235776514,1.406566173660956,Ag,COMPLETE
573,-48.8095238094959,2025-11-13 12:26:46.438150,2025-11-13 12:26:46.929710,0 days 00:00:00.491560,64.42880419648364,0.8064088413269501,0.20893085478735485,Ag,COMPLETE
574,-30.516431924874166,2025-11-13 12:26:46.534594,2025-11-13 12:26:47.262936,0 days 00:00:00.728342,65.074151427173,5.9504475878198155,1.3976850199070043,Ag,COMPLETE
575,-49.99999999997136,2025-11-13 12:26:46.705610,2025-11-13 12:26:47.397774,0 days 00:00:00.692164,66.76806751923506,0.8734496146652526,0.24532773765242835,Ag,COMPLETE
576,-35.71428571427107,2025-11-13 12:26:46.967096,2025-11-13 12:26:47.767007,0 days 00:00:00.799911,48.69792296318141,0.8502121819569652,0.2580416555653969,Ag,COMPLETE
577,-49.999999999971564,2025-11-13 12:26:47.069125,2025-11-13 12:26:47.429597,0 days 00:00:00.360472,65.63688582431922,0.9172276754662738,0.2667210836982897,Ag,COMPLETE
578,-51.47058823526388,2025-11-13 12:26:46.997315,2025-11-13 12:26:47.680187,0 days 00:00:00.682872,66.65930402250419,0.9140680274852071,0.2444667141455515,Ag,COMPLETE
579,-53.03030303027077,2025-11-13 12:26:47.164559,2025-11-13 12:26:47.931725,0 days 00:00:00.767166,70.46958488083112,0.5022956684243254,0.19279868885364687,Ag,COMPLETE
580,-41.66666666664742,2025-11-13 12:26:47.213876,2025-11-13 12:26:47.843834,0 days 00:00:00.629958,80.4008025962153,1.778268816534024,0.1924563337914616,Ag,COMPLETE
581,-50.24509803918605,2025-11-13 12:26:47.296268,2025-11-13 12:26:48.031835,0 days 00:00:00.735567,70.27229588836815,0.5144090818927338,0.2018198493086509,Ag,COMPLETE
582,-27.02702702702214,2025-11-13 12:26:47.542865,2025-11-13 12:26:48.141782,0 days 00:00:00.598917,58.470022838010564,12.576742668290613,0.19366398527302708,Ag,COMPLETE
583,-39.00709219856502,2025-11-13 12:26:47.633860,2025-11-13 12:26:48.180826,0 days 00:00:00.546966,60.438792240776095,1.7535318631404375,1.1762624550713758,Ag,COMPLETE
584,-27.286135693210404,2025-11-13 12:26:47.796912,2025-11-13 12:26:48.248198,0 days 00:00:00.451286,70.6941768672833,12.733148531181422,0.19452462312605515,Ag,COMPLETE
585,-11.054421768705994,2025-11-13 12:26:47.952443,2025-11-13 12:26:48.831243,0 days 00:00:00.878800,29.315357704140617,0.5083574518191023,0.32186850852903076,Ag,COMPLETE
586,-33.459595959585705,2025-11-13 12:26:48.110460,2025-11-13 12:26:48.999189,0 days 00:00:00.888729,75.92896384355006,7.3085466606211895,0.3185836698338913,Ag,COMPLETE
587,-42.65873015871006,2025-11-13 12:26:48.180826,2025-11-13 12:26:48.913594,0 days 00:00:00.732768,70.35771164565685,1.3908383695746322,0.8695435207087592,Ag,COMPLETE
588,-45.94017094014722,2025-11-13 12:26:48.248198,2025-11-13 12:26:48.929242,0 days 00:00:00.681044,76.0534041995478,1.5039581353033853,0.30075402465503187,Ag,COMPLETE
589,-47.297297297271975,2025-11-13 12:26:48.524364,2025-11-13 12:26:49.237191,0 days 00:00:00.712827,74.73574712661647,1.127655776010307,0.2239158257101866,Ag,COMPLETE
590,-48.809523809495936,2025-11-13 12:26:48.780643,2025-11-13 12:26:49.397375,0 days 00:00:00.616732,74.47564411415455,0.5027954271342968,0.20961859964532573,Ag,COMPLETE
591,-48.611111111084135,2025-11-13 12:26:48.831243,2025-11-13 12:26:49.480401,0 days 00:00:00.649158,73.28624723936296,0.9210145211329928,0.2304806417092214,Ag,COMPLETE
592,-48.809523809495936,2025-11-13 12:26:48.913594,2025-11-13 12:26:49.511668,0 days 00:00:00.598074,74.36434400093528,0.5047955451037671,0.2271201560498979,Ag,COMPLETE
593,-50.24509803918605,2025-11-13 12:26:49.003188,2025-11-13 12:26:49.542921,0 days 00:00:00.539733,73.31257885792472,0.5095260022770699,0.21238781969880807,Ag,COMPLETE
594,-3.583333333333196,2025-11-13 12:26:49.344040,2025-11-13 12:26:50.231726,0 days 00:00:00.887686,94.95666516643648,2.172466619260291,0.1640713585046465,Ag,COMPLETE
595,-47.149122806992644,2025-11-13 12:26:49.397375,2025-11-13 12:26:49.955685,0 days 00:00:00.558310,69.12952022955685,2.0631882519180875,0.17300956935525633,Ag,COMPLETE
596,-49.99999999997132,2025-11-13 12:26:49.496134,2025-11-13 12:26:49.893188,0 days 00:00:00.397054,69.09099261075798,1.1190915655486269,0.16975968897111166,Ag,COMPLETE
597,-45.94017094014737,2025-11-13 12:26:49.564139,2025-11-13 12:26:50.130906,0 days 00:00:00.566767,69.89946376057385,1.223429643794748,0.6684781419756864,Ag,COMPLETE
598,-51.4705882352638,2025-11-13 12:26:49.681956,2025-11-13 12:26:50.130906,0 days 00:00:00.448950,68.72338760860747,1.1719887030618548,0.1731306974365519,Ag,COMPLETE
599,-49.76851851849078,2025-11-13 12:26:49.767910,2025-11-13 12:26:50.397656,0 days 00:00:00.629746,70.9596119608768,1.4463035877919375,0.1480267570625279,Ag,COMPLETE
600,-8.203799654575997,2025-11-13 12:26:49.846305,2025-11-13 12:26:50.397656,0 days 00:00:00.551351,26.185930379992836,1.4266231555285167,0.17175621435733446,Ag,COMPLETE
601,-49.99999999997136,2025-11-13 12:26:49.940058,2025-11-13 12:26:50.664737,0 days 00:00:00.724679,71.42221478465689,0.8344279670939334,0.2715696993836717,Ag,COMPLETE
602,-51.4705882352638,2025-11-13 12:26:50.097288,2025-11-13 12:26:50.609357,0 days 00:00:00.512069,70.97556605219542,0.8457064281910897,0.15184091387391482,Ag,COMPLETE
603,-49.99999999997136,2025-11-13 12:26:50.263423,2025-11-13 12:26:50.946992,0 days 00:00:00.683569,66.92998088326455,0.8903639347846256,0.2507301697333811,Ag,COMPLETE
604,-42.68292682924754,2025-11-13 12:26:50.514102,2025-11-13 12:26:50.962712,0 days 00:00:00.448610,67.47142355186236,0.5009501827527316,1.1048338735555054,Ag,COMPLETE
605,-27.027027027023426,2025-11-13 12:26:50.549565,2025-11-13 12:26:51.219778,0 days 00:00:00.670213,67.23658803360044,14.930860192318804,0.132184228777223,Ag,COMPLETE
606,-18.36917562723621,2025-11-13 12:26:50.582842,2025-11-13 12:26:51.546714,0 days 00:00:00.963872,90.57050743972253,0.8747809249206203,0.1351001360021188,Ag,COMPLETE
607,-51.47058823526383,2025-11-13 12:26:50.702474,2025-11-13 12:26:51.296599,0 days 00:00:00.594125,67.21562921421727,0.9614458198536451,0.13287627685876868,Ag,COMPLETE
608,-8.522727272726605,2025-11-13 12:26:50.828328,2025-11-13 12:26:51.264704,0 days 00:00:00.436376,67.59413445638626,15.29334911964325,1.6833134959206724,Ag,COMPLETE
609,-50.245098039186,2025-11-13 12:26:50.897620,2025-11-13 12:26:51.300598,0 days 00:00:00.402978,67.69005579125515,0.910665273317909,0.13604087078396146,Ag,COMPLETE
610,-39.72868217052415,2025-11-13 12:26:51.025121,2025-11-13 12:26:51.686286,0 days 00:00:00.661165,51.51986589294212,0.5053082673129942,0.1983640055085876,Ag,COMPLETE
611,-47.14912280699298,2025-11-13 12:26:51.314042,2025-11-13 12:26:51.946349,0 days 00:00:00.632307,72.25242195494461,1.775803272417317,0.192283089540012,Ag,COMPLETE
612,-1.9080582179623276,2025-11-13 12:26:51.447980,2025-11-13 12:26:51.961976,0 days 00:00:00.513996,101.03105679719704,1.7217773446772755,0.1839215578168433,Ag,COMPLETE
613,-48.42342342339725,2025-11-13 12:26:51.481339,2025-11-13 12:26:52.043675,0 days 00:00:00.562336,71.70559115880395,1.6059967028802467,0.19244969787456795,Ag,COMPLETE
614,-47.29729729727182,2025-11-13 12:26:51.497866,2025-11-13 12:26:52.039674,0 days 00:00:00.541808,63.83871478635345,1.6159904531457128,0.19108952948007224,Ag,COMPLETE
615,-31.432748538000652,2025-11-13 12:26:51.578020,2025-11-13 12:26:52.604828,0 days 00:00:01.026808,86.0900460545314,1.650992381176527,0.1949754150403629,Ag,COMPLETE
616,-19.02887139107306,2025-11-13 12:26:51.634411,2025-11-13 12:26:52.604828,0 days 00:00:00.970417,65.8014090628816,0.5039333014329775,0.26404543433317756,Au,COMPLETE
617,-7.315521628498142,2025-11-13 12:26:51.921018,2025-11-13 12:26:52.298291,0 days 00:00:00.377273,65.53978309404279,8.634331922608553,0.24897444295790383,Au,COMPLETE
618,-35.25641025639949,2025-11-13 12:26:52.060679,2025-11-13 12:26:52.482162,0 days 00:00:00.421483,69.55745654757395,7.9873717859417095,0.2660839058586911,Ag,COMPLETE
619,-51.76767676764536,2025-11-13 12:26:52.147574,2025-11-13 12:26:52.915062,0 days 00:00:00.767488,69.49856009634456,0.5002810559745908,0.1005703651000577,Ag,COMPLETE
620,-49.99999999997149,2025-11-13 12:26:52.283551,2025-11-13 12:26:52.882998,0 days 00:00:00.599447,69.68197122747667,1.196386803175478,0.13640441385672109,Ag,COMPLETE
621,-24.211711711708396,2025-11-13 12:26:52.354466,2025-11-13 12:26:53.059550,0 days 00:00:00.705084,62.70065817165531,13.307821694636075,0.9478044928443043,Ag,COMPLETE
622,-49.99999999997149,2025-11-13 12:26:52.426062,2025-11-13 12:26:53.202661,0 days 00:00:00.776599,62.66177273021184,0.8582195773993455,0.13358809354157342,Ag,COMPLETE
623,-1.1134552273792424,2025-11-13 12:26:52.523880,2025-11-13 12:26:53.201642,0 days 00:00:00.677762,22.978796147425314,0.9131683755386151,0.10011480119055972,Ag,COMPLETE
624,-0.8608815426997103,2025-11-13 12:26:52.615080,2025-11-13 12:26:53.447239,0 days 00:00:00.832159,64.85167576675711,18.677033198835744,1.9590080589213268,Cu,COMPLETE
625,-51.47058823526383,2025-11-13 12:26:52.978213,2025-11-13 12:26:53.448084,0 days 00:00:00.469871,65.51591473062732,0.933419529157881,0.15525799545152846,Ag,COMPLETE
626,-12.544802867382153,2025-11-13 12:26:53.107172,2025-11-13 12:26:53.655451,0 days 00:00:00.548279,65.033593638124,1.3451821413706067,1.9952604077658724,Cu,COMPLETE
627,-28.22580645160364,2025-11-13 12:26:53.296770,2025-11-13 12:26:53.897705,0 days 00:00:00.600935,43.61173415211087,1.2365187456652824,0.2207231801912988,Ag,COMPLETE
628,-49.76851851849059,2025-11-13 12:26:53.328021,2025-11-13 12:26:54.347479,0 days 00:00:01.019458,72.15958941920621,1.2260422985597592,0.22915215527509247,Ag,COMPLETE
629,-48.6111111110841,2025-11-13 12:26:53.406729,2025-11-13 12:26:54.166350,0 days 00:00:00.759621,68.94229498202836,1.1876774186671692,0.22391106363338323,Ag,COMPLETE
630,-7.723577235771578,2025-11-13 12:26:53.484626,2025-11-13 12:26:54.522134,0 days 00:00:01.037508,24.850795121585033,0.5051206489663905,0.23007418130948726,Ag,COMPLETE
631,-7.62910798121992,2025-11-13 12:26:53.536569,2025-11-13 12:26:54.396671,0 days 00:00:00.860102,24.68463884192926,1.1732098075821642,0.23167972387312322,Ag,COMPLETE
632,-47.45370370367742,2025-11-13 12:26:53.830109,2025-11-13 12:26:54.706659,0 days 00:00:00.876550,61.04364277465061,0.8489394410688395,0.16914886488040975,Ag,COMPLETE
633,-51.76767676764536,2025-11-13 12:26:53.881742,2025-11-13 12:26:54.658339,0 days 00:00:00.776597,68.04216194492506,0.5021345974209395,0.15197001540594796,Ag,COMPLETE
634,-51.4705882352638,2025-11-13 12:26:54.275389,2025-11-13 12:26:54.812613,0 days 00:00:00.537224,68.26860369197072,0.8418921279551222,0.16719590967359246,Ag,COMPLETE
635,-49.99999999997149,2025-11-13 12:26:54.367065,2025-11-13 12:26:54.819598,0 days 00:00:00.452533,60.919540864557845,0.8029701060735304,0.16431546526882707,Ag,COMPLETE
636,-51.76767676764536,2025-11-13 12:26:54.427408,2025-11-13 12:26:55.098182,0 days 00:00:00.670774,71.49768279623747,0.5015746699765291,0.17024258971136041,Ag,COMPLETE
637,-44.95614035085377,2025-11-13 12:26:54.717923,2025-11-13 12:26:55.195272,0 days 00:00:00.477349,78.4061482181451,0.893145579072597,0.12920894416193218,Ag,COMPLETE
638,-51.4705882352638,2025-11-13 12:26:54.796986,2025-11-13 12:26:55.622868,0 days 00:00:00.825882,66.08849912024033,0.8850270565342337,0.13284848908399025,Ag,COMPLETE
639,-53.03030303027095,2025-11-13 12:26:54.914519,2025-11-13 12:26:55.697500,0 days 00:00:00.782981,74.18443550716505,0.5004104409242868,0.10024261997709624,Ag,COMPLETE
640,-47.297297297271975,2025-11-13 12:26:55.047594,2025-11-13 12:26:55.670234,0 days 00:00:00.622640,63.67560212558827,1.4076951603257521,0.28493975641389024,Ag,COMPLETE
641,-47.00854700852281,2025-11-13 12:26:55.098182,2025-11-13 12:26:56.036539,0 days 00:00:00.938357,66.70236641649856,2.9602280052697907,0.10168299839185778,Ag,COMPLETE
642,-39.93055555553879,2025-11-13 12:26:55.157392,2025-11-13 12:26:55.762503,0 days 00:00:00.605111,73.69206977765525,4.2034734633197255,0.29079882994514133,Ag,COMPLETE
643,-51.47058823526388,2025-11-13 12:26:55.194272,2025-11-13 12:26:55.669241,0 days 00:00:00.474969,73.37624856121505,0.5066134846948398,0.2732190757447196,Ag,COMPLETE
644,-16.385767790260353,2025-11-13 12:26:55.297197,2025-11-13 12:26:56.284491,0 days 00:00:00.987294,70.52236793730292,1.4352278587659566,1.4841025684657763,Au,COMPLETE
645,-51.76767676764536,2025-11-13 12:26:55.575996,2025-11-13 12:26:56.094663,0 days 00:00:00.518667,66.72010335921368,0.5075920264175113,0.13451159324472312,Ag,COMPLETE
646,-0.6973500697349952,2025-11-13 12:26:55.762503,2025-11-13 12:26:56.463233,0 days 00:00:00.700730,77.19823863333129,14.10486583242107,0.10345318977643994,Au,COMPLETE
647,-18.68872549019331,2025-11-13 12:26:55.644717,2025-11-13 12:26:56.494470,0 days 00:00:00.849753,77.18678392720591,1.1423844750564098,0.1037836809859198,Au,COMPLETE
648,-17.73648648648411,2025-11-13 12:26:55.928972,2025-11-13 12:26:56.352097,0 days 00:00:00.423125,74.50981735454926,1.17921583884854,0.6040542568175239,Au,COMPLETE
649,-45.94017094014738,2025-11-13 12:26:56.064187,2025-11-13 12:26:56.615123,0 days 00:00:00.550936,73.23946660659573,0.8930001761068901,0.6030637581621807,Ag,COMPLETE
650,-51.4705882352638,2025-11-13 12:26:56.329836,2025-11-13 12:26:56.781165,0 days 00:00:00.451329,72.3653957198964,0.8425242771985937,0.14026328073287125,Ag,COMPLETE
651,-47.00854700852298,2025-11-13 12:26:56.463233,2025-11-13 12:26:57.003038,0 days 00:00:00.539805,76.1706193195713,2.088962073178557,0.134690755071799,Ag,COMPLETE
652,-51.47058823526383,2025-11-13 12:26:56.572832,2025-11-13 12:26:57.264967,0 days 00:00:00.692135,70.9090213450111,0.8884811134935069,0.1934324242321678,Ag,COMPLETE
653,-43.65079365077271,2025-11-13 12:26:56.654514,2025-11-13 12:26:57.234637,0 days 00:00:00.580123,79.31989012435999,2.088643556741801,0.136215066591471,Ag,COMPLETE
654,-48.8095238094959,2025-11-13 12:26:56.717071,2025-11-13 12:26:57.491951,0 days 00:00:00.774880,71.19437884991738,0.8412750973783885,0.18940224271728529,Ag,COMPLETE
655,-45.94017094014722,2025-11-13 12:26:56.753324,2025-11-13 12:26:57.476343,0 days 00:00:00.723019,75.39666468624578,2.0345995237307415,0.13350178926125397,Ag,COMPLETE
656,-48.6111111110841,2025-11-13 12:26:56.830103,2025-11-13 12:26:57.349822,0 days 00:00:00.519719,75.76078191632135,0.8444068397603757,0.18804725159033583,Ag,COMPLETE
657,-53.03030303027077,2025-11-13 12:26:56.898260,2025-11-13 12:26:57.596098,0 days 00:00:00.697838,70.82646107448211,0.5098706905590219,0.19296984528352812,Ag,COMPLETE
658,-49.99999999997116,2025-11-13 12:26:57.111228,2025-11-13 12:26:57.779715,0 days 00:00:00.668487,70.54286479641729,1.4079269363926121,0.1316535526371323,Ag,COMPLETE
659,-49.99999999997116,2025-11-13 12:26:57.429448,2025-11-13 12:26:58.055145,0 days 00:00:00.625697,69.7139576685952,1.4368383154082638,0.10187128427363605,Ag,COMPLETE
660,-50.24509803918605,2025-11-13 12:26:57.570361,2025-11-13 12:26:58.365024,0 days 00:00:00.794663,68.9008640421077,0.5051660879118495,0.2337563468372681,Ag,COMPLETE
661,-48.6111111110841,2025-11-13 12:26:57.643530,2025-11-13 12:26:58.380612,0 days 00:00:00.737082,68.83733815348208,1.21547665160693,0.20422395440087626,Ag,COMPLETE
662,-4.729474082481921,2025-11-13 12:26:57.694632,2025-11-13 12:26:58.380612,0 days 00:00:00.685980,82.2653088279359,15.765781320823956,0.10163999782080982,Ag,COMPLETE
663,-48.6111111110841,2025-11-13 12:26:57.736928,2025-11-13 12:26:58.546120,0 days 00:00:00.809192,69.31576013702806,1.2073665015841186,0.2111865890210295,Ag,COMPLETE
664,-40.816326530595646,2025-11-13 12:26:57.835918,2025-11-13 12:26:58.499561,0 days 00:00:00.663643,69.62092928735619,5.352579862442672,0.10087291569276008,Ag,COMPLETE
665,-51.190476190446915,2025-11-13 12:26:57.977038,2025-11-13 12:26:58.589416,0 days 00:00:00.612378,68.59835328496905,1.1808537785770177,0.2098616109029695,Ag,COMPLETE
666,-51.47058823526383,2025-11-13 12:26:58.291651,2025-11-13 12:26:59.007624,0 days 00:00:00.715973,73.50595181836952,0.5148511697804484,0.1690591526550287,Ag,COMPLETE
667,-51.76767676764536,2025-11-13 12:26:58.480855,2025-11-13 12:26:59.054518,0 days 00:00:00.573663,73.15754411513352,0.5056321806998568,0.16685694032656348,Ag,COMPLETE
668,-49.99999999997149,2025-11-13 12:26:58.620538,2025-11-13 12:26:59.164761,0 days 00:00:00.544223,73.25062946971943,0.819908990798437,0.16916291255750288,Ag,COMPLETE
669,-27.227722772271793,2025-11-13 12:26:58.666171,2025-11-13 12:26:59.164761,0 days 00:00:00.498590,72.13747883009196,10.550025293612169,0.6990014722471739,Ag,COMPLETE
670,-51.4705882352638,2025-11-13 12:26:58.716100,2025-11-13 12:26:59.281417,0 days 00:00:00.565317,71.86751011425338,0.8402716850958796,0.17078922118024203,Ag,COMPLETE
671,-30.882352941169163,2025-11-13 12:26:58.761257,2025-11-13 12:26:59.384039,0 days 00:00:00.622782,71.69906473818862,10.512185606239395,0.16553975692663725,Ag,COMPLETE
672,-51.4705882352638,2025-11-13 12:26:58.800493,2025-11-13 12:26:59.297636,0 days 00:00:00.497143,72.97906488224733,0.8338484738488144,0.15676915933935445,Ag,COMPLETE
673,-13.888888888887216,2025-11-13 12:26:59.102508,2025-11-13 12:27:00.261652,0 days 00:00:01.159144,66.25730986526722,1.659570534450279,0.7361958513465786,Cu,COMPLETE
674,-15.416666666665096,2025-11-13 12:26:59.365988,2025-11-13 12:26:59.963762,0 days 00:00:00.597774,66.91580518022238,16.92037271323034,0.2511482026143264,Ag,COMPLETE
675,-45.94017094014737,2025-11-13 12:26:59.384039,2025-11-13 12:27:00.414584,0 days 00:00:01.030545,66.37275608375448,1.6834990966523868,0.3840665148203905,Ag,COMPLETE
676,-14.921171171169135,2025-11-13 12:26:59.430979,2025-11-13 12:27:00.387276,0 days 00:00:00.956297,66.96392232833303,1.7790277065854934,0.24205903868980588,Cu,COMPLETE
677,-15.25821596243915,2025-11-13 12:26:59.471985,2025-11-13 12:27:00.614659,0 days 00:00:01.142674,63.283819545066294,1.7819281037657704,0.20617829167061058,Cu,COMPLETE
678,-14.739229024941299,2025-11-13 12:26:59.530899,2025-11-13 12:27:00.372905,0 days 00:00:00.842006,66.92015223388661,1.6726392259865457,0.2563783953060096,Cu,COMPLETE
679,-49.99999999997152,2025-11-13 12:26:59.912867,2025-11-13 12:27:00.414759,0 days 00:00:00.501892,63.81488646748433,0.5027717054869588,0.3379795509741346,Ag,COMPLETE
680,-15.258215962439067,2025-11-13 12:26:59.938561,2025-11-13 12:27:00.383167,0 days 00:00:00.444606,63.108822057018045,1.7184729794389724,0.20734551751563712,Cu,COMPLETE
681,-21.901709401703823,2025-11-13 12:27:00.557620,2025-11-13 12:27:01.407957,0 days 00:00:00.850337,38.76922514370276,1.064158114496832,0.13766600374253318,Ag,COMPLETE
682,-51.47058823526388,2025-11-13 12:27:00.526372,2025-11-13 12:27:01.266669,0 days 00:00:00.740297,68.50625501457938,1.0884169786396667,0.10193922855151412,Ag,COMPLETE
683,-49.99999999997173,2025-11-13 12:27:00.630415,2025-11-13 12:27:01.328969,0 days 00:00:00.698554,68.5129718033065,1.1063759272797524,0.13523715750259976,Ag,COMPLETE
684,-51.47058823526388,2025-11-13 12:27:00.667986,2025-11-13 12:27:01.652387,0 days 00:00:00.984401,68.09692169204313,1.0721702233801644,0.10040003520339477,Ag,COMPLETE
685,-51.47058823526388,2025-11-13 12:27:00.681164,2025-11-13 12:27:01.074305,0 days 00:00:00.393141,68.93286842196478,1.1067685465733437,0.10043663270738688,Ag,COMPLETE
686,-48.61111111108426,2025-11-13 12:27:00.715274,2025-11-13 12:27:01.582585,0 days 00:00:00.867311,58.25613990358352,0.8554741627870064,0.14242633423581655,Ag,COMPLETE
687,23.966165413533478,2025-11-13 12:27:00.996071,2025-11-13 12:27:02.263575,0 days 00:00:01.267504,58.0946055684197,19.154946123422864,0.2972646569454111,Ag,COMPLETE
688,-1.4919011082693743,2025-11-13 12:27:01.089932,2025-11-13 12:27:01.652387,0 days 00:00:00.562455,104.97944929760783,0.798669491623538,0.14427162706046381,Ag,COMPLETE
689,-50.245098039186,2025-11-13 12:27:01.319166,2025-11-13 12:27:01.945971,0 days 00:00:00.626805,64.54581517288317,0.8300774294686708,0.1916766644395796,Ag,COMPLETE
690,-27.369281045746337,2025-11-13 12:27:01.617974,2025-11-13 12:27:02.409373,0 days 00:00:00.791399,74.81022531504695,11.430755233523573,0.28200376105807284,Ag,COMPLETE
691,-47.453703703677256,2025-11-13 12:27:01.724594,2025-11-13 12:27:02.461699,0 days 00:00:00.737105,61.18425947556766,0.5117820869122047,0.2955298460224816,Ag,COMPLETE
692,-50.24509803918625,2025-11-13 12:27:01.773510,2025-11-13 12:27:02.714117,0 days 00:00:00.940607,70.5947862068815,0.5007589458092498,0.3033927938782186,Ag,COMPLETE
693,-28.198653198647392,2025-11-13 12:27:01.897565,2025-11-13 12:27:02.802067,0 days 00:00:00.904502,74.93461315649934,11.439752979312336,0.19122427218445892,Ag,COMPLETE
694,-48.809523809495936,2025-11-13 12:27:01.838871,2025-11-13 12:27:02.960463,0 days 00:00:01.121592,75.1366085020789,0.5350331313909502,0.19568736167349493,Ag,COMPLETE
695,-49.76851851849078,2025-11-13 12:27:01.980574,2025-11-13 12:27:02.881595,0 days 00:00:00.901021,70.95983826972177,1.3822568680166158,0.19360514005493043,Ag,COMPLETE
696,-18.68872549019331,2025-11-13 12:27:02.297959,2025-11-13 12:27:02.971869,0 days 00:00:00.673910,65.28921592669661,1.3660367031657898,0.19336781950658594,Au,COMPLETE
697,-9.789156626504836,2025-11-13 12:27:02.714117,2025-11-13 12:27:03.212794,0 days 00:00:00.498677,27.928157563838834,0.9171785404940989,0.23732205915337629,Ag,COMPLETE
698,-10.284810126580986,2025-11-13 12:27:02.835116,2025-11-13 12:27:03.721180,0 days 00:00:00.886064,28.53857629968895,0.8688211476634368,0.22890450816059288,Ag,COMPLETE
699,-48.6111111110841,2025-11-13 12:27:02.914134,2025-11-13 12:27:03.418299,0 days 00:00:00.504165,62.630148233469804,0.8679061454613075,0.23123645373381851,Ag,COMPLETE
700,-0.5274261603375261,2025-11-13 12:27:03.032300,2025-11-13 12:27:03.721180,0 days 00:00:00.688880,62.97240769761448,17.595626233463594,0.5232471419686628,Ag,COMPLETE
701,-11.43067846607565,2025-11-13 12:27:03.097999,2025-11-13 12:27:04.064762,0 days 00:00:00.966763,33.61333540485115,12.144150704668334,1.8176364928949518,Ag,COMPLETE
702,-0.7109297725024645,2025-11-13 12:27:03.163258,2025-11-13 12:27:03.721180,0 days 00:00:00.557922,64.7367577949069,17.763687191408405,0.1362075632996388,Ag,COMPLETE
703,-50.245098039186,2025-11-13 12:27:03.214498,2025-11-13 12:27:04.015609,0 days 00:00:00.801111,70.68761149773721,0.5196334668586835,0.1364860121816835,Ag,COMPLETE
704,-40.74074074072269,2025-11-13 12:27:03.535848,2025-11-13 12:27:04.131773,0 days 00:00:00.595925,64.79928452443433,1.3349318051048025,1.253284031473892,Ag,COMPLETE
705,-36.05769230767838,2025-11-13 12:27:03.644942,2025-11-13 12:27:04.216016,0 days 00:00:00.571074,70.0553293685178,1.367088500272406,1.7466285324472643,Ag,COMPLETE
706,0.0,2025-11-13 12:27:03.968663,2025-11-13 12:27:04.284868,0 days 00:00:00.316205,46.82846683235955,19.766265701602354,1.6144266686856512,Au,COMPLETE
707,-0.5868544600938801,2025-11-13 12:27:04.081016,2025-11-13 12:27:04.624964,0 days 00:00:00.543948,22.8419116984348,1.23916120815162,0.1499821592404136,Au,COMPLETE
708,-19.531249999996948,2025-11-13 12:27:04.102178,2025-11-13 12:27:04.664464,0 days 00:00:00.562286,67.15174234023866,0.8452540482981792,0.15150079989678486,Au,COMPLETE
709,-19.333333333330202,2025-11-13 12:27:04.118427,2025-11-13 12:27:04.662777,0 days 00:00:00.544350,67.3280936611949,0.5133658771670763,0.16388166887227384,Au,COMPLETE
710,-49.99999999997132,2025-11-13 12:27:04.165149,2025-11-13 12:27:05.198138,0 days 00:00:01.032989,67.09854712725212,0.8971378187151761,0.15842996559503136,Ag,COMPLETE
711,-47.149122806992466,2025-11-13 12:27:04.284868,2025-11-13 12:27:04.943751,0 days 00:00:00.658883,67.50140178501704,0.506153817433548,0.8255404861714484,Ag,COMPLETE
712,-48.8095238094959,2025-11-13 12:27:04.314347,2025-11-13 12:27:05.293909,0 days 00:00:00.979562,60.16024398385609,0.5012950937557865,0.1736929992163641,Ag,COMPLETE
713,-46.05263157892295,2025-11-13 12:27:04.586653,2025-11-13 12:27:05.496967,0 days 00:00:00.910314,77.89614448892868,0.9133810835838791,0.17024095106932272,Ag,COMPLETE
714,-49.99999999997149,2025-11-13 12:27:04.730111,2025-11-13 12:27:05.569791,0 days 00:00:00.839680,60.463373219783044,0.8382510471214853,0.13088069377814665,Ag,COMPLETE
715,-41.66666666664772,2025-11-13 12:27:04.959377,2025-11-13 12:27:06.069695,0 days 00:00:01.110318,70.0986850493043,1.2389040352664642,1.057204613809021,Ag,COMPLETE
716,-49.76851851849095,2025-11-13 12:27:05.124604,2025-11-13 12:27:06.007198,0 days 00:00:00.882594,69.85214182132529,1.3948240061281396,0.25638822088362084,Ag,COMPLETE
717,-48.6111111110841,2025-11-13 12:27:05.450184,2025-11-13 12:27:06.022858,0 days 00:00:00.572674,65.29125789341684,1.1522224397872884,0.25836610526980014,Ag,COMPLETE
718,-48.6111111110841,2025-11-13 12:27:05.496967,2025-11-13 12:27:06.482244,0 days 00:00:00.985277,70.35785442324327,1.3669757586970837,0.22198573334411106,Ag,COMPLETE
719,-49.99999999997152,2025-11-13 12:27:05.528217,2025-11-13 12:27:06.022858,0 days 00:00:00.494641,69.25448222688281,1.2182359877837654,0.21735730486893895,Ag,COMPLETE
720,-41.666666666647146,2025-11-13 12:27:05.616809,2025-11-13 12:27:06.429713,0 days 00:00:00.812904,69.94717794421385,1.3592277484924429,1.054084091087169,Ag,COMPLETE
721,-51.76767676764536,2025-11-13 12:27:05.944695,2025-11-13 12:27:06.429713,0 days 00:00:00.485018,71.61649764159237,0.5099623777562307,0.12763443013188802,Ag,COMPLETE
722,-40.67460317458373,2025-11-13 12:27:06.147260,2025-11-13 12:27:06.885459,0 days 00:00:00.738199,52.758616966803736,0.8299388682746742,0.10195569976824648,Ag,COMPLETE
723,-51.4705882352638,2025-11-13 12:27:06.147260,2025-11-13 12:27:06.795972,0 days 00:00:00.648712,72.24229236708184,0.8624830058557488,0.10334539374781745,Ag,COMPLETE
724,-49.99999999997149,2025-11-13 12:27:06.374378,2025-11-13 12:27:06.994610,0 days 00:00:00.620232,64.25293497531416,0.8527271819313172,0.13082620506253886,Ag,COMPLETE
725,-48.6111111110841,2025-11-13 12:27:06.468002,2025-11-13 12:27:06.978930,0 days 00:00:00.510928,62.17759626386388,0.9701033326254904,0.12799192990985986,Ag,COMPLETE
726,-49.99999999997149,2025-11-13 12:27:06.555294,2025-11-13 12:27:07.010179,0 days 00:00:00.454885,62.21969023999417,0.8724370912562365,0.10592556935008292,Ag,COMPLETE
727,-32.22222222221368,2025-11-13 12:27:06.613449,2025-11-13 12:27:07.312705,0 days 00:00:00.699256,65.47738953421545,9.492524042779198,0.1916024476681959,Ag,COMPLETE
728,-51.76767676764519,2025-11-13 12:27:06.914354,2025-11-13 12:27:07.429962,0 days 00:00:00.515608,66.22960173151561,0.5309846989509608,0.1867191276824075,Ag,COMPLETE
729,-25.394477317551264,2025-11-13 12:27:07.010179,2025-11-13 12:27:07.647009,0 days 00:00:00.636830,67.94797387672648,16.284006076065012,0.174461627638471,Ag,COMPLETE
730,-48.42342342339705,2025-11-13 12:27:07.148273,2025-11-13 12:27:07.631336,0 days 00:00:00.483063,68.04426692216502,1.9395974592336427,0.17835027536128065,Ag,COMPLETE
731,-53.03030303027077,2025-11-13 12:27:07.217887,2025-11-13 12:27:08.185690,0 days 00:00:00.967803,68.21022555517436,0.5119479590960764,0.17663404047453518,Ag,COMPLETE
732,-47.14912280699298,2025-11-13 12:27:07.312705,2025-11-13 12:27:07.999081,0 days 00:00:00.686376,73.8899930830142,1.5635582089198872,0.1616070174254205,Ag,COMPLETE
733,-48.809523809495936,2025-11-13 12:27:07.527174,2025-11-13 12:27:07.999081,0 days 00:00:00.471907,73.91743829375577,0.5097074266725625,0.23674497450987386,Ag,COMPLETE
734,-47.29729729727148,2025-11-13 12:27:07.561672,2025-11-13 12:27:08.219243,0 days 00:00:00.657571,72.63146107615263,1.639073119485209,0.2205769379478036,Ag,COMPLETE
735,-8.333333333332503,2025-11-13 12:27:07.680330,2025-11-13 12:27:08.296131,0 days 00:00:00.615801,26.196800777517446,1.6235281658224978,0.24053865103554403,Ag,COMPLETE
736,-37.41496598637912,2025-11-13 12:27:07.846003,2025-11-13 12:27:08.540453,0 days 00:00:00.694450,64.98637049755251,0.5160861157810512,1.911843962417262,Ag,COMPLETE
737,-49.99999999997149,2025-11-13 12:27:07.947238,2025-11-13 12:27:08.509211,0 days 00:00:00.561973,64.0050770361299,0.8481793185273128,0.13495685752919603,Ag,COMPLETE
738,-48.6111111110841,2025-11-13 12:27:08.068337,2025-11-13 12:27:08.587333,0 days 00:00:00.518996,63.86382839037183,1.113367644285627,0.2701851109631546,Ag,COMPLETE
739,-48.61111111108426,2025-11-13 12:27:08.147841,2025-11-13 12:27:08.763530,0 days 00:00:00.615689,63.67814556740057,1.144930995720058,0.20895884980293378,Ag,COMPLETE
740,-15.13532763532632,2025-11-13 12:27:08.283645,2025-11-13 12:27:08.831762,0 days 00:00:00.548117,30.823720776438876,18.3420708783521,0.28008323188358414,Ag,COMPLETE
741,-50.24509803918605,2025-11-13 12:27:08.478034,2025-11-13 12:27:09.252110,0 days 00:00:00.774076,66.02600346488909,0.510850795365263,0.20631395107886533,Ag,COMPLETE
742,-51.47058823526383,2025-11-13 12:27:08.665745,2025-11-13 12:27:09.250107,0 days 00:00:00.584362,66.82301297044053,0.8851230431143551,0.19784770367448815,Ag,COMPLETE
743,-48.809523809495936,2025-11-13 12:27:08.714090,2025-11-13 12:27:09.311308,0 days 00:00:00.597218,66.56175277646376,0.9249683223005807,0.19528917462110285,Ag,COMPLETE
744,-49.99999999997152,2025-11-13 12:27:08.763530,2025-11-13 12:27:09.311308,0 days 00:00:00.547778,65.97801965397079,0.5143588578053325,0.33454150555580475,Ag,COMPLETE
745,-49.99999999997132,2025-11-13 12:27:08.831762,2025-11-13 12:27:09.685961,0 days 00:00:00.854199,66.50449578715995,0.8532077621047227,0.20597601206009541,Ag,COMPLETE
746,-44.79166666664434,2025-11-13 12:27:08.928131,2025-11-13 12:27:09.662970,0 days 00:00:00.734839,66.31387458096575,2.2966273227266747,0.345465383575592,Ag,COMPLETE
747,-49.99999999997132,2025-11-13 12:27:09.184859,2025-11-13 12:27:09.979409,0 days 00:00:00.794550,68.61045427630391,1.245574710950216,0.1592873277305526,Ag,COMPLETE
748,-44.573643410831764,2025-11-13 12:27:09.373726,2025-11-13 12:27:10.598267,0 days 00:00:01.224541,68.47790501805382,3.858813665233943,0.15609970701322143,Ag,COMPLETE
749,-51.76767676764536,2025-11-13 12:27:09.564819,2025-11-13 12:27:10.138354,0 days 00:00:00.573535,68.74013742392981,0.5040049742809226,0.1601897453743709,Ag,COMPLETE
750,-51.190476190446915,2025-11-13 12:27:09.599152,2025-11-13 12:27:10.090292,0 days 00:00:00.491140,68.72363926206641,1.2400637205556053,0.15759210143604005,Ag,COMPLETE
751,-49.99999999997149,2025-11-13 12:27:09.695961,2025-11-13 12:27:10.350352,0 days 00:00:00.654391,68.95994996584061,1.222408541266618,0.15410426616906234,Ag,COMPLETE
752,-48.611111111084135,2025-11-13 12:27:09.763420,2025-11-13 12:27:10.504028,0 days 00:00:00.740608,61.07283877763209,1.1182399934535439,0.10194126863508202,Ag,COMPLETE
753,-47.453703703677256,2025-11-13 12:27:09.947093,2025-11-13 12:27:10.700185,0 days 00:00:00.753092,61.53410820320573,0.8531150411022974,0.2523629464337153,Ag,COMPLETE
754,-0.7062146892655247,2025-11-13 12:27:10.168275,2025-11-13 12:27:11.294290,0 days 00:00:01.126015,71.89467776337398,14.625346343081645,0.10055286144572331,Au,COMPLETE
755,-18.48370927318017,2025-11-13 12:27:10.285970,2025-11-13 12:27:11.273027,0 days 00:00:00.987057,61.92807749268616,0.8234931158027,0.25974391533353003,Au,COMPLETE
756,-0.7342143906020427,2025-11-13 12:27:10.431202,2025-11-13 12:27:11.297378,0 days 00:00:00.866176,62.7988926729571,14.481952251833512,1.3271122899041823,Au,COMPLETE
757,-0.5296610169491436,2025-11-13 12:27:10.489361,2025-11-13 12:27:11.436188,0 days 00:00:00.946827,71.04017669202551,14.639443885802768,0.13163397314043493,Au,COMPLETE
758,-18.382352941173767,2025-11-13 12:27:10.540778,2025-11-13 12:27:11.405058,0 days 00:00:00.864280,80.84038661574675,0.8043667768886273,0.10053409582977887,Au,COMPLETE
759,-49.76851851849095,2025-11-13 12:27:10.752407,2025-11-13 12:27:11.933602,0 days 00:00:01.181195,70.55952955798664,1.610456311858536,0.13046462965129318,Ag,COMPLETE
760,-41.666666666647856,2025-11-13 12:27:11.139130,2025-11-13 12:27:11.617939,0 days 00:00:00.478809,71.27861529995833,1.5168561942761911,0.9954119420216755,Ag,COMPLETE
761,-42.65873015870962,2025-11-13 12:27:11.313003,2025-11-13 12:27:11.931596,0 days 00:00:00.618593,56.94022340518696,2.0323780455719547,0.22611459554328237,Ag,COMPLETE
762,-47.149122806992644,2025-11-13 12:27:11.413821,2025-11-13 12:27:12.348978,0 days 00:00:00.935157,67.6534035877594,2.006908241662062,0.22745691214732555,Ag,COMPLETE
763,-23.069679849338236,2025-11-13 12:27:11.569806,2025-11-13 12:27:12.622668,0 days 00:00:01.052862,64.16640376602057,13.792285169345714,1.5343708542430097,Ag,COMPLETE
764,-36.29032258063328,2025-11-13 12:27:11.736653,2025-11-13 12:27:12.667479,0 days 00:00:00.930826,64.80899823559662,7.715952233260824,0.18220476063772584,Ag,COMPLETE
765,-29.166666666660173,2025-11-13 12:27:11.867226,2025-11-13 12:27:13.062792,0 days 00:00:01.195566,59.46864585268532,10.906941028877636,0.1835121464898584,Ag,COMPLETE
766,-50.24509803918605,2025-11-13 12:27:11.955322,2025-11-13 12:27:12.794660,0 days 00:00:00.839338,64.56917092735755,0.5388791817283032,0.19325714850110254,Ag,COMPLETE
767,-49.99999999997152,2025-11-13 12:27:12.113240,2025-11-13 12:27:13.325430,0 days 00:00:01.212190,75.67522265703647,0.5157713033406951,0.18468717324561962,Ag,COMPLETE
768,-48.6111111110841,2025-11-13 12:27:12.310890,2025-11-13 12:27:13.109287,0 days 00:00:00.798397,77.2515209260513,0.5060990538513278,0.1807935838451783,Ag,COMPLETE
769,-1.1134552273792424,2025-11-13 12:27:12.430233,2025-11-13 12:27:13.110297,0 days 00:00:00.680064,23.44341762880678,0.8681525622895219,0.18965805893784282,Ag,COMPLETE
770,-49.99999999997149,2025-11-13 12:27:12.667479,2025-11-13 12:27:13.571960,0 days 00:00:00.904481,59.85186259639666,0.5127199281365754,0.10124626918377788,Ag,COMPLETE
771,-49.99999999997132,2025-11-13 12:27:13.046085,2025-11-13 12:27:13.714508,0 days 00:00:00.668423,68.07901997344689,1.1519555372547297,0.1372590925587559,Ag,COMPLETE
772,-51.190476190446915,2025-11-13 12:27:13.144471,2025-11-13 12:27:14.096628,0 days 00:00:00.952157,67.99141086268615,1.175510240166279,0.13754282609176735,Ag,COMPLETE
773,-49.99999999997149,2025-11-13 12:27:13.314317,2025-11-13 12:27:14.104339,0 days 00:00:00.790022,68.60539468514645,1.175264566552112,0.1461962733051669,Ag,COMPLETE
774,-51.47058823526388,2025-11-13 12:27:13.370443,2025-11-13 12:27:14.099282,0 days 00:00:00.728839,69.75605225649448,1.0619053958724658,0.10007616671376705,Ag,COMPLETE
775,-49.99999999997149,2025-11-13 12:27:13.429870,2025-11-13 12:27:14.087578,0 days 00:00:00.657708,67.79106225877293,1.1765212800013085,0.1523049730747253,Ag,COMPLETE
776,-35.91954022987266,2025-11-13 12:27:13.510914,2025-11-13 12:27:14.387802,0 days 00:00:00.876888,73.7926667931523,6.412397987570667,0.27887541740947125,Ag,COMPLETE
777,-48.809523809495936,2025-11-13 12:27:13.714508,2025-11-13 12:27:14.650166,0 days 00:00:00.935658,72.52622223509621,0.8233478637754031,0.2695230167042728,Ag,COMPLETE
778,-13.457556935816067,2025-11-13 12:27:14.017157,2025-11-13 12:27:14.689488,0 days 00:00:00.672331,72.24239330143017,1.536892949722072,0.264029535522856,Cu,COMPLETE
779,-14.076576576574729,2025-11-13 12:27:14.159262,2025-11-13 12:27:15.170814,0 days 00:00:01.011552,72.0105848781202,0.5110459975900005,0.23636549248271707,Cu,COMPLETE
780,-50.24509803918605,2025-11-13 12:27:14.386803,2025-11-13 12:27:15.109852,0 days 00:00:00.723049,64.84656103215453,0.5006957419064073,0.21411545535417126,Ag,COMPLETE
781,-49.99999999997152,2025-11-13 12:27:14.406800,2025-11-13 12:27:15.138261,0 days 00:00:00.731461,66.14311802336309,0.8605300246928911,0.23332098145163238,Ag,COMPLETE
782,-49.99999999997132,2025-11-13 12:27:14.529025,2025-11-13 12:27:15.294887,0 days 00:00:00.765862,64.930999572895,0.838949688326593,0.2087129623059132,Ag,COMPLETE
783,-27.08333333332877,2025-11-13 12:27:14.608095,2025-11-13 12:27:15.477124,0 days 00:00:00.869029,65.06297067896735,13.289835613559278,0.22147793228353302,Ag,COMPLETE
784,-50.24509803918605,2025-11-13 12:27:14.724205,2025-11-13 12:27:15.279250,0 days 00:00:00.555045,65.58518023417713,0.5059795299714633,0.22666505582314747,Ag,COMPLETE
785,-49.76851851849095,2025-11-13 12:27:15.076175,2025-11-13 12:27:15.748755,0 days 00:00:00.672580,62.95275300295927,1.5478362700862887,0.13662849669071214,Ag,COMPLETE
786,-23.648648648642254,2025-11-13 12:27:15.249448,2025-11-13 12:27:15.483974,0 days 00:00:00.234526,41.328534121311975,1.5433154713967658,0.5669292746370127,Ag,COMPLETE
787,-38.94927536230196,2025-11-13 12:27:15.406175,2025-11-13 12:27:16.067555,0 days 00:00:00.661380,62.23158940118599,0.8748785230755276,1.4441484460271292,Ag,COMPLETE
788,-49.76851851849078,2025-11-13 12:27:15.513359,2025-11-13 12:27:16.067555,0 days 00:00:00.554196,69.4305081115009,1.4544287813648502,0.1360740405796882,Ag,COMPLETE
789,-48.8095238094959,2025-11-13 12:27:15.579089,2025-11-13 12:27:15.973791,0 days 00:00:00.394702,62.65690696017699,0.8842745455596499,0.14366029277869716,Ag,COMPLETE
790,-38.94927536230196,2025-11-13 12:27:15.625980,2025-11-13 12:27:16.315802,0 days 00:00:00.689822,70.15980114566601,0.8670936363642415,1.4533429522787755,Ag,COMPLETE
791,-49.99999999997132,2025-11-13 12:27:15.673579,2025-11-13 12:27:16.788613,0 days 00:00:01.115034,70.19344445845742,1.1195170220570057,0.17227892249663782,Ag,COMPLETE
792,-51.76767676764536,2025-11-13 12:27:15.911226,2025-11-13 12:27:16.812395,0 days 00:00:00.901169,70.44051829240546,0.5006757298031409,0.1715061773558481,Ag,COMPLETE
793,-24.999999999992887,2025-11-13 12:27:15.973791,2025-11-13 12:27:16.936121,0 days 00:00:00.962330,88.76989480014501,1.1238737231213998,0.17018306836272207,Ag,COMPLETE
794,-14.573070607551939,2025-11-13 12:27:16.144854,2025-11-13 12:27:17.166678,0 days 00:00:01.021824,66.68435864807475,17.177328633275774,0.10156793159970663,Ag,COMPLETE
795,-48.6111111110841,2025-11-13 12:27:16.645856,2025-11-13 12:27:17.344441,0 days 00:00:00.698585,75.27643375213529,0.5053616389625646,0.32027320309104135,Ag,COMPLETE
796,-50.24509803918621,2025-11-13 12:27:16.685538,2025-11-13 12:27:17.278366,0 days 00:00:00.592828,67.2495021449155,0.8499364535421066,0.10113034094856468,Ag,COMPLETE
797,-49.999999999971564,2025-11-13 12:27:16.784579,2025-11-13 12:27:17.344441,0 days 00:00:00.559862,67.08734040292596,0.8435326203890965,0.30956449687903054,Ag,COMPLETE
798,-53.03030303027095,2025-11-13 12:27:16.849951,2025-11-13 12:27:17.468994,0 days 00:00:00.619043,66.8321773427976,0.8669568722415808,0.10132645682097886,Ag,COMPLETE
799,-1.4391447368420864,2025-11-13 12:27:16.952269,2025-11-13 12:27:17.682466,0 days 00:00:00.730197,111.375584634164,0.8494823621654535,0.12778761377552794,Ag,COMPLETE
800,-49.76851851849098,2025-11-13 12:27:17.297432,2025-11-13 12:27:17.798695,0 days 00:00:00.501263,64.5630151600283,1.7779509993258786,0.10168132574248952,Ag,COMPLETE
801,-35.49382716048066,2025-11-13 12:27:17.444660,2025-11-13 12:27:18.332658,0 days 00:00:00.887998,62.95445459123969,1.817702123437566,1.8604706054622793,Ag,COMPLETE
802,-35.31073446326472,2025-11-13 12:27:17.500590,2025-11-13 12:27:18.237778,0 days 00:00:00.737188,62.69125233926892,5.62546094020523,0.7629109400370397,Ag,COMPLETE
803,-26.9764957264922,2025-11-13 12:27:17.591951,2025-11-13 12:27:18.593487,0 days 00:00:01.001536,63.521503637226374,15.458552621480266,0.13576819665021192,Ag,COMPLETE
804,-45.9401709401477,2025-11-13 12:27:17.648472,2025-11-13 12:27:18.301981,0 days 00:00:00.653509,63.830561367524226,2.2277566069902046,0.13640534810013988,Ag,COMPLETE
805,-48.42342342339707,2025-11-13 12:27:17.699769,2025-11-13 12:27:18.301981,0 days 00:00:00.602212,62.77069965636955,1.438023146256259,0.13671091469045643,Ag,COMPLETE
806,-29.10052910051983,2025-11-13 12:27:17.816103,2025-11-13 12:27:18.558038,0 days 00:00:00.741935,84.20348590136301,1.5393682536857716,0.901749835827431,Ag,COMPLETE
807,-49.99999999997152,2025-11-13 12:27:18.079870,2025-11-13 12:27:18.804210,0 days 00:00:00.724340,66.2246010153938,1.3515483776776893,0.10139116416797657,Ag,COMPLETE
808,-51.190476190446915,2025-11-13 12:27:18.466724,2025-11-13 12:27:19.047138,0 days 00:00:00.580414,66.93638071028215,1.2204028866358256,0.1785273017364226,Ag,COMPLETE
809,-18.11594202898157,2025-11-13 12:27:18.563745,2025-11-13 12:27:19.350357,0 days 00:00:00.786612,36.31179379753219,1.169474449215183,0.18231405120281413,Ag,COMPLETE
810,-47.297297297271975,2025-11-13 12:27:18.655982,2025-11-13 12:27:19.394187,0 days 00:00:00.738205,60.14935506120112,1.170933762444824,0.17630771060056777,Ag,COMPLETE
811,-19.194756554302785,2025-11-13 12:27:18.706129,2025-11-13 12:27:19.350357,0 days 00:00:00.644228,37.166955405577454,1.1426450960230818,0.4165514524923283,Ag,COMPLETE
812,-49.99999999997132,2025-11-13 12:27:18.868187,2025-11-13 12:27:19.571920,0 days 00:00:00.703733,68.64112780123313,1.0968700173471744,0.19302850203556352,Ag,COMPLETE
813,-19.23076923076616,2025-11-13 12:27:18.942941,2025-11-13 12:27:20.111894,0 days 00:00:01.168953,67.6318153501025,0.8411522279983614,0.21309746482724454,Au,COMPLETE
814,-15.771028037381734,2025-11-13 12:27:19.251029,2025-11-13 12:27:20.158868,0 days 00:00:00.907839,66.26677466004924,3.315588957172311,1.5817502370546797,Au,COMPLETE
815,-0.5868544600938801,2025-11-13 12:27:19.482068,2025-11-13 12:27:20.081373,0 days 00:00:00.599305,22.371668958749964,0.514296131772933,0.10109617055301666,Au,COMPLETE
816,-18.910256410253545,2025-11-13 12:27:19.583591,2025-11-13 12:27:20.298485,0 days 00:00:00.714894,65.97893081648698,0.7591157358708625,0.23599803965600993,Au,COMPLETE
817,-48.42342342339705,2025-11-13 12:27:19.655172,2025-11-13 12:27:20.811073,0 days 00:00:01.155901,65.28847457535444,1.9510699316118356,0.15676783680322282,Ag,COMPLETE
818,-0.6720430107526773,2025-11-13 12:27:19.686882,2025-11-13 12:27:20.905457,0 days 00:00:01.218575,98.79837507445771,8.84070868079234,0.2443621383506644,Au,COMPLETE
819,-48.423423423397416,2025-11-13 12:27:19.872639,2025-11-13 12:27:20.842562,0 days 00:00:00.969923,68.94928589712133,1.8801005180940753,0.15918047527448514,Ag,COMPLETE
820,-50.245098039186,2025-11-13 12:27:19.995378,2025-11-13 12:27:20.812901,0 days 00:00:00.817523,60.78410994992051,0.5073049018330483,0.15604816056349946,Ag,COMPLETE
821,-45.94017094014722,2025-11-13 12:27:20.339502,2025-11-13 12:27:21.051866,0 days 00:00:00.712364,60.85311243442278,2.00362395666523,0.15323524843873393,Ag,COMPLETE
822,-14.059304703474794,2025-11-13 12:27:20.397666,2025-11-13 12:27:21.343392,0 days 00:00:00.945726,68.10124710606561,2.706353418703978,0.27707305170670316,Cu,COMPLETE
823,-48.61111111108426,2025-11-13 12:27:20.500829,2025-11-13 12:27:21.374550,0 days 00:00:00.873721,60.945853641322486,0.8437167967099075,0.15668724000552478,Ag,COMPLETE
824,-5.762411347517287,2025-11-13 12:27:20.842562,2025-11-13 12:27:21.515202,0 days 00:00:00.672640,26.417115658061665,0.5005949327524413,0.20097082399905863,Cu,COMPLETE
825,-49.99999999997116,2025-11-13 12:27:21.103029,2025-11-13 12:27:21.892865,0 days 00:00:00.789836,71.0660855585085,1.4378588054432093,0.10268504446846695,Ag,COMPLETE
826,-7.170542635658268,2025-11-13 12:27:21.163654,2025-11-13 12:27:21.940428,0 days 00:00:00.776774,24.15938304715991,0.5074825422280151,0.2032541560613917,Ag,COMPLETE
827,-47.297297297271975,2025-11-13 12:27:21.390512,2025-11-13 12:27:22.293297,0 days 00:00:00.902785,71.30245190230968,1.4694494432432057,0.2094067338412835,Ag,COMPLETE
828,-49.99999999997152,2025-11-13 12:27:21.390512,2025-11-13 12:27:22.221705,0 days 00:00:00.831193,70.4047976971756,1.3690018728401085,0.10023160413592073,Ag,COMPLETE
829,-49.99999999997173,2025-11-13 12:27:21.515202,2025-11-13 12:27:22.759790,0 days 00:00:01.244588,64.91216993815901,1.1151691917671545,0.14002906064813025,Ag,COMPLETE
830,-1.427406199021184,2025-11-13 12:27:21.615688,2025-11-13 12:27:22.666875,0 days 00:00:01.051187,115.19046424328653,1.4543466895787376,0.12616000478245082,Ag,COMPLETE
831,-51.4705882352638,2025-11-13 12:27:21.818654,2025-11-13 12:27:22.712446,0 days 00:00:00.893792,65.13097599711624,0.8927643011413572,0.13170243621807015,Ag,COMPLETE
832,-50.245098039186,2025-11-13 12:27:21.846507,2025-11-13 12:27:23.048327,0 days 00:00:01.201820,65.45427111299921,0.8956136088639368,0.13728203498899835,Ag,COMPLETE
833,-41.666666666648545,2025-11-13 12:27:22.439419,2025-11-13 12:27:23.130940,0 days 00:00:00.691521,64.72903134223108,4.495950585529624,0.1381588752761576,Ag,COMPLETE
834,-49.99999999997136,2025-11-13 12:27:22.487009,2025-11-13 12:27:23.313211,0 days 00:00:00.826202,66.08917728564002,0.8947919852712136,0.2536638145303991,Ag,COMPLETE
835,-49.99999999997132,2025-11-13 12:27:22.496789,2025-11-13 12:27:22.963041,0 days 00:00:00.466252,65.62167438511052,0.9161521006344076,0.13680051722179262,Ag,COMPLETE
836,-49.99999999997136,2025-11-13 12:27:22.586413,2025-11-13 12:27:23.379836,0 days 00:00:00.793423,67.84060576100704,0.8627235454692253,0.2537725225791787,Ag,COMPLETE
837,-51.47058823526383,2025-11-13 12:27:22.963041,2025-11-13 12:27:23.552564,0 days 00:00:00.589523,68.25411316732071,0.8210573102561245,0.24324505972999377,Ag,COMPLETE
838,-44.95614035085329,2025-11-13 12:27:23.066771,2025-11-13 12:27:23.878373,0 days 00:00:00.811602,57.893537476197416,0.8566092940981318,0.2503033228370608,Ag,COMPLETE
839,-38.94927536230196,2025-11-13 12:27:23.179724,2025-11-13 12:27:23.846941,0 days 00:00:00.667217,55.5785883539274,0.5168765122092743,1.177527048122428,Ag,COMPLETE
840,-47.297297297271975,2025-11-13 12:27:23.255974,2025-11-13 12:27:23.878373,0 days 00:00:00.622399,73.8779339809901,1.1542240909728232,0.19083077125983094,Ag,COMPLETE
841,-51.47058823526383,2025-11-13 12:27:23.297726,2025-11-13 12:27:23.848938,0 days 00:00:00.551212,73.08700607329956,0.5063721087508181,0.18782015104084526,Ag,COMPLETE
842,-46.05263157892295,2025-11-13 12:27:23.456846,2025-11-13 12:27:24.061123,0 days 00:00:00.604277,58.45542087242051,1.2593703331650294,0.17862089151153593,Ag,COMPLETE
843,-49.99999999997149,2025-11-13 12:27:23.581181,2025-11-13 12:27:24.165904,0 days 00:00:00.584723,68.79851775027358,1.1462441171728797,0.18479121756546266,Ag,COMPLETE
844,-3.1362007168457757,2025-11-13 12:27:23.802847,2025-11-13 12:27:24.381559,0 days 00:00:00.578712,95.88449286982569,0.508571521130457,0.10063891659929267,Ag,COMPLETE
845,-47.297297297271975,2025-11-13 12:27:24.018760,2025-11-13 12:27:24.708717,0 days 00:00:00.689957,79.77479326962457,0.5223962939071803,0.10141864193741433,Ag,COMPLETE
846,-43.80341880339635,2025-11-13 12:27:24.061123,2025-11-13 12:27:24.892764,0 days 00:00:00.831641,78.91995797983628,0.5004954146032539,0.3088701734801122,Ag,COMPLETE
847,-44.79166666664434,2025-11-13 12:27:24.211292,2025-11-13 12:27:24.594517,0 days 00:00:00.383225,79.26666986638483,1.6299988599557462,0.10111057108254606,Ag,COMPLETE
848,-29.63917525772584,2025-11-13 12:27:24.273846,2025-11-13 12:27:24.998348,0 days 00:00:00.724502,70.0078652207044,11.818490468123102,0.10017604674123926,Ag,COMPLETE
849,-53.03030303027095,2025-11-13 12:27:24.314757,2025-11-13 12:27:24.998348,0 days 00:00:00.683591,69.47708692222673,0.5107288495508696,0.10022946992465086,Ag,COMPLETE
850,-13.059701492535334,2025-11-13 12:27:24.337114,2025-11-13 12:27:25.094155,0 days 00:00:00.757041,91.74493695298587,0.5193190735530429,0.21654142332710505,Ag,COMPLETE
851,-49.999999999971564,2025-11-13 12:27:24.414514,2025-11-13 12:27:25.436742,0 days 00:00:01.022228,69.71877151938905,0.8613412221304486,0.2968996517354491,Ag,COMPLETE
852,-51.47058823526383,2025-11-13 12:27:24.677092,2025-11-13 12:27:25.109797,0 days 00:00:00.432705,70.12025520904426,0.852688683309581,0.21111057366006628,Ag,COMPLETE
853,-51.190476190446915,2025-11-13 12:27:24.946914,2025-11-13 12:27:25.439748,0 days 00:00:00.492834,69.36004313321742,1.1749370278032831,0.21566350652278393,Ag,COMPLETE
854,-36.72316384179542,2025-11-13 12:27:24.899837,2025-11-13 12:27:25.796207,0 days 00:00:00.896370,70.08069504042255,7.169730552656094,0.16860786943610068,Ag,COMPLETE
855,-22.685185185180075,2025-11-13 12:27:25.214740,2025-11-13 12:27:26.028906,0 days 00:00:00.814166,44.96022318495396,7.152014620366254,0.16266123359165763,Ag,COMPLETE
856,-47.297297297271456,2025-11-13 12:27:25.352962,2025-11-13 12:27:25.846308,0 days 00:00:00.493346,75.10635271712707,1.2416454932367613,0.16438751569425905,Ag,COMPLETE
857,-48.423423423397416,2025-11-13 12:27:25.405577,2025-11-13 12:27:26.050525,0 days 00:00:00.644948,72.62522479024993,1.5277919911380027,0.15677860457320925,Ag,COMPLETE
858,-36.16352201256492,2025-11-13 12:27:24.778355,2025-11-13 12:27:26.050525,0 days 00:00:01.272170,72.74842421929254,1.567413553568989,1.674197998928392,Ag,COMPLETE
859,-48.423423423397416,2025-11-13 12:27:25.444742,2025-11-13 12:27:26.314810,0 days 00:00:00.870068,74.74216448613615,1.5166818260857355,0.1557154002459932,Ag,COMPLETE
860,-49.76851851849095,2025-11-13 12:27:25.703823,2025-11-13 12:27:26.446947,0 days 00:00:00.743124,72.39348051195799,1.5096838238577364,0.13805777389476184,Ag,COMPLETE
861,-15.20681265206587,2025-11-13 12:27:25.902821,2025-11-13 12:27:26.948009,0 days 00:00:01.045188,67.60612054303604,0.8777731655591803,0.1324985723295734,Cu,COMPLETE
862,-13.978494623654104,2025-11-13 12:27:26.183424,2025-11-13 12:27:26.896819,0 days 00:00:00.713395,50.396720642196684,2.3583935718193585,0.13711332632345538,Cu,COMPLETE
863,-13.535031847131982,2025-11-13 12:27:26.070830,2025-11-13 12:27:26.897879,0 days 00:00:00.827049,72.20845834139311,0.9159464813377239,0.3679131213716705,Cu,COMPLETE
864,-50.24509803918621,2025-11-13 12:27:26.336374,2025-11-13 12:27:26.912481,0 days 00:00:00.576107,67.78278244603135,0.8577349355719786,0.10104347322555046,Ag,COMPLETE
865,-15.547263681589719,2025-11-13 12:27:26.384203,2025-11-13 12:27:26.897879,0 days 00:00:00.513676,67.74255416894944,0.504911205379558,0.1327930715023651,Cu,COMPLETE
866,-49.99999999997132,2025-11-13 12:27:26.494324,2025-11-13 12:27:27.502685,0 days 00:00:01.008361,71.86542387845068,1.0650701573790315,0.2039297744558122,Ag,COMPLETE
867,-48.809523809495936,2025-11-13 12:27:26.849019,2025-11-13 12:27:27.499688,0 days 00:00:00.650669,76.22783203877647,0.5058949622229391,0.20557616519438882,Ag,COMPLETE
868,-45.94017094014737,2025-11-13 12:27:27.010290,2025-11-13 12:27:27.546029,0 days 00:00:00.535739,77.43090996921623,1.1676974899400574,0.20454780898165853,Ag,COMPLETE
869,-38.39869281044234,2025-11-13 12:27:27.427655,2025-11-13 12:27:28.209306,0 days 00:00:00.781651,63.353974049983215,5.020409191263327,0.28284087620775855,Ag,COMPLETE
870,-51.47058823526388,2025-11-13 12:27:27.450534,2025-11-13 12:27:28.209306,0 days 00:00:00.758772,70.85464458691199,0.5039401091200947,0.2651330795630578,Ag,COMPLETE
871,-48.61111111108426,2025-11-13 12:27:27.906302,2025-11-13 12:27:28.812489,0 days 00:00:00.906187,71.00929621528188,1.1540542862364656,0.17442084825680684,Ag,COMPLETE
872,-48.423423423397416,2025-11-13 12:27:27.937680,2025-11-13 12:27:28.815500,0 days 00:00:00.877820,67.14174460341548,1.899477080936646,0.16985270020839283,Ag,COMPLETE
873,-48.423423423397416,2025-11-13 12:27:27.997506,2025-11-13 12:27:28.659510,0 days 00:00:00.662004,67.17719742958317,1.809587145596991,0.1693284934651702,Ag,COMPLETE
874,-11.60714285714122,2025-11-13 12:27:27.997506,2025-11-13 12:27:28.781510,0 days 00:00:00.784004,30.280765438559147,1.1376562232924747,0.1733733626578046,Ag,COMPLETE
875,-20.488029465927745,2025-11-13 12:27:28.101340,2025-11-13 12:27:28.690271,0 days 00:00:00.588931,67.3007625104869,16.75184260529174,0.17217621340650702,Ag,COMPLETE
876,-49.99999999997149,2025-11-13 12:27:28.162316,2025-11-13 12:27:29.130810,0 days 00:00:00.968494,66.84595044555826,1.1960473607787088,0.17245458771593314,Ag,COMPLETE
877,-9.219858156027593,2025-11-13 12:27:28.572590,2025-11-13 12:27:29.289072,0 days 00:00:00.716482,29.409223796536562,12.824944220677828,0.1276533642692095,Ag,COMPLETE
878,20.50781249999968,2025-11-13 12:27:28.674605,2025-11-13 12:27:28.976234,0 days 00:00:00.301629,67.4771501042183,19.916272150484378,0.1732147559013512,Ag,COMPLETE
879,-49.99999999997149,2025-11-13 12:27:28.737136,2025-11-13 12:27:29.119336,0 days 00:00:00.382200,69.10666184389066,1.1476744391482927,0.17499688731614957,Ag,COMPLETE
880,-18.623737373734535,2025-11-13 12:27:29.086270,2025-11-13 12:27:29.629914,0 days 00:00:00.543644,63.32436343373664,0.8163429067518975,0.22750843724417152,Au,COMPLETE
881,-18.93939393939098,2025-11-13 12:27:29.129033,2025-11-13 12:27:29.915790,0 days 00:00:00.786757,64.0413017342058,0.9095156142685847,0.23127506542058382,Au,COMPLETE
882,-18.623737373734574,2025-11-13 12:27:29.184257,2025-11-13 12:27:29.770632,0 days 00:00:00.586375,63.799051883319855,0.8475267349855642,0.22713554447267256,Au,COMPLETE
883,-51.4705882352638,2025-11-13 12:27:29.211933,2025-11-13 12:27:30.197972,0 days 00:00:00.986039,73.71358263422677,0.8480288692650708,0.136062455479816,Ag,COMPLETE
884,-19.205729166663687,2025-11-13 12:27:29.264572,2025-11-13 12:27:30.132158,0 days 00:00:00.867586,63.43524858362701,0.8380803275488438,0.1027422039593454,Au,COMPLETE
885,-18.76590330788519,2025-11-13 12:27:29.313538,2025-11-13 12:27:30.136166,0 days 00:00:00.822628,63.31241008247315,0.8386697394690366,0.22830626409101037,Au,COMPLETE
886,-47.29729729727182,2025-11-13 12:27:29.580750,2025-11-13 12:27:30.325576,0 days 00:00:00.744826,70.07637841383381,0.5058184726250041,0.6464750350413966,Ag,COMPLETE
887,-49.99999999997149,2025-11-13 12:27:29.645542,2025-11-13 12:27:30.381366,0 days 00:00:00.735824,74.42140769045257,0.8326022326864123,0.13506600156832002,Ag,COMPLETE
888,-50.245098039186,2025-11-13 12:27:30.055257,2025-11-13 12:27:30.639175,0 days 00:00:00.583918,74.21429223349199,0.5092581642213633,0.13014890728084894,Ag,COMPLETE
889,-43.6991869918486,2025-11-13 12:27:30.138165,2025-11-13 12:27:30.767508,0 days 00:00:00.629343,69.08814432865475,0.5089461006952211,1.1295298195427377,Ag,COMPLETE
890,-0.8802816901408202,2025-11-13 12:27:30.247983,2025-11-13 12:27:30.933198,0 days 00:00:00.685215,22.024312957341152,1.4455741624838008,0.12792394296475257,Ag,COMPLETE
891,-49.99999999997116,2025-11-13 12:27:30.415614,2025-11-13 12:27:31.383998,0 days 00:00:00.968384,65.83608108159068,1.4467957714704789,0.1032950524984716,Ag,COMPLETE
892,-12.626262626261555,2025-11-13 12:27:30.540365,2025-11-13 12:27:31.012498,0 days 00:00:00.472133,32.66354259729988,15.943064748940223,0.271783358630615,Ag,COMPLETE
893,-0.8992805755395424,2025-11-13 12:27:30.645687,2025-11-13 12:27:31.352677,0 days 00:00:00.706990,21.50204629579527,18.90876655846884,0.10216836501080087,Ag,COMPLETE
894,-49.76851851849095,2025-11-13 12:27:30.735136,2025-11-13 12:27:31.496467,0 days 00:00:00.761331,70.93024341909478,1.3829618921008395,0.2652377513120936,Ag,COMPLETE
895,-51.19047619044695,2025-11-13 12:27:30.801846,2025-11-13 12:27:31.653040,0 days 00:00:00.851194,65.8372035301816,1.3933304624308591,0.10434688700318014,Ag,COMPLETE
896,-48.6111111110841,2025-11-13 12:27:30.808764,2025-11-13 12:27:31.559978,0 days 00:00:00.751214,65.95136556066133,1.3304563924492934,0.26942717021974605,Ag,COMPLETE
897,-34.72222222221182,2025-11-13 12:27:31.258428,2025-11-13 12:27:31.915873,0 days 00:00:00.657445,68.63014385872835,8.313377978123949,0.20291727501928397,Ag,COMPLETE
898,-1.723847965018462,2025-11-13 12:27:31.606857,2025-11-13 12:27:32.440000,0 days 00:00:00.833143,101.93825846984211,0.5128737433729079,0.19989346248945927,Ag,COMPLETE
899,-46.0526315789233,2025-11-13 12:27:31.559978,2025-11-13 12:27:32.810400,0 days 00:00:01.250422,61.485543478581775,1.8221303882674915,0.15317895965668393,Ag,COMPLETE
900,-7.723577235771607,2025-11-13 12:27:31.714994,2025-11-13 12:27:32.440000,0 days 00:00:00.725006,24.797187634393737,0.5008046890698148,0.13773078259811025,Ag,COMPLETE
901,-51.47058823526383,2025-11-13 12:27:31.784939,2025-11-13 12:27:32.377393,0 days 00:00:00.592454,72.53021893078295,0.5037249970435709,0.20094569444537136,Ag,COMPLETE
902,-49.99999999997132,2025-11-13 12:27:31.811549,2025-11-13 12:27:32.152830,0 days 00:00:00.341281,68.55746565568171,0.8487974497194811,0.19653914159592378,Ag,COMPLETE
903,-1.4831677704194037,2025-11-13 12:27:31.843516,2025-11-13 12:27:32.550369,0 days 00:00:00.706853,108.87108943806336,1.8077985758321728,0.19762278043482848,Ag,COMPLETE
904,-7.79967159277427,2025-11-13 12:27:31.899103,2025-11-13 12:27:32.747102,0 days 00:00:00.847999,24.911741210306477,0.5072423493021976,0.1411331146405094,Ag,COMPLETE
905,-51.470588235264046,2025-11-13 12:27:32.361880,2025-11-13 12:27:33.076730,0 days 00:00:00.714850,71.31239533489807,1.1148304961699447,0.14406840771370422,Ag,COMPLETE
906,-38.12056737587031,2025-11-13 12:27:32.614660,2025-11-13 12:27:33.061100,0 days 00:00:00.446440,61.53614264588592,1.068166632762073,1.3680355564061413,Ag,COMPLETE
907,-48.61111111108426,2025-11-13 12:27:32.715639,2025-11-13 12:27:33.659056,0 days 00:00:00.943417,70.90509507183256,1.0765598904179026,0.2329988339755545,Ag,COMPLETE
908,-49.99999999997136,2025-11-13 12:27:32.747102,2025-11-13 12:27:33.547145,0 days 00:00:00.800043,71.35576836009221,1.0406519897014537,0.10068762634000135,Ag,COMPLETE
909,-49.99999999997173,2025-11-13 12:27:32.889366,2025-11-13 12:27:33.947054,0 days 00:00:01.057688,69.05537638639946,1.111750731434255,0.13341309569266993,Ag,COMPLETE
910,-34.97023809522566,2025-11-13 12:27:33.061100,2025-11-13 12:27:33.881783,0 days 00:00:00.820683,69.22652759535005,2.2748866340260583,1.7475498312195876,Ag,COMPLETE
911,-47.00854700852281,2025-11-13 12:27:33.167852,2025-11-13 12:27:34.108801,0 days 00:00:00.940949,69.04526758003894,2.3353619594983206,0.3037723303051182,Ag,COMPLETE
912,-51.4705882352638,2025-11-13 12:27:33.437988,2025-11-13 12:27:33.952353,0 days 00:00:00.514365,69.63522504346614,0.8964946375858731,0.10056309435553472,Ag,COMPLETE
913,-26.416122004353912,2025-11-13 12:27:33.562517,2025-11-13 12:27:34.203732,0 days 00:00:00.641215,68.6569591816055,15.045127847906999,0.1621862309396966,Ag,COMPLETE
914,-33.10502283104127,2025-11-13 12:27:33.834158,2025-11-13 12:27:34.398096,0 days 00:00:00.563938,65.33460650207672,9.34468307069778,0.16713705893064565,Ag,COMPLETE
915,-49.76851851849095,2025-11-13 12:27:33.930078,2025-11-13 12:27:34.563045,0 days 00:00:00.632967,64.55308692055033,1.5981194035152702,0.1599015367103324,Ag,COMPLETE
916,-26.92307692307266,2025-11-13 12:27:34.061931,2025-11-13 12:27:34.560969,0 days 00:00:00.499038,65.70531113745244,13.817530687833603,0.23756695479368822,Ag,COMPLETE
917,-51.47058823526383,2025-11-13 12:27:34.180729,2025-11-13 12:27:34.767396,0 days 00:00:00.586667,65.06053603790927,0.8334288335859119,0.24509228695961804,Ag,COMPLETE
918,18.92493638676816,2025-11-13 12:27:34.307798,2025-11-13 12:27:34.913324,0 days 00:00:00.605526,76.15670226157802,18.153975594846724,0.10025982927650784,Ag,COMPLETE
919,-47.297297297271975,2025-11-13 12:27:34.453004,2025-11-13 12:27:35.298883,0 days 00:00:00.845879,59.2169415670453,1.1840551561374955,0.18537430656962378,Ag,COMPLETE
920,-2.8985507246374307,2025-11-13 12:27:34.594417,2025-11-13 12:27:35.429595,0 days 00:00:00.835178,58.92937265697302,18.132922770302294,0.1014415419538923,Ag,COMPLETE
921,-49.99999999997149,2025-11-13 12:27:34.652377,2025-11-13 12:27:35.189686,0 days 00:00:00.537309,76.9037597192958,0.5002838546563446,0.10174113857274956,Ag,COMPLETE
922,-48.8095238094959,2025-11-13 12:27:34.700698,2025-11-13 12:27:35.649777,0 days 00:00:00.949079,73.32003959753361,0.8325773229110669,0.19242264257685637,Ag,COMPLETE
923,-49.99999999997132,2025-11-13 12:27:34.812813,2025-11-13 12:27:35.665299,0 days 00:00:00.852486,66.80396502121998,0.8385715200597108,0.2011854365660884,Ag,COMPLETE
924,-51.47058823526383,2025-11-13 12:27:34.860592,2025-11-13 12:27:35.602784,0 days 00:00:00.742192,67.20047403318387,0.8619265638324273,0.19836950684622176,Ag,COMPLETE
925,-33.65384615383321,2025-11-13 12:27:35.313333,2025-11-13 12:27:36.126591,0 days 00:00:00.813258,47.63287150398087,1.4555499571849988,0.1359317250316551,Ag,COMPLETE
926,-49.99999999997149,2025-11-13 12:27:35.108914,2025-11-13 12:27:36.011639,0 days 00:00:00.902725,72.6883387966918,0.8170616943140083,0.139225161020947,Ag,COMPLETE
927,22.596153846153502,2025-11-13 12:27:35.539837,2025-11-13 12:27:36.130258,0 days 00:00:00.590421,62.93294212672181,19.429793966738128,0.33393060847341166,Ag,COMPLETE
928,-48.42342342339707,2025-11-13 12:27:35.618427,2025-11-13 12:27:36.133305,0 days 00:00:00.514878,61.79313524715612,1.4374428394266086,0.14026228042990216,Ag,COMPLETE
929,-8.400537634407948,2025-11-13 12:27:35.752877,2025-11-13 12:27:36.496501,0 days 00:00:00.743624,27.6057949061473,12.25523775038131,0.13874260508634298,Ag,COMPLETE
930,-42.708333333311906,2025-11-13 12:27:35.861963,2025-11-13 12:27:36.853171,0 days 00:00:00.991208,53.7576224898154,0.5073109386182818,0.23870855000242489,Ag,COMPLETE
931,-48.61111111108375,2025-11-13 12:27:35.894321,2025-11-13 12:27:36.799476,0 days 00:00:00.905155,67.10784593920883,1.2897829097922782,0.2375504072077992,Ag,COMPLETE
932,-53.03030303027082,2025-11-13 12:27:35.986051,2025-11-13 12:27:36.917495,0 days 00:00:00.931444,67.63966498540142,0.5271416474079664,0.24768736616197948,Ag,COMPLETE
933,-51.190476190446915,2025-11-13 12:27:36.206836,2025-11-13 12:27:37.026879,0 days 00:00:00.820043,67.17146790684737,1.1387941845255738,0.24688187577350645,Ag,COMPLETE
934,-49.99999999997152,2025-11-13 12:27:36.506181,2025-11-13 12:27:37.812896,0 days 00:00:01.306715,71.11360840057134,0.5128131698657306,0.3217079322193023,Ag,COMPLETE
935,-42.70833333331205,2025-11-13 12:27:36.642249,2025-11-13 12:27:37.073786,0 days 00:00:00.431537,53.42449225349107,0.5041104541891183,0.1694858975895625,Ag,COMPLETE
936,-48.809523809495936,2025-11-13 12:27:36.753048,2025-11-13 12:27:37.396891,0 days 00:00:00.643843,71.34940764462482,0.5014168067445762,0.30623857381446684,Ag,COMPLETE
937,-18.518518518515943,2025-11-13 12:27:36.926496,2025-11-13 12:27:37.919222,0 days 00:00:00.992726,70.17890118724836,1.760996453985797,0.2863107186317156,Au,COMPLETE
938,-44.79166666664434,2025-11-13 12:27:37.089382,2025-11-13 12:27:37.733085,0 days 00:00:00.643703,70.5713129651416,1.8406136046693635,0.45093628728689183,Ag,COMPLETE
939,-47.14912280699262,2025-11-13 12:27:37.153483,2025-11-13 12:27:37.812896,0 days 00:00:00.659413,71.37736082900015,1.8219723743070313,0.2675436727747242,Ag,COMPLETE
940,-18.26484018264588,2025-11-13 12:27:37.296289,2025-11-13 12:27:37.964346,0 days 00:00:00.668057,70.45454063103045,1.8437209444099842,0.2897287261746929,Au,COMPLETE
941,-18.264840182645916,2025-11-13 12:27:37.363421,2025-11-13 12:27:37.963562,0 days 00:00:00.600141,71.17796259117556,1.7047533771511134,0.3607364597008835,Au,COMPLETE
942,-18.93939393939107,2025-11-13 12:27:37.443769,2025-11-13 12:27:38.245666,0 days 00:00:00.801897,69.56433894771529,0.8368704335195756,0.30087603332284363,Au,COMPLETE
943,-47.297297297271975,2025-11-13 12:27:37.812896,2025-11-13 12:27:38.705038,0 days 00:00:00.892142,74.44002442604179,1.1156939922006397,0.22399965146129608,Ag,COMPLETE
944,-48.61111111108426,2025-11-13 12:27:38.029934,2025-11-13 12:27:38.765541,0 days 00:00:00.735607,74.34622455901608,1.1408356339860917,0.2210954075209379,Ag,COMPLETE
945,-51.47058823526388,2025-11-13 12:27:38.128985,2025-11-13 12:27:39.023004,0 days 00:00:00.894019,67.61274879420895,0.887517012620677,0.26216241436563376,Ag,COMPLETE
946,-49.99999999997136,2025-11-13 12:27:38.189225,2025-11-13 12:27:39.038645,0 days 00:00:00.849420,67.61826456046755,0.8540919181003479,0.268396915792423,Ag,COMPLETE
947,-49.99999999997136,2025-11-13 12:27:38.239161,2025-11-13 12:27:39.479588,0 days 00:00:01.240427,68.30767943518066,0.8658261740511021,0.2594346733949521,Ag,COMPLETE
948,-41.66666666664742,2025-11-13 12:27:38.659190,2025-11-13 12:27:39.479588,0 days 00:00:00.820398,67.9294674173191,0.8952001425730552,1.2322551391774605,Ag,COMPLETE
949,-41.666666666647146,2025-11-13 12:27:38.746583,2025-11-13 12:27:39.672492,0 days 00:00:00.925909,66.5321147367716,0.8224853526037726,1.2308117686623952,Ag,COMPLETE
950,-51.190476190446915,2025-11-13 12:27:38.781095,2025-11-13 12:27:39.537793,0 days 00:00:00.756698,68.77958235577542,1.1724424293078386,0.20868120238828963,Ag,COMPLETE
951,-49.76851851849059,2025-11-13 12:27:38.912736,2025-11-13 12:27:39.713632,0 days 00:00:00.800896,68.26486099557287,1.2669518728674842,0.21348108410728833,Ag,COMPLETE
952,-49.99999999997132,2025-11-13 12:27:38.975909,2025-11-13 12:27:39.716769,0 days 00:00:00.740860,67.83061344684226,0.8403155307896717,0.20417428214373307,Ag,COMPLETE
953,-47.29729729727182,2025-11-13 12:27:39.495219,2025-11-13 12:27:40.231985,0 days 00:00:00.736766,73.55847360841942,1.4547897436172235,0.17622071758669122,Ag,COMPLETE
954,-13.34422657951894,2025-11-13 12:27:39.618484,2025-11-13 12:27:40.187277,0 days 00:00:00.568793,73.4335634600472,0.5018119036251258,0.17178476269844628,Cu,COMPLETE
955,-49.76851851849078,2025-11-13 12:27:39.766703,2025-11-13 12:27:40.253553,0 days 00:00:00.486850,72.72229047304315,1.4081811671191176,0.17742124497185174,Ag,COMPLETE
956,-10.643115942027844,2025-11-13 12:27:39.802981,2025-11-13 12:27:40.187277,0 days 00:00:00.384296,39.628204188963956,1.3366777156351737,0.17150506275248556,Cu,COMPLETE
957,-51.47058823526383,2025-11-13 12:27:39.946805,2025-11-13 12:27:40.670864,0 days 00:00:00.724059,72.70421980439993,0.5131462460273442,0.17462303184538036,Ag,COMPLETE
958,-48.61111111108375,2025-11-13 12:27:40.048817,2025-11-13 12:27:40.689851,0 days 00:00:00.641034,65.18386441603627,1.3574858391054083,0.17368199066254936,Ag,COMPLETE
959,-50.24509803918605,2025-11-13 12:27:40.109222,2025-11-13 12:27:40.864176,0 days 00:00:00.754954,65.41990728335969,0.5029677981133859,0.23745106373076924,Ag,COMPLETE
960,-22.79005524861629,2025-11-13 12:27:40.247549,2025-11-13 12:27:40.779640,0 days 00:00:00.532091,65.57277171435501,14.168087740353977,1.507614695138159,Ag,COMPLETE
961,-44.79166666664419,2025-11-13 12:27:40.545498,2025-11-13 12:27:41.464287,0 days 00:00:00.918789,69.46560762482822,0.854709145793309,0.8152392035732213,Ag,COMPLETE
962,-50.24509803918605,2025-11-13 12:27:40.729575,2025-11-13 12:27:41.370542,0 days 00:00:00.640967,69.99283415409876,0.5004014157394842,0.22395088892270543,Ag,COMPLETE
963,-44.79166666664419,2025-11-13 12:27:40.779640,2025-11-13 12:27:41.370542,0 days 00:00:00.590902,69.65666127546505,0.8923274909549487,0.8306542421497005,Ag,COMPLETE
964,-1.453095431197595,2025-11-13 12:27:40.864176,2025-11-13 12:27:41.667670,0 days 00:00:00.803494,118.55502824139015,0.8291830740338029,0.8431622114441801,Ag,COMPLETE
965,-29.43840579709502,2025-11-13 12:27:40.913050,2025-11-13 12:27:41.636474,0 days 00:00:00.723424,70.23154105811778,11.133041824418102,0.22160291199526436,Ag,COMPLETE
966,-51.47058823526383,2025-11-13 12:27:40.900805,2025-11-13 12:27:41.589541,0 days 00:00:00.688736,70.36211254004085,0.8484498910420973,0.22473998872789708,Ag,COMPLETE
967,-27.116402116393523,2025-11-13 12:27:40.964400,2025-11-13 12:27:41.986698,0 days 00:00:01.022298,42.88971111675476,1.1908194908550276,0.14423282372332075,Ag,COMPLETE
968,-50.24509803918605,2025-11-13 12:27:41.111907,2025-11-13 12:27:41.845591,0 days 00:00:00.733684,64.05106359225316,0.503192729793798,0.22258061531949697,Ag,COMPLETE
969,-43.65079365077271,2025-11-13 12:27:41.723705,2025-11-13 12:27:42.231257,0 days 00:00:00.507552,66.46094305750742,1.176937750575008,0.9644796913569594,Ag,COMPLETE
970,-51.190476190446915,2025-11-13 12:27:41.809978,2025-11-13 12:27:42.782901,0 days 00:00:00.972923,66.316640914971,1.1796433230930101,0.13389027554044405,Ag,COMPLETE
971,-27.658045977006697,2025-11-13 12:27:41.834620,2025-11-13 12:27:42.590291,0 days 00:00:00.755671,66.47557395371736,13.169878864116257,0.13426160392699665,Ag,COMPLETE
972,-49.99999999997173,2025-11-13 12:27:41.931202,2025-11-13 12:27:42.500684,0 days 00:00:00.569482,66.81286106336846,1.1175575180105821,0.13055256032568607,Ag,COMPLETE
973,-48.8095238094959,2025-11-13 12:27:41.946243,2025-11-13 12:27:42.778891,0 days 00:00:00.832648,76.22787993348652,0.5067799544228343,0.13566536307429714,Ag,COMPLETE
974,-38.19444444442853,2025-11-13 12:27:42.062899,2025-11-13 12:27:42.594277,0 days 00:00:00.531378,64.61266993779294,1.1028938688269618,1.6338883636005854,Ag,COMPLETE
975,-53.03030303027095,2025-11-13 12:27:42.173564,2025-11-13 12:27:43.187157,0 days 00:00:01.013593,71.77320834293846,0.5096943485100819,0.10009120662888767,Ag,COMPLETE
976,-49.99999999997173,2025-11-13 12:27:42.281050,2025-11-13 12:27:42.737044,0 days 00:00:00.455994,64.23991525921029,1.1756439140505883,0.10054450701592217,Ag,COMPLETE
977,-44.79166666664419,2025-11-13 12:27:42.675399,2025-11-13 12:27:43.215357,0 days 00:00:00.539958,72.16318673452174,2.1343673917505077,0.33100230130150815,Ag,COMPLETE
978,-47.00854700852281,2025-11-13 12:27:42.830037,2025-11-13 12:27:43.496793,0 days 00:00:00.666756,72.15577738407151,2.142885435783351,0.29547112878636106,Ag,COMPLETE
979,-47.00854700852281,2025-11-13 12:27:42.867680,2025-11-13 12:27:43.655911,0 days 00:00:00.788231,71.7300702658767,2.202678992345234,0.26186441559130924,Ag,COMPLETE
980,-48.6111111110841,2025-11-13 12:27:42.784899,2025-11-13 12:27:43.592063,0 days 00:00:00.807164,77.3403257455649,0.8098759855754144,0.10202602376537698,Ag,COMPLETE
981,-17.467248908295424,2025-11-13 12:27:42.951519,2025-11-13 12:27:43.651848,0 days 00:00:00.700329,75.72279041661383,16.399315216858867,0.13134066482400575,Ag,COMPLETE
982,-47.14912280699298,2025-11-13 12:27:43.043963,2025-11-13 12:27:43.764205,0 days 00:00:00.720242,76.06175535280772,1.6434593349518438,0.10192661464637974,Ag,COMPLETE
983,-51.4705882352638,2025-11-13 12:27:43.233096,2025-11-13 12:27:43.832982,0 days 00:00:00.599886,72.18496428683233,0.8328174171811691,0.13012436373156883,Ag,COMPLETE
984,-50.245098039186,2025-11-13 12:27:43.429299,2025-11-13 12:27:44.385157,0 days 00:00:00.955858,72.88041894987089,0.5025693025972372,0.12908194429189981,Ag,COMPLETE
985,-50.245098039186,2025-11-13 12:27:43.683084,2025-11-13 12:27:44.460211,0 days 00:00:00.777127,73.47311370897671,0.502532764768978,0.16262290696329473,Ag,COMPLETE
986,-18.779342723002067,2025-11-13 12:27:44.117604,2025-11-13 12:27:45.039610,0 days 00:00:00.922006,74.39431248212665,1.6672924687126685,0.1641124253666022,Au,COMPLETE
987,-48.61111111108426,2025-11-13 12:27:44.237895,2025-11-13 12:27:44.831093,0 days 00:00:00.593198,72.92047139579257,0.5132227953571695,0.3985949814235743,Ag,COMPLETE
988,-15.889830508473255,2025-11-13 12:27:44.330475,2025-11-13 12:27:45.298316,0 days 00:00:00.967841,75.38364982052181,6.650374440695309,0.10210780340828346,Au,COMPLETE
989,-18.71980676328237,2025-11-13 12:27:44.280501,2025-11-13 12:27:45.039610,0 days 00:00:00.759109,74.9657502977588,1.3745488950551583,0.16332027078193828,Au,COMPLETE
990,-18.719806763282246,2025-11-13 12:27:44.382241,2025-11-13 12:27:45.008348,0 days 00:00:00.626107,75.480164236798,1.472864005613498,0.10051628816755222,Au,COMPLETE
991,-19.021739130432067,2025-11-13 12:27:44.396283,2025-11-13 12:27:44.945712,0 days 00:00:00.549429,74.11002123500029,1.5550964008632011,0.10248887092220448,Au,COMPLETE
992,-18.61702127659305,2025-11-13 12:27:44.497457,2025-11-13 12:27:45.298316,0 days 00:00:00.800859,75.52956205440319,1.5588002961473033,0.16226488848234907,Au,COMPLETE
993,-41.6666666666471,2025-11-13 12:27:44.878487,2025-11-13 12:27:45.574788,0 days 00:00:00.696301,82.82403372584184,0.8791727919267018,0.10065614632536261,Ag,COMPLETE
994,-9.17288557213863,2025-11-13 12:27:45.233159,2025-11-13 12:27:45.512207,0 days 00:00:00.279048,26.180143914467457,17.336627471735536,0.1001150115138004,Ag,COMPLETE
995,-36.6666666666521,2025-11-13 12:27:45.254734,2025-11-13 12:27:45.773903,0 days 00:00:00.519169,69.0294763635199,0.8950703809010538,1.7905443967286327,Ag,COMPLETE
996,-51.47058823526383,2025-11-13 12:27:45.313641,2025-11-13 12:27:45.974673,0 days 00:00:00.661032,69.07717628106028,0.8686563019182237,0.19555577061127902,Ag,COMPLETE
997,-14.860139860137824,2025-11-13 12:27:45.429503,2025-11-13 12:27:46.133481,0 days 00:00:00.703978,69.3727502139687,0.8852559119474804,0.19395579381438174,Cu,COMPLETE
998,-48.6111111110841,2025-11-13 12:27:45.466017,2025-11-13 12:27:46.215321,0 days 00:00:00.749304,61.90734277552589,0.8798337940764941,0.1916606190550325,Ag,COMPLETE
999,-14.964788732392295,2025-11-13 12:27:45.657731,2025-11-13 12:27:46.279052,0 days 00:00:00.621321,69.20396109496942,0.8839141612220394,0.1873430263282686,Cu,COMPLETE
1000,-50.245098039186,2025-11-13 12:27:45.727010,2025-11-13 12:27:46.532125,0 days 00:00:00.805115,64.2590340255276,0.5144225409517865,0.1535460607835336,Ag,COMPLETE
1001,-35.37735849055267,2025-11-13 12:27:45.875236,2025-11-13 12:27:46.672617,0 days 00:00:00.797381,70.47116008566834,1.163736934833232,1.945428243231326,Ag,COMPLETE
1002,-49.99999999997149,2025-11-13 12:27:45.996566,2025-11-13 12:27:46.747118,0 days 00:00:00.750552,71.11711973328481,1.1822379624257409,0.14281056032192813,Ag,COMPLETE
1003,-50.245098039186,2025-11-13 12:27:46.162335,2025-11-13 12:27:46.735426,0 days 00:00:00.573091,63.65917276662631,0.5110709352299494,0.15046489484225112,Ag,COMPLETE
1004,-48.6111111110841,2025-11-13 12:27:46.453477,2025-11-13 12:27:47.325148,0 days 00:00:00.871671,67.5126028054272,1.1540473214904603,0.2713009173732465,Ag,COMPLETE
1005,-48.6111111110841,2025-11-13 12:27:46.640919,2025-11-13 12:27:47.376794,0 days 00:00:00.735875,66.65865504285928,1.1705126029610085,0.2545523158279471,Ag,COMPLETE
1006,-51.190476190446915,2025-11-13 12:27:46.688534,2025-11-13 12:27:47.392438,0 days 00:00:00.703904,67.899387802409,1.1201177021624051,0.26223785335632566,Ag,COMPLETE
1007,-38.52201257860204,2025-11-13 12:27:46.796312,2025-11-13 12:27:47.486684,0 days 00:00:00.690372,67.61953676970536,5.881946327534077,0.25366774949419085,Ag,COMPLETE
1008,-31.124497991960414,2025-11-13 12:27:46.885201,2025-11-13 12:27:47.714300,0 days 00:00:00.829099,67.30878828027217,10.197856065277794,0.25850752024961066,Ag,COMPLETE
1009,-42.68292682924754,2025-11-13 12:27:47.112260,2025-11-13 12:27:48.033993,0 days 00:00:00.921733,71.32122259057772,0.5165713635136764,1.0840197158545062,Ag,COMPLETE
1010,-50.245098039186,2025-11-13 12:27:47.263416,2025-11-13 12:27:47.889599,0 days 00:00:00.626183,70.7546685004435,0.5138274170948267,0.13895259216883776,Ag,COMPLETE
1011,-49.99999999997149,2025-11-13 12:27:47.455434,2025-11-13 12:27:48.135188,0 days 00:00:00.679754,62.521498434222295,0.8651943632265071,0.13344958743721352,Ag,COMPLETE
1012,-49.99999999997132,2025-11-13 12:27:47.549175,2025-11-13 12:27:48.430611,0 days 00:00:00.881436,62.048966684110745,0.5068543254898057,0.20138345714480366,Ag,COMPLETE
1013,-48.80952380949574,2025-11-13 12:27:47.712286,2025-11-13 12:27:48.387938,0 days 00:00:00.675652,61.90788384951983,0.5046170470731424,0.2073412975147944,Ag,COMPLETE
1014,-0.8928571428571173,2025-11-13 12:27:47.748922,2025-11-13 12:27:48.303041,0 days 00:00:00.554119,22.8580265148059,15.325826285938856,0.20757653684345867,Ag,COMPLETE
1015,-49.76851851849095,2025-11-13 12:27:47.952903,2025-11-13 12:27:48.729328,0 days 00:00:00.776425,64.95277350133391,1.4679271675309127,0.19788054446869288,Ag,COMPLETE
1016,-47.00854700852281,2025-11-13 12:27:48.036067,2025-11-13 12:27:48.764114,0 days 00:00:00.728047,65.50985347026301,2.6498331849721195,0.10008591900851757,Ag,COMPLETE
1017,-49.99999999997132,2025-11-13 12:27:48.518151,2025-11-13 12:27:49.370382,0 days 00:00:00.852231,72.262898849713,0.8901966615188884,0.1539699551818703,Ag,COMPLETE
1018,-50.245098039186,2025-11-13 12:27:48.614302,2025-11-13 12:27:49.320475,0 days 00:00:00.706173,70.09618137747177,0.8717333986220528,0.15738378431718145,Ag,COMPLETE
1019,-47.297297297271975,2025-11-13 12:27:48.665043,2025-11-13 12:27:49.289225,0 days 00:00:00.624182,77.60248291310353,0.8474981864678299,0.15780963278483026,Ag,COMPLETE
1020,-47.29729729727182,2025-11-13 12:27:48.502481,2025-11-13 12:27:49.928769,0 days 00:00:01.426288,78.00901149491064,0.8942115192432252,0.15973563538859145,Ag,COMPLETE
1021,-51.4705882352638,2025-11-13 12:27:48.468148,2025-11-13 12:27:49.383956,0 days 00:00:00.915808,71.92291024269868,0.8400094140883154,0.15813665207468272,Ag,COMPLETE
1022,-51.47058823526383,2025-11-13 12:27:48.766111,2025-11-13 12:27:49.273600,0 days 00:00:00.507489,69.32297154323153,0.9548955147623871,0.15594583665046266,Ag,COMPLETE
1023,-43.74999999997827,2025-11-13 12:27:49.041293,2025-11-13 12:27:49.931105,0 days 00:00:00.889812,78.43160241659496,1.4659540116962715,0.1392798384725105,Ag,COMPLETE
1024,-49.99999999997132,2025-11-13 12:27:49.242357,2025-11-13 12:27:50.076424,0 days 00:00:00.834067,66.15387997082401,1.508426700797375,0.13321309617873717,Ag,COMPLETE
1025,-49.76851851849059,2025-11-13 12:27:49.478553,2025-11-13 12:27:50.751963,0 days 00:00:01.273410,68.68773817547816,1.257700439828179,0.22541252171336426,Ag,COMPLETE
1026,-1.464435146443485,2025-11-13 12:27:49.870664,2025-11-13 12:27:50.830350,0 days 00:00:00.959686,105.99817745279765,1.2454033373315814,0.2224057984089606,Ag,COMPLETE
1027,22.003745318351733,2025-11-13 12:27:49.931105,2025-11-13 12:27:50.751963,0 days 00:00:00.820858,64.03412008449943,18.651623715336445,0.10082077229153456,Ag,COMPLETE
1028,-43.69918699184875,2025-11-13 12:27:50.050933,2025-11-13 12:27:51.234371,0 days 00:00:01.183438,64.03766945995902,1.8146432479367163,0.5430588078492589,Ag,COMPLETE
1029,-49.76851851849059,2025-11-13 12:27:50.127512,2025-11-13 12:27:50.924100,0 days 00:00:00.796588,68.49210541995805,1.261052655022618,0.2224792417347567,Ag,COMPLETE
1030,-50.24509803918605,2025-11-13 12:27:50.162747,2025-11-13 12:27:51.000842,0 days 00:00:00.838095,68.37369466329865,0.5066415851134876,0.22910557002350435,Ag,COMPLETE
1031,-47.149122806992466,2025-11-13 12:27:50.371522,2025-11-13 12:27:51.233154,0 days 00:00:00.861632,66.36619264506955,1.1952344103849515,0.5363130513198328,Ag,COMPLETE
1032,-48.42342342339707,2025-11-13 12:27:50.705088,2025-11-13 12:27:51.181260,0 days 00:00:00.476172,66.0601894480585,1.9943089020406664,0.19335314383142044,Ag,COMPLETE
1033,-39.062499999983785,2025-11-13 12:27:51.012900,2025-11-13 12:27:51.857308,0 days 00:00:00.844408,59.65026886290146,3.010879392447083,0.7180063085268138,Ag,COMPLETE
1034,-49.99999999997149,2025-11-13 12:27:51.129488,2025-11-13 12:27:51.778789,0 days 00:00:00.649301,73.2126315930016,0.8611523588024643,0.10115298809514042,Ag,COMPLETE
1035,-51.4705882352638,2025-11-13 12:27:51.221369,2025-11-13 12:27:52.122810,0 days 00:00:00.901441,73.15104196445184,0.8998031380805418,0.10091816248212565,Ag,COMPLETE
1036,-14.166666666664812,2025-11-13 12:27:51.295665,2025-11-13 12:27:52.677528,0 days 00:00:01.381863,70.53548665781027,0.8405000356135044,0.35451618136918295,Cu,COMPLETE
1037,-25.839793281649754,2025-11-13 12:27:51.355519,2025-11-13 12:27:52.153965,0 days 00:00:00.798446,60.23891814502191,13.516144581316922,0.3175322626074356,Ag,COMPLETE
1038,-12.651821862347175,2025-11-13 12:27:51.526231,2025-11-13 12:27:52.404954,0 days 00:00:00.878723,70.9417736297122,8.022585382139985,0.18428770068781875,Cu,COMPLETE
1039,-0.8802816901408202,2025-11-13 12:27:51.582032,2025-11-13 12:27:52.185297,0 days 00:00:00.603265,20.237520852465252,0.7678252063936523,0.297099149186853,Cu,COMPLETE
1040,-0.8802816901408202,2025-11-13 12:27:51.694612,2025-11-13 12:27:52.185297,0 days 00:00:00.490685,20.335082470098584,0.5048786437284523,0.34050001096419713,Cu,COMPLETE
1041,-48.42342342339707,2025-11-13 12:27:52.122810,2025-11-13 12:27:52.833789,0 days 00:00:00.710979,70.99605174935425,1.6823513909020757,0.17715990074727184,Ag,COMPLETE
1042,-12.457044673538256,2025-11-13 12:27:52.295554,2025-11-13 12:27:53.065484,0 days 00:00:00.769930,34.73252260094196,12.5989664601162,0.13278599239024955,Ag,COMPLETE
1043,-19.060283687939265,2025-11-13 12:27:52.358057,2025-11-13 12:27:53.261762,0 days 00:00:00.903705,87.66427351065877,0.5175016431875962,1.3166353670419764,Ag,COMPLETE
1044,-51.76767676764536,2025-11-13 12:27:52.448557,2025-11-13 12:27:53.066404,0 days 00:00:00.617847,69.43137051464899,0.5028409537365828,0.1343610446927634,Ag,COMPLETE
1045,-48.6111111110841,2025-11-13 12:27:52.513748,2025-11-13 12:27:53.067454,0 days 00:00:00.553706,66.14084680916721,1.4808029088570396,0.13450794259134302,Ag,COMPLETE
1046,-9.339080459769033,2025-11-13 12:27:52.566077,2025-11-13 12:27:53.339996,0 days 00:00:00.773919,27.0119769302416,0.5011692901186376,0.1368521023465994,Ag,COMPLETE
1047,-15.931372549016434,2025-11-13 12:27:52.645093,2025-11-13 12:27:53.261762,0 days 00:00:00.616669,34.029812147951546,0.5066918712833068,0.13617313069476142,Ag,COMPLETE
1048,-49.99999999997149,2025-11-13 12:27:53.143492,2025-11-13 12:27:53.827696,0 days 00:00:00.684204,63.707527306484224,1.1178083924305553,0.19012089089757714,Ag,COMPLETE
1049,-48.61111111108426,2025-11-13 12:27:53.181420,2025-11-13 12:27:53.874623,0 days 00:00:00.693203,63.44318759278127,1.139757407640642,0.18481072421257963,Ag,COMPLETE
1050,-48.61111111108426,2025-11-13 12:27:53.308726,2025-11-13 12:27:53.890248,0 days 00:00:00.581522,64.07359812043055,1.1454181716432537,0.1909534573684412,Ag,COMPLETE
1051,16.025641025640574,2025-11-13 12:27:53.355633,2025-11-13 12:27:53.890248,0 days 00:00:00.534615,23.965735180233185,1.164616447122041,0.1887187548255594,Ag,COMPLETE
1052,-48.42342342339707,2025-11-13 12:27:53.428901,2025-11-13 12:27:54.339731,0 days 00:00:00.910830,67.54077741993764,1.6120473336378174,0.2294382207319593,Ag,COMPLETE
1053,-48.61111111108426,2025-11-13 12:27:53.544223,2025-11-13 12:27:54.418487,0 days 00:00:00.874264,63.829597813393356,1.1388432176952792,0.18701320243004682,Ag,COMPLETE
1054,-31.517094017085764,2025-11-13 12:27:53.689452,2025-11-13 12:27:54.482996,0 days 00:00:00.793544,67.83088667254191,9.703051506063153,0.2347017701807841,Ag,COMPLETE
1055,-43.74999999997827,2025-11-13 12:27:53.778897,2025-11-13 12:27:54.230870,0 days 00:00:00.451973,56.37814239151859,1.194829740208465,0.18254960624012537,Ag,COMPLETE
1056,-32.77777777776917,2025-11-13 12:27:54.261604,2025-11-13 12:27:54.602837,0 days 00:00:00.341233,68.69277735011455,9.69799833126482,0.1008433955219134,Ag,COMPLETE
1057,-48.611111111084135,2025-11-13 12:27:54.355356,2025-11-13 12:27:54.820033,0 days 00:00:00.464677,73.84068435334177,0.8227352732607076,0.2843120119138832,Ag,COMPLETE
1058,-40.71969696967866,2025-11-13 12:27:54.453961,2025-11-13 12:27:54.943974,0 days 00:00:00.490013,74.26085288145751,0.870173662254417,1.0189719200859009,Ag,COMPLETE
1059,-53.03030303027095,2025-11-13 12:27:54.308488,2025-11-13 12:27:55.021068,0 days 00:00:00.712580,72.5525874753857,0.5060920839434117,0.10018203573725575,Ag,COMPLETE
1060,-42.658730158709915,2025-11-13 12:27:54.562761,2025-11-13 12:27:55.503289,0 days 00:00:00.940528,65.81772711779767,0.500839998287187,1.2735706283055825,Ag,COMPLETE
1061,-51.4705882352638,2025-11-13 12:27:54.726322,2025-11-13 12:27:55.514431,0 days 00:00:00.788109,65.45108282144201,0.8616501587127876,0.13623284318261794,Ag,COMPLETE
1062,-6.03254769921397,2025-11-13 12:27:54.912696,2025-11-13 12:27:55.828543,0 days 00:00:00.915847,93.82934690361412,1.5096966129643514,0.12814111689739854,Ag,COMPLETE
1063,-18.74999999999738,2025-11-13 12:27:55.360546,2025-11-13 12:27:56.069547,0 days 00:00:00.709001,72.31691165579271,1.709444170649395,0.1292331997799315,Au,COMPLETE
1064,-49.76851851849098,2025-11-13 12:27:55.363730,2025-11-13 12:27:56.032992,0 days 00:00:00.669262,72.27636375570691,1.7429681753960053,0.10154755134866444,Ag,COMPLETE
1065,-0.5319148936170122,2025-11-13 12:27:55.442579,2025-11-13 12:27:56.032992,0 days 00:00:00.590413,74.67663731075143,16.95320377009699,0.1022269686753545,Au,COMPLETE
1066,-18.912529550824747,2025-11-13 12:27:55.547496,2025-11-13 12:27:56.287931,0 days 00:00:00.740435,72.20763716512977,1.7963687995404012,0.10219934218364171,Au,COMPLETE
1067,24.576822916666284,2025-11-13 12:27:55.626179,2025-11-13 12:27:56.272306,0 days 00:00:00.646127,72.06862544132325,10.792706844050844,0.10003386427432207,Au,COMPLETE
1068,-49.99999999997149,2025-11-13 12:27:55.828543,2025-11-13 12:27:56.879621,0 days 00:00:01.051078,61.339881920375205,0.8830467294082864,0.10136303518963163,Ag,COMPLETE
1069,-47.45370370367742,2025-11-13 12:27:56.032992,2025-11-13 12:27:56.848351,0 days 00:00:00.815359,77.11508645361678,0.8528280624823779,0.10066422444430852,Ag,COMPLETE
1070,-26.67682926828941,2025-11-13 12:27:56.225438,2025-11-13 12:27:57.163220,0 days 00:00:00.937782,68.13440760308627,15.803189522895892,0.15472066484913527,Ag,COMPLETE
1071,-48.8095238094959,2025-11-13 12:27:56.350817,2025-11-13 12:27:57.128994,0 days 00:00:00.778177,62.002066748668895,0.8699070255241531,0.15195947979347335,Ag,COMPLETE
1072,-51.4705882352638,2025-11-13 12:27:56.413617,2025-11-13 12:27:57.423260,0 days 00:00:01.009643,69.26069548711155,0.8547540421329243,0.1588312940823371,Ag,COMPLETE
1073,-50.245098039186,2025-11-13 12:27:56.483703,2025-11-13 12:27:57.313275,0 days 00:00:00.829572,61.539827578881535,0.5071426144986513,0.150370489650632,Ag,COMPLETE
1074,-48.8095238094959,2025-11-13 12:27:56.530167,2025-11-13 12:27:57.163220,0 days 00:00:00.633053,61.26653660748471,0.8091932455849462,0.13826023956294875,Ag,COMPLETE
1075,-45.94017094014738,2025-11-13 12:27:56.675693,2025-11-13 12:27:57.927984,0 days 00:00:01.252291,68.58130842376184,0.5084216739768591,0.9200061275381433,Ag,COMPLETE
1076,-51.19047619044695,2025-11-13 12:27:57.210097,2025-11-13 12:27:57.742372,0 days 00:00:00.532275,66.22345354979426,1.3557319126703442,0.1382774008590851,Ag,COMPLETE
1077,-43.60465116277041,2025-11-13 12:27:57.360584,2025-11-13 12:27:58.420032,0 days 00:00:01.059448,65.36716511797843,3.667998745381378,0.1639331051649466,Ag,COMPLETE
1078,-49.99999999997149,2025-11-13 12:27:57.438920,2025-11-13 12:27:58.031197,0 days 00:00:00.592277,67.01969619101276,1.2404596725286647,0.13038956951316164,Ag,COMPLETE
1079,-25.219298245609554,2025-11-13 12:27:57.485863,2025-11-13 12:27:58.094078,0 days 00:00:00.608215,80.31245057429739,11.799421325363358,0.1376177686679375,Ag,COMPLETE
1080,20.1972010178114,2025-11-13 12:27:57.564482,2025-11-13 12:27:58.420032,0 days 00:00:00.855550,70.38072266672876,17.81291810894221,0.8885551382961039,Ag,COMPLETE
1081,-33.92857142856179,2025-11-13 12:27:57.630313,2025-11-13 12:27:58.420032,0 days 00:00:00.789719,70.35747253377819,8.961492792730699,0.13109540887913151,Ag,COMPLETE
1082,-9.818007662834113,2025-11-13 12:27:57.959305,2025-11-13 12:27:58.776243,0 days 00:00:00.816938,28.89829255878811,3.5436140058061083,0.1705791065374222,Ag,COMPLETE
1083,-51.19047619044695,2025-11-13 12:27:58.189770,2025-11-13 12:27:58.838741,0 days 00:00:00.648971,67.56010041743514,1.3150864120730796,0.172389047956604,Ag,COMPLETE
1084,-51.47058823526383,2025-11-13 12:27:58.305485,2025-11-13 12:27:59.080818,0 days 00:00:00.775333,74.37781646447931,0.504591485859587,0.18039026650435017,Ag,COMPLETE
1085,-49.76851851849095,2025-11-13 12:27:58.511819,2025-11-13 12:27:59.511163,0 days 00:00:00.999344,75.26187251074951,1.2986309185934766,0.10142967652359326,Ag,COMPLETE
1086,-47.297297297271975,2025-11-13 12:27:58.641563,2025-11-13 12:27:59.864872,0 days 00:00:01.223309,75.27122839329522,1.176445537759747,0.1753865668264461,Ag,COMPLETE
1087,-47.29729729727182,2025-11-13 12:27:58.744991,2025-11-13 12:27:59.769173,0 days 00:00:01.024182,76.06327442788768,0.8664509801345859,0.21802532792264218,Ag,COMPLETE
1088,-44.79166666664434,2025-11-13 12:27:58.807495,2025-11-13 12:27:59.583725,0 days 00:00:00.776230,73.1145545128517,0.8659192219861043,0.7723393002527024,Ag,COMPLETE
1089,-48.61111111108426,2025-11-13 12:27:59.011963,2025-11-13 12:28:00.040999,0 days 00:00:01.029036,65.11338709136692,1.1168570406618945,0.23378741179114615,Ag,COMPLETE
1090,-2.700617283950543,2025-11-13 12:27:59.080818,2025-11-13 12:28:00.009663,0 days 00:00:00.928845,96.96088346483594,0.8616103580202452,0.10121265936681258,Ag,COMPLETE
1091,-48.809523809495936,2025-11-13 12:27:59.181960,2025-11-13 12:28:00.025385,0 days 00:00:00.843425,65.2444221138033,0.8803951081852063,0.23326796821047663,Ag,COMPLETE
1092,-50.24509803918621,2025-11-13 12:27:59.722732,2025-11-13 12:28:00.391784,0 days 00:00:00.669052,64.61534848289702,0.840336581271339,0.10118190312245375,Ag,COMPLETE
1093,20.671834625322678,2025-11-13 12:27:59.831603,2025-11-13 12:28:00.316850,0 days 00:00:00.485247,70.04440288883735,19.252433837874595,0.10159769315700765,Ag,COMPLETE
1094,-51.76767676764536,2025-11-13 12:27:59.962785,2025-11-13 12:28:00.686968,0 days 00:00:00.724183,69.53106661685665,0.5146083698461713,0.13477272347294114,Ag,COMPLETE
1095,-53.03030303027095,2025-11-13 12:27:59.913756,2025-11-13 12:28:01.034369,0 days 00:00:01.120613,69.54520225160779,0.5070091905736583,0.10028501833594934,Ag,COMPLETE
1096,-38.82575757573999,2025-11-13 12:28:00.119624,2025-11-13 12:28:01.613791,0 days 00:00:01.494167,50.03449503458437,0.500222758494204,0.13910788238343383,Ag,COMPLETE
1097,-51.76767676764536,2025-11-13 12:28:00.281886,2025-11-13 12:28:01.860728,0 days 00:00:01.578842,69.20565547790981,0.5095997036303345,0.13861008741846498,Ag,COMPLETE
1098,-51.76767676764536,2025-11-13 12:28:00.376163,2025-11-13 12:28:01.179912,0 days 00:00:00.803749,69.40631519841132,0.5215769716819278,0.13451583118443056,Ag,COMPLETE
1099,-37.234042553175584,2025-11-13 12:28:00.391784,2025-11-13 12:28:01.242848,0 days 00:00:00.851064,50.944034150939586,1.4950550317730709,0.1407881443549557,Ag,COMPLETE
1100,-26.9274376417197,2025-11-13 12:28:00.577615,2025-11-13 12:28:01.564028,0 days 00:00:00.986413,66.5747796072034,14.892848865322105,0.13505778967513818,Ag,COMPLETE
1101,-48.6111111110841,2025-11-13 12:28:01.175240,2025-11-13 12:28:01.708206,0 days 00:00:00.532966,66.8784362306822,1.5149271485648819,0.10024411239706416,Ag,COMPLETE
1102,-48.42342342339707,2025-11-13 12:28:01.179912,2025-11-13 12:28:01.803280,0 days 00:00:00.623368,67.1445602536121,2.0944732887236275,0.10188791459038972,Ag,COMPLETE
1103,-48.42342342339707,2025-11-13 12:28:01.282097,2025-11-13 12:28:02.037266,0 days 00:00:00.755169,67.42654760841914,2.0768773915292185,0.13053881348532287,Ag,COMPLETE
1104,-31.609195402288027,2025-11-13 12:28:01.429905,2025-11-13 12:28:02.131101,0 days 00:00:00.701196,85.95452377249791,2.3599609679885747,0.1001755681152474,Ag,COMPLETE
1105,-8.037225042300365,2025-11-13 12:28:01.645741,2025-11-13 12:28:02.347587,0 days 00:00:00.701846,25.729207952748233,1.1817794990055404,0.15645129792755308,Ag,COMPLETE
1106,-50.24509803918621,2025-11-13 12:28:01.927466,2025-11-13 12:28:02.523574,0 days 00:00:00.596108,62.85027963775477,0.5003367202861643,0.1004112302001345,Ag,COMPLETE
1107,-38.19444444442853,2025-11-13 12:28:02.099830,2025-11-13 12:28:02.555773,0 days 00:00:00.455943,63.557964876599065,1.1799346679326557,1.571639727795782,Ag,COMPLETE
1108,-15.796703296701534,2025-11-13 12:28:02.215780,2025-11-13 12:28:02.919189,0 days 00:00:00.703409,71.28309913409403,0.9100941540773302,1.8348888415773656,Au,COMPLETE
1109,-49.99999999997173,2025-11-13 12:28:02.295975,2025-11-13 12:28:02.863370,0 days 00:00:00.567395,63.89976816652772,1.0848067828683343,0.1696392813602154,Ag,COMPLETE
1110,-37.41496598637935,2025-11-13 12:28:02.435081,2025-11-13 12:28:02.888668,0 days 00:00:00.453587,62.85738372974412,1.1366536969153909,1.7215257070830374,Ag,COMPLETE
1111,-49.99999999997149,2025-11-13 12:28:02.461053,2025-11-13 12:28:02.780726,0 days 00:00:00.319673,62.66975230753129,1.1394156220414378,0.17282216522717792,Ag,COMPLETE
1112,-13.666666666664465,2025-11-25 10:23:32.987702,2025-11-25 10:24:00.630867,0 days 00:00:27.643165,32.15004303915077,1.681344404492817,0.13076337415893907,Ag,COMPLETE
1113,-51.190476190446915,2025-11-25 10:23:33.013241,2025-11-25 10:24:00.630867,0 days 00:00:27.617626,68.04373497956169,1.574015109695163,0.10035986968949753,Ag,COMPLETE
1114,-47.29729729727182,2025-11-25 10:23:32.998217,2025-11-25 10:24:00.534925,0 days 00:00:27.536708,71.99273947548198,1.6758545177642006,0.1337116401356514,Ag,COMPLETE
1115,-42.57246376809763,2025-11-25 10:23:33.072989,2025-11-25 10:24:00.664274,0 days 00:00:27.591285,71.69173585601244,4.745611799736711,0.10099211474112486,Ag,COMPLETE
1116,-49.76851851849095,2025-11-25 10:23:33.104348,2025-11-25 10:24:00.534925,0 days 00:00:27.430577,71.42088375176183,1.6149666447476787,0.13590268415248957,Ag,COMPLETE
1117,-44.871794871771776,2025-11-25 10:23:33.143863,2025-11-25 10:24:00.599138,0 days 00:00:27.455275,59.07452110665773,1.6263257281822467,0.16751345593446126,Ag,COMPLETE
1118,-48.42342342339725,2025-11-25 10:23:33.168022,2025-11-25 10:24:00.731733,0 days 00:00:27.563711,71.7614807090739,1.7950280372730973,0.16029217190099918,Ag,COMPLETE
1119,-49.76851851849095,2025-11-25 10:23:33.182826,2025-11-25 10:24:00.588127,0 days 00:00:27.405301,71.6167339981413,1.5630032881349214,0.10013456559752186,Ag,COMPLETE
1120,-15.782828282825847,2025-11-25 10:24:00.656261,2025-11-25 10:24:01.233305,0 days 00:00:00.577044,65.8433066803154,0.5027894995727356,0.20167678670757946,Cu,COMPLETE
1121,-15.782828282825847,2025-11-25 10:24:00.588127,2025-11-25 10:24:01.967451,0 days 00:00:01.379324,65.92847076797791,0.5071990626616905,0.18765677591098115,Cu,COMPLETE
1122,-19.333333333330202,2025-11-25 10:24:00.809214,2025-11-25 10:24:02.061269,0 days 00:00:01.252055,68.34728459510778,0.5018433257208147,0.1992966974834883,Au,COMPLETE
1123,-15.54726368158969,2025-11-25 10:24:00.924195,2025-11-25 10:24:01.742435,0 days 00:00:00.818240,65.30349133543993,0.8338636890924352,0.19529074085664055,Cu,COMPLETE
1124,-15.624999999997724,2025-11-25 10:24:00.946988,2025-11-25 10:24:01.968705,0 days 00:00:01.021717,66.57588440218888,0.8357961721097558,0.1985101396452724,Cu,COMPLETE
1125,-16.985138004244096,2025-11-25 10:24:00.974076,2025-11-25 10:24:02.124885,0 days 00:00:01.150809,68.79949743616794,0.8631126085825718,1.1629670609475347,Au,COMPLETE
1126,-19.37984496123722,2025-11-25 10:24:01.073367,2025-11-25 10:24:01.905051,0 days 00:00:00.831684,68.40239835579924,0.8521159938813497,0.19549840547340247,Au,COMPLETE
1127,-51.4705882352638,2025-11-25 10:24:01.041502,2025-11-25 10:24:02.604374,0 days 00:00:01.562872,68.75822390263829,0.8666373225238693,0.14873012262934426,Ag,COMPLETE
1128,-0.8234519104084191,2025-11-25 10:24:01.805434,2025-11-25 10:24:02.725867,0 days 00:00:00.920433,73.64756527420589,19.995691564303804,0.15785316444551628,Ag,COMPLETE
1129,-1.1134552273792424,2025-11-25 10:24:01.968705,2025-11-25 10:24:02.568133,0 days 00:00:00.599428,22.622014645795193,1.208278917660571,0.15522632440411557,Ag,COMPLETE
1130,18.640350877192702,2025-11-25 10:24:02.192139,2025-11-25 10:24:02.982214,0 days 00:00:00.790075,73.76409257628018,16.382251435252254,1.4011621024485326,Ag,COMPLETE
1131,-25.167785234896,2025-11-25 10:24:02.342850,2025-11-25 10:24:03.056069,0 days 00:00:00.713219,74.41625803524559,14.275145409353458,0.2530514743449981,Ag,COMPLETE
1132,-49.76851851849059,2025-11-25 10:24:02.445567,2025-11-25 10:24:03.086986,0 days 00:00:00.641419,73.67205896800225,1.1980577356043944,0.26160997492775867,Ag,COMPLETE
1133,-51.76767676764536,2025-11-25 10:24:02.514061,2025-11-25 10:24:03.208726,0 days 00:00:00.694665,64.71426369789401,0.5072085079335557,0.13333543434804496,Ag,COMPLETE
1134,-48.61111111108426,2025-11-25 10:24:02.612683,2025-11-25 10:24:03.724406,0 days 00:00:01.111723,60.35470297125918,0.8466188552134619,0.1372611704271076,Ag,COMPLETE
1135,-51.76767676764536,2025-11-25 10:24:02.923678,2025-11-25 10:24:03.745361,0 days 00:00:00.821683,64.54991407593802,0.5029449893034401,0.13316824039560798,Ag,COMPLETE
1136,-34.39153439152359,2025-11-25 10:24:02.995269,2025-11-25 10:24:03.767758,0 days 00:00:00.772489,60.076439334028585,7.5822334101731865,0.16740893197555948,Ag,COMPLETE
1137,-51.4705882352638,2025-11-25 10:24:03.155662,2025-11-25 10:24:03.948399,0 days 00:00:00.792737,70.1247745414703,0.8813224569210651,0.1355584904007918,Ag,COMPLETE
1138,-51.4705882352638,2025-11-25 10:24:03.325087,2025-11-25 10:24:03.948399,0 days 00:00:00.623312,69.50059916870423,1.1764153969366495,0.16346231552307944,Ag,COMPLETE
1139,-36.05769230767859,2025-11-25 10:24:03.413751,2025-11-25 10:24:04.320576,0 days 00:00:00.906825,69.88725551108044,1.2350618002557918,1.9085492576476302,Ag,COMPLETE
1140,-49.76851851849059,2025-11-25 10:24:03.529895,2025-11-25 10:24:04.388154,0 days 00:00:00.858259,67.00103660804713,1.2473110961925902,0.23043347861455787,Ag,COMPLETE
1141,-49.99999999997116,2025-11-25 10:24:03.647966,2025-11-25 10:24:04.549045,0 days 00:00:00.901079,66.89869668782929,1.3262737044554114,0.21305126376559988,Ag,COMPLETE
1142,-49.99999999997132,2025-11-25 10:24:04.059313,2025-11-25 10:24:04.949682,0 days 00:00:00.890369,66.89358911571718,0.8465294826470942,0.20795613633601082,Ag,COMPLETE
1143,-50.24509803918621,2025-11-25 10:24:04.150496,2025-11-25 10:24:05.054919,0 days 00:00:00.904423,67.48509352839768,0.8547808344488976,0.10110226444795357,Ag,COMPLETE
1144,-1.4320785597381105,2025-11-25 10:24:04.237656,2025-11-25 10:24:05.385084,0 days 00:00:01.147428,113.55923705057539,0.5018292159683573,0.2843986564077279,Ag,COMPLETE
1145,-50.24509803918605,2025-11-25 10:24:04.345053,2025-11-25 10:24:05.297533,0 days 00:00:00.952480,66.73126017763343,0.5029190758856723,0.21946356852038026,Ag,COMPLETE
1146,-20.576131687237737,2025-11-25 10:24:04.406705,2025-11-25 10:24:05.989391,0 days 00:00:01.582686,37.347205638783684,0.5078148024291108,0.1007377218866729,Ag,COMPLETE
1147,-50.24509803918621,2025-11-25 10:24:04.670409,2025-11-25 10:24:05.722772,0 days 00:00:01.052363,62.57288237760156,0.8433148439498037,0.1003467280824408,Ag,COMPLETE
1148,-43.74999999997812,2025-11-25 10:24:04.873803,2025-11-25 10:24:05.986781,0 days 00:00:01.112978,76.75804791740781,0.8805510712940923,0.4943894123464073,Ag,COMPLETE
1149,-23.972602739719356,2025-11-25 10:24:04.993283,2025-11-25 10:24:06.292321,0 days 00:00:01.299038,41.09292646463912,1.9757946239204962,0.17464939781164573,Ag,COMPLETE
1150,-30.505952380941356,2025-11-25 10:24:05.533929,2025-11-25 10:24:06.418206,0 days 00:00:00.884277,44.98804437655721,0.8659262783196197,0.17107883800383306,Ag,COMPLETE
1151,-23.7268518518453,2025-11-25 10:24:05.666807,2025-11-25 10:24:06.476812,0 days 00:00:00.810005,40.70641446445853,1.3704637547547232,0.16775837088659912,Ag,COMPLETE
1152,-47.149122806992466,2025-11-25 10:24:05.796870,2025-11-25 10:24:06.296483,0 days 00:00:00.499613,64.47448658486839,1.997255871059987,0.1701495502880887,Ag,COMPLETE
1153,-0.8928571428571173,2026-03-20 04:41:00.573798,2026-03-20 04:41:04.892335,0 days 00:00:04.318537,22.452650525510457,14.124189820737385,0.6930113002435163,Ag,PRUNED
1154,-1.0,2026-03-20 04:41:00.577889,2026-03-20 04:41:00.974777,0 days 00:00:00.396888,27.04749231305545,13.90122237838931,1.816251134517858,Au,COMPLETE
1155,-1.0,2026-03-20 04:41:00.608732,2026-03-20 04:41:00.971820,0 days 00:00:00.363088,39.517125896190706,19.280034629876255,0.3790904619632466,Ag,COMPLETE
1156,-1.0,2026-03-20 04:41:00.624918,2026-03-20 04:41:01.061280,0 days 00:00:00.436362,68.42148287640995,4.662227842991721,0.7270728809522824,Ag,COMPLETE
1157,-1.0,2026-03-20 04:41:00.639970,2026-03-20 04:41:01.016808,0 days 00:00:00.376838,20.763023848796585,11.00098402223985,1.6556149192232674,Au,COMPLETE
1158,-16.62234042553016,2026-03-20 04:41:00.671335,2026-03-20 04:41:04.712425,0 days 00:00:04.041090,30.47728202856568,11.439546508630094,1.7179629700131842,Au,COMPLETE
1159,-1.0,2026-03-20 04:41:00.686654,2026-03-20 04:41:01.017809,0 days 00:00:00.331155,38.02584980764288,19.352751755188706,0.3462109893804708,Ag,COMPLETE
1160,0.0,2026-03-20 04:41:00.702685,2026-03-20 04:41:04.672136,0 days 00:00:03.969451,46.96737772747656,15.079822209152846,1.5802159946547556,Au,COMPLETE
1161,5.952380952380272,2026-03-20 04:41:01.050978,2026-03-20 04:41:04.857452,0 days 00:00:03.806474,27.068541932642596,17.266741267604537,1.0630655202184065,Au,PRUNED
1162,-0.664010624169976,2026-03-20 04:41:01.080632,2026-03-20 04:41:04.866562,0 days 00:00:03.785930,89.45714685733323,11.970277455420185,1.0101587368683798,Cu,PRUNED
1163,-1.0,2026-03-20 04:41:01.094079,2026-03-20 04:41:01.337250,0 days 00:00:00.243171,39.41465152144977,8.461161148563459,1.1468268861992896,Cu,COMPLETE
1164,-1.0,2026-03-20 04:41:01.109880,2026-03-20 04:41:01.344461,0 days 00:00:00.234581,76.96005313818021,5.882328953157345,0.3446870733731225,Ag,COMPLETE
1165,-2.3809523809521087,2026-03-20 04:41:01.123419,2026-03-20 04:41:04.972521,0 days 00:00:03.849102,33.37876813504456,12.839748590747728,1.21958526190178,Au,PRUNED
1166,-33.17901234566686,2026-03-20 04:41:01.360055,2026-03-20 04:41:04.891329,0 days 00:00:03.531274,48.86489254927831,1.9171565547999578,0.47075084388819016,Ag,COMPLETE
1167,-6.802721088434819,2026-03-20 04:41:01.377039,2026-03-20 04:41:04.940330,0 days 00:00:03.563291,93.04122283944596,0.6195824677129502,0.5101527794059619,Ag,PRUNED
1168,-1.0,2026-03-20 04:41:04.805245,2026-03-20 04:41:05.376584,0 days 00:00:00.571339,91.4811770561008,2.0174188432328792,0.6927914391226672,Ag,COMPLETE
1169,-1.0,2026-03-20 04:41:04.913863,2026-03-20 04:41:05.556714,0 days 00:00:00.642851,39.58997747540138,16.2274572333298,0.27085114258354126,Au,COMPLETE
1170,-1.0,2026-03-20 04:41:04.976130,2026-03-20 04:41:05.462087,0 days 00:00:00.485957,52.016214356557505,6.109429914226072,0.14040906932387331,Ag,COMPLETE
1171,-2.3474178403755204,2026-03-20 04:41:05.071485,2026-03-20 04:41:05.465121,0 days 00:00:00.393636,97.21424970970494,1.3671676544582627,0.5243711843631338,Ag,PRUNED
1172,-1.0,2026-03-20 04:41:05.087969,2026-03-20 04:41:05.408793,0 days 00:00:00.320824,23.368315912226155,19.53409169113085,0.7445338744294631,Ag,COMPLETE
1173,-1.0,2026-03-20 04:41:05.108635,2026-03-20 04:41:05.464111,0 days 00:00:00.355476,33.85056756919762,16.05663089882148,1.2192624765283906,Ag,COMPLETE
1174,-13.513513513512052,2026-03-20 04:41:05.098684,2026-03-20 04:41:05.630811,0 days 00:00:00.532127,23.619418653376844,18.61423049616443,0.19418620327793257,Cu,PRUNED
1175,-11.217948717947856,2026-03-20 04:41:05.190300,2026-03-20 04:41:05.910381,0 days 00:00:00.720081,33.53664523964683,14.800567224637488,0.34285846013321297,Cu,PRUNED
1176,-2.0746887966804635,2026-03-20 04:41:05.499761,2026-03-20 04:41:06.141490,0 days 00:00:00.641729,92.87639557101063,4.27628737318707,0.6843335135201063,Cu,PRUNED
1177,-182.56013745703225,2026-03-20 04:41:05.579693,2026-03-20 04:41:06.157358,0 days 00:00:00.577665,23.70346129737407,14.131474573986436,1.2295932147494717,Au,COMPLETE
1178,-10.416666666665924,2026-03-20 04:41:05.595339,2026-03-20 04:41:06.158363,0 days 00:00:00.563024,25.473957459135775,13.560617142508692,1.2794432043577184,Au,PRUNED
1179,-1.9097222222221903,2026-03-20 04:41:05.677414,2026-03-20 04:41:06.142497,0 days 00:00:00.465083,95.56375467250577,3.9242677050271366,0.1598069587443759,Cu,PRUNED
1180,-1.0,2026-03-20 04:41:05.704566,2026-03-20 04:41:06.003908,0 days 00:00:00.299342,81.56256390469203,4.952525189948185,0.6286953243867668,Ag,COMPLETE
1181,-34.02777777776638,2026-03-20 04:41:05.722868,2026-03-20 04:41:06.437071,0 days 00:00:00.714203,55.85655086109658,5.639614944842737,0.4143334036112051,Ag,COMPLETE
1182,-1.0,2026-03-20 04:41:05.818217,2026-03-20 04:41:06.413314,0 days 00:00:00.595097,90.06180603734379,1.4502539884865016,1.051554282671946,Cu,COMPLETE
1183,-1.0,2026-03-20 04:41:06.006414,2026-03-20 04:41:06.532552,0 days 00:00:00.526138,111.42416001515559,15.683802477609923,1.392389259848985,Ag,COMPLETE
1184,0.0,2026-03-20 04:41:06.099502,2026-03-20 04:41:06.529726,0 days 00:00:00.430224,29.59544967023407,19.27983719557256,0.13269139739666613,Au,PRUNED
1185,-1.0,2026-03-20 04:41:06.197330,2026-03-20 04:41:06.759336,0 days 00:00:00.562006,26.2277907736273,13.944291320610771,1.6659826397550055,Au,COMPLETE
1186,0.0,2026-03-20 04:41:06.220551,2026-03-20 04:41:06.877008,0 days 00:00:00.656457,24.451712657861968,10.590905286805256,0.9606213207780403,Au,PRUNED
1187,-1.0,2026-03-20 04:41:06.265499,2026-03-20 04:41:06.668920,0 days 00:00:00.403421,48.32252659379965,5.569790528738483,0.4118490537237772,Ag,COMPLETE
1188,-1.0,2026-03-20 04:41:06.339950,2026-03-20 04:41:06.796827,0 days 00:00:00.456877,86.44873777704358,17.652117673687528,0.922763614913074,Au,COMPLETE
1189,-9.353741496597875,2026-03-20 04:41:06.531293,2026-03-20 04:41:07.252051,0 days 00:00:00.720758,38.35876495928206,3.6352268102401295,0.5702555097161576,Au,PRUNED
1190,-1.0,2026-03-20 04:41:06.593136,2026-03-20 04:41:07.050013,0 days 00:00:00.456877,80.19434828412408,12.924016256825857,1.7200238344266086,Cu,COMPLETE
1191,-0.5165289256198261,2026-03-20 04:41:06.629577,2026-03-20 04:41:07.217544,0 days 00:00:00.587967,103.98959026113262,12.739502283103874,0.9074048124516796,Au,PRUNED
1192,-1.0,2026-03-20 04:41:06.697384,2026-03-20 04:41:07.312324,0 days 00:00:00.614940,82.82985085145101,3.21353253925441,1.606312673666983,Cu,COMPLETE
1193,-24.50980392156286,2026-03-20 04:41:06.873999,2026-03-20 04:41:07.671208,0 days 00:00:00.797209,86.14507062557507,5.954427194136741,0.11492268876574183,Ag,PRUNED
1194,-1.0,2026-03-20 04:41:06.924239,2026-03-20 04:41:07.406911,0 days 00:00:00.482672,44.44428219850199,10.635215686366305,1.8969423690154217,Au,COMPLETE
1195,-1.0,2026-03-20 04:41:06.948612,2026-03-20 04:41:07.281048,0 days 00:00:00.332436,44.27056644859721,8.030778363488471,1.422871039545144,Au,COMPLETE
1196,-1.0,2026-03-20 04:41:06.984468,2026-03-20 04:41:07.501659,0 days 00:00:00.517191,118.85714690300266,12.081899974350502,0.28690781012857036,Cu,COMPLETE
1197,-1.0,2026-03-20 04:41:07.161700,2026-03-20 04:41:07.616090,0 days 00:00:00.454390,93.12022250963071,17.83092077390196,0.7803012303409239,Cu,COMPLETE
1198,-1.0,2026-03-20 04:41:07.315422,2026-03-20 04:41:07.841226,0 days 00:00:00.525804,115.54955379488553,16.488106400838003,1.7972384780806565,Cu,COMPLETE
1199,0.0,2026-03-20 04:41:07.362568,2026-03-20 04:41:07.819067,0 days 00:00:00.456499,32.24622117422138,18.308012966198504,1.5022752590133834,Au,PRUNED
1200,-1.0,2026-03-20 04:41:07.431798,2026-03-20 04:41:07.981123,0 days 00:00:00.549325,43.12453898826816,12.874683049188244,1.4456537766965256,Au,COMPLETE
1201,-1.0,2026-03-20 04:41:07.444014,2026-03-20 04:41:07.841226,0 days 00:00:00.397212,53.47842624639324,17.51621398056273,1.0527264730225752,Au,COMPLETE
1202,-1.0,2026-03-20 04:41:07.557782,2026-03-20 04:41:08.079188,0 days 00:00:00.521406,37.96716214333872,16.0201781192694,1.4962668227972213,Au,COMPLETE
1203,-1.0,2026-03-20 04:41:07.743859,2026-03-20 04:41:08.121351,0 days 00:00:00.377492,40.47674523339445,14.845553820632773,1.325429474023272,Au,COMPLETE
1204,-1.0,2026-03-20 04:41:07.764982,2026-03-20 04:41:08.247451,0 days 00:00:00.482469,22.938569263711816,13.913358365111936,1.2912103522553997,Au,COMPLETE
1205,-1.0,2026-03-20 04:41:07.784525,2026-03-20 04:41:08.367333,0 days 00:00:00.582808,21.256534678353308,15.833823244386695,1.3610912986221153,Au,COMPLETE
1206,-45.94017094014722,2026-03-20 04:41:07.910091,2026-03-20 04:41:08.343906,0 days 00:00:00.433815,63.123253223247765,1.0767343291065004,0.6610851031230275,Ag,COMPLETE
1207,-1.0,2026-03-20 04:41:07.947844,2026-03-20 04:41:08.342909,0 days 00:00:00.395065,21.19895433925771,16.419682873365975,1.1311952114672903,Au,COMPLETE
1208,-1.0,2026-03-20 04:41:08.006944,2026-03-20 04:41:08.464851,0 days 00:00:00.457907,115.23988862640212,6.4087843244565,0.8740016050576154,Ag,COMPLETE
1209,-1.0,2026-03-20 04:41:08.178285,2026-03-20 04:41:08.605133,0 days 00:00:00.426848,22.89686286334407,0.6570467908111297,1.3195738506664898,Au,COMPLETE
1210,3.144654088050077,2026-03-20 04:41:08.204422,2026-03-20 04:41:08.680926,0 days 00:00:00.476504,30.648307130315537,17.529766579305647,1.7842334473370802,Cu,PRUNED
1211,-1.0,2026-03-20 04:41:08.123865,2026-03-20 04:41:08.697118,0 days 00:00:00.573253,40.291653755762965,16.344599652388705,0.15646627809189245,Ag,COMPLETE
1212,-29.761904761896258,2026-03-20 04:41:08.381413,2026-03-20 04:41:08.855161,0 days 00:00:00.473748,52.26385168131557,5.4440707700013,0.2867672962536736,Ag,PRUNED
1213,-1.0,2026-03-20 04:41:08.516666,2026-03-20 04:41:08.853845,0 days 00:00:00.337179,103.29506835049578,8.053314202848805,1.601248946345783,Au,COMPLETE
1214,-22.058823529406574,2026-03-20 04:41:08.526316,2026-03-20 04:41:09.244524,0 days 00:00:00.718208,85.34784572354997,5.1518842100906115,0.3845369338519181,Ag,PRUNED
1215,-1.0,2026-03-20 04:41:08.552758,2026-03-20 04:41:09.056798,0 days 00:00:00.504040,70.98004281970096,4.782309889587158,0.5831912665375203,Ag,COMPLETE
1216,-1.0,2026-03-20 04:41:08.585390,2026-03-20 04:41:09.212547,0 days 00:00:00.627157,62.62472360827554,8.69646349627215,1.938236516480027,Cu,COMPLETE
1217,-1.0,2026-03-20 04:41:08.750451,2026-03-20 04:41:09.202604,0 days 00:00:00.452153,116.96897670909942,17.597248451067568,1.0362748628634637,Au,COMPLETE
1218,-0.6775067750677396,2026-03-20 04:41:08.803664,2026-03-20 04:41:09.211508,0 days 00:00:00.407844,115.41855075133041,6.893458218369624,0.8728808471649107,Au,PRUNED
1219,-1.0,2026-03-20 04:41:08.901894,2026-03-20 04:41:09.297409,0 days 00:00:00.395515,77.00645972185995,4.263699753208472,0.6312138560766385,Ag,COMPLETE
1220,-7.768361581920377,2026-03-20 04:41:08.937109,2026-03-20 04:41:09.369186,0 days 00:00:00.432077,30.809029638533346,8.591230964304517,0.14173631259269426,Cu,PRUNED
1221,-1.0,2026-03-20 04:41:08.968286,2026-03-20 04:41:09.522329,0 days 00:00:00.554043,40.940673294716404,12.843547520389057,0.9907603583801372,Au,COMPLETE
1222,77.2058823529389,2026-03-20 04:41:09.159946,2026-03-20 04:41:09.667220,0 days 00:00:00.507274,38.283968235924235,13.767181532447653,1.781190677772204,Au,PRUNED
1223,-8.196721311474873,2026-03-20 04:41:09.324894,2026-03-20 04:41:09.882061,0 days 00:00:00.557167,22.843752529973056,16.338236672369426,1.1161153528604333,Cu,PRUNED
1224,-1.0,2026-03-20 04:41:09.301410,2026-03-20 04:41:09.743077,0 days 00:00:00.441667,115.49947857283249,2.609579616295786,1.7490957365532136,Au,COMPLETE
1225,-1.0,2026-03-20 04:41:09.385548,2026-03-20 04:41:09.945135,0 days 00:00:00.559587,23.48193199379323,14.28559742782404,1.423721903498695,Au,COMPLETE
1226,-1.0,2026-03-20 04:41:09.400790,2026-03-20 04:41:09.896968,0 days 00:00:00.496178,56.77451414352582,4.368837924158031,0.3530205103017293,Ag,COMPLETE
1227,-0.8928571428571173,2026-03-20 04:41:09.442994,2026-03-20 04:41:09.897512,0 days 00:00:00.454518,21.63969658697497,16.39703214612541,1.4582293317889867,Ag,PRUNED
1228,-1.0,2026-03-20 04:41:09.469029,2026-03-20 04:41:09.840240,0 days 00:00:00.371211,20.538443623735635,14.06182653728497,1.6980443451448435,Au,COMPLETE
1229,-31.249999999989583,2026-03-20 04:41:09.627933,2026-03-20 04:41:10.070670,0 days 00:00:00.442737,53.018519796265274,2.8839995823673323,0.5470279949071359,Ag,PRUNED
1230,-1.0,2026-03-20 04:41:09.772540,2026-03-20 04:41:10.138645,0 days 00:00:00.366105,91.49396299152932,4.45999387629692,0.38228262670051383,Ag,COMPLETE
1231,-1.0,2026-03-20 04:41:09.859196,2026-03-20 04:41:10.271213,0 days 00:00:00.412017,44.97249247396985,1.5768289426635662,0.5327944660782432,Ag,COMPLETE
1232,-1.0,2026-03-20 04:41:10.029598,2026-03-20 04:41:10.399937,0 days 00:00:00.370339,48.83078666007174,0.7667567146787503,0.7244489554314305,Ag,COMPLETE
1233,-17.54385964912096,2026-03-20 04:41:10.047205,2026-03-20 04:41:10.637169,0 days 00:00:00.589964,30.306288977573736,11.399491025723837,1.4234383667178152,Au,PRUNED
1234,-1.0,2026-03-20 04:41:10.109528,2026-03-20 04:41:10.573454,0 days 00:00:00.463926,93.91026357945536,2.5160293652448544,0.46270589422868375,Ag,COMPLETE
1235,-0.5910165484633402,2026-03-20 04:41:10.132343,2026-03-20 04:41:10.636102,0 days 00:00:00.503759,21.12610050282094,6.220473092225682,1.3382573025225715,Cu,PRUNED
1236,-1.0,2026-03-20 04:41:10.188080,2026-03-20 04:41:10.711698,0 days 00:00:00.523618,20.724388921440948,12.427326581067382,0.9219608678662308,Au,COMPLETE
1237,-1.0,2026-03-20 04:41:10.222547,2026-03-20 04:41:10.635102,0 days 00:00:00.412555,55.02053849632363,4.964012364417241,0.5185251585845496,Au,COMPLETE
1238,-0.8992805755395424,2026-03-20 04:41:10.300224,2026-03-20 04:41:10.822042,0 days 00:00:00.521818,21.600999147495422,18.715295564819996,0.20272960169450494,Ag,PRUNED
1239,-1.0,2026-03-20 04:41:10.360093,2026-03-20 04:41:10.901926,0 days 00:00:00.541833,75.52304722199824,7.480875858334507,1.7374628080258208,Au,COMPLETE
1240,-1.0,2026-03-20 04:41:10.608814,2026-03-20 04:41:11.141037,0 days 00:00:00.532223,57.53520962485707,5.467488637325543,0.4947636695367725,Ag,COMPLETE
1241,-1.0,2026-03-20 04:41:10.676246,2026-03-20 04:41:11.198091,0 days 00:00:00.521845,21.105872382983186,11.438887959451206,1.0795833148482195,Ag,COMPLETE
1242,-35.590277777762886,2026-03-20 04:41:10.728460,2026-03-20 04:41:11.493726,0 days 00:00:00.765266,50.92351822059044,0.8320136114233299,0.5558233821333869,Ag,COMPLETE
1243,-1.0,2026-03-20 04:41:10.770725,2026-03-20 04:41:11.263146,0 days 00:00:00.492421,54.130046070906005,0.5853833555349338,0.6406357111649774,Ag,COMPLETE
1244,-1.0,2026-03-20 04:41:10.824698,2026-03-20 04:41:11.307589,0 days 00:00:00.482891,72.52149948204429,4.695842360397593,0.5148485143113543,Ag,COMPLETE
1245,-1.0,2026-03-20 04:41:10.933471,2026-03-20 04:41:11.337122,0 days 00:00:00.403651,23.459865663902626,6.706252499026149,1.5460634471851282,Ag,COMPLETE
1246,-9.963768115941162,2026-03-20 04:41:10.980234,2026-03-20 04:41:11.464539,0 days 00:00:00.484305,30.97106926487741,11.092601521364676,1.393881266968651,Ag,PRUNED
1247,0.29761904761903907,2026-03-20 04:41:11.048874,2026-03-20 04:41:11.593275,0 days 00:00:00.544401,20.469041724168,8.471925613123293,1.4466894266831245,Au,PRUNED
1248,-1.0,2026-03-20 04:41:11.252971,2026-03-20 04:41:11.874210,0 days 00:00:00.621239,99.50845051447824,14.178575434483118,1.5548167963695738,Au,COMPLETE
1249,-1.0,2026-03-20 04:41:11.417133,2026-03-20 04:41:11.874210,0 days 00:00:00.457077,31.04325815210099,7.1286531566001194,0.8134941718916611,Ag,COMPLETE
1250,-10.135135135134039,2026-03-20 04:41:11.527848,2026-03-20 04:41:12.038721,0 days 00:00:00.510873,92.752570745579,4.377374340578469,0.15782426611505884,Ag,PRUNED
1251,-1.0,2026-03-20 04:41:11.606641,2026-03-20 04:41:12.099926,0 days 00:00:00.493285,85.7877409055344,4.8479885507862095,0.235119057552732,Ag,COMPLETE
1252,-1.0,2026-03-20 04:41:11.621493,2026-03-20 04:41:12.130315,0 days 00:00:00.508822,90.0121797753684,5.8722948611578065,0.24773865967814784,Ag,COMPLETE
1253,0.0,2026-03-20 04:41:11.636079,2026-03-20 04:41:12.292053,0 days 00:00:00.655974,29.307970717953523,19.857224428979695,1.9539960006696262,Au,PRUNED
1254,3.571428571428163,2026-03-20 04:41:11.650760,2026-03-20 04:41:12.272474,0 days 00:00:00.621714,25.359988834244803,17.245650100736015,1.823875360639134,Au,PRUNED
1255,-31.249999999989583,2026-03-20 04:41:11.760690,2026-03-20 04:41:12.227891,0 days 00:00:00.467201,79.565535288189,3.8982934707853776,0.48862437746452075,Ag,PRUNED
1256,-1.0,2026-03-20 04:41:11.941581,2026-03-20 04:41:12.584356,0 days 00:00:00.642775,84.42056348108775,4.3321864935149,0.38138517305554787,Ag,COMPLETE
1257,0.0,2026-03-20 04:41:12.192868,2026-03-20 04:41:12.854317,0 days 00:00:00.661449,110.05427545241162,15.602587273412933,1.948587514570065,Ag,PRUNED
1258,-37.66025641024198,2026-03-20 04:41:12.249102,2026-03-20 04:41:12.791078,0 days 00:00:00.541976,62.08797789116434,4.6458546160906895,0.5400050150370919,Ag,COMPLETE
1259,-1.6937669376693492,2026-03-20 04:41:12.294056,2026-03-20 04:41:12.708359,0 days 00:00:00.414303,116.80929192189517,2.5781163056955965,0.9373467724746,Cu,PRUNED
1260,-1.0,2026-03-20 04:41:12.351133,2026-03-20 04:41:12.760301,0 days 00:00:00.409168,24.475033904457568,12.288315815797459,0.9460509078951153,Cu,COMPLETE
1261,-1.0,2026-03-20 04:41:12.368489,2026-03-20 04:41:12.907917,0 days 00:00:00.539428,59.512143568180825,4.447072395443034,0.44613482085853984,Ag,COMPLETE
1262,-1.0,2026-03-20 04:41:12.383569,2026-03-20 04:41:12.818685,0 days 00:00:00.435116,83.34762923856468,3.0005575717582222,0.5651825723128395,Ag,COMPLETE
1263,-1.0,2026-03-20 04:41:12.398790,2026-03-20 04:41:12.854317,0 days 00:00:00.455527,89.04649911593066,0.6636380721040077,0.42748693783578273,Ag,COMPLETE
1264,-26.785714285706632,2026-03-20 04:41:12.727560,2026-03-20 04:41:13.434012,0 days 00:00:00.706452,48.04094868171077,4.186847229260063,0.3481291159249567,Ag,PRUNED
1265,-1.0,2026-03-20 04:41:12.811460,2026-03-20 04:41:13.210372,0 days 00:00:00.398912,40.927898862334104,4.318603247258398,0.6983392101030987,Cu,COMPLETE
1266,-1.0,2026-03-20 04:41:12.819193,2026-03-20 04:41:13.290444,0 days 00:00:00.471251,24.65153619533819,17.14682426068831,0.4232277205609032,Ag,COMPLETE
1267,-31.249999999989583,2026-03-20 04:41:12.951362,2026-03-20 04:41:13.412893,0 days 00:00:00.461531,49.20663596134534,2.8236342993853016,0.5379179642272643,Ag,PRUNED
1268,-1.0,2026-03-20 04:41:12.961026,2026-03-20 04:41:13.291788,0 days 00:00:00.330762,49.00225404450213,0.968454812709519,0.4481465869121477,Ag,COMPLETE
1269,-1.0,2026-03-20 04:41:12.976823,2026-03-20 04:41:13.359441,0 days 00:00:00.382618,47.74517819682569,5.0524822348004665,0.1081969905876866,Ag,COMPLETE
1270,-32.05128205127219,2026-03-20 04:41:13.009520,2026-03-20 04:41:13.382034,0 days 00:00:00.372514,53.49018912552773,4.921602063780728,0.14165253485956356,Ag,PRUNED
1271,-2.4509803921568145,2026-03-20 04:41:13.092783,2026-03-20 04:41:13.727717,0 days 00:00:00.634934,96.72094687284337,0.9906484840862608,0.6151121346152187,Au,PRUNED
1272,-24.99999999999333,2026-03-20 04:41:13.459507,2026-03-20 04:41:14.208018,0 days 00:00:00.748511,87.15776912937201,2.124399937215525,0.4856638066511584,Ag,PRUNED
1273,-31.249999999989583,2026-03-20 04:41:13.476747,2026-03-20 04:41:14.192935,0 days 00:00:00.716188,81.2632289327045,2.6815159320207886,0.5238649729447709,Ag,PRUNED
1274,-1.9920318725099284,2026-03-20 04:41:13.492815,2026-03-20 04:41:13.929530,0 days 00:00:00.436715,95.79466335328927,5.312885812847832,1.9507097871140593,Cu,PRUNED
1275,-33.33333333332,2026-03-20 04:41:13.512954,2026-03-20 04:41:14.055589,0 days 00:00:00.542635,53.57202514556534,0.5633900386592614,0.5577831301922477,Ag,PRUNED
1276,-1.0,2026-03-20 04:41:13.542710,2026-03-20 04:41:14.015923,0 days 00:00:00.473213,82.63336506247684,4.9501242238801755,0.12854298436651274,Ag,COMPLETE
1277,-1.0,2026-03-20 04:41:13.560787,2026-03-20 04:41:14.122778,0 days 00:00:00.561991,77.7117038796626,0.8081066115316755,0.562824687178353,Ag,COMPLETE
1278,-1.0,2026-03-20 04:41:13.633495,2026-03-20 04:41:14.473942,0 days 00:00:00.840447,83.54841811931243,1.1704529548019589,0.5290262899581984,Ag,COMPLETE
1279,0.7861635220125193,2026-03-20 04:41:13.780244,2026-03-20 04:41:14.351701,0 days 00:00:00.571457,43.26622099232995,13.750785783185442,1.6443080263933236,Cu,PRUNED
1280,-1.0,2026-03-20 04:41:14.065965,2026-03-20 04:41:14.584665,0 days 00:00:00.518700,78.19131269429802,5.04192820481768,0.10025184619016177,Ag,COMPLETE
1281,-1.0,2026-03-20 04:41:14.150507,2026-03-20 04:41:14.721277,0 days 00:00:00.570770,79.5718505831448,5.047506890015864,0.2820156069022944,Ag,COMPLETE
1282,-36.94968553457724,2026-03-20 04:41:14.243728,2026-03-20 04:41:14.890966,0 days 00:00:00.647238,74.67966064767086,4.487402898212463,0.48901299474190635,Ag,COMPLETE
1283,0.0,2026-03-20 04:41:14.291368,2026-03-20 04:41:14.976393,0 days 00:00:00.685025,21.871678113761533,13.13869564051744,1.507527751617733,Au,PRUNED
1284,-31.249999999989583,2026-03-20 04:41:14.322234,2026-03-20 04:41:14.690156,0 days 00:00:00.367922,51.7949172292501,4.821042060512028,0.1310521253222387,Ag,PRUNED
1285,-1.0,2026-03-20 04:41:14.351701,2026-03-20 04:41:14.687920,0 days 00:00:00.336219,56.185387878188,0.5103274273471365,0.6327960077921453,Ag,COMPLETE
1286,-39.96598639454163,2026-03-20 04:41:14.428699,2026-03-20 04:41:15.005740,0 days 00:00:00.577041,66.81310809182708,4.525805516712256,0.3769398124282386,Ag,COMPLETE
1287,-304.32780847142135,2026-03-20 04:41:14.699178,2026-03-20 04:41:15.183171,0 days 00:00:00.483993,23.691817510426137,16.082808697247522,0.7709949739940316,Au,COMPLETE
1288,-1.0,2026-03-20 04:41:14.661594,2026-03-20 04:41:15.270904,0 days 00:00:00.609310,64.69202097007374,6.147881710109877,1.3388620387614265,Cu,COMPLETE
1289,-39.11564625848737,2026-03-20 04:41:14.707294,2026-03-20 04:41:15.452900,0 days 00:00:00.745606,58.63584547158372,3.7496614904445553,0.47719756531385366,Ag,COMPLETE
1290,-33.62573099414012,2026-03-20 04:41:14.903092,2026-03-20 04:41:15.567936,0 days 00:00:00.664844,52.39358398662122,4.453487481269269,0.29059931033564984,Ag,COMPLETE
1291,8.526383526383396,2026-03-20 04:41:14.877991,2026-03-20 04:41:15.453905,0 days 00:00:00.575914,99.30685997894167,14.919542250319076,0.9492593816376176,Ag,PRUNED
1292,-1.0,2026-03-20 04:41:15.079589,2026-03-20 04:41:15.583561,0 days 00:00:00.503972,51.055439421807684,16.1546971926146,0.8348324454940454,Au,COMPLETE
1293,0.0,2026-03-20 04:41:15.185535,2026-03-20 04:41:15.791149,0 days 00:00:00.605614,20.245838323488844,15.034082852331627,0.3896407231703597,Au,PRUNED
1294,-1.0,2026-03-20 04:41:15.269345,2026-03-20 04:41:15.743190,0 days 00:00:00.473845,82.80206806523482,0.5640156065198922,0.5406722863133111,Ag,COMPLETE
1295,-1.0,2026-03-20 04:41:15.396252,2026-03-20 04:41:15.934954,0 days 00:00:00.538702,23.282521752406854,14.762172274334826,0.42639251934965827,Au,COMPLETE
1296,-1.0,2026-03-20 04:41:15.434759,2026-03-20 04:41:15.788584,0 days 00:00:00.353825,29.610855449117903,14.360337600467538,0.993337543732698,Au,COMPLETE
1297,-1.0,2026-03-20 04:41:15.511647,2026-03-20 04:41:16.330285,0 days 00:00:00.818638,35.930653881701105,19.018721035243942,0.7897125308459867,Au,COMPLETE
1298,-34.090909090896695,2026-03-20 04:41:15.547329,2026-03-20 04:41:16.007305,0 days 00:00:00.459976,55.21678954798618,3.7181948363355066,0.5530369427439946,Ag,PRUNED
1299,-1.0,2026-03-20 04:41:15.699407,2026-03-20 04:41:16.128197,0 days 00:00:00.428790,72.7282420963796,10.34296554729637,1.079684309669771,Au,COMPLETE
1300,-32.05128205127219,2026-03-20 04:41:15.792157,2026-03-20 04:41:16.503242,0 days 00:00:00.711085,54.7981777593757,4.4695451419021754,0.5169927141443665,Ag,PRUNED
1301,-31.249999999989583,2026-03-20 04:41:15.899052,2026-03-20 04:41:16.505444,0 days 00:00:00.606392,53.20742488207481,4.706894851995081,0.13130627714741638,Ag,PRUNED
1302,0.0,2026-03-20 04:41:15.937974,2026-03-20 04:41:16.720274,0 days 00:00:00.782300,28.748670202986577,18.791923823135246,1.1542200636672324,Au,PRUNED
1303,-0.8267195767195636,2026-03-20 04:41:16.042358,2026-03-20 04:41:16.594293,0 days 00:00:00.551935,70.00648376334075,19.892126692983616,1.9036008063831762,Ag,PRUNED
1304,0.0,2026-03-20 04:41:16.084597,2026-03-20 04:41:16.504432,0 days 00:00:00.419835,38.542424318464256,15.524426195155538,1.2001003856256132,Au,PRUNED
1305,-1.0,2026-03-20 04:41:16.100239,2026-03-20 04:41:16.532124,0 days 00:00:00.431885,30.933649789531138,14.258952065138237,1.059270147499931,Au,COMPLETE
1306,-1.0,2026-03-20 04:41:16.308689,2026-03-20 04:41:16.830817,0 days 00:00:00.522128,35.0944881854918,15.699948952633884,0.7559593275202942,Au,COMPLETE
1307,-1.0,2026-03-20 04:41:16.535662,2026-03-20 04:41:17.080095,0 days 00:00:00.544433,23.309301458001702,15.110203217408571,0.709521622918689,Au,COMPLETE
1308,-12.681159420288752,2026-03-20 04:41:16.646326,2026-03-20 04:41:17.103104,0 days 00:00:00.456778,33.25426474846806,15.40202915922218,0.3651437184174027,Ag,PRUNED
1309,-1.0,2026-03-20 04:41:16.659214,2026-03-20 04:41:17.159838,0 days 00:00:00.500624,52.94464615861117,5.38796111558928,0.30402792945795537,Cu,COMPLETE
1310,0.0,2026-03-20 04:41:16.675332,2026-03-20 04:41:17.219539,0 days 00:00:00.544207,40.18084776251379,19.781666676744194,0.5389664043782021,Au,PRUNED
1311,76.08695652173692,2026-03-20 04:41:16.712877,2026-03-20 04:41:17.192907,0 days 00:00:00.480030,36.03287461694606,18.9885262804004,0.6900131886455136,Cu,PRUNED
1312,0.0,2026-03-20 04:41:16.769442,2026-03-20 04:41:17.237054,0 days 00:00:00.467612,118.2367446529874,10.654140078754825,1.6189471898659515,Cu,PRUNED
1313,-1.0,2026-03-20 04:41:16.799700,2026-03-20 04:41:17.060511,0 days 00:00:00.260811,42.830587888034586,17.163120018159596,0.5642525319317688,Au,COMPLETE
1314,-19.379844961238508,2026-03-20 04:41:16.935697,2026-03-20 04:41:17.530439,0 days 00:00:00.594742,35.31235016580142,18.133171636158046,0.17318477684802874,Ag,PRUNED
1315,-1.0,2026-03-20 04:41:17.254336,2026-03-20 04:41:18.061044,0 days 00:00:00.806708,75.53836430191123,4.30585685278831,0.4634266780709235,Ag,COMPLETE
1316,-39.96598639454163,2026-03-20 04:41:17.272319,2026-03-20 04:41:17.908919,0 days 00:00:00.636600,73.02644473101444,3.793409513484099,0.556078506333859,Ag,COMPLETE
1317,-1.0,2026-03-20 04:41:17.265585,2026-03-20 04:41:17.782909,0 days 00:00:00.517324,29.968923148358304,12.779004554154938,0.538889323338051,Au,COMPLETE
1318,-1.0,2026-03-20 04:41:17.299096,2026-03-20 04:41:17.876981,0 days 00:00:00.577885,115.35187966143994,8.764420820555907,1.8150318020386647,Ag,COMPLETE
1319,72.02380952380747,2026-03-20 04:41:17.315392,2026-03-20 04:41:17.907634,0 days 00:00:00.592242,44.429843888348884,14.190670134760891,0.6382006449921516,Au,PRUNED
1320,82.40740740740496,2026-03-20 04:41:17.336871,2026-03-20 04:41:18.120068,0 days 00:00:00.783197,26.14424277393075,19.629964425359923,0.6008879330740143,Au,PRUNED
1321,-47.297297297271975,2026-03-20 04:41:17.359377,2026-03-20 04:41:18.085034,0 days 00:00:00.725657,66.21155446151079,0.6981591823493818,0.588225309428636,Ag,COMPLETE
1322,-21.341463414632063,2026-03-20 04:41:17.801911,2026-03-20 04:41:18.455071,0 days 00:00:00.653160,38.630612201162705,17.98905709711207,0.1164447485321909,Ag,PRUNED
1323,-1.0,2026-03-20 04:41:17.879661,2026-03-20 04:41:18.401394,0 days 00:00:00.521733,36.46930701545466,14.945431577512084,0.7793372914147142,Au,COMPLETE
1324,-1.0,2026-03-20 04:41:18.041832,2026-03-20 04:41:18.438732,0 days 00:00:00.396900,27.146576679899184,10.910717835476095,1.9798237960067993,Au,COMPLETE
1325,-1.0,2026-03-20 04:41:18.142687,2026-03-20 04:41:18.660594,0 days 00:00:00.517907,55.82979317764094,2.4680870762594713,0.5155165229831469,Ag,COMPLETE
1326,-1.0,2026-03-20 04:41:18.160160,2026-03-20 04:41:18.563771,0 days 00:00:00.403611,96.65643654230466,12.472290687280179,0.6075352639013141,Cu,COMPLETE
1327,-1.0,2026-03-20 04:41:18.185139,2026-03-20 04:41:18.661894,0 days 00:00:00.476755,93.11443270425497,1.904244675601189,0.348138879732143,Ag,COMPLETE
1328,0.0,2026-03-20 04:41:18.233520,2026-03-20 04:41:18.761566,0 days 00:00:00.528046,21.815417417966376,14.184354740575824,1.9462866022573762,Au,PRUNED
1329,-1.0,2026-03-20 04:41:18.276849,2026-03-20 04:41:18.726098,0 days 00:00:00.449249,24.850017163523912,14.921850355586159,1.0544580562125083,Au,COMPLETE
1330,-1.0,2026-03-20 04:41:18.560735,2026-03-20 04:41:19.147369,0 days 00:00:00.586634,28.930451431843366,16.706910252121304,0.10454005390609834,Ag,COMPLETE
1331,-1.0,2026-03-20 04:41:18.602473,2026-03-20 04:41:19.129882,0 days 00:00:00.527409,69.9240836043875,5.044666385322561,0.10425397181974992,Ag,COMPLETE
1332,-1.0,2026-03-20 04:41:18.621737,2026-03-20 04:41:19.221228,0 days 00:00:00.599491,25.224180222959983,14.828575124926585,1.072439609342742,Au,COMPLETE
1333,0.0,2026-03-20 04:41:18.693038,2026-03-20 04:41:19.265391,0 days 00:00:00.572353,20.41369982800319,14.145092370203448,1.5271434952642784,Au,PRUNED
1334,0.8012820512819896,2026-03-20 04:41:18.761566,2026-03-20 04:41:19.538121,0 days 00:00:00.776555,42.48645525603329,14.094913730749719,1.2921326477684838,Cu,PRUNED
1335,-37.037037037020575,2026-03-20 04:41:18.841014,2026-03-20 04:41:19.281631,0 days 00:00:00.440617,56.26552210240816,0.9155275736910016,0.5728217756993543,Ag,PRUNED
1336,0.0,2026-03-20 04:41:18.864070,2026-03-20 04:41:19.324301,0 days 00:00:00.460231,20.753867665267155,15.980624360890916,0.9788116473461246,Au,PRUNED
1337,-1.0,2026-03-20 04:41:18.878456,2026-03-20 04:41:19.322740,0 days 00:00:00.444284,24.50173182523677,18.290445901641725,0.6951609083790145,Au,COMPLETE
1338,-1.0,2026-03-20 04:41:19.253545,2026-03-20 04:41:19.859405,0 days 00:00:00.605860,64.04998102949557,4.496241841551656,0.4521014196275141,Ag,COMPLETE
1339,-1.0,2026-03-20 04:41:19.365413,2026-03-20 04:41:19.984521,0 days 00:00:00.619108,23.303636238565332,17.060784636780117,0.6979226595703956,Au,COMPLETE
1340,-1.0,2026-03-20 04:41:19.379809,2026-03-20 04:41:19.753915,0 days 00:00:00.374106,27.38094556020512,4.328483658533772,1.9131998795870064,Ag,COMPLETE
1341,-1.0,2026-03-20 04:41:19.343710,2026-03-20 04:41:19.922156,0 days 00:00:00.578446,25.592595224044977,16.61514471478198,0.7431468472591907,Au,COMPLETE
1342,-1.0,2026-03-20 04:41:19.408284,2026-03-20 04:41:19.846107,0 days 00:00:00.437823,85.42594695333108,1.8623785122962269,0.49968488441959136,Ag,COMPLETE
1343,-39.16666666665095,2026-03-20 04:41:19.543145,2026-03-20 04:41:20.074134,0 days 00:00:00.530989,72.03143846535492,4.320944884562963,0.47885035242301255,Ag,COMPLETE
1344,-1.0,2026-03-20 04:41:19.595833,2026-03-20 04:41:20.092451,0 days 00:00:00.496618,84.06366347749828,4.082511870395482,0.11270796085337026,Ag,COMPLETE
1345,-1.0,2026-03-20 04:41:19.604415,2026-03-20 04:41:20.047997,0 days 00:00:00.443582,86.16819090384809,4.408470392382078,0.16200881135558082,Ag,COMPLETE
1346,0.0,2026-03-20 04:41:19.849113,2026-03-20 04:41:20.439251,0 days 00:00:00.590138,20.489234635776892,10.583567949925044,1.2377854948909899,Au,PRUNED
1347,-37.037037037020575,2026-03-20 04:41:19.967769,2026-03-20 04:41:20.471486,0 days 00:00:00.503717,74.96011116148273,1.34965155268464,0.5857219607910048,Ag,PRUNED
1348,-0.8928571428571173,2026-03-20 04:41:20.125996,2026-03-20 04:41:20.879618,0 days 00:00:00.753622,20.290354148418608,18.208786948286523,0.13068333381218006,Ag,PRUNED
1349,-1.0,2026-03-20 04:41:20.167422,2026-03-20 04:41:20.716554,0 days 00:00:00.549132,48.684174395878685,4.1470650509452325,0.1472600341198907,Ag,COMPLETE
1350,6.578947368420946,2026-03-20 04:41:20.202836,2026-03-20 04:41:20.844765,0 days 00:00:00.641929,117.56971623492598,5.74420088185638,0.4512824773019831,Cu,PRUNED
1351,0.0,2026-03-20 04:41:20.218943,2026-03-20 04:41:20.845766,0 days 00:00:00.626823,21.939988046041734,12.162346244632493,1.1927045780659062,Au,PRUNED
1352,-1.0,2026-03-20 04:41:20.253467,2026-03-20 04:41:20.756916,0 days 00:00:00.503449,72.74162744996329,5.41304164483801,0.15119354500268456,Ag,COMPLETE
1353,-38.46153846152388,2026-03-20 04:41:20.274084,2026-03-20 04:41:20.876096,0 days 00:00:00.602012,61.05719296465776,5.639169191547586,0.11555463704020562,Ag,COMPLETE
1354,-13.8888888888878,2026-03-20 04:41:20.497120,2026-03-20 04:41:21.116895,0 days 00:00:00.619775,44.43321231679623,8.802823571581449,0.7091185018187036,Au,PRUNED
1355,-1.0,2026-03-20 04:41:20.557117,2026-03-20 04:41:21.020873,0 days 00:00:00.463756,49.38722009185797,3.866084175512228,0.16494555578445563,Ag,COMPLETE
1356,-1.0,2026-03-20 04:41:20.818525,2026-03-20 04:41:21.440278,0 days 00:00:00.621753,90.28721652668531,0.5628443811411006,0.2770746120220097,Ag,COMPLETE
1357,3.086419753086191,2026-03-20 04:41:20.891884,2026-03-20 04:41:21.515168,0 days 00:00:00.623284,37.56280055924454,12.396071961749167,1.521452042770574,Au,PRUNED
1358,-1.0,2026-03-20 04:41:20.931919,2026-03-20 04:41:21.394544,0 days 00:00:00.462625,78.38929978851732,5.246537705996882,0.10333437213176082,Ag,COMPLETE
1359,-1.0,2026-03-20 04:41:20.955107,2026-03-20 04:41:21.458778,0 days 00:00:00.503671,89.81947578045578,0.5555605413071197,0.5249593361916935,Ag,COMPLETE
1360,-31.249999999989583,2026-03-20 04:41:21.003264,2026-03-20 04:41:21.482989,0 days 00:00:00.479725,49.26127581841176,3.369234953572403,0.41022749474917697,Ag,PRUNED
1361,-22.058823529406574,2026-03-20 04:41:21.045658,2026-03-20 04:41:21.714754,0 days 00:00:00.669096,88.53049959513908,2.6955561252127063,0.3470787267358209,Ag,PRUNED
1362,-1.0,2026-03-20 04:41:21.210841,2026-03-20 04:41:21.688103,0 days 00:00:00.477262,46.064783096007886,0.8149809931206405,0.46389128707376814,Cu,COMPLETE
1363,-1.0,2026-03-20 04:41:21.234015,2026-03-20 04:41:21.688103,0 days 00:00:00.454088,64.2277144373247,1.2780799395779618,0.6169527671744524,Ag,COMPLETE
1364,-30.30303030301928,2026-03-20 04:41:21.493034,2026-03-20 04:41:22.079515,0 days 00:00:00.586481,49.54062485891993,1.1398163968681958,0.4810165218283795,Ag,PRUNED
1365,-1.0,2026-03-20 04:41:21.597068,2026-03-20 04:41:22.051475,0 days 00:00:00.454407,62.97608840368356,0.9098184803159309,0.6249374941394432,Ag,COMPLETE
1366,-4.9999999999996,2026-03-20 04:41:21.619160,2026-03-20 04:41:22.079515,0 days 00:00:00.460355,43.31808167770231,11.296854730871296,0.13393516187173882,Au,PRUNED
1367,-22.058823529406574,2026-03-20 04:41:21.632437,2026-03-20 04:41:22.156451,0 days 00:00:00.524014,88.12709054563997,3.9681386916494814,0.1239947148587005,Ag,PRUNED
1368,-26.785714285706632,2026-03-20 04:41:21.659225,2026-03-20 04:41:22.303910,0 days 00:00:00.644685,46.66362381399395,3.829166432376921,0.25335505192975216,Ag,PRUNED
1369,-0.8928571428571173,2026-03-20 04:41:21.789297,2026-03-20 04:41:22.485031,0 days 00:00:00.695734,20.484375091261995,15.845070536187194,0.41017581596790176,Ag,PRUNED
1370,-1.0,2026-03-20 04:41:21.808911,2026-03-20 04:41:22.288210,0 days 00:00:00.479299,48.81843729821928,3.7868402680763182,0.14922581015187458,Ag,COMPLETE
1371,-1.0,2026-03-20 04:41:21.919469,2026-03-20 04:41:22.352395,0 days 00:00:00.432926,23.547720637555265,17.28488351427702,1.6307117213360482,Au,COMPLETE
1372,-7.1839080459765166,2026-03-20 04:41:22.118508,2026-03-20 04:41:22.799815,0 days 00:00:00.681307,32.059905169715904,2.840717037684489,1.7506240364096999,Au,PRUNED
1373,-14.45578231292399,2026-03-20 04:41:22.230605,2026-03-20 04:41:22.784502,0 days 00:00:00.553897,77.93452715025472,6.0047963162375675,0.48445508634204837,Au,PRUNED
1374,-34.72222222221065,2026-03-20 04:41:22.250512,2026-03-20 04:41:22.798810,0 days 00:00:00.548298,62.156798873472326,5.54080107457228,0.2723390532347088,Ag,PRUNED
1375,-1.0,2026-03-20 04:41:22.305992,2026-03-20 04:41:22.923568,0 days 00:00:00.617576,101.77443404670423,1.2457613503429217,0.13109218064535416,Au,COMPLETE
1376,-1.0,2026-03-20 04:41:22.354904,2026-03-20 04:41:22.826388,0 days 00:00:00.471484,58.08481959883747,0.9551297891182815,0.5634340218905323,Ag,COMPLETE
1377,-44.79166666664434,2026-03-20 04:41:22.469237,2026-03-20 04:41:23.322500,0 days 00:00:00.853263,71.03963238429729,1.6534976932099306,0.5916359734729291,Ag,COMPLETE
1378,-0.8928571428571173,2026-03-20 04:41:22.514791,2026-03-20 04:41:23.031000,0 days 00:00:00.516209,22.22707026785253,14.551045466605423,0.19493117821869665,Ag,PRUNED
1379,-1.0,2026-03-20 04:41:22.548386,2026-03-20 04:41:23.157549,0 days 00:00:00.609163,54.36400333405392,0.91144186330985,0.8230561019536499,Au,COMPLETE
1380,-1.0,2026-03-20 04:41:22.829938,2026-03-20 04:41:23.443048,0 days 00:00:00.613110,62.63553231444186,5.048708891852902,0.11673262535072808,Ag,COMPLETE
1381,-1.0,2026-03-20 04:41:22.911436,2026-03-20 04:41:23.581556,0 days 00:00:00.670120,89.54476655578566,0.6172744513990334,0.385568252326314,Ag,COMPLETE
1382,-40.78014184395434,2026-03-20 04:41:22.942455,2026-03-20 04:41:23.562826,0 days 00:00:00.620371,72.68337887055655,3.495077232566935,0.5103329468406361,Ag,COMPLETE
1383,-1.0,2026-03-20 04:41:23.093546,2026-03-20 04:41:23.490495,0 days 00:00:00.396949,70.04038217351373,4.004504988735945,0.47865983658246253,Ag,COMPLETE
1384,-39.999999999983885,2026-03-20 04:41:23.036633,2026-03-20 04:41:23.908207,0 days 00:00:00.871574,65.55787416073139,5.4170626913482725,0.14388713626078486,Ag,COMPLETE
1385,-39.96598639454138,2026-03-20 04:41:23.184037,2026-03-20 04:41:23.552349,0 days 00:00:00.368312,66.64138449032608,4.64025752875283,0.4218780649048237,Ag,COMPLETE
1386,-1.0,2026-03-20 04:41:23.281873,2026-03-20 04:41:23.705371,0 days 00:00:00.423498,70.05961859180886,4.880994511527228,0.4165800267458786,Ag,COMPLETE
1387,-1.0,2026-03-20 04:41:23.485971,2026-03-20 04:41:23.882230,0 days 00:00:00.396259,63.131629868863875,4.415165826510147,0.48585280385963736,Ag,COMPLETE
1388,0.0,2026-03-20 04:41:23.629735,2026-03-20 04:41:24.353147,0 days 00:00:00.723412,105.18722912538874,18.50357676667533,0.20062247938805366,Cu,PRUNED
1389,-1.0,2026-03-20 04:41:23.552349,2026-03-20 04:41:24.235000,0 days 00:00:00.682651,79.64005488697589,4.577580705951855,0.11614561320407912,Cu,COMPLETE
1390,-1.0,2026-03-20 04:41:23.684185,2026-03-20 04:41:24.236006,0 days 00:00:00.551821,77.6207083296069,4.366487049218914,0.3824859586919035,Ag,COMPLETE
1391,0.0,2026-03-20 04:41:23.721540,2026-03-20 04:41:24.312618,0 days 00:00:00.591078,108.72943737379293,18.495871430948963,0.587986533621156,Ag,PRUNED
1392,-1.0,2026-03-20 04:41:23.893764,2026-03-20 04:41:24.286409,0 days 00:00:00.392645,53.0123966059653,3.0455653880756097,0.4152422881820317,Ag,COMPLETE
1393,-13.54166666666531,2026-03-20 04:41:23.955841,2026-03-20 04:41:24.520269,0 days 00:00:00.564428,67.43254312053617,4.6954701353139185,0.6989801111696876,Cu,PRUNED
1394,-28.84615384614497,2026-03-20 04:41:24.008253,2026-03-20 04:41:24.628194,0 days 00:00:00.619941,81.7738122474082,4.623432979813326,0.23904493508271893,Ag,PRUNED
1395,-30.30303030301928,2026-03-20 04:41:24.028265,2026-03-20 04:41:24.796344,0 days 00:00:00.768079,49.01284972363814,1.5854729663420202,0.4112808906978124,Ag,PRUNED
1396,-1.0,2026-03-20 04:41:24.362364,2026-03-20 04:41:25.062369,0 days 00:00:00.700005,53.880200223440724,2.6827052876069315,0.5406482408819839,Ag,COMPLETE
1397,-12.931034482756838,2026-03-20 04:41:24.384799,2026-03-20 04:41:25.110965,0 days 00:00:00.726166,92.10502741117249,1.7604270846168335,0.14032552486574967,Ag,PRUNED
1398,-1.0,2026-03-20 04:41:24.422144,2026-03-20 04:41:25.109755,0 days 00:00:00.687611,47.98039045758246,1.2173697131125507,0.4006292142815463,Ag,COMPLETE
1399,-1.0,2026-03-20 04:41:24.444229,2026-03-20 04:41:25.035820,0 days 00:00:00.591591,45.384713359253844,15.62858589515195,1.956531159619279,Au,COMPLETE
1400,-1.0,2026-03-20 04:41:24.536005,2026-03-20 04:41:25.042450,0 days 00:00:00.506445,92.12025905738628,3.6242494289512126,0.11711426707411354,Ag,COMPLETE
1401,-28.84615384614497,2026-03-20 04:41:24.676822,2026-03-20 04:41:25.298654,0 days 00:00:00.621832,82.63762060834712,3.6015611207504032,0.4630823603896582,Ag,PRUNED
1402,-1.0,2026-03-20 04:41:24.719255,2026-03-20 04:41:25.024341,0 days 00:00:00.305086,82.0695888855785,1.998606779021773,0.5383271625140859,Ag,COMPLETE
1403,-1.0,2026-03-20 04:41:24.894010,2026-03-20 04:41:25.174630,0 days 00:00:00.280620,88.5553681350159,2.5106560276764798,0.12085874741195843,Ag,COMPLETE
1404,-1.0,2026-03-20 04:41:25.161884,2026-03-20 04:41:25.731344,0 days 00:00:00.569460,87.17206767491683,0.9264640078829885,0.2192166249813458,Cu,COMPLETE
1405,3.7878787878785127,2026-03-20 04:41:25.209326,2026-03-20 04:41:25.755362,0 days 00:00:00.546036,34.957215512758545,13.444782666487187,1.5372923816739235,Au,PRUNED
1406,-45.9401709401477,2026-03-20 04:41:25.270478,2026-03-20 04:41:26.090521,0 days 00:00:00.820043,74.14830722495493,0.9854172830792284,0.5646605742838848,Ag,COMPLETE
1407,0.0,2026-03-20 04:41:25.315373,2026-03-20 04:41:26.049469,0 days 00:00:00.734096,21.822336863754828,11.180615824529175,1.5730040645845054,Au,PRUNED
1408,-1.0,2026-03-20 04:41:25.345468,2026-03-20 04:41:25.732928,0 days 00:00:00.387460,20.64998954367276,16.121482986753144,1.3082668773660286,Au,COMPLETE
1409,-34.090909090896695,2026-03-20 04:41:25.375890,2026-03-20 04:41:25.934285,0 days 00:00:00.558395,76.77968940708078,5.425726723037104,0.16248275034199042,Ag,PRUNED
1410,-0.5952380952380781,2026-03-20 04:41:25.408111,2026-03-20 04:41:25.968892,0 days 00:00:00.560781,22.944123251345058,8.95658940644378,1.8422702966553404,Cu,PRUNED
1411,-1.0,2026-03-20 04:41:25.477378,2026-03-20 04:41:25.995128,0 days 00:00:00.517750,75.36424351867814,1.442319803280001,0.5621416826082144,Ag,COMPLETE
1412,-1.0,2026-03-20 04:41:25.796382,2026-03-20 04:41:26.507186,0 days 00:00:00.710804,50.90817416091005,4.109660741333947,0.1755638154621149,Ag,COMPLETE
1413,-1.0,2026-03-20 04:41:26.027752,2026-03-20 04:41:26.539028,0 days 00:00:00.511276,85.47396721829469,0.8461256720654781,0.425975799593584,Ag,COMPLETE
1414,0.0,2026-03-20 04:41:26.046468,2026-03-20 04:41:26.630254,0 days 00:00:00.583786,21.46428601776072,8.393273667482156,0.6601942067874762,Au,PRUNED
1415,-1.0,2026-03-20 04:41:26.108320,2026-03-20 04:41:26.661940,0 days 00:00:00.553620,28.54812278901152,19.7676408955032,0.1169565270493536,Ag,COMPLETE
1416,-1.0,2026-03-20 04:41:26.154978,2026-03-20 04:41:26.626216,0 days 00:00:00.471238,83.72905300750308,0.5408649197335024,0.41429422596334675,Ag,COMPLETE
1417,-30.30303030301928,2026-03-20 04:41:26.163837,2026-03-20 04:41:26.757087,0 days 00:00:00.593250,48.58945991845605,0.893495977144524,0.5084891220583692,Ag,PRUNED
1418,-1.0,2026-03-20 04:41:26.264552,2026-03-20 04:41:26.770592,0 days 00:00:00.506040,60.02048075208667,4.122496185102401,0.4167622748387484,Ag,COMPLETE
1419,-1.0,2026-03-20 04:41:26.293713,2026-03-20 04:41:26.837288,0 days 00:00:00.543575,61.42773454006207,4.6527932869662205,0.21318635244406678,Ag,COMPLETE
1420,-30.30303030301928,2026-03-20 04:41:26.728880,2026-03-20 04:41:27.280107,0 days 00:00:00.551227,47.70262055763252,0.6909731790221553,0.3992109695951884,Ag,PRUNED
1421,-44.64285714283581,2026-03-20 04:41:26.790748,2026-03-20 04:41:27.351343,0 days 00:00:00.560595,66.04897542621777,2.3213554202580022,0.5917524067061769,Ag,COMPLETE
1422,-47.297297297271456,2026-03-20 04:41:26.824731,2026-03-20 04:41:27.326153,0 days 00:00:00.501422,71.43036621886357,0.7677611224220391,0.5851527813353705,Ag,COMPLETE
1423,-39.89361702125962,2026-03-20 04:41:26.866367,2026-03-20 04:41:27.436013,0 days 00:00:00.569646,59.798155472220465,3.356590876550487,0.4461779960575303,Ag,COMPLETE
1424,-1.0,2026-03-20 04:41:26.916011,2026-03-20 04:41:27.693914,0 days 00:00:00.777903,80.50244043504006,4.199366063108227,0.27402850315466865,Ag,COMPLETE
1425,-1.0,2026-03-20 04:41:26.981874,2026-03-20 04:41:27.377784,0 days 00:00:00.395910,20.43087599734232,14.650943758801043,0.9590589124281792,Au,COMPLETE
1426,-1.0,2026-03-20 04:41:27.041600,2026-03-20 04:41:27.544282,0 days 00:00:00.502682,77.58822916608453,0.5176834517421643,0.5900904930686853,Ag,COMPLETE
1427,-1.0,2026-03-20 04:41:26.993104,2026-03-20 04:41:27.668764,0 days 00:00:00.675660,79.7306867358334,4.802154635010927,0.1362180625549791,Ag,COMPLETE
1428,-1.0,2026-03-20 04:41:27.399545,2026-03-20 04:41:27.855587,0 days 00:00:00.456042,56.34567697197056,18.230557204130406,1.4318555600978258,Cu,COMPLETE
1429,-5.718954248365565,2026-03-20 04:41:27.462202,2026-03-20 04:41:28.076016,0 days 00:00:00.613814,54.656208761357995,12.397425888198935,0.47344438212940243,Cu,PRUNED
1430,-17.543859649119113,2026-03-20 04:41:27.485422,2026-03-20 04:41:27.998288,0 days 00:00:00.512866,90.52610308879856,0.856923203873307,0.21379971867224573,Ag,PRUNED
1431,-1.0,2026-03-20 04:41:27.605065,2026-03-20 04:41:28.165318,0 days 00:00:00.560253,50.93232344634013,14.193281712970682,0.5962550715328057,Cu,COMPLETE
1432,-1.0,2026-03-20 04:41:27.618233,2026-03-20 04:41:28.078552,0 days 00:00:00.460319,20.73416398663837,7.226909344879139,0.5399605581127448,Cu,COMPLETE
1433,-1.0,2026-03-20 04:41:27.787044,2026-03-20 04:41:28.274975,0 days 00:00:00.487931,91.49446270215142,2.4855405385765525,0.12967084923516142,Ag,COMPLETE
1434,-1.0,2026-03-20 04:41:27.829726,2026-03-20 04:41:28.241834,0 days 00:00:00.412108,56.58876200815767,4.184590896566267,0.11495919275541755,Ag,COMPLETE
1435,0.0,2026-03-20 04:41:27.886004,2026-03-20 04:41:28.369598,0 days 00:00:00.483594,41.41602874219484,17.56108497268759,1.027294511161789,Au,PRUNED
1436,-41.666666666648936,2026-03-20 04:41:28.063407,2026-03-20 04:41:28.476681,0 days 00:00:00.413274,74.55108449535656,4.527709070642737,0.11772597713588706,Ag,COMPLETE
1437,-34.090909090896695,2026-03-20 04:41:28.097728,2026-03-20 04:41:28.678033,0 days 00:00:00.580305,79.98096985143549,2.7546039122348303,0.49862225777404856,Ag,PRUNED
1438,-1.0,2026-03-20 04:41:28.078047,2026-03-20 04:41:28.555959,0 days 00:00:00.477912,46.985780731044,0.5988006968578193,0.38333572471071614,Ag,COMPLETE
1439,-1.0,2026-03-20 04:41:28.207302,2026-03-20 04:41:28.665874,0 days 00:00:00.458572,21.2612414897594,18.949362466947154,0.4662373448497944,Ag,COMPLETE
1440,-46.052631578923126,2026-03-20 04:41:28.370594,2026-03-20 04:41:28.930176,0 days 00:00:00.559582,61.13621811159261,0.61843243841163,0.5440333854731112,Ag,COMPLETE
1441,-34.090909090896695,2026-03-20 04:41:28.420928,2026-03-20 04:41:28.946669,0 days 00:00:00.525741,46.53454808865675,1.0317350143245858,0.25964054188360347,Ag,PRUNED
1442,-40.78014184395421,2026-03-20 04:41:28.453026,2026-03-20 04:41:28.945664,0 days 00:00:00.492638,60.53978135646957,4.382227756308833,0.12071163985394143,Ag,COMPLETE
1443,-37.58169934639042,2026-03-20 04:41:28.498596,2026-03-20 04:41:29.131394,0 days 00:00:00.632798,78.2053684122595,3.581748851809455,0.41138660764465473,Ag,COMPLETE
1444,-47.29729729727148,2026-03-20 04:41:28.614883,2026-03-20 04:41:29.132549,0 days 00:00:00.517666,65.65512351298229,0.8555421221990265,0.5973194667229885,Ag,COMPLETE
1445,-1.0,2026-03-20 04:41:28.666874,2026-03-20 04:41:29.133558,0 days 00:00:00.466684,62.95625732128977,0.6085754736751195,0.5257236751772215,Ag,COMPLETE
1446,-1.0,2026-03-20 04:41:28.749775,2026-03-20 04:41:29.344065,0 days 00:00:00.594290,26.331150359933723,14.437343422759163,0.6483187129170322,Au,COMPLETE
1447,-0.7122507122507,2026-03-20 04:41:28.883706,2026-03-20 04:41:29.666037,0 days 00:00:00.782331,73.21481573228074,15.871659113570683,1.781954009501329,Au,PRUNED
1448,-1.0,2026-03-20 04:41:29.090239,2026-03-20 04:41:29.697437,0 days 00:00:00.607198,89.33195671686906,2.30904716275273,0.12449461653970671,Ag,COMPLETE
1449,-34.090909090896695,2026-03-20 04:41:29.177007,2026-03-20 04:41:29.758841,0 days 00:00:00.581834,69.27335035382548,4.211446936045122,0.4041542673429736,Ag,PRUNED
1450,-1.0,2026-03-20 04:41:29.232020,2026-03-20 04:41:29.608876,0 days 00:00:00.376856,26.40928037719099,13.130616499414327,1.4331452444981374,Cu,COMPLETE
1451,-1.0,2026-03-20 04:41:29.287100,2026-03-20 04:41:29.607872,0 days 00:00:00.320772,35.7126479467348,16.258369727874996,1.4948739749393045,Au,COMPLETE
1452,-37.499999999985,2026-03-20 04:41:29.307026,2026-03-20 04:41:29.890146,0 days 00:00:00.583120,55.69108741556592,3.7561558599320666,0.1242720665640684,Ag,PRUNED
1453,-1.0,2026-03-20 04:41:29.374229,2026-03-20 04:41:29.694256,0 days 00:00:00.320027,65.92583793148161,0.5397344331235746,0.5524988691164705,Ag,COMPLETE
1454,-1.0,2026-03-20 04:41:29.473380,2026-03-20 04:41:29.978557,0 days 00:00:00.505177,57.692556967075575,1.0671857744537863,0.4950164359261576,Ag,COMPLETE
1455,-1.0,2026-03-20 04:41:29.804684,2026-03-20 04:41:30.182023,0 days 00:00:00.377339,45.48815314206098,2.6676251309295225,0.11407924919295051,Ag,COMPLETE
1456,-1.0,2026-03-20 04:41:29.796175,2026-03-20 04:41:30.310477,0 days 00:00:00.514302,50.08816633553809,2.983814596098227,0.11655023764296002,Ag,COMPLETE
1457,-1.0,2026-03-20 04:41:29.847551,2026-03-20 04:41:30.356736,0 days 00:00:00.509185,45.64362728548879,3.8101135873365184,0.28288555912749364,Au,COMPLETE
1458,-30.30303030301928,2026-03-20 04:41:29.781571,2026-03-20 04:41:30.458456,0 days 00:00:00.676885,47.294947239722845,1.2803597144335641,0.37609564819439867,Ag,PRUNED
1459,-1.0,2026-03-20 04:41:29.920695,2026-03-20 04:41:30.358229,0 days 00:00:00.437534,33.14103926717479,17.050907852962695,0.9720763247964662,Au,COMPLETE
1460,-1.0,2026-03-20 04:41:29.954399,2026-03-20 04:41:30.604642,0 days 00:00:00.650243,54.5580037870103,1.3024996465235583,0.5077501047855802,Ag,COMPLETE
1461,-33.33333333332,2026-03-20 04:41:30.054869,2026-03-20 04:41:30.534986,0 days 00:00:00.480117,54.399969620348074,1.187752879976376,0.4727305642194679,Ag,PRUNED
1462,3.0303030303028096,2026-03-20 04:41:30.110802,2026-03-20 04:41:31.001803,0 days 00:00:00.891001,42.343176809851514,12.071737076932687,1.105054717559419,Au,PRUNED
1463,-40.816326530595525,2026-03-20 04:41:30.342332,2026-03-20 04:41:31.003803,0 days 00:00:00.661471,68.00527613191784,5.127989032509822,0.23216377912438152,Ag,COMPLETE
1464,0.0,2026-03-20 04:41:30.545625,2026-03-20 04:41:31.003803,0 days 00:00:00.458178,21.653568842567797,12.244359822224506,1.401379918336902,Au,PRUNED
1465,-34.090909090896695,2026-03-20 04:41:30.537493,2026-03-20 04:41:31.142799,0 days 00:00:00.605306,52.97229765984491,3.675915949571851,0.11771021893824736,Ag,PRUNED
1466,-1.0,2026-03-20 04:41:30.573763,2026-03-20 04:41:30.938342,0 days 00:00:00.364579,115.5005776966922,8.586116253176419,0.2827974785782914,Ag,COMPLETE
1467,-0.29761904761903907,2026-03-20 04:41:30.633977,2026-03-20 04:41:31.035980,0 days 00:00:00.402003,46.09425289117689,13.605300545532778,1.2301780976066325,Au,PRUNED
1468,-37.499999999985,2026-03-20 04:41:30.724111,2026-03-20 04:41:31.664722,0 days 00:00:00.940611,78.44733933138275,2.2985375685527885,0.457516430391836,Ag,PRUNED
1469,-1.0,2026-03-20 04:41:30.750555,2026-03-20 04:41:31.447542,0 days 00:00:00.696987,85.04172076692893,4.002456304740547,0.15800171083297518,Ag,COMPLETE
1470,-1.0,2026-03-20 04:41:31.095888,2026-03-20 04:41:31.505553,0 days 00:00:00.409665,90.87834836820757,1.119917967815521,0.32064002934046043,Ag,COMPLETE
1471,-1.0,2026-03-20 04:41:31.133269,2026-03-20 04:41:31.647772,0 days 00:00:00.514503,82.91884952264581,4.353260691337016,0.11168199081460828,Ag,COMPLETE
1472,-46.05263157892295,2026-03-20 04:41:31.144800,2026-03-20 04:41:31.638519,0 days 00:00:00.493719,64.67386565521484,0.7943233484690617,0.549092288279628,Ag,COMPLETE
1473,-28.84615384614497,2026-03-20 04:41:31.216816,2026-03-20 04:41:31.665731,0 days 00:00:00.448915,86.59098243961782,2.505592286906209,0.18762716224458398,Ag,PRUNED
1474,-1.0,2026-03-20 04:41:31.225001,2026-03-20 04:41:31.995701,0 days 00:00:00.770700,39.868236139242576,15.036557831065394,0.49835917078167946,Ag,COMPLETE
1475,-1.0,2026-03-20 04:41:31.320455,2026-03-20 04:41:31.899748,0 days 00:00:00.579293,83.15924091676655,0.6577833957931274,0.5422820588791424,Ag,COMPLETE
1476,-41.666666666648545,2026-03-20 04:41:31.641585,2026-03-20 04:41:32.351609,0 days 00:00:00.710024,72.58240711489181,3.430890184701137,0.5099925155305276,Ag,COMPLETE
1477,-2.4104683195591887,2026-03-20 04:41:31.721096,2026-03-20 04:41:32.239386,0 days 00:00:00.518290,108.95172980379756,1.4584245982381212,1.0711632992993687,Au,PRUNED
1478,-37.499999999985,2026-03-20 04:41:31.709765,2026-03-20 04:41:32.385034,0 days 00:00:00.675269,73.11379090031026,3.555523166634579,0.48467695359801233,Ag,PRUNED
1479,-1.0,2026-03-20 04:41:31.766337,2026-03-20 04:41:32.478644,0 days 00:00:00.712307,51.17782720365108,3.2634100306768925,0.24927078250550705,Ag,COMPLETE
1480,-20.833333333328124,2026-03-20 04:41:31.812481,2026-03-20 04:41:32.309760,0 days 00:00:00.497279,89.40337077614237,0.8248000045975,0.2806438313424489,Ag,PRUNED
1481,-33.33333333332,2026-03-20 04:41:31.851178,2026-03-20 04:41:32.438233,0 days 00:00:00.587055,50.841799592039024,0.5298883852171521,0.43428068345975857,Ag,PRUNED
1482,-31.249999999989583,2026-03-20 04:41:32.053443,2026-03-20 04:41:32.962712,0 days 00:00:00.909269,81.65659970411454,3.8144909890967935,0.3110356303676476,Ag,PRUNED
1483,-1.0,2026-03-20 04:41:32.178069,2026-03-20 04:41:32.662883,0 days 00:00:00.484814,72.68325989936724,4.633356648999534,0.14542288652410998,Ag,COMPLETE
1484,-40.03267973854651,2026-03-20 04:41:32.310760,2026-03-20 04:41:32.901445,0 days 00:00:00.590685,69.24579645533505,5.746394316452251,0.10622891668439734,Ag,COMPLETE
1485,-30.30303030301928,2026-03-20 04:41:32.403434,2026-03-20 04:41:33.052999,0 days 00:00:00.649565,86.40258177370393,0.5629619441431706,0.10989327548102136,Ag,PRUNED
1486,-1.0,2026-03-20 04:41:32.526777,2026-03-20 04:41:32.963710,0 days 00:00:00.436933,70.2279109943546,4.882776816911265,0.31961548214570157,Ag,COMPLETE
1487,-41.66666666664918,2026-03-20 04:41:32.545599,2026-03-20 04:41:33.156082,0 days 00:00:00.610483,65.61659692095043,4.939385031928686,0.16499843234811848,Ag,COMPLETE
1488,-1.0,2026-03-20 04:41:32.563785,2026-03-20 04:41:33.021792,0 days 00:00:00.458007,38.217572418876955,18.65090991520379,1.5887953671112292,Ag,COMPLETE
1489,-15.95744680850928,2026-03-20 04:41:32.610850,2026-03-20 04:41:33.320444,0 days 00:00:00.709594,34.388600722867686,16.609294179408927,0.8863798415216431,Ag,PRUNED
1490,-31.249999999989583,2026-03-20 04:41:32.826280,2026-03-20 04:41:33.543649,0 days 00:00:00.717369,82.34043200528457,4.537477838771666,0.12002110130700383,Ag,PRUNED
1491,-37.037037037020575,2026-03-20 04:41:33.021243,2026-03-20 04:41:33.578184,0 days 00:00:00.556941,80.4535344292807,0.5140868472376872,0.4636525422332322,Ag,PRUNED
1492,-1.0,2026-03-20 04:41:33.157082,2026-03-20 04:41:33.905083,0 days 00:00:00.748001,50.78797936958911,2.765841070355591,0.14078149713506877,Ag,COMPLETE
1493,-1.0,2026-03-20 04:41:33.223674,2026-03-20 04:41:33.743265,0 days 00:00:00.519591,59.203368668436134,4.703201673959464,0.457744499871359,Ag,COMPLETE
1494,-1.0,2026-03-20 04:41:33.281659,2026-03-20 04:41:33.817183,0 days 00:00:00.535524,43.60530753928333,19.44757436641906,1.115666422513613,Cu,COMPLETE
1495,-1.0,2026-03-20 04:41:33.294828,2026-03-20 04:41:33.706248,0 days 00:00:00.411420,52.9669798130005,0.848381335695478,0.45947473040945874,Ag,COMPLETE
1496,-37.037037037020575,2026-03-20 04:41:33.312287,2026-03-20 04:41:33.988265,0 days 00:00:00.675978,53.701480454051826,0.52148539814529,0.4477441453041936,Ag,PRUNED
1497,-34.090909090896695,2026-03-20 04:41:33.362923,2026-03-20 04:41:33.961034,0 days 00:00:00.598111,61.96992609500628,3.810128979472399,0.47738698836184956,Ag,PRUNED
1498,-1.0,2026-03-20 04:41:33.580713,2026-03-20 04:41:34.111302,0 days 00:00:00.530589,21.026318872307073,17.036447277250875,0.8198716056568487,Au,COMPLETE
1499,-34.090909090896695,2026-03-20 04:41:33.662482,2026-03-20 04:41:34.292482,0 days 00:00:00.630000,48.33672268565881,0.6621098131312835,0.22713141690708644,Ag,PRUNED
1500,-33.33333333332,2026-03-20 04:41:33.995834,2026-03-20 04:41:34.646760,0 days 00:00:00.650926,83.95771870358627,0.5431518709532261,0.43025356063771614,Ag,PRUNED
1501,-10.204081632652228,2026-03-20 04:41:34.050328,2026-03-20 04:41:34.648763,0 days 00:00:00.598435,41.82630544019983,4.780433880737069,1.5779491473231615,Cu,PRUNED
1502,-1.0,2026-03-20 04:41:33.963035,2026-03-20 04:41:34.719500,0 days 00:00:00.756465,117.32175062494012,18.019596014647895,1.2639001267538703,Cu,COMPLETE
1503,-1.0,2026-03-20 04:41:34.101101,2026-03-20 04:41:34.765389,0 days 00:00:00.664288,40.611747784376476,11.2351198303294,1.7086114630171403,Au,COMPLETE
1504,-8.333333333332726,2026-03-20 04:41:34.081017,2026-03-20 04:41:34.703765,0 days 00:00:00.622748,25.64304214082291,15.571122663753647,0.1905986513563705,Ag,PRUNED
1505,-0.5186721991701159,2026-03-20 04:41:34.178029,2026-03-20 04:41:34.688254,0 days 00:00:00.510225,102.38452908118724,14.97872342923462,0.5051911475845638,Au,PRUNED
1506,-1.0,2026-03-20 04:41:34.377766,2026-03-20 04:41:34.923143,0 days 00:00:00.545377,29.59488277271086,15.726256831425957,0.10967608841958187,Ag,COMPLETE
1507,-34.72222222221065,2026-03-20 04:41:34.392567,2026-03-20 04:41:35.005371,0 days 00:00:00.612804,82.03442524990945,3.9653888152115755,0.40018158657381486,Ag,PRUNED
1508,-23.43749999999414,2026-03-20 04:41:34.690261,2026-03-20 04:41:35.659757,0 days 00:00:00.969496,89.49551637561436,0.7350948638072856,0.23215550316224348,Ag,PRUNED
1509,5.787037037036394,2026-03-20 04:41:34.744287,2026-03-20 04:41:35.283831,0 days 00:00:00.539544,29.73011672515672,15.278036827645572,1.4583182259592287,Au,PRUNED
1510,-37.499999999985,2026-03-20 04:41:34.767450,2026-03-20 04:41:35.421614,0 days 00:00:00.654164,67.1661985451413,3.813402520389089,0.4416434275921256,Ag,PRUNED
1511,-28.84615384614497,2026-03-20 04:41:34.826763,2026-03-20 04:41:35.392559,0 days 00:00:00.565796,85.16646529625679,3.4009371142064455,0.32532875345753254,Ag,PRUNED
1512,-13.020833333332249,2026-03-20 04:41:34.894385,2026-03-20 04:41:35.686600,0 days 00:00:00.792215,50.95313079432785,8.454276995632123,0.7502174082009689,Cu,PRUNED
1513,-1.8939393939393654,2026-03-20 04:41:35.008227,2026-03-20 04:41:35.661007,0 days 00:00:00.652780,85.8405882497637,6.43993634392177,0.9647268277120025,Au,PRUNED
1514,-47.149122806992644,2026-03-20 04:41:35.091706,2026-03-20 04:41:35.780716,0 days 00:00:00.689010,71.19120505169502,0.9575275426805734,0.5364353647821578,Ag,COMPLETE
1515,-39.999999999983764,2026-03-20 04:41:35.142674,2026-03-20 04:41:35.956972,0 days 00:00:00.814298,68.98627183315743,4.612833945917892,0.41761056524761364,Ag,COMPLETE
1516,-1.0,2026-03-20 04:41:35.436192,2026-03-20 04:41:36.112595,0 days 00:00:00.676403,57.53134212917135,4.689379351693742,0.2317015744684694,Au,COMPLETE
1517,-1.0,2026-03-20 04:41:35.460110,2026-03-20 04:41:36.066825,0 days 00:00:00.606715,57.12205560199969,4.082394821641827,0.45767329848418936,Ag,COMPLETE
1518,-1.0,2026-03-20 04:41:35.469451,2026-03-20 04:41:36.168584,0 days 00:00:00.699133,87.8234977424161,2.2223420702250127,0.11791733168124267,Ag,COMPLETE
1519,-1.0,2026-03-20 04:41:35.805781,2026-03-20 04:41:36.326884,0 days 00:00:00.521103,82.31895154004255,0.8328151409137139,0.5565499364556332,Cu,COMPLETE
1520,-1.0,2026-03-20 04:41:35.841703,2026-03-20 04:41:36.278181,0 days 00:00:00.436478,80.0666059526818,4.251402924788536,0.10057755920326385,Ag,COMPLETE
1521,-28.84615384614497,2026-03-20 04:41:35.872132,2026-03-20 04:41:36.458574,0 days 00:00:00.586442,50.57801679616647,3.954766257931351,0.3429363728287135,Ag,PRUNED
1522,-30.30303030301928,2026-03-20 04:41:35.911346,2026-03-20 04:41:36.521882,0 days 00:00:00.610536,47.188075039845586,1.4808032297502267,0.16068524756451305,Ag,PRUNED
1523,-37.499999999985,2026-03-20 04:41:36.167525,2026-03-20 04:41:36.736059,0 days 00:00:00.568534,75.34628293438624,4.701776071638079,0.13171397168549248,Ag,PRUNED
1524,-1.0,2026-03-20 04:41:36.239186,2026-03-20 04:41:36.638816,0 days 00:00:00.399630,47.83083021785229,1.1333785350522527,0.166201868999406,Ag,COMPLETE
1525,-1.0,2026-03-20 04:41:36.262266,2026-03-20 04:41:36.827523,0 days 00:00:00.565257,86.2266677888683,0.521397188287066,0.4731075083143168,Ag,COMPLETE
1526,-1.0,2026-03-20 04:41:36.382497,2026-03-20 04:41:36.834812,0 days 00:00:00.452315,71.30396440438395,4.483671832505771,0.525289032062048,Cu,COMPLETE
1527,-1.0,2026-03-20 04:41:36.421729,2026-03-20 04:41:36.904589,0 days 00:00:00.482860,48.20613164455396,2.2418991450192576,0.10970543412429265,Ag,COMPLETE
1528,0.0,2026-03-20 04:41:36.438813,2026-03-20 04:41:37.012555,0 days 00:00:00.573742,21.18790991638238,13.699040739108076,0.846100404010307,Au,PRUNED
1529,-1.0,2026-03-20 04:41:36.616123,2026-03-20 04:41:37.145963,0 days 00:00:00.529840,88.79696153896543,7.6189310665735555,1.3635495076038282,Cu,COMPLETE
1530,-24.99999999999333,2026-03-20 04:41:36.624744,2026-03-20 04:41:37.239100,0 days 00:00:00.614356,89.09701686399973,1.3670187622438554,0.11048692130820292,Ag,PRUNED
1531,-1.0,2026-03-20 04:41:36.711518,2026-03-20 04:41:37.343163,0 days 00:00:00.631645,49.0018765916672,0.6574345626818299,0.14558890301455968,Ag,COMPLETE
1532,-1.157407407407375,2026-03-20 04:41:36.805563,2026-03-20 04:41:37.424140,0 days 00:00:00.618577,47.41777262881411,18.972077435131897,0.3763265945419053,Cu,PRUNED
1533,-1.0,2026-03-20 04:41:36.944274,2026-03-20 04:41:37.422632,0 days 00:00:00.478358,71.00090657277163,0.7960248946880053,0.5091422499578292,Ag,COMPLETE
1534,-37.499999999985,2026-03-20 04:41:37.028831,2026-03-20 04:41:37.681722,0 days 00:00:00.652891,64.61228356722441,4.453177031748169,0.36841941699403447,Ag,PRUNED
1535,-31.249999999989583,2026-03-20 04:41:37.083144,2026-03-20 04:41:37.671146,0 days 00:00:00.588002,83.95413937325287,1.6731358531895997,0.40291636239433626,Ag,PRUNED
1536,-37.037037037020575,2026-03-20 04:41:37.114004,2026-03-20 04:41:37.619449,0 days 00:00:00.505445,57.38416756540296,0.5869858980391843,0.4416751943681363,Ag,PRUNED
1537,-1.0,2026-03-20 04:41:37.263011,2026-03-20 04:41:37.761446,0 days 00:00:00.498435,44.30041585678636,0.6709366612340002,0.5962833847016091,Au,COMPLETE
1538,-6.410256410255917,2026-03-20 04:41:37.309643,2026-03-20 04:41:37.928795,0 days 00:00:00.619152,38.04139449840225,10.584828191730438,1.3704201366550572,Au,PRUNED
1539,-41.66666666664841,2026-03-20 04:41:37.468178,2026-03-20 04:41:38.292389,0 days 00:00:00.824211,64.63182839247362,3.231122259106451,0.4717381595452904,Ag,COMPLETE
1540,-12.731481481480067,2026-03-20 04:41:37.482376,2026-03-20 04:41:38.026318,0 days 00:00:00.543942,45.148796547127546,0.5552143977784794,0.6132546586515552,Au,PRUNED
1541,-1.0,2026-03-20 04:41:37.670639,2026-03-20 04:41:38.266472,0 days 00:00:00.595833,85.94611011380427,0.7677795231288669,0.12204161436842342,Ag,COMPLETE
1542,-1.0,2026-03-20 04:41:37.735935,2026-03-20 04:41:38.267884,0 days 00:00:00.531949,72.34478613166134,1.0990781840003334,0.5459598394647918,Ag,COMPLETE
1543,-1.0,2026-03-20 04:41:37.844079,2026-03-20 04:41:38.290931,0 days 00:00:00.446852,50.28242497471248,0.6597473021257885,0.31691050274802623,Ag,COMPLETE
1544,-1.0,2026-03-20 04:41:37.932477,2026-03-20 04:41:38.390738,0 days 00:00:00.458261,61.015846291224165,4.640947539789455,0.18354276286090193,Ag,COMPLETE
1545,-1.0,2026-03-20 04:41:37.853670,2026-03-20 04:41:38.389738,0 days 00:00:00.536068,61.45417415901765,4.62892862902614,0.14552666289626248,Ag,COMPLETE
1546,-1.0,2026-03-20 04:41:38.031076,2026-03-20 04:41:38.795922,0 days 00:00:00.764846,84.1351571797858,3.8169974366971906,0.11305912399609432,Ag,COMPLETE
1547,0.0,2026-03-20 04:41:38.131188,2026-03-20 04:41:38.822926,0 days 00:00:00.691738,114.13855406344493,7.069789807872766,1.2256784474268436,Cu,PRUNED
1548,-1.0,2026-03-20 04:41:38.355653,2026-03-20 04:41:38.903535,0 days 00:00:00.547882,72.08845635858196,0.6280055447672326,0.5568503669345042,Ag,COMPLETE
1549,-1.0,2026-03-20 04:41:38.479797,2026-03-20 04:41:38.965642,0 days 00:00:00.485845,68.32927514902728,5.214837764841862,0.14205742574135197,Ag,COMPLETE
1550,-48.611111111084135,2026-03-20 04:41:38.502351,2026-03-20 04:41:39.090316,0 days 00:00:00.587965,73.26576207167179,0.5825318950092471,0.48439037491014336,Ag,COMPLETE
1551,-1.0,2026-03-20 04:41:38.532956,2026-03-20 04:41:39.008827,0 days 00:00:00.475871,64.1625617584124,4.723247976791359,0.10322366733951696,Cu,COMPLETE
1552,-42.572463768097236,2026-03-20 04:41:38.604510,2026-03-20 04:41:39.400016,0 days 00:00:00.795506,70.15354819324033,4.689948137511557,0.11085475660647758,Ag,COMPLETE
1553,-27.777777777768517,2026-03-20 04:41:38.680141,2026-03-20 04:41:39.227174,0 days 00:00:00.547033,48.88499470431167,2.6881394868393653,0.12609192480774692,Ag,PRUNED
1554,-1.0,2026-03-20 04:41:38.882025,2026-03-20 04:41:39.500657,0 days 00:00:00.618632,46.407051080033376,0.591702250177765,0.1678394015768358,Ag,COMPLETE
1555,-34.090909090896695,2026-03-20 04:41:38.998310,2026-03-20 04:41:40.057723,0 days 00:00:01.059413,56.49237076771947,3.9754822272272374,0.11488524943400677,Ag,PRUNED
1556,-1.0,2026-03-20 04:41:39.140728,2026-03-20 04:41:39.672732,0 days 00:00:00.532004,57.60270546159999,0.6312127653067945,0.4930155713492854,Ag,COMPLETE
1557,-33.33333333332,2026-03-20 04:41:39.196611,2026-03-20 04:41:39.836587,0 days 00:00:00.639976,56.937568914624514,2.7685311959023204,0.43405873582880034,Ag,PRUNED
1558,-9.523809523808435,2026-03-20 04:41:39.266263,2026-03-20 04:41:39.886235,0 days 00:00:00.619972,27.526328088596326,14.35096844870513,1.574241399126834,Au,PRUNED
1559,-37.037037037020575,2026-03-20 04:41:39.298295,2026-03-20 04:41:40.090438,0 days 00:00:00.792143,55.171877776688646,0.7671704541606299,0.4529082627298432,Ag,PRUNED
1560,-1.0,2026-03-20 04:41:39.309549,2026-03-20 04:41:39.997236,0 days 00:00:00.687687,20.773178648856884,13.853511935006381,1.160906664665893,Au,COMPLETE
1561,-37.499999999985,2026-03-20 04:41:39.624342,2026-03-20 04:41:40.586135,0 days 00:00:00.961793,69.38748588719245,4.784676687794713,0.39166029905042365,Ag,PRUNED
1562,-0.5165289256198261,2026-03-20 04:41:39.701881,2026-03-20 04:41:40.264698,0 days 00:00:00.562817,110.97353263431475,11.784548530205381,1.2954886273842077,Au,PRUNED
1563,-33.33333333332,2026-03-20 04:41:39.921865,2026-03-20 04:41:40.605160,0 days 00:00:00.683295,48.6633920633554,0.8901469934706174,0.1415989034970058,Ag,PRUNED
1564,-44.871794871771776,2026-03-20 04:41:39.888418,2026-03-20 04:41:40.578943,0 days 00:00:00.690525,60.7772442194094,0.879364742436207,0.5013964876000128,Ag,COMPLETE
1565,-0.8434547908231982,2026-03-20 04:41:39.968979,2026-03-20 04:41:40.511047,0 days 00:00:00.542068,76.73996568855021,15.16906152883993,1.1547138431122823,Cu,PRUNED
1566,-1.0,2026-03-20 04:41:40.123566,2026-03-20 04:41:40.729145,0 days 00:00:00.605579,63.878853099562065,1.131171056318502,0.5230794365191827,Ag,COMPLETE
1567,-0.5186721991701159,2026-03-20 04:41:40.147522,2026-03-20 04:41:40.787672,0 days 00:00:00.640150,99.05102821179435,19.36430329894209,1.7990052561063132,Au,PRUNED
1568,-1.0,2026-03-20 04:41:40.198971,2026-03-20 04:41:40.672866,0 days 00:00:00.473895,83.4293396666774,1.0702392166690509,0.3534333681996753,Ag,COMPLETE
1569,-1.0,2026-03-20 04:41:40.426355,2026-03-20 04:41:40.954454,0 days 00:00:00.528099,71.14897578762108,2.9893670261408922,0.44656576297109096,Ag,COMPLETE
1570,-1.0,2026-03-20 04:41:40.684477,2026-03-20 04:41:41.322355,0 days 00:00:00.637878,79.03603854414354,3.5826684196755747,0.13996978013081823,Ag,COMPLETE
1571,-41.66666666664906,2026-03-20 04:41:40.702577,2026-03-20 04:41:41.392671,0 days 00:00:00.690094,65.50113974168539,4.974727039994476,0.11143725873559371,Ag,COMPLETE
1572,-1.0,2026-03-20 04:41:40.731670,2026-03-20 04:41:41.197380,0 days 00:00:00.465710,71.71499408726501,0.8809589119820871,0.5279917838953022,Ag,COMPLETE
1573,-1.0,2026-03-20 04:41:40.840367,2026-03-20 04:41:41.179189,0 days 00:00:00.338822,56.287232377370394,3.3283600568189033,0.4117507190186809,Ag,COMPLETE
1574,-37.499999999985,2026-03-20 04:41:40.859177,2026-03-20 04:41:41.388291,0 days 00:00:00.529114,69.7055194127247,4.816388210875538,0.1312782027766157,Ag,PRUNED
1575,-11.494252873562425,2026-03-20 04:41:40.873497,2026-03-20 04:41:41.495874,0 days 00:00:00.622377,37.732654199073515,7.492349428204253,1.0841352223721283,Au,PRUNED
1576,-48.809523809495936,2026-03-20 04:41:40.896061,2026-03-20 04:41:41.420454,0 days 00:00:00.524393,68.87353788398592,0.5976265221227216,0.4638121870620445,Ag,COMPLETE
1577,-1.0,2026-03-20 04:41:41.064728,2026-03-20 04:41:41.701460,0 days 00:00:00.636732,33.228249525841676,13.739079626558906,0.8065844417576049,Au,COMPLETE
1578,-1.0,2026-03-20 04:41:41.380162,2026-03-20 04:41:41.918298,0 days 00:00:00.538136,60.7917152129738,3.3812078936586345,0.442974415343073,Ag,COMPLETE
1579,-1.0,2026-03-20 04:41:41.464055,2026-03-20 04:41:41.905243,0 days 00:00:00.441188,84.1767774326504,3.258995753887102,0.20661063248154876,Ag,COMPLETE
1580,-1.0,2026-03-20 04:41:41.525668,2026-03-20 04:41:42.056756,0 days 00:00:00.531088,21.77488999019942,14.847731268738558,1.6894547638578783,Cu,COMPLETE
1581,-1.0,2026-03-20 04:41:41.528640,2026-03-20 04:41:42.079232,0 days 00:00:00.550592,94.43544287937804,7.381751318184022,1.2551739414066265,Ag,COMPLETE
1582,-1.0,2026-03-20 04:41:41.594379,2026-03-20 04:41:42.151830,0 days 00:00:00.557451,86.40796250989469,0.611548534432506,0.11698700070706634,Ag,COMPLETE
1583,-1.0,2026-03-20 04:41:41.632579,2026-03-20 04:41:42.071515,0 days 00:00:00.438936,20.166126481227945,15.838075389104318,1.5519785019721457,Au,COMPLETE
1584,0.0,2026-03-20 04:41:41.677582,2026-03-20 04:41:42.435380,0 days 00:00:00.757798,117.94737876657294,12.198233373201456,1.0491579900518755,Cu,PRUNED
1585,-1.0,2026-03-20 04:41:41.894189,2026-03-20 04:41:42.364807,0 days 00:00:00.470618,53.70316231368376,3.7090399311100426,0.12856180588980493,Ag,COMPLETE
1586,-11.79245283018779,2026-03-20 04:41:42.023594,2026-03-20 04:41:42.650198,0 days 00:00:00.626604,90.78049878188075,3.7364552750870956,0.280436129492701,Au,PRUNED
1587,-1.0,2026-03-20 04:41:42.199162,2026-03-20 04:41:42.693368,0 days 00:00:00.494206,89.14108231371499,0.9474273511144338,0.2398662315068686,Ag,COMPLETE
1588,-33.33333333332,2026-03-20 04:41:42.231827,2026-03-20 04:41:42.804849,0 days 00:00:00.573022,55.4869469885961,0.6697759646302328,0.47192235451470277,Ag,PRUNED
1589,-1.0,2026-03-20 04:41:42.262950,2026-03-20 04:41:42.804296,0 days 00:00:00.541346,41.96228363756633,14.946107060225238,0.1093040302659365,Ag,COMPLETE
1590,-34.090909090896695,2026-03-20 04:41:42.276588,2026-03-20 04:41:42.815028,0 days 00:00:00.538440,58.201257636402374,3.671995397942838,0.369087549043193,Ag,PRUNED
1591,-1.0,2026-03-20 04:41:42.367806,2026-03-20 04:41:42.803290,0 days 00:00:00.435484,117.42494613386413,13.215544223107116,0.10325717421845215,Ag,COMPLETE
1592,-1.0,2026-03-20 04:41:42.485999,2026-03-20 04:41:43.008889,0 days 00:00:00.522890,79.55808356326507,0.8259854911139058,0.48552798534081215,Ag,COMPLETE
1593,-1.0,2026-03-20 04:41:42.588214,2026-03-20 04:41:43.318666,0 days 00:00:00.730452,22.459690632029076,18.08719420286048,1.0089727513233646,Au,COMPLETE
1594,-30.30303030301928,2026-03-20 04:41:42.745572,2026-03-20 04:41:43.257596,0 days 00:00:00.512024,86.57546546308288,0.9270864519408328,0.1433029646899201,Ag,PRUNED
1595,-37.037037037020575,2026-03-20 04:41:42.816034,2026-03-20 04:41:43.570702,0 days 00:00:00.754668,78.62404825008853,0.6798386722718764,0.4982251529467351,Ag,PRUNED
1596,-1.0,2026-03-20 04:41:42.986012,2026-03-20 04:41:43.444570,0 days 00:00:00.458558,56.29909173483091,4.09895204110723,0.2706299437044892,Ag,COMPLETE
1597,-1.0,2026-03-20 04:41:42.954955,2026-03-20 04:41:43.418542,0 days 00:00:00.463587,55.702893393541025,3.3062185911500794,0.40623885537803317,Ag,COMPLETE
1598,-28.84615384614497,2026-03-20 04:41:42.946426,2026-03-20 04:41:43.541786,0 days 00:00:00.595360,82.21710876507939,4.10860685077022,0.3915205891618114,Ag,PRUNED
1599,-1.0,2026-03-20 04:41:43.051276,2026-03-20 04:41:43.417541,0 days 00:00:00.366265,62.82421747568918,4.115201206353374,0.1301548187116574,Ag,COMPLETE
1600,-1.0,2026-03-20 04:41:43.157260,2026-03-20 04:41:43.737251,0 days 00:00:00.579991,78.2564892565286,2.80781200925339,0.4474857468605015,Ag,COMPLETE
1601,-0.8928571428571173,2026-03-20 04:41:43.491921,2026-03-20 04:41:44.058004,0 days 00:00:00.566083,21.546321752959592,16.06831184771173,0.33664148504185554,Ag,PRUNED
1602,77.2058823529389,2026-03-20 04:41:43.543787,2026-03-20 04:41:44.248261,0 days 00:00:00.704474,36.65578831053289,15.148103277875858,1.3726285209415905,Au,PRUNED
1603,-1.0,2026-03-20 04:41:43.608937,2026-03-20 04:41:44.123598,0 days 00:00:00.514661,87.2182654590426,9.379259530564779,1.984481738909023,Ag,COMPLETE
1604,-37.499999999985,2026-03-20 04:41:43.626857,2026-03-20 04:41:44.249259,0 days 00:00:00.622402,54.25197217316792,3.109233364788478,0.12411137460625832,Ag,PRUNED
1605,-42.61363636361692,2026-03-20 04:41:43.649601,2026-03-20 04:41:44.210583,0 days 00:00:00.560982,68.40837843956992,3.2215482258962425,0.4415329469590079,Ag,COMPLETE
1606,-1.0,2026-03-20 04:41:43.718564,2026-03-20 04:41:44.148624,0 days 00:00:00.430060,73.04076984767362,3.173704480360617,0.34600472935545745,Ag,COMPLETE
1607,-41.666666666648936,2026-03-20 04:41:43.813948,2026-03-20 04:41:44.531838,0 days 00:00:00.717890,68.45476116784324,4.360347811902622,0.30210563195003526,Ag,COMPLETE
1608,-1.0,2026-03-20 04:41:43.902746,2026-03-20 04:41:44.565663,0 days 00:00:00.662917,98.47532815804308,0.5872941844527517,1.6771148256956714,Cu,COMPLETE
1609,-30.30303030301928,2026-03-20 04:41:44.127109,2026-03-20 04:41:44.725291,0 days 00:00:00.598182,48.36540375173072,1.0865830396867122,0.1635981761436496,Ag,PRUNED
1610,-13.888888888887346,2026-03-20 04:41:44.288641,2026-03-20 04:41:44.902659,0 days 00:00:00.614018,58.31407685661433,4.209067319401571,0.4754387496838506,Cu,PRUNED
1611,-17.543859649119113,2026-03-20 04:41:44.382488,2026-03-20 04:41:44.918493,0 days 00:00:00.536005,90.71997297317931,0.550538720075219,0.13033994919201708,Ag,PRUNED
1612,-37.499999999985,2026-03-20 04:41:44.414985,2026-03-20 04:41:44.980436,0 days 00:00:00.565451,74.96740850723992,3.4628516412365893,0.3619696136473269,Ag,PRUNED
1613,-1.0,2026-03-20 04:41:44.430871,2026-03-20 04:41:45.082441,0 days 00:00:00.651570,37.6954402625621,3.1200879399360337,1.958804853816844,Cu,COMPLETE
1614,-1.0,2026-03-20 04:41:44.485389,2026-03-20 04:41:45.303828,0 days 00:00:00.818439,63.33837740007031,4.026795709154245,0.10117291267320035,Ag,COMPLETE
1615,0.0,2026-03-20 04:41:44.710379,2026-03-20 04:41:45.380074,0 days 00:00:00.669695,21.10992512011644,11.624991228425152,0.6074193951784959,Au,PRUNED
1616,-0.6775067750677396,2026-03-20 04:41:44.818273,2026-03-20 04:41:45.502305,0 days 00:00:00.684032,68.82948487705204,11.040968628422913,1.6260734812896342,Au,PRUNED
1617,-5.787037037036394,2026-03-20 04:41:44.821693,2026-03-20 04:41:45.410689,0 days 00:00:00.588996,34.743293366772974,12.144541680354589,1.2260632925452268,Au,PRUNED
1618,-1.0,2026-03-20 04:41:44.974924,2026-03-20 04:41:45.628123,0 days 00:00:00.653199,24.717787409275335,9.669965496817674,0.42278106088006384,Ag,COMPLETE
1619,-33.33333333332,2026-03-20 04:41:45.010891,2026-03-20 04:41:45.956066,0 days 00:00:00.945175,50.729920139999095,0.6320281984604479,0.35294151058008605,Ag,PRUNED
1620,-46.05263157892311,2026-03-20 04:41:45.046619,2026-03-20 04:41:45.725823,0 days 00:00:00.679204,74.18727669813266,0.7983092994756877,0.49211287764577244,Ag,COMPLETE
1621,-1.0,2026-03-20 04:41:45.221852,2026-03-20 04:41:45.917098,0 days 00:00:00.695246,29.16013406123527,8.591639820229279,1.6772985794559991,Au,COMPLETE
1622,-1.0,2026-03-20 04:41:45.471293,2026-03-20 04:41:46.019807,0 days 00:00:00.548514,84.37123779242378,0.617198113007134,0.3508989671689756,Ag,COMPLETE
1623,-1.0,2026-03-20 04:41:45.471844,2026-03-20 04:41:45.949646,0 days 00:00:00.477802,84.15474206256778,0.8832104525160405,0.4241368979896257,Ag,COMPLETE
1624,79.32098765431864,2026-03-20 04:41:45.598930,2026-03-20 04:41:46.175869,0 days 00:00:00.576939,34.71836948447224,15.793028294717628,0.7271491371416035,Au,PRUNED
1625,-1.0,2026-03-20 04:41:45.662047,2026-03-20 04:41:45.980642,0 days 00:00:00.318595,59.20361999468183,3.539131575905868,0.11734950825025915,Ag,COMPLETE
1626,-1.0,2026-03-20 04:41:45.790621,2026-03-20 04:41:46.503917,0 days 00:00:00.713296,60.49592217609292,10.69039432717373,1.1766534986915513,Cu,COMPLETE
1627,-1.0,2026-03-20 04:41:45.832616,2026-03-20 04:41:46.255101,0 days 00:00:00.422485,70.07885794839842,13.535509912609976,0.8497323871111312,Au,COMPLETE
1628,-1.0,2026-03-20 04:41:46.071218,2026-03-20 04:41:46.592856,0 days 00:00:00.521638,78.53230587360454,4.2683654658416526,0.14721937652997905,Ag,COMPLETE
1629,79.0441176470565,2026-03-20 04:41:46.086250,2026-03-20 04:41:46.826163,0 days 00:00:00.739913,35.54178732475857,13.673473216918477,1.6217086497620377,Au,PRUNED
1630,-1.0,2026-03-20 04:41:46.119054,2026-03-20 04:41:46.532591,0 days 00:00:00.413537,88.97934785649392,0.7904769875838202,0.12522022871834684,Ag,COMPLETE
1631,-43.60465116277056,2026-03-20 04:41:46.155552,2026-03-20 04:41:47.095789,0 days 00:00:00.940237,67.85136307937373,2.8992462654636246,0.4428573643690223,Ag,COMPLETE
1632,-42.70833333331205,2026-03-20 04:41:46.223241,2026-03-20 04:41:47.059385,0 days 00:00:00.836144,79.7949731894819,0.5185964459000127,0.3578057414147466,Ag,COMPLETE
1633,-37.499999999985,2026-03-20 04:41:46.273464,2026-03-20 04:41:46.820500,0 days 00:00:00.547036,60.117150746342645,3.9377365450948645,0.3233375737617278,Ag,PRUNED
1634,-14.53488372092888,2026-03-20 04:41:46.428616,2026-03-20 04:41:47.114532,0 days 00:00:00.685916,38.25322144036913,13.476665679208432,1.567810428368005,Ag,PRUNED
1635,-1.0,2026-03-20 04:41:46.703380,2026-03-20 04:41:47.178024,0 days 00:00:00.474644,52.607717952809494,2.3638609845525034,0.10590352893181114,Ag,COMPLETE
1636,-28.84615384614497,2026-03-20 04:41:46.750516,2026-03-20 04:41:47.328732,0 days 00:00:00.578216,87.42035812396746,0.5494639955212764,0.32527412495118585,Ag,PRUNED
1637,-1.0,2026-03-20 04:41:46.797469,2026-03-20 04:41:47.469378,0 days 00:00:00.671909,83.89650401305869,0.5238615855745199,0.10442879146488238,Ag,COMPLETE
1638,-1.0,2026-03-20 04:41:46.924521,2026-03-20 04:41:47.663246,0 days 00:00:00.738725,49.372135128914195,0.8408690116596773,0.3182389504223224,Ag,COMPLETE
1639,-1.0,2026-03-20 04:41:46.950803,2026-03-20 04:41:47.453958,0 days 00:00:00.503155,85.09321719245645,0.8078435891888893,0.38924888209720054,Ag,COMPLETE
1640,-1.0,2026-03-20 04:41:47.175652,2026-03-20 04:41:47.661250,0 days 00:00:00.485598,83.47207239872566,0.9340501197066147,0.10749840064871201,Ag,COMPLETE
1641,-1.0,2026-03-20 04:41:47.222012,2026-03-20 04:41:47.663246,0 days 00:00:00.441234,21.038453534274264,14.868586661001267,0.17098107419259695,Ag,COMPLETE
1642,-1.0,2026-03-20 04:41:47.368984,2026-03-20 04:41:47.863797,0 days 00:00:00.494813,64.65349996970747,3.507431318065077,0.37146523753361393,Ag,COMPLETE
1643,0.0,2026-03-20 04:41:47.381070,2026-03-20 04:41:47.924239,0 days 00:00:00.543169,20.673451572471215,12.453579511679845,1.5619583395499426,Au,PRUNED
1644,-1.0,2026-03-20 04:41:47.390650,2026-03-20 04:41:47.950396,0 days 00:00:00.559746,86.00006210673783,0.5807042727265113,0.25775714621905244,Ag,COMPLETE
1645,-1.0,2026-03-20 04:41:47.576539,2026-03-20 04:41:48.082934,0 days 00:00:00.506395,50.6633649664859,0.756757571771622,0.27100961087559644,Ag,COMPLETE
1646,-1.0,2026-03-20 04:41:47.705850,2026-03-20 04:41:48.228368,0 days 00:00:00.522518,119.33661327579887,11.937418219994433,1.2904030152324852,Ag,COMPLETE
1647,-7.936507936507432,2026-03-20 04:41:47.801517,2026-03-20 04:41:48.568111,0 days 00:00:00.766594,28.081034550810763,12.3912820156615,0.6045813101426145,Cu,PRUNED
1648,-1.0,2026-03-20 04:41:47.838706,2026-03-20 04:41:48.253497,0 days 00:00:00.414791,71.41611093885646,3.1277944836055958,0.7334215031292499,Au,COMPLETE
1649,-1.0,2026-03-20 04:41:47.902741,2026-03-20 04:41:48.397556,0 days 00:00:00.494815,98.12145221985467,19.90533749639658,1.782710247033724,Ag,COMPLETE
1650,-1.0,2026-03-20 04:41:47.952585,2026-03-20 04:41:48.349879,0 days 00:00:00.397294,58.32662082484016,3.338853149394591,0.42528749504312474,Ag,COMPLETE
1651,-34.090909090896695,2026-03-20 04:41:47.990634,2026-03-20 04:41:48.816933,0 days 00:00:00.826299,74.54885341504774,4.527441748682622,0.12718797093295184,Ag,PRUNED
1652,-1.0,2026-03-20 04:41:48.197755,2026-03-20 04:41:48.818013,0 days 00:00:00.620258,20.878038516208775,16.77566907775016,0.6183701555323495,Au,COMPLETE
1653,-1.0,2026-03-20 04:41:48.112104,2026-03-20 04:41:49.044218,0 days 00:00:00.932114,49.801465475209504,0.738005388438604,0.13536705589745668,Ag,COMPLETE
1654,-1.0,2026-03-20 04:41:48.454037,2026-03-20 04:41:49.063698,0 days 00:00:00.609661,78.68250184709535,3.473079828216866,0.12225280980373095,Ag,COMPLETE
1655,-37.037037037020575,2026-03-20 04:41:48.480061,2026-03-20 04:41:49.179324,0 days 00:00:00.699263,55.1013570381366,1.0551640627448537,0.42158584742635974,Ag,PRUNED
1656,-2.829218106995815,2026-03-20 04:41:48.496409,2026-03-20 04:41:49.082503,0 days 00:00:00.586094,84.9764986581765,2.4375326300434663,0.2869219149891955,Cu,PRUNED
1657,-1.0,2026-03-20 04:41:48.542918,2026-03-20 04:41:49.099456,0 days 00:00:00.556538,81.19886074726749,4.045762366836076,0.2660606474946593,Ag,COMPLETE
1658,-37.037037037020575,2026-03-20 04:41:48.722869,2026-03-20 04:41:49.487724,0 days 00:00:00.764855,53.09912371071322,0.9397323890654872,0.12300198107725396,Ag,PRUNED
1659,-1.0,2026-03-20 04:41:48.966167,2026-03-20 04:41:49.626919,0 days 00:00:00.660752,70.6101774400414,4.770735895324255,0.11075285557896027,Ag,COMPLETE
1660,-1.0,2026-03-20 04:41:48.982083,2026-03-20 04:41:49.616208,0 days 00:00:00.634125,115.97685127925342,18.473425532674312,0.5595108534969795,Au,COMPLETE
1661,-37.499999999985,2026-03-20 04:41:49.159237,2026-03-20 04:41:49.832562,0 days 00:00:00.673325,64.37485026227894,2.644515000761454,0.5082473716921517,Ag,PRUNED
1662,-1.0,2026-03-20 04:41:49.240656,2026-03-20 04:41:49.619214,0 days 00:00:00.378558,75.15601961610288,3.678691895331456,0.10803563397153358,Ag,COMPLETE
1663,-9.615384615383629,2026-03-20 04:41:49.272564,2026-03-20 04:41:49.817229,0 days 00:00:00.544665,43.642483058780996,18.686120838852037,0.13455146306314103,Ag,PRUNED
1664,-1.0,2026-03-20 04:41:49.288715,2026-03-20 04:41:49.707060,0 days 00:00:00.418345,77.48855887464111,4.180329222007564,0.11239248030134166,Ag,COMPLETE
1665,0.0,2026-03-20 04:41:49.321801,2026-03-20 04:41:49.849012,0 days 00:00:00.527211,35.24683177620135,16.066014280006044,1.2252310230872718,Au,PRUNED
1666,-11.666666666665733,2026-03-20 04:41:49.679901,2026-03-20 04:41:50.441952,0 days 00:00:00.762051,26.98911774693464,19.267802899014566,0.13135797209862438,Ag,PRUNED
1667,-44.871794871771925,2026-03-20 04:41:49.785692,2026-03-20 04:41:50.313178,0 days 00:00:00.527486,75.7675652794932,0.6905398435688432,0.5615419346061212,Ag,COMPLETE
1668,-1.0,2026-03-20 04:41:49.866784,2026-03-20 04:41:50.423100,0 days 00:00:00.556316,60.75805576207425,2.683419949374547,0.4590933737955297,Ag,COMPLETE
1669,-1.0,2026-03-20 04:41:49.880337,2026-03-20 04:41:50.443102,0 days 00:00:00.562765,52.332409602584576,2.6153995470871756,0.11506055187876615,Ag,COMPLETE
1670,-1.0,2026-03-20 04:41:49.893467,2026-03-20 04:41:50.314183,0 days 00:00:00.420716,21.63880010784147,17.875067564662125,0.31353125925026526,Ag,COMPLETE
1671,-1.0,2026-03-20 04:41:49.944546,2026-03-20 04:41:50.264107,0 days 00:00:00.319561,29.06009640049999,19.449113880388325,0.30960254192433434,Ag,COMPLETE
1672,-1.0,2026-03-20 04:41:49.974593,2026-03-20 04:41:50.359486,0 days 00:00:00.384893,27.177802911284573,18.32871022628797,0.11781047869501582,Ag,COMPLETE
1673,-37.499999999985,2026-03-20 04:41:50.005687,2026-03-20 04:41:50.612333,0 days 00:00:00.606646,58.87128330115925,3.6491051476605083,0.13415619874915957,Ag,PRUNED
1674,-31.249999999989583,2026-03-20 04:41:50.447121,2026-03-20 04:41:51.111776,0 days 00:00:00.664655,83.07759218398648,2.832925483165911,0.16572858594801826,Ag,PRUNED
1675,0.0,2026-03-20 04:41:50.576481,2026-03-20 04:41:51.395883,0 days 00:00:00.819402,22.4131847998666,13.32926264054961,1.2399438293310916,Au,PRUNED
1676,-34.090909090896695,2026-03-20 04:41:50.630565,2026-03-20 04:41:51.347537,0 days 00:00:00.716972,79.0448631554991,3.92649238037375,0.317985537344338,Ag,PRUNED
1677,-1.0,2026-03-20 04:41:50.645065,2026-03-20 04:41:51.158878,0 days 00:00:00.513813,70.99366302624703,4.073723386288721,0.4126136534060747,Ag,COMPLETE
1678,-34.090909090896695,2026-03-20 04:41:50.677670,2026-03-20 04:41:51.287792,0 days 00:00:00.610122,81.09390952485228,3.270921121107336,0.32363871465252114,Ag,PRUNED
1679,-1.0,2026-03-20 04:41:50.694433,2026-03-20 04:41:51.195713,0 days 00:00:00.501280,76.20269458152235,0.6356397026150374,0.45934119034724946,Ag,COMPLETE
1680,-1.0,2026-03-20 04:41:50.709518,2026-03-20 04:41:51.332570,0 days 00:00:00.623052,59.875956686516,1.281598502926078,0.48182887613413855,Ag,COMPLETE
1681,-37.499999999985,2026-03-20 04:41:50.732218,2026-03-20 04:41:51.287792,0 days 00:00:00.555574,61.45815264607499,4.357761538431711,0.25215503887648044,Ag,PRUNED
1682,-1.0,2026-03-20 04:41:51.250032,2026-03-20 04:41:51.804965,0 days 00:00:00.554933,77.76363135786713,0.5183114956494538,0.40758592026866436,Ag,COMPLETE
1683,-1.0,2026-03-20 04:41:51.364634,2026-03-20 04:41:51.843031,0 days 00:00:00.478397,22.016527934845907,11.534359881595059,1.6097107445167236,Ag,COMPLETE
1684,-1.0,2026-03-20 04:41:51.424398,2026-03-20 04:41:51.850590,0 days 00:00:00.426192,84.45117564492273,2.0627207791884654,0.4652319617896383,Au,COMPLETE
1685,-44.79166666664419,2026-03-20 04:41:51.444112,2026-03-20 04:41:51.974509,0 days 00:00:00.530397,58.8488271096132,1.3435716577786065,0.4433237980314696,Ag,COMPLETE
1686,-1.0,2026-03-20 04:41:51.458496,2026-03-20 04:41:51.843031,0 days 00:00:00.384535,48.72967266250858,0.5750815487816163,0.11154850469234623,Ag,COMPLETE
1687,-42.708333333311906,2026-03-20 04:41:51.489590,2026-03-20 04:41:51.916132,0 days 00:00:00.426542,53.6065497195418,0.6153698155201914,0.1355576390195354,Ag,COMPLETE
1688,-1.0,2026-03-20 04:41:51.508204,2026-03-20 04:41:51.966078,0 days 00:00:00.457874,56.828700970416,3.3621203796883568,0.14979426622576994,Ag,COMPLETE
1689,-1.0,2026-03-20 04:41:51.639818,2026-03-20 04:41:52.287507,0 days 00:00:00.647689,49.048084178230866,0.7576305835036639,0.1093478334344884,Ag,COMPLETE
1690,-1.0,2026-03-20 04:41:51.951057,2026-03-20 04:41:52.441966,0 days 00:00:00.490909,55.66442409650748,0.5638225358451773,0.397042643827722,Ag,COMPLETE
1691,-1.0,2026-03-20 04:41:51.963074,2026-03-20 04:41:52.420685,0 days 00:00:00.457611,60.31543925832554,3.1395777586512246,0.42299505151443906,Ag,COMPLETE
1692,-1.0,2026-03-20 04:41:51.996240,2026-03-20 04:41:52.551865,0 days 00:00:00.555625,28.88491286282061,16.601939681664916,1.8316643340303167,Ag,COMPLETE
1693,-28.84615384614497,2026-03-20 04:41:51.919130,2026-03-20 04:41:52.658715,0 days 00:00:00.739585,87.13603641017043,1.694836156397237,0.11139011568216488,Ag,PRUNED
1694,-1.0,2026-03-20 04:41:52.071560,2026-03-20 04:41:52.473083,0 days 00:00:00.401523,65.16413729728748,0.9808732162375491,0.4542027535082964,Ag,COMPLETE
1695,-1.0,2026-03-20 04:41:52.165108,2026-03-20 04:41:52.868646,0 days 00:00:00.703538,56.967042746939356,2.221999155282976,0.4437022218266736,Ag,COMPLETE
1696,-8.8652482269496,2026-03-20 04:41:52.202573,2026-03-20 04:41:52.814532,0 days 00:00:00.611959,82.14897739419229,1.6742344749661586,0.10601464989654465,Cu,PRUNED
1697,-1.0,2026-03-20 04:41:52.409874,2026-03-20 04:41:52.946812,0 days 00:00:00.536938,56.209163405721625,3.4630478953080672,0.1148616272053857,Ag,COMPLETE
1698,-1.0,2026-03-20 04:41:52.639420,2026-03-20 04:41:53.236141,0 days 00:00:00.596721,21.123792270352666,18.429479790678265,0.6266596246839402,Cu,COMPLETE
1699,-1.0,2026-03-20 04:41:52.677636,2026-03-20 04:41:53.251811,0 days 00:00:00.574175,60.175967326860906,3.221034701040595,0.11869056082169155,Ag,COMPLETE
1700,-48.6111111110841,2026-03-20 04:41:52.694085,2026-03-20 04:41:53.371599,0 days 00:00:00.677514,67.75935288022916,0.5618637650266594,0.47176120372902397,Ag,COMPLETE
1701,-43.69918699184875,2026-03-20 04:41:52.719427,2026-03-20 04:41:53.485218,0 days 00:00:00.765791,81.14046826951787,1.1923602292972912,0.11192171851078747,Ag,COMPLETE
1702,-1.0,2026-03-20 04:41:52.781812,2026-03-20 04:41:53.217151,0 days 00:00:00.435339,66.56169093755406,3.557012611402885,0.41923799161586567,Ag,COMPLETE
1703,-13.480392156861159,2026-03-20 04:41:52.895698,2026-03-20 04:41:53.425931,0 days 00:00:00.530233,50.79420603164245,3.2500226319524863,0.10396633010240627,Cu,PRUNED
1704,-1.0,2026-03-20 04:41:53.049425,2026-03-20 04:41:53.694263,0 days 00:00:00.644838,78.36245406154606,3.20694879507566,0.11126396060722035,Ag,COMPLETE
1705,-45.94017094014722,2026-03-20 04:41:53.106428,2026-03-20 04:41:53.846367,0 days 00:00:00.739939,75.48936345762101,0.9361140197176179,0.46890811568030544,Ag,COMPLETE
1706,12.948207171314534,2026-03-20 04:41:53.374661,2026-03-20 04:41:53.962326,0 days 00:00:00.587665,113.08586866986622,5.6337358322638496,0.23378648800602098,Au,PRUNED
1707,-1.0,2026-03-20 04:41:53.428978,2026-03-20 04:41:53.966562,0 days 00:00:00.537584,84.58617007254419,0.5790709637069869,0.2991420247867261,Ag,COMPLETE
1708,-1.0,2026-03-20 04:41:53.486756,2026-03-20 04:41:53.971579,0 days 00:00:00.484823,80.63501766446404,3.6626778595044396,0.10844381928067462,Ag,COMPLETE
1709,-34.090909090896695,2026-03-20 04:41:53.544797,2026-03-20 04:41:54.213904,0 days 00:00:00.669107,58.500781470587704,3.65692086830541,0.40566303807454596,Ag,PRUNED
1710,-1.0,2026-03-20 04:41:53.648781,2026-03-20 04:41:54.145964,0 days 00:00:00.497183,64.65159545777075,3.613210512355171,0.1042407509838268,Ag,COMPLETE
1711,-1.0,2026-03-20 04:41:53.774284,2026-03-20 04:41:54.320881,0 days 00:00:00.546597,72.12347011482414,3.7263182952223675,0.3684088890778404,Ag,COMPLETE
1712,-1.0,2026-03-20 04:41:53.805472,2026-03-20 04:41:54.607756,0 days 00:00:00.802284,69.19438355412896,0.6384071578071628,0.46809057383667724,Ag,COMPLETE
1713,-1.0,2026-03-20 04:41:54.069801,2026-03-20 04:41:54.579432,0 days 00:00:00.509631,89.85354416907164,0.7983403526000301,0.12788763625475588,Ag,COMPLETE
1714,-48.6111111110841,2026-03-20 04:41:54.104655,2026-03-20 04:41:54.718028,0 days 00:00:00.613373,64.2476065150362,0.5015740510782442,0.52145997115313,Ag,COMPLETE
1715,3.144654088050077,2026-03-20 04:41:54.162677,2026-03-20 04:41:55.047112,0 days 00:00:00.884435,32.91725745116044,13.881542204890774,1.3884167365993911,Au,PRUNED
1716,-1.0,2026-03-20 04:41:54.239062,2026-03-20 04:41:54.865320,0 days 00:00:00.626258,21.9647511189891,3.6020890737763187,0.8560648604608667,Au,COMPLETE
1717,-1.0,2026-03-20 04:41:54.282320,2026-03-20 04:41:54.956422,0 days 00:00:00.674102,53.59575338271862,0.5329847704946116,0.10394507008648868,Ag,COMPLETE
1718,0.0,2026-03-20 04:41:54.362624,2026-03-20 04:41:54.960935,0 days 00:00:00.598311,21.89649973586922,14.022905607401574,1.710521560595272,Au,PRUNED
1719,-46.0526315789233,2026-03-20 04:41:54.634265,2026-03-20 04:41:55.181351,0 days 00:00:00.547086,60.003076371133425,0.8452448368139156,0.40573610526759274,Ag,COMPLETE
1720,-10.683760683759589,2026-03-20 04:41:54.709771,2026-03-20 04:41:55.389967,0 days 00:00:00.680196,41.034897690776475,1.1778692230696297,0.9436137257492272,Cu,PRUNED
1721,-1.0,2026-03-20 04:41:54.722787,2026-03-20 04:41:55.361476,0 days 00:00:00.638689,58.512614971938355,0.5943823528905571,0.5152814836550353,Ag,COMPLETE
1722,-1.0,2026-03-20 04:41:54.908508,2026-03-20 04:41:55.362482,0 days 00:00:00.453974,79.39772645541058,3.5591991912663743,0.3665312137823318,Ag,COMPLETE
1723,-37.499999999985,2026-03-20 04:41:55.085184,2026-03-20 04:41:55.620642,0 days 00:00:00.535458,71.8669506224555,3.8047734289592086,0.3354439651670499,Ag,PRUNED
1724,-1.0,2026-03-20 04:41:55.103947,2026-03-20 04:41:55.766456,0 days 00:00:00.662509,84.5835605489792,0.6135341775852897,0.31990629435962264,Ag,COMPLETE
1725,-1.0,2026-03-20 04:41:55.152463,2026-03-20 04:41:55.703762,0 days 00:00:00.551299,38.272332659953754,15.484638961738465,0.5551242789404478,Au,COMPLETE
1726,-1.0,2026-03-20 04:41:55.050112,2026-03-20 04:41:55.688238,0 days 00:00:00.638126,57.94737698462515,0.6044225227991039,0.4288567384980748,Ag,COMPLETE
1727,-1.0,2026-03-20 04:41:55.305878,2026-03-20 04:41:55.674553,0 days 00:00:00.368675,57.12382320080442,2.5630090224164688,0.45081758571684216,Cu,COMPLETE
1728,-14.25438596491078,2026-03-20 04:41:55.497134,2026-03-20 04:41:55.972747,0 days 00:00:00.475613,50.788028590627846,3.6209872832175254,0.12135209118576984,Au,PRUNED
1729,-37.037037037020575,2026-03-20 04:41:55.534120,2026-03-20 04:41:56.145023,0 days 00:00:00.610903,53.40891720868013,0.9158805621218962,0.11827944618036104,Ag,PRUNED
1730,2.5510204081632235,2026-03-20 04:41:55.549747,2026-03-20 04:41:56.126035,0 days 00:00:00.576288,97.22675058062948,19.77611911341313,1.859158855424583,Cu,PRUNED
1731,-37.499999999985,2026-03-20 04:41:55.824554,2026-03-20 04:41:56.455273,0 days 00:00:00.630719,70.78507506717177,3.690957271715965,0.4371680221586616,Ag,PRUNED
1732,-1.0,2026-03-20 04:41:55.846044,2026-03-20 04:41:56.378323,0 days 00:00:00.532279,63.33744987152504,4.772458408302882,0.1515480979643951,Ag,COMPLETE
1733,-33.33333333332,2026-03-20 04:41:55.871287,2026-03-20 04:41:56.520660,0 days 00:00:00.649373,50.28679419695175,0.8869577548760081,0.10167581907745128,Ag,PRUNED
1734,-1.0,2026-03-20 04:41:55.808983,2026-03-20 04:41:56.404527,0 days 00:00:00.595544,79.48489633268385,3.2124786016857554,0.13471852944652696,Ag,COMPLETE
1735,77.77777777777547,2026-03-20 04:41:55.988567,2026-03-20 04:41:56.578693,0 days 00:00:00.590126,37.105710324555425,14.438088695276766,1.7683062330406598,Au,PRUNED
1736,-44.64285714283594,2026-03-20 04:41:56.035650,2026-03-20 04:41:56.800193,0 days 00:00:00.764543,72.01608176489417,3.657276960693677,0.11778187959459058,Ag,COMPLETE
1737,-1.0,2026-03-20 04:41:56.226648,2026-03-20 04:41:56.927854,0 days 00:00:00.701206,81.55476484636478,0.6784038569100231,0.1314847631722216,Ag,COMPLETE
1738,0.0,2026-03-20 04:41:56.247527,2026-03-20 04:41:56.930278,0 days 00:00:00.682751,20.590745760805753,15.056303639941063,0.13497778684786454,Au,PRUNED
1739,-1.0,2026-03-20 04:41:56.549260,2026-03-20 04:41:57.019987,0 days 00:00:00.470727,55.80531476062186,3.683155592375542,0.10719310404331295,Ag,COMPLETE
1740,0.0,2026-03-20 04:41:56.641109,2026-03-20 04:41:57.331572,0 days 00:00:00.690463,31.21245589513113,18.687726182166042,1.277382860276337,Au,PRUNED
1741,-1.0,2026-03-20 04:41:56.663883,2026-03-20 04:41:57.172909,0 days 00:00:00.509026,21.417878020893024,16.710052013987628,0.4136661364627827,Au,COMPLETE
1742,-46.171171171146376,2026-03-20 04:41:56.715679,2026-03-20 04:41:57.225590,0 days 00:00:00.509911,56.81737307916737,0.5544272402097268,0.10411161180946628,Ag,COMPLETE
1743,-1.0,2026-03-20 04:41:56.755880,2026-03-20 04:41:57.382179,0 days 00:00:00.626299,75.18695900790284,0.5171280217047298,0.45828446263831557,Ag,COMPLETE
1744,-1.0,2026-03-20 04:41:56.929210,2026-03-20 04:41:57.455481,0 days 00:00:00.526271,78.29162578626821,3.763709307005108,0.4264173467190885,Ag,COMPLETE
1745,-1.0,2026-03-20 04:41:57.025571,2026-03-20 04:41:57.458527,0 days 00:00:00.432956,72.85637708604303,0.7194792294010909,0.41425241262171375,Ag,COMPLETE
1746,-34.090909090896695,2026-03-20 04:41:57.115278,2026-03-20 04:41:57.641831,0 days 00:00:00.526553,56.143687379457205,3.8810879697277345,0.3634705866599065,Ag,PRUNED
1747,-1.0,2026-03-20 04:41:57.311287,2026-03-20 04:41:57.985218,0 days 00:00:00.673931,40.66984827536995,15.84722612164453,0.9459052835126811,Au,COMPLETE
1748,0.0,2026-03-20 04:41:57.386439,2026-03-20 04:41:58.185251,0 days 00:00:00.798812,20.67282500163245,16.27427570815136,0.9591767111200643,Au,PRUNED
1749,-45.73170731705086,2026-03-20 04:41:57.419480,2026-03-20 04:41:58.296032,0 days 00:00:00.876552,69.5711450006442,3.219222395388821,0.11420032228570617,Ag,COMPLETE
1750,-37.499999999985,2026-03-20 04:41:57.475466,2026-03-20 04:41:58.469154,0 days 00:00:00.993688,60.500281307428494,3.987629752905118,0.2211737344426089,Ag,PRUNED
1751,-1.0,2026-03-20 04:41:57.577289,2026-03-20 04:41:58.110158,0 days 00:00:00.532869,63.97544692658133,3.5129378295465155,0.43842083578203583,Ag,COMPLETE
1752,-1.0,2026-03-20 04:41:57.637819,2026-03-20 04:41:58.212305,0 days 00:00:00.574486,76.22439734754256,2.6370283791188385,0.4243037019600463,Ag,COMPLETE
1753,-42.61363636361692,2026-03-20 04:41:57.739831,2026-03-20 04:41:58.519960,0 days 00:00:00.780129,60.898034465356446,3.5837611100128903,0.1364410736336252,Ag,COMPLETE
1754,-37.499999999985,2026-03-20 04:41:57.783426,2026-03-20 04:41:58.281437,0 days 00:00:00.498011,66.31113625132704,3.8831055616444994,0.10627161206684328,Ag,PRUNED
1755,-1.0,2026-03-20 04:41:58.160993,2026-03-20 04:41:58.826283,0 days 00:00:00.665290,98.72943714180485,8.37515897292076,0.7271401036967616,Ag,COMPLETE
1756,-16.891891891890065,2026-03-20 04:41:58.327440,2026-03-20 04:41:59.025936,0 days 00:00:00.698496,64.98465702071223,3.720155647017508,0.5422343590192777,Au,PRUNED
1757,-1.0,2026-03-20 04:41:58.404667,2026-03-20 04:41:58.996845,0 days 00:00:00.592178,75.49347845970411,3.786804841563166,0.1258378330253354,Ag,COMPLETE
1758,-11.904761904760544,2026-03-20 04:41:58.442218,2026-03-20 04:41:59.088487,0 days 00:00:00.646269,36.422110808872716,11.51844599137029,0.7952413788281606,Au,PRUNED
1759,-15.624999999998437,2026-03-20 04:41:58.471834,2026-03-20 04:41:59.291361,0 days 00:00:00.819527,43.53831618377073,17.63908145362611,0.6376475291481705,Ag,PRUNED
1760,-1.0,2026-03-20 04:41:58.551745,2026-03-20 04:41:59.253486,0 days 00:00:00.701741,31.923380922971717,3.6157882071475385,0.7567507233392256,Ag,COMPLETE
1761,-31.249999999989583,2026-03-20 04:41:58.605125,2026-03-20 04:41:59.097990,0 days 00:00:00.492865,83.28630180086358,2.915041508521499,0.42385915135864694,Ag,PRUNED
1762,-1.0,2026-03-20 04:41:58.728119,2026-03-20 04:41:59.263012,0 days 00:00:00.534893,81.45408162724125,0.560689629843557,0.20070729541474958,Ag,COMPLETE
1763,-46.17117117114622,2026-03-20 04:41:58.983243,2026-03-20 04:41:59.810091,0 days 00:00:00.826848,62.937877552496744,0.6433690996856503,0.4304611947679058,Ag,COMPLETE
1764,-15.740740740739342,2026-03-20 04:41:59.056044,2026-03-20 04:41:59.872824,0 days 00:00:00.816780,36.34728212731529,16.44362145467148,0.3958657319360561,Ag,PRUNED
1765,-48.42342342339705,2026-03-20 04:41:59.166476,2026-03-20 04:41:59.961466,0 days 00:00:00.794990,72.49818015221949,0.89933775473931,0.4373291617086062,Ag,COMPLETE
1766,-1.0,2026-03-20 04:41:59.200771,2026-03-20 04:41:59.822878,0 days 00:00:00.622107,54.894405280029574,0.7512251368410079,0.549263239534452,Cu,COMPLETE
1767,-398.1807511736532,2026-03-20 04:41:59.232055,2026-03-20 04:41:59.961466,0 days 00:00:00.729411,20.354036490492668,19.753985429224755,0.9416569537036625,Au,COMPLETE
1768,-48.6111111110841,2026-03-20 04:41:59.359682,2026-03-20 04:42:00.107485,0 days 00:00:00.747803,69.5815267268133,0.5708086470976043,0.4402626226160621,Ag,COMPLETE
1769,-1.0,2026-03-20 04:41:59.448691,2026-03-20 04:41:59.912790,0 days 00:00:00.464099,54.29351548906246,0.5724635336946289,0.4877336700778292,Ag,COMPLETE
1770,-2.3809523809521087,2026-03-20 04:41:59.475808,2026-03-20 04:42:00.017156,0 days 00:00:00.541348,33.562383125724025,12.721380911422763,1.2052143854384416,Au,PRUNED
1771,-1.0,2026-03-20 04:41:59.987846,2026-03-20 04:42:00.659597,0 days 00:00:00.671751,32.94634319076285,18.61751628269541,0.6886417153245192,Au,COMPLETE
1772,-10.41666666666518,2026-03-20 04:42:00.044607,2026-03-20 04:42:00.935272,0 days 00:00:00.890665,22.580292841952623,18.46407845453616,0.9718015241126512,Au,PRUNED
1773,-1.0,2026-03-20 04:42:00.074592,2026-03-20 04:42:00.762110,0 days 00:00:00.687518,35.44901491467726,17.686172473599303,0.607123903449949,Au,COMPLETE
1774,-1.0,2026-03-20 04:42:00.123671,2026-03-20 04:42:00.527191,0 days 00:00:00.403520,82.42541538012928,0.5846163612383011,0.14205121490676506,Ag,COMPLETE
1775,0.0,2026-03-20 04:42:00.172101,2026-03-20 04:42:00.764111,0 days 00:00:00.592010,31.509761678177902,19.30695087795309,0.8448790110082826,Au,PRUNED
1776,-1.0,2026-03-20 04:42:00.218831,2026-03-20 04:42:00.934264,0 days 00:00:00.715433,20.769339569745505,16.465146739339296,0.5530762741286485,Au,COMPLETE
1777,0.0,2026-03-20 04:42:00.235928,2026-03-20 04:42:00.882867,0 days 00:00:00.646939,32.80475112758416,19.99091082457181,1.299364213046466,Au,PRUNED
1778,-1.0,2026-03-20 04:42:00.273552,2026-03-20 04:42:00.657674,0 days 00:00:00.384122,21.922107187422863,18.69569998568671,1.3720091041529678,Au,COMPLETE
1779,-37.037037037020575,2026-03-20 04:42:00.654832,2026-03-20 04:42:01.396804,0 days 00:00:00.741972,51.98886922834749,0.5589078601859037,0.39494763071189254,Ag,PRUNED
1780,0.0,2026-03-20 04:42:00.886863,2026-03-20 04:42:01.697394,0 days 00:00:00.810531,33.686033900818785,18.038768748490494,0.9991594612526584,Au,PRUNED
1781,-1.0,2026-03-20 04:42:00.969920,2026-03-20 04:42:01.602506,0 days 00:00:00.632586,39.4937087809577,18.682977380556473,1.079333200991977,Au,COMPLETE
1782,0.0,2026-03-20 04:42:00.983550,2026-03-20 04:42:01.603506,0 days 00:00:00.619956,39.37947875373917,19.90045291441543,1.1676393267188565,Au,PRUNED
1783,-1.0,2026-03-20 04:42:00.997023,2026-03-20 04:42:01.469504,0 days 00:00:00.472481,22.065837522372487,15.73207486595517,1.132952930461059,Au,COMPLETE
1784,0.0,2026-03-20 04:42:01.011806,2026-03-20 04:42:01.575626,0 days 00:00:00.563820,41.80532281635422,17.945413629603916,0.6650365371437339,Au,PRUNED
1785,-1.3020833333331705,2026-03-20 04:42:01.042422,2026-03-20 04:42:01.680305,0 days 00:00:00.637883,25.63852822373768,17.418153290069355,0.863923077773992,Au,PRUNED
1786,83.02696078431127,2026-03-20 04:42:01.159667,2026-03-20 04:42:01.679239,0 days 00:00:00.519572,24.03514324237144,19.238968513684476,1.0628508075454457,Au,PRUNED
1787,-1.0,2026-03-20 04:42:01.540272,2026-03-20 04:42:02.121900,0 days 00:00:00.581628,29.130355796024954,18.35057737494188,0.8963101542062446,Au,COMPLETE
1788,83.02696078431127,2026-03-20 04:42:01.651751,2026-03-20 04:42:02.313170,0 days 00:00:00.661419,25.161954617265835,18.633439311095042,0.9256381301348536,Au,PRUNED
1789,-0.8680555555555314,2026-03-20 04:42:01.728701,2026-03-20 04:42:02.239064,0 days 00:00:00.510363,55.268758876711516,13.031389513212101,1.5895693142852005,Au,PRUNED
1790,-1.0,2026-03-20 04:42:01.699601,2026-03-20 04:42:02.243582,0 days 00:00:00.543981,28.80689416797395,18.941410686499772,1.203653661324891,Cu,COMPLETE
1791,-0.5060728744939189,2026-03-20 04:42:01.755692,2026-03-20 04:42:02.299870,0 days 00:00:00.544178,86.5490611594958,9.35071506331045,1.3376821277719735,Au,PRUNED
1792,-1.0,2026-03-20 04:42:01.787738,2026-03-20 04:42:02.551703,0 days 00:00:00.763965,22.13033678298142,17.612080019501494,1.15674676819083,Au,COMPLETE
1793,-1.0,2026-03-20 04:42:01.865408,2026-03-20 04:42:02.424697,0 days 00:00:00.559289,92.67525517505162,18.702535530058555,0.9277153745330298,Ag,COMPLETE
1794,-1.0,2026-03-20 04:42:01.917327,2026-03-20 04:42:02.550703,0 days 00:00:00.633376,29.423585918973927,19.336480398301262,0.8790586217825265,Au,COMPLETE
1795,80.55555555555317,2026-03-20 04:42:02.358819,2026-03-20 04:42:02.704197,0 days 00:00:00.345378,31.000687740189687,16.97402363392927,0.8837130484454058,Au,PRUNED
1796,-9.259259259257888,2026-03-20 04:42:02.316733,2026-03-20 04:42:02.876790,0 days 00:00:00.560057,21.599463022917195,19.46234486505345,1.0488432295476378,Au,PRUNED
1797,-1.0,2026-03-20 04:42:02.396258,2026-03-20 04:42:02.909357,0 days 00:00:00.513099,25.363200612185583,15.093985159422841,0.9490839908038762,Au,COMPLETE
1798,-1.0,2026-03-20 04:42:02.504629,2026-03-20 04:42:03.022102,0 days 00:00:00.517473,31.65784486382323,19.15351562402471,1.0191609086186093,Au,COMPLETE
1799,-1.0,2026-03-20 04:42:02.594615,2026-03-20 04:42:03.051953,0 days 00:00:00.457338,24.328409242062975,19.113339307099228,0.8220121822992281,Au,COMPLETE
1800,-1.0,2026-03-20 04:42:02.563209,2026-03-20 04:42:03.080020,0 days 00:00:00.516811,29.759116055991804,15.453236741417486,0.86170001484918,Au,COMPLETE
1801,-1.0,2026-03-20 04:42:02.738604,2026-03-20 04:42:03.222328,0 days 00:00:00.483724,84.12739923102366,2.1775213277901857,0.11427630163954285,Ag,COMPLETE
1802,17.213642213641947,2026-03-20 04:42:02.783535,2026-03-20 04:42:03.319542,0 days 00:00:00.536007,79.92325165103146,12.103766802401601,0.3572680118631373,Cu,PRUNED
1803,0.0,2026-03-20 04:42:02.803714,2026-03-20 04:42:03.350280,0 days 00:00:00.546566,30.19578876209072,18.874743616484192,0.8417295377017202,Au,PRUNED
1804,-1.0,2026-03-20 04:42:02.976770,2026-03-20 04:42:03.514090,0 days 00:00:00.537320,72.86403365340978,18.659252936575584,1.3398168084309656,Au,COMPLETE
1805,-37.037037037020575,2026-03-20 04:42:03.016769,2026-03-20 04:42:03.874724,0 days 00:00:00.857955,51.50900712157335,0.6998914161314858,0.2954368112968076,Ag,PRUNED
1806,-1.0,2026-03-20 04:42:03.140055,2026-03-20 04:42:03.647537,0 days 00:00:00.507482,20.052365843881407,19.009985082763237,1.0137537838219581,Au,COMPLETE
1807,-1.0,2026-03-20 04:42:03.238751,2026-03-20 04:42:03.647537,0 days 00:00:00.408786,84.13233451572395,1.0414707377675043,0.30990330017407774,Ag,COMPLETE
1808,-1.0,2026-03-20 04:42:03.372226,2026-03-20 04:42:03.658353,0 days 00:00:00.286127,57.14466578638019,3.8279609152356255,0.11995653756063102,Ag,COMPLETE
1809,-1.0,2026-03-20 04:42:03.399802,2026-03-20 04:42:03.750992,0 days 00:00:00.351190,77.0445617639114,0.5355327836927402,0.39623807034349956,Ag,COMPLETE
1810,-12.387387387386047,2026-03-20 04:42:03.420672,2026-03-20 04:42:03.874724,0 days 00:00:00.454052,29.36785613404356,12.609894041645452,1.896331182305073,Au,PRUNED
1811,-1.0,2026-03-20 04:42:03.409756,2026-03-20 04:42:03.891233,0 days 00:00:00.481477,22.47347551267525,15.024009236842186,1.3227463090702634,Au,COMPLETE
1812,-44.87179487177163,2026-03-20 04:42:03.638660,2026-03-20 04:42:04.201193,0 days 00:00:00.562533,76.80677329568707,0.7062663402062213,0.3882574791991963,Ag,COMPLETE
1813,-34.090909090896695,2026-03-20 04:42:03.831152,2026-03-20 04:42:04.473580,0 days 00:00:00.642428,75.17347180127027,3.2031634987882915,0.4032993554682779,Ag,PRUNED
1814,-1.0,2026-03-20 04:42:03.854512,2026-03-20 04:42:04.393659,0 days 00:00:00.539147,24.371824345358718,19.646883597114048,0.9819607864198115,Au,COMPLETE
1815,82.09876543209633,2026-03-20 04:42:03.898632,2026-03-20 04:42:04.636219,0 days 00:00:00.737587,25.767246691911637,19.89902395156227,0.8312601270861854,Au,PRUNED
1816,-37.499999999985,2026-03-20 04:42:03.957333,2026-03-20 04:42:04.424602,0 days 00:00:00.467269,71.62569994043798,3.496848297909044,0.284919191723395,Ag,PRUNED
1817,3.9062499999995115,2026-03-20 04:42:03.973321,2026-03-20 04:42:04.774536,0 days 00:00:00.801215,24.63263746639984,18.937835449229897,0.7036149252909256,Au,PRUNED
1818,-48.611111111084135,2026-03-20 04:42:03.985991,2026-03-20 04:42:04.635054,0 days 00:00:00.649063,71.70105825339947,0.6288265095557823,0.4419035287188345,Ag,COMPLETE
1819,-1.0,2026-03-20 04:42:04.063298,2026-03-20 04:42:04.664092,0 days 00:00:00.600794,65.94474813362021,3.9236461755828103,0.11898179071376715,Ag,COMPLETE
1820,-43.74999999997842,2026-03-20 04:42:04.346772,2026-03-20 04:42:04.996152,0 days 00:00:00.649380,55.28298706564007,0.5000051132468738,0.4101165061159988,Ag,COMPLETE
1821,-42.61363636361706,2026-03-20 04:42:04.552266,2026-03-20 04:42:05.105025,0 days 00:00:00.552759,70.8572656144376,4.033280136188591,0.11859744730426841,Ag,COMPLETE
1822,-1.0,2026-03-20 04:42:04.594952,2026-03-20 04:42:05.090950,0 days 00:00:00.495998,23.891582451154594,17.369041979353582,0.6126555813606414,Au,COMPLETE
1823,0.0,2026-03-20 04:42:04.793806,2026-03-20 04:42:05.275096,0 days 00:00:00.481290,23.66024673117081,12.532017786849503,1.0636759608104307,Au,PRUNED
1824,-1.0,2026-03-20 04:42:04.804915,2026-03-20 04:42:05.187583,0 days 00:00:00.382668,62.71231949855603,0.5961958131879527,0.5257133437754119,Ag,COMPLETE
1825,-1.0,2026-03-20 04:42:04.821905,2026-03-20 04:42:05.308682,0 days 00:00:00.486777,85.38295228745206,6.79785682725606,0.3491161252268443,Cu,COMPLETE
1826,-1.0,2026-03-20 04:42:04.850836,2026-03-20 04:42:05.244269,0 days 00:00:00.393433,80.38521310662614,2.902862555400792,0.14951162429853587,Ag,COMPLETE
1827,-37.499999999985,2026-03-20 04:42:05.020812,2026-03-20 04:42:05.598524,0 days 00:00:00.577712,67.97367555850848,3.9195955501392405,0.33093814084898826,Ag,PRUNED
1828,0.0,2026-03-20 04:42:05.108036,2026-03-20 04:42:05.717552,0 days 00:00:00.609516,20.493684843606445,16.715161365942695,1.5172826561333808,Au,PRUNED
1829,-1.0,2026-03-20 04:42:05.294507,2026-03-20 04:42:05.659421,0 days 00:00:00.364914,20.225625605207846,15.062779517347193,0.6894935409966307,Au,COMPLETE
1830,-1.0,2026-03-20 04:42:05.339787,2026-03-20 04:42:05.764213,0 days 00:00:00.424426,41.63185432007212,16.528775350026113,0.9511706285198319,Cu,COMPLETE
1831,-1.0,2026-03-20 04:42:05.370656,2026-03-20 04:42:05.898103,0 days 00:00:00.527447,78.45339847220927,3.807310345857183,0.2547739824835268,Ag,COMPLETE
1832,-43.65079365077271,2026-03-20 04:42:05.400233,2026-03-20 04:42:05.979477,0 days 00:00:00.579244,78.1165575509316,2.4388895181358423,0.10146045283885023,Ag,COMPLETE
1833,-1.0,2026-03-20 04:42:05.468055,2026-03-20 04:42:05.980475,0 days 00:00:00.512420,82.88356260956499,3.4746008017052024,0.12416434552990349,Ag,COMPLETE
1834,-1.0,2026-03-20 04:42:05.485850,2026-03-20 04:42:05.932542,0 days 00:00:00.446692,80.13031822873931,3.580916534310687,0.17334871910120905,Ag,COMPLETE
1835,-1.0,2026-03-20 04:42:05.760932,2026-03-20 04:42:06.416490,0 days 00:00:00.655558,21.94794231318609,19.912671226721454,1.0015017693740829,Au,COMPLETE
1836,-46.171171171146376,2026-03-20 04:42:05.807534,2026-03-20 04:42:06.414976,0 days 00:00:00.607442,55.9782292274654,0.5466689881363086,0.11983640222744499,Ag,COMPLETE
1837,-1.0,2026-03-20 04:42:05.869540,2026-03-20 04:42:06.536505,0 days 00:00:00.666965,70.02749551798861,0.5923685615234435,0.4204934881340407,Ag,COMPLETE
1838,-37.499999999985,2026-03-20 04:42:06.026433,2026-03-20 04:42:06.709492,0 days 00:00:00.683059,63.88523144943276,4.452974099669974,0.10704115723839819,Ag,PRUNED
1839,-48.6111111110841,2026-03-20 04:42:06.055621,2026-03-20 04:42:06.531710,0 days 00:00:00.476089,65.69377975623196,0.6705511188485876,0.5091928304803345,Ag,COMPLETE
1840,-1.0,2026-03-20 04:42:06.088699,2026-03-20 04:42:06.678149,0 days 00:00:00.589450,89.54061292516886,6.168202233548238,1.6551611653538743,Ag,COMPLETE
1841,-0.8928571428571173,2026-03-20 04:42:06.122057,2026-03-20 04:42:06.659639,0 days 00:00:00.537582,23.19137688051392,15.542985039074562,0.1364150130762335,Ag,PRUNED
1842,-42.708333333311906,2026-03-20 04:42:06.184682,2026-03-20 04:42:06.863625,0 days 00:00:00.678943,56.74865731243008,0.6652518058897595,0.47867014601000846,Ag,COMPLETE
1843,-1.0,2026-03-20 04:42:06.486168,2026-03-20 04:42:06.957561,0 days 00:00:00.471393,23.24819635938172,16.777875969186976,0.8062466356267554,Ag,COMPLETE
1844,-1.0,2026-03-20 04:42:06.588845,2026-03-20 04:42:07.136790,0 days 00:00:00.547945,35.38123929598895,15.405367588453782,1.218159367690289,Au,COMPLETE
1845,-10.41666666666518,2026-03-20 04:42:06.803676,2026-03-20 04:42:07.403498,0 days 00:00:00.599822,22.95847195945184,18.869705648322032,0.5956510998345672,Au,PRUNED
1846,-1.0,2026-03-20 04:42:06.856238,2026-03-20 04:42:07.317672,0 days 00:00:00.461434,85.34613779101488,0.7704733840758009,0.17105548130618076,Ag,COMPLETE
1847,-0.666666666666656,2026-03-20 04:42:06.897007,2026-03-20 04:42:07.460226,0 days 00:00:00.563219,60.4059252088638,15.23337944126991,1.7955006672407565,Cu,PRUNED
1848,-1.0,2026-03-20 04:42:06.998171,2026-03-20 04:42:07.461236,0 days 00:00:00.463065,55.090004088262354,17.083958369755138,1.4594133198361532,Au,COMPLETE
1849,-1.0,2026-03-20 04:42:07.006147,2026-03-20 04:42:07.582795,0 days 00:00:00.576648,84.839209862571,1.0390905033597213,0.11474461995198719,Ag,COMPLETE
1850,-1.0,2026-03-20 04:42:07.024750,2026-03-20 04:42:07.428094,0 days 00:00:00.403344,40.51878733758876,3.4919281419700736,1.4177935289770554,Ag,COMPLETE
1851,-1.0,2026-03-20 04:42:07.089716,2026-03-20 04:42:07.644037,0 days 00:00:00.554321,88.35903610887344,0.7245366026288746,0.14803555594564444,Ag,COMPLETE
1852,-44.64285714283596,2026-03-20 04:42:07.272240,2026-03-20 04:42:08.209681,0 days 00:00:00.937441,67.6006891371005,2.9572938961186885,0.40921666651521404,Ag,COMPLETE
1853,-16.02564102563938,2026-03-20 04:42:07.531609,2026-03-20 04:42:08.179015,0 days 00:00:00.647406,28.44616250052675,11.845310257561477,1.6269362251558206,Au,PRUNED
1854,-1.0,2026-03-20 04:42:07.552998,2026-03-20 04:42:08.245183,0 days 00:00:00.692185,66.55444606261564,4.072453308826935,0.4100995504480079,Ag,COMPLETE
1855,-1.0,2026-03-20 04:42:07.617540,2026-03-20 04:42:08.246192,0 days 00:00:00.628652,27.201259476671797,12.746651209716903,1.6397028731659915,Au,COMPLETE
1856,-9.33908045976947,2026-03-20 04:42:07.647646,2026-03-20 04:42:08.547761,0 days 00:00:00.900115,25.321989714399308,16.1083964557474,0.7792894442672338,Cu,PRUNED
1857,-48.8095238094959,2026-03-20 04:42:07.709716,2026-03-20 04:42:08.609227,0 days 00:00:00.899511,64.09031329025296,0.5273338843770562,0.4464061284619383,Ag,COMPLETE
1858,0.0,2026-03-20 04:42:07.747645,2026-03-20 04:42:08.472234,0 days 00:00:00.724589,22.320167745207787,11.991487862090771,1.5899569670575593,Au,PRUNED
1859,-37.499999999985,2026-03-20 04:42:07.797532,2026-03-20 04:42:08.423559,0 days 00:00:00.626027,53.52220930202992,2.7185288658220936,0.3561113339409688,Ag,PRUNED
1860,-14.9999999999976,2026-03-20 04:42:08.376744,2026-03-20 04:42:09.082497,0 days 00:00:00.705753,36.50256499450423,4.878467565478676,0.533294546624946,Ag,PRUNED
1861,0.0,2026-03-20 04:42:08.458670,2026-03-20 04:42:09.083505,0 days 00:00:00.624835,20.021276179859115,15.798284003137566,0.8896997861416608,Au,PRUNED
1862,-12.820512820511505,2026-03-20 04:42:08.505726,2026-03-20 04:42:09.111133,0 days 00:00:00.605407,92.20584370005447,1.0109099640374906,0.11162067784754712,Au,PRUNED
1863,-15.624999999998437,2026-03-20 04:42:08.519761,2026-03-20 04:42:09.056084,0 days 00:00:00.536323,86.47866086300249,3.3769406132841504,0.10851011412508602,Au,PRUNED
1864,-0.8928571428571173,2026-03-20 04:42:08.566864,2026-03-20 04:42:09.196200,0 days 00:00:00.629336,23.59025622038781,16.890238273632743,0.1013803042891278,Ag,PRUNED
1865,-1.0,2026-03-20 04:42:08.582423,2026-03-20 04:42:09.172029,0 days 00:00:00.589606,57.25182377521429,3.7327220680528916,0.13045034303031858,Ag,COMPLETE
1866,-37.499999999985,2026-03-20 04:42:08.601500,2026-03-20 04:42:09.107611,0 days 00:00:00.506111,63.547645012065374,3.757248185693454,0.12684493006639724,Ag,PRUNED
1867,73.74100719424248,2026-03-20 04:42:08.698251,2026-03-20 04:42:09.549944,0 days 00:00:00.851693,43.85817025951375,13.872390446183791,0.9837155749222322,Au,PRUNED
1868,-1.0,2026-03-20 04:42:09.199207,2026-03-20 04:42:09.798777,0 days 00:00:00.599570,32.36027045232955,11.48169647980736,1.3903604569584516,Au,COMPLETE
1869,-37.499999999985,2026-03-20 04:42:09.174554,2026-03-20 04:42:09.931795,0 days 00:00:00.757241,55.90808799387587,3.027746481040744,0.1036714413428,Ag,PRUNED
1870,-1.0,2026-03-20 04:42:09.253030,2026-03-20 04:42:09.672921,0 days 00:00:00.419891,51.88507280719478,0.5923406705232337,0.10667615819113174,Au,COMPLETE
1871,-1.0,2026-03-20 04:42:09.273298,2026-03-20 04:42:09.723160,0 days 00:00:00.449862,51.12735332703703,0.5612022415994775,0.1076335436720769,Ag,COMPLETE
1872,-47.29729729727182,2026-03-20 04:42:09.300167,2026-03-20 04:42:09.722130,0 days 00:00:00.421963,60.582493663882204,0.8286230687809149,0.41088433783875056,Ag,COMPLETE
1873,-1.0,2026-03-20 04:42:09.316048,2026-03-20 04:42:09.894865,0 days 00:00:00.578817,77.96273669130137,0.6571864813159071,0.1078626720950642,Ag,COMPLETE
1874,-37.499999999985,2026-03-20 04:42:09.415589,2026-03-20 04:42:10.021408,0 days 00:00:00.605819,82.81951004627817,2.4937626720000723,0.10649389538048393,Ag,PRUNED
1875,-22.84946236558845,2026-03-20 04:42:09.617615,2026-03-20 04:42:10.242155,0 days 00:00:00.624540,27.818687588512272,19.00687149476011,1.3276244300982638,Ag,PRUNED
1876,-1.0,2026-03-20 04:42:09.823441,2026-03-20 04:42:10.405078,0 days 00:00:00.581637,77.99577354329065,3.1735782831812926,0.12694757933226908,Ag,COMPLETE
1877,-37.878787878774105,2026-03-20 04:42:09.931795,2026-03-20 04:42:10.523864,0 days 00:00:00.592069,78.63200978354685,3.2366925372613533,0.36302892597737546,Ag,PRUNED
1878,-1.0,2026-03-20 04:42:09.980663,2026-03-20 04:42:10.464684,0 days 00:00:00.484021,53.240137664173396,2.1551092013447986,0.11379515980716418,Ag,COMPLETE
1879,-1.0,2026-03-20 04:42:10.004316,2026-03-20 04:42:10.444486,0 days 00:00:00.440170,71.61755875245572,0.6543071397130372,0.4538589623042658,Ag,COMPLETE
1880,-1.0,2026-03-20 04:42:10.042540,2026-03-20 04:42:10.465683,0 days 00:00:00.423143,62.512320460620984,0.5412902387219736,0.40664067841589113,Ag,COMPLETE
1881,-1.0,2026-03-20 04:42:10.061587,2026-03-20 04:42:10.463683,0 days 00:00:00.402096,65.19108674842956,2.863723702307875,0.36571360651995244,Ag,COMPLETE
1882,-1.0,2026-03-20 04:42:10.134169,2026-03-20 04:42:10.637035,0 days 00:00:00.502866,61.2963657527774,3.802936836276409,0.38173326647923644,Ag,COMPLETE
1883,-33.33333333332,2026-03-20 04:42:10.294871,2026-03-20 04:42:10.778746,0 days 00:00:00.483875,54.2383075016256,2.5283628388618755,0.3467291177494407,Ag,PRUNED
1884,-43.560606060586124,2026-03-20 04:42:10.533680,2026-03-20 04:42:11.115463,0 days 00:00:00.581783,72.69141884242357,3.8826772684784574,0.1335454988622488,Ag,COMPLETE
1885,-1.0,2026-03-20 04:42:10.575884,2026-03-20 04:42:11.109705,0 days 00:00:00.533821,78.34845636489099,3.769007681414484,0.3365825203641898,Ag,COMPLETE
1886,-1.0,2026-03-20 04:42:10.608969,2026-03-20 04:42:11.044859,0 days 00:00:00.435890,81.61558038244227,0.8150809199528994,0.3289623336000782,Ag,COMPLETE
1887,-1.0,2026-03-20 04:42:10.588999,2026-03-20 04:42:11.111129,0 days 00:00:00.522130,53.950084958907,1.1042590186656591,0.1294677443159472,Ag,COMPLETE
1888,-1.0,2026-03-20 04:42:10.696030,2026-03-20 04:42:11.169371,0 days 00:00:00.473341,56.47274730094424,1.2547081390953392,0.48074665627631263,Au,COMPLETE
1889,-34.090909090896695,2026-03-20 04:42:10.822733,2026-03-20 04:42:11.279699,0 days 00:00:00.456966,49.49473269431992,2.131056761822033,0.10594365502896302,Ag,PRUNED
1890,-34.090909090896695,2026-03-20 04:42:10.840965,2026-03-20 04:42:11.485694,0 days 00:00:00.644729,56.05478949151711,3.011923058785279,0.33640709075742514,Ag,PRUNED
1891,-3.7393162393161434,2026-03-20 04:42:10.863829,2026-03-20 04:42:11.325500,0 days 00:00:00.461671,91.87704357871264,11.935694616903449,0.5871841671414374,Ag,PRUNED
1892,-1.0,2026-03-20 04:42:11.200271,2026-03-20 04:42:11.620936,0 days 00:00:00.420665,79.83906135195485,0.60600435361205,0.408595300095164,Cu,COMPLETE
1893,-43.74999999997842,2026-03-20 04:42:11.281249,2026-03-20 04:42:12.069795,0 days 00:00:00.788546,55.124770952899006,0.8086124926698912,0.16054544961437758,Ag,COMPLETE
1894,-40.74074074072244,2026-03-20 04:42:11.361122,2026-03-20 04:42:11.953245,0 days 00:00:00.592123,56.114127167439335,2.9332015065839174,0.1034078914857135,Ag,COMPLETE
1895,-0.8928571428571173,2026-03-20 04:42:11.378323,2026-03-20 04:42:12.011568,0 days 00:00:00.633245,21.241456696552092,17.263587049217257,0.1105019995744627,Ag,PRUNED
1896,-1.0,2026-03-20 04:42:11.371211,2026-03-20 04:42:11.852237,0 days 00:00:00.481026,63.69963890739088,3.863137343325569,0.33379163651165067,Ag,COMPLETE
1897,0.0,2026-03-20 04:42:11.425866,2026-03-20 04:42:12.027821,0 days 00:00:00.601955,51.317476712168514,18.64193795763262,0.8939641276249901,Au,PRUNED
1898,-37.499999999985,2026-03-20 04:42:11.405210,2026-03-20 04:42:12.134366,0 days 00:00:00.729156,84.06007380693055,0.5798459276095884,0.2482592382698383,Ag,PRUNED
1899,2.371273712737089,2026-03-20 04:42:11.550229,2026-03-20 04:42:12.327541,0 days 00:00:00.777312,101.72056882614774,14.586795823019552,1.2717805422514021,Cu,PRUNED
1900,-33.33333333332,2026-03-20 04:42:11.811487,2026-03-20 04:42:12.327541,0 days 00:00:00.516054,49.78673343262424,0.5142528689363,0.4210609954521487,Ag,PRUNED
1901,-1.0,2026-03-20 04:42:12.044752,2026-03-20 04:42:12.548859,0 days 00:00:00.504107,66.16963936438187,3.7687199498307025,0.10633128546053824,Ag,COMPLETE
1902,-20.325203252030537,2026-03-20 04:42:12.094316,2026-03-20 04:42:12.954499,0 days 00:00:00.860183,40.74743378824397,17.134769940479885,0.11668317646610259,Ag,PRUNED
1903,-1.0,2026-03-20 04:42:12.112947,2026-03-20 04:42:12.575098,0 days 00:00:00.462151,69.99099739960057,2.8789907277457236,0.4032291072963239,Ag,COMPLETE
1904,-1.0,2026-03-20 04:42:12.223324,2026-03-20 04:42:12.641679,0 days 00:00:00.418355,30.464570191250775,12.658693173306684,0.5522646552327211,Ag,COMPLETE
1905,-29.41176470587543,2026-03-20 04:42:12.249667,2026-03-20 04:42:12.836456,0 days 00:00:00.586789,73.45288675003006,7.428618740747419,1.1138307301137325,Ag,PRUNED
1906,-37.037037037020575,2026-03-20 04:42:12.318151,2026-03-20 04:42:13.138934,0 days 00:00:00.820783,63.257755426179635,3.1540572108521494,0.11907906555326994,Ag,PRUNED
1907,-1.0,2026-03-20 04:42:12.415134,2026-03-20 04:42:12.754233,0 days 00:00:00.339099,55.01453615742062,3.4242626515968735,0.12095111454111598,Ag,COMPLETE
1908,-1.0,2026-03-20 04:42:12.442478,2026-03-20 04:42:13.122743,0 days 00:00:00.680265,82.20449001607359,0.635821064765337,0.13752088881436972,Ag,COMPLETE
1909,-26.041666666660156,2026-03-20 04:42:12.715484,2026-03-20 04:42:13.215511,0 days 00:00:00.500027,47.861384780052326,4.6707723545469655,0.9862194769203841,Ag,PRUNED
1910,-1.0,2026-03-20 04:42:12.736651,2026-03-20 04:42:13.289398,0 days 00:00:00.552747,74.74190358053632,0.6063035841391113,0.5125674414893645,Ag,COMPLETE
1911,-37.499999999985,2026-03-20 04:42:12.983877,2026-03-20 04:42:13.775392,0 days 00:00:00.791515,83.68838954028439,0.7597512942634294,0.11914829763618318,Ag,PRUNED
1912,-33.33333333332,2026-03-20 04:42:13.024730,2026-03-20 04:42:13.728967,0 days 00:00:00.704237,84.45866815061576,0.8488425968533517,0.17942709810902172,Ag,PRUNED
1913,-354.9578059071283,2026-03-20 04:42:13.051265,2026-03-20 04:42:13.617540,0 days 00:00:00.566275,20.39769191606063,19.30342028459482,0.8327536492343564,Au,COMPLETE
1914,-47.297297297271975,2026-03-20 04:42:13.043044,2026-03-20 04:42:13.531389,0 days 00:00:00.488345,74.79891266011809,0.8768434254959959,0.40720370841667675,Ag,COMPLETE
1915,-1.0,2026-03-20 04:42:13.190121,2026-03-20 04:42:13.701093,0 days 00:00:00.510972,78.57546265781647,0.8907177794476524,0.11701451336803458,Ag,COMPLETE
1916,-22.222222222216296,2026-03-20 04:42:13.277809,2026-03-20 04:42:13.942834,0 days 00:00:00.665025,89.25328510370817,0.5265344148151329,0.13017192803223301,Ag,PRUNED
1917,-42.63565891470892,2026-03-20 04:42:13.389621,2026-03-20 04:42:13.924835,0 days 00:00:00.535214,74.07234326963123,2.446434205143084,0.45409695346398826,Ag,COMPLETE
1918,-37.499999999985,2026-03-20 04:42:13.437864,2026-03-20 04:42:14.044419,0 days 00:00:00.606555,73.27367433108122,3.2260911484790435,0.35639569570918583,Ag,PRUNED
1919,0.0,2026-03-20 04:42:13.692393,2026-03-20 04:42:14.368480,0 days 00:00:00.676087,20.180339521332442,19.101991611337127,0.5443732763225066,Au,PRUNED
1920,-44.9561403508536,2026-03-20 04:42:13.774627,2026-03-20 04:42:14.434039,0 days 00:00:00.659412,55.60551428343984,0.5262020308456178,0.15578888061393786,Ag,COMPLETE
1921,-9.259259259257888,2026-03-20 04:42:13.836337,2026-03-20 04:42:14.516874,0 days 00:00:00.680537,20.99765565594336,19.514279849649963,1.3647596463602465,Au,PRUNED
1922,-1.0,2026-03-20 04:42:13.963529,2026-03-20 04:42:14.432498,0 days 00:00:00.468969,27.300405497713584,17.295474658494577,0.7678068324661411,Au,COMPLETE
1923,80.86419753086179,2026-03-20 04:42:13.988757,2026-03-20 04:42:14.518873,0 days 00:00:00.530116,29.590279277926747,17.559101633242516,1.006010690280726,Au,PRUNED
1924,-378.914988814267,2026-03-20 04:42:14.014881,2026-03-20 04:42:14.777301,0 days 00:00:00.762420,20.511458588151317,19.19505507875295,1.2044570804691133,Au,COMPLETE
1925,-1.0,2026-03-20 04:42:14.043345,2026-03-20 04:42:14.619012,0 days 00:00:00.575667,36.33838874998482,16.81979098981562,1.1197112863648142,Au,COMPLETE
1926,-1.0,2026-03-20 04:42:14.198729,2026-03-20 04:42:14.776258,0 days 00:00:00.577529,24.390963096057124,19.398482425453885,0.4811649659117894,Au,COMPLETE
1927,2.7777777777774073,2026-03-20 04:42:14.409191,2026-03-20 04:42:15.101795,0 days 00:00:00.692604,22.90416410968134,19.812650536599183,0.9324937932383592,Au,PRUNED
1928,-1.0,2026-03-20 04:42:14.574894,2026-03-20 04:42:15.189863,0 days 00:00:00.614969,20.13634156398232,18.847176134484332,0.722130328258056,Au,COMPLETE
1929,0.0,2026-03-20 04:42:14.639516,2026-03-20 04:42:15.338678,0 days 00:00:00.699162,43.252685757833234,17.962540478727277,0.8244462913137673,Au,PRUNED
1930,-13.480392156861159,2026-03-20 04:42:14.679010,2026-03-20 04:42:15.190865,0 days 00:00:00.511855,23.899979048635387,16.58373540800772,0.8276928495544279,Au,PRUNED
1931,-37.499999999985,2026-03-20 04:42:14.710231,2026-03-20 04:42:15.421368,0 days 00:00:00.711137,61.845683564734,3.8400853243244635,0.10968334705772334,Ag,PRUNED
1932,-1.0,2026-03-20 04:42:14.846065,2026-03-20 04:42:15.465237,0 days 00:00:00.619172,40.459114914411735,18.75367623042332,1.3327813601825258,Au,COMPLETE
1933,0.0,2026-03-20 04:42:14.917906,2026-03-20 04:42:15.622810,0 days 00:00:00.704904,21.04562462801988,17.87533828146489,1.0234856182488477,Au,PRUNED
1934,-1.0,2026-03-20 04:42:14.948025,2026-03-20 04:42:15.497119,0 days 00:00:00.549094,28.65665333486588,18.5561601656936,1.3228458627206925,Au,COMPLETE
1935,-1.0,2026-03-20 04:42:15.186295,2026-03-20 04:42:15.633829,0 days 00:00:00.447534,101.09725251457218,9.62514397788069,1.9865666337633496,Au,COMPLETE
1936,-1.0,2026-03-20 04:42:15.280839,2026-03-20 04:42:15.828120,0 days 00:00:00.547281,20.649792981606964,18.80456432076267,1.2641292528157122,Au,COMPLETE
1937,83.33333333333088,2026-03-20 04:42:15.409477,2026-03-20 04:42:16.034445,0 days 00:00:00.624968,23.098718517469496,19.479347348544795,1.3999557584296138,Au,PRUNED
1938,-1.0,2026-03-20 04:42:15.443859,2026-03-20 04:42:15.941741,0 days 00:00:00.497882,21.561416068252274,19.413172587449864,1.3931154116992273,Au,COMPLETE
1939,-1.0,2026-03-20 04:42:15.516894,2026-03-20 04:42:16.032927,0 days 00:00:00.516033,37.10373605626451,19.27148878037125,1.4726189223669937,Au,COMPLETE
1940,-1.0,2026-03-20 04:42:15.568133,2026-03-20 04:42:16.034445,0 days 00:00:00.466312,22.253410517396368,14.957362119058283,1.165259255068366,Au,COMPLETE
1941,-1.0,2026-03-20 04:42:15.662908,2026-03-20 04:42:16.099960,0 days 00:00:00.437052,22.381008683565376,17.364697216770484,0.9217670436501393,Au,COMPLETE
1942,-1.0,2026-03-20 04:42:15.714088,2026-03-20 04:42:16.101160,0 days 00:00:00.387072,36.917448775582145,17.222085291047996,1.3032560900182812,Au,COMPLETE
1943,0.0,2026-03-20 04:42:15.771734,2026-03-20 04:42:16.284227,0 days 00:00:00.512493,20.25675449930613,17.844498703257102,0.617123967891803,Au,PRUNED
1944,3.571428571428163,2026-03-20 04:42:15.955845,2026-03-20 04:42:16.624050,0 days 00:00:00.668205,28.68782625395131,16.082913620918955,0.9760195220186129,Au,PRUNED
1945,0.0,2026-03-20 04:42:16.094486,2026-03-20 04:42:16.810065,0 days 00:00:00.715579,37.14536938434398,19.50663460490202,0.904634747822973,Au,PRUNED
1946,-8.928571428570153,2026-03-20 04:42:16.181866,2026-03-20 04:42:16.932524,0 days 00:00:00.750658,22.05041258644991,19.006203876207184,1.1652152869315027,Au,PRUNED
1947,0.166666666666664,2026-03-20 04:42:16.142188,2026-03-20 04:42:17.264674,0 days 00:00:01.122486,109.45150584786515,9.094693278118301,0.72101579679669,Cu,PRUNED
1948,-1.0,2026-03-20 04:42:16.238218,2026-03-20 04:42:16.866317,0 days 00:00:00.628099,25.613205792101787,16.42260401471269,1.117507497084945,Au,COMPLETE
1949,2.358490566037558,2026-03-20 04:42:16.286756,2026-03-20 04:42:16.935099,0 days 00:00:00.648343,39.08290048704441,12.378129206697812,0.9317607878177961,Au,PRUNED
1950,-1.0,2026-03-20 04:42:16.334239,2026-03-20 04:42:16.934591,0 days 00:00:00.600352,31.473077704792477,18.786286556435304,0.8013061692368031,Au,COMPLETE
1951,-11.494252873561631,2026-03-20 04:42:16.365976,2026-03-20 04:42:17.123312,0 days 00:00:00.757336,22.23803742812287,18.315159976024106,1.2693333108813354,Au,PRUNED
1952,-1.0,2026-03-20 04:42:16.692359,2026-03-20 04:42:17.376603,0 days 00:00:00.684244,113.44935385934151,4.873231428135792,1.3645670210467116,Au,COMPLETE
1953,-1.0,2026-03-20 04:42:16.907395,2026-03-20 04:42:17.627947,0 days 00:00:00.720552,24.048310191548847,17.979559893330403,1.2392389588726875,Au,COMPLETE
1954,83.02696078431127,2026-03-20 04:42:17.042853,2026-03-20 04:42:17.845652,0 days 00:00:00.802799,24.440887197949714,19.57585347002549,0.911287399261173,Au,PRUNED
1955,-1.0,2026-03-20 04:42:17.082739,2026-03-20 04:42:17.541885,0 days 00:00:00.459146,31.945271718551922,19.982200015820627,0.8459968645722595,Au,COMPLETE
1956,-1.0,2026-03-20 04:42:17.098484,2026-03-20 04:42:17.611310,0 days 00:00:00.512826,26.13177885855641,19.341352003304188,0.7662237129681624,Au,COMPLETE
1957,-1.0,2026-03-20 04:42:17.198214,2026-03-20 04:42:17.685607,0 days 00:00:00.487393,63.93768431083213,19.968949066411124,0.7141873611720821,Au,COMPLETE
1958,-379.47427293059803,2026-03-20 04:42:17.205889,2026-03-20 04:42:17.959884,0 days 00:00:00.753995,22.17410496336588,18.10837327421659,1.1665861416914718,Au,COMPLETE
1959,-1.0,2026-03-20 04:42:17.347124,2026-03-20 04:42:18.112195,0 days 00:00:00.765071,24.821407213896315,19.771682063624105,0.7008759579399656,Au,COMPLETE
1960,-9.562841530054019,2026-03-20 04:42:17.544885,2026-03-20 04:42:18.239847,0 days 00:00:00.694962,26.035978960232505,12.704288570856427,0.9062076550128201,Au,PRUNED
1961,0.0,2026-03-20 04:42:17.743890,2026-03-20 04:42:18.338728,0 days 00:00:00.594838,31.388644787557425,19.548467946368664,1.029028151837558,Au,PRUNED
1962,-1.0,2026-03-20 04:42:17.784707,2026-03-20 04:42:18.458212,0 days 00:00:00.673505,23.099185276122025,16.27203410541021,1.2582509572412115,Au,COMPLETE
1963,-1.0,2026-03-20 04:42:17.831520,2026-03-20 04:42:18.488737,0 days 00:00:00.657217,34.33149947558922,15.864495566597192,1.4185914288931785,Au,COMPLETE
1964,-1.0,2026-03-20 04:42:17.873026,2026-03-20 04:42:18.398933,0 days 00:00:00.525907,46.1934229034801,19.353989425946164,1.186890708095508,Au,COMPLETE
1965,-1.0,2026-03-20 04:42:17.901768,2026-03-20 04:42:18.344667,0 days 00:00:00.442899,23.03158155004157,16.02482235966508,1.1721003622509247,Au,COMPLETE
1966,-1.0,2026-03-20 04:42:18.197364,2026-03-20 04:42:18.861636,0 days 00:00:00.664272,37.924665309062235,15.615681424566553,1.4238054811245278,Au,COMPLETE
1967,-345.6790123456366,2026-03-20 04:42:18.159173,2026-03-20 04:42:19.033292,0 days 00:00:00.874119,20.408349323068773,18.754365793096426,1.2362561558355405,Au,COMPLETE
1968,-5.952380952380102,2026-03-20 04:42:18.277618,2026-03-20 04:42:19.031269,0 days 00:00:00.753651,22.316447291112954,19.065838283884844,1.1799863887178892,Au,PRUNED
1969,-1.0,2026-03-20 04:42:18.542819,2026-03-20 04:42:19.093765,0 days 00:00:00.550946,27.017588432929756,16.70595094281149,0.9418789831319512,Au,COMPLETE
1970,-1.0,2026-03-20 04:42:18.572305,2026-03-20 04:42:19.143479,0 days 00:00:00.571174,42.43120244028431,17.04182891713012,1.1483478232367905,Au,COMPLETE
1971,-1.0,2026-03-20 04:42:18.594277,2026-03-20 04:42:19.202723,0 days 00:00:00.608446,40.1699387296522,18.684178763962834,1.227185726341705,Au,COMPLETE
1972,-1.0,2026-03-20 04:42:18.642479,2026-03-20 04:42:19.091919,0 days 00:00:00.449440,30.48009010801269,19.531989594129058,1.371890998586067,Au,COMPLETE
1973,-1.0,2026-03-20 04:42:18.682958,2026-03-20 04:42:19.201719,0 days 00:00:00.518761,38.97877405293677,16.730472001878727,1.6080056588500133,Au,COMPLETE
1974,-1.0,2026-03-20 04:42:19.055417,2026-03-20 04:42:19.512613,0 days 00:00:00.457196,41.00496609415627,16.030514716362674,1.102065333134026,Au,COMPLETE
1975,-1.0,2026-03-20 04:42:19.112499,2026-03-20 04:42:19.606326,0 days 00:00:00.493827,27.252414628370023,19.74119256824228,1.0971549526657889,Au,COMPLETE
1976,-1.0,2026-03-20 04:42:19.196485,2026-03-20 04:42:19.651040,0 days 00:00:00.454555,30.684157035447868,18.50026510822301,1.1187618543367348,Au,COMPLETE
1977,0.0,2026-03-20 04:42:19.030763,2026-03-20 04:42:19.717240,0 days 00:00:00.686477,35.67904112875455,18.20397321158747,1.27433925080482,Au,PRUNED
1978,-1.0,2026-03-20 04:42:19.290922,2026-03-20 04:42:19.766448,0 days 00:00:00.475526,23.231484866227976,16.10714342526984,1.1777497022964842,Au,COMPLETE
1979,-1.0,2026-03-20 04:42:19.332050,2026-03-20 04:42:19.717240,0 days 00:00:00.385190,28.723765656417598,17.76140034345792,1.2039646671139106,Au,COMPLETE
1980,0.0,2026-03-20 04:42:19.360505,2026-03-20 04:42:20.075910,0 days 00:00:00.715405,20.737173588114363,15.986276719022708,1.250987281777915,Au,PRUNED
1981,-1.0,2026-03-20 04:42:19.440963,2026-03-20 04:42:19.953095,0 days 00:00:00.512132,49.75684763222846,17.956504862919104,1.287213958283568,Au,COMPLETE
1982,-1.0,2026-03-20 04:42:19.697187,2026-03-20 04:42:20.259786,0 days 00:00:00.562599,31.18801489358234,18.91034835559987,1.2110938159860531,Au,COMPLETE
1983,-1.0,2026-03-20 04:42:19.796445,2026-03-20 04:42:20.358970,0 days 00:00:00.562525,28.540490937714438,16.60286647754611,1.279788808342556,Au,COMPLETE
1984,0.0,2026-03-20 04:42:19.826818,2026-03-20 04:42:20.605345,0 days 00:00:00.778527,20.06610818174517,17.54276686952678,1.1598440448709302,Au,PRUNED
1985,82.41421568627209,2026-03-20 04:42:19.872687,2026-03-20 04:42:20.360992,0 days 00:00:00.488305,25.417321333538023,17.70285097664244,1.6761857054852713,Au,PRUNED
1986,2.525252525252219,2026-03-20 04:42:19.892133,2026-03-20 04:42:20.456984,0 days 00:00:00.564851,24.643754615523772,18.002588947450274,1.3715606750107674,Au,PRUNED
1987,-1.0,2026-03-20 04:42:19.959099,2026-03-20 04:42:20.454558,0 days 00:00:00.495459,21.3656829772511,18.51216739240501,1.297741008239911,Au,COMPLETE
1988,-1.0,2026-03-20 04:42:20.116399,2026-03-20 04:42:20.546347,0 days 00:00:00.429948,26.806751308849563,19.230182339209748,1.0899564599382292,Ag,COMPLETE
1989,-24.999999999996668,2026-03-20 04:42:20.161767,2026-03-20 04:42:20.834347,0 days 00:00:00.672580,30.038867907265825,18.78494486278877,0.9515272933845522,Ag,PRUNED
1990,-1.0,2026-03-20 04:42:20.354630,2026-03-20 04:42:20.939548,0 days 00:00:00.584918,22.49060805116035,14.85613452772279,1.399804178766258,Au,COMPLETE
1991,-1.0,2026-03-20 04:42:20.495189,2026-03-20 04:42:21.014329,0 days 00:00:00.519140,23.845529561474205,17.30553957626583,1.1589235481452838,Au,COMPLETE
1992,-1.0,2026-03-20 04:42:20.555332,2026-03-20 04:42:21.103885,0 days 00:00:00.548553,25.69295670947441,17.514155606579806,1.4783413034132031,Au,COMPLETE
1993,-10.416666666665364,2026-03-20 04:42:20.616836,2026-03-20 04:42:21.254677,0 days 00:00:00.637841,23.906296956377098,16.442134167148303,1.5690017704231876,Au,PRUNED
1994,-1.0,2026-03-20 04:42:20.671125,2026-03-20 04:42:21.100844,0 days 00:00:00.429719,20.299089161797056,15.22490545137989,1.1293185712036045,Au,COMPLETE
1995,-13.095238095236597,2026-03-20 04:42:20.703353,2026-03-20 04:42:21.254172,0 days 00:00:00.550819,24.114455589505766,15.830800682295298,1.3845484771862306,Au,PRUNED
1996,-1.0,2026-03-20 04:42:20.722515,2026-03-20 04:42:21.198200,0 days 00:00:00.475685,20.07244522572573,15.09885302912314,1.1053381830813285,Au,COMPLETE
1997,0.0,2026-03-20 04:42:20.912639,2026-03-20 04:42:21.467402,0 days 00:00:00.554763,30.695476117572294,19.491920448571356,1.2679480639585003,Au,PRUNED
1998,-1.0,2026-03-20 04:42:21.067172,2026-03-20 04:42:21.640008,0 days 00:00:00.572836,40.69916585511926,18.71271125242246,0.8521596533733069,Au,COMPLETE
1999,-5.952380952380102,2026-03-20 04:42:21.264207,2026-03-20 04:42:22.063040,0 days 00:00:00.798833,22.96418710847025,18.935832068915648,0.8807417094344945,Au,PRUNED
2000,0.0,2026-03-20 04:42:21.314345,2026-03-20 04:42:22.035440,0 days 00:00:00.721095,20.190541337564987,16.945939881288847,1.2221616900827492,Au,PRUNED
2001,1.3020833333331705,2026-03-20 04:42:21.327176,2026-03-20 04:42:21.876116,0 days 00:00:00.548940,25.371242841778678,17.533250940116435,1.0412701856711153,Au,PRUNED
2002,83.33333333333088,2026-03-20 04:42:21.352528,2026-03-20 04:42:22.062039,0 days 00:00:00.709511,23.672125093249917,19.667876855271956,1.0443602004083947,Au,PRUNED
2003,0.0,2026-03-20 04:42:21.383883,2026-03-20 04:42:22.027312,0 days 00:00:00.643429,37.152992453257056,19.72229562672565,0.628277330279691,Au,PRUNED
2004,-1.0,2026-03-20 04:42:21.423190,2026-03-20 04:42:22.127195,0 days 00:00:00.704005,25.249156422480393,19.955175408919814,1.5487547921271623,Cu,COMPLETE
2005,-1.0,2026-03-20 04:42:21.550165,2026-03-20 04:42:22.038021,0 days 00:00:00.487856,23.305101750836247,19.778999276384805,1.390437547266027,Au,COMPLETE
2006,-2.7777777777774073,2026-03-20 04:42:21.825148,2026-03-20 04:42:22.925099,0 days 00:00:01.099951,23.609671995821515,18.437928186358842,1.1244735459784496,Au,PRUNED
2007,-1.0,2026-03-20 04:42:21.968965,2026-03-20 04:42:22.679163,0 days 00:00:00.710198,35.25000032676271,19.971185221201402,0.8588989919096885,Au,COMPLETE
2008,0.0,2026-03-20 04:42:22.165187,2026-03-20 04:42:22.938126,0 days 00:00:00.772939,33.86418150701518,19.187611241501823,1.5807553512813803,Au,PRUNED
2009,-1.0,2026-03-20 04:42:22.175930,2026-03-20 04:42:22.680730,0 days 00:00:00.504800,21.547472734122564,17.22569696216624,1.3794366880597235,Au,COMPLETE
2010,0.0,2026-03-20 04:42:22.192795,2026-03-20 04:42:22.862019,0 days 00:00:00.669224,31.95151504542639,19.203510217385812,1.447518273877841,Au,PRUNED
2011,0.0,2026-03-20 04:42:22.207578,2026-03-20 04:42:22.955099,0 days 00:00:00.747521,20.022123728730747,15.502772676657374,1.0526295959289282,Au,PRUNED
2012,-302.65567765564464,2026-03-20 04:42:22.254931,2026-03-20 04:42:22.859461,0 days 00:00:00.604530,22.53713152622444,16.738706065975112,0.8482056539167555,Au,COMPLETE
2013,-1.0,2026-03-20 04:42:22.282328,2026-03-20 04:42:22.782808,0 days 00:00:00.500480,22.157472777578338,17.490120841285364,0.9296377040109287,Au,COMPLETE
2014,-1.0,2026-03-20 04:42:22.900536,2026-03-20 04:42:23.451089,0 days 00:00:00.550553,22.511837102028306,14.062774593423432,0.732159945430479,Au,COMPLETE
2015,-13.888888888887205,2026-03-20 04:42:22.992250,2026-03-20 04:42:23.563992,0 days 00:00:00.571742,25.94071612644131,16.00702979078874,0.656462089333925,Au,PRUNED
2016,-1.0,2026-03-20 04:42:23.003440,2026-03-20 04:42:23.475024,0 days 00:00:00.471584,40.87724429813083,17.857148418347677,0.9955555613400058,Au,COMPLETE
2017,-1.0,2026-03-20 04:42:23.018625,2026-03-20 04:42:23.610062,0 days 00:00:00.591437,23.175128677682043,16.24530228213517,1.2430124393404067,Ag,COMPLETE
2018,-1.0,2026-03-20 04:42:23.034293,2026-03-20 04:42:23.579025,0 days 00:00:00.544732,21.9885970823915,13.513680896390266,0.2038440434517219,Cu,COMPLETE
2019,-15.765765765764062,2026-03-20 04:42:23.049980,2026-03-20 04:42:23.885835,0 days 00:00:00.835855,26.523375309044305,14.338082229923522,0.8022771434678715,Au,PRUNED
2020,-4.464285714285077,2026-03-20 04:42:23.064521,2026-03-20 04:42:23.720395,0 days 00:00:00.655874,22.40400126992783,19.19263707177495,1.2137523917508057,Au,PRUNED
2021,-1.0,2026-03-20 04:42:23.078626,2026-03-20 04:42:23.677108,0 days 00:00:00.598482,20.300449040735725,19.17845485018916,1.3479879732384783,Au,COMPLETE
2022,0.0,2026-03-20 04:42:23.598337,2026-03-20 04:42:24.276711,0 days 00:00:00.678374,42.586057404853385,14.56861007690796,1.1891090803975237,Au,PRUNED
2023,0.0,2026-03-20 04:42:23.638088,2026-03-20 04:42:24.608634,0 days 00:00:00.970546,20.449515904119544,18.866238311243155,0.9585371767067237,Au,PRUNED
2024,-1.0,2026-03-20 04:42:23.755563,2026-03-20 04:42:24.222383,0 days 00:00:00.466820,22.526322895744173,16.97526813284628,1.059150720674208,Au,COMPLETE
2025,0.0,2026-03-20 04:42:23.772259,2026-03-20 04:42:24.848240,0 days 00:00:01.075981,42.93469219295089,15.837928709494014,0.8331274098182111,Au,PRUNED
2026,-10.80246913580087,2026-03-20 04:42:23.806373,2026-03-20 04:42:24.526023,0 days 00:00:00.719650,22.097363404517548,19.362013087638342,0.7144707156971162,Au,PRUNED
2027,2.604166666666341,2026-03-20 04:42:23.832557,2026-03-20 04:42:24.567619,0 days 00:00:00.735062,23.691783046354868,19.20508421245617,1.0517053873238749,Au,PRUNED
2028,0.0,2026-03-20 04:42:23.919694,2026-03-20 04:42:24.771426,0 days 00:00:00.851732,45.42189280614487,16.452022733493465,0.7827696366051861,Au,PRUNED
2029,-1.0,2026-03-20 04:42:23.978391,2026-03-20 04:42:24.446728,0 days 00:00:00.468337,21.731547701614176,19.709745783704,1.692036418709622,Au,COMPLETE
2030,-3.205128205127712,2026-03-20 04:42:24.396437,2026-03-20 04:42:25.173845,0 days 00:00:00.777408,22.384799304285785,19.991364027709597,0.6044595782407944,Au,PRUNED
2031,0.0,2026-03-20 04:42:24.483272,2026-03-20 04:42:25.222836,0 days 00:00:00.739564,35.70722354809449,16.026525741973384,1.0749052421981369,Au,PRUNED
2032,-1.0,2026-03-20 04:42:24.612242,2026-03-20 04:42:25.394326,0 days 00:00:00.782084,52.47996152512107,16.000250408208068,0.1040520552652755,Cu,COMPLETE
2033,-1.0,2026-03-20 04:42:24.682901,2026-03-20 04:42:25.376467,0 days 00:00:00.693566,20.563991390601778,18.247433638992867,0.8121786224362091,Au,COMPLETE
2034,3.571428571428163,2026-03-20 04:42:24.707626,2026-03-20 04:42:25.521259,0 days 00:00:00.813633,28.52332470404754,18.73070580541754,0.9271902775225005,Cu,PRUNED
2035,0.0,2026-03-20 04:42:24.797727,2026-03-20 04:42:25.522297,0 days 00:00:00.724570,37.73509494843292,16.137828251860952,0.7142208936397437,Au,PRUNED
2036,-1.0,2026-03-20 04:42:24.842909,2026-03-20 04:42:25.344323,0 days 00:00:00.501414,24.38113697515876,15.38268465125271,0.754895124288877,Au,COMPLETE
2037,-1.0,2026-03-20 04:42:25.080487,2026-03-20 04:42:25.758183,0 days 00:00:00.677696,29.305729980482425,19.718363108024466,1.0524468376398781,Cu,COMPLETE
2038,-1.0,2026-03-20 04:42:25.255555,2026-03-20 04:42:25.822139,0 days 00:00:00.566584,23.82057972389062,16.847775325815537,0.9263885245318506,Au,COMPLETE
2039,-1.0,2026-03-20 04:42:25.295181,2026-03-20 04:42:25.953176,0 days 00:00:00.657995,45.76171423037076,18.303059256984913,0.2681028207954763,Au,COMPLETE
2040,4.084967320261118,2026-03-20 04:42:25.570023,2026-03-20 04:42:26.078273,0 days 00:00:00.508250,31.320035423227427,15.52304332350005,0.7358696498924062,Au,PRUNED
2041,-1.0,2026-03-20 04:42:25.588720,2026-03-20 04:42:26.029776,0 days 00:00:00.441056,24.01027124524051,17.074847909084113,0.8542401280757459,Au,COMPLETE
2042,-1.0,2026-03-20 04:42:25.599252,2026-03-20 04:42:26.007678,0 days 00:00:00.408426,21.24493270216332,17.54366462165831,0.9249850004826071,Au,COMPLETE
2043,0.0,2026-03-20 04:42:25.615276,2026-03-20 04:42:26.516776,0 days 00:00:00.901500,20.29340796440388,18.08953476271154,0.7839879528278016,Au,PRUNED
2044,-1.0,2026-03-20 04:42:25.652606,2026-03-20 04:42:26.216502,0 days 00:00:00.563896,21.10489229718477,14.177077589130114,0.8469875461053604,Au,COMPLETE
2045,-1.0,2026-03-20 04:42:25.990926,2026-03-20 04:42:26.486358,0 days 00:00:00.495432,57.96688382225489,5.85695091101045,1.8457969160679184,Au,COMPLETE
2046,-1.0,2026-03-20 04:42:26.049478,2026-03-20 04:42:26.483328,0 days 00:00:00.433850,21.119548202795624,19.738911968903732,0.8374992758786407,Au,COMPLETE
2047,-0.897988505747111,2026-03-20 04:42:26.126553,2026-03-20 04:42:26.886401,0 days 00:00:00.759848,73.18369612183875,19.90469949068745,1.9116171052468558,Au,PRUNED
2048,-1.0,2026-03-20 04:42:26.181427,2026-03-20 04:42:26.541241,0 days 00:00:00.359814,29.35753555690681,14.930603969031651,0.41514761971751213,Au,COMPLETE
2049,-1.0,2026-03-20 04:42:26.202889,2026-03-20 04:42:26.917423,0 days 00:00:00.714534,20.766295985104986,18.996091422439743,1.1895528278918899,Au,COMPLETE
2050,-352.98742138360325,2026-03-20 04:42:26.269447,2026-03-20 04:42:27.059399,0 days 00:00:00.789952,20.217761013606193,19.00651840943749,1.257671887065022,Au,COMPLETE
2051,-1.0,2026-03-20 04:42:26.352940,2026-03-20 04:42:26.829414,0 days 00:00:00.476474,20.314363911681674,17.098574955768363,0.8852263929406434,Au,COMPLETE
2052,0.0,2026-03-20 04:42:26.565592,2026-03-20 04:42:27.109062,0 days 00:00:00.543470,117.29846243444277,19.237572905863576,0.75788758836683,Cu,PRUNED
2053,24.6855345911946,2026-03-20 04:42:26.634638,2026-03-20 04:42:27.312337,0 days 00:00:00.677699,55.62019463444382,18.85514284447863,0.9903984994883341,Ag,PRUNED
2054,-0.8928571428571173,2026-03-20 04:42:26.701076,2026-03-20 04:42:27.217451,0 days 00:00:00.516375,21.213898104187813,16.108662067506017,0.9650538685669935,Ag,PRUNED
2055,0.0,2026-03-20 04:42:26.763251,2026-03-20 04:42:27.327297,0 days 00:00:00.564046,23.26187472071187,14.102328696667144,0.721455210587618,Au,PRUNED
2056,-1.0,2026-03-20 04:42:26.985692,2026-03-20 04:42:27.465650,0 days 00:00:00.479958,33.80086984676798,19.348819053027484,1.0671133427642905,Au,COMPLETE
2057,-318.9655172413429,2026-03-20 04:42:27.009223,2026-03-20 04:42:27.534729,0 days 00:00:00.525506,20.962123265208966,17.971128677058893,1.103217718316114,Au,COMPLETE
2058,-1.0,2026-03-20 04:42:27.130701,2026-03-20 04:42:27.637913,0 days 00:00:00.507212,23.707097527240773,15.866537715455097,1.4201116977370525,Au,COMPLETE
2059,0.0,2026-03-20 04:42:27.233391,2026-03-20 04:42:27.931784,0 days 00:00:00.698393,34.599819882151515,17.51476163929999,1.1067915943550304,Au,PRUNED
2060,-360.8440170939709,2026-03-20 04:42:27.283600,2026-03-20 04:42:27.919078,0 days 00:00:00.635478,20.627873140387024,18.635109340948095,1.4662167989528645,Au,COMPLETE
2061,0.0,2026-03-20 04:42:27.303561,2026-03-20 04:42:27.917055,0 days 00:00:00.613494,41.11129030058105,17.482508940769392,1.0307388835772608,Au,PRUNED
2062,-1.0,2026-03-20 04:42:27.489898,2026-03-20 04:42:27.987869,0 days 00:00:00.497971,39.91312371530854,18.02352990690284,1.3097273583863567,Au,COMPLETE
2063,-1.0,2026-03-20 04:42:27.517537,2026-03-20 04:42:27.965578,0 days 00:00:00.448041,38.891482242925385,19.698558894559188,1.296244645409831,Au,COMPLETE
2064,-1.0,2026-03-20 04:42:27.572201,2026-03-20 04:42:28.196055,0 days 00:00:00.623854,20.53051154612534,19.053422289743803,1.330971207285318,Au,COMPLETE
2065,-1.0,2026-03-20 04:42:27.680544,2026-03-20 04:42:28.246986,0 days 00:00:00.566442,39.77994772428595,16.627850556459887,1.1590003875182608,Au,COMPLETE
2066,0.0,2026-03-20 04:42:27.786397,2026-03-20 04:42:28.364491,0 days 00:00:00.578094,32.056242529974625,19.985709015189876,1.1072661687107888,Au,PRUNED
2067,0.0,2026-03-20 04:42:27.990947,2026-03-20 04:42:28.747239,0 days 00:00:00.756292,20.922805555991864,17.123461093012047,1.1888247028290515,Cu,PRUNED
2068,0.0,2026-03-20 04:42:28.067756,2026-03-20 04:42:28.623623,0 days 00:00:00.555867,39.53336340878452,19.724404421614935,1.261087453417824,Au,PRUNED
2069,0.0,2026-03-20 04:42:28.083223,2026-03-20 04:42:28.839643,0 days 00:00:00.756420,35.874522151199045,18.705480290766662,1.6686544655080549,Au,PRUNED
2070,0.0,2026-03-20 04:42:28.106877,2026-03-20 04:42:29.141185,0 days 00:00:01.034308,50.90699797098458,18.16988766623699,1.8042674059840307,Au,PRUNED
2071,-1.0,2026-03-20 04:42:28.164039,2026-03-20 04:42:28.680864,0 days 00:00:00.516825,40.724235874660764,17.47999082982885,1.4916413412217455,Cu,COMPLETE
2072,-1.0,2026-03-20 04:42:28.378983,2026-03-20 04:42:28.915827,0 days 00:00:00.536844,36.284342464840584,19.941974688721977,1.6433059813077162,Au,COMPLETE
2073,-1.0,2026-03-20 04:42:28.394167,2026-03-20 04:42:29.164595,0 days 00:00:00.770428,36.0811427873756,18.54605041876014,1.5269714772577407,Au,COMPLETE
2074,79.0441176470565,2026-03-20 04:42:28.539773,2026-03-20 04:42:29.303162,0 days 00:00:00.763389,35.21870035334327,14.386489644949464,1.2264221897385028,Au,PRUNED
2075,-1.0,2026-03-20 04:42:28.720235,2026-03-20 04:42:29.295355,0 days 00:00:00.575120,33.17424831629789,16.929583549624276,1.4367938371134628,Au,COMPLETE
2076,-1.0,2026-03-20 04:42:28.803451,2026-03-20 04:42:29.388285,0 days 00:00:00.584834,36.70727336833714,19.165336148841803,1.3620899967570559,Au,COMPLETE
2077,-374.17218543041383,2026-03-20 04:42:28.953635,2026-03-20 04:42:29.562985,0 days 00:00:00.609350,21.24124028006518,18.195901701518828,1.6887759582765223,Au,COMPLETE
2078,-321.7726396916778,2026-03-20 04:42:28.981050,2026-03-20 04:42:29.772909,0 days 00:00:00.791859,20.493787714257977,17.999513608714338,1.5274468923368183,Au,COMPLETE
2079,5.952380952380272,2026-03-20 04:42:29.203461,2026-03-20 04:42:29.711908,0 days 00:00:00.508447,26.41450470251053,17.312289677168735,1.380247999675786,Au,PRUNED
2080,80.26960784313488,2026-03-20 04:42:29.236899,2026-03-20 04:42:29.903264,0 days 00:00:00.666365,31.974115469004072,15.76221210172634,0.9641578050263306,Au,PRUNED
2081,-4.0322580645156085,2026-03-20 04:42:29.327001,2026-03-20 04:42:30.090241,0 days 00:00:00.763240,23.78385634569862,17.717010212065674,1.495461773604183,Au,PRUNED
2082,0.0,2026-03-20 04:42:29.402220,2026-03-20 04:42:30.416790,0 days 00:00:01.014570,34.6241406856297,19.769104311122103,1.443112423539711,Au,PRUNED
2083,-1.0,2026-03-20 04:42:29.450930,2026-03-20 04:42:30.009646,0 days 00:00:00.558716,22.56506363954948,17.438279134419247,1.4337477272701022,Au,COMPLETE
2084,-1.0,2026-03-20 04:42:29.505819,2026-03-20 04:42:30.117908,0 days 00:00:00.612089,23.844966158310317,18.748551063203422,1.83185497606831,Au,COMPLETE
2085,-10.752688172041623,2026-03-20 04:42:29.774917,2026-03-20 04:42:30.382556,0 days 00:00:00.607639,22.407213310439616,17.436425782680104,1.7199154856828422,Au,PRUNED
2086,4.629629629629115,2026-03-20 04:42:29.837959,2026-03-20 04:42:30.547166,0 days 00:00:00.709207,26.48615230818321,16.616817121542976,1.8935315200335259,Au,PRUNED
2087,0.0,2026-03-20 04:42:29.998237,2026-03-20 04:42:30.508839,0 days 00:00:00.510602,21.358349552188578,16.429400114265942,1.4971677937953327,Au,PRUNED
2088,81.80147058823289,2026-03-20 04:42:30.009646,2026-03-20 04:42:30.700743,0 days 00:00:00.691097,27.297013869944745,16.4575798728476,1.8038519441982035,Au,PRUNED
2089,-1.0,2026-03-20 04:42:30.142556,2026-03-20 04:42:31.053982,0 days 00:00:00.911426,26.372077847191193,15.638921435641105,1.7051995855628914,Au,COMPLETE
2090,-1.0,2026-03-20 04:42:30.153657,2026-03-20 04:42:30.703076,0 days 00:00:00.549419,27.940435197027433,15.532545169455464,1.965211473491849,Au,COMPLETE
2091,-1.0,2026-03-20 04:42:30.278078,2026-03-20 04:42:30.869644,0 days 00:00:00.591566,36.431191164713525,17.676389861430483,1.5979824874924486,Au,COMPLETE
2092,82.72058823529169,2026-03-20 04:42:30.491652,2026-03-20 04:42:31.199374,0 days 00:00:00.707722,24.550482597869678,18.344795390383084,1.515859019732496,Au,PRUNED
2093,-1.0,2026-03-20 04:42:30.594858,2026-03-20 04:42:31.054989,0 days 00:00:00.460131,26.296328550175417,19.155441168640603,1.6113568356481667,Au,COMPLETE
2094,-1.0,2026-03-20 04:42:30.511338,2026-03-20 04:42:31.197860,0 days 00:00:00.686522,36.49462734846223,15.18180811060849,1.5826466191372914,Au,COMPLETE
2095,-1.0,2026-03-20 04:42:30.620033,2026-03-20 04:42:31.178371,0 days 00:00:00.558338,21.30406113873891,19.44757715219257,1.7166803065959895,Au,COMPLETE
2096,-1.0,2026-03-20 04:42:30.785768,2026-03-20 04:42:31.164154,0 days 00:00:00.378386,20.312105248086397,18.874796458116794,1.4439771933781227,Au,COMPLETE
2097,-1.0,2026-03-20 04:42:30.871209,2026-03-20 04:42:31.619155,0 days 00:00:00.747946,31.329590239350704,19.811569054927872,1.8102703066557606,Au,COMPLETE
2098,82.72058823529169,2026-03-20 04:42:31.111050,2026-03-20 04:42:31.934464,0 days 00:00:00.823414,24.345939004119334,18.714263828504052,1.5821241168901201,Au,PRUNED
2099,-8.064516129031217,2026-03-20 04:42:31.068649,2026-03-20 04:42:31.849824,0 days 00:00:00.781175,23.5140029795174,17.13904304789571,1.7036610600020812,Au,PRUNED
2100,-1.0,2026-03-20 04:42:31.224826,2026-03-20 04:42:31.665797,0 days 00:00:00.440971,22.852241592099833,17.187085558157435,1.5910711219927647,Au,COMPLETE
2101,-305.47882136276513,2026-03-20 04:42:31.269460,2026-03-20 04:42:31.851826,0 days 00:00:00.582366,21.411566994742756,16.888773950944557,1.5873077686341663,Au,COMPLETE
2102,81.17283950617043,2026-03-20 04:42:31.348723,2026-03-20 04:42:31.915795,0 days 00:00:00.567072,28.632007651754925,17.43139780803859,1.4803883037294618,Au,PRUNED
2103,-358.8110403396572,2026-03-20 04:42:31.374978,2026-03-20 04:42:32.075031,0 days 00:00:00.700053,22.1097656948306,17.50517518783428,1.5449084716230597,Au,COMPLETE
2104,82.72058823529169,2026-03-20 04:42:31.396378,2026-03-20 04:42:32.121494,0 days 00:00:00.725116,24.237790237216927,19.09243402399614,1.5409139127269236,Au,PRUNED
2105,-1.0,2026-03-20 04:42:31.962653,2026-03-20 04:42:32.651688,0 days 00:00:00.689035,20.26549745636629,14.9913672448366,1.8389277874856869,Au,COMPLETE
2106,-1.0,2026-03-20 04:42:31.985454,2026-03-20 04:42:32.389097,0 days 00:00:00.403643,21.295250306306563,17.18800915784512,1.5858046782822846,Au,COMPLETE
2107,80.26960784313488,2026-03-20 04:42:32.011737,2026-03-20 04:42:32.872057,0 days 00:00:00.860320,32.455714544463135,14.315329709072707,1.7243356301173627,Au,PRUNED
2108,82.72058823529169,2026-03-20 04:42:32.044107,2026-03-20 04:42:32.604224,0 days 00:00:00.560117,24.41799379055375,18.010520799314676,1.9460283103808405,Au,PRUNED
2109,-1.0,2026-03-20 04:42:32.091191,2026-03-20 04:42:32.872561,0 days 00:00:00.781370,27.23906216450237,16.302260817641088,1.6674003976761964,Au,COMPLETE
2110,-1.0,2026-03-20 04:42:32.214571,2026-03-20 04:42:32.904749,0 days 00:00:00.690178,23.5524798215827,19.81973104405667,1.895393120674433,Au,COMPLETE
2111,0.0,2026-03-20 04:42:32.303354,2026-03-20 04:42:32.959028,0 days 00:00:00.655674,33.56171966728854,16.767386368681617,1.8885680916519414,Au,PRUNED
2112,-1.0,2026-03-20 04:42:32.342264,2026-03-20 04:42:32.958015,0 days 00:00:00.615751,20.008856746718468,15.713507801564745,1.684065178082352,Au,COMPLETE
2113,-1.0,2026-03-20 04:42:32.600661,2026-03-20 04:42:33.129251,0 days 00:00:00.528590,20.189732720564567,15.663045335208766,1.6970054988961354,Au,COMPLETE
2114,-1.0,2026-03-20 04:42:32.680512,2026-03-20 04:42:33.192723,0 days 00:00:00.512211,25.85979459897753,16.426410186250063,1.71261049142646,Au,COMPLETE
2115,0.0,2026-03-20 04:42:32.770293,2026-03-20 04:42:33.520203,0 days 00:00:00.749910,35.48476048591092,16.568982259482414,1.53054564526869,Au,PRUNED
2116,0.0,2026-03-20 04:42:32.969223,2026-03-20 04:42:33.529376,0 days 00:00:00.560153,20.81000954031432,17.32001253431539,1.553915339167206,Au,PRUNED
2117,-1.0,2026-03-20 04:42:32.995016,2026-03-20 04:42:33.528376,0 days 00:00:00.533360,29.674812161909532,16.34987137343711,1.54398445462445,Au,COMPLETE
2118,2.3809523809521087,2026-03-20 04:42:33.032630,2026-03-20 04:42:33.617958,0 days 00:00:00.585328,28.058850481454208,15.575711325048712,1.3926207304359994,Au,PRUNED
2119,-1.0,2026-03-20 04:42:33.097004,2026-03-20 04:42:33.620047,0 days 00:00:00.523043,41.70587257899021,18.00200895730138,1.6930622704525387,Au,COMPLETE
2120,-1.0,2026-03-20 04:42:33.107656,2026-03-20 04:42:33.518734,0 days 00:00:00.411078,22.262800407175387,19.098481677626115,1.7209128567983036,Au,COMPLETE
2121,-1.0,2026-03-20 04:42:33.266756,2026-03-20 04:42:33.705386,0 days 00:00:00.438630,39.89405198203892,18.232696598070095,1.7237914544560493,Au,COMPLETE
2122,0.0,2026-03-20 04:42:33.381941,2026-03-20 04:42:34.076698,0 days 00:00:00.694757,36.67811307031084,15.893321681028223,1.5394668871719632,Au,PRUNED
2123,-1.0,2026-03-20 04:42:33.654124,2026-03-20 04:42:34.260942,0 days 00:00:00.606818,31.684360950683818,19.86236573517714,1.6792117646501403,Ag,COMPLETE
2124,-317.6190476190112,2026-03-20 04:42:33.732764,2026-03-20 04:42:34.417635,0 days 00:00:00.684871,21.311170122413795,17.460232503199215,1.3729441661246558,Au,COMPLETE
2125,-12.387387387386047,2026-03-20 04:42:33.751875,2026-03-20 04:42:34.257901,0 days 00:00:00.506026,22.797637949945003,17.736768453614957,1.857814412023009,Cu,PRUNED
2126,-1.0,2026-03-20 04:42:33.706391,2026-03-20 04:42:34.331974,0 days 00:00:00.625583,22.161246523430282,19.75885898957463,1.5140077851749902,Au,COMPLETE
2127,-1.0,2026-03-20 04:42:33.815909,2026-03-20 04:42:34.434283,0 days 00:00:00.618374,39.04331967288928,13.737498545282424,1.065638124303164,Ag,COMPLETE
2128,-10.752688172041623,2026-03-20 04:42:33.862450,2026-03-20 04:42:34.353139,0 days 00:00:00.490689,23.390076349574507,17.102540752171524,1.4980870611555306,Au,PRUNED
2129,-337.6004016063853,2026-03-20 04:42:33.870438,2026-03-20 04:42:34.434283,0 days 00:00:00.563845,22.598477072809178,17.023355070815203,1.3215382436641383,Au,COMPLETE
2130,-6.172839506171925,2026-03-20 04:42:34.187964,2026-03-20 04:42:34.721426,0 days 00:00:00.533462,21.835735441772584,19.62646102985141,1.1420876881925595,Au,PRUNED
2131,0.0,2026-03-20 04:42:34.387225,2026-03-20 04:42:34.915677,0 days 00:00:00.528452,43.51438244096327,17.163645541317585,1.4857318258225962,Au,PRUNED
2132,-1.0,2026-03-20 04:42:34.455839,2026-03-20 04:42:34.903389,0 days 00:00:00.447550,20.034173772102474,17.24203551630063,1.231378811132054,Au,COMPLETE
2133,-319.92337164747255,2026-03-20 04:42:34.473417,2026-03-20 04:42:35.008370,0 days 00:00:00.534953,21.77963299914799,17.15570306539574,1.3859693741244767,Au,COMPLETE
2134,-1.0,2026-03-20 04:42:34.535810,2026-03-20 04:42:35.042223,0 days 00:00:00.506413,31.33781603181226,16.073670661102547,1.3724541282904195,Au,COMPLETE
2135,-1.0,2026-03-20 04:42:34.551648,2026-03-20 04:42:34.958127,0 days 00:00:00.406479,46.72051241280559,19.31818242192429,1.2703817737884093,Ag,COMPLETE
2136,0.0,2026-03-20 04:42:34.563676,2026-03-20 04:42:35.194961,0 days 00:00:00.631285,22.884230428357593,13.47129240549873,1.4400160498054349,Au,PRUNED
2137,-1.436781609195204,2026-03-20 04:42:34.647278,2026-03-20 04:42:35.198576,0 days 00:00:00.551298,22.397535416941615,19.237052539339285,1.3604976442272307,Au,PRUNED
2138,82.72058823529169,2026-03-20 04:42:34.773763,2026-03-20 04:42:35.647185,0 days 00:00:00.873422,23.523462433672172,19.962657813084675,1.5214577619275007,Au,PRUNED
2139,0.0,2026-03-20 04:42:35.089689,2026-03-20 04:42:36.141080,0 days 00:00:01.051391,20.476879685214758,16.741276301921793,1.4917186500904847,Au,PRUNED
2140,-1.0,2026-03-20 04:42:35.119262,2026-03-20 04:42:35.589491,0 days 00:00:00.470229,20.12268905934329,15.08734897922603,1.3336787811463828,Au,COMPLETE
2141,-1.0,2026-03-20 04:42:35.156050,2026-03-20 04:42:35.619542,0 days 00:00:00.463492,20.71528044994087,16.635609977575992,1.2410398000089875,Au,COMPLETE
2142,-1.0,2026-03-20 04:42:35.271079,2026-03-20 04:42:35.711014,0 days 00:00:00.439935,20.412938180680285,17.656041674982355,1.428673071440076,Au,COMPLETE
2143,-1.0,2026-03-20 04:42:35.291762,2026-03-20 04:42:35.680571,0 days 00:00:00.388809,21.755135954028173,16.264571648539203,1.5648698773540193,Au,COMPLETE
2144,-1.0,2026-03-20 04:42:35.309983,2026-03-20 04:42:35.776403,0 days 00:00:00.466420,22.94907119665949,16.00630881639391,1.325716042541806,Au,COMPLETE
2145,-371.71052631574054,2026-03-20 04:42:35.322266,2026-03-20 04:42:35.675048,0 days 00:00:00.352782,21.51060503591746,18.18518109102597,1.4770287786791358,Au,COMPLETE
2146,-328.18627450976504,2026-03-20 04:42:35.641174,2026-03-20 04:42:36.367892,0 days 00:00:00.726718,20.42918720894453,17.927128973112712,1.7699242037473928,Au,COMPLETE
2147,-1.0,2026-03-20 04:42:35.788415,2026-03-20 04:42:36.228906,0 days 00:00:00.440491,20.580663909416092,16.65156493082005,1.471152837271753,Au,COMPLETE
2148,-5.952380952380102,2026-03-20 04:42:35.827545,2026-03-20 04:42:36.420349,0 days 00:00:00.592804,21.864057367256443,18.992232410115314,1.5248699268752968,Au,PRUNED
2149,0.0,2026-03-20 04:42:35.901709,2026-03-20 04:42:36.528398,0 days 00:00:00.626689,38.356942190186984,17.760765888579332,1.5743895189690686,Au,PRUNED
2150,0.0,2026-03-20 04:42:35.931786,2026-03-20 04:42:36.339117,0 days 00:00:00.407331,35.90043896825468,16.77350991984438,1.7028615274029852,Au,PRUNED
2151,-7.716049382714907,2026-03-20 04:42:35.994734,2026-03-20 04:42:36.576186,0 days 00:00:00.581452,21.155985597074793,19.436416210138177,1.497921423546362,Au,PRUNED
2152,-1.0,2026-03-20 04:42:36.010027,2026-03-20 04:42:36.402647,0 days 00:00:00.392620,20.383521615612715,17.602561351266296,1.679803124342298,Au,COMPLETE
2153,-6.3559322033894,2026-03-20 04:42:36.179158,2026-03-20 04:42:36.947780,0 days 00:00:00.768622,23.51449765992939,14.108720037153253,1.3763046237845222,Ag,PRUNED
2154,-1.0,2026-03-20 04:42:36.463786,2026-03-20 04:42:37.088539,0 days 00:00:00.624753,25.100752123446547,16.642518105128268,1.9229602773446317,Au,COMPLETE
2155,-1.0,2026-03-20 04:42:36.500380,2026-03-20 04:42:37.150741,0 days 00:00:00.650361,25.992454652963666,15.389255070387497,1.4711398798587623,Cu,COMPLETE
2156,-1.0,2026-03-20 04:42:36.482176,2026-03-20 04:42:37.000269,0 days 00:00:00.518093,22.644498382283025,18.422725550713665,1.8880965205590314,Au,COMPLETE
2157,-1.0,2026-03-20 04:42:36.561551,2026-03-20 04:42:37.088012,0 days 00:00:00.526461,39.76220704060793,16.288379426384687,1.879366137056762,Au,COMPLETE
2158,0.0,2026-03-20 04:42:36.580493,2026-03-20 04:42:37.394673,0 days 00:00:00.814180,21.69144580306039,15.341500670561247,1.6228614674990631,Au,PRUNED
2159,0.0,2026-03-20 04:42:36.626315,2026-03-20 04:42:37.245386,0 days 00:00:00.619071,20.223482437307847,16.50843937107661,1.5089931730994242,Au,PRUNED
2160,-1.0,2026-03-20 04:42:36.710381,2026-03-20 04:42:37.279293,0 days 00:00:00.568912,25.958633488116387,15.485833086034756,1.7439216142322524,Ag,COMPLETE
2161,0.0,2026-03-20 04:42:37.154243,2026-03-20 04:42:37.753026,0 days 00:00:00.598783,45.93701334201888,17.65989065312196,1.5588758520613042,Au,PRUNED
2162,0.0,2026-03-20 04:42:37.202326,2026-03-20 04:42:37.908657,0 days 00:00:00.706331,38.62464377065163,17.288166808117328,1.3615618860177672,Au,PRUNED
2163,-1.0,2026-03-20 04:42:37.296468,2026-03-20 04:42:37.778485,0 days 00:00:00.482017,21.959129996355426,18.898657389753723,1.707633811239499,Au,COMPLETE
2164,-376.1111111110613,2026-03-20 04:42:37.310294,2026-03-20 04:42:37.969144,0 days 00:00:00.658850,20.349833266399077,19.14145709091976,1.3611157007239967,Au,COMPLETE
2165,-1.0,2026-03-20 04:42:37.333732,2026-03-20 04:42:37.618864,0 days 00:00:00.285132,42.54086200768838,16.17537707959868,1.6911986613615384,Au,COMPLETE
2166,2.525252525252219,2026-03-20 04:42:37.362481,2026-03-20 04:42:38.107623,0 days 00:00:00.745142,23.071853357759426,18.75430538619223,1.8317368856172802,Au,PRUNED
2167,0.0,2026-03-20 04:42:37.424843,2026-03-20 04:42:38.170366,0 days 00:00:00.745523,20.088836633057433,17.99599391567849,1.6353697335924917,Au,PRUNED
2168,-1.0,2026-03-20 04:42:37.506019,2026-03-20 04:42:38.169860,0 days 00:00:00.663841,20.689491606954242,18.548836885746685,1.5527707802639716,Au,COMPLETE
2169,-323.885658914691,2026-03-20 04:42:37.851113,2026-03-20 04:42:38.556309,0 days 00:00:00.705196,20.552839363416076,17.964159993689705,1.5584123742711293,Au,COMPLETE
2170,0.0,2026-03-20 04:42:37.911200,2026-03-20 04:42:38.859012,0 days 00:00:00.947812,35.75641684009172,16.972470785533726,1.37422748721,Au,PRUNED
2171,0.0,2026-03-20 04:42:37.996364,2026-03-20 04:42:38.871163,0 days 00:00:00.874799,33.827850144007584,16.410781292151043,1.4276879394284117,Au,PRUNED
2172,0.0,2026-03-20 04:42:37.967118,2026-03-20 04:42:38.686255,0 days 00:00:00.719137,25.673036516145736,19.910245345092356,1.3687352458564912,Au,PRUNED
2173,-1.0,2026-03-20 04:42:38.189409,2026-03-20 04:42:38.685245,0 days 00:00:00.495836,40.46803185465552,19.73067848178719,1.7467467854703187,Au,COMPLETE
2174,0.0,2026-03-20 04:42:38.218342,2026-03-20 04:42:38.984066,0 days 00:00:00.765724,28.10100058494641,19.862891150422985,1.2727024529791557,Au,PRUNED
2175,-414.23357664227547,2026-03-20 04:42:38.330731,2026-03-20 04:42:39.069912,0 days 00:00:00.739181,20.661632903193908,19.507256050944385,1.2340625638058376,Au,COMPLETE
2176,-1.0,2026-03-20 04:42:38.469856,2026-03-20 04:42:38.683601,0 days 00:00:00.213745,21.676114114968072,18.039289103719277,1.729691985688982,Ag,COMPLETE
2177,-9.259259259257888,2026-03-20 04:42:38.683601,2026-03-20 04:42:39.246456,0 days 00:00:00.562855,20.809281186493894,19.51898398612156,1.4793137246535426,Au,PRUNED
2178,78.70370370370136,2026-03-20 04:42:38.729109,2026-03-20 04:42:39.186372,0 days 00:00:00.457263,35.124119289268954,15.268118365337374,1.3694190510842694,Au,PRUNED
2179,-1.0,2026-03-20 04:42:38.951344,2026-03-20 04:42:39.518133,0 days 00:00:00.566789,36.65846072855172,19.758423120899607,1.5251423215241933,Au,COMPLETE
2180,-317.8571428571064,2026-03-20 04:42:38.982530,2026-03-20 04:42:39.655725,0 days 00:00:00.673195,20.921886529619556,17.322433614990885,1.807994544624565,Au,COMPLETE
2181,-1.0,2026-03-20 04:42:38.941281,2026-03-20 04:42:39.516872,0 days 00:00:00.575591,22.545442000058504,17.624978006234954,1.3156739979650447,Au,COMPLETE
2182,-1.0,2026-03-20 04:42:39.032460,2026-03-20 04:42:39.591864,0 days 00:00:00.559404,47.394183579294314,16.4486175234252,1.4570217591619214,Ag,COMPLETE
2183,0.0,2026-03-20 04:42:39.223826,2026-03-20 04:42:39.655725,0 days 00:00:00.431899,41.28789212184008,19.920877781372,1.6303709529444974,Au,PRUNED
2184,0.0,2026-03-20 04:42:39.240439,2026-03-20 04:42:39.686196,0 days 00:00:00.445757,20.061014066072364,18.774987726050746,1.2509368317265335,Au,PRUNED
2185,-1.0,2026-03-20 04:42:39.291936,2026-03-20 04:42:39.994863,0 days 00:00:00.702927,20.73977295534213,19.325690909142605,1.378106401105577,Au,COMPLETE
2186,-3.0864197530859623,2026-03-20 04:42:39.314007,2026-03-20 04:42:40.013328,0 days 00:00:00.699321,21.537257134748536,19.79428121091155,1.397392235390621,Au,PRUNED
2187,-1.0,2026-03-20 04:42:39.717402,2026-03-20 04:42:40.026395,0 days 00:00:00.308993,23.99509572032502,18.419055563555926,1.995576145200135,Au,COMPLETE
2188,-1.0,2026-03-20 04:42:39.646807,2026-03-20 04:42:40.211380,0 days 00:00:00.564573,20.30188599330935,16.119664603539754,1.7345968738853852,Au,COMPLETE
2189,-1.0,2026-03-20 04:42:39.686196,2026-03-20 04:42:40.135731,0 days 00:00:00.449535,35.37203309640881,17.52424651971124,1.4991582526970457,Au,COMPLETE
2190,-1.0,2026-03-20 04:42:39.766787,2026-03-20 04:42:40.109423,0 days 00:00:00.342636,20.211567003275086,18.668034985141905,1.7742266638566626,Au,COMPLETE
2191,0.0,2026-03-20 04:42:39.779493,2026-03-20 04:42:40.314228,0 days 00:00:00.534735,37.37612715676513,16.773138253136704,1.9249248337494287,Au,PRUNED
2192,-1.0,2026-03-20 04:42:39.825808,2026-03-20 04:42:40.168525,0 days 00:00:00.342717,20.063191042778413,19.45666456417326,1.1707542856998518,Ag,COMPLETE
2193,-1.0,2026-03-20 04:42:40.182676,2026-03-20 04:42:40.686140,0 days 00:00:00.503464,20.911991086137693,15.599141497752722,1.5104128459058725,Au,COMPLETE
2194,0.0,2026-03-20 04:42:40.232276,2026-03-20 04:42:41.031127,0 days 00:00:00.798851,20.28403264688523,14.896257812573221,1.7716215542967315,Au,PRUNED
2195,-1.0,2026-03-20 04:42:40.265878,2026-03-20 04:42:40.843652,0 days 00:00:00.577774,25.76081333032119,17.77536066724141,1.4956438746966612,Cu,COMPLETE
2196,-1.0,2026-03-20 04:42:40.325489,2026-03-20 04:42:41.027454,0 days 00:00:00.701965,21.70191876584027,13.891097627612778,1.9270314943137852,Au,COMPLETE
2197,-1.0,2026-03-20 04:42:40.342265,2026-03-20 04:42:40.762738,0 days 00:00:00.420473,21.895751837885356,16.58784447992196,1.7968481982449198,Au,COMPLETE
2198,-1.0,2026-03-20 04:42:40.357940,2026-03-20 04:42:40.879281,0 days 00:00:00.521341,21.862983208191494,15.698825700382429,1.7127215396328908,Au,COMPLETE
2199,0.0,2026-03-20 04:42:40.375644,2026-03-20 04:42:40.851949,0 days 00:00:00.476305,42.46426485444337,19.59959175029497,1.9842504537915149,Au,PRUNED
2200,-1.0,2026-03-20 04:42:40.445212,2026-03-20 04:42:40.824027,0 days 00:00:00.378815,20.836990550753313,16.03302475288763,1.8207477670706846,Au,COMPLETE
2201,79.01234567901,2026-03-20 04:42:40.879281,2026-03-20 04:42:41.389786,0 days 00:00:00.510505,32.737426223363165,16.0821171278938,1.5707151949825524,Au,PRUNED
2202,0.0,2026-03-20 04:42:40.931932,2026-03-20 04:42:41.631928,0 days 00:00:00.699996,39.314365209519494,14.736705629457578,1.6360311910536407,Au,PRUNED
2203,0.0,2026-03-20 04:42:40.996665,2026-03-20 04:42:41.532101,0 days 00:00:00.535436,36.13076051183665,16.427871061480822,1.686660983634453,Au,PRUNED
2204,-1.0,2026-03-20 04:42:41.023410,2026-03-20 04:42:41.567381,0 days 00:00:00.543971,23.002414798425455,19.854296341037394,1.7834449093945184,Au,COMPLETE
2205,-379.19463087243247,2026-03-20 04:42:41.095105,2026-03-20 04:42:41.805113,0 days 00:00:00.710008,20.67373338795401,18.728728123578204,1.611623647611389,Au,COMPLETE
2206,0.0,2026-03-20 04:42:41.118088,2026-03-20 04:42:41.944900,0 days 00:00:00.826812,20.72399757948645,16.687810707509975,1.3094005403399815,Au,PRUNED
2207,0.0,2026-03-20 04:42:41.138244,2026-03-20 04:42:41.897028,0 days 00:00:00.758784,20.18956947689906,18.32599009339557,1.2428525605211702,Au,PRUNED
2208,-1.0,2026-03-20 04:42:41.285608,2026-03-20 04:42:41.873376,0 days 00:00:00.587768,20.207044209476454,16.94439115066061,1.4318753447122428,Au,COMPLETE
2209,-1.0,2026-03-20 04:42:41.470553,2026-03-20 04:42:42.008629,0 days 00:00:00.538076,20.568128035395677,19.52723742363263,1.2367514342471686,Au,COMPLETE
2210,-1.0,2026-03-20 04:42:41.603240,2026-03-20 04:42:42.085309,0 days 00:00:00.482069,20.484262973073278,17.612087190685717,1.481669053811788,Au,COMPLETE
2211,-1.0,2026-03-20 04:42:41.750078,2026-03-20 04:42:42.432298,0 days 00:00:00.682220,34.94450863645736,19.03899098333387,1.4987967074856383,Au,COMPLETE
2212,-5.952380952380102,2026-03-20 04:42:41.779335,2026-03-20 04:42:42.358464,0 days 00:00:00.579129,20.976321334623155,19.65792110804562,1.8027242351240527,Au,PRUNED
2213,0.0,2026-03-20 04:42:41.981036,2026-03-20 04:42:42.585858,0 days 00:00:00.604822,32.009757084748685,16.85418617201072,1.218085088725402,Au,PRUNED
2214,83.33333333333088,2026-03-20 04:42:42.007113,2026-03-20 04:42:42.634390,0 days 00:00:00.627277,22.634463893974786,19.892675628608714,1.7163058554691248,Au,PRUNED
2215,-1.446759259259219,2026-03-20 04:42:42.042228,2026-03-20 04:42:42.589374,0 days 00:00:00.547146,45.96373980990652,19.253849577131756,1.9628228750604721,Cu,PRUNED
2216,-1.0,2026-03-20 04:42:42.116778,2026-03-20 04:42:42.813263,0 days 00:00:00.696485,31.197119691985833,19.281943202050247,1.6181205617911891,Au,COMPLETE
2217,0.0,2026-03-20 04:42:42.221866,2026-03-20 04:42:42.961965,0 days 00:00:00.740099,30.147879098038047,18.43318463698974,1.6934196857147141,Au,PRUNED
2218,0.0,2026-03-20 04:42:42.266754,2026-03-20 04:42:43.115712,0 days 00:00:00.848958,34.91090282532312,17.351684786297785,1.6625697249485876,Au,PRUNED
2219,-1.0,2026-03-20 04:42:42.473599,2026-03-20 04:42:42.910546,0 days 00:00:00.436947,36.841323807031124,17.062589737659682,1.6977850174487048,Au,COMPLETE
2220,-363.4408602150067,2026-03-20 04:42:42.589374,2026-03-20 04:42:43.326578,0 days 00:00:00.737204,20.44151090829064,18.69831830906072,1.594149021663263,Au,COMPLETE
2221,0.0,2026-03-20 04:42:42.705255,2026-03-20 04:42:43.263058,0 days 00:00:00.557803,36.42375322793339,17.10424574327645,1.748514684724309,Au,PRUNED
2222,-1.0,2026-03-20 04:42:42.722141,2026-03-20 04:42:43.215223,0 days 00:00:00.493082,23.958948418545063,18.408480433832008,1.4964716141987564,Ag,COMPLETE
2223,0.0,2026-03-20 04:42:42.713906,2026-03-20 04:42:43.310107,0 days 00:00:00.596201,29.847641077081004,19.862283042997586,1.6369701705740898,Au,PRUNED
2224,-1.0,2026-03-20 04:42:42.958380,2026-03-20 04:42:43.830262,0 days 00:00:00.871882,24.996984786719086,19.950857565657806,1.4575374451010144,Au,COMPLETE
2225,-1.0,2026-03-20 04:42:43.031007,2026-03-20 04:42:43.627071,0 days 00:00:00.596064,21.37124404498936,17.01961164252164,1.422574979289029,Au,COMPLETE
2226,0.0,2026-03-20 04:42:43.080635,2026-03-20 04:42:43.739999,0 days 00:00:00.659364,21.12981834710996,16.463078799690635,1.3915840196734117,Au,PRUNED
2227,-1.0,2026-03-20 04:42:43.217223,2026-03-20 04:42:43.739465,0 days 00:00:00.522242,21.368215237104152,19.832127740615437,1.5767512415053428,Au,COMPLETE
2228,-2.976190476190051,2026-03-20 04:42:43.379871,2026-03-20 04:42:44.045482,0 days 00:00:00.665611,20.980857387359592,19.618103882811447,1.9972046714976013,Au,PRUNED
2229,-358.8110403396572,2026-03-20 04:42:43.355083,2026-03-20 04:42:43.829121,0 days 00:00:00.474038,21.835856945887127,17.593507816867756,1.640167178710271,Au,COMPLETE
2230,0.0,2026-03-20 04:42:43.445106,2026-03-20 04:42:44.152660,0 days 00:00:00.707554,20.25193729025677,15.705890452479682,1.4542338023562222,Au,PRUNED
2231,-9.615384615383135,2026-03-20 04:42:43.484754,2026-03-20 04:42:44.112295,0 days 00:00:00.627541,20.992245778047156,19.790093882651476,1.1644487515069328,Au,PRUNED
2232,-1.0,2026-03-20 04:42:43.735311,2026-03-20 04:42:44.413640,0 days 00:00:00.678329,36.64710997862258,17.69937630487168,1.3080823257363718,Au,COMPLETE
2233,-6.944444444443519,2026-03-20 04:42:43.785019,2026-03-20 04:42:44.647737,0 days 00:00:00.862718,22.566529490986568,17.951221302988223,1.7344368243622375,Au,PRUNED
2234,-9.722222222220926,2026-03-20 04:42:43.878616,2026-03-20 04:42:44.553218,0 days 00:00:00.674602,22.717003310926927,17.312289049221743,1.76157891777715,Au,PRUNED
2235,0.0,2026-03-20 04:42:44.067995,2026-03-20 04:42:44.646580,0 days 00:00:00.578585,49.89828059509571,19.809690334131314,1.3700204517307195,Au,PRUNED
2236,0.0,2026-03-20 04:42:44.166802,2026-03-20 04:42:44.732161,0 days 00:00:00.565359,33.80992979767119,17.41881146538255,1.8397740892383756,Au,PRUNED
2237,-396.8531468530919,2026-03-20 04:42:44.201203,2026-03-20 04:42:45.078252,0 days 00:00:00.877049,21.00805072138612,18.704161131170146,1.775590939827586,Au,COMPLETE
2238,0.0,2026-03-20 04:42:44.154143,2026-03-20 04:42:44.848472,0 days 00:00:00.694329,39.10423107845493,17.815505498284892,1.3909848290192328,Au,PRUNED
2239,-1.0,2026-03-20 04:42:44.254421,2026-03-20 04:42:45.128144,0 days 00:00:00.873723,24.387217383776637,19.326252093663374,1.9568845370420844,Ag,COMPLETE
2240,-6.172839506171925,2026-03-20 04:42:44.757517,2026-03-20 04:42:45.439747,0 days 00:00:00.682230,21.148406177625606,19.642169037184253,1.6132112519046926,Au,PRUNED
2241,-1.0,2026-03-20 04:42:44.735675,2026-03-20 04:42:45.352343,0 days 00:00:00.616668,21.800241177217007,17.014113661014374,1.6401870472946738,Au,COMPLETE
2242,-427.94486215532345,2026-03-20 04:42:44.846420,2026-03-20 04:42:45.610686,0 days 00:00:00.764266,20.061107259599577,19.681657330623935,1.9514174781048679,Au,COMPLETE
2243,-1.0,2026-03-20 04:42:44.588218,2026-03-20 04:42:45.348712,0 days 00:00:00.760494,21.241595104644457,16.601236104895325,1.644759031112951,Au,COMPLETE
2244,0.0,2026-03-20 04:42:44.911353,2026-03-20 04:42:45.487762,0 days 00:00:00.576409,39.060579231990744,19.341949823441013,1.948470427604593,Au,PRUNED
2245,0.0,2026-03-20 04:42:44.967172,2026-03-20 04:42:45.710513,0 days 00:00:00.743341,31.963106442792107,19.86274782588539,1.724699331915916,Au,PRUNED
2246,-399.3544600938408,2026-03-20 04:42:45.263050,2026-03-20 04:42:45.986129,0 days 00:00:00.723079,20.71343234868514,18.977550321008675,1.6464090290701465,Au,COMPLETE
2247,0.0,2026-03-20 04:42:45.302297,2026-03-20 04:42:46.111104,0 days 00:00:00.808807,32.50733062572105,18.116307285083302,1.5737789535929596,Au,PRUNED
2248,-1.0,2026-03-20 04:42:45.489786,2026-03-20 04:42:46.156352,0 days 00:00:00.666566,21.15825379603884,17.2635835187015,1.9928438118243612,Au,COMPLETE
2249,-1.0,2026-03-20 04:42:45.550777,2026-03-20 04:42:46.156352,0 days 00:00:00.605575,33.00242062831375,19.39375821297853,1.7536011334666979,Au,COMPLETE
2250,-1.0,2026-03-20 04:42:45.608087,2026-03-20 04:42:46.188988,0 days 00:00:00.580901,37.03265604695406,19.497030983948036,1.7830738133382682,Au,COMPLETE
2251,82.10784313725247,2026-03-20 04:42:45.726305,2026-03-20 04:42:46.346634,0 days 00:00:00.620329,26.08536074788245,17.524306982465166,1.9266400631277933,Au,PRUNED
2252,-4.166666666666111,2026-03-20 04:42:45.846464,2026-03-20 04:42:46.435201,0 days 00:00:00.588737,22.772089872795583,18.03276190363186,1.8699810565803447,Au,PRUNED
2253,0.0,2026-03-20 04:42:45.961599,2026-03-20 04:42:46.691433,0 days 00:00:00.729834,31.910954363151507,19.773304572263363,1.9893617326378985,Au,PRUNED
2254,0.0,2026-03-20 04:42:46.088596,2026-03-20 04:42:46.971581,0 days 00:00:00.882985,32.640491836878425,19.843987677891544,1.8413962592162518,Au,PRUNED
2255,-1.0,2026-03-20 04:42:46.218726,2026-03-20 04:42:46.858521,0 days 00:00:00.639795,20.720515208243924,17.59754967936445,1.8605023553802713,Au,COMPLETE
2256,-1.0,2026-03-20 04:42:46.318677,2026-03-20 04:42:46.764819,0 days 00:00:00.446142,44.78391606912596,16.299784240650816,1.866114910197268,Ag,COMPLETE
2257,-1.0,2026-03-20 04:42:46.413790,2026-03-20 04:42:46.933721,0 days 00:00:00.519931,20.344269920246372,17.541799615353785,1.8316897372126468,Au,COMPLETE
2258,-1.0,2026-03-20 04:42:46.472004,2026-03-20 04:42:46.765833,0 days 00:00:00.293829,33.89040455851896,18.323289806919117,1.8825065188394623,Au,COMPLETE
2259,2.604166666666341,2026-03-20 04:42:46.491592,2026-03-20 04:42:47.081024,0 days 00:00:00.589432,22.72579479852216,19.02904517178251,1.8310688341624661,Au,PRUNED
2260,82.40740740740496,2026-03-20 04:42:46.517797,2026-03-20 04:42:47.110271,0 days 00:00:00.592474,24.568979491361574,19.357665812854442,1.9020537969300864,Au,PRUNED
2261,0.0,2026-03-20 04:42:46.975625,2026-03-20 04:42:47.926135,0 days 00:00:00.950510,39.04049789885069,19.660369678504587,1.4239726160366806,Au,PRUNED
2262,-328.6764705881969,2026-03-20 04:42:47.000292,2026-03-20 04:42:47.748859,0 days 00:00:00.748567,20.699403269744053,17.802776597750313,1.7392822633573208,Au,COMPLETE
2263,82.71604938271359,2026-03-20 04:42:47.022665,2026-03-20 04:42:47.852789,0 days 00:00:00.830124,24.270129665608266,19.824812563779755,1.5927259818930952,Au,PRUNED
2264,0.0,2026-03-20 04:42:47.051333,2026-03-20 04:42:47.727903,0 days 00:00:00.676570,34.13582301231755,15.469390181874136,1.9785580871251305,Au,PRUNED
2265,-4.464285714285077,2026-03-20 04:42:47.098428,2026-03-20 04:42:47.799012,0 days 00:00:00.700584,20.616489588401148,19.802430813629666,1.9869060542636359,Au,PRUNED
2266,0.0,2026-03-20 04:42:47.161892,2026-03-20 04:42:47.765281,0 days 00:00:00.603389,20.335706203074132,17.12394981223886,1.6652481453382277,Au,PRUNED
2267,0.0,2026-03-20 04:42:47.189275,2026-03-20 04:42:47.927134,0 days 00:00:00.737859,33.992266594924,18.985140128294013,1.5663395976251098,Au,PRUNED
2268,78.4313725490173,2026-03-20 04:42:47.292213,2026-03-20 04:42:47.942085,0 days 00:00:00.649872,30.931038080325134,19.452997899965666,1.6729458120339928,Cu,PRUNED
2269,-1.0,2026-03-20 04:42:47.861864,2026-03-20 04:42:48.546406,0 days 00:00:00.684542,32.87568347768963,19.40590726244474,1.5904213626437613,Au,COMPLETE
2270,-368.4640522875337,2026-03-20 04:42:47.894124,2026-03-20 04:42:48.918500,0 days 00:00:01.024376,20.678096167088224,18.55755989958357,1.6136540675188724,Au,COMPLETE
2271,-1.0,2026-03-20 04:42:47.926135,2026-03-20 04:42:48.482920,0 days 00:00:00.556785,35.336350648164185,16.958160029699183,1.5041185306220057,Au,COMPLETE
2272,0.0,2026-03-20 04:42:48.037069,2026-03-20 04:42:48.918500,0 days 00:00:00.881431,25.49737412337756,19.628549381377116,1.6955005539754497,Au,PRUNED
2273,-1.4880952380950254,2026-03-20 04:42:48.061618,2026-03-20 04:42:48.715508,0 days 00:00:00.653890,21.1693084304578,19.773927325412057,1.8026009980414843,Au,PRUNED
2274,0.0,2026-03-20 04:42:48.095037,2026-03-20 04:42:48.761090,0 days 00:00:00.666053,20.208137157156674,16.91846867271761,1.8380238511209805,Au,PRUNED
2275,-1.0,2026-03-20 04:42:48.126992,2026-03-20 04:42:48.492927,0 days 00:00:00.365935,36.88856436893313,17.646897706765962,1.6580360040371989,Au,COMPLETE
2276,83.33333333333088,2026-03-20 04:42:48.165903,2026-03-20 04:42:48.824226,0 days 00:00:00.658323,22.972400916574237,19.93025884313769,1.3389153475348143,Au,PRUNED
2277,-1.0,2026-03-20 04:42:48.549448,2026-03-20 04:42:49.057963,0 days 00:00:00.508515,22.33395359119256,19.87506590084327,1.8395855556947454,Au,COMPLETE
2278,-5.952380952380102,2026-03-20 04:42:48.610302,2026-03-20 04:42:49.127079,0 days 00:00:00.516777,21.579703416606243,19.366203586374414,1.4923755773669756,Au,PRUNED
2279,-296.37096774190337,2026-03-20 04:42:48.797654,2026-03-20 04:42:49.494401,0 days 00:00:00.696747,20.845945280634147,16.68803579583212,1.9873256334052722,Au,COMPLETE
2280,82.40740740740496,2026-03-20 04:42:48.768878,2026-03-20 04:42:49.409820,0 days 00:00:00.640942,25.325570776601964,19.114332367803215,1.5797366709921674,Au,PRUNED
2281,0.0,2026-03-20 04:42:48.896788,2026-03-20 04:42:49.587450,0 days 00:00:00.690662,37.77064279946242,17.652375229153044,1.6445979070559764,Au,PRUNED
2282,-322.25433526007845,2026-03-20 04:42:48.841480,2026-03-20 04:42:49.769648,0 days 00:00:00.928168,21.8666693913284,16.881899987288815,1.6659402530900036,Au,COMPLETE
2283,-341.46341463410465,2026-03-20 04:42:49.025105,2026-03-20 04:42:49.458701,0 days 00:00:00.433596,20.32157157795077,18.475857658777116,1.5424688087794045,Au,COMPLETE
2284,-1.0,2026-03-20 04:42:49.181796,2026-03-20 04:42:49.524284,0 days 00:00:00.342488,21.233480403605885,17.419620310575084,1.6706108433977562,Au,COMPLETE
2285,0.0,2026-03-20 04:42:49.216544,2026-03-20 04:42:50.291790,0 days 00:00:01.075246,20.41708271274587,17.394271714961064,1.5916378888983473,Au,PRUNED
2286,-308.1018518518176,2026-03-20 04:42:49.254311,2026-03-20 04:42:50.119783,0 days 00:00:00.865472,21.258712210723736,17.012119923115883,1.6868209659184987,Au,COMPLETE
2287,0.0,2026-03-20 04:42:49.448192,2026-03-20 04:42:50.183050,0 days 00:00:00.734858,20.8291412029209,15.617208057703943,1.933480666333213,Au,PRUNED
2288,-1.0,2026-03-20 04:42:49.607192,2026-03-20 04:42:50.087135,0 days 00:00:00.479943,20.38052656506744,15.826281706665071,1.6325384914718721,Au,COMPLETE
2289,-417.58578431366413,2026-03-20 04:42:49.661849,2026-03-20 04:42:50.356070,0 days 00:00:00.694221,20.31844780065894,19.590568709169254,1.5011183556249001,Au,COMPLETE
2290,-1.0,2026-03-20 04:42:49.708175,2026-03-20 04:42:50.212738,0 days 00:00:00.504563,21.21062397325275,16.013031798506677,1.6131778527083263,Au,COMPLETE
2291,-1.0,2026-03-20 04:42:49.770648,2026-03-20 04:42:50.429971,0 days 00:00:00.659323,36.36305443315564,16.750538523804956,1.980064754218159,Au,COMPLETE
2292,83.33333333333088,2026-03-20 04:42:50.074113,2026-03-20 04:42:50.986138,0 days 00:00:00.912025,22.53541002268405,19.736816715319005,1.6439435347855553,Au,PRUNED
2293,-1.0,2026-03-20 04:42:50.230764,2026-03-20 04:42:50.873886,0 days 00:00:00.643122,35.67331594445927,16.620221268002002,1.6620282027967876,Au,COMPLETE
2294,-1.0,2026-03-20 04:42:50.329049,2026-03-20 04:42:50.698956,0 days 00:00:00.369907,22.421792400309034,19.842491444686623,1.7775378246203384,Au,COMPLETE
2295,-1.0,2026-03-20 04:42:50.387606,2026-03-20 04:42:50.873886,0 days 00:00:00.486280,37.27793239169128,19.706743020872548,1.7285051987873137,Au,COMPLETE
2296,-1.0,2026-03-20 04:42:50.450553,2026-03-20 04:42:50.981874,0 days 00:00:00.531321,22.54818866811103,19.986921268561893,1.497355263699201,Au,COMPLETE
2297,0.0,2026-03-20 04:42:50.472426,2026-03-20 04:42:51.058330,0 days 00:00:00.585904,22.327394759475123,19.30528339721134,1.4930605964692576,Au,PRUNED
2298,-1.0,2026-03-20 04:42:50.494506,2026-03-20 04:42:50.953421,0 days 00:00:00.458915,33.221156290265476,19.82399241865312,1.7110290167396511,Au,COMPLETE
2299,-1.0,2026-03-20 04:42:50.642310,2026-03-20 04:42:50.985138,0 days 00:00:00.342828,21.273412737627915,19.540370228728513,1.4844740736116786,Au,COMPLETE
2300,0.0,2026-03-20 04:42:50.850099,2026-03-20 04:42:51.377909,0 days 00:00:00.527810,38.751081491973125,19.358066842460705,1.46825799565519,Au,PRUNED
2301,-1.0,2026-03-20 04:42:50.955513,2026-03-20 04:42:51.450996,0 days 00:00:00.495483,37.47372890374129,18.299278564154815,1.3884738221975537,Au,COMPLETE
2302,0.0,2026-03-20 04:42:51.077061,2026-03-20 04:42:51.705163,0 days 00:00:00.628102,33.37178463892354,18.128546957623143,1.5039122421377276,Au,PRUNED
2303,-1.0,2026-03-20 04:42:51.143024,2026-03-20 04:42:51.581155,0 days 00:00:00.438131,57.93655510852148,19.581439969636175,1.7853723445979257,Au,COMPLETE
2304,0.0,2026-03-20 04:42:51.170475,2026-03-20 04:42:51.596443,0 days 00:00:00.425968,40.18553288170037,18.74514140887575,1.452551002910647,Au,PRUNED
2305,-1.0,2026-03-20 04:42:51.204513,2026-03-20 04:42:51.655476,0 days 00:00:00.450963,21.650655734846872,19.654662230689986,1.6988422403164514,Au,COMPLETE
2306,-1.0,2026-03-20 04:42:51.286234,2026-03-20 04:42:51.711225,0 days 00:00:00.424991,37.53132326745353,19.69919518965305,1.2019821706731064,Au,COMPLETE
2307,-1.0,2026-03-20 04:42:51.316069,2026-03-20 04:42:52.132331,0 days 00:00:00.816262,23.60480122508664,19.904732333247182,1.6046698196576434,Au,COMPLETE
2308,0.0,2026-03-20 04:42:51.483103,2026-03-20 04:42:52.309790,0 days 00:00:00.826687,27.54872897787925,19.929927931871266,1.4113940472899622,Au,PRUNED
2309,0.0,2026-03-20 04:42:51.704157,2026-03-20 04:42:52.506440,0 days 00:00:00.802283,31.48865042404683,19.9965235925027,1.4879486877675183,Au,PRUNED
2310,-1.0,2026-03-20 04:42:51.769003,2026-03-20 04:42:52.451350,0 days 00:00:00.682347,33.53047272152436,19.557120968470933,1.5235813384573886,Au,COMPLETE
2311,-1.0,2026-03-20 04:42:51.659523,2026-03-20 04:42:52.508005,0 days 00:00:00.848482,32.45636757553765,19.59773395612999,1.2896410619225085,Au,COMPLETE
2312,-1.0,2026-03-20 04:42:51.872888,2026-03-20 04:42:52.563386,0 days 00:00:00.690498,31.57963555517589,19.80795468101669,1.2613081192159783,Au,COMPLETE
2313,0.0,2026-03-20 04:42:51.847569,2026-03-20 04:42:52.564386,0 days 00:00:00.716817,39.37525531759822,19.955039793310572,1.376888180994194,Au,PRUNED
2314,-1.0,2026-03-20 04:42:51.989382,2026-03-20 04:42:52.539199,0 days 00:00:00.549817,21.642097670780906,19.795204454312756,1.7074292040223138,Au,COMPLETE
2315,0.0,2026-03-20 04:42:52.341548,2026-03-20 04:42:53.121160,0 days 00:00:00.779612,43.10829575422758,16.931569553459166,1.7754645042709225,Au,PRUNED
2316,-1.0,2026-03-20 04:42:52.380805,2026-03-20 04:42:52.952652,0 days 00:00:00.571847,35.38663713095441,16.656947410466998,1.8101392315481766,Au,COMPLETE
2317,0.0,2026-03-20 04:42:52.542223,2026-03-20 04:42:53.376838,0 days 00:00:00.834615,20.499783488996293,16.71112033884567,1.745173772899332,Cu,PRUNED
2318,-1.0,2026-03-20 04:42:52.627737,2026-03-20 04:42:53.219200,0 days 00:00:00.591463,34.06197471858101,15.38316849634547,1.6736343041481394,Au,COMPLETE
2319,-1.0,2026-03-20 04:42:52.640703,2026-03-20 04:42:53.101072,0 days 00:00:00.460369,22.347284354732626,19.610465056447854,1.1805369300040365,Au,COMPLETE
2320,-1.0,2026-03-20 04:42:52.665525,2026-03-20 04:42:53.091331,0 days 00:00:00.425806,20.80529405626504,17.68642139697993,1.445930256048702,Au,COMPLETE
2321,0.0,2026-03-20 04:42:52.697558,2026-03-20 04:42:53.547923,0 days 00:00:00.850365,37.60955012241193,16.84024964194696,1.98649034926152,Au,PRUNED
2322,-1.0,2026-03-20 04:42:52.794909,2026-03-20 04:42:53.220200,0 days 00:00:00.425291,20.800538011381175,19.77063851158205,1.6497462281485098,Au,COMPLETE
2323,-1.0,2026-03-20 04:42:53.090117,2026-03-20 04:42:53.747475,0 days 00:00:00.657358,20.598427943654226,19.51823502789084,1.7096843764758758,Ag,COMPLETE
2324,76.94647201946246,2026-03-20 04:42:53.282127,2026-03-20 04:42:53.950094,0 days 00:00:00.667967,35.42076063004769,18.059339991779368,1.352151263573269,Cu,PRUNED
2325,-315.1041666666309,2026-03-20 04:42:53.319083,2026-03-20 04:42:54.139907,0 days 00:00:00.820824,21.40260616324951,17.420782967424994,1.2651059909682165,Au,COMPLETE
2326,-1.0,2026-03-20 04:42:53.339570,2026-03-20 04:42:53.919871,0 days 00:00:00.580301,34.33798009005404,19.272837162904043,1.9935727699667225,Au,COMPLETE
2327,-1.0,2026-03-20 04:42:53.419413,2026-03-20 04:42:53.966464,0 days 00:00:00.547051,20.08728446853508,17.893652316863864,1.3635813825454932,Au,COMPLETE
2328,-1.0,2026-03-20 04:42:53.466288,2026-03-20 04:42:54.153449,0 days 00:00:00.687161,20.39365409444314,17.47587783066286,1.4631153522958567,Au,COMPLETE
2329,0.0,2026-03-20 04:42:53.680911,2026-03-20 04:42:54.339872,0 days 00:00:00.658961,20.77215515172684,14.65013183083315,1.4405119905426327,Au,PRUNED
2330,-1.0,2026-03-20 04:42:53.746953,2026-03-20 04:42:54.402456,0 days 00:00:00.655503,24.3321683109486,16.819147339587957,1.4888040815534311,Cu,COMPLETE
2331,-359.07643312097355,2026-03-20 04:42:53.902384,2026-03-20 04:42:54.685578,0 days 00:00:00.783194,21.51454431047943,17.843329309790978,1.634459203635679,Au,COMPLETE
2332,0.0,2026-03-20 04:42:54.040462,2026-03-20 04:42:54.637335,0 days 00:00:00.596873,37.00440013537522,16.824722386171725,1.6190781240198329,Au,PRUNED
2333,-1.0,2026-03-20 04:42:54.088399,2026-03-20 04:42:54.684305,0 days 00:00:00.595906,20.237380712373625,17.99305696933814,1.7905599977263893,Au,COMPLETE
2334,-1.0,2026-03-20 04:42:54.306872,2026-03-20 04:42:54.854864,0 days 00:00:00.547992,20.920283692998307,18.43283762293466,1.6339932264054164,Au,COMPLETE
2335,-8.620689655171224,2026-03-20 04:42:54.342436,2026-03-20 04:42:54.898781,0 days 00:00:00.556345,22.34057301125471,18.063162309346588,1.70900893897996,Au,PRUNED
2336,-1.0,2026-03-20 04:42:54.416765,2026-03-20 04:42:54.899782,0 days 00:00:00.483017,21.407199804358726,19.949329339608326,1.4047668697890596,Au,COMPLETE
2337,-1.0,2026-03-20 04:42:54.446798,2026-03-20 04:42:54.901375,0 days 00:00:00.454577,21.770870057625604,19.921687763249846,1.5660374788075209,Au,COMPLETE
2338,-1.0,2026-03-20 04:42:54.625202,2026-03-20 04:42:55.145136,0 days 00:00:00.519934,20.955231035844104,19.93355390543035,1.4385382643291487,Au,COMPLETE
2339,-1.0,2026-03-20 04:42:54.676390,2026-03-20 04:42:55.295375,0 days 00:00:00.618985,20.346888028317615,19.990153220424506,1.1097231039309374,Au,COMPLETE
2340,-10.752688172041623,2026-03-20 04:42:54.825654,2026-03-20 04:42:55.477860,0 days 00:00:00.652206,21.357457716976505,18.000460670299248,1.979242970326963,Au,PRUNED
2341,-1.0,2026-03-20 04:42:54.919266,2026-03-20 04:42:55.547930,0 days 00:00:00.628664,20.823708014991112,18.219004644546196,1.9987986167463205,Au,COMPLETE
2342,-408.27338129490585,2026-03-20 04:42:54.999441,2026-03-20 04:42:55.584112,0 days 00:00:00.584671,20.600168982928064,19.420040960288375,1.332395621903816,Au,COMPLETE
2343,-1.0,2026-03-20 04:42:55.011953,2026-03-20 04:42:55.484462,0 days 00:00:00.472509,30.798575836275887,19.91333431606165,1.2492067933758053,Au,COMPLETE
2344,-437.820512820445,2026-03-20 04:42:55.066720,2026-03-20 04:42:55.681908,0 days 00:00:00.615188,20.075276379935172,19.8930290735115,1.8327920313587975,Au,COMPLETE
2345,-12.06140350877066,2026-03-20 04:42:55.108064,2026-03-20 04:42:55.658102,0 days 00:00:00.550038,22.038214362686265,18.223829000573428,1.3379592658303758,Cu,PRUNED
2346,0.0,2026-03-20 04:42:55.292356,2026-03-20 04:42:55.918355,0 days 00:00:00.625999,32.416040162211154,16.88564314978523,1.3523309167904922,Au,PRUNED
2347,0.0,2026-03-20 04:42:55.476847,2026-03-20 04:42:56.442651,0 days 00:00:00.965804,41.07737426226836,17.2254311930806,1.3902540545530455,Au,PRUNED
2348,-384.35374149654615,2026-03-20 04:42:55.606329,2026-03-20 04:42:56.255121,0 days 00:00:00.648792,20.075658589684014,19.535335551405886,1.279285175754815,Au,COMPLETE
2349,-1.0,2026-03-20 04:42:55.660546,2026-03-20 04:42:56.332816,0 days 00:00:00.672270,22.44524263130019,17.332633152999822,1.282566603621847,Au,COMPLETE
2350,-11.217948717947856,2026-03-20 04:42:55.742427,2026-03-20 04:42:56.271960,0 days 00:00:00.529533,24.53457194268141,19.202896411550523,1.4131024278399438,Ag,PRUNED
2351,0.0,2026-03-20 04:42:55.757200,2026-03-20 04:42:56.477518,0 days 00:00:00.720318,20.38233087428314,18.076690253320667,1.2835872375298787,Au,PRUNED
2352,-1.0,2026-03-20 04:42:55.955845,2026-03-20 04:42:56.426815,0 days 00:00:00.470970,20.178138155914983,19.417611730284484,1.9100354964172652,Au,COMPLETE
2353,0.0,2026-03-20 04:42:55.920358,2026-03-20 04:42:56.563269,0 days 00:00:00.642911,35.876785155594014,19.945223385933186,1.7934804523017958,Au,PRUNED
2354,0.0,2026-03-20 04:42:55.996540,2026-03-20 04:42:56.563269,0 days 00:00:00.566729,32.738582605560765,19.839243743737754,1.6959039656702586,Au,PRUNED
2355,0.0,2026-03-20 04:42:56.313576,2026-03-20 04:42:57.134873,0 days 00:00:00.821297,32.75571745249946,19.861586737629164,1.3017792653643978,Au,PRUNED
2356,0.0,2026-03-20 04:42:56.399073,2026-03-20 04:42:57.059141,0 days 00:00:00.660068,46.5409842211723,19.926970374437136,1.4238425898026577,Au,PRUNED
2357,83.33333333333088,2026-03-20 04:42:56.501827,2026-03-20 04:42:57.481972,0 days 00:00:00.980145,23.18289433123092,19.86107096949639,1.1174519223108683,Au,PRUNED
2358,0.0,2026-03-20 04:42:56.571548,2026-03-20 04:42:57.491557,0 days 00:00:00.920009,33.27689648925554,19.918151722814336,1.3577684490458597,Au,PRUNED
2359,-401.30023640656185,2026-03-20 04:42:56.654246,2026-03-20 04:42:57.112895,0 days 00:00:00.458649,20.097670754645527,19.783143769977972,1.1766525042395048,Au,COMPLETE
2360,-1.0,2026-03-20 04:42:56.669904,2026-03-20 04:42:57.226981,0 days 00:00:00.557077,20.323263083869175,19.29058571355005,1.5417716290813097,Au,COMPLETE
2361,-1.0,2026-03-20 04:42:56.683201,2026-03-20 04:42:57.178125,0 days 00:00:00.494924,87.55198054166769,7.061433260955123,0.933392377835076,Cu,COMPLETE
2362,-1.0,2026-03-20 04:42:56.728740,2026-03-20 04:42:57.368593,0 days 00:00:00.639853,23.423607136322033,19.98965442613134,1.5538090599732926,Au,COMPLETE
2363,-1.0,2026-03-20 04:42:57.132780,2026-03-20 04:42:57.599540,0 days 00:00:00.466760,22.627682967179886,19.37974645649133,1.0953427875745168,Au,COMPLETE
2364,0.0,2026-03-20 04:42:57.275173,2026-03-20 04:42:57.962758,0 days 00:00:00.687585,35.488462111760356,19.7798511860162,0.9542896713591775,Au,PRUNED
2365,-1.0,2026-03-20 04:42:57.337185,2026-03-20 04:42:57.993082,0 days 00:00:00.655897,34.07087807500115,17.80832643327892,1.3249978328810248,Au,COMPLETE
2366,-1.0,2026-03-20 04:42:57.393788,2026-03-20 04:42:57.962217,0 days 00:00:00.568429,31.324580973714472,19.321697076781465,1.2099478000828547,Au,COMPLETE
2367,-8.01282051281928,2026-03-20 04:42:57.437442,2026-03-20 04:42:58.141586,0 days 00:00:00.704144,21.21786722483873,19.97588007447678,1.0975458506141749,Au,PRUNED
2368,-1.0,2026-03-20 04:42:57.512296,2026-03-20 04:42:57.943804,0 days 00:00:00.431508,23.48207593005644,19.87120344077172,1.3508957971717281,Au,COMPLETE
2369,0.0,2026-03-20 04:42:57.532203,2026-03-20 04:42:58.189516,0 days 00:00:00.657313,27.481050386818374,19.943787082983484,1.2111960234888657,Au,PRUNED
2370,-1.0,2026-03-20 04:42:57.618904,2026-03-20 04:42:58.009370,0 days 00:00:00.390466,37.16536242126444,17.665682060184867,1.3511873687751381,Au,COMPLETE
2371,0.0,2026-03-20 04:42:57.723862,2026-03-20 04:42:58.192653,0 days 00:00:00.468791,20.433368852273087,16.779082112149943,1.309652541549439,Au,PRUNED
2372,-1.0,2026-03-20 04:42:57.958707,2026-03-20 04:42:58.370219,0 days 00:00:00.411512,25.114794789311674,19.57561503132354,1.108486861277839,Au,COMPLETE
2373,-1.0,2026-03-20 04:42:58.087059,2026-03-20 04:42:58.812424,0 days 00:00:00.725365,31.946322039783293,19.772406615099705,1.9649600853528966,Cu,COMPLETE
2374,-1.0,2026-03-20 04:42:58.163687,2026-03-20 04:42:58.808993,0 days 00:00:00.645306,32.65130150155191,16.393740870649474,1.1999364848515472,Au,COMPLETE
2375,0.0,2026-03-20 04:42:58.220164,2026-03-20 04:42:58.811425,0 days 00:00:00.591261,45.20848018085675,19.56425119832881,1.049220599189798,Au,PRUNED
2376,-1.0,2026-03-20 04:42:58.244910,2026-03-20 04:42:58.851921,0 days 00:00:00.607011,35.81162388997752,16.55308475579123,1.2085860627381564,Au,COMPLETE
2377,-1.0,2026-03-20 04:42:58.226407,2026-03-20 04:42:58.898819,0 days 00:00:00.672412,21.438881003296263,19.228145429219385,1.181710404846975,Au,COMPLETE
2378,-405.3571428570857,2026-03-20 04:42:58.275459,2026-03-20 04:42:58.853099,0 days 00:00:00.577640,21.354889290233867,18.924788284084798,1.2836382908718718,Au,COMPLETE
2379,-1.0,2026-03-20 04:42:58.356341,2026-03-20 04:42:58.883556,0 days 00:00:00.527215,34.461405294587955,18.974751216426473,1.2425658921909977,Au,COMPLETE
2380,-1.0,2026-03-20 04:42:58.508254,2026-03-20 04:42:58.767355,0 days 00:00:00.259101,22.157570033626985,19.63554472944786,1.514198778309396,Au,COMPLETE
2381,-1.0,2026-03-20 04:42:58.786037,2026-03-20 04:42:59.238646,0 days 00:00:00.452609,40.18380972275831,17.483797188003418,1.3142067317508603,Au,COMPLETE
2382,-1.0,2026-03-20 04:42:58.900611,2026-03-20 04:42:59.522776,0 days 00:00:00.622165,34.01489783530156,17.34772092499999,1.6509810991891982,Au,COMPLETE
2383,-424.44029850739975,2026-03-20 04:42:58.963059,2026-03-20 04:42:59.758991,0 days 00:00:00.795932,20.594035165160758,19.56912773416362,1.4542350235421195,Au,COMPLETE
2384,-8.838383838382768,2026-03-20 04:42:59.004860,2026-03-20 04:42:59.868075,0 days 00:00:00.863215,23.28501781990271,19.659278562682076,1.2758593982744464,Cu,PRUNED
2385,0.0,2026-03-20 04:42:59.050721,2026-03-20 04:42:59.942955,0 days 00:00:00.892234,43.84069294468871,19.900833568873768,1.6810669133195808,Au,PRUNED
2386,0.0,2026-03-20 04:42:59.071438,2026-03-20 04:42:59.670017,0 days 00:00:00.598579,27.995331720749398,19.850848232145466,1.1051513604482617,Au,PRUNED
2387,-424.129353233768,2026-03-20 04:42:59.141491,2026-03-20 04:42:59.869084,0 days 00:00:00.727593,20.067467330461565,19.71450037673795,1.699115111908074,Au,COMPLETE
2388,-1.0,2026-03-20 04:42:59.184387,2026-03-20 04:42:59.672656,0 days 00:00:00.488269,23.476294561661877,19.61322815458763,1.275162923808074,Au,COMPLETE
2389,0.0,2026-03-20 04:42:59.396595,2026-03-20 04:43:00.238703,0 days 00:00:00.842108,30.86013745938984,19.898059933881683,1.1686790288328586,Au,PRUNED
2390,4.0322580645156085,2026-03-20 04:42:59.732859,2026-03-20 04:43:00.516992,0 days 00:00:00.784133,22.073015905637405,19.666656216501742,1.8155720166454639,Au,PRUNED
2391,0.0,2026-03-20 04:42:59.761996,2026-03-20 04:43:00.580996,0 days 00:00:00.819000,34.572267653545744,19.614257324919045,1.9413799912777105,Au,PRUNED
2392,0.0,2026-03-20 04:42:59.841805,2026-03-20 04:43:00.606630,0 days 00:00:00.764825,38.2882046000276,19.224482487030873,1.6103883222742463,Au,PRUNED
2393,-1.0,2026-03-20 04:42:59.916501,2026-03-20 04:43:00.706272,0 days 00:00:00.789771,30.28007447232685,19.985104217996188,1.9192225693000515,Au,COMPLETE
2394,0.0,2026-03-20 04:43:00.048377,2026-03-20 04:43:00.750977,0 days 00:00:00.702600,37.784982947698055,18.932983620738774,1.8098439791596104,Au,PRUNED
2395,0.0,2026-03-20 04:43:00.095273,2026-03-20 04:43:00.925312,0 days 00:00:00.830039,24.79262589097978,19.762546497490256,1.999484018356622,Au,PRUNED
2396,-405.3571428570857,2026-03-20 04:43:00.169533,2026-03-20 04:43:01.012501,0 days 00:00:00.842968,20.275441470044917,19.453391471073914,1.5437738123539422,Au,COMPLETE
2397,-1.0,2026-03-20 04:43:00.610140,2026-03-20 04:43:01.289501,0 days 00:00:00.679361,22.029202367114195,19.6808335969829,1.6596518432821017,Au,COMPLETE
2398,0.0,2026-03-20 04:43:00.549098,2026-03-20 04:43:01.285208,0 days 00:00:00.736110,25.05785898887548,19.94298085021752,1.4324965153090623,Au,PRUNED
2399,-1.0,2026-03-20 04:43:00.735346,2026-03-20 04:43:01.265281,0 days 00:00:00.529935,36.73195056964767,17.18307218180756,1.662644399821137,Au,COMPLETE
2400,83.02696078431127,2026-03-20 04:43:00.784517,2026-03-20 04:43:01.442629,0 days 00:00:00.658112,22.60697868859424,19.951859537490563,1.9073455868202236,Au,PRUNED
2401,-1.0,2026-03-20 04:43:00.847175,2026-03-20 04:43:01.391773,0 days 00:00:00.544598,29.902010728909246,19.734948445483997,1.6347996796735604,Au,COMPLETE
2402,0.0,2026-03-20 04:43:00.895938,2026-03-20 04:43:01.538366,0 days 00:00:00.642428,30.262136934836484,19.946966124861042,1.660664502050565,Au,PRUNED
2403,-1.0,2026-03-20 04:43:00.993462,2026-03-20 04:43:01.358928,0 days 00:00:00.365466,20.66949941950362,19.498146938111876,1.2240247110913711,Au,COMPLETE
2404,-1.0,2026-03-20 04:43:01.164249,2026-03-20 04:43:02.080044,0 days 00:00:00.915795,20.07899221797608,19.974073591532992,1.6729831963960742,Au,COMPLETE
2405,2.7777777777774073,2026-03-20 04:43:01.358385,2026-03-20 04:43:02.277178,0 days 00:00:00.918793,22.078423909577594,19.99722075790197,1.4652766805761612,Au,PRUNED
2406,0.0,2026-03-20 04:43:01.442629,2026-03-20 04:43:02.043665,0 days 00:00:00.601036,38.97612975276285,18.124918064005215,1.5414180909063102,Au,PRUNED
2407,-421.29629629623446,2026-03-20 04:43:01.502654,2026-03-20 04:43:02.081054,0 days 00:00:00.578400,20.174455123777193,19.537786398172905,1.8936125407619764,Au,COMPLETE
2408,0.0,2026-03-20 04:43:01.587424,2026-03-20 04:43:02.207106,0 days 00:00:00.619682,38.34726001836657,19.993907676998266,1.5467494074249912,Au,PRUNED
2409,-387.5570776255173,2026-03-20 04:43:01.595318,2026-03-20 04:43:02.158303,0 days 00:00:00.562985,21.189381475030668,18.721909881362357,1.3305907210156889,Au,COMPLETE
2410,-1.0,2026-03-20 04:43:01.576165,2026-03-20 04:43:01.984827,0 days 00:00:00.408662,22.817781165767215,19.470801616853716,1.5254143604384103,Au,COMPLETE
2411,-1.0,2026-03-20 04:43:01.667669,2026-03-20 04:43:02.115428,0 days 00:00:00.447759,35.04421736928923,19.39678562915063,1.6277043833356841,Au,COMPLETE
2412,-1.4880952380950254,2026-03-20 04:43:02.118939,2026-03-20 04:43:02.814403,0 days 00:00:00.695464,21.152481591100045,19.98293485327635,1.6653536504637123,Au,PRUNED
2413,-8.01282051281928,2026-03-20 04:43:02.222858,2026-03-20 04:43:02.731438,0 days 00:00:00.508580,21.370131098281252,19.73086800558742,1.2294433731916068,Au,PRUNED
2414,0.0,2026-03-20 04:43:02.284784,2026-03-20 04:43:02.787655,0 days 00:00:00.502871,26.260979616942326,19.99790473282645,1.62735358004189,Au,PRUNED
2415,0.0,2026-03-20 04:43:02.300976,2026-03-20 04:43:03.143822,0 days 00:00:00.842846,20.066230198291446,17.29668561532374,1.541368555891181,Au,PRUNED
2416,83.33333333333088,2026-03-20 04:43:02.315942,2026-03-20 04:43:03.094693,0 days 00:00:00.778751,22.363173404023314,19.657830980071285,1.690861971485498,Au,PRUNED
2417,-1.0,2026-03-20 04:43:02.369911,2026-03-20 04:43:02.982156,0 days 00:00:00.612245,21.618751335073636,19.961948766566792,1.2946228667324213,Au,COMPLETE
2418,-1.0,2026-03-20 04:43:02.405066,2026-03-20 04:43:03.041535,0 days 00:00:00.636469,24.484666735106572,19.885172563456592,1.2458828314978339,Au,COMPLETE
2419,0.0,2026-03-20 04:43:02.425829,2026-03-20 04:43:03.222233,0 days 00:00:00.796404,28.15979186719297,19.994420282037375,1.3547777791931233,Au,PRUNED
2420,-1.0,2026-03-20 04:43:02.815407,2026-03-20 04:43:03.483021,0 days 00:00:00.667614,30.3710903956467,18.60696804031895,1.9703989184368718,Au,COMPLETE
2421,-1.0,2026-03-20 04:43:03.000483,2026-03-20 04:43:03.504712,0 days 00:00:00.504229,44.897216135618066,19.874998608589227,1.9006574078338443,Au,COMPLETE
2422,-1.0,2026-03-20 04:43:03.093685,2026-03-20 04:43:03.770369,0 days 00:00:00.676684,20.522034096606735,19.096077921806934,1.9475141589032432,Au,COMPLETE
2423,-26.38888888888537,2026-03-20 04:43:03.180943,2026-03-20 04:43:03.875473,0 days 00:00:00.694530,31.643470089227954,17.561665704612114,1.5110052166401051,Ag,PRUNED
2424,-1.0,2026-03-20 04:43:03.207398,2026-03-20 04:43:03.709511,0 days 00:00:00.502113,38.00625901919953,17.041001212345027,1.9814663339243495,Au,COMPLETE
2425,-1.0,2026-03-20 04:43:03.224230,2026-03-20 04:43:03.875473,0 days 00:00:00.651243,38.15597704090763,19.045700397769128,1.8324861636168859,Ag,COMPLETE
2426,-1.0,2026-03-20 04:43:03.319995,2026-03-20 04:43:03.730987,0 days 00:00:00.410992,20.025674422653292,19.079839245759228,1.4126004995286245,Au,COMPLETE
2427,-1.0,2026-03-20 04:43:03.312091,2026-03-20 04:43:03.877527,0 days 00:00:00.565436,21.15716596677933,19.578437085382237,1.664344121140377,Au,COMPLETE
2428,-1.0,2026-03-20 04:43:03.629092,2026-03-20 04:43:04.143229,0 days 00:00:00.514137,27.19878173234343,19.768894540353728,1.991687222812644,Au,COMPLETE
2429,0.0,2026-03-20 04:43:03.614534,2026-03-20 04:43:04.218387,0 days 00:00:00.603853,38.796609334886725,19.952494483271924,1.988936173662847,Au,PRUNED
2430,-1.0,2026-03-20 04:43:03.867941,2026-03-20 04:43:04.531561,0 days 00:00:00.663620,20.156086550566005,19.691597671713925,1.5513558647963883,Au,COMPLETE
2431,-1.0,2026-03-20 04:43:03.932184,2026-03-20 04:43:04.532566,0 days 00:00:00.600382,37.05515321657772,16.864044215531845,1.2536501439737853,Au,COMPLETE
2432,-1.0,2026-03-20 04:43:03.920358,2026-03-20 04:43:04.625693,0 days 00:00:00.705335,20.118047219526133,17.64854572753372,1.9414254750490156,Au,COMPLETE
2433,-1.0,2026-03-20 04:43:03.996929,2026-03-20 04:43:04.469452,0 days 00:00:00.472523,20.100540900235554,19.023795453784388,1.8716604543714268,Au,COMPLETE
2434,0.0,2026-03-20 04:43:04.059428,2026-03-20 04:43:04.684604,0 days 00:00:00.625176,35.3927969209548,17.47183705914295,1.157269928125208,Au,PRUNED
2435,0.0,2026-03-20 04:43:04.115206,2026-03-20 04:43:04.838739,0 days 00:00:00.723533,36.27447731487135,17.792733446918405,1.573074704591166,Au,PRUNED
2436,-323.6434108526756,2026-03-20 04:43:04.291777,2026-03-20 04:43:04.759882,0 days 00:00:00.468105,20.93547968303868,17.865828611404595,1.3530570404215716,Au,COMPLETE
2437,-1.0,2026-03-20 04:43:04.372196,2026-03-20 04:43:04.756368,0 days 00:00:00.384172,34.257557441154795,16.888074707819438,1.509393659904185,Au,COMPLETE
2438,-393.22916666661206,2026-03-20 04:43:04.633599,2026-03-20 04:43:05.426254,0 days 00:00:00.792655,20.008696626647705,19.267789147697314,1.7742393452266045,Au,COMPLETE
2439,-1.0,2026-03-20 04:43:04.673585,2026-03-20 04:43:05.362905,0 days 00:00:00.689320,24.6167499765943,16.535362324941516,1.9823441843389844,Ag,COMPLETE
2440,0.0,2026-03-20 04:43:04.770327,2026-03-20 04:43:05.404901,0 days 00:00:00.634574,41.405992453694225,19.653086861299457,1.4239084641140451,Au,PRUNED
2441,-317.6190476190112,2026-03-20 04:43:04.778023,2026-03-20 04:43:05.491567,0 days 00:00:00.713544,21.815184873150088,17.175415486505685,1.2988744438050213,Au,COMPLETE
2442,0.0,2026-03-20 04:43:04.889399,2026-03-20 04:43:05.652919,0 days 00:00:00.763520,20.366514123778142,17.891671848831436,1.3577773767135202,Au,PRUNED
2443,-1.0,2026-03-20 04:43:04.921490,2026-03-20 04:43:05.403894,0 days 00:00:00.482404,20.500138752878147,17.14104686862126,1.4469290844753258,Au,COMPLETE
2444,-9.615384615383135,2026-03-20 04:43:04.978649,2026-03-20 04:43:05.493574,0 days 00:00:00.514925,21.044321214025473,19.639007861236276,1.3770446487214008,Au,PRUNED
2445,-10.416666666665924,2026-03-20 04:43:05.009135,2026-03-20 04:43:05.491567,0 days 00:00:00.482432,29.996810923125636,13.66028187278511,1.8767896295956898,Cu,PRUNED
2446,-304.0293040292704,2026-03-20 04:43:05.527055,2026-03-20 04:43:06.231829,0 days 00:00:00.704774,21.28268217238466,16.658841254070524,1.8934888234310558,Au,COMPLETE
2447,-1.0,2026-03-20 04:43:05.574292,2026-03-20 04:43:06.194493,0 days 00:00:00.620201,32.8625962034015,19.51178558376835,1.8508371201165654,Au,COMPLETE
2448,-437.820512820445,2026-03-20 04:43:05.623900,2026-03-20 04:43:06.614733,0 days 00:00:00.990833,20.32531881126042,19.93825790367432,1.4597581667379143,Au,COMPLETE
2449,0.0,2026-03-20 04:43:05.687210,2026-03-20 04:43:06.243149,0 days 00:00:00.555939,37.2418765830506,17.847888476870953,1.8131965163888566,Au,PRUNED
2450,-1.4988009592325708,2026-03-20 04:43:05.697860,2026-03-20 04:43:06.385822,0 days 00:00:00.687962,20.783851140589814,19.778837445192618,1.4237864507685518,Ag,PRUNED
2451,-366.6125541125062,2026-03-20 04:43:05.701430,2026-03-20 04:43:06.510578,0 days 00:00:00.809148,21.014631764379047,18.16540362733251,1.7955168662735395,Au,COMPLETE
2452,-1.0,2026-03-20 04:43:05.733299,2026-03-20 04:43:06.338441,0 days 00:00:00.605142,40.37084093584661,19.784416534688717,1.7089151087491923,Au,COMPLETE
2453,-1.0,2026-03-20 04:43:05.784089,2026-03-20 04:43:06.495743,0 days 00:00:00.711654,20.19389130088296,19.812939899126544,1.8095170434384285,Au,COMPLETE
2454,-1.0,2026-03-20 04:43:06.426494,2026-03-20 04:43:07.060010,0 days 00:00:00.633516,21.087548391727807,19.109383767221658,1.9274917224182704,Au,COMPLETE
2455,0.0,2026-03-20 04:43:06.431268,2026-03-20 04:43:07.184725,0 days 00:00:00.753457,33.849318012978294,19.83383129156402,1.3452266092097556,Au,PRUNED
2456,-1.0,2026-03-20 04:43:06.537120,2026-03-20 04:43:07.325781,0 days 00:00:00.788661,20.415433382320018,18.078911900026025,1.7459890236479232,Au,COMPLETE
2457,-2.976190476190051,2026-03-20 04:43:06.464464,2026-03-20 04:43:07.218542,0 days 00:00:00.754078,21.76446702365824,19.878711661658503,1.2551591447606505,Au,PRUNED
2458,-420.98765432092506,2026-03-20 04:43:06.652958,2026-03-20 04:43:07.405852,0 days 00:00:00.752894,20.35294062263804,19.64189584385257,1.4954696293458287,Au,COMPLETE
2459,-1.0,2026-03-20 04:43:06.617800,2026-03-20 04:43:07.137221,0 days 00:00:00.519421,21.84719631750934,19.855462100818386,1.719808109218079,Au,COMPLETE
2460,0.0,2026-03-20 04:43:06.717882,2026-03-20 04:43:07.162357,0 days 00:00:00.444475,34.10174382983574,19.979808741677353,1.2404744979832794,Au,PRUNED
2461,-420.98765432092506,2026-03-20 04:43:06.797845,2026-03-20 04:43:07.494744,0 days 00:00:00.696899,20.262028844322245,19.84125128412358,1.3067304122503087,Au,COMPLETE
2462,-1.0,2026-03-20 04:43:07.129494,2026-03-20 04:43:07.764326,0 days 00:00:00.634832,23.526692836188268,19.484244149205047,1.6389485093379317,Cu,COMPLETE
2463,-1.0,2026-03-20 04:43:07.177520,2026-03-20 04:43:07.683043,0 days 00:00:00.505523,27.948563656915063,19.952685631287707,1.7703296465883485,Au,COMPLETE
2464,0.0,2026-03-20 04:43:07.277648,2026-03-20 04:43:08.148346,0 days 00:00:00.870698,32.523076177734886,19.897719694340978,1.3284008152234807,Au,PRUNED
2465,-1.0,2026-03-20 04:43:07.395126,2026-03-20 04:43:07.879065,0 days 00:00:00.483939,49.14750657579978,19.94504397194239,1.2780256350445367,Au,COMPLETE
2466,-1.0,2026-03-20 04:43:07.455812,2026-03-20 04:43:07.880065,0 days 00:00:00.424253,41.22418804649069,16.91949135424577,1.7047186844674802,Cu,COMPLETE
2467,-1.0,2026-03-20 04:43:07.531991,2026-03-20 04:43:07.951724,0 days 00:00:00.419733,20.531883143851648,19.062350921029807,1.8466364305740293,Cu,COMPLETE
2468,0.0,2026-03-20 04:43:07.607752,2026-03-20 04:43:08.173077,0 days 00:00:00.565325,25.16497957398713,19.140497577999252,1.6633412951569277,Cu,PRUNED
2469,-1.0,2026-03-20 04:43:07.704186,2026-03-20 04:43:08.017529,0 days 00:00:00.313343,21.348639244580266,19.353717636505234,1.3224760063837744,Au,COMPLETE
2470,82.71604938271359,2026-03-20 04:43:07.805230,2026-03-20 04:43:08.431481,0 days 00:00:00.626251,24.650895898485167,19.966629296997073,1.1715265566546957,Au,PRUNED
2471,-1.0,2026-03-20 04:43:07.924036,2026-03-20 04:43:08.549792,0 days 00:00:00.625756,32.73253297222803,19.731335424180113,1.455347839957649,Au,COMPLETE
2472,-1.0,2026-03-20 04:43:08.035581,2026-03-20 04:43:08.548287,0 days 00:00:00.512706,33.5381700409785,19.961423192384135,1.170708972322542,Au,COMPLETE
2473,-390.2298850574169,2026-03-20 04:43:08.065460,2026-03-20 04:43:08.712258,0 days 00:00:00.646798,20.00374956386156,19.512160556642375,1.4591898400200276,Au,COMPLETE
2474,-1.0,2026-03-20 04:43:08.237102,2026-03-20 04:43:08.738573,0 days 00:00:00.501471,42.20031308635302,19.898974909397353,1.1793719455673894,Au,COMPLETE
2475,-407.9736211030594,2026-03-20 04:43:08.272838,2026-03-20 04:43:08.924642,0 days 00:00:00.651804,20.210781725961432,19.503574651114928,1.5185470525493319,Au,COMPLETE
2476,-1.0,2026-03-20 04:43:08.265284,2026-03-20 04:43:08.976876,0 days 00:00:00.711592,22.210696268825515,19.843084744302395,1.0796434371587982,Au,COMPLETE
2477,-1.0,2026-03-20 04:43:08.348169,2026-03-20 04:43:08.879390,0 days 00:00:00.531221,37.24394053183012,17.83885019703001,1.3584751100264674,Au,COMPLETE
2478,-1.0,2026-03-20 04:43:08.511082,2026-03-20 04:43:09.032046,0 days 00:00:00.520964,39.432950156112526,18.560266744770182,1.160065223566358,Ag,COMPLETE
2479,-1.0,2026-03-20 04:43:08.654841,2026-03-20 04:43:09.031041,0 days 00:00:00.376200,35.77814037838199,19.913483585391333,1.3651259674895722,Au,COMPLETE
2480,2.6881720430104057,2026-03-20 04:43:08.791583,2026-03-20 04:43:09.571551,0 days 00:00:00.779968,21.71377043176722,19.67899522680538,1.992872619419629,Au,PRUNED
2481,-328.18627450976504,2026-03-20 04:43:08.875491,2026-03-20 04:43:09.719567,0 days 00:00:00.844076,21.207820638938085,17.911454127825778,1.2091438721397,Au,COMPLETE
2482,-1.0,2026-03-20 04:43:08.859330,2026-03-20 04:43:09.413141,0 days 00:00:00.553811,20.6776466494496,19.93738503830431,1.2762552674707044,Au,COMPLETE
2483,-1.0,2026-03-20 04:43:09.040752,2026-03-20 04:43:09.573165,0 days 00:00:00.532413,37.520924095789596,19.97343188420466,1.390459109015769,Au,COMPLETE
2484,-0.6775067750677396,2026-03-20 04:43:09.153096,2026-03-20 04:43:09.916728,0 days 00:00:00.763632,84.16752031915352,16.3789049502491,1.5109951511466213,Cu,PRUNED
2485,-8.01282051281928,2026-03-20 04:43:09.169180,2026-03-20 04:43:09.851774,0 days 00:00:00.682594,20.328422955960935,19.986771286401165,1.6063952887205142,Au,PRUNED
2486,-1.0,2026-03-20 04:43:09.197040,2026-03-20 04:43:09.701493,0 days 00:00:00.504453,36.504971139171346,19.437730992841484,1.1404122662617018,Au,COMPLETE
2487,0.0,2026-03-20 04:43:09.345844,2026-03-20 04:43:10.551016,0 days 00:00:01.205172,35.97094229678009,17.84838193862832,1.2833587238414284,Au,PRUNED
2488,-0.2955082742316701,2026-03-20 04:43:09.503106,2026-03-20 04:43:10.023003,0 days 00:00:00.519897,22.631777553134626,7.538606869528838,0.13336485939787834,Au,PRUNED
2489,-414.537712895316,2026-03-20 04:43:09.634388,2026-03-20 04:43:10.405298,0 days 00:00:00.770910,21.06297233145482,19.17476158003617,1.3325077610001903,Au,COMPLETE
2490,0.0,2026-03-20 04:43:09.839490,2026-03-20 04:43:10.489340,0 days 00:00:00.649850,20.051478768904463,16.97982586255919,1.4619944463906542,Au,PRUNED
2491,-1.0,2026-03-20 04:43:09.849003,2026-03-20 04:43:10.402281,0 days 00:00:00.553278,24.24470119058252,19.84400009194323,1.2906855239185562,Au,COMPLETE
2492,-1.0,2026-03-20 04:43:09.959856,2026-03-20 04:43:10.463153,0 days 00:00:00.503297,35.03164443904778,19.666687878015907,1.6639712234363289,Au,COMPLETE
2493,-1.0,2026-03-20 04:43:09.993359,2026-03-20 04:43:10.489854,0 days 00:00:00.496495,20.547663118270254,18.424510354359086,1.1618478935669816,Au,COMPLETE
2494,-1.0,2026-03-20 04:43:10.056617,2026-03-20 04:43:10.530389,0 days 00:00:00.473772,31.62019833559851,19.578218395318135,1.597804879162159,Au,COMPLETE
2495,-1.0,2026-03-20 04:43:10.113609,2026-03-20 04:43:10.661020,0 days 00:00:00.547411,32.54241381923473,19.31945983087771,1.4099124807617773,Au,COMPLETE
2496,-376.3888888888384,2026-03-20 04:43:10.617627,2026-03-20 04:43:11.427049,0 days 00:00:00.809422,20.64100783643441,18.96145260760469,1.3256023005339697,Au,COMPLETE
2497,-1.0,2026-03-20 04:43:10.522350,2026-03-20 04:43:11.175891,0 days 00:00:00.653541,21.125679541760487,19.774587643416382,1.4314439399507612,Au,COMPLETE
2498,0.0,2026-03-20 04:43:10.663534,2026-03-20 04:43:11.300493,0 days 00:00:00.636959,29.717271649328644,19.611567077413433,1.4714449708487087,Au,PRUNED
2499,-1.0,2026-03-20 04:43:10.709579,2026-03-20 04:43:11.176433,0 days 00:00:00.466854,20.02557101285022,19.435188931869902,1.7400760228231718,Au,COMPLETE
2500,-1.0,2026-03-20 04:43:10.741996,2026-03-20 04:43:11.253817,0 days 00:00:00.511821,22.147560178799502,19.38289450574245,1.6190668000109871,Au,COMPLETE
2501,-1.0,2026-03-20 04:43:10.759025,2026-03-20 04:43:11.317551,0 days 00:00:00.558526,35.7744370079281,19.969940158305988,1.4042581855225424,Au,COMPLETE
2502,-1.0,2026-03-20 04:43:10.791009,2026-03-20 04:43:11.139837,0 days 00:00:00.348828,27.892906681255795,19.970531083602477,1.3822154430433897,Au,COMPLETE
2503,-376.1111111110613,2026-03-20 04:43:10.886525,2026-03-20 04:43:11.499734,0 days 00:00:00.613209,20.276160382562615,19.273026581074333,1.287694812985357,Au,COMPLETE
2504,0.0,2026-03-20 04:43:11.201279,2026-03-20 04:43:12.019042,0 days 00:00:00.817763,32.5126537931265,19.741432709926016,1.4200938415422684,Au,PRUNED
2505,-1.0,2026-03-20 04:43:11.401267,2026-03-20 04:43:12.022713,0 days 00:00:00.621446,20.195985313037983,19.446472214835012,1.8091939559237753,Au,COMPLETE
2506,-1.0,2026-03-20 04:43:11.445080,2026-03-20 04:43:12.094531,0 days 00:00:00.649451,31.28524436297382,17.263619215042677,1.584181892363941,Au,COMPLETE
2507,-0.654450261780091,2026-03-20 04:43:11.460987,2026-03-20 04:43:12.023218,0 days 00:00:00.562231,58.387562425874954,16.077998989645913,1.977049535325826,Au,PRUNED
2508,-1.0,2026-03-20 04:43:11.488371,2026-03-20 04:43:12.176969,0 days 00:00:00.688598,20.306916769889664,17.339801694216256,1.092460973457605,Au,COMPLETE
2509,0.0,2026-03-20 04:43:11.537667,2026-03-20 04:43:12.212699,0 days 00:00:00.675032,42.19733118327159,19.866005685927785,1.6989499944020785,Au,PRUNED
2510,-1.4880952380950254,2026-03-20 04:43:11.600057,2026-03-20 04:43:12.213701,0 days 00:00:00.613644,20.840296073025876,19.99828021561699,1.8805326867850432,Au,PRUNED
2511,-1.0,2026-03-20 04:43:11.658640,2026-03-20 04:43:12.350826,0 days 00:00:00.692186,20.569629995943586,19.480058124386762,1.377771785942262,Au,COMPLETE
2512,-1.0,2026-03-20 04:43:12.098552,2026-03-20 04:43:12.656354,0 days 00:00:00.557802,39.6345067171177,19.7620639177729,1.5826609902062492,Au,COMPLETE
2513,-1.0,2026-03-20 04:43:12.139472,2026-03-20 04:43:12.596870,0 days 00:00:00.457398,74.35243155240194,19.528686023246564,0.7964381017763706,Cu,COMPLETE
2514,-1.0,2026-03-20 04:43:12.255865,2026-03-20 04:43:12.789746,0 days 00:00:00.533881,20.280829222863478,19.341904396396693,1.6461067420080921,Au,COMPLETE
2515,-431.1868686868024,2026-03-20 04:43:12.311820,2026-03-20 04:43:13.125955,0 days 00:00:00.814135,20.080978103038117,19.8183531918106,1.715135502726408,Au,COMPLETE
2516,0.0,2026-03-20 04:43:12.333801,2026-03-20 04:43:12.979120,0 days 00:00:00.645319,34.065886660230575,19.792575043297912,1.7189160324515504,Au,PRUNED
2517,-1.0,2026-03-20 04:43:12.383959,2026-03-20 04:43:12.812826,0 days 00:00:00.428867,46.174113497514114,19.68323103578799,1.6110112844240996,Cu,COMPLETE
2518,-1.0,2026-03-20 04:43:12.352331,2026-03-20 04:43:12.796851,0 days 00:00:00.444520,20.9926663435913,19.61358100168226,1.5565029960347685,Au,COMPLETE
2519,-1.0,2026-03-20 04:43:12.520703,2026-03-20 04:43:12.910019,0 days 00:00:00.389316,20.83107999341265,19.92701711692998,1.5127333662511766,Au,COMPLETE
2520,-1.0,2026-03-20 04:43:12.737502,2026-03-20 04:43:13.305195,0 days 00:00:00.567693,37.186187519448765,19.66329317274861,1.5455710588287135,Au,COMPLETE
2521,-1.0,2026-03-20 04:43:12.845373,2026-03-20 04:43:13.521509,0 days 00:00:00.676136,35.55866913391978,17.060628079422234,1.7168815773183188,Au,COMPLETE
2522,-1.0,2026-03-20 04:43:13.020328,2026-03-20 04:43:13.617962,0 days 00:00:00.597634,35.628110090647795,19.68549513369738,1.6979711339584955,Au,COMPLETE
2523,-11.904761904760544,2026-03-20 04:43:13.076524,2026-03-20 04:43:13.682156,0 days 00:00:00.605632,21.960687576740355,19.37834224207399,1.172429625979766,Cu,PRUNED
2524,-1.0,2026-03-20 04:43:13.102045,2026-03-20 04:43:13.562868,0 days 00:00:00.460823,34.13533798593595,19.859010909246713,1.4992677181244733,Au,COMPLETE
2525,0.0,2026-03-20 04:43:13.153006,2026-03-20 04:43:13.728324,0 days 00:00:00.575318,30.407792929069167,19.825326855834753,1.739947910888679,Au,PRUNED
2526,-1.0,2026-03-20 04:43:13.212262,2026-03-20 04:43:13.619999,0 days 00:00:00.407737,20.010595541141953,19.98692105524778,1.4952551617813308,Au,COMPLETE
2527,-1.0,2026-03-20 04:43:13.309249,2026-03-20 04:43:13.939693,0 days 00:00:00.630444,20.17920197044732,19.226191289890536,1.6138553507450795,Au,COMPLETE
2528,-6.313131313130548,2026-03-20 04:43:13.474667,2026-03-20 04:43:14.217760,0 days 00:00:00.743093,23.875559250608127,19.516220518227026,1.4014008235236406,Cu,PRUNED
2529,-1.0,2026-03-20 04:43:13.705977,2026-03-20 04:43:14.153641,0 days 00:00:00.447664,26.222073869825024,19.94903983220502,1.677056709489083,Ag,COMPLETE
2530,83.33333333333088,2026-03-20 04:43:13.729324,2026-03-20 04:43:14.481102,0 days 00:00:00.751778,22.23030186382929,19.942411682270738,1.7785948209785443,Au,PRUNED
2531,-1.0,2026-03-20 04:43:13.756392,2026-03-20 04:43:14.311116,0 days 00:00:00.554724,20.396036397901938,16.747088900818653,1.2171490572860062,Au,COMPLETE
2532,-283.4628670120605,2026-03-20 04:43:13.765464,2026-03-20 04:43:14.442754,0 days 00:00:00.677290,21.60116281663962,15.75988439833197,1.9930940898825027,Au,COMPLETE
2533,-424.129353233768,2026-03-20 04:43:13.783398,2026-03-20 04:43:14.414931,0 days 00:00:00.631533,20.482813623611687,19.586325615031537,1.5000647022893776,Au,COMPLETE
2534,-1.0,2026-03-20 04:43:13.847557,2026-03-20 04:43:14.280016,0 days 00:00:00.432459,31.72890845094781,17.30751834711795,1.925214949442544,Au,COMPLETE
2535,-427.31829573928434,2026-03-20 04:43:14.145127,2026-03-20 04:43:14.950519,0 days 00:00:00.805392,20.337446043433552,19.80654313580152,1.336272595861547,Au,COMPLETE
2536,-1.0,2026-03-20 04:43:14.377487,2026-03-20 04:43:14.822348,0 days 00:00:00.444861,34.0785529257008,16.394076825673473,1.3469767793690766,Au,COMPLETE
2537,0.0,2026-03-20 04:43:14.445754,2026-03-20 04:43:15.124681,0 days 00:00:00.678927,37.3978239432984,17.488637995021648,1.480416107901739,Au,PRUNED
2538,-424.44029850739975,2026-03-20 04:43:14.520423,2026-03-20 04:43:15.170136,0 days 00:00:00.649713,20.131629071849783,19.67969926920399,1.7312261969998857,Au,COMPLETE
2539,0.0,2026-03-20 04:43:14.531234,2026-03-20 04:43:15.249589,0 days 00:00:00.718355,32.75877054351379,19.797631937885694,1.8900958433359776,Au,PRUNED
2540,0.0,2026-03-20 04:43:14.553915,2026-03-20 04:43:15.524775,0 days 00:00:00.970860,31.861815776205894,19.566635493668954,1.9021347274799683,Au,PRUNED
2541,-1.436781609195204,2026-03-20 04:43:14.606835,2026-03-20 04:43:15.096952,0 days 00:00:00.490117,21.50290225237522,19.746360014543413,1.6710136708518923,Au,PRUNED
2542,-10.03086419753012,2026-03-20 04:43:14.644615,2026-03-20 04:43:15.249589,0 days 00:00:00.604974,44.15609139796395,10.189632409636614,1.9964447905241953,Cu,PRUNED
2543,0.0,2026-03-20 04:43:15.016617,2026-03-20 04:43:15.722029,0 days 00:00:00.705412,37.82755283298665,17.574824725313423,1.9951233956175496,Au,PRUNED
2544,-363.4408602150067,2026-03-20 04:43:15.207372,2026-03-20 04:43:16.263234,0 days 00:00:01.055862,20.000029296730563,18.647008026990832,1.998024149350133,Au,COMPLETE
2545,-7.716049382714907,2026-03-20 04:43:15.224072,2026-03-20 04:43:15.951819,0 days 00:00:00.727747,20.827273551674956,19.450258920382645,1.7614848061490473,Au,PRUNED
2546,0.0,2026-03-20 04:43:15.292611,2026-03-20 04:43:16.124739,0 days 00:00:00.832128,39.3652847737777,19.88935059108899,1.743472264130536,Au,PRUNED
2547,-1.0,2026-03-20 04:43:15.422920,2026-03-20 04:43:15.900487,0 days 00:00:00.477567,29.05969555540653,19.798895828586,1.7025608064278626,Au,COMPLETE
2548,0.0,2026-03-20 04:43:15.442030,2026-03-20 04:43:16.200119,0 days 00:00:00.758089,34.43114149635754,19.5621784007942,1.824955662497347,Au,PRUNED
2549,-1.436781609195204,2026-03-20 04:43:15.356290,2026-03-20 04:43:16.000321,0 days 00:00:00.644031,21.18417309211921,19.64244469915183,1.9740518531591391,Au,PRUNED
2550,-1.0,2026-03-20 04:43:15.593423,2026-03-20 04:43:16.201658,0 days 00:00:00.608235,21.664226369362744,19.889829608039832,1.4746632034224052,Au,COMPLETE
2551,0.0,2026-03-20 04:43:15.769177,2026-03-20 04:43:16.813546,0 days 00:00:01.044369,20.590718813797405,16.435038759368368,1.8159141506904395,Au,PRUNED
2552,0.0,2026-03-20 04:43:16.099720,2026-03-20 04:43:16.920798,0 days 00:00:00.821078,37.71106437354851,19.945637895916533,1.9751967766414467,Au,PRUNED
2553,-1.0,2026-03-20 04:43:16.125739,2026-03-20 04:43:16.718698,0 days 00:00:00.592959,21.43383157299198,19.83625485217594,1.7646272074682714,Au,COMPLETE
2554,0.0,2026-03-20 04:43:16.177478,2026-03-20 04:43:16.873066,0 days 00:00:00.695588,20.53225023574307,16.377596396364567,1.7953959450802421,Au,PRUNED
2555,0.0,2026-03-20 04:43:16.250226,2026-03-20 04:43:16.918164,0 days 00:00:00.667938,57.310495301627085,18.541032102325463,1.5255233876409677,Au,PRUNED
2556,-3.0864197530859623,2026-03-20 04:43:16.272553,2026-03-20 04:43:16.956505,0 days 00:00:00.683952,21.222871782308264,19.803266791095684,1.6449704857474086,Au,PRUNED
2557,-424.44029850739975,2026-03-20 04:43:16.418987,2026-03-20 04:43:17.282337,0 days 00:00:00.863350,20.32843566072058,19.623747521849037,1.6485160345106094,Au,COMPLETE
2558,-1.0,2026-03-20 04:43:16.527769,2026-03-20 04:43:17.298457,0 days 00:00:00.770688,35.968811414254624,16.701238266059825,1.7310789331669896,Au,COMPLETE
2559,-0.5165289256198261,2026-03-20 04:43:16.843454,2026-03-20 04:43:17.483948,0 days 00:00:00.640494,118.25748090488284,12.47758871235723,0.6751429262057573,Au,PRUNED
2560,-1.0,2026-03-20 04:43:16.919171,2026-03-20 04:43:17.441997,0 days 00:00:00.522826,36.32662446398592,19.944475278691797,1.690364041049754,Au,COMPLETE
2561,-1.0,2026-03-20 04:43:16.959012,2026-03-20 04:43:17.546195,0 days 00:00:00.587183,21.18553250212557,17.109802970075677,1.7228822986227261,Au,COMPLETE
2562,-1.0,2026-03-20 04:43:17.005504,2026-03-20 04:43:17.329160,0 days 00:00:00.323656,21.738338326945346,19.961971666987353,1.8828414156631779,Ag,COMPLETE
2563,-1.0,2026-03-20 04:43:17.065058,2026-03-20 04:43:17.451235,0 days 00:00:00.386177,31.937001782333695,17.52750031598135,1.6541729126100972,Au,COMPLETE
2564,-1.0,2026-03-20 04:43:17.097407,2026-03-20 04:43:17.809957,0 days 00:00:00.712550,32.57243715659557,17.189631034249658,1.6373169542395192,Au,COMPLETE
2565,-1.0,2026-03-20 04:43:17.502568,2026-03-20 04:43:17.961452,0 days 00:00:00.458884,20.237203953595976,16.54616240703757,1.6802288527434783,Au,COMPLETE
2566,-1.0,2026-03-20 04:43:17.522254,2026-03-20 04:43:18.136838,0 days 00:00:00.614584,20.005233782045185,18.26037209407114,1.8311610650132975,Au,COMPLETE
2567,0.0,2026-03-20 04:43:17.562116,2026-03-20 04:43:17.900839,0 days 00:00:00.338723,33.9089880497204,16.83716275861017,1.7442329361574933,Au,PRUNED
2568,-1.0,2026-03-20 04:43:17.578160,2026-03-20 04:43:18.139798,0 days 00:00:00.561638,34.931677866831336,19.98513131816361,1.6257338335723774,Au,COMPLETE
2569,0.0,2026-03-20 04:43:17.615436,2026-03-20 04:43:18.211343,0 days 00:00:00.595907,30.210221189685452,17.31975015982728,1.6368270565916219,Au,PRUNED
2570,-313.7947269302848,2026-03-20 04:43:17.630552,2026-03-20 04:43:18.265706,0 days 00:00:00.635154,20.90298743502501,17.21474346796858,1.8416101119739008,Au,COMPLETE
2571,82.40740740740496,2026-03-20 04:43:17.697077,2026-03-20 04:43:18.386446,0 days 00:00:00.689369,24.532676227228702,19.719678256406723,1.7749808890164187,Au,PRUNED
2572,-1.0,2026-03-20 04:43:17.984584,2026-03-20 04:43:18.698101,0 days 00:00:00.713517,21.63385997066217,19.36197804000465,1.7378334918459482,Au,COMPLETE
2573,-441.53746770019023,2026-03-20 04:43:17.932687,2026-03-20 04:43:18.811546,0 days 00:00:00.878859,20.470661247624438,19.992257924467662,1.381763768084728,Au,COMPLETE
2574,-1.0,2026-03-20 04:43:18.109337,2026-03-20 04:43:18.563347,0 days 00:00:00.454010,34.762409486423394,19.81179209994645,1.798405086239424,Au,COMPLETE
2575,-337.3493975903205,2026-03-20 04:43:18.295044,2026-03-20 04:43:19.020554,0 days 00:00:00.725510,21.23287971142723,17.562718525470498,1.7191216450430618,Au,COMPLETE
2576,-1.0,2026-03-20 04:43:18.325849,2026-03-20 04:43:18.811546,0 days 00:00:00.485697,20.441571983129954,19.083468522869982,1.7015767840275016,Au,COMPLETE
2577,0.0,2026-03-20 04:43:18.403314,2026-03-20 04:43:18.953174,0 days 00:00:00.549860,27.64044739590615,19.96399892105376,1.5752007141731732,Au,PRUNED
2578,0.0,2026-03-20 04:43:18.418763,2026-03-20 04:43:18.936720,0 days 00:00:00.517957,20.41522401986033,16.16873919273574,1.4853326350672988,Au,PRUNED
2579,-1.0,2026-03-20 04:43:18.461845,2026-03-20 04:43:19.073715,0 days 00:00:00.611870,20.82042713725045,19.782460165616325,1.3339473307811731,Au,COMPLETE
2580,-1.0,2026-03-20 04:43:18.718709,2026-03-20 04:43:19.368871,0 days 00:00:00.650162,40.056577069168924,19.915953131044,1.5215756060580234,Au,COMPLETE
2581,-1.0,2026-03-20 04:43:18.896954,2026-03-20 04:43:19.479112,0 days 00:00:00.582158,20.525466703722934,18.821071599213226,1.3897714159355252,Au,COMPLETE
2582,-389.65517241373954,2026-03-20 04:43:18.950931,2026-03-20 04:43:19.697268,0 days 00:00:00.746337,20.027080686726745,19.795544245526735,1.1078855888534989,Au,COMPLETE
2583,-1.0,2026-03-20 04:43:18.974006,2026-03-20 04:43:19.525789,0 days 00:00:00.551783,35.47887860621285,17.75973976743226,1.5668867783568312,Au,COMPLETE
2584,0.0,2026-03-20 04:43:19.092572,2026-03-20 04:43:19.564939,0 days 00:00:00.472367,35.03030931318908,17.133013921739625,1.3958637947202022,Au,PRUNED
2585,-1.0,2026-03-20 04:43:19.127860,2026-03-20 04:43:19.651143,0 days 00:00:00.523283,20.45175371276017,19.715771479434824,1.3087678030779288,Au,COMPLETE
2586,0.0,2026-03-20 04:43:19.163885,2026-03-20 04:43:19.807233,0 days 00:00:00.643348,20.493095201550936,17.124144088862742,1.4879811983508686,Au,PRUNED
2587,-8.771929824560788,2026-03-20 04:43:19.226857,2026-03-20 04:43:19.753595,0 days 00:00:00.526738,24.251017913454472,17.522875518283332,1.2693573671985623,Ag,PRUNED
2588,79.93827160493589,2026-03-20 04:43:19.568938,2026-03-20 04:43:20.258337,0 days 00:00:00.689399,31.166518279603956,16.67601840488959,1.3380901701997325,Au,PRUNED
2589,0.0,2026-03-20 04:43:19.721957,2026-03-20 04:43:20.634743,0 days 00:00:00.912786,32.63529427157029,19.858273849948375,1.4529054297173911,Au,PRUNED
2590,0.0,2026-03-20 04:43:19.775405,2026-03-20 04:43:20.426710,0 days 00:00:00.651305,30.27307759956986,18.854633802759608,1.4200689131632331,Au,PRUNED
2591,0.0,2026-03-20 04:43:19.841650,2026-03-20 04:43:20.569153,0 days 00:00:00.727503,34.22986131000605,18.63792691316857,1.5216368716798623,Au,PRUNED
2592,0.0,2026-03-20 04:43:19.856335,2026-03-20 04:43:20.513856,0 days 00:00:00.657521,36.04796652719202,19.627598417275212,1.606658066291163,Au,PRUNED
2593,0.0,2026-03-20 04:43:19.869580,2026-03-20 04:43:20.425674,0 days 00:00:00.556094,34.53334883978519,18.61196367214267,1.5697477808797802,Au,PRUNED
2594,-3.0864197530859623,2026-03-20 04:43:19.887786,2026-03-20 04:43:20.556004,0 days 00:00:00.668218,21.0410471015153,19.89668318461885,1.6591497306277734,Au,PRUNED
2595,0.0,2026-03-20 04:43:19.918801,2026-03-20 04:43:20.512856,0 days 00:00:00.594055,34.59839992192502,16.87112279478878,1.2534469980794611,Au,PRUNED
2596,-1.0,2026-03-20 04:43:20.299816,2026-03-20 04:43:21.040850,0 days 00:00:00.741034,30.588520130061596,19.54330407028239,1.5101763214696484,Au,COMPLETE
2597,-1.0,2026-03-20 04:43:20.606577,2026-03-20 04:43:21.147779,0 days 00:00:00.541202,20.041539706177556,19.741219562097726,1.5831173370427634,Au,COMPLETE
2598,-1.0,2026-03-20 04:43:20.664477,2026-03-20 04:43:21.079075,0 days 00:00:00.414598,116.06333223780527,15.689225968885996,0.10864733444719032,Au,COMPLETE
2599,2.6881720430104057,2026-03-20 04:43:20.684303,2026-03-20 04:43:21.290867,0 days 00:00:00.606564,22.27118040820218,19.67220857974297,1.5956038674567536,Au,PRUNED
2600,-1.4880952380950254,2026-03-20 04:43:20.697180,2026-03-20 04:43:21.325578,0 days 00:00:00.628398,21.975811406563018,19.887788481021207,1.154272805745452,Au,PRUNED
2601,-1.0,2026-03-20 04:43:20.713862,2026-03-20 04:43:21.182854,0 days 00:00:00.468992,20.920318304336583,19.041503383394037,1.4072813904419996,Au,COMPLETE
2602,-6.410256410255424,2026-03-20 04:43:20.729023,2026-03-20 04:43:21.259390,0 days 00:00:00.530367,20.27090464626152,19.9457655438709,1.8766226146007572,Au,PRUNED
2603,0.0,2026-03-20 04:43:20.760598,2026-03-20 04:43:21.305149,0 days 00:00:00.544551,35.19681593277631,19.786758673855605,1.4912495455161068,Au,PRUNED
2604,0.0,2026-03-20 04:43:21.112661,2026-03-20 04:43:21.835449,0 days 00:00:00.722788,39.209973434692024,19.725021733851428,1.1361101833429479,Au,PRUNED
2605,0.0,2026-03-20 04:43:21.338883,2026-03-20 04:43:21.855121,0 days 00:00:00.516238,20.048405100658677,17.23757776373417,1.3684396719870242,Au,PRUNED
2606,-386.9863013698096,2026-03-20 04:43:21.328094,2026-03-20 04:43:22.164520,0 days 00:00:00.836426,20.02750268824037,19.695722094690165,1.1748279250813225,Au,COMPLETE
2607,0.0,2026-03-20 04:43:21.385200,2026-03-20 04:43:22.024570,0 days 00:00:00.639370,32.677819403604445,19.836567265763932,1.4388943533805165,Au,PRUNED
2608,-1.0,2026-03-20 04:43:21.398574,2026-03-20 04:43:21.850051,0 days 00:00:00.451477,20.44309585598605,18.725118976134855,1.3723013389234202,Au,COMPLETE
2609,-1.0,2026-03-20 04:43:21.415855,2026-03-20 04:43:21.805063,0 days 00:00:00.389208,33.28006903480286,19.888124271282784,1.6024678753829338,Au,COMPLETE
2610,-1.0,2026-03-20 04:43:21.432492,2026-03-20 04:43:21.946821,0 days 00:00:00.514329,20.329333908035903,19.985294966510097,1.3861500665012967,Au,COMPLETE
2611,-1.0,2026-03-20 04:43:21.473812,2026-03-20 04:43:22.006756,0 days 00:00:00.532944,95.56508255698336,9.237281777097653,0.1002507417025087,Cu,COMPLETE
2612,-1.4880952380950254,2026-03-20 04:43:21.915965,2026-03-20 04:43:22.477640,0 days 00:00:00.561675,21.238921885395392,19.891452006930592,1.7260619801664268,Au,PRUNED
2613,0.0,2026-03-20 04:43:21.937606,2026-03-20 04:43:22.656108,0 days 00:00:00.718502,35.761029849643165,19.83862284655006,1.1514019959630968,Au,PRUNED
2614,0.0,2026-03-20 04:43:21.994730,2026-03-20 04:43:22.680815,0 days 00:00:00.686085,36.086571088907874,17.589367262797158,1.4170874259246344,Au,PRUNED
2615,0.0,2026-03-20 04:43:22.051978,2026-03-20 04:43:22.769707,0 days 00:00:00.717729,21.7593045706627,19.74413544882948,1.5788444432218727,Au,PRUNED
2616,-8.57843137254801,2026-03-20 04:43:22.091022,2026-03-20 04:43:22.721108,0 days 00:00:00.630086,22.674316284274273,19.246042989203524,1.9995053699285237,Cu,PRUNED
2617,0.0,2026-03-20 04:43:22.194745,2026-03-20 04:43:22.819532,0 days 00:00:00.624787,20.048554052618492,16.544663067845832,1.9602919092535664,Au,PRUNED
2618,-321.7726396916778,2026-03-20 04:43:22.269241,2026-03-20 04:43:22.983930,0 days 00:00:00.714689,21.477458838033343,17.229934098159774,1.5482321454664216,Au,COMPLETE
2619,0.0,2026-03-20 04:43:22.317133,2026-03-20 04:43:22.820532,0 days 00:00:00.503399,20.35123570244333,17.0351180559344,1.8372169049689333,Au,PRUNED
2620,-1.0,2026-03-20 04:43:22.700720,2026-03-20 04:43:23.336830,0 days 00:00:00.636110,25.983255378817546,17.482359429826026,1.6103554834496148,Ag,COMPLETE
2621,-1.0,2026-03-20 04:43:22.776832,2026-03-20 04:43:23.514237,0 days 00:00:00.737405,20.225089549008285,19.479656950594553,1.5119070086931465,Au,COMPLETE
2622,-1.0,2026-03-20 04:43:22.874772,2026-03-20 04:43:23.451471,0 days 00:00:00.576699,32.849495604373736,19.93443756819472,1.520125437161409,Au,COMPLETE
2623,-1.0,2026-03-20 04:43:22.887447,2026-03-20 04:43:23.496885,0 days 00:00:00.609438,26.2874823447098,5.286887092959175,0.9225619627695969,Cu,COMPLETE
2624,-1.0,2026-03-20 04:43:22.913213,2026-03-20 04:43:23.412740,0 days 00:00:00.499527,23.14030727128255,19.89420704713139,1.3333249625796806,Au,COMPLETE
2625,-1.0,2026-03-20 04:43:22.904698,2026-03-20 04:43:23.513237,0 days 00:00:00.608539,49.52172980614528,17.223500164434874,1.7066769328905187,Au,COMPLETE
2626,-14.45578231292399,2026-03-20 04:43:22.982592,2026-03-20 04:43:23.599803,0 days 00:00:00.617211,31.538214463749135,16.791439220703325,1.5539289846135407,Ag,PRUNED
2627,1.3888888888887037,2026-03-20 04:43:23.192863,2026-03-20 04:43:23.854711,0 days 00:00:00.661848,21.6796776103955,19.949904509713782,1.6469575035371808,Au,PRUNED
2628,0.0,2026-03-20 04:43:23.452875,2026-03-20 04:43:24.329865,0 days 00:00:00.876990,20.262341148782376,17.7129166895805,1.6639388356448743,Au,PRUNED
2629,-7.716049382714907,2026-03-20 04:43:23.601879,2026-03-20 04:43:24.327803,0 days 00:00:00.725924,20.962524866468375,19.478042900749728,1.6607892729615596,Au,PRUNED
2630,-1.0,2026-03-20 04:43:23.655112,2026-03-20 04:43:24.213169,0 days 00:00:00.558057,101.81524963582558,7.536818525720722,0.6433668333031113,Au,COMPLETE
2631,0.0,2026-03-20 04:43:23.670354,2026-03-20 04:43:24.368317,0 days 00:00:00.697963,32.869760822222055,19.92265828118002,1.330760243755327,Au,PRUNED
2632,-1.0,2026-03-20 04:43:23.689202,2026-03-20 04:43:24.167180,0 days 00:00:00.477978,34.88976477154913,17.082348714984775,1.514762071943366,Au,COMPLETE
2633,0.0,2026-03-20 04:43:23.717674,2026-03-20 04:43:24.398401,0 days 00:00:00.680727,20.108975481664984,16.94750875981551,1.2967697421642332,Au,PRUNED
2634,0.0,2026-03-20 04:43:23.753244,2026-03-20 04:43:24.508532,0 days 00:00:00.755288,32.37394102480083,16.96100764548913,1.600568400149056,Au,PRUNED
2635,-1.0,2026-03-20 04:43:23.915401,2026-03-20 04:43:24.556582,0 days 00:00:00.641181,20.150507575563324,19.946665341622044,1.3559299066001127,Au,COMPLETE
2636,-1.0,2026-03-20 04:43:24.342268,2026-03-20 04:43:25.024376,0 days 00:00:00.682108,32.582736062749476,16.66112748261982,1.730328595936104,Au,COMPLETE
2637,0.0,2026-03-20 04:43:24.415764,2026-03-20 04:43:25.160044,0 days 00:00:00.744280,32.65823617179034,19.956221151630213,1.3855614640528506,Au,PRUNED
2638,0.0,2026-03-20 04:43:24.462297,2026-03-20 04:43:25.537051,0 days 00:00:01.074754,116.20895997561254,11.259499560334694,1.9762956437161325,Cu,PRUNED
2639,0.0,2026-03-20 04:43:24.494723,2026-03-20 04:43:25.275860,0 days 00:00:00.781137,20.09441197489668,18.212435695978197,1.5179904319223425,Cu,PRUNED
2640,0.0,2026-03-20 04:43:24.543408,2026-03-20 04:43:25.120157,0 days 00:00:00.576749,20.452514450066325,16.1640274672246,1.6304266649154207,Au,PRUNED
2641,1.8939393939392217,2026-03-20 04:43:24.510662,2026-03-20 04:43:25.227132,0 days 00:00:00.716470,37.51925654676009,18.982247581724643,1.3534887197176864,Ag,PRUNED
2642,-1.0,2026-03-20 04:43:24.621006,2026-03-20 04:43:25.160044,0 days 00:00:00.539038,34.708758922449356,16.598173841952715,1.6835993823118451,Au,COMPLETE
2643,0.0,2026-03-20 04:43:24.777290,2026-03-20 04:43:25.210858,0 days 00:00:00.433568,34.764472210476534,16.166343538792873,1.7460075782640214,Au,PRUNED
2644,-1.0,2026-03-20 04:43:25.210858,2026-03-20 04:43:26.037968,0 days 00:00:00.827110,20.50191481607639,15.952825743794936,1.2298984882293578,Au,COMPLETE
2645,-1.0,2026-03-20 04:43:25.214222,2026-03-20 04:43:25.897737,0 days 00:00:00.683515,20.293834198457585,19.71000344548362,1.4938069914169978,Au,COMPLETE
2646,-1.2578616352201069,2026-03-20 04:43:25.290031,2026-03-20 04:43:25.992927,0 days 00:00:00.702896,68.47053757867884,10.037381630674012,1.4858579658023836,Cu,PRUNED
2647,-1.0,2026-03-20 04:43:25.337809,2026-03-20 04:43:25.849773,0 days 00:00:00.511964,20.100112391614225,18.926491804815214,1.4054849309993092,Au,COMPLETE
2648,-1.0,2026-03-20 04:43:25.370246,2026-03-20 04:43:25.980132,0 days 00:00:00.609886,35.91340973719833,19.9042010937898,1.972590035159277,Au,COMPLETE
2649,0.0,2026-03-20 04:43:25.425659,2026-03-20 04:43:26.229490,0 days 00:00:00.803831,115.77505794427425,19.849049737422153,1.2583626527571905,Ag,PRUNED
2650,-1.0,2026-03-20 04:43:25.445884,2026-03-20 04:43:25.862003,0 days 00:00:00.416119,34.659487941768745,19.770698732786634,1.97393557874788,Au,COMPLETE
2651,-1.0,2026-03-20 04:43:25.656114,2026-03-20 04:43:26.125991,0 days 00:00:00.469877,29.35279827673397,19.970571871525607,1.8107770932381428,Au,COMPLETE
2652,-1.0,2026-03-20 04:43:25.953610,2026-03-20 04:43:26.618461,0 days 00:00:00.664851,36.12823486732938,19.586824612377384,1.0385601205660098,Au,COMPLETE
2653,0.0,2026-03-20 04:43:25.995957,2026-03-20 04:43:26.724046,0 days 00:00:00.728089,20.514226231899247,16.387844480597792,1.3358164624948716,Au,PRUNED
2654,-0.8802816901408202,2026-03-20 04:43:26.134014,2026-03-20 04:43:26.912302,0 days 00:00:00.778288,21.487667725998605,5.144467211487575,1.165893032287051,Ag,PRUNED
2655,0.0,2026-03-20 04:43:26.165124,2026-03-20 04:43:26.817626,0 days 00:00:00.652502,42.678401107981344,19.849886747972405,1.002943885754913,Au,PRUNED
2656,-1.0,2026-03-20 04:43:26.234409,2026-03-20 04:43:26.677160,0 days 00:00:00.442751,20.228585779862623,19.853616639345386,1.252702792738037,Au,COMPLETE
2657,0.0,2026-03-20 04:43:26.274349,2026-03-20 04:43:26.819626,0 days 00:00:00.545277,34.575656183724064,17.49638865806542,1.4201934299015087,Au,PRUNED
2658,0.0,2026-03-20 04:43:26.317253,2026-03-20 04:43:27.117537,0 days 00:00:00.800284,21.92861360144425,19.87740294821789,1.2684301657544759,Au,PRUNED
2659,83.33333333333088,2026-03-20 04:43:26.412462,2026-03-20 04:43:27.039538,0 days 00:00:00.627076,22.04362929088065,19.5776393770547,1.9946681338816716,Au,PRUNED
2660,-384.0702947845281,2026-03-20 04:43:26.796133,2026-03-20 04:43:27.443898,0 days 00:00:00.647765,20.0861374273735,19.64401089598182,1.1389054861711672,Au,COMPLETE
2661,-1.0,2026-03-20 04:43:26.894100,2026-03-20 04:43:27.676001,0 days 00:00:00.781901,99.05143076385559,8.285279556109622,1.6510384643841922,Cu,COMPLETE
2662,-3.0864197530859623,2026-03-20 04:43:26.934828,2026-03-20 04:43:27.955786,0 days 00:00:01.020958,21.032863802270835,19.975750093466527,1.660244125650081,Au,PRUNED
2663,-1.0,2026-03-20 04:43:26.960472,2026-03-20 04:43:27.424831,0 days 00:00:00.464359,38.276965239305774,19.54280872385956,1.361661936619075,Cu,COMPLETE
2664,-1.0,2026-03-20 04:43:26.992103,2026-03-20 04:43:27.518195,0 days 00:00:00.526092,25.05924273933715,19.913063319619575,1.990986825437798,Au,COMPLETE
2665,-1.0,2026-03-20 04:43:27.042050,2026-03-20 04:43:27.519202,0 days 00:00:00.477152,22.656374816002323,19.97485207077543,1.9863213549275849,Au,COMPLETE
2666,0.0,2026-03-20 04:43:27.119559,2026-03-20 04:43:27.643682,0 days 00:00:00.524123,20.486800924105978,17.85905993656182,1.4008545092307145,Au,PRUNED
2667,-1.0,2026-03-20 04:43:27.207157,2026-03-20 04:43:27.629535,0 days 00:00:00.422378,20.319421689135787,19.6010452287178,1.9948145495591656,Au,COMPLETE
2668,-1.0,2026-03-20 04:43:27.576885,2026-03-20 04:43:28.018471,0 days 00:00:00.441586,31.523507205722332,17.426455577827095,1.7330477834202886,Au,COMPLETE
2669,-1.0,2026-03-20 04:43:27.663880,2026-03-20 04:43:28.190023,0 days 00:00:00.526143,20.676658684314972,17.149231868135296,1.2488272626381254,Au,COMPLETE
2670,0.0,2026-03-20 04:43:27.679076,2026-03-20 04:43:28.364834,0 days 00:00:00.685758,35.04087590152163,16.755000626668416,1.7903720258397615,Au,PRUNED
2671,-1.0,2026-03-20 04:43:27.729033,2026-03-20 04:43:28.192030,0 days 00:00:00.462997,30.954673764096817,19.926437680555363,1.6749411782864312,Au,COMPLETE
2672,-1.0,2026-03-20 04:43:27.779501,2026-03-20 04:43:28.348087,0 days 00:00:00.568586,36.1180744945017,19.738465947417364,1.3384097510952095,Au,COMPLETE
2673,0.0,2026-03-20 04:43:27.827373,2026-03-20 04:43:28.539027,0 days 00:00:00.711654,39.62926397289107,19.917706700792827,1.5782403926329005,Au,PRUNED
2674,-1.0,2026-03-20 04:43:28.079919,2026-03-20 04:43:28.617718,0 days 00:00:00.537799,36.62670746377352,17.471710395357974,1.2818817836138456,Au,COMPLETE
2675,0.0,2026-03-20 04:43:28.117381,2026-03-20 04:43:28.867947,0 days 00:00:00.750566,37.70611389355716,19.879709891010375,1.3259737086679464,Au,PRUNED
2676,-1.0,2026-03-20 04:43:28.246344,2026-03-20 04:43:28.927316,0 days 00:00:00.680972,21.361827274389984,19.95015412537375,1.337963503881498,Au,COMPLETE
2677,0.0,2026-03-20 04:43:28.387209,2026-03-20 04:43:28.942368,0 days 00:00:00.555159,21.010304031184482,17.07086758293353,1.5980723978007314,Au,PRUNED
2678,0.0,2026-03-20 04:43:28.417880,2026-03-20 04:43:29.076467,0 days 00:00:00.658587,20.131730572101798,16.333933708766157,1.2374263445868694,Au,PRUNED
2679,-1.4988009592325708,2026-03-20 04:43:28.428109,2026-03-20 04:43:29.229167,0 days 00:00:00.801058,20.257274056511232,19.18015167935884,1.5113743722617465,Ag,PRUNED
2680,-1.0,2026-03-20 04:43:28.570990,2026-03-20 04:43:29.053677,0 days 00:00:00.482687,34.08623874812579,17.26143537801872,1.5178649821275376,Au,COMPLETE
2681,-1.0,2026-03-20 04:43:28.619719,2026-03-20 04:43:29.211279,0 days 00:00:00.591560,20.10957192326841,15.580024905726958,1.5827442979606676,Au,COMPLETE
2682,-1.0,2026-03-20 04:43:28.776006,2026-03-20 04:43:29.336741,0 days 00:00:00.560735,20.806707242234726,19.691353104864344,1.5551195299467977,Au,COMPLETE
2683,82.41421568627209,2026-03-20 04:43:28.984213,2026-03-20 04:43:29.657017,0 days 00:00:00.672804,23.56081930785407,19.94968344550571,1.7338450453977141,Au,PRUNED
2684,0.0,2026-03-20 04:43:28.961426,2026-03-20 04:43:29.493551,0 days 00:00:00.532125,36.79944549276248,17.35147433095032,1.3616102462038882,Au,PRUNED
2685,-1.0,2026-03-20 04:43:29.039630,2026-03-20 04:43:29.536421,0 days 00:00:00.496791,21.21046520320071,17.540569295354768,1.3854375722510954,Au,COMPLETE
2686,80.55555555555317,2026-03-20 04:43:29.149855,2026-03-20 04:43:29.811309,0 days 00:00:00.661454,30.397551457616323,16.48018996815304,1.4482007651147641,Au,PRUNED
2687,-1.0,2026-03-20 04:43:29.198983,2026-03-20 04:43:29.810308,0 days 00:00:00.611325,20.16980048311018,19.646514550270116,1.6805961201287913,Au,COMPLETE
2688,0.0,2026-03-20 04:43:29.389792,2026-03-20 04:43:30.072979,0 days 00:00:00.683187,24.901109606802446,19.960476701893697,1.6039787263745109,Au,PRUNED
2689,-1.0,2026-03-20 04:43:29.420313,2026-03-20 04:43:29.995646,0 days 00:00:00.575333,32.088962690652124,19.930366010820585,1.6999975365502644,Au,COMPLETE
2690,0.0,2026-03-20 04:43:29.473036,2026-03-20 04:43:30.116350,0 days 00:00:00.643314,34.18430523318032,17.485978318169263,1.9712857854007195,Au,PRUNED
2691,-1.0,2026-03-20 04:43:29.539118,2026-03-20 04:43:30.324999,0 days 00:00:00.785881,20.97098264191823,19.93282012984661,1.4289645955628498,Au,COMPLETE
2692,79.01234567901,2026-03-20 04:43:29.748578,2026-03-20 04:43:30.402542,0 days 00:00:00.653964,32.5377780048034,16.369719507601786,1.4317710804399097,Au,PRUNED
2693,-1.0,2026-03-20 04:43:29.838097,2026-03-20 04:43:30.394902,0 days 00:00:00.556805,55.25002017848603,17.78289775304646,1.6343752150488844,Au,COMPLETE
2694,-1.0,2026-03-20 04:43:29.948987,2026-03-20 04:43:30.515795,0 days 00:00:00.566808,20.17100111163926,17.386181814202594,1.5002820416618887,Au,COMPLETE
2695,-6.410256410255424,2026-03-20 04:43:30.066863,2026-03-20 04:43:30.526385,0 days 00:00:00.459522,20.897830710848513,19.913911203256735,1.4664419440190863,Au,PRUNED
2696,-1.0,2026-03-20 04:43:30.119453,2026-03-20 04:43:30.755044,0 days 00:00:00.635591,34.93805488901182,17.202765440693746,1.1373128788359073,Au,COMPLETE
2697,-1.0,2026-03-20 04:43:30.217083,2026-03-20 04:43:30.777760,0 days 00:00:00.560677,21.19942375287278,19.951829462203595,1.7284955489845286,Au,COMPLETE
2698,-434.16030534344486,2026-03-20 04:43:30.248058,2026-03-20 04:43:30.736392,0 days 00:00:00.488334,20.993578407019438,19.716873574995766,0.9994020195288245,Au,COMPLETE
2699,0.0,2026-03-20 04:43:30.491884,2026-03-20 04:43:31.061701,0 days 00:00:00.569817,53.08917683526596,19.582375752017548,1.4878434798864997,Au,PRUNED
2700,-404.7619047618469,2026-03-20 04:43:30.514795,2026-03-20 04:43:31.193432,0 days 00:00:00.678637,20.821072469514462,19.476348795139295,0.9820927604158312,Au,COMPLETE
2701,-1.0,2026-03-20 04:43:30.645765,2026-03-20 04:43:31.118194,0 days 00:00:00.472429,35.581725409962985,19.725851681226867,0.9854904969763205,Au,COMPLETE
2702,-1.0,2026-03-20 04:43:30.656211,2026-03-20 04:43:31.078078,0 days 00:00:00.421867,20.679214087116637,17.10948930381196,1.672618764121112,Au,COMPLETE
2703,-392.93981481476027,2026-03-20 04:43:30.877960,2026-03-20 04:43:31.598027,0 days 00:00:00.720067,20.92490856861952,19.28586294065981,0.9677773558811148,Au,COMPLETE
2704,-340.9552845528034,2026-03-20 04:43:30.901282,2026-03-20 04:43:31.501911,0 days 00:00:00.600629,20.265759111549528,18.94627922080552,1.0890741139543052,Au,COMPLETE
2705,-395.9790209789654,2026-03-20 04:43:30.935493,2026-03-20 04:43:31.569792,0 days 00:00:00.634299,20.268286432998075,19.626062393179502,1.1943837236560595,Au,COMPLETE
2706,-357.48407643307564,2026-03-20 04:43:30.948990,2026-03-20 04:43:31.689921,0 days 00:00:00.740931,20.37806366449346,19.032672364692157,1.1391161596196728,Au,COMPLETE
2707,0.0,2026-03-20 04:43:31.290250,2026-03-20 04:43:31.750346,0 days 00:00:00.460096,30.16906337030506,17.979837605495817,1.0715880227664676,Au,PRUNED
2708,-1.0,2026-03-20 04:43:31.308373,2026-03-20 04:43:31.689921,0 days 00:00:00.381548,20.20157095870433,19.161237873533423,1.088383440930394,Au,COMPLETE
2709,-1.0,2026-03-20 04:43:31.345200,2026-03-20 04:43:31.826665,0 days 00:00:00.481465,23.216140381001495,19.857541057364944,1.0085604367410699,Au,COMPLETE
2710,0.0,2026-03-20 04:43:31.195432,2026-03-20 04:43:32.689899,0 days 00:00:01.494467,35.02860119611036,19.97362116670149,1.214119175297435,Au,PRUNED
2711,0.0,2026-03-20 04:43:31.659735,2026-03-20 04:43:32.869908,0 days 00:00:01.210173,20.115255659326614,17.02927817751943,1.1618465315648092,Au,PRUNED
2712,-1.0,2026-03-20 04:43:31.750891,2026-03-20 04:43:33.085831,0 days 00:00:01.334940,41.13121976519806,19.740064881314765,1.1555952971563381,Au,COMPLETE
2713,80.55555555555317,2026-03-20 04:43:31.689921,2026-03-20 04:43:33.019344,0 days 00:00:01.329423,29.954309339601842,17.371233937287098,1.1538413489390913,Au,PRUNED
2714,0.0,2026-03-20 04:43:31.847060,2026-03-20 04:43:33.206724,0 days 00:00:01.359664,36.606741018911535,16.789734558525375,1.2293638910986255,Au,PRUNED
2715,0.0,2026-03-20 04:43:31.885655,2026-03-20 04:43:33.209805,0 days 00:00:01.324150,20.462195436310815,17.42759744345262,1.0105191876484065,Au,PRUNED
2716,-1.0,2026-03-20 04:43:31.908823,2026-03-20 04:43:33.295675,0 days 00:00:01.386852,33.645233159776026,17.632557482339198,1.077187896007673,Au,COMPLETE
2717,0.0,2026-03-20 04:43:32.522305,2026-03-20 04:43:33.209805,0 days 00:00:00.687500,55.075170388051745,17.405640974297476,1.3348514189618184,Au,PRUNED
2718,-1.0,2026-03-20 04:43:32.789380,2026-03-20 04:43:33.450899,0 days 00:00:00.661519,34.10725754578384,19.67424034250724,1.3611799836760992,Ag,COMPLETE
2719,-1.0,2026-03-20 04:43:32.917501,2026-03-20 04:43:33.479025,0 days 00:00:00.561524,20.14151953791828,19.90996525873565,1.2173704026626762,Au,COMPLETE
2720,-1.0,2026-03-20 04:43:33.163774,2026-03-20 04:43:33.757724,0 days 00:00:00.593950,36.023365569537106,19.399248958736685,1.1921876702635894,Au,COMPLETE
2721,0.0,2026-03-20 04:43:33.314855,2026-03-20 04:43:33.997172,0 days 00:00:00.682317,21.74763594909488,16.190829784503197,1.078917089908006,Au,PRUNED
2722,0.0,2026-03-20 04:43:33.329917,2026-03-20 04:43:34.069591,0 days 00:00:00.739674,33.08518045524238,19.8940565799613,1.0680355063830669,Au,PRUNED
2723,0.0,2026-03-20 04:43:33.342490,2026-03-20 04:43:34.068580,0 days 00:00:00.726090,30.087574651216507,19.93058325545899,1.2077096007331976,Au,PRUNED
2724,0.0,2026-03-20 04:43:33.470381,2026-03-20 04:43:34.306430,0 days 00:00:00.836049,35.58885364059988,17.725118563329318,1.2103814777454043,Au,PRUNED
2725,-1.0,2026-03-20 04:43:33.594314,2026-03-20 04:43:34.475926,0 days 00:00:00.881612,41.864310529908465,19.976400664493898,1.6923064233819887,Au,COMPLETE
2726,0.0,2026-03-20 04:43:33.727235,2026-03-20 04:43:34.414476,0 days 00:00:00.687241,20.515315316967065,16.879293814928904,1.2284353696113277,Au,PRUNED
2727,-6.944444444443519,2026-03-20 04:43:33.756724,2026-03-20 04:43:34.368049,0 days 00:00:00.611325,23.072687454821942,18.02985602251672,1.4364493217973355,Au,PRUNED
2728,-1.0,2026-03-20 04:43:33.832980,2026-03-20 04:43:34.439840,0 days 00:00:00.606860,21.865604626747214,19.736796134540533,0.8260048054157023,Au,COMPLETE
2729,-1.0,2026-03-20 04:43:34.026847,2026-03-20 04:43:34.650604,0 days 00:00:00.623757,34.84190547538343,17.974953108250922,1.1455233361014139,Au,COMPLETE
2730,0.0,2026-03-20 04:43:34.201849,2026-03-20 04:43:35.051020,0 days 00:00:00.849171,33.09819933977855,17.283669645191303,1.173716294027192,Au,PRUNED
2731,-1.0,2026-03-20 04:43:34.223527,2026-03-20 04:43:34.695605,0 days 00:00:00.472078,31.141987259698833,19.904916686832774,1.0033494715616262,Au,COMPLETE
2732,0.0,2026-03-20 04:43:34.442914,2026-03-20 04:43:35.351361,0 days 00:00:00.908447,32.8278557922807,19.720108199319178,1.4737760743236565,Au,PRUNED
2733,-1.0,2026-03-20 04:43:34.565152,2026-03-20 04:43:35.272163,0 days 00:00:00.707011,29.118841529743015,16.985670866839143,1.4337451384515225,Au,COMPLETE
2734,-1.0,2026-03-20 04:43:34.509713,2026-03-20 04:43:35.165690,0 days 00:00:00.655977,81.05952230207798,12.821440049246661,1.9681603615903214,Au,COMPLETE
2735,-427.63157894730426,2026-03-20 04:43:34.624011,2026-03-20 04:43:35.212313,0 days 00:00:00.588302,20.212227639213616,19.836103900735555,1.478957535779578,Au,COMPLETE
2736,-1.0,2026-03-20 04:43:34.648598,2026-03-20 04:43:35.213322,0 days 00:00:00.564724,33.1013758436312,19.716010218558132,1.3351119153721727,Au,COMPLETE
2737,0.0,2026-03-20 04:43:34.836240,2026-03-20 04:43:35.354325,0 days 00:00:00.518085,30.287437682241052,19.820066800405105,1.404642595873037,Au,PRUNED
2738,-417.89215686268363,2026-03-20 04:43:34.877501,2026-03-20 04:43:35.412918,0 days 00:00:00.535417,20.178283117561744,19.637440805361564,1.6155931388618812,Au,COMPLETE
2739,-1.0,2026-03-20 04:43:35.090766,2026-03-20 04:43:35.537148,0 days 00:00:00.446382,28.156424108431764,19.954357509551894,1.2445901297759134,Au,COMPLETE
2740,0.0,2026-03-20 04:43:35.395943,2026-03-20 04:43:36.146918,0 days 00:00:00.750975,40.43414755944072,19.63325966568056,1.5051971935925597,Au,PRUNED
2741,-1.0,2026-03-20 04:43:35.430178,2026-03-20 04:43:35.897907,0 days 00:00:00.467729,36.73936978563736,17.795472643151513,1.4936562592990614,Au,COMPLETE
2742,-353.2494758909407,2026-03-20 04:43:35.459298,2026-03-20 04:43:36.055366,0 days 00:00:00.596068,20.540742996902328,18.562830245573135,1.4786457132585837,Au,COMPLETE
2743,-1.0,2026-03-20 04:43:35.475769,2026-03-20 04:43:36.038127,0 days 00:00:00.562358,30.292518922734104,19.84804204277972,1.5738897113159909,Au,COMPLETE
2744,-1.0,2026-03-20 04:43:35.492117,2026-03-20 04:43:35.959832,0 days 00:00:00.467715,20.554474785440007,17.649157267302336,1.5942613824090142,Au,COMPLETE
2745,0.0,2026-03-20 04:43:35.508377,2026-03-20 04:43:36.148461,0 days 00:00:00.640084,31.91488326929421,18.229392634426198,1.4457116168826554,Au,PRUNED
2746,2.6881720430104057,2026-03-20 04:43:35.553079,2026-03-20 04:43:36.108826,0 days 00:00:00.555747,21.656028714892216,19.89382301824496,1.9247361767379876,Au,PRUNED
2747,-0.8012820512819896,2026-03-20 04:43:35.733203,2026-03-20 04:43:36.586141,0 days 00:00:00.852938,35.68191915263619,15.330412177114738,1.1487419274532933,Cu,PRUNED
2748,0.0,2026-03-20 04:43:36.072527,2026-03-20 04:43:36.744581,0 days 00:00:00.672054,33.21196088103546,18.03565958964031,1.7660710755094364,Au,PRUNED
2749,-1.0,2026-03-20 04:43:36.144310,2026-03-20 04:43:36.661452,0 days 00:00:00.517142,35.305139550606754,17.289408185258182,1.5426153609778235,Au,COMPLETE
2750,-1.0,2026-03-20 04:43:36.225662,2026-03-20 04:43:36.725674,0 days 00:00:00.500012,22.072092409836372,19.65205794095847,1.4391425301012293,Au,COMPLETE
2751,-1.0,2026-03-20 04:43:36.259278,2026-03-20 04:43:36.803397,0 days 00:00:00.544119,36.104468059493556,17.07851562583295,1.4815647226553685,Au,COMPLETE
2752,0.0,2026-03-20 04:43:36.295861,2026-03-20 04:43:36.833145,0 days 00:00:00.537284,31.97175123553098,17.195331306685137,1.5051808939914364,Au,PRUNED
2753,0.0,2026-03-20 04:43:36.324210,2026-03-20 04:43:36.931591,0 days 00:00:00.607381,21.18442052769518,16.696129294778483,1.451640235276913,Au,PRUNED
2754,-1.0,2026-03-20 04:43:36.413898,2026-03-20 04:43:37.213910,0 days 00:00:00.800012,30.03492035161105,16.49697613683456,1.5759855905237514,Au,COMPLETE
2755,-0.5165289256198261,2026-03-20 04:43:36.652136,2026-03-20 04:43:37.290278,0 days 00:00:00.638142,117.26644722223874,18.354570869458428,1.8236231490645103,Au,PRUNED
2756,-1.0,2026-03-20 04:43:36.857027,2026-03-20 04:43:37.429720,0 days 00:00:00.572693,21.136401976521846,19.210239561120357,1.4159693262509867,Au,COMPLETE
2757,-1.0,2026-03-20 04:43:36.882727,2026-03-20 04:43:37.290278,0 days 00:00:00.407551,20.290943552217815,19.705396720297713,1.8266141440278052,Au,COMPLETE
2758,0.0,2026-03-20 04:43:36.897505,2026-03-20 04:43:37.472508,0 days 00:00:00.575003,31.82322563189892,17.610253489243064,1.3773536305595986,Au,PRUNED
2759,4.251700680271762,2026-03-20 04:43:36.929524,2026-03-20 04:43:37.599879,0 days 00:00:00.670355,26.348255303365722,19.959973523749518,1.5230934104873284,Cu,PRUNED
2760,-1.0,2026-03-20 04:43:37.026039,2026-03-20 04:43:37.804394,0 days 00:00:00.778355,23.93355086128127,19.825801121740884,1.4740993598531495,Au,COMPLETE
2761,5.2506775067749825,2026-03-20 04:43:37.065906,2026-03-20 04:43:37.712501,0 days 00:00:00.646595,119.71366329530434,2.2570227069823376,1.6200681079209223,Cu,PRUNED
2762,-1.0,2026-03-20 04:43:37.393208,2026-03-20 04:43:38.036452,0 days 00:00:00.643244,23.794688789004802,19.699958104241038,1.4221869299202956,Au,COMPLETE
2763,0.0,2026-03-20 04:43:37.459290,2026-03-20 04:43:38.111207,0 days 00:00:00.651917,20.72190030613005,16.53719453298642,1.9749390545324563,Au,PRUNED
2764,-1.0,2026-03-20 04:43:37.512588,2026-03-20 04:43:38.038957,0 days 00:00:00.526369,20.649063337294677,17.630128193641717,1.7468972922246928,Au,COMPLETE
2765,-5.952380952380102,2026-03-20 04:43:37.624678,2026-03-20 04:43:38.351869,0 days 00:00:00.727191,21.14106268508818,19.56330338480402,1.6912589835102698,Au,PRUNED
2766,0.0,2026-03-20 04:43:37.637763,2026-03-20 04:43:38.314592,0 days 00:00:00.676829,20.13583337336283,15.481042582512352,1.4612690252887746,Au,PRUNED
2767,-1.0,2026-03-20 04:43:37.726464,2026-03-20 04:43:38.347071,0 days 00:00:00.620607,29.518799025336254,19.9807073714534,1.4963029728705928,Au,COMPLETE
2768,-1.0,2026-03-20 04:43:37.771198,2026-03-20 04:43:38.207618,0 days 00:00:00.436420,36.422947471435805,19.613330172874107,1.5509288947087123,Au,COMPLETE
2769,-438.1410256409578,2026-03-20 04:43:37.979060,2026-03-20 04:43:38.572757,0 days 00:00:00.593697,20.107873616028563,19.993581055161325,1.6743534520568233,Au,COMPLETE
2770,0.0,2026-03-20 04:43:38.172838,2026-03-20 04:43:38.972844,0 days 00:00:00.800006,30.40747250342308,19.931460823958062,1.4609194641443475,Au,PRUNED
2771,-1.0,2026-03-20 04:43:38.207111,2026-03-20 04:43:38.709022,0 days 00:00:00.501911,20.297928045319058,19.12820583360093,1.5078366558408307,Au,COMPLETE
2772,0.0,2026-03-20 04:43:38.355486,2026-03-20 04:43:39.113092,0 days 00:00:00.757606,20.030166036472846,16.777412091432385,1.4124833147176021,Au,PRUNED
2773,-1.0,2026-03-20 04:43:38.458577,2026-03-20 04:43:38.913239,0 days 00:00:00.454662,23.70827076387465,19.791490871938393,1.5033370685849643,Au,COMPLETE
2774,-1.0,2026-03-20 04:43:38.361064,2026-03-20 04:43:38.972339,0 days 00:00:00.611275,22.047657778387464,19.5628218103613,1.6006724895506352,Au,COMPLETE
2775,-1.0,2026-03-20 04:43:38.525887,2026-03-20 04:43:39.151167,0 days 00:00:00.625280,42.02689751644218,19.93732530821084,1.7539099746126061,Au,COMPLETE
2776,-1.0,2026-03-20 04:43:38.621365,2026-03-20 04:43:39.043398,0 days 00:00:00.422033,20.588248992109484,19.640186807193636,1.4496152298198917,Cu,COMPLETE
2777,-1.0,2026-03-20 04:43:38.839283,2026-03-20 04:43:39.383762,0 days 00:00:00.544479,37.2470475864899,19.208769014011956,1.7750040774951061,Au,COMPLETE
2778,0.0,2026-03-20 04:43:38.902205,2026-03-20 04:43:39.704087,0 days 00:00:00.801882,20.044268328231997,17.71420707699881,1.936563038346658,Au,PRUNED
2779,-1.0,2026-03-20 04:43:39.074172,2026-03-20 04:43:39.679634,0 days 00:00:00.605462,33.63258658557555,19.780554041069987,1.6337628497426826,Au,COMPLETE
2780,5.43478260869518,2026-03-20 04:43:39.175787,2026-03-20 04:43:39.799874,0 days 00:00:00.624087,43.84687188851204,18.514234183643865,1.6669699235121809,Ag,PRUNED
2781,-424.129353233768,2026-03-20 04:43:39.143653,2026-03-20 04:43:39.732513,0 days 00:00:00.588860,20.50965961093805,19.56017608364343,1.4812278701024937,Au,COMPLETE
2782,-3.0864197530859623,2026-03-20 04:43:39.223278,2026-03-20 04:43:39.798876,0 days 00:00:00.575598,21.041878372293635,19.843440021927446,1.7769441832209072,Au,PRUNED
2783,-1.0,2026-03-20 04:43:39.417376,2026-03-20 04:43:40.044649,0 days 00:00:00.627273,55.33009582725455,18.773406655734167,1.7335880633618712,Ag,COMPLETE
2784,-1.0,2026-03-20 04:43:39.465746,2026-03-20 04:43:40.172124,0 days 00:00:00.706378,40.46528098330463,19.96458543282839,1.717048706978873,Au,COMPLETE
2785,-1.0,2026-03-20 04:43:39.499910,2026-03-20 04:43:40.265309,0 days 00:00:00.765399,100.18220716651652,11.589316810880304,1.4900371427233212,Ag,COMPLETE
2786,-1.0,2026-03-20 04:43:39.774639,2026-03-20 04:43:40.295925,0 days 00:00:00.521286,21.53872014904493,19.84340197146148,1.793697397170517,Cu,COMPLETE
2787,-1.0,2026-03-20 04:43:39.862209,2026-03-20 04:43:40.545181,0 days 00:00:00.682972,41.571074594556606,17.607252699605773,1.8340516013316916,Au,COMPLETE
2788,-1.0,2026-03-20 04:43:39.904945,2026-03-20 04:43:40.356833,0 days 00:00:00.451888,53.06739563934859,19.77905863834313,1.4480703388770912,Au,COMPLETE
2789,-1.0,2026-03-20 04:43:39.936470,2026-03-20 04:43:40.398301,0 days 00:00:00.461831,20.643810720387773,19.57279735152116,1.6844855432741992,Cu,COMPLETE
2790,-1.0,2026-03-20 04:43:39.983885,2026-03-20 04:43:40.497366,0 days 00:00:00.513481,37.40451177771773,19.951026355621146,1.6235102614100387,Au,COMPLETE
2791,-1.0,2026-03-20 04:43:40.180746,2026-03-20 04:43:40.813669,0 days 00:00:00.632923,21.575077446263386,19.96541323020928,1.598150017309753,Au,COMPLETE
2792,-424.129353233768,2026-03-20 04:43:40.309554,2026-03-20 04:43:41.044023,0 days 00:00:00.734469,20.24676290493222,19.775717715771016,1.455314119427026,Au,COMPLETE
2793,-1.0,2026-03-20 04:43:40.394131,2026-03-20 04:43:40.917879,0 days 00:00:00.523748,20.370141329109437,19.043253698570553,1.5650721296990082,Au,COMPLETE
2794,-1.0,2026-03-20 04:43:40.443706,2026-03-20 04:43:40.840964,0 days 00:00:00.397258,31.91536543192869,17.757893178935465,1.5356982289143914,Au,COMPLETE
2795,-1.0,2026-03-20 04:43:40.483293,2026-03-20 04:43:40.918889,0 days 00:00:00.435596,20.485184104425553,19.525722294160285,1.5658473891405187,Au,COMPLETE
2796,-1.0,2026-03-20 04:43:40.506275,2026-03-20 04:43:41.042798,0 days 00:00:00.536523,32.12788457501376,17.52344805317344,1.583082511024437,Au,COMPLETE
2797,80.86419753086179,2026-03-20 04:43:40.657435,2026-03-20 04:43:41.639575,0 days 00:00:00.982140,29.091439467075674,17.1587389308527,1.5003231291048196,Au,PRUNED
2798,-1.1990407673860566,2026-03-20 04:43:40.672293,2026-03-20 04:43:41.454088,0 days 00:00:00.781795,21.897988528584953,19.54523455416812,1.1360911013862744,Ag,PRUNED
2799,-1.0,2026-03-20 04:43:40.970633,2026-03-20 04:43:41.442379,0 days 00:00:00.471746,20.474278300682787,19.622092811409253,1.8898955812436067,Au,COMPLETE
2800,-1.0,2026-03-20 04:43:41.040748,2026-03-20 04:43:41.592338,0 days 00:00:00.551590,20.55140087122606,16.568092362384792,1.7162404380680816,Au,COMPLETE
2801,0.0,2026-03-20 04:43:41.090456,2026-03-20 04:43:41.640080,0 days 00:00:00.549624,40.34011583963364,19.941326033711118,1.5171985459443307,Au,PRUNED
2802,-1.0,2026-03-20 04:43:41.136988,2026-03-20 04:43:41.539034,0 days 00:00:00.402046,37.626687320296206,19.832158323911948,1.6391568889134926,Au,COMPLETE
2803,-1.0,2026-03-20 04:43:41.297380,2026-03-20 04:43:41.967004,0 days 00:00:00.669624,45.20889704581663,19.925298356603587,1.4166455395162079,Au,COMPLETE
2804,0.0,2026-03-20 04:43:41.346020,2026-03-20 04:43:42.157630,0 days 00:00:00.811610,20.19832246573303,17.750408378665934,1.6864886969297614,Au,PRUNED
2805,-7.716049382714907,2026-03-20 04:43:41.578152,2026-03-20 04:43:42.176031,0 days 00:00:00.597879,21.271841544904245,19.43729414481414,1.502458988955823,Au,PRUNED
2806,0.0,2026-03-20 04:43:41.643599,2026-03-20 04:43:42.326004,0 days 00:00:00.682405,20.110195462050836,17.91588346830581,1.6227260409517186,Au,PRUNED
2807,-1.0,2026-03-20 04:43:41.742321,2026-03-20 04:43:42.134312,0 days 00:00:00.391991,35.04426227257233,19.988595784941204,1.4440292229648177,Au,COMPLETE
2808,-355.7489451476346,2026-03-20 04:43:41.765171,2026-03-20 04:43:42.468203,0 days 00:00:00.703032,20.85564269815331,18.419306774065106,1.4186893342748919,Au,COMPLETE
2809,-1.0,2026-03-20 04:43:41.778983,2026-03-20 04:43:42.204045,0 days 00:00:00.425062,34.258714857370364,19.806533204945698,1.5907221040049146,Au,COMPLETE
2810,-1.0,2026-03-20 04:43:41.800582,2026-03-20 04:43:42.181579,0 days 00:00:00.380997,20.216285531469847,18.36109422790608,1.6183884200119616,Au,COMPLETE
2811,-1.0,2026-03-20 04:43:42.111583,2026-03-20 04:43:42.901275,0 days 00:00:00.789692,21.702572004928427,17.912539449086072,1.7243467885531154,Au,COMPLETE
2812,-1.0,2026-03-20 04:43:42.183842,2026-03-20 04:43:42.495991,0 days 00:00:00.312149,21.340018517416546,19.66838172400071,1.5783096947107615,Au,COMPLETE
2813,0.0,2026-03-20 04:43:42.318835,2026-03-20 04:43:42.807099,0 days 00:00:00.488264,37.481068402692955,19.941073060020646,1.7333125680780646,Au,PRUNED
2814,-1.0,2026-03-20 04:43:42.255810,2026-03-20 04:43:43.055668,0 days 00:00:00.799858,20.112595320488953,19.847837439634212,1.858365538147959,Au,COMPLETE
2815,-1.0,2026-03-20 04:43:42.451418,2026-03-20 04:43:42.998843,0 days 00:00:00.547425,20.089711763702823,19.586203359692096,1.7340015118389156,Au,COMPLETE
2816,-1.0,2026-03-20 04:43:42.418895,2026-03-20 04:43:43.039574,0 days 00:00:00.620679,20.56776086652625,19.58377175582019,1.3718633102842483,Au,COMPLETE
2817,-1.0,2026-03-20 04:43:42.583823,2026-03-20 04:43:43.054114,0 days 00:00:00.470291,20.436826905952994,17.912116385734663,1.3740276519377956,Ag,COMPLETE
2818,-1.0,2026-03-20 04:43:42.685193,2026-03-20 04:43:43.086678,0 days 00:00:00.401485,35.279420249395216,16.890587638136648,1.7306434880227086,Au,COMPLETE
2819,0.0,2026-03-20 04:43:42.704739,2026-03-20 04:43:43.213051,0 days 00:00:00.508312,21.14082086138075,15.669817232837499,1.484637900538652,Au,PRUNED
2820,-13.15789473684072,2026-03-20 04:43:42.903271,2026-03-20 04:43:45.822943,0 days 00:00:02.919672,69.77904149019703,1.671682446102027,1.4563570502789553,Cu,PRUNED
2821,-1.1990407673860566,2026-03-20 04:43:43.027894,2026-03-20 04:43:45.866403,0 days 00:00:02.838509,20.619826079981532,17.499285275806184,1.680937726944778,Ag,PRUNED
2822,-1.0,2026-03-20 04:43:43.174473,2026-03-20 04:43:45.899101,0 days 00:00:02.724628,40.65449508709942,19.99765675350919,1.473377409232163,Cu,COMPLETE
2823,-3.0864197530859623,2026-03-20 04:43:43.265219,2026-03-20 04:43:46.063922,0 days 00:00:02.798703,21.31464841771849,19.987858651905007,1.4503855594867454,Au,PRUNED
2824,-12.626262626261097,2026-03-20 04:43:43.278121,2026-03-20 04:43:46.118959,0 days 00:00:02.840838,23.40498427544834,16.619511196117955,1.4548553091163297,Au,PRUNED
2825,0.0,2026-03-20 04:43:43.323907,2026-03-20 04:43:46.527661,0 days 00:00:03.203754,31.922128011684006,16.959068783235264,1.9130681790719968,Au,PRUNED
2826,-407.9736211030594,2026-03-20 04:43:43.452190,2026-03-20 04:43:46.092422,0 days 00:00:02.640232,20.19212707618109,19.610484552905234,1.4207320942180302,Au,COMPLETE
2827,0.0,2026-03-20 04:43:43.931474,2026-03-20 04:43:46.094429,0 days 00:00:02.162955,39.52387553743725,17.21603969951702,1.8449475261817208,Au,PRUNED
2828,0.0,2026-03-20 04:43:45.900261,2026-03-20 04:43:46.797336,0 days 00:00:00.897075,20.031970989682378,16.255986808612654,1.711452469802323,Au,PRUNED
2829,-1.0,2026-03-20 04:43:46.000712,2026-03-20 04:43:46.796335,0 days 00:00:00.795623,33.764285024211304,19.816122493574408,1.9698524773963544,Au,COMPLETE
2830,-335.079840319321,2026-03-20 04:43:46.171458,2026-03-20 04:43:47.074558,0 days 00:00:00.903100,21.641855983040454,17.572181241557956,1.3653445082432565,Au,COMPLETE
2831,0.0,2026-03-20 04:43:46.211251,2026-03-20 04:43:46.987336,0 days 00:00:00.776085,35.13842891077831,17.122230938326563,1.7074667561989092,Au,PRUNED
2832,-1.0,2026-03-20 04:43:46.203724,2026-03-20 04:43:46.839359,0 days 00:00:00.635635,21.968141427359583,19.864992573326788,1.5813055833121625,Au,COMPLETE
2833,-10.658914728681179,2026-03-20 04:43:46.301580,2026-03-20 04:43:46.986331,0 days 00:00:00.684751,42.95966526904443,0.6224925642594084,1.587653584892792,Au,PRUNED
2834,0.0,2026-03-20 04:43:46.372855,2026-03-20 04:43:46.973506,0 days 00:00:00.600651,32.57096466617511,17.03464051174516,1.47623339357128,Au,PRUNED
2835,-1.0,2026-03-20 04:43:46.669822,2026-03-20 04:43:47.590108,0 days 00:00:00.920286,20.47841435038773,17.97177946194115,1.5054784581133993,Au,COMPLETE
2836,-1.0,2026-03-20 04:43:46.945807,2026-03-20 04:43:47.542063,0 days 00:00:00.596256,23.406856474375658,19.946701426856958,1.7799448276493397,Au,COMPLETE
2837,-1.0,2026-03-20 04:43:47.029146,2026-03-20 04:43:47.560193,0 days 00:00:00.531047,20.161825030698008,19.740114920279243,1.968904101088404,Au,COMPLETE
2838,0.0,2026-03-20 04:43:47.044130,2026-03-20 04:43:47.636526,0 days 00:00:00.592396,34.623880760984335,19.984559147504537,1.4593542571428457,Au,PRUNED
2839,-1.0,2026-03-20 04:43:47.129898,2026-03-20 04:43:47.639037,0 days 00:00:00.509139,29.29135410795616,19.938919350263948,1.6005602126093992,Au,COMPLETE
2840,-1.0,2026-03-20 04:43:47.156058,2026-03-20 04:43:47.605848,0 days 00:00:00.449790,32.45529356578356,19.87770897916395,1.6748492263796686,Au,COMPLETE
2841,0.0,2026-03-20 04:43:47.185030,2026-03-20 04:43:47.904593,0 days 00:00:00.719563,32.01606495714313,19.846598781645028,1.3051876283262778,Au,PRUNED
2842,0.0,2026-03-20 04:43:47.266566,2026-03-20 04:43:47.825939,0 days 00:00:00.559373,20.324545847407588,17.420028984417456,1.460347418346276,Au,PRUNED
2843,0.0,2026-03-20 04:43:47.673199,2026-03-20 04:43:48.686550,0 days 00:00:01.013351,33.111679020466184,19.825545602629685,1.5912047002926941,Au,PRUNED
2844,0.0,2026-03-20 04:43:47.823932,2026-03-20 04:43:48.672152,0 days 00:00:00.848220,33.65216429107565,17.983905339219987,1.8075733441123158,Au,PRUNED
2845,-424.129353233768,2026-03-20 04:43:47.842547,2026-03-20 04:43:48.561790,0 days 00:00:00.719243,20.168043896521596,19.697078606829134,1.639466814663293,Au,COMPLETE
2846,-1.1990407673860566,2026-03-20 04:43:47.882810,2026-03-20 04:43:48.796449,0 days 00:00:00.913639,20.412455557201586,19.659605418454174,1.7202320725710256,Ag,PRUNED
2847,-1.0,2026-03-20 04:43:47.932857,2026-03-20 04:43:48.672656,0 days 00:00:00.739799,56.54935405704205,19.526298773328218,1.9582246362620455,Au,COMPLETE
2848,0.0,2026-03-20 04:43:47.998415,2026-03-20 04:43:48.585684,0 days 00:00:00.587269,32.72768744952586,19.863245111548668,1.5787253290991319,Au,PRUNED
2849,81.80147058823289,2026-03-20 04:43:48.052429,2026-03-20 04:43:48.902218,0 days 00:00:00.849789,27.394535289451984,16.707294332584894,1.6495413016270088,Au,PRUNED
2850,0.0,2026-03-20 04:43:48.124501,2026-03-20 04:43:48.666276,0 days 00:00:00.541775,30.746136837440055,17.032493826504574,1.6417377671690485,Au,PRUNED
2851,-1.0,2026-03-20 04:43:48.606267,2026-03-20 04:43:49.358009,0 days 00:00:00.751742,60.06648658868541,3.5574737890344057,1.1384780835139505,Cu,COMPLETE
2852,-1.0,2026-03-20 04:43:48.787561,2026-03-20 04:43:49.184279,0 days 00:00:00.396718,21.034273722092138,19.708061625496512,1.4977341846347054,Au,COMPLETE
2853,-1.0,2026-03-20 04:43:48.830641,2026-03-20 04:43:49.545275,0 days 00:00:00.714634,34.5964273240589,18.403651056433056,1.8121821406109953,Au,COMPLETE
2854,-1.0,2026-03-20 04:43:48.799638,2026-03-20 04:43:49.544451,0 days 00:00:00.744813,50.521771290920576,1.0517136913444407,1.5919414081246552,Cu,COMPLETE
2855,2.873563218390408,2026-03-20 04:43:48.866857,2026-03-20 04:43:49.713123,0 days 00:00:00.846266,21.699211367844146,19.981568042260637,1.6665364434337568,Au,PRUNED
2856,-1.0,2026-03-20 04:43:48.905944,2026-03-20 04:43:49.654469,0 days 00:00:00.748525,33.725540182499266,17.16466173269011,1.979584212915666,Au,COMPLETE
2857,-1.0,2026-03-20 04:43:48.955734,2026-03-20 04:43:49.460941,0 days 00:00:00.505207,20.563086885199294,15.322996065080499,1.712714303430766,Au,COMPLETE
2858,-1.0,2026-03-20 04:43:49.025246,2026-03-20 04:43:49.624842,0 days 00:00:00.599596,31.005379761515027,17.393676789394615,1.8553563357888327,Au,COMPLETE
2859,-1.0,2026-03-20 04:43:49.362304,2026-03-20 04:43:50.230765,0 days 00:00:00.868461,21.989108370158686,19.806656165315882,1.7756857661318843,Au,COMPLETE
2860,-348.8612836438491,2026-03-20 04:43:49.561351,2026-03-20 04:43:50.559776,0 days 00:00:00.998425,20.68913977825634,18.303584553257824,1.5746541004876797,Au,COMPLETE
2861,-1.0,2026-03-20 04:43:49.747339,2026-03-20 04:43:50.312292,0 days 00:00:00.564953,20.29347003933818,17.30470212245619,1.3445466463818858,Au,COMPLETE
2862,-1.0,2026-03-20 04:43:49.779673,2026-03-20 04:43:50.312292,0 days 00:00:00.532619,20.043509317601693,19.442675392105137,1.4411579545335276,Au,COMPLETE
2863,-1.0,2026-03-20 04:43:49.794021,2026-03-20 04:43:50.419573,0 days 00:00:00.625552,20.207447783576836,16.777968059049062,1.5521485948224016,Au,COMPLETE
2864,-1.0,2026-03-20 04:43:49.816291,2026-03-20 04:43:50.262631,0 days 00:00:00.446340,22.656889785960804,16.37620759608319,1.9997507641067724,Au,COMPLETE
2865,-1.0,2026-03-20 04:43:49.828258,2026-03-20 04:43:50.437206,0 days 00:00:00.608948,20.348318644961452,19.53200922720031,1.3087509162913946,Au,COMPLETE
2866,-1.0,2026-03-20 04:43:49.892023,2026-03-20 04:43:50.527986,0 days 00:00:00.635963,20.50435407065838,19.879103369117217,1.2285871658062208,Au,COMPLETE
2867,-1.0,2026-03-20 04:43:50.396189,2026-03-20 04:43:50.997380,0 days 00:00:00.601191,20.480492862318513,17.352888414270502,1.9474593215347185,Au,COMPLETE
2868,0.0,2026-03-20 04:43:50.441303,2026-03-20 04:43:51.229882,0 days 00:00:00.788579,20.652255769057543,16.88368726583455,1.7411874970354964,Au,PRUNED
2869,-1.0,2026-03-20 04:43:50.445859,2026-03-20 04:43:51.200196,0 days 00:00:00.754337,29.129233997423015,19.988660291645644,1.3761768175911488,Au,COMPLETE
2870,0.0,2026-03-20 04:43:50.547474,2026-03-20 04:43:51.243947,0 days 00:00:00.696473,45.96703238940848,15.91253808791095,1.5217530705039322,Au,PRUNED
2871,-341.71747967475505,2026-03-20 04:43:50.639378,2026-03-20 04:43:51.523863,0 days 00:00:00.884485,20.895527010120727,17.9458564047388,1.6424773811399298,Au,COMPLETE
2872,-2.976190476190051,2026-03-20 04:43:50.686676,2026-03-20 04:43:51.321392,0 days 00:00:00.634716,20.998420347472184,19.54490363033381,1.9713546123084622,Au,PRUNED
2873,-1.0,2026-03-20 04:43:50.705235,2026-03-20 04:43:51.320846,0 days 00:00:00.615611,20.55651630263976,17.263121891824674,1.5448338031562767,Au,COMPLETE
2874,-1.0,2026-03-20 04:43:50.820677,2026-03-20 04:43:51.322905,0 days 00:00:00.502228,34.7040470881111,19.87563291797649,1.7624543791619676,Au,COMPLETE
2875,-1.0,2026-03-20 04:43:51.156668,2026-03-20 04:43:51.727596,0 days 00:00:00.570928,32.84411781935911,17.335581419950877,1.7579851478787099,Au,COMPLETE
2876,-1.0,2026-03-20 04:43:51.284660,2026-03-20 04:43:51.899048,0 days 00:00:00.614388,20.704151834368542,19.79789731237606,1.4379180708764392,Au,COMPLETE
2877,-1.0,2026-03-20 04:43:51.372790,2026-03-20 04:43:51.876874,0 days 00:00:00.504084,35.08623140413098,19.780214755623582,1.3919907556201732,Au,COMPLETE
2878,-1.0,2026-03-20 04:43:51.406077,2026-03-20 04:43:51.876874,0 days 00:00:00.470797,20.016638410708254,17.775090243034068,1.4891549345874202,Au,COMPLETE
2879,0.0,2026-03-20 04:43:51.453983,2026-03-20 04:43:52.072241,0 days 00:00:00.618258,20.84474496754273,16.96020031723085,1.468102533639957,Au,PRUNED
2880,83.33333333333088,2026-03-20 04:43:51.466070,2026-03-20 04:43:51.894418,0 days 00:00:00.428348,22.276907540617074,19.972113489481423,1.6230741721619752,Au,PRUNED
2881,0.0,2026-03-20 04:43:51.542093,2026-03-20 04:43:52.147712,0 days 00:00:00.605619,39.17104089295186,19.97561722576574,1.237210160561394,Au,PRUNED
2882,0.0,2026-03-20 04:43:51.797583,2026-03-20 04:43:52.586701,0 days 00:00:00.789118,47.59243837237825,16.768363131049334,1.419747284610857,Au,PRUNED
2883,-1.0,2026-03-20 04:43:51.846471,2026-03-20 04:43:52.194571,0 days 00:00:00.348100,30.843876375518533,19.94106730263712,1.5369252644243907,Au,COMPLETE
2884,-1.0,2026-03-20 04:43:51.982050,2026-03-20 04:43:52.444010,0 days 00:00:00.461960,21.19573902631467,19.728777709108005,1.7790576169781402,Au,COMPLETE
2885,-3.0864197530859623,2026-03-20 04:43:52.055654,2026-03-20 04:43:52.687510,0 days 00:00:00.631856,21.276980576374918,19.93032854305622,1.4936532557177602,Au,PRUNED
2886,-6.172839506171925,2026-03-20 04:43:52.124486,2026-03-20 04:43:53.160624,0 days 00:00:01.036138,21.212020616326257,19.862124422032974,1.4033843054068682,Au,PRUNED
2887,0.0,2026-03-20 04:43:52.098705,2026-03-20 04:43:52.693426,0 days 00:00:00.594721,32.95819215090309,17.4436401118647,1.3876399782524094,Au,PRUNED
2888,0.0,2026-03-20 04:43:52.197706,2026-03-20 04:43:52.715428,0 days 00:00:00.517722,31.162218500094852,17.01308747171658,1.3130139234976617,Au,PRUNED
2889,-1.0,2026-03-20 04:43:52.416341,2026-03-20 04:43:53.087650,0 days 00:00:00.671309,38.21783304798573,19.982964336911955,1.4054603460327268,Au,COMPLETE
2890,-1.0,2026-03-20 04:43:52.479623,2026-03-20 04:43:53.162980,0 days 00:00:00.683357,33.75864041300992,17.684043698795563,1.3360694564959894,Au,COMPLETE
2891,-312.0318352059577,2026-03-20 04:43:52.617718,2026-03-20 04:43:53.383777,0 days 00:00:00.766059,20.678921122497595,17.262412513886066,1.938449073825775,Au,COMPLETE
2892,0.0,2026-03-20 04:43:52.707017,2026-03-20 04:43:53.154332,0 days 00:00:00.447315,34.090269606314855,17.79084667223693,1.8837280326035657,Au,PRUNED
2893,-13.095238095236597,2026-03-20 04:43:52.717901,2026-03-20 04:43:53.399350,0 days 00:00:00.681449,22.142170434755656,19.79341739211554,0.8164351233862035,Cu,PRUNED
2894,-2.976190476190051,2026-03-20 04:43:52.820501,2026-03-20 04:43:53.441370,0 days 00:00:00.620869,21.53576598488498,19.73992639257835,1.4868289764460167,Au,PRUNED
2895,-1.0,2026-03-20 04:43:52.835847,2026-03-20 04:43:53.096668,0 days 00:00:00.260821,21.98588278893674,19.85072241271407,1.456187619847989,Au,COMPLETE
2896,0.0,2026-03-20 04:43:53.241466,2026-03-20 04:43:54.118654,0 days 00:00:00.877188,32.94179617049509,17.823729884709852,1.787028511221742,Au,PRUNED
2897,-1.0,2026-03-20 04:43:53.130590,2026-03-20 04:43:53.914501,0 days 00:00:00.783911,20.28558659322687,16.13917185363646,1.6756092140537542,Au,COMPLETE
2898,-424.44029850739975,2026-03-20 04:43:53.353897,2026-03-20 04:43:54.178758,0 days 00:00:00.824861,20.21707657917211,19.6610433193461,1.674946849536872,Au,COMPLETE
2899,0.0,2026-03-20 04:43:53.462692,2026-03-20 04:43:54.110211,0 days 00:00:00.647519,34.274571910821855,19.827474462977058,1.9734231780804248,Au,PRUNED
2900,83.33333333333088,2026-03-20 04:43:53.477668,2026-03-20 04:43:53.960269,0 days 00:00:00.482601,22.37166163142137,19.975833964983117,1.851563946383931,Au,PRUNED
2901,-1.0,2026-03-20 04:43:53.494442,2026-03-20 04:43:53.895881,0 days 00:00:00.401439,35.93097843549127,17.402307771433847,1.3789897159281506,Au,COMPLETE
2902,0.0,2026-03-20 04:43:53.553694,2026-03-20 04:43:54.194051,0 days 00:00:00.640357,37.66856530935566,19.748579422005978,1.791434013760231,Au,PRUNED
2903,-1.0,2026-03-20 04:43:53.570059,2026-03-20 04:43:54.023469,0 days 00:00:00.453410,119.3288165522475,12.963575148987506,1.693320004112378,Ag,COMPLETE
2904,0.0,2026-03-20 04:43:53.907997,2026-03-20 04:43:54.724372,0 days 00:00:00.816375,31.737160386939273,19.932603206569212,1.6782675963163491,Au,PRUNED
2905,-1.0,2026-03-20 04:43:54.154236,2026-03-20 04:43:54.651553,0 days 00:00:00.497317,38.55668289100673,4.469103166516323,1.1896724319714034,Au,COMPLETE
2906,83.33333333333088,2026-03-20 04:43:54.226170,2026-03-20 04:43:54.793752,0 days 00:00:00.567582,22.327268526763604,19.91205930864116,1.7082553178632183,Au,PRUNED
2907,0.0,2026-03-20 04:43:54.245994,2026-03-20 04:43:54.840410,0 days 00:00:00.594416,21.263477814716563,19.873723290356832,1.9405207083331923,Au,PRUNED
2908,0.0,2026-03-20 04:43:54.258727,2026-03-20 04:43:54.849700,0 days 00:00:00.590973,34.98015524643301,17.600161276416085,1.607783911671333,Au,PRUNED
2909,0.0,2026-03-20 04:43:54.272780,2026-03-20 04:43:54.882647,0 days 00:00:00.609867,31.696449637130705,19.98633625979464,1.601890558693526,Au,PRUNED
2910,-1.0,2026-03-20 04:43:54.305289,2026-03-20 04:43:54.826012,0 days 00:00:00.520723,92.8936985510899,19.90616151154785,1.308151142538379,Cu,COMPLETE
2911,-0.6747638326585585,2026-03-20 04:43:54.495135,2026-03-20 04:43:55.082687,0 days 00:00:00.587552,83.40285964122589,15.727211131443676,0.10583632331692971,Cu,PRUNED
2912,2.358490566037558,2026-03-20 04:43:54.836673,2026-03-20 04:43:55.560244,0 days 00:00:00.723571,31.620788137361632,16.56566756784339,1.8800148864873418,Cu,PRUNED
2913,-1.0,2026-03-20 04:43:54.879130,2026-03-20 04:43:55.430442,0 days 00:00:00.551312,20.574855572802736,19.74399147067435,1.6220537493811127,Au,COMPLETE
2914,66.36904761904572,2026-03-20 04:43:54.923093,2026-03-20 04:43:55.601208,0 days 00:00:00.678115,39.796685224425104,16.212518421463898,1.7616999239653623,Cu,PRUNED
2915,-1.0,2026-03-20 04:43:55.004631,2026-03-20 04:43:55.586022,0 days 00:00:00.581391,31.753942224072837,19.886793328422804,1.9833437810235324,Au,COMPLETE
2916,-1.0,2026-03-20 04:43:55.032419,2026-03-20 04:43:55.663490,0 days 00:00:00.631071,33.49378271261892,17.09739343373702,1.5987299134375166,Au,COMPLETE
2917,-1.0,2026-03-20 04:43:55.041314,2026-03-20 04:43:55.640319,0 days 00:00:00.599005,20.101250743190203,18.30533520759814,1.594574839495221,Au,COMPLETE
2918,0.0,2026-03-20 04:43:55.181177,2026-03-20 04:43:55.906483,0 days 00:00:00.725306,20.453704463803064,17.10480785473105,1.6470219962546429,Au,PRUNED
2919,0.0,2026-03-20 04:43:55.289266,2026-03-20 04:43:56.071305,0 days 00:00:00.782039,25.127625230800543,19.94971323130873,1.6987799040940033,Au,PRUNED
2920,-1.0,2026-03-20 04:43:55.620296,2026-03-20 04:43:56.224990,0 days 00:00:00.604694,20.210060260891154,17.861016436607017,1.835188688894127,Au,COMPLETE
2921,-1.0,2026-03-20 04:43:55.655730,2026-03-20 04:43:56.245074,0 days 00:00:00.589344,22.388308900596837,19.75981852636371,1.8290702303699378,Au,COMPLETE
2922,-337.6004016063853,2026-03-20 04:43:55.679593,2026-03-20 04:43:56.368376,0 days 00:00:00.688783,21.19252954285624,17.656731391259715,1.6844270206675083,Au,COMPLETE
2923,-1.0,2026-03-20 04:43:55.733016,2026-03-20 04:43:56.119204,0 days 00:00:00.386188,20.54711777871023,16.524255318351653,1.6062342878448663,Au,COMPLETE
2924,-1.0,2026-03-20 04:43:55.758644,2026-03-20 04:43:56.170850,0 days 00:00:00.412206,20.622257260230445,19.982763991828257,1.5065145632505375,Au,COMPLETE
2925,0.0,2026-03-20 04:43:55.908980,2026-03-20 04:43:56.629701,0 days 00:00:00.720721,32.94340244457067,18.546952458405762,1.774882662705281,Au,PRUNED
2926,-1.0,2026-03-20 04:43:55.983865,2026-03-20 04:43:56.428452,0 days 00:00:00.444587,32.999067286049595,17.96774593319486,1.8076964591115336,Au,COMPLETE
2927,-297.2972972972652,2026-03-20 04:43:56.134321,2026-03-20 04:43:56.713785,0 days 00:00:00.579464,21.430972857510874,16.451227302183444,1.7846192244975116,Au,PRUNED
2928,0.0,2026-03-20 04:43:56.330006,2026-03-20 04:43:57.145428,0 days 00:00:00.815422,20.059820162290862,17.738392896331515,1.852969040686149,Au,PRUNED
2929,-1.0,2026-03-20 04:43:56.370376,2026-03-20 04:43:56.898149,0 days 00:00:00.527773,30.75771885909611,16.955200524534533,1.7007785706859695,Au,COMPLETE
2930,-1.0,2026-03-20 04:43:56.299978,2026-03-20 04:43:56.959733,0 days 00:00:00.659755,20.173601343451598,15.274240094620607,1.791906589848027,Au,COMPLETE
2931,4.5289855072459835,2026-03-20 04:43:56.584954,2026-03-20 04:43:57.411831,0 days 00:00:00.826877,36.06510913121304,19.245109950129816,1.8752177508621874,Ag,PRUNED
2932,-1.0,2026-03-20 04:43:56.607176,2026-03-20 04:43:57.258823,0 days 00:00:00.651647,39.04311269210778,13.695465517341525,1.9196889627735505,Au,COMPLETE
2933,0.0,2026-03-20 04:43:56.646120,2026-03-20 04:43:57.327107,0 days 00:00:00.680987,37.93287872634337,19.960027554122874,1.8593421173489182,Au,PRUNED
2934,-176.38888888887715,2026-03-20 04:43:56.692915,2026-03-20 04:43:57.373704,0 days 00:00:00.680789,21.22351436032259,17.132234091133228,1.5891996395024797,Cu,PRUNED
2935,0.0,2026-03-20 04:43:56.836842,2026-03-20 04:43:57.836700,0 days 00:00:00.999858,35.04579573828933,19.710825150007125,1.529034403077077,Au,PRUNED
2936,-1.0,2026-03-20 04:43:57.170362,2026-03-20 04:43:57.727908,0 days 00:00:00.557546,20.157187914710754,19.47188205664448,1.5681137103977667,Au,COMPLETE
2937,-1.0,2026-03-20 04:43:57.290265,2026-03-20 04:43:57.837935,0 days 00:00:00.547670,116.06661791268877,3.2479469207084835,0.5145082717691085,Au,COMPLETE
2938,0.0,2026-03-20 04:43:57.402736,2026-03-20 04:43:58.083339,0 days 00:00:00.680603,54.59172733309347,18.82198947321033,1.6529854461972582,Au,PRUNED
2939,0.0,2026-03-20 04:43:57.442469,2026-03-20 04:43:58.146022,0 days 00:00:00.703553,50.55804157440217,17.406886353648503,1.7628527744068458,Au,PRUNED
2940,0.0,2026-03-20 04:43:57.376259,2026-03-20 04:43:58.143396,0 days 00:00:00.767137,33.81374858451347,17.0231111894285,1.5041041913931508,Au,PRUNED
2941,0.0,2026-03-20 04:43:57.510514,2026-03-20 04:43:58.225136,0 days 00:00:00.714622,33.48427172955012,19.99852787697534,1.820186598257267,Au,PRUNED
2942,-1.0,2026-03-20 04:43:57.553028,2026-03-20 04:43:58.212981,0 days 00:00:00.659953,29.60210891875294,19.907566927932336,1.6846690374206412,Au,COMPLETE
2943,-1.0,2026-03-20 04:43:57.846817,2026-03-20 04:43:58.742856,0 days 00:00:00.896039,20.102525110154495,19.395468139982558,1.978381939123408,Au,COMPLETE
2944,0.0,2026-03-20 04:43:58.040781,2026-03-20 04:43:59.161684,0 days 00:00:01.120903,91.27719243284209,19.59206927425852,0.5621519402026355,Ag,PRUNED
2945,0.0,2026-03-20 04:43:58.105332,2026-03-20 04:43:58.757799,0 days 00:00:00.652467,33.27841260719422,19.978274702811746,1.4054190526153272,Au,PRUNED
2946,0.0,2026-03-20 04:43:58.270159,2026-03-20 04:43:59.024345,0 days 00:00:00.754186,36.81190869096513,17.18602981260572,1.706251478957602,Au,PRUNED
2947,-7.716049382714907,2026-03-20 04:43:58.289474,2026-03-20 04:43:59.009199,0 days 00:00:00.719725,20.77157220051804,19.715372596407505,1.6376683816299742,Au,PRUNED
2948,-0.6915629322268211,2026-03-20 04:43:58.303694,2026-03-20 04:43:59.024345,0 days 00:00:00.720651,101.15380838986434,18.474483760304018,1.2927889349308448,Au,PRUNED
2949,0.0,2026-03-20 04:43:58.368775,2026-03-20 04:43:58.861662,0 days 00:00:00.492887,26.97173780665608,19.976168492818733,1.5680454477848196,Au,PRUNED
2950,-431.1868686868024,2026-03-20 04:43:58.415600,2026-03-20 04:43:58.979463,0 days 00:00:00.563863,20.21981398680206,19.829490222914178,1.5963696636023994,Au,COMPLETE
2951,-431.1868686868024,2026-03-20 04:43:58.932194,2026-03-20 04:43:59.552119,0 days 00:00:00.619925,20.509915656135462,19.723131892901968,1.499380542045815,Au,COMPLETE
2952,-328.92156862741206,2026-03-20 04:43:58.949009,2026-03-20 04:43:59.841489,0 days 00:00:00.892480,20.827305569050065,17.56031356133222,1.8963868573323486,Au,COMPLETE
2953,-1.0,2026-03-20 04:43:59.050562,2026-03-20 04:43:59.734253,0 days 00:00:00.683691,33.61962780833201,16.10136278276844,1.7612326614092257,Au,COMPLETE
2954,0.0,2026-03-20 04:43:59.125512,2026-03-20 04:43:59.791474,0 days 00:00:00.665962,20.64610722412323,16.54601824239226,1.8492765245352698,Au,PRUNED
2955,-1.0,2026-03-20 04:43:59.193259,2026-03-20 04:43:59.729960,0 days 00:00:00.536701,32.950542399134676,19.83719396087735,1.8087590235890483,Au,COMPLETE
2956,0.0,2026-03-20 04:43:59.228726,2026-03-20 04:43:59.934451,0 days 00:00:00.705725,20.792230943528548,16.683197734187175,1.6033731519007477,Au,PRUNED
2957,-2.976190476190051,2026-03-20 04:43:59.264873,2026-03-20 04:43:59.839978,0 days 00:00:00.575105,21.037206317203637,19.76383790196704,1.853099236167722,Au,PRUNED
2958,-1.0,2026-03-20 04:43:59.289470,2026-03-20 04:43:59.838471,0 days 00:00:00.549001,47.90625869427804,19.56201522701387,1.7931191423563402,Au,COMPLETE
2959,79.3504901960761,2026-03-20 04:43:59.702468,2026-03-20 04:44:00.571883,0 days 00:00:00.869415,34.2629982719457,14.276254009796048,1.6162286102996433,Au,PRUNED
2960,-324.127906976707,2026-03-20 04:43:59.870107,2026-03-20 04:44:00.544150,0 days 00:00:00.674043,20.22647179693858,18.093487499886695,1.7167012365847378,Au,COMPLETE
2961,79.62962962962726,2026-03-20 04:43:59.989808,2026-03-20 04:44:00.606451,0 days 00:00:00.616643,31.094190916179663,16.65244441907305,1.6664202375390433,Au,PRUNED
2962,-1.0,2026-03-20 04:44:00.010224,2026-03-20 04:44:00.623017,0 days 00:00:00.612793,23.283424309045643,19.723826999321552,1.778054607975819,Au,COMPLETE
2963,-1.0,2026-03-20 04:44:00.043344,2026-03-20 04:44:00.606451,0 days 00:00:00.563107,26.942719997224586,19.947320688877383,1.7776136427111677,Au,COMPLETE
2964,0.0,2026-03-20 04:44:00.064550,2026-03-20 04:44:00.855892,0 days 00:00:00.791342,32.83289351845493,17.70315886084699,1.8184020780275514,Au,PRUNED
2965,-1.0,2026-03-20 04:44:00.057511,2026-03-20 04:44:00.731686,0 days 00:00:00.674175,20.04856577767931,15.697752191565932,1.5776666918948894,Au,COMPLETE
2966,0.0,2026-03-20 04:44:00.135318,2026-03-20 04:44:00.807708,0 days 00:00:00.672390,33.62728853697113,17.197169451345566,1.524000958973347,Au,PRUNED
2967,0.0,2026-03-20 04:44:00.611689,2026-03-20 04:44:01.520728,0 days 00:00:00.909039,20.014233141469685,16.668133774407533,1.6245923049582038,Au,PRUNED
2968,-1.0,2026-03-20 04:44:00.710907,2026-03-20 04:44:01.341110,0 days 00:00:00.630203,21.279972248005773,19.59610168355063,1.5037406415684582,Au,COMPLETE
2969,-1.0,2026-03-20 04:44:00.713829,2026-03-20 04:44:01.413779,0 days 00:00:00.699950,35.04166038547054,19.842323253293234,1.5182524424783685,Au,COMPLETE
2970,0.0,2026-03-20 04:44:00.769376,2026-03-20 04:44:01.682582,0 days 00:00:00.913206,29.759661206445628,19.892866626484675,1.7482069081999423,Au,PRUNED
2971,0.0,2026-03-20 04:44:00.824336,2026-03-20 04:44:01.439157,0 days 00:00:00.614821,50.21814436704291,19.778085227498313,1.6874992952469365,Au,PRUNED
2972,-1.0,2026-03-20 04:44:00.985963,2026-03-20 04:44:01.326377,0 days 00:00:00.340414,20.17793684310746,17.766613930586544,1.5404985101232656,Au,COMPLETE
2973,0.0,2026-03-20 04:44:00.995911,2026-03-20 04:44:01.651336,0 days 00:00:00.655425,38.741437227529545,19.703517851348177,1.7001209660182481,Au,PRUNED
2974,83.33333333333088,2026-03-20 04:44:01.034820,2026-03-20 04:44:01.376019,0 days 00:00:00.341199,22.367965546484506,19.83069321280352,1.7253250016735036,Au,PRUNED
2975,-1.1990407673860566,2026-03-20 04:44:01.443258,2026-03-20 04:44:02.294288,0 days 00:00:00.851030,21.15218064567158,16.42303314796427,1.8347203459368815,Ag,PRUNED
2976,0.0,2026-03-20 04:44:01.539253,2026-03-20 04:44:02.368102,0 days 00:00:00.828849,36.41480175567926,16.61654883480308,1.9522493280230704,Au,PRUNED
2977,-1.0,2026-03-20 04:44:01.618052,2026-03-20 04:44:02.146073,0 days 00:00:00.528021,22.286171776423515,19.81729578580536,1.556385186177302,Au,COMPLETE
2978,-1.0,2026-03-20 04:44:01.709001,2026-03-20 04:44:02.374625,0 days 00:00:00.665624,34.80659997963755,19.69073629419742,1.6774144907011912,Au,COMPLETE
2979,-1.0,2026-03-20 04:44:01.711790,2026-03-20 04:44:02.237939,0 days 00:00:00.526149,21.678783377585482,19.91860913267039,1.6730408480244785,Au,COMPLETE
2980,0.0,2026-03-20 04:44:01.745277,2026-03-20 04:44:02.336362,0 days 00:00:00.591085,20.381049987620884,17.42031730795186,1.7373272443912389,Au,PRUNED
2981,-1.0,2026-03-20 04:44:01.755322,2026-03-20 04:44:02.372383,0 days 00:00:00.617061,20.700173597198543,16.940913316856385,1.7059065753549738,Au,COMPLETE
2982,-1.0,2026-03-20 04:44:01.848326,2026-03-20 04:44:02.334887,0 days 00:00:00.486561,20.563744519385455,17.26885989185703,1.7448649753039438,Au,COMPLETE
2983,0.0,2026-03-20 04:44:02.309740,2026-03-20 04:44:02.957194,0 days 00:00:00.647454,39.79410159758914,19.972089597784862,1.6459322309422562,Au,PRUNED
2984,0.0,2026-03-20 04:44:02.316438,2026-03-20 04:44:02.960021,0 days 00:00:00.643583,20.198272027664018,17.527233061717585,1.661009406546882,Au,PRUNED
2985,-1.0,2026-03-20 04:44:02.415841,2026-03-20 04:44:03.016464,0 days 00:00:00.600623,20.70793814401565,19.840860638467227,1.3788776393121611,Au,COMPLETE
2986,-1.0,2026-03-20 04:44:02.440343,2026-03-20 04:44:02.988601,0 days 00:00:00.548258,35.82811973886891,19.87448258868221,1.4729363068429175,Au,COMPLETE
2987,-23.809523809519273,2026-03-20 04:44:02.430881,2026-03-20 04:44:03.239142,0 days 00:00:00.808261,56.670562953207806,7.85269878749965,1.9363977859678771,Ag,PRUNED
2988,-1.0,2026-03-20 04:44:02.511851,2026-03-20 04:44:03.146514,0 days 00:00:00.634663,37.37039791349949,19.90407500758296,1.7191438110522443,Au,COMPLETE
2989,0.0,2026-03-20 04:44:02.643928,2026-03-20 04:44:03.366025,0 days 00:00:00.722097,30.008489173999582,19.979996949249777,1.6528578755874652,Au,PRUNED
2990,-1.0,2026-03-20 04:44:02.740373,2026-03-20 04:44:03.615304,0 days 00:00:00.874931,36.27221324439904,16.66569635754909,1.5942150530400505,Au,COMPLETE
2991,0.0,2026-03-20 04:44:03.067064,2026-03-20 04:44:03.968346,0 days 00:00:00.901282,31.8385042538319,17.77572380663008,1.5790205691316404,Au,PRUNED
2992,-1.0,2026-03-20 04:44:03.262156,2026-03-20 04:44:03.866404,0 days 00:00:00.604248,31.989682182400685,18.97311681978498,1.6332615155828496,Ag,COMPLETE
2993,-1.0,2026-03-20 04:44:03.287321,2026-03-20 04:44:03.864353,0 days 00:00:00.577032,20.40807196705048,19.661299111270093,1.6697505232879248,Au,COMPLETE
2994,-1.0,2026-03-20 04:44:03.334883,2026-03-20 04:44:03.865397,0 days 00:00:00.530514,20.764905749554,19.98481358612856,1.910057576120106,Au,COMPLETE
2995,-1.0,2026-03-20 04:44:03.366025,2026-03-20 04:44:03.865397,0 days 00:00:00.499372,34.54813448427684,17.02077062427086,1.760105707048264,Au,COMPLETE
2996,4.5289855072459835,2026-03-20 04:44:03.452138,2026-03-20 04:44:04.009329,0 days 00:00:00.557191,36.313940514329104,19.64322816897767,1.5836807692795798,Ag,PRUNED
2997,-1.0,2026-03-20 04:44:03.520288,2026-03-20 04:44:04.068333,0 days 00:00:00.548045,20.103942207189885,19.594068213291816,1.6534091389089949,Au,COMPLETE
2998,-1.0,2026-03-20 04:44:03.760845,2026-03-20 04:44:04.347791,0 days 00:00:00.586946,22.880887299583744,19.950463242564425,1.842006129220078,Au,COMPLETE
2999,-1.0,2026-03-20 04:44:04.024592,2026-03-20 04:44:04.634445,0 days 00:00:00.609853,24.672447901629745,2.8235952851575243,1.5239932377767156,Cu,COMPLETE
3000,0.0,2026-03-20 04:44:04.067828,2026-03-20 04:44:04.739453,0 days 00:00:00.671625,31.479688991899827,19.883196561976177,1.8361727008065563,Au,PRUNED
3001,-1.0,2026-03-20 04:44:04.104617,2026-03-20 04:44:04.722521,0 days 00:00:00.617904,21.95792950998907,16.17633551853868,1.3101016351688477,Cu,COMPLETE
3002,0.0,2026-03-20 04:44:04.134284,2026-03-20 04:44:04.803348,0 days 00:00:00.669064,20.564157665921943,16.899974111612035,1.5680413538244677,Au,PRUNED
3003,-417.89215686268363,2026-03-20 04:44:04.187126,2026-03-20 04:44:04.940874,0 days 00:00:00.753748,20.548936071147143,19.302551215699587,1.772758426974346,Au,COMPLETE
3004,0.0,2026-03-20 04:44:04.237432,2026-03-20 04:44:04.803348,0 days 00:00:00.565916,25.898400161411697,19.978264035975688,1.6089039511919945,Au,PRUNED
3005,-1.0,2026-03-20 04:44:04.281755,2026-03-20 04:44:04.747834,0 days 00:00:00.466079,40.00989027872919,19.797036976257434,1.8613889885226973,Cu,COMPLETE
3006,0.0,2026-03-20 04:44:04.534132,2026-03-20 04:44:05.440503,0 days 00:00:00.906371,32.78014069421182,17.95389786075816,1.9996719859519934,Au,PRUNED
3007,0.0,2026-03-20 04:44:04.790183,2026-03-20 04:44:05.764595,0 days 00:00:00.974412,34.46701845875931,17.82733345170346,1.7819557837515625,Au,PRUNED
3008,-1.0,2026-03-20 04:44:04.859943,2026-03-20 04:44:05.415898,0 days 00:00:00.555955,20.588230453750562,19.748043634746274,1.8419231360014083,Au,COMPLETE
3009,-1.0,2026-03-20 04:44:04.932443,2026-03-20 04:44:05.442577,0 days 00:00:00.510134,34.674953057101945,17.08832376722009,1.9896982268951955,Au,COMPLETE
3010,-1.0,2026-03-20 04:44:04.980465,2026-03-20 04:44:05.379924,0 days 00:00:00.399459,20.848930730343348,19.598781673782433,1.763882255107093,Au,COMPLETE
3011,-1.0,2026-03-20 04:44:04.995758,2026-03-20 04:44:05.673743,0 days 00:00:00.677985,96.87766779764203,18.246400374867974,0.21347397038098714,Au,COMPLETE
3012,3.144654088050077,2026-03-20 04:44:05.006068,2026-03-20 04:44:05.596790,0 days 00:00:00.590722,31.05647631560482,14.227443053294042,1.9757671235979333,Au,PRUNED
3013,4.006410256409948,2026-03-20 04:44:05.069087,2026-03-20 04:44:05.812353,0 days 00:00:00.743266,29.17793203870192,15.315659660318989,1.9060144416339762,Au,PRUNED
3014,-7.716049382714907,2026-03-20 04:44:05.441559,2026-03-20 04:44:05.828741,0 days 00:00:00.387182,20.542643175388896,19.68758805860084,1.7159724285826021,Au,PRUNED
3015,-6.410256410255424,2026-03-20 04:44:05.543414,2026-03-20 04:44:06.193573,0 days 00:00:00.650159,20.356735245732118,19.94675841778467,1.8711120387337243,Au,PRUNED
3016,0.0,2026-03-20 04:44:05.494642,2026-03-20 04:44:06.522963,0 days 00:00:01.028321,48.88350936333141,19.431672477369947,1.968626142159463,Au,PRUNED
3017,0.0,2026-03-20 04:44:05.773736,2026-03-20 04:44:06.532186,0 days 00:00:00.758450,30.93654872503422,19.98332689613525,1.6973628685656226,Au,PRUNED
3018,-1.0,2026-03-20 04:44:05.850659,2026-03-20 04:44:06.530682,0 days 00:00:00.680023,33.60816951694449,16.73409808421029,1.988175083734146,Au,COMPLETE
3019,0.0,2026-03-20 04:44:05.860957,2026-03-20 04:44:06.524537,0 days 00:00:00.663580,48.34076570758664,18.179563442469068,1.9791641942574392,Au,PRUNED
3020,-1.0,2026-03-20 04:44:05.875119,2026-03-20 04:44:06.406595,0 days 00:00:00.531476,32.61602723100144,17.339215428855823,1.559974725744168,Au,COMPLETE
3021,-1.0,2026-03-20 04:44:05.891306,2026-03-20 04:44:06.332547,0 days 00:00:00.441241,37.44523736522997,17.51389635724548,1.7118822551170767,Au,COMPLETE
3022,-1.0,2026-03-20 04:44:05.930154,2026-03-20 04:44:06.420610,0 days 00:00:00.490456,21.45345398800083,19.847684061616633,1.7192804901996401,Au,COMPLETE
3023,-1.0,2026-03-20 04:44:06.455233,2026-03-20 04:44:06.994110,0 days 00:00:00.538877,32.02156978732297,18.282570145990626,1.997922040587059,Au,COMPLETE
3024,-1.0,2026-03-20 04:44:06.560417,2026-03-20 04:44:07.102457,0 days 00:00:00.542040,114.9952476378281,2.259352156400486,0.1044200659127622,Cu,COMPLETE
3025,0.0,2026-03-20 04:44:06.648394,2026-03-20 04:44:07.252180,0 days 00:00:00.603786,39.92328514308926,19.84127221597891,1.9856067423486563,Au,PRUNED
3026,0.0,2026-03-20 04:44:06.672725,2026-03-20 04:44:07.533160,0 days 00:00:00.860435,36.21925286976328,17.37255208042002,1.6848028971139462,Au,PRUNED
3027,0.0,2026-03-20 04:44:06.688103,2026-03-20 04:44:07.253180,0 days 00:00:00.565077,21.16127578000323,15.932573638295729,1.6942980661395766,Au,PRUNED
3028,-1.0,2026-03-20 04:44:06.727163,2026-03-20 04:44:07.437618,0 days 00:00:00.710455,21.742141111608312,19.86974028243044,1.5231112192829643,Au,COMPLETE
3029,81.48148148147907,2026-03-20 04:44:06.831751,2026-03-20 04:44:07.439134,0 days 00:00:00.607383,26.977090467257113,17.852355990872038,1.9990986931919643,Au,PRUNED
3030,0.0,2026-03-20 04:44:06.852475,2026-03-20 04:44:07.427351,0 days 00:00:00.574876,20.641970143179154,16.284483221074762,1.5744636973611075,Au,PRUNED
3031,-1.0,2026-03-20 04:44:07.209392,2026-03-20 04:44:07.765019,0 days 00:00:00.555627,36.476034442185984,16.330649538229554,1.4546769830639625,Cu,COMPLETE
3032,-0.8802816901408202,2026-03-20 04:44:07.317344,2026-03-20 04:44:08.027212,0 days 00:00:00.709868,22.730444534225974,1.048691129756861,1.7003448715183784,Ag,PRUNED
3033,-1.0,2026-03-20 04:44:07.375652,2026-03-20 04:44:07.957515,0 days 00:00:00.581863,20.28620994965542,19.840941359321555,1.5598812946678047,Au,COMPLETE
3034,-420.98765432092506,2026-03-20 04:44:07.396330,2026-03-20 04:44:07.955491,0 days 00:00:00.559161,20.35718684097889,19.440513476459095,1.7846542871661142,Au,COMPLETE
3035,-1.0,2026-03-20 04:44:07.528027,2026-03-20 04:44:07.946070,0 days 00:00:00.418043,20.061316379213498,19.405112432808483,1.651587874877504,Au,COMPLETE
3036,0.0,2026-03-20 04:44:07.587255,2026-03-20 04:44:08.047303,0 days 00:00:00.460048,35.947156478733675,19.806809524688106,1.4521349841945799,Au,PRUNED
3037,-1.0,2026-03-20 04:44:07.648944,2026-03-20 04:44:08.025168,0 days 00:00:00.376224,21.62949186419745,19.999913777419785,1.5743962394055258,Au,COMPLETE
3038,-1.0,2026-03-20 04:44:07.622482,2026-03-20 04:44:08.210795,0 days 00:00:00.588313,20.208877512031624,19.931927232075672,1.4307227290677038,Au,COMPLETE
3039,83.33333333333088,2026-03-20 04:44:07.898551,2026-03-20 04:44:09.035617,0 days 00:00:01.137066,22.182181915846613,19.89004703694672,1.8129799861962241,Au,PRUNED
3040,0.0,2026-03-20 04:44:08.098777,2026-03-20 04:44:08.982008,0 days 00:00:00.883231,20.107358967983235,17.75467804371821,1.7242029722958374,Au,PRUNED
3041,-1.0,2026-03-20 04:44:08.128855,2026-03-20 04:44:08.646023,0 days 00:00:00.517168,105.70487157741549,4.790768745695173,1.8322654426019906,Ag,COMPLETE
3042,-1.0,2026-03-20 04:44:08.063856,2026-03-20 04:44:08.644582,0 days 00:00:00.580726,21.155107032082373,15.881819139361857,1.9327063607776547,Au,COMPLETE
3043,-1.0,2026-03-20 04:44:08.172296,2026-03-20 04:44:08.740191,0 days 00:00:00.567895,48.672495517245814,15.509948843299657,1.6216724487365917,Au,COMPLETE
3044,-1.0,2026-03-20 04:44:08.220726,2026-03-20 04:44:08.710888,0 days 00:00:00.490162,32.48351840860614,17.105013754621357,1.6118221614294561,Au,COMPLETE
3045,-1.0,2026-03-20 04:44:08.287846,2026-03-20 04:44:08.832500,0 days 00:00:00.544654,21.672129008119736,17.79986043551723,1.9828467260796536,Au,COMPLETE
3046,0.0,2026-03-20 04:44:08.398804,2026-03-20 04:44:09.034617,0 days 00:00:00.635813,38.03320869425087,19.99038770961584,1.913853899567719,Au,PRUNED
3047,-1.0,2026-03-20 04:44:08.732111,2026-03-20 04:44:09.518866,0 days 00:00:00.786755,20.640094868681185,17.190846204220755,1.823037036074219,Au,COMPLETE
3048,0.0,2026-03-20 04:44:08.764472,2026-03-20 04:44:09.333207,0 days 00:00:00.568735,42.34249037810943,19.92523603591618,1.5991152203900179,Au,PRUNED
3049,-1.0,2026-03-20 04:44:08.984962,2026-03-20 04:44:09.816577,0 days 00:00:00.831615,20.901060469026255,15.369957603104368,1.8127950536173092,Cu,COMPLETE
3050,0.0,2026-03-20 04:44:09.076390,2026-03-20 04:44:09.676485,0 days 00:00:00.600095,31.441115604988973,16.938060663490646,1.623624805254216,Au,PRUNED
3051,0.0,2026-03-20 04:44:09.098179,2026-03-20 04:44:09.862928,0 days 00:00:00.764749,20.636457361974358,16.937794452867358,1.8536061272727076,Au,PRUNED
3052,0.0,2026-03-20 04:44:09.116922,2026-03-20 04:44:09.818057,0 days 00:00:00.701135,20.409396581999935,16.67421481565063,1.5440371447667043,Au,PRUNED
3053,0.0,2026-03-20 04:44:09.128703,2026-03-20 04:44:09.753387,0 days 00:00:00.624684,33.56566384996618,17.54064223733523,1.6902461572533956,Au,PRUNED
3054,0.0,2026-03-20 04:44:09.168845,2026-03-20 04:44:09.683057,0 days 00:00:00.514212,20.501773387028145,17.307950969007646,1.7424734347547248,Au,PRUNED
3055,0.0,2026-03-20 04:44:09.435571,2026-03-20 04:44:10.409890,0 days 00:00:00.974319,30.48831810181603,19.905029134863792,1.7282440271982982,Au,PRUNED
3056,0.0,2026-03-20 04:44:09.787214,2026-03-20 04:44:10.439678,0 days 00:00:00.652464,39.490593253521006,19.983420609373574,1.831745393499962,Au,PRUNED
3057,0.0,2026-03-20 04:44:09.892560,2026-03-20 04:44:10.718787,0 days 00:00:00.826227,32.389143804615486,16.84669982717898,1.407402260309404,Au,PRUNED
3058,-1.0,2026-03-20 04:44:09.927135,2026-03-20 04:44:10.407362,0 days 00:00:00.480227,20.11069922844273,17.167655413878222,1.9419547094142589,Au,COMPLETE
3059,-356.2763713079715,2026-03-20 04:44:09.958196,2026-03-20 04:44:10.494026,0 days 00:00:00.535830,20.14694749403436,18.487931388974317,1.953130844757144,Au,COMPLETE
3060,-1.0,2026-03-20 04:44:09.973152,2026-03-20 04:44:10.517096,0 days 00:00:00.543944,33.028852102546246,17.281788001933453,1.7014251878321964,Au,COMPLETE
3061,-1.0,2026-03-20 04:44:10.020931,2026-03-20 04:44:10.441183,0 days 00:00:00.420252,35.55994017464261,18.11174717781504,1.8168757211597746,Au,COMPLETE
3062,0.0,2026-03-20 04:44:10.205926,2026-03-20 04:44:10.718787,0 days 00:00:00.512861,20.236316537948934,17.083287829107363,1.6837268406401271,Au,PRUNED
3063,-1.0,2026-03-20 04:44:10.496280,2026-03-20 04:44:11.359028,0 days 00:00:00.862748,94.70286560463903,18.6728322702778,0.5909585588830417,Au,COMPLETE
3064,-1.0,2026-03-20 04:44:10.622761,2026-03-20 04:44:11.328870,0 days 00:00:00.706109,103.14446866704486,4.8610180258823945,1.3457868052568958,Cu,COMPLETE
3065,-1.0,2026-03-20 04:44:10.603155,2026-03-20 04:44:11.390550,0 days 00:00:00.787395,21.14076377213312,19.75809529059347,1.5063472343980302,Au,COMPLETE
3066,-6.172839506171925,2026-03-20 04:44:10.753525,2026-03-20 04:44:11.530873,0 days 00:00:00.777348,20.748029602502882,19.823361545479866,1.6747781467235983,Au,PRUNED
3067,-368.4640522875337,2026-03-20 04:44:10.785372,2026-03-20 04:44:11.533378,0 days 00:00:00.748006,20.483429577635942,18.607317794296097,1.7070797598061056,Au,COMPLETE
3068,-1.0,2026-03-20 04:44:10.824591,2026-03-20 04:44:11.342388,0 days 00:00:00.517797,21.24986223650436,19.960515955998574,1.4263915162088494,Au,COMPLETE
3069,-1.0,2026-03-20 04:44:10.846268,2026-03-20 04:44:11.328870,0 days 00:00:00.482602,22.786828051288026,19.974701315196423,1.6380866603962838,Au,COMPLETE
3070,-6.410256410255424,2026-03-20 04:44:10.885329,2026-03-20 04:44:11.290783,0 days 00:00:00.405454,20.90336882546988,19.92161410367442,1.503801882107859,Au,PRUNED
3071,-1.4988009592325708,2026-03-20 04:44:11.434742,2026-03-20 04:44:12.386226,0 days 00:00:00.951484,20.573157232262076,19.92294213557158,1.283011304026309,Ag,PRUNED
3072,0.0,2026-03-20 04:44:11.471707,2026-03-20 04:44:12.231108,0 days 00:00:00.759401,21.198113571315893,16.607989546780335,1.4268202164707824,Au,PRUNED
3073,-1.0,2026-03-20 04:44:11.501396,2026-03-20 04:44:12.054623,0 days 00:00:00.553227,33.592307915427625,17.46424654072979,1.5491984558414145,Au,COMPLETE
3074,-1.0,2026-03-20 04:44:11.565782,2026-03-20 04:44:12.141718,0 days 00:00:00.575936,36.2044965334816,19.851966351066626,1.460118604979198,Au,COMPLETE
3075,-341.71747967475505,2026-03-20 04:44:11.580605,2026-03-20 04:44:12.210411,0 days 00:00:00.629806,20.073286429101582,18.260192227751023,1.974016242604006,Au,COMPLETE
3076,-21.551724137928062,2026-03-20 04:44:11.594482,2026-03-20 04:44:12.449999,0 days 00:00:00.855517,27.920509709789297,19.843495567754484,1.411395770819566,Ag,PRUNED
3077,0.0,2026-03-20 04:44:11.609212,2026-03-20 04:44:12.307558,0 days 00:00:00.698346,31.49454323328522,16.862487186002795,1.4252073437411226,Au,PRUNED
3078,-1.0,2026-03-20 04:44:11.806525,2026-03-20 04:44:12.260051,0 days 00:00:00.453526,20.38768155823656,13.796119781589894,1.9726198171197376,Au,COMPLETE
3079,-1.0,2026-03-20 04:44:12.279296,2026-03-20 04:44:12.940914,0 days 00:00:00.661618,23.76565618409048,19.97678742398106,1.9868896411542725,Au,COMPLETE
3080,0.0,2026-03-20 04:44:12.339421,2026-03-20 04:44:13.168101,0 days 00:00:00.828680,38.29748102897156,19.94685252013911,1.6878577610524155,Au,PRUNED
3081,-1.0,2026-03-20 04:44:12.358960,2026-03-20 04:44:12.872020,0 days 00:00:00.513060,21.158333143069346,19.82551560056657,1.8228675377628496,Au,COMPLETE
3082,0.0,2026-03-20 04:44:12.405381,2026-03-20 04:44:13.150598,0 days 00:00:00.745217,31.6298932279646,17.66272126601774,1.4337497097462837,Au,PRUNED
3083,-1.0,2026-03-20 04:44:12.491039,2026-03-20 04:44:12.974877,0 days 00:00:00.483838,35.15295612566725,17.907919232104597,1.6845293088782995,Au,COMPLETE
3084,0.0,2026-03-20 04:44:12.513509,2026-03-20 04:44:13.020882,0 days 00:00:00.507373,34.230829651668124,17.507136874383477,1.7864174413891554,Au,PRUNED
3085,0.0,2026-03-20 04:44:12.559015,2026-03-20 04:44:13.051193,0 days 00:00:00.492178,33.39108794226615,17.316800906632245,1.7465353848321306,Au,PRUNED
3086,-6.172839506171925,2026-03-20 04:44:12.592521,2026-03-20 04:44:13.212411,0 days 00:00:00.619890,20.644863053528333,19.85642618787481,1.8626485147923155,Au,PRUNED
3087,0.0,2026-03-20 04:44:13.030090,2026-03-20 04:44:13.709633,0 days 00:00:00.679543,20.215633819110614,17.384152120001392,1.372582387124459,Au,PRUNED
3088,-4.166666666666111,2026-03-20 04:44:13.109279,2026-03-20 04:44:13.943504,0 days 00:00:00.834225,31.046571159291666,19.2884739333699,1.9995780634508182,Ag,PRUNED
3089,-1.0,2026-03-20 04:44:13.134440,2026-03-20 04:44:13.696545,0 days 00:00:00.562105,37.9519630431196,19.85591533681099,1.5033429008494794,Au,COMPLETE
3090,-1.0,2026-03-20 04:44:13.186190,2026-03-20 04:44:13.694262,0 days 00:00:00.508072,20.782870144481418,19.962174605291256,1.4365066831386823,Au,COMPLETE
3091,-1.0,2026-03-20 04:44:13.200758,2026-03-20 04:44:13.788272,0 days 00:00:00.587514,21.64014838936206,19.734224993921746,1.8228284681167295,Au,COMPLETE
3092,0.0,2026-03-20 04:44:13.215416,2026-03-20 04:44:13.924598,0 days 00:00:00.709182,20.50421785914187,16.76591077088557,1.577762350791125,Au,PRUNED
3093,-1.1990407673860566,2026-03-20 04:44:13.306002,2026-03-20 04:44:13.920987,0 days 00:00:00.614985,20.003419063627696,19.409032462132345,1.7214378656158993,Ag,PRUNED
3094,0.0,2026-03-20 04:44:13.343769,2026-03-20 04:44:13.925597,0 days 00:00:00.581828,44.215754381033165,17.87454526355203,1.4328735984475458,Au,PRUNED
3095,0.0,2026-03-20 04:44:13.850087,2026-03-20 04:44:14.688357,0 days 00:00:00.838270,34.01597413718004,17.3095626685926,1.6716084314924915,Au,PRUNED
3096,0.0,2026-03-20 04:44:13.878270,2026-03-20 04:44:14.554278,0 days 00:00:00.676008,21.071922038943317,14.387421956254524,1.5610995894956488,Au,PRUNED
3097,-1.0,2026-03-20 04:44:14.006319,2026-03-20 04:44:14.552173,0 days 00:00:00.545854,33.63447075940376,17.12888610143411,1.651101141276745,Au,COMPLETE
3098,-1.0,2026-03-20 04:44:14.049339,2026-03-20 04:44:14.580444,0 days 00:00:00.531105,20.024217347311804,19.455857271932892,1.6865457262919223,Au,COMPLETE
3099,0.0,2026-03-20 04:44:14.070969,2026-03-20 04:44:14.866282,0 days 00:00:00.795313,38.76854048389054,19.76100225167541,1.435684034373767,Au,PRUNED
3100,0.0,2026-03-20 04:44:14.086978,2026-03-20 04:44:14.803408,0 days 00:00:00.716430,30.861703718201753,17.00378742237573,1.6010349028824962,Au,PRUNED
3101,-1.0,2026-03-20 04:44:14.124744,2026-03-20 04:44:14.687359,0 days 00:00:00.562615,20.156952900376595,17.07030134502326,1.5232343763796612,Au,COMPLETE
3102,-1.0,2026-03-20 04:44:14.165059,2026-03-20 04:44:14.652631,0 days 00:00:00.487572,20.747455900519988,17.493524036999716,1.4113228740052235,Au,COMPLETE
3103,0.0,2026-03-20 04:44:14.753218,2026-03-20 04:44:15.444437,0 days 00:00:00.691219,33.887885329116024,19.700117788315715,1.3353640197771233,Au,PRUNED
3104,0.0,2026-03-20 04:44:14.774044,2026-03-20 04:44:15.507428,0 days 00:00:00.733384,41.421920853926,19.79226204231661,1.551165599509196,Au,PRUNED
3105,-1.0,2026-03-20 04:44:14.836558,2026-03-20 04:44:15.414989,0 days 00:00:00.578431,50.144368976967264,17.583391463581126,1.5636775036926436,Au,COMPLETE
3106,-1.0,2026-03-20 04:44:14.853209,2026-03-20 04:44:15.366783,0 days 00:00:00.513574,31.37059247291358,19.75249957893239,1.501049519879042,Au,COMPLETE
3107,-417.58578431366413,2026-03-20 04:44:14.866282,2026-03-20 04:44:15.506956,0 days 00:00:00.640674,20.358669794461925,19.396015584365383,1.7145444948749502,Au,COMPLETE
3108,-1.0,2026-03-20 04:44:14.946242,2026-03-20 04:44:15.417000,0 days 00:00:00.470758,21.247838248886453,17.600324247858115,1.6178424409851113,Cu,COMPLETE
3109,-1.0,2026-03-20 04:44:14.981017,2026-03-20 04:44:15.554833,0 days 00:00:00.573816,50.95211968425255,19.865563367861167,1.609055261441653,Au,COMPLETE
3110,-1.0,2026-03-20 04:44:15.120889,2026-03-20 04:44:15.862184,0 days 00:00:00.741295,34.13581935636998,17.11124695279874,1.5463651703959116,Au,COMPLETE
3111,-431.1868686868024,2026-03-20 04:44:15.467825,2026-03-20 04:44:16.131623,0 days 00:00:00.663798,20.242537712656063,19.73260758781686,1.7272792790369718,Au,COMPLETE
3112,-1.0,2026-03-20 04:44:15.518612,2026-03-20 04:44:16.100654,0 days 00:00:00.582042,20.321367119582163,16.692730879088636,1.716103631506705,Au,COMPLETE
3113,0.0,2026-03-20 04:44:15.584705,2026-03-20 04:44:16.432071,0 days 00:00:00.847366,40.02522162001899,19.074301858882905,1.700236836608887,Cu,PRUNED
3114,-1.0,2026-03-20 04:44:15.647895,2026-03-20 04:44:16.228159,0 days 00:00:00.580264,20.210331164132278,19.494554919001907,1.967343384895343,Au,COMPLETE
3115,0.0,2026-03-20 04:44:15.686688,2026-03-20 04:44:16.452280,0 days 00:00:00.765592,33.198469765932735,17.870610434253493,1.6872015947131747,Au,PRUNED
3116,-1.0,2026-03-20 04:44:15.762193,2026-03-20 04:44:16.209283,0 days 00:00:00.447090,32.02779846952484,18.030616532976538,1.7340257253180198,Au,COMPLETE
3117,-1.0,2026-03-20 04:44:15.809557,2026-03-20 04:44:16.310994,0 days 00:00:00.501437,31.7412418372438,19.878473621538934,1.3422787170109687,Au,COMPLETE
3118,-1.0,2026-03-20 04:44:16.035961,2026-03-20 04:44:16.257133,0 days 00:00:00.221172,33.401419616968006,18.987027889534065,1.7142630168941588,Cu,COMPLETE
3119,-8.01282051281928,2026-03-20 04:44:16.326255,2026-03-20 04:44:17.044286,0 days 00:00:00.718031,20.553285718764247,19.831640740163696,1.6856688155790487,Au,PRUNED
3120,-1.0,2026-03-20 04:44:16.342345,2026-03-20 04:44:16.906782,0 days 00:00:00.564437,20.626885465025715,19.96374335623925,1.50010175757307,Au,COMPLETE
3121,0.0,2026-03-20 04:44:16.451092,2026-03-20 04:44:17.291197,0 days 00:00:00.840105,32.48915786250153,19.95956479058677,1.417681503137676,Au,PRUNED
3122,-1.0,2026-03-20 04:44:16.495166,2026-03-20 04:44:17.123128,0 days 00:00:00.627962,21.08251295059284,19.995033140120533,1.6951091551082569,Au,COMPLETE
3123,-1.0,2026-03-20 04:44:16.510517,2026-03-20 04:44:17.011906,0 days 00:00:00.501389,31.917074337934164,19.971169292639694,1.7190033780610878,Au,COMPLETE
3124,0.0,2026-03-20 04:44:16.587378,2026-03-20 04:44:17.137693,0 days 00:00:00.550315,32.57875849762193,19.607463191527085,1.988113452296021,Au,PRUNED
3125,0.0,2026-03-20 04:44:16.641344,2026-03-20 04:44:17.311440,0 days 00:00:00.670096,40.161662005099444,19.7153942037282,1.938857993978741,Au,PRUNED
3126,-1.0,2026-03-20 04:44:16.815124,2026-03-20 04:44:17.115228,0 days 00:00:00.300104,29.659796305117272,17.46952305388229,1.7279609189844136,Au,COMPLETE
3127,-1.0,2026-03-20 04:44:17.009233,2026-03-20 04:44:17.492801,0 days 00:00:00.483568,27.806101405492985,19.945465109264315,1.6487807047011667,Au,COMPLETE
3128,-1.0,2026-03-20 04:44:17.188496,2026-03-20 04:44:17.758161,0 days 00:00:00.569665,58.73541073616642,8.325634905152064,1.0570187418510546,Au,COMPLETE
3129,0.0,2026-03-20 04:44:17.253276,2026-03-20 04:44:17.962037,0 days 00:00:00.708761,34.01179831922699,18.63191600532986,1.775697667258705,Au,PRUNED
3130,-17.59259259259103,2026-03-20 04:44:17.271033,2026-03-20 04:44:18.010421,0 days 00:00:00.739388,80.71120535389872,13.59628582950668,1.2815254628468142,Ag,PRUNED
3131,-1.0,2026-03-20 04:44:17.299153,2026-03-20 04:44:17.846420,0 days 00:00:00.547267,21.979927513933625,19.989396431094125,1.9490142480607575,Au,COMPLETE
3132,-1.0,2026-03-20 04:44:17.335509,2026-03-20 04:44:17.773911,0 days 00:00:00.438402,34.79734355378439,17.15176809799919,1.8985186836091945,Au,COMPLETE
3133,-7.716049382714907,2026-03-20 04:44:17.359130,2026-03-20 04:44:18.034865,0 days 00:00:00.675735,20.62812116641325,19.702117022936843,1.7936151619734821,Au,PRUNED
3134,-1.0,2026-03-20 04:44:17.451697,2026-03-20 04:44:17.860733,0 days 00:00:00.409036,20.10549521248559,15.637502211461491,1.7482750442621895,Au,COMPLETE
3135,0.0,2026-03-20 04:44:17.665920,2026-03-20 04:44:18.323625,0 days 00:00:00.657705,35.18837225560574,19.811615071399956,1.7840603670703774,Au,PRUNED
3136,-1.0,2026-03-20 04:44:17.912142,2026-03-20 04:44:18.673226,0 days 00:00:00.761084,20.345244742433987,19.86186283779484,1.511800903520992,Au,COMPLETE
3137,0.0,2026-03-20 04:44:17.940534,2026-03-20 04:44:18.830018,0 days 00:00:00.889484,34.77761556231637,17.08769374284568,1.4004282079709633,Au,PRUNED
3138,-1.0,2026-03-20 04:44:17.991031,2026-03-20 04:44:18.599990,0 days 00:00:00.608959,34.132408499387864,15.663371083017617,1.5274942059222045,Au,COMPLETE
3139,-1.0,2026-03-20 04:44:18.012932,2026-03-20 04:44:18.704372,0 days 00:00:00.691440,32.90176096260508,19.984839660786285,1.5386635521796654,Au,COMPLETE
3140,4.166666666666111,2026-03-20 04:44:18.073400,2026-03-20 04:44:18.863048,0 days 00:00:00.789648,22.417191636117124,19.844796429537567,1.4105600304196666,Au,PRUNED
3141,0.0,2026-03-20 04:44:18.141410,2026-03-20 04:44:18.882448,0 days 00:00:00.741038,20.57526949037111,17.938944037438088,1.3424196301052564,Au,PRUNED
3142,76.5931372548997,2026-03-20 04:44:18.170897,2026-03-20 04:44:18.797929,0 days 00:00:00.627032,38.483192377164976,14.32608782115179,1.718177741536162,Au,PRUNED
3143,-1.0,2026-03-20 04:44:18.370804,2026-03-20 04:44:18.746359,0 days 00:00:00.375555,32.22684718794272,19.960889022741707,1.4935590929046536,Au,COMPLETE
3144,-10.71428571428449,2026-03-20 04:44:18.849988,2026-03-20 04:44:19.799042,0 days 00:00:00.949054,20.650437803853386,19.84954808923541,1.739272376013409,Cu,PRUNED
3145,-1.0,2026-03-20 04:44:18.880942,2026-03-20 04:44:19.532807,0 days 00:00:00.651865,119.96317954587998,1.979687614586819,1.793390808331249,Ag,COMPLETE
3146,82.71604938271359,2026-03-20 04:44:18.896279,2026-03-20 04:44:19.814096,0 days 00:00:00.917817,23.922182659297594,19.98291004291073,1.7592229727306186,Au,PRUNED
3147,-1.0,2026-03-20 04:44:18.943762,2026-03-20 04:44:19.413107,0 days 00:00:00.469345,20.21068771289112,18.758253611653757,1.9657064693723738,Cu,COMPLETE
3148,-307.87037037033616,2026-03-20 04:44:18.978621,2026-03-20 04:44:19.664944,0 days 00:00:00.686323,21.157039286656,16.92275942252545,1.8665383193401595,Au,PRUNED
3149,0.0,2026-03-20 04:44:18.988424,2026-03-20 04:44:19.740266,0 days 00:00:00.751842,20.15734619610883,17.390289820366732,1.331206965402545,Au,PRUNED
3150,-1.0,2026-03-20 04:44:19.004239,2026-03-20 04:44:19.519089,0 days 00:00:00.514850,20.00577095865432,17.737888810519884,1.934013076064653,Au,COMPLETE
3151,-424.129353233768,2026-03-20 04:44:19.066274,2026-03-20 04:44:19.774004,0 days 00:00:00.707730,20.114048321573108,19.842813424629977,1.4846527850030984,Au,COMPLETE
3152,-1.0,2026-03-20 04:44:19.709297,2026-03-20 04:44:19.896283,0 days 00:00:00.186986,21.531358430202573,19.8038279114382,1.6730579599515234,Au,COMPLETE
