number,value,datetime_start,datetime_complete,duration,params_D2_nm,params_D3_nm,params_D4_nm,params_metal,state
0,0.0,2025-11-13 12:25:34.241048,2025-11-13 12:25:38.718323,0 days 00:00:04.477275,119.99018837026208,18.259653268002275,1.0870691912346175,Cu,COMPLETE
1,-20.461309523805895,2025-11-13 12:25:34.269357,2025-11-13 12:25:38.849221,0 days 00:00:04.579864,85.1646542081692,6.914827566304099,0.9742322707163492,Ag,COMPLETE
2,-25.84388185653363,2025-11-13 12:25:34.241048,2025-11-13 12:25:38.718323,0 days 00:00:04.477275,79.8547655036709,3.7238117783040066,1.7479800605051563,Ag,COMPLETE
3,54.39814814814663,2025-11-13 12:25:34.297416,2025-11-13 12:25:38.765291,0 days 00:00:04.467875,47.63551681487391,16.46262252763266,0.35966859172988297,Cu,COMPLETE
4,1.0883084577114266,2025-11-13 12:25:34.331260,2025-11-13 12:25:38.858184,0 days 00:00:04.526924,64.8258087977377,17.721264611593803,0.7163389133597076,Ag,COMPLETE
5,18.61001317523027,2025-11-13 12:25:34.358153,2025-11-13 12:25:38.772663,0 days 00:00:04.414510,92.77954329484734,8.447670544598248,0.43720824574552475,Au,COMPLETE
6,-13.005780346819277,2025-11-13 12:25:34.367714,2025-11-13 12:25:38.805869,0 days 00:00:04.438155,26.904220662719386,18.069674180826816,0.3140397309162333,Cu,COMPLETE
7,26.399491094147184,2025-11-13 12:25:34.395459,2025-11-13 12:25:38.948271,0 days 00:00:04.552812,65.40326670646525,10.37711331176005,0.4874367834960027,Au,COMPLETE
8,-17.105263157892892,2025-11-13 12:25:38.789048,2025-11-13 12:25:39.124969,0 days 00:00:00.335921,85.16631339248843,12.207221607496626,0.8901417263299986,Ag,COMPLETE
9,-2.0693041526374434,2025-11-13 12:25:38.772341,2025-11-13 12:25:39.136993,0 days 00:00:00.364652,90.42788360499075,3.538429992651332,0.6681311772867293,Cu,COMPLETE
10,-1.4844804318488287,2025-11-13 12:25:39.096474,2025-11-13 12:25:39.431010,0 days 00:00:00.334536,118.20027027562281,0.6382684628369262,1.8826011059664056,Ag,COMPLETE
11,-1.5206812652067905,2025-11-13 12:25:39.180698,2025-11-13 12:25:39.631958,0 days 00:00:00.451260,116.42042183037555,1.3594507267334883,1.7769611647113388,Ag,COMPLETE
12,-1.5169902912621185,2025-11-13 12:25:39.203415,2025-11-13 12:25:39.649252,0 days 00:00:00.445837,118.65125757717982,1.4170426069964037,1.8772738932064925,Ag,COMPLETE
13,-26.74897119340891,2025-11-13 12:25:39.227577,2025-11-13 12:25:39.696924,0 days 00:00:00.469347,78.021089892032,5.725055388162296,1.3760089386703607,Ag,COMPLETE
14,-26.289682539676246,2025-11-13 12:25:39.248760,2025-11-13 12:25:39.702557,0 days 00:00:00.453797,78.98097055305482,5.855211368986092,1.332128816432587,Ag,COMPLETE
15,-26.66666666665953,2025-11-13 12:25:39.397773,2025-11-13 12:25:39.883469,0 days 00:00:00.485696,49.950046626594606,4.399378164435335,1.4237851456014943,Ag,COMPLETE
16,-25.49019607842531,2025-11-13 12:25:39.448207,2025-11-13 12:25:40.182687,0 days 00:00:00.734480,50.243919311218875,5.955659651498192,1.364200389331444,Ag,COMPLETE
17,-26.422764227635877,2025-11-13 12:25:39.486059,2025-11-13 12:25:40.062735,0 days 00:00:00.576676,51.97226710645124,5.829382650950035,1.4704984570652033,Ag,COMPLETE
18,0.0,2025-11-13 12:25:39.668171,2025-11-13 12:25:40.449449,0 days 00:00:00.781278,44.77438386499288,13.8971611529764,1.4589851662871371,Au,COMPLETE
19,-5.383895131085549,2025-11-13 12:25:39.916130,2025-11-13 12:25:40.434478,0 days 00:00:00.518348,30.02798226953483,13.442660687794977,1.62994449414952,Au,COMPLETE
20,-17.379679144383193,2025-11-13 12:25:39.966247,2025-11-13 12:25:40.497063,0 days 00:00:00.530816,30.060669935374246,11.915733273890254,1.3510461281936659,Au,COMPLETE
21,-7.022471910111609,2025-11-13 12:25:39.966247,2025-11-13 12:25:40.462604,0 days 00:00:00.496357,31.279888379384296,12.950977159778981,1.443413516504532,Au,COMPLETE
22,-187.06293706292405,2025-11-13 12:25:40.031398,2025-11-13 12:25:40.453605,0 days 00:00:00.422207,24.43283124108465,13.543175931956924,1.6151183753813054,Au,COMPLETE
23,2.4509803921566706,2025-11-13 12:25:40.078277,2025-11-13 12:25:40.559683,0 days 00:00:00.481406,32.00244868212165,13.73205095054689,1.5789367915165804,Au,COMPLETE
24,-15.773809523807282,2025-11-13 12:25:40.559683,2025-11-13 12:25:41.042773,0 days 00:00:00.483090,40.0809254547943,8.317448959963851,1.192515685346985,Ag,COMPLETE
25,-0.8865248226950103,2025-11-13 12:25:40.528436,2025-11-13 12:25:41.135843,0 days 00:00:00.607407,20.389044587646712,8.896840898535089,1.1687543175507051,Ag,COMPLETE
26,-25.67340067339563,2025-11-13 12:25:40.666110,2025-11-13 12:25:41.182884,0 days 00:00:00.516774,55.75066497197122,9.117953206069867,1.184604756635008,Ag,COMPLETE
27,-26.881720430101765,2025-11-13 12:25:40.697391,2025-11-13 12:25:41.135843,0 days 00:00:00.438452,57.75284279568161,8.871885846693438,1.1108167868751921,Ag,COMPLETE
28,-0.7122507122507,2025-11-13 12:25:40.728382,2025-11-13 12:25:41.514928,0 days 00:00:00.786546,71.94479457216019,16.02636286405382,0.8564037082700229,Au,COMPLETE
29,-2.098816405174759,2025-11-13 12:25:40.733442,2025-11-13 12:25:41.088593,0 days 00:00:00.355151,102.29307715957233,8.94578495411798,1.157986030423819,Ag,COMPLETE
30,-1.6401451702958991,2025-11-13 12:25:40.803163,2025-11-13 12:25:41.230407,0 days 00:00:00.427244,103.66846749087219,3.525363802623294,1.170235336112835,Ag,COMPLETE
31,-0.8300132802124702,2025-11-13 12:25:41.057287,2025-11-13 12:25:41.530575,0 days 00:00:00.473288,70.6884712345185,15.420999069201105,0.15650415482378066,Cu,COMPLETE
32,-28.846153846146578,2025-11-13 12:25:41.365978,2025-11-13 12:25:41.904034,0 days 00:00:00.538056,57.40783439182732,7.229625543205202,1.0155142485610407,Ag,COMPLETE
33,24.088541666666295,2025-11-13 12:25:41.432669,2025-11-13 12:25:41.997322,0 days 00:00:00.564653,56.58238648085221,19.63932572416798,1.6481877684974564,Ag,COMPLETE
34,-30.251141552503118,2025-11-13 12:25:41.470463,2025-11-13 12:25:41.793925,0 days 00:00:00.323462,60.70508597647013,6.986057494168386,1.018510207423254,Ag,COMPLETE
35,-26.09034267912293,2025-11-13 12:25:41.482698,2025-11-13 12:25:42.248964,0 days 00:00:00.766266,63.524755210253886,10.496978301446823,1.0474873332622021,Ag,COMPLETE
36,-25.81521739129862,2025-11-13 12:25:41.547723,2025-11-13 12:25:42.248964,0 days 00:00:00.701241,58.281764403182855,6.81813309179894,1.997129180945695,Ag,COMPLETE
37,-26.515151515145487,2025-11-13 12:25:41.563445,2025-11-13 12:25:42.169288,0 days 00:00:00.605843,59.26202106996297,7.236592760913195,1.5974968416147677,Ag,COMPLETE
38,-8.917589175891129,2025-11-13 12:25:41.778215,2025-11-13 12:25:42.446242,0 days 00:00:00.668027,60.21420359848342,10.56398602156951,1.0145599953580575,Cu,COMPLETE
39,-12.51584283903581,2025-11-13 12:25:42.329023,2025-11-13 12:25:42.767667,0 days 00:00:00.438644,42.89301306403337,11.302459444328932,0.7360138340169469,Cu,COMPLETE
40,-3.984063745019602,2025-11-13 12:25:42.344638,2025-11-13 12:25:42.952285,0 days 00:00:00.607647,38.46957281054105,11.608790296244756,0.7429692728247451,Au,COMPLETE
41,2.358490566037558,2025-11-13 12:25:42.344638,2025-11-13 12:25:42.952285,0 days 00:00:00.607647,42.306967000158785,11.65357041062293,0.9369613959959786,Au,COMPLETE
42,-12.254901960783414,2025-11-13 12:25:42.415424,2025-11-13 12:25:42.858613,0 days 00:00:00.443189,40.04844843022342,7.41479730468242,0.7856318605355657,Au,COMPLETE
43,-35.81871345027982,2025-11-13 12:25:42.532034,2025-11-13 12:25:43.303449,0 days 00:00:00.771415,75.60230077132316,4.851276267185592,0.6109781800869742,Ag,COMPLETE
44,-32.051282051272224,2025-11-13 12:25:42.565053,2025-11-13 12:25:43.196306,0 days 00:00:00.631253,77.48766514756952,4.777617739027296,0.9576302776888345,Ag,COMPLETE
45,-7.864792503346103,2025-11-13 12:25:42.597696,2025-11-13 12:25:43.132519,0 days 00:00:00.534823,37.00661919989837,11.551890712305896,0.7263664257398248,Au,COMPLETE
46,-33.46994535518047,2025-11-13 12:25:42.767667,2025-11-13 12:25:43.285352,0 days 00:00:00.517685,77.72222736788942,5.113676444548252,0.6001122206594177,Ag,COMPLETE
47,-14.388489208631016,2025-11-13 12:25:43.166956,2025-11-13 12:25:43.531995,0 days 00:00:00.365039,90.12436227271435,4.687886942555261,0.594041580745136,Ag,COMPLETE
48,-22.940074906361872,2025-11-13 12:25:43.198474,2025-11-13 12:25:43.864311,0 days 00:00:00.665837,86.35965794526466,4.860522409418823,0.5971341454970329,Ag,COMPLETE
49,-28.40909090908219,2025-11-13 12:25:43.245355,2025-11-13 12:25:43.732209,0 days 00:00:00.486854,85.47560990327904,2.3873526128486784,0.5722507645918967,Ag,COMPLETE
50,-27.777777777770062,2025-11-13 12:25:43.303449,2025-11-13 12:25:43.879916,0 days 00:00:00.576467,83.94356132521717,4.496271895353421,0.5649046156824075,Ag,COMPLETE
51,-40.76086956519973,2025-11-13 12:25:43.401514,2025-11-13 12:25:43.995355,0 days 00:00:00.593841,74.62928218429319,2.789557206880767,0.5762239917907681,Ag,COMPLETE
52,-39.85507246375091,2025-11-13 12:25:43.430271,2025-11-13 12:25:43.813762,0 days 00:00:00.383491,75.95554567695609,2.416813258733296,0.5981293069625908,Ag,COMPLETE
53,-11.84433164128474,2025-11-13 12:25:43.570719,2025-11-13 12:25:44.138939,0 days 00:00:00.568220,75.54571570771702,2.8361199224575047,0.41282181600342427,Cu,COMPLETE
54,-41.66666666664841,2025-11-13 12:25:43.631471,2025-11-13 12:25:44.182718,0 days 00:00:00.551247,75.95870427662842,2.7364143665953593,0.3878791499897264,Ag,COMPLETE
55,-42.635658914708635,2025-11-13 12:25:43.780366,2025-11-13 12:25:44.164819,0 days 00:00:00.384453,74.87136181280563,2.5139508686093297,0.34406729286316146,Ag,COMPLETE
56,-44.71544715444965,2025-11-13 12:25:44.113684,2025-11-13 12:25:44.782067,0 days 00:00:00.668383,73.8568083863593,2.672732036788695,0.2445798521544452,Ag,COMPLETE
57,-49.99999999997152,2025-11-13 12:25:44.134724,2025-11-13 12:25:44.526864,0 days 00:00:00.392140,66.83361832802885,0.5214937463025124,0.3176207036294908,Ag,COMPLETE
58,-48.42342342339707,2025-11-13 12:25:44.247631,2025-11-13 12:25:44.511320,0 days 00:00:00.263689,72.38936015598301,1.7787091615987265,0.12572597592899437,Ag,COMPLETE
59,-50.24509803918625,2025-11-13 12:25:44.263175,2025-11-13 12:25:44.748613,0 days 00:00:00.485438,66.92813763641847,0.5491193096542517,0.2622199413362546,Ag,COMPLETE
60,-49.999999999971564,2025-11-13 12:25:44.315926,2025-11-13 12:25:44.894111,0 days 00:00:00.578185,67.56907663034877,0.9358155933597792,0.2459198846872715,Ag,COMPLETE
61,-50.24509803918625,2025-11-13 12:25:44.315926,2025-11-13 12:25:44.798045,0 days 00:00:00.482119,68.25654625462703,0.5819313730950508,0.25509596188725536,Ag,COMPLETE
62,-50.24509803918625,2025-11-13 12:25:44.526864,2025-11-13 12:25:45.143334,0 days 00:00:00.616470,66.64357666267813,0.5767477134228169,0.2458742304574124,Ag,COMPLETE
63,-51.47058823526383,2025-11-13 12:25:44.633849,2025-11-13 12:25:45.152551,0 days 00:00:00.518702,66.47725613733888,0.6672962286695624,0.22948918927379003,Ag,COMPLETE
64,-51.47058823526383,2025-11-13 12:25:44.816068,2025-11-13 12:25:45.121123,0 days 00:00:00.305055,68.43830667621671,0.6150330312700818,0.24055662523725296,Ag,COMPLETE
65,-51.47058823526388,2025-11-13 12:25:44.862879,2025-11-13 12:25:45.449928,0 days 00:00:00.587049,64.85136670103391,0.5646712849553035,0.23842083475822123,Ag,COMPLETE
66,-18.82716049382434,2025-11-13 12:25:45.050229,2025-11-13 12:25:45.449928,0 days 00:00:00.399699,66.17438788872349,1.2154625836382793,0.2279845674539864,Au,COMPLETE
67,-18.82716049382434,2025-11-13 12:25:45.090543,2025-11-13 12:25:45.481982,0 days 00:00:00.391439,67.52558242044,1.2300065974197256,0.23870839774984062,Au,COMPLETE
68,-38.94927536230185,2025-11-13 12:25:45.198513,2025-11-13 12:25:45.632995,0 days 00:00:00.434482,54.135606913684605,1.8168717205096279,0.46634651511254777,Ag,COMPLETE
69,-18.967661691539455,2025-11-13 12:25:45.154612,2025-11-13 12:25:45.824990,0 days 00:00:00.670378,67.68250170773301,1.1600908305937256,0.2026287642249142,Au,COMPLETE
70,-39.81481481479711,2025-11-13 12:25:45.316956,2025-11-13 12:25:45.778200,0 days 00:00:00.461244,52.348613629600386,1.7108125561133638,0.18823216230280104,Ag,COMPLETE
71,-15.25821596243915,2025-11-13 12:25:45.425471,2025-11-13 12:25:45.900343,0 days 00:00:00.474872,63.49928680132776,1.8482725201500387,0.15813645160359457,Cu,COMPLETE
72,-49.99999999997149,2025-11-13 12:25:45.610311,2025-11-13 12:25:46.047900,0 days 00:00:00.437589,63.64867176058097,0.6585487195331166,0.27515259959916166,Ag,COMPLETE
73,-51.47058823526383,2025-11-13 12:25:45.746943,2025-11-13 12:25:46.198007,0 days 00:00:00.451064,70.17585350130858,0.5829714723066178,0.29206223540231563,Ag,COMPLETE
74,-34.72222222220921,2025-11-13 12:25:45.824990,2025-11-13 12:25:46.314407,0 days 00:00:00.489417,81.30863423148892,3.656942204148538,0.2892852957889251,Ag,COMPLETE
75,-50.24509803918625,2025-11-13 12:25:45.947790,2025-11-13 12:25:46.314407,0 days 00:00:00.366617,69.25767135043588,0.5139077550122613,0.28377171067434515,Ag,COMPLETE
76,-30.36723163840784,2025-11-13 12:25:46.165216,2025-11-13 12:25:46.748944,0 days 00:00:00.583728,46.928621777831374,2.0289703927299994,0.5103458532848572,Ag,COMPLETE
77,-26.701877934268587,2025-11-13 12:25:46.237470,2025-11-13 12:25:47.020472,0 days 00:00:00.783002,61.73241763947076,14.741180445049633,0.11953147231799505,Ag,COMPLETE
78,-44.715447154449805,2025-11-13 12:25:46.198007,2025-11-13 12:25:46.799009,0 days 00:00:00.601002,70.48371244530287,3.2619117379169453,0.10042287513997983,Ag,COMPLETE
79,-130.35714285713357,2025-11-13 12:25:46.262737,2025-11-13 12:25:46.782825,0 days 00:00:00.520088,24.13247536137964,17.435903833132212,0.10150819602867242,Ag,COMPLETE
80,-1.1150234741783764,2025-11-13 12:25:46.331155,2025-11-13 12:25:47.312193,0 days 00:00:00.981038,22.17879231218746,3.273920359378985,0.1251919904026903,Ag,COMPLETE
81,-0.8992805755395424,2025-11-13 12:25:46.589176,2025-11-13 12:25:47.633414,0 days 00:00:01.044238,21.867402389795423,18.738441665647947,0.3426739108716452,Ag,COMPLETE
82,-14.79076479076353,2025-11-13 12:25:46.743879,2025-11-13 12:25:47.422325,0 days 00:00:00.678446,33.8524845312881,16.845317724963476,0.43790704972469385,Ag,COMPLETE
83,-0.8928571428571173,2025-11-13 12:25:47.036240,2025-11-13 12:25:47.437801,0 days 00:00:00.401561,20.260152641467826,16.689428918795866,0.36732022377287266,Ag,COMPLETE
84,-1.0806916426512656,2025-11-13 12:25:47.114646,2025-11-13 12:25:47.758273,0 days 00:00:00.643627,22.44756752234036,19.00543151766244,0.3906095097790666,Ag,COMPLETE
85,-9.293680297397081,2025-11-13 12:25:47.151334,2025-11-13 12:25:47.633414,0 days 00:00:00.482080,26.166054820053674,17.398192285405152,0.34026740044999965,Ag,COMPLETE
86,-8.454106280192624,2025-11-13 12:25:47.180075,2025-11-13 12:25:47.813730,0 days 00:00:00.633655,25.273940902608835,16.993980116867192,0.3603830654203416,Ag,COMPLETE
87,-8.290816326529752,2025-11-13 12:25:47.296286,2025-11-13 12:25:48.071678,0 days 00:00:00.775392,25.948355306633946,1.4185946859898628,0.1857007989376595,Ag,COMPLETE
88,-48.611111111084135,2025-11-13 12:25:47.534711,2025-11-13 12:25:48.063664,0 days 00:00:00.528953,61.99238053879692,0.9861486454118003,0.1985707396023487,Ag,COMPLETE
89,-8.01787592008361,2025-11-13 12:25:47.543632,2025-11-13 12:25:48.248363,0 days 00:00:00.704731,26.839565585091364,12.567789107906018,1.2505642829002468,Cu,COMPLETE
90,-13.976793248943373,2025-11-13 12:25:47.711417,2025-11-13 12:25:48.247871,0 days 00:00:00.536454,62.20765949989525,0.9805572006520233,1.246543648615391,Cu,COMPLETE
91,-48.809523809495936,2025-11-13 12:25:47.962378,2025-11-13 12:25:48.828501,0 days 00:00:00.866123,69.13284169225923,0.5192811100892284,0.30506181594515813,Ag,COMPLETE
92,-51.47058823526383,2025-11-13 12:25:48.153273,2025-11-13 12:25:48.686482,0 days 00:00:00.533209,70.34307639725382,0.6027190601071939,0.2904293414667155,Ag,COMPLETE
93,-49.99999999997152,2025-11-13 12:25:48.196415,2025-11-13 12:25:48.686482,0 days 00:00:00.490067,70.38849776288366,0.5564401392894064,0.2921387913928414,Ag,COMPLETE
94,-49.99999999997152,2025-11-13 12:25:48.269320,2025-11-13 12:25:48.781283,0 days 00:00:00.511963,69.62274291231058,0.5520127295262861,0.29353457195700433,Ag,COMPLETE
95,-49.99999999997132,2025-11-13 12:25:48.286286,2025-11-13 12:25:48.781283,0 days 00:00:00.494997,69.77682475067928,0.7465867089498668,0.27978326876088033,Ag,COMPLETE
96,-51.47058823526383,2025-11-13 12:25:48.443595,2025-11-13 12:25:49.003673,0 days 00:00:00.560078,68.80284256922688,0.5665142246254257,0.3116275121758755,Ag,COMPLETE
97,-37.581699346390316,2025-11-13 12:25:48.663342,2025-11-13 12:25:49.167465,0 days 00:00:00.504123,79.98701954636336,4.068736186274227,0.15651485121214131,Ag,COMPLETE
98,-13.40996168582273,2025-11-13 12:25:48.768193,2025-11-13 12:25:49.263860,0 days 00:00:00.495667,80.41066497981609,4.032943667741458,1.5170420671500442,Au,COMPLETE
99,-2.2897585345545046,2025-11-13 12:25:48.932308,2025-11-13 12:25:49.649076,0 days 00:00:00.716768,106.95231245692537,2.1112322995855,0.5097039481049253,Au,COMPLETE
100,-17.668776371305817,2025-11-13 12:25:48.968628,2025-11-13 12:25:49.436491,0 days 00:00:00.467863,72.59870423736575,2.119095563530757,0.5107189486626142,Au,COMPLETE
101,-16.025641025639217,2025-11-13 12:25:49.003673,2025-11-13 12:25:49.503078,0 days 00:00:00.499405,72.95026168373491,1.4649828584065454,1.508811143241515,Au,COMPLETE
102,-17.73648648648411,2025-11-13 12:25:49.097756,2025-11-13 12:25:49.500078,0 days 00:00:00.402322,64.97493852053385,1.5539027684122284,0.5241940657139283,Au,COMPLETE
103,7.026143790849563,2025-11-13 12:25:49.194716,2025-11-13 12:25:49.816816,0 days 00:00:00.622100,107.7809908150134,14.420876641565629,0.43337448476861584,Ag,COMPLETE
104,-1.6304347826086645,2025-11-13 12:25:49.376700,2025-11-13 12:25:49.932661,0 days 00:00:00.555961,101.9210326076822,1.1408247097928896,1.7588603289624978,Ag,COMPLETE
105,-31.249999999992188,2025-11-13 12:25:49.546686,2025-11-13 12:25:50.153776,0 days 00:00:00.607090,65.37687721033488,9.994567474684878,0.2312354159126729,Ag,COMPLETE
106,-26.930894308939838,2025-11-13 12:25:49.750004,2025-11-13 12:25:50.202341,0 days 00:00:00.452337,65.685665221016,16.036577488263553,0.2259103117587088,Ag,COMPLETE
107,-47.29729729727182,2025-11-13 12:25:49.850100,2025-11-13 12:25:50.405461,0 days 00:00:00.555361,65.76352099545876,1.5648728313420897,0.22089257165138082,Ag,COMPLETE
108,-47.29729729727182,2025-11-13 12:25:49.883784,2025-11-13 12:25:50.386733,0 days 00:00:00.502949,60.18992279305409,1.4557232403581852,0.1697494617268639,Ag,COMPLETE
109,-49.76851851849095,2025-11-13 12:25:49.966919,2025-11-13 12:25:50.254243,0 days 00:00:00.287324,65.03593359956409,1.4424493616235172,0.21607341897826066,Ag,COMPLETE
110,-47.29729729727148,2025-11-13 12:25:50.028615,2025-11-13 12:25:50.562250,0 days 00:00:00.533635,59.679790771176094,1.3698956504299904,0.17557001933148741,Ag,COMPLETE
111,-44.871794871771776,2025-11-13 12:25:50.254243,2025-11-13 12:25:50.700858,0 days 00:00:00.446615,55.415454378670965,0.9536548940269076,0.13949683512201527,Ag,COMPLETE
112,-23.373983739831736,2025-11-13 12:25:50.363266,2025-11-13 12:25:50.735881,0 days 00:00:00.372615,82.66252957808283,2.204662393985854,1.8518588689682083,Ag,COMPLETE
113,-49.99999999997132,2025-11-13 12:25:50.515246,2025-11-13 12:25:51.299060,0 days 00:00:00.783814,68.91307570118542,1.0089594387314322,0.26454056406195164,Ag,COMPLETE
114,-34.97023809522566,2025-11-13 12:25:50.515246,2025-11-13 12:25:50.909902,0 days 00:00:00.394656,68.71787715129447,2.183482955164582,1.8225532339814408,Ag,COMPLETE
115,-45.94017094014722,2025-11-13 12:25:50.402390,2025-11-13 12:25:51.113094,0 days 00:00:00.710704,68.4474640451659,2.222255827712134,0.2738320018450682,Ag,COMPLETE
116,-45.94017094014738,2025-11-13 12:25:50.717935,2025-11-13 12:25:51.025526,0 days 00:00:00.307591,78.19955769858504,0.9215301318417211,0.26157701398772915,Ag,COMPLETE
117,-16.025641025637924,2025-11-13 12:25:50.821912,2025-11-13 12:25:51.331506,0 days 00:00:00.509594,34.45090020696795,0.9329085869111375,0.32280652675774557,Ag,COMPLETE
118,-48.61111111108394,2025-11-13 12:25:50.848519,2025-11-13 12:25:51.464508,0 days 00:00:00.615989,72.17874167052585,0.8453920837505888,0.32835469322527,Ag,COMPLETE
119,-43.560606060586124,2025-11-13 12:25:51.018478,2025-11-13 12:25:51.594989,0 days 00:00:00.576511,71.63698408399713,3.209688923430767,0.40204636822545714,Ag,COMPLETE
120,-42.61363636361706,2025-11-13 12:25:51.196826,2025-11-13 12:25:51.804050,0 days 00:00:00.607224,63.20926789922493,3.141976665492085,0.3837176000464402,Ag,COMPLETE
121,-46.171171171146376,2025-11-13 12:25:51.333541,2025-11-13 12:25:51.806150,0 days 00:00:00.472609,58.24074273806273,0.5291529042561949,0.36596727954945063,Ag,COMPLETE
122,-48.8095238094959,2025-11-13 12:25:51.513796,2025-11-13 12:25:52.241502,0 days 00:00:00.727706,63.41872097062078,0.5295857327635576,0.37193623585023633,Ag,COMPLETE
123,-22.206959706957267,2025-11-13 12:25:51.548254,2025-11-13 12:25:52.129953,0 days 00:00:00.581699,62.59331076903963,13.379126813027465,1.9425296754736092,Ag,COMPLETE
124,-45.833333333310414,2025-11-13 12:25:51.730010,2025-11-13 12:25:52.152326,0 days 00:00:00.422316,67.19741426070041,1.8842557514856086,0.4560814541860557,Ag,COMPLETE
125,-10.28806584362012,2025-11-13 12:25:51.850154,2025-11-13 12:25:52.786880,0 days 00:00:00.936726,28.688161114856918,1.6702395220700148,0.2503541578419565,Ag,COMPLETE
126,-10.822510822509418,2025-11-13 12:25:51.978245,2025-11-13 12:25:52.278932,0 days 00:00:00.300687,29.500024342119243,1.8513797488466603,0.1995832376918653,Ag,COMPLETE
127,-48.42342342339707,2025-11-13 12:25:52.081390,2025-11-13 12:25:52.755709,0 days 00:00:00.674319,74.26746198607468,1.1989484506838337,0.255790748101831,Ag,COMPLETE
128,-48.6111111110841,2025-11-13 12:25:52.129953,2025-11-13 12:25:52.818138,0 days 00:00:00.688185,73.68400336376429,1.1519444573445778,0.10330859883751226,Ag,COMPLETE
129,-15.318627450978095,2025-11-13 12:25:52.310143,2025-11-13 12:25:53.179074,0 days 00:00:00.868931,67.00051978783912,0.8497812062804773,0.14473941966475812,Cu,COMPLETE
130,-0.8573388203017691,2025-11-13 12:25:52.349594,2025-11-13 12:25:53.212583,0 days 00:00:00.862989,70.98491479181918,19.66189008947946,0.15052540473617693,Cu,COMPLETE
131,-12.35177865612552,2025-11-13 12:25:52.708840,2025-11-13 12:25:53.228083,0 days 00:00:00.519243,72.09828149500278,8.136617544598568,0.14337617415563972,Cu,COMPLETE
132,-0.664010624169976,2025-11-13 12:25:52.724475,2025-11-13 12:25:53.104742,0 days 00:00:00.380267,67.49121813710059,15.09870971932781,0.8361707574641125,Cu,COMPLETE
133,-13.554216867468199,2025-11-13 12:25:52.833758,2025-11-13 12:25:53.315677,0 days 00:00:00.481919,71.16977686757913,2.519695541017785,0.1537830019451613,Cu,COMPLETE
134,-48.809523809495936,2025-11-13 12:25:53.274963,2025-11-13 12:25:53.807045,0 days 00:00:00.532082,76.54954943905707,0.5112869643473521,0.20560630740982433,Ag,COMPLETE
135,-47.29729729727182,2025-11-13 12:25:53.228083,2025-11-13 12:25:53.807045,0 days 00:00:00.578962,76.34076607513933,0.5404683103242229,0.32340564453095444,Ag,COMPLETE
136,-47.453703703677256,2025-11-13 12:25:53.212583,2025-11-13 12:25:53.774832,0 days 00:00:00.562249,60.724210602323375,0.5007986618353663,0.3107949174270496,Ag,COMPLETE
137,-47.29729729727182,2025-11-13 12:25:53.349100,2025-11-13 12:25:53.807045,0 days 00:00:00.457945,76.80789865357572,0.52265822432468,0.3137638410080708,Ag,COMPLETE
138,-33.48214285713095,2025-11-13 12:25:53.402885,2025-11-13 12:25:54.231691,0 days 00:00:00.828806,77.13696956177864,1.2209124779961926,1.6664907612353497,Ag,COMPLETE
139,-46.0526315789233,2025-11-13 12:25:53.407880,2025-11-13 12:25:53.955152,0 days 00:00:00.547272,75.78857948442898,1.2555234509117803,0.31616746077717356,Ag,COMPLETE
140,-36.6666666666521,2025-11-13 12:25:53.463094,2025-11-13 12:25:54.231691,0 days 00:00:00.768597,66.6753477483512,1.216741663573949,1.7158732150290783,Ag,COMPLETE
141,21.223470661672593,2025-11-13 12:25:53.743443,2025-11-13 12:25:54.297149,0 days 00:00:00.553706,66.28864575878544,18.306115168033575,0.24856213364319343,Ag,COMPLETE
142,-48.423423423397416,2025-11-13 12:25:53.998931,2025-11-13 12:25:54.543453,0 days 00:00:00.544522,69.6880917723443,1.7250719796930443,0.2800049785858804,Ag,COMPLETE
143,-48.42342342339725,2025-11-13 12:25:54.181794,2025-11-13 12:25:54.647421,0 days 00:00:00.465627,69.94074457507102,1.6359930604273678,0.2912923133536415,Ag,COMPLETE
144,-48.61111111108426,2025-11-13 12:25:54.204644,2025-11-13 12:25:54.986805,0 days 00:00:00.782161,69.68076098379031,0.8697839047925655,0.42402295580604177,Ag,COMPLETE
145,-48.423423423397416,2025-11-13 12:25:54.272797,2025-11-13 12:25:54.664123,0 days 00:00:00.391326,69.9098582031614,1.7012645133939421,0.28542951040177705,Ag,COMPLETE
146,-47.14912280699298,2025-11-13 12:25:54.312253,2025-11-13 12:25:54.955547,0 days 00:00:00.643294,64.5456586200352,0.9169405773519712,0.6512290926721953,Ag,COMPLETE
147,-47.14912280699298,2025-11-13 12:25:54.350700,2025-11-13 12:25:54.924298,0 days 00:00:00.573598,69.89501923564728,1.662680987329606,0.28939379869736787,Ag,COMPLETE
148,-48.61111111108426,2025-11-13 12:25:54.423941,2025-11-13 12:25:55.094506,0 days 00:00:00.670565,64.07148368954884,0.8694591830362828,0.41896376699914567,Ag,COMPLETE
149,-49.99999999997132,2025-11-13 12:25:54.681647,2025-11-13 12:25:55.687532,0 days 00:00:01.005885,64.325325917489,0.8673680323970646,0.19989290213742222,Ag,COMPLETE
150,-35.919540229872865,2025-11-13 12:25:54.664123,2025-11-13 12:25:55.198170,0 days 00:00:00.534047,64.26512259814491,6.316524530637393,0.42058346895306603,Ag,COMPLETE
151,-19.402035623406675,2025-11-13 12:25:54.814182,2025-11-13 12:25:55.297666,0 days 00:00:00.483484,73.73705588810387,0.9183183995990318,0.18277196090935663,Au,COMPLETE
152,-19.510582010578915,2025-11-13 12:25:55.138372,2025-11-13 12:25:55.718691,0 days 00:00:00.580319,73.57288184428853,0.5041431557963663,0.18600261205776616,Au,COMPLETE
153,-49.99999999997149,2025-11-13 12:25:55.201156,2025-11-13 12:25:55.994473,0 days 00:00:00.793317,68.0083214931375,0.5613743664166018,0.3569519506781603,Ag,COMPLETE
154,-50.24509803918605,2025-11-13 12:25:55.281610,2025-11-13 12:25:55.815069,0 days 00:00:00.533459,67.79056071393613,0.508400471586911,0.22566657853730293,Ag,COMPLETE
155,-0.5868544600938801,2025-11-13 12:25:55.218775,2025-11-13 12:25:55.849604,0 days 00:00:00.630829,24.29050468266321,1.2888530694892424,0.19536165114249907,Au,COMPLETE
156,-48.6111111110841,2025-11-13 12:25:55.336853,2025-11-13 12:25:56.396251,0 days 00:00:01.059398,67.82299369375873,1.3449080946822805,0.23451675121746163,Ag,COMPLETE
157,-48.61111111108375,2025-11-13 12:25:55.751160,2025-11-13 12:25:56.363938,0 days 00:00:00.612778,67.48182252901081,1.2557170268809459,0.23908006824714273,Ag,COMPLETE
158,-48.423423423397416,2025-11-13 12:25:55.815069,2025-11-13 12:25:56.365001,0 days 00:00:00.549932,66.03298891574318,1.3873522213096372,0.349280812228509,Ag,COMPLETE
159,-31.770833333325353,2025-11-13 12:25:55.865800,2025-11-13 12:25:56.380627,0 days 00:00:00.514827,67.59577806791593,10.007898794941962,0.2357340824810653,Ag,COMPLETE
160,-48.6111111110841,2025-11-13 12:25:55.963143,2025-11-13 12:25:56.459135,0 days 00:00:00.495992,67.28624516961469,1.3434448139104493,0.2430775607216994,Ag,COMPLETE
161,-9.598603839440534,2025-11-13 12:25:56.112194,2025-11-13 12:25:56.659188,0 days 00:00:00.546994,93.0266717541918,2.019454424257898,0.10276647746252941,Ag,COMPLETE
162,-48.809523809495936,2025-11-13 12:25:56.255847,2025-11-13 12:25:56.847050,0 days 00:00:00.591203,71.53839690223359,0.5124330809672738,0.29979957817551045,Ag,COMPLETE
163,-48.611111111084135,2025-11-13 12:25:56.427502,2025-11-13 12:25:57.180146,0 days 00:00:00.752644,61.85261397064314,0.8366582618879697,0.29237489517426574,Ag,COMPLETE
164,-48.809523809495936,2025-11-13 12:25:56.515394,2025-11-13 12:25:56.915247,0 days 00:00:00.399853,70.68578192074293,0.5184703773211933,0.298353074194894,Ag,COMPLETE
165,-48.6111111110841,2025-11-13 12:25:56.565881,2025-11-13 12:25:57.232151,0 days 00:00:00.666270,70.60807723596139,0.8911366486781074,0.33142342046823203,Ag,COMPLETE
166,-48.809523809495936,2025-11-13 12:25:56.572842,2025-11-13 12:25:57.180146,0 days 00:00:00.607304,71.35093296662527,0.7905540210535089,0.3005851615408903,Ag,COMPLETE
167,-48.611111111084135,2025-11-13 12:25:56.690433,2025-11-13 12:25:57.059955,0 days 00:00:00.369522,62.32467009192084,0.8601374390507464,0.2674524191373789,Ag,COMPLETE
168,-28.21180555554965,2025-11-13 12:25:56.862679,2025-11-13 12:25:57.622797,0 days 00:00:00.760118,73.08054855025107,10.862452560728757,0.37317453491618197,Ag,COMPLETE
169,-39.062499999983785,2025-11-13 12:25:57.012978,2025-11-13 12:25:57.638423,0 days 00:00:00.625445,73.79674617011032,1.912874709510595,1.0961040034381537,Ag,COMPLETE
170,-19.40993788819637,2025-11-13 12:25:57.180146,2025-11-13 12:25:57.529049,0 days 00:00:00.348903,47.45026252494516,12.243236674118794,1.4042422793016192,Ag,COMPLETE
171,-48.61111111108426,2025-11-13 12:25:57.248194,2025-11-13 12:25:57.805508,0 days 00:00:00.557314,65.41345201403843,1.1302812048703883,0.22042281083112852,Ag,COMPLETE
172,-45.83333333331025,2025-11-13 12:25:57.270242,2025-11-13 12:25:57.762452,0 days 00:00:00.492210,72.90037688348808,2.1694838196444177,0.36045316929361415,Ag,COMPLETE
173,-47.453703703677256,2025-11-13 12:25:57.466710,2025-11-13 12:25:58.246699,0 days 00:00:00.779989,59.13780779598221,0.5110249881926557,0.22415326311517642,Ag,COMPLETE
174,-31.926406926398702,2025-11-13 12:25:57.544672,2025-11-13 12:25:58.330690,0 days 00:00:00.786018,68.38252853143386,9.462214587405384,0.26245949039756666,Ag,COMPLETE
175,-49.99999999997149,2025-11-13 12:25:57.689621,2025-11-13 12:25:58.012242,0 days 00:00:00.322621,69.30184755246206,1.029786679336003,0.266008409625183,Ag,COMPLETE
176,-53.03030303027077,2025-11-13 12:25:57.847510,2025-11-13 12:25:58.432280,0 days 00:00:00.584770,65.69063843294985,0.5279458817651681,0.1770578088811884,Ag,COMPLETE
177,-32.22222222221352,2025-11-13 12:25:57.884845,2025-11-13 12:25:58.569975,0 days 00:00:00.685130,65.60608701970935,9.429786486708139,0.1739085688548758,Ag,COMPLETE
178,-26.92307692307275,2025-11-13 12:25:57.967986,2025-11-13 12:25:58.616073,0 days 00:00:00.648087,65.44811756330404,13.982213082859246,0.16031922609661944,Ag,COMPLETE
179,-26.67682926828941,2025-11-13 12:25:58.199847,2025-11-13 12:25:58.767913,0 days 00:00:00.568066,65.5957494106397,16.268537763864146,0.16123128701393272,Ag,COMPLETE
180,-27.096114519424148,2025-11-13 12:25:58.330690,2025-11-13 12:25:59.037947,0 days 00:00:00.707257,65.73004055755952,15.920766373414109,0.20317492168358287,Ag,COMPLETE
181,-51.190476190446745,2025-11-13 12:25:58.381036,2025-11-13 12:25:58.919905,0 days 00:00:00.538869,65.82752338069736,1.4347153469806169,0.1421761564824213,Ag,COMPLETE
182,-48.61111111108426,2025-11-13 12:25:58.569975,2025-11-13 12:25:59.065283,0 days 00:00:00.495308,62.25926785965117,1.5762314978088705,0.1246660078188558,Ag,COMPLETE
183,-1.1134552273792424,2025-11-13 12:25:58.528826,2025-11-13 12:25:59.065283,0 days 00:00:00.536457,23.820241313469673,1.456563368613446,0.1247907758338275,Ag,COMPLETE
184,-49.99999999997132,2025-11-13 12:25:58.813850,2025-11-13 12:25:59.350830,0 days 00:00:00.536980,68.88165337827552,1.082553387297219,0.20197618328214734,Ag,COMPLETE
185,-51.47058823526388,2025-11-13 12:25:58.947926,2025-11-13 12:25:59.350830,0 days 00:00:00.402904,68.7322030608685,0.969446851084044,0.19671369743496797,Ag,COMPLETE
186,-40.74074074072269,2025-11-13 12:25:58.949092,2025-11-13 12:25:59.591198,0 days 00:00:00.642106,68.8228505241626,0.982954692070863,1.3073309702717482,Ag,COMPLETE
187,-49.99999999997173,2025-11-13 12:25:59.081477,2025-11-13 12:25:59.464318,0 days 00:00:00.382841,68.50534700763149,0.9889686521595464,0.21535494038402048,Ag,COMPLETE
188,-49.99999999997132,2025-11-13 12:25:59.166865,2025-11-13 12:25:59.622042,0 days 00:00:00.455177,63.854649388247964,0.8896417430633303,0.17081829248248828,Ag,COMPLETE
189,-49.99999999997173,2025-11-13 12:25:59.280927,2025-11-13 12:25:59.813531,0 days 00:00:00.532604,63.02590279177983,1.0451588807132135,0.18133558655452237,Ag,COMPLETE
190,-48.6111111110841,2025-11-13 12:25:59.445489,2025-11-13 12:25:59.826545,0 days 00:00:00.381056,63.887016828521595,1.5484964267337236,0.10657808121156143,Ag,COMPLETE
191,-1.4297385620914798,2025-11-13 12:25:59.512670,2025-11-13 12:26:00.147429,0 days 00:00:00.634759,114.4454453088357,1.1604601660182627,0.2262991354011228,Ag,COMPLETE
192,-49.99999999997149,2025-11-13 12:25:59.684243,2025-11-13 12:26:00.147429,0 days 00:00:00.463186,66.81445984449385,1.0935517682172384,0.22116515239246876,Ag,COMPLETE
193,-47.297297297271975,2025-11-13 12:25:59.767601,2025-11-13 12:26:00.339806,0 days 00:00:00.572205,60.17513062929897,1.160988154163054,0.21033280828792084,Ag,COMPLETE
194,-1.429738562091475,2025-11-13 12:25:59.864451,2025-11-13 12:26:00.371148,0 days 00:00:00.506697,114.2684285941792,1.2306964094256103,0.21565588835466326,Ag,COMPLETE
195,-50.24509803918605,2025-11-13 12:25:59.897676,2025-11-13 12:26:00.230527,0 days 00:00:00.332851,66.85430272172998,0.5083763914841442,0.22022778721499434,Ag,COMPLETE
196,-48.61111111108426,2025-11-13 12:25:59.987988,2025-11-13 12:26:00.599682,0 days 00:00:00.611694,60.735314788861565,0.853846398538987,0.15227011406840785,Ag,COMPLETE
197,-49.99999999997132,2025-11-13 12:26:00.049070,2025-11-13 12:26:00.636180,0 days 00:00:00.587110,60.51082392870325,0.5543909224167279,0.15092248237797085,Ag,COMPLETE
198,-18.39080459769862,2025-11-13 12:26:00.230527,2025-11-13 12:26:00.836120,0 days 00:00:00.605593,68.11035603248835,1.9226676703072427,0.250209013716107,Au,COMPLETE
199,-18.550228310499705,2025-11-13 12:26:00.465032,2025-11-13 12:26:00.854706,0 days 00:00:00.389674,67.96978711263594,1.9369941051297437,0.26119882643932846,Au,COMPLETE
200,-18.356643356640802,2025-11-13 12:26:00.501125,2025-11-13 12:26:01.081882,0 days 00:00:00.580757,68.454830510069,1.762443027076366,0.2601667541634606,Au,COMPLETE
201,-18.678160919537643,2025-11-13 12:26:00.578130,2025-11-13 12:26:01.070175,0 days 00:00:00.492045,68.1923001774122,1.8929586273714534,0.25916606748197757,Au,COMPLETE
202,-0.3097893432465877,2025-11-13 12:26:00.647010,2025-11-13 12:26:01.334600,0 days 00:00:00.687590,71.67100529837685,17.52489561804543,0.18812387727258395,Ag,COMPLETE
203,-0.7342143906020427,2025-11-13 12:26:00.679964,2025-11-13 12:26:01.113765,0 days 00:00:00.433801,67.43982371942157,17.674510302145215,0.2573349775175964,Au,COMPLETE
204,-51.47058823526383,2025-11-13 12:26:01.010048,2025-11-13 12:26:01.514615,0 days 00:00:00.504567,71.34351635203353,0.5200037782331302,0.1854031632520573,Ag,COMPLETE
205,-49.99999999997149,2025-11-13 12:26:01.162143,2025-11-13 12:26:01.503401,0 days 00:00:00.341258,71.49747908069479,0.7701564204957532,0.17989419652569386,Ag,COMPLETE
206,-50.24509803918605,2025-11-13 12:26:01.163921,2025-11-13 12:26:01.644478,0 days 00:00:00.480557,63.74303938109226,0.584904688376744,0.17066041147649794,Ag,COMPLETE
207,-51.76767676764536,2025-11-13 12:26:01.210174,2025-11-13 12:26:01.795553,0 days 00:00:00.585379,63.46852999157274,0.5160000294539683,0.12425854330977021,Ag,COMPLETE
208,-49.99999999997152,2025-11-13 12:26:01.413599,2025-11-13 12:26:01.867125,0 days 00:00:00.453526,63.64517091423809,0.5085786789914202,0.33184580550098636,Ag,COMPLETE
209,-49.99999999997149,2025-11-13 12:26:01.444872,2025-11-13 12:26:01.930904,0 days 00:00:00.486032,64.06041742954733,0.8245781438819215,0.14069003648321154,Ag,COMPLETE
210,-50.245098039186,2025-11-13 12:26:01.515137,2025-11-13 12:26:01.985291,0 days 00:00:00.470154,63.360115779221914,0.5849597359713533,0.10683087413370672,Ag,COMPLETE
211,-47.45370370367742,2025-11-13 12:26:01.751219,2025-11-13 12:26:02.181895,0 days 00:00:00.430676,57.00193096603231,0.5274018001740862,0.10003415614399769,Ag,COMPLETE
212,-53.03030303027077,2025-11-13 12:26:01.795553,2025-11-13 12:26:02.414323,0 days 00:00:00.618770,65.7888067208678,0.5712705433923628,0.13341548749875645,Ag,COMPLETE
213,-51.76767676764536,2025-11-13 12:26:01.930904,2025-11-13 12:26:02.414323,0 days 00:00:00.483419,65.96904577993949,0.5143612103042874,0.13043415867789843,Ag,COMPLETE
214,-47.45370370367742,2025-11-13 12:26:01.996965,2025-11-13 12:26:02.669400,0 days 00:00:00.672435,56.8026086597923,0.5260162990391835,0.11607630312275635,Ag,COMPLETE
215,-49.99999999997136,2025-11-13 12:26:02.050227,2025-11-13 12:26:02.533362,0 days 00:00:00.483135,65.83713117880369,1.4109620771767846,0.10212132630969292,Ag,COMPLETE
216,-49.99999999997116,2025-11-13 12:26:02.152042,2025-11-13 12:26:02.682051,0 days 00:00:00.530009,66.46918868805516,1.4021801185775586,0.14157537538134354,Ag,COMPLETE
217,-51.76767676764536,2025-11-13 12:26:02.181895,2025-11-13 12:26:02.915998,0 days 00:00:00.734103,70.67176493396421,0.5349757103058617,0.13846498257300688,Ag,COMPLETE
218,-51.76767676764536,2025-11-13 12:26:02.363516,2025-11-13 12:26:02.915998,0 days 00:00:00.552482,70.09712559832505,0.5335532034113135,0.13632538798013016,Ag,COMPLETE
219,-51.47058823526383,2025-11-13 12:26:02.568848,2025-11-13 12:26:02.884472,0 days 00:00:00.315624,69.77297909291097,0.8833453213371258,0.17652085252094324,Ag,COMPLETE
220,-49.99999999997136,2025-11-13 12:26:02.631495,2025-11-13 12:26:03.299424,0 days 00:00:00.667929,70.61170840746605,0.9910682099466259,0.14494607684716512,Ag,COMPLETE
221,-51.4705882352638,2025-11-13 12:26:02.816716,2025-11-13 12:26:03.145428,0 days 00:00:00.328712,70.99358535460763,0.8595490702698619,0.1416421229651549,Ag,COMPLETE
222,-49.999999999971564,2025-11-13 12:26:02.846455,2025-11-13 12:26:03.408841,0 days 00:00:00.562386,70.54566402970471,1.064448327967584,0.14165869705800857,Ag,COMPLETE
223,-51.47058823526383,2025-11-13 12:26:02.931817,2025-11-13 12:26:03.324862,0 days 00:00:00.393045,70.74048319727105,0.923232220303787,0.13330376910104966,Ag,COMPLETE
224,-48.6111111110841,2025-11-13 12:26:03.086369,2025-11-13 12:26:04.064945,0 days 00:00:00.978576,72.76076246216006,1.4637586889886904,0.16969976459483743,Ag,COMPLETE
225,-35.1562499999891,2025-11-13 12:26:03.035568,2025-11-13 12:26:03.854670,0 days 00:00:00.819102,72.95461766581573,7.8468083124200945,0.14498408034920096,Ag,COMPLETE
226,-49.76851851849078,2025-11-13 12:26:03.279771,2025-11-13 12:26:04.018018,0 days 00:00:00.738247,74.46735581710197,1.3928169837431452,0.16704629732569418,Ag,COMPLETE
227,-48.61111111108375,2025-11-13 12:26:03.330335,2025-11-13 12:26:04.064945,0 days 00:00:00.734610,74.09778800972316,1.3666042100028069,0.14041501243699384,Ag,COMPLETE
228,-48.42342342339725,2025-11-13 12:26:03.509506,2025-11-13 12:26:04.316586,0 days 00:00:00.807080,74.65508013968014,1.4047483885496255,0.17407983790899761,Ag,COMPLETE
229,-50.24509803918621,2025-11-13 12:26:03.627520,2025-11-13 12:26:04.571683,0 days 00:00:00.944163,71.79178668105924,0.8559944079677944,0.10259198286215845,Ag,COMPLETE
230,-51.4705882352638,2025-11-13 12:26:03.964024,2025-11-13 12:26:04.548287,0 days 00:00:00.584263,70.36550110651433,0.8978177284925124,0.10885758922851901,Ag,COMPLETE
231,-50.245098039186,2025-11-13 12:26:03.979645,2025-11-13 12:26:04.455277,0 days 00:00:00.475632,70.44727929612584,0.9136231932682808,0.12176808998137438,Ag,COMPLETE
232,-51.4705882352638,2025-11-13 12:26:04.316586,2025-11-13 12:26:04.862728,0 days 00:00:00.546142,69.998404434677,0.9056017494659526,0.11237193586238178,Ag,COMPLETE
233,-51.47058823526383,2025-11-13 12:26:04.391972,2025-11-13 12:26:04.962077,0 days 00:00:00.570105,69.74744578008776,0.859977555915685,0.19162717332385898,Ag,COMPLETE
234,-51.47058823526383,2025-11-13 12:26:04.107056,2025-11-13 12:26:04.835429,0 days 00:00:00.728373,69.64301279138589,0.9070274648948933,0.17640731121445236,Ag,COMPLETE
235,-51.47058823526383,2025-11-13 12:26:04.471287,2025-11-13 12:26:05.243125,0 days 00:00:00.771838,69.77990946826783,0.9647625648712937,0.1322816617271888,Ag,COMPLETE
236,-51.4705882352638,2025-11-13 12:26:04.572688,2025-11-13 12:26:05.121611,0 days 00:00:00.548923,69.8117090826308,0.9011568890727885,0.10343218051311451,Ag,COMPLETE
237,-51.4705882352638,2025-11-13 12:26:04.773545,2025-11-13 12:26:05.280150,0 days 00:00:00.506605,69.98691132148792,0.8803612378146808,0.10530673616264144,Ag,COMPLETE
238,-40.816326530595404,2025-11-13 12:26:04.824320,2025-11-13 12:26:05.331490,0 days 00:00:00.507170,69.86941342027873,5.452765939703525,0.10029453052758579,Ag,COMPLETE
239,-53.03030303027077,2025-11-13 12:26:04.920625,2025-11-13 12:26:05.463960,0 days 00:00:00.543335,70.18685666177561,0.9554832640457829,0.1029600136659464,Ag,COMPLETE
240,-49.99999999997149,2025-11-13 12:26:05.193349,2025-11-13 12:26:05.940939,0 days 00:00:00.747590,72.70801528716692,1.164709438345166,0.18752751989669236,Ag,COMPLETE
241,-28.005464480865214,2025-11-13 12:26:05.353965,2025-11-13 12:26:05.715242,0 days 00:00:00.361277,43.53338273914066,1.138399500580901,0.18325731289034825,Ag,COMPLETE
242,-51.4705882352638,2025-11-13 12:26:05.397320,2025-11-13 12:26:06.570222,0 days 00:00:01.172902,72.4787456435131,0.8558863486872954,0.14360787205208592,Ag,COMPLETE
243,-51.190476190446915,2025-11-13 12:26:05.437471,2025-11-13 12:26:05.734187,0 days 00:00:00.296716,71.646537860907,1.1991772542836896,0.18590542686752673,Ag,COMPLETE
244,-49.99999999997149,2025-11-13 12:26:05.463960,2025-11-13 12:26:05.940939,0 days 00:00:00.476979,72.2182792723525,1.1694356136314905,0.18842732656757655,Ag,COMPLETE
245,-51.4705882352638,2025-11-13 12:26:05.463960,2025-11-13 12:26:06.004794,0 days 00:00:00.540834,71.73573837870471,0.8475542277102495,0.13751564007713166,Ag,COMPLETE
246,-48.61111111108426,2025-11-13 12:26:05.546322,2025-11-13 12:26:05.894061,0 days 00:00:00.347739,72.641661856253,1.1561968046328652,0.18430103864855374,Ag,COMPLETE
247,-53.03030303027095,2025-11-13 12:26:05.795859,2025-11-13 12:26:06.311226,0 days 00:00:00.515367,69.52080064952158,0.8128702770551057,0.14764026210128084,Ag,COMPLETE
248,-50.24509803918621,2025-11-13 12:26:06.049218,2025-11-13 12:26:06.507376,0 days 00:00:00.458158,69.65535134168614,0.786011419890678,0.13905959260576084,Ag,COMPLETE
249,-48.8095238094959,2025-11-13 12:26:06.099233,2025-11-13 12:26:06.601490,0 days 00:00:00.502257,74.80293314523416,0.8034695120977989,0.14124812969425013,Ag,COMPLETE
250,-2.813260340632558,2025-11-13 12:26:06.116922,2025-11-13 12:26:06.621659,0 days 00:00:00.504737,96.03814250553685,12.794461735647838,0.13904248260407803,Ag,COMPLETE
251,-42.65873015870962,2025-11-13 12:26:06.132581,2025-11-13 12:26:06.637562,0 days 00:00:00.504981,75.00601280770826,0.5210666636438651,0.9027782259157207,Ag,COMPLETE
252,-48.8095238094959,2025-11-13 12:26:06.199297,2025-11-13 12:26:06.966549,0 days 00:00:00.767252,75.38553081878803,0.7774207976054226,0.14887063097759984,Ag,COMPLETE
253,-49.99999999997132,2025-11-13 12:26:06.264008,2025-11-13 12:26:06.585866,0 days 00:00:00.321858,75.3397554902868,0.7627456982569247,0.15181026264099232,Ag,COMPLETE
254,-9.447674418603528,2025-11-13 12:26:06.637562,2025-11-13 12:26:07.153764,0 days 00:00:00.516202,27.88222336412549,1.6564821656359676,0.20225674566326507,Ag,COMPLETE
255,-47.29729729727148,2025-11-13 12:26:06.732100,2025-11-13 12:26:07.028686,0 days 00:00:00.296586,68.62557608222754,1.6659353074333052,0.1993895914833489,Ag,COMPLETE
256,-48.61111111108426,2025-11-13 12:26:06.837066,2025-11-13 12:26:07.138131,0 days 00:00:00.301065,69.2250696076747,1.5150822565816695,0.2005977782619236,Ag,COMPLETE
257,-50.24509803918605,2025-11-13 12:26:06.850993,2025-11-13 12:26:07.416565,0 days 00:00:00.565572,69.12316934073192,0.5258055752775884,0.21017302158765835,Ag,COMPLETE
258,-15.236318407957919,2025-11-13 12:26:06.864068,2025-11-13 12:26:07.422582,0 days 00:00:00.558514,67.66413127860916,0.5108168661674897,0.16239344789757343,Cu,COMPLETE
259,-15.90330788803834,2025-11-13 12:26:06.967549,2025-11-13 12:26:07.635130,0 days 00:00:00.667581,66.84115946703513,0.5029638013842456,0.10076503776355511,Cu,COMPLETE
260,-0.8573388203017691,2025-11-13 12:26:07.106892,2025-11-13 12:26:07.476701,0 days 00:00:00.369809,67.0301803462946,19.072347442867606,0.16459489312205167,Cu,COMPLETE
261,-1.1134552273792424,2025-11-13 12:26:07.314072,2025-11-13 12:26:07.804694,0 days 00:00:00.490622,22.33461116333142,1.2281851477713428,0.11121901813845024,Ag,COMPLETE
262,-49.99999999997149,2025-11-13 12:26:07.392222,2025-11-13 12:26:07.831042,0 days 00:00:00.438820,70.29995146416029,1.2030617024487702,0.12276245630905236,Ag,COMPLETE
263,-1.1134552273792508,2025-11-13 12:26:07.445674,2025-11-13 12:26:08.013439,0 days 00:00:00.567765,21.108946857046938,1.1191001572952581,0.13574760284947315,Ag,COMPLETE
264,-53.03030303027077,2025-11-13 12:26:07.562132,2025-11-13 12:26:08.050914,0 days 00:00:00.488782,71.11354616444524,0.5019526517243608,0.18089383425823352,Ag,COMPLETE
265,-18.726591760295435,2025-11-13 12:26:07.730521,2025-11-13 12:26:08.299230,0 days 00:00:00.568709,36.23257432482493,0.5345534136234198,0.22815513471794574,Ag,COMPLETE
266,-16.249999999998344,2025-11-13 12:26:07.806772,2025-11-13 12:26:08.175058,0 days 00:00:00.368286,38.458000076468764,15.584498305438654,0.17194840861226807,Ag,COMPLETE
267,-40.74074074072244,2025-11-13 12:26:07.947920,2025-11-13 12:26:08.481974,0 days 00:00:00.534054,65.55882523722804,0.5070321346101091,1.5814028642815474,Ag,COMPLETE
268,-14.508928571426008,2025-11-13 12:26:07.973631,2025-11-13 12:26:08.480973,0 days 00:00:00.507342,32.8688941910424,0.5158281114738784,0.23200470461128722,Ag,COMPLETE
269,-50.24509803918605,2025-11-13 12:26:08.015563,2025-11-13 12:26:08.600035,0 days 00:00:00.584472,65.68081626324245,0.517829939598164,0.22847038284632187,Ag,COMPLETE
270,-48.423423423397416,2025-11-13 12:26:08.397663,2025-11-13 12:26:08.912385,0 days 00:00:00.514722,71.37573101443681,1.5907860628238508,0.17667591716100414,Ag,COMPLETE
271,-48.42342342339707,2025-11-13 12:26:08.495970,2025-11-13 12:26:09.076942,0 days 00:00:00.580972,71.40298627141775,1.674409651846109,0.1790651299755502,Ag,COMPLETE
272,-49.76851851849098,2025-11-13 12:26:08.536122,2025-11-13 12:26:08.955846,0 days 00:00:00.419724,71.56269584830842,1.6461258971746542,0.18081238715744194,Ag,COMPLETE
273,-44.79166666664434,2025-11-13 12:26:08.565091,2025-11-13 12:26:09.076942,0 days 00:00:00.511851,78.97026021843953,1.554102020046337,0.1763764067579157,Ag,COMPLETE
274,-48.423423423397416,2025-11-13 12:26:08.606034,2025-11-13 12:26:09.152524,0 days 00:00:00.546490,70.71038239292596,1.6036036386064358,0.17214028850413854,Ag,COMPLETE
275,-49.99999999997132,2025-11-13 12:26:08.665468,2025-11-13 12:26:09.527728,0 days 00:00:00.862260,69.13645694926888,1.053260887287089,0.207322987752922,Ag,COMPLETE
276,-49.99999999997132,2025-11-13 12:26:08.784281,2025-11-13 12:26:09.584011,0 days 00:00:00.799730,69.05588971562713,1.0758158119831742,0.20401629610110872,Ag,COMPLETE
277,-23.6872146118689,2025-11-13 12:26:08.963651,2025-11-13 12:26:09.613631,0 days 00:00:00.649980,52.143758682315074,14.367636951079717,0.21241130291053284,Ag,COMPLETE
278,-0.7153075822603596,2025-11-13 12:26:09.504909,2025-11-13 12:26:09.940889,0 days 00:00:00.435980,73.78665615143201,19.93338479695784,0.13701653713689102,Au,COMPLETE
279,-19.551282051279042,2025-11-13 12:26:09.535000,2025-11-13 12:26:09.939434,0 days 00:00:00.404434,73.42656987122949,0.9536749722625206,0.14600424470140652,Au,COMPLETE
280,-47.00854700852281,2025-11-13 12:26:09.547811,2025-11-13 12:26:10.332280,0 days 00:00:00.784469,67.64260519229984,2.3918773745784256,0.2488678719080949,Ag,COMPLETE
281,-19.37984496123722,2025-11-13 12:26:09.630287,2025-11-13 12:26:10.084333,0 days 00:00:00.454046,67.36402613205948,0.9400189869833918,0.14072915463401253,Au,COMPLETE
282,-26.960784313717557,2025-11-13 12:26:09.698418,2025-11-13 12:26:10.335021,0 days 00:00:00.636603,87.4483300347247,2.3347127602796602,0.25184578865150703,Ag,COMPLETE
283,-23.550724637678265,2025-11-13 12:26:09.800897,2025-11-13 12:26:10.584131,0 days 00:00:00.783234,67.08496660692525,13.499377004013658,1.1341132364087825,Ag,COMPLETE
284,-49.99999999997149,2025-11-13 12:26:09.946701,2025-11-13 12:26:10.956760,0 days 00:00:01.010059,64.83301904520225,1.287615835532403,0.10733739719272681,Ag,COMPLETE
285,-8.515815085157524,2025-11-13 12:26:10.084333,2025-11-13 12:26:10.807795,0 days 00:00:00.723462,25.363015454744108,17.0508165134631,0.23362231191891805,Ag,COMPLETE
286,-49.99999999997152,2025-11-13 12:26:10.300739,2025-11-13 12:26:10.965773,0 days 00:00:00.665034,68.97263441759829,1.230851458831486,0.2158208700887717,Ag,COMPLETE
287,-49.99999999997132,2025-11-13 12:26:10.416769,2025-11-13 12:26:11.232140,0 days 00:00:00.815371,65.04701006951998,1.2075183603055732,0.10159645994513487,Ag,COMPLETE
288,-49.99999999997149,2025-11-13 12:26:10.547467,2025-11-13 12:26:11.093208,0 days 00:00:00.545741,64.95012889259269,1.2402707560245938,0.10338798275572718,Ag,COMPLETE
289,-48.61111111108426,2025-11-13 12:26:10.714012,2025-11-13 12:26:11.397424,0 days 00:00:00.683412,76.82877886404694,0.8493602974419008,0.1529753878096484,Ag,COMPLETE
290,-51.4705882352638,2025-11-13 12:26:10.729641,2025-11-13 12:26:11.464872,0 days 00:00:00.735231,72.59569749178374,0.839154242815678,0.1534673081019442,Ag,COMPLETE
291,-47.297297297271975,2025-11-13 12:26:11.030702,2025-11-13 12:26:11.679543,0 days 00:00:00.648841,77.55908601353272,0.8460755015727793,0.16462851569444573,Ag,COMPLETE
292,-12.596899224804279,2025-11-13 12:26:11.125650,2025-11-13 12:26:11.583265,0 days 00:00:00.457615,31.097682940347845,0.8281670907995574,0.15503918947570366,Ag,COMPLETE
293,-48.245614035062324,2025-11-13 12:26:11.275777,2025-11-13 12:26:12.181477,0 days 00:00:00.905700,70.72087028648993,1.9080094619839603,0.2837056528511323,Ag,COMPLETE
294,-29.255319148930052,2025-11-13 12:26:11.277803,2025-11-13 12:26:11.805690,0 days 00:00:00.527887,69.98647828023665,11.136858516609996,0.272140939463183,Ag,COMPLETE
295,-49.99999999997152,2025-11-13 12:26:11.414250,2025-11-13 12:26:12.181477,0 days 00:00:00.767227,70.91412010958517,0.7918289950563421,0.2845027171238758,Ag,COMPLETE
296,18.717447916666377,2025-11-13 12:26:11.481188,2025-11-13 12:26:11.947418,0 days 00:00:00.466230,70.68419282454792,18.264193400831918,1.5025486199530125,Ag,COMPLETE
297,-42.635658914708635,2025-11-13 12:26:11.583265,2025-11-13 12:26:12.180145,0 days 00:00:00.596880,71.56807834795943,1.9209617382423136,0.7887198565576061,Ag,COMPLETE
298,-35.947712418286486,2025-11-13 12:26:11.774446,2025-11-13 12:26:12.112196,0 days 00:00:00.337750,71.19865539183185,0.511501287357656,1.9743744242024697,Ag,COMPLETE
299,-49.76851851849078,2025-11-13 12:26:11.864988,2025-11-13 12:26:12.400700,0 days 00:00:00.535712,68.34496095797067,1.3787848875191688,0.19539978989416842,Ag,COMPLETE
300,-48.61111111108375,2025-11-13 12:26:11.888952,2025-11-13 12:26:12.400700,0 days 00:00:00.511748,67.61441380247813,1.2927682181863331,0.20109620641966505,Ag,COMPLETE
301,-48.611111111084135,2025-11-13 12:26:12.096662,2025-11-13 12:26:13.033429,0 days 00:00:00.936767,62.1879606512599,0.9031362717492131,0.23327332145405222,Ag,COMPLETE
302,-53.03030303027077,2025-11-13 12:26:12.127903,2025-11-13 12:26:12.614832,0 days 00:00:00.486929,68.32546016314956,0.5059521096488815,0.19680634111169334,Ag,COMPLETE
303,-49.99999999997152,2025-11-13 12:26:12.217601,2025-11-13 12:26:13.033429,0 days 00:00:00.815828,73.67780251680354,0.8411104266137894,0.22410762075863727,Ag,COMPLETE
304,-42.658730158709766,2025-11-13 12:26:12.505807,2025-11-13 12:26:13.080218,0 days 00:00:00.574411,66.25495782041274,0.5262928199404553,1.2211372340021354,Ag,COMPLETE
305,-42.658730158709766,2025-11-13 12:26:12.532001,2025-11-13 12:26:13.048965,0 days 00:00:00.516964,66.03206130625512,0.5583908137432945,1.209230727713996,Ag,COMPLETE
306,-46.05263157892345,2025-11-13 12:26:12.709965,2025-11-13 12:26:13.336944,0 days 00:00:00.626979,66.55162616700262,0.5289045990290514,0.6905180920443773,Ag,COMPLETE
307,-53.03030303027082,2025-11-13 12:26:12.700969,2025-11-13 12:26:13.548221,0 days 00:00:00.847252,68.35763094710704,0.5313155170279462,0.23925262013903217,Ag,COMPLETE
308,-49.99999999997136,2025-11-13 12:26:12.797973,2025-11-13 12:26:13.215002,0 days 00:00:00.417029,62.31236786728292,0.5464269345153273,0.23875183049264187,Ag,COMPLETE
309,-42.65873015870962,2025-11-13 12:26:12.907752,2025-11-13 12:26:13.126821,0 days 00:00:00.219069,66.21586953588887,0.5001359073173848,1.217010854619978,Ag,COMPLETE
310,-48.61111111108375,2025-11-13 12:26:13.313544,2025-11-13 12:26:13.882272,0 days 00:00:00.568728,68.61556389155314,1.1662826395170471,0.31782446175070733,Ag,COMPLETE
311,-23.60139860139535,2025-11-13 12:26:13.349090,2025-11-13 12:26:13.998833,0 days 00:00:00.649743,68.3920008531317,12.199515863851593,1.3003128460545983,Ag,COMPLETE
312,-26.442307692304272,2025-11-13 12:26:13.429663,2025-11-13 12:26:13.882272,0 days 00:00:00.452609,63.87675456925819,15.07405490605691,0.3206357508279206,Ag,COMPLETE
313,-48.61111111108375,2025-11-13 12:26:13.476906,2025-11-13 12:26:14.182130,0 days 00:00:00.705224,68.65104305357912,1.1812298852970313,0.31099554121822715,Ag,COMPLETE
314,-49.76851851849059,2025-11-13 12:26:13.569358,2025-11-13 12:26:14.307845,0 days 00:00:00.738487,68.17960422211601,1.1648664730986735,0.2950787134809647,Ag,COMPLETE
315,-36.76470588233841,2025-11-13 12:26:13.636272,2025-11-13 12:26:14.300844,0 days 00:00:00.664572,68.47365961703896,1.3400834748521575,1.715098210935916,Ag,COMPLETE
316,-15.25054466230738,2025-11-13 12:26:13.799212,2025-11-13 12:26:14.747207,0 days 00:00:00.947995,50.32828621100745,0.8444816124172183,0.19250082961345344,Au,COMPLETE
317,-19.11027568922022,2025-11-13 12:26:13.803563,2025-11-13 12:26:14.511636,0 days 00:00:00.708073,73.32966081327847,0.9182882361557153,0.26665786404754394,Au,COMPLETE
318,-17.20430107526662,2025-11-13 12:26:14.213946,2025-11-13 12:26:14.769225,0 days 00:00:00.555279,73.4438840826175,0.853102748490015,1.0252561495215926,Au,COMPLETE
319,-10.953608247421576,2025-11-13 12:26:14.281823,2025-11-13 12:26:14.766318,0 days 00:00:00.484495,40.871000027709414,0.8932921686493793,0.25799061988198047,Au,COMPLETE
320,-38.580246913565965,2025-11-13 12:26:14.349110,2025-11-13 12:26:15.323559,0 days 00:00:00.974449,64.31252054867676,6.201161482029458,0.18839235521729011,Ag,COMPLETE
321,-53.03030303027077,2025-11-13 12:26:14.365282,2025-11-13 12:26:15.065790,0 days 00:00:00.700508,65.24657094314428,0.5060595159568153,0.19025565867874092,Ag,COMPLETE
322,-53.03030303027077,2025-11-13 12:26:14.634145,2025-11-13 12:26:15.477336,0 days 00:00:00.843191,64.26357163053132,0.5053638399555169,0.19156851152028287,Ag,COMPLETE
323,-5.225080385851765,2025-11-13 12:26:14.747207,2025-11-13 12:26:15.587168,0 days 00:00:00.839961,24.031435472891303,1.558750117375781,0.24103179124893825,Cu,COMPLETE
324,-48.42342342339725,2025-11-13 12:26:15.020357,2025-11-13 12:26:15.682117,0 days 00:00:00.661760,63.86304826056266,1.5874105263713045,0.21763217082081204,Ag,COMPLETE
325,-15.950520833330817,2025-11-13 12:26:15.098827,2025-11-13 12:26:15.763138,0 days 00:00:00.664311,60.78482083965602,0.5280433881932337,0.2162953091500115,Cu,COMPLETE
326,-48.42342342339725,2025-11-13 12:26:15.214718,2025-11-13 12:26:15.778755,0 days 00:00:00.564037,63.16058487515148,1.7113729842980139,0.23540459301479216,Ag,COMPLETE
327,-47.29729729727182,2025-11-13 12:26:15.346298,2025-11-13 12:26:16.261061,0 days 00:00:00.914763,62.44341444637276,1.5626928427577278,0.23214889001897465,Ag,COMPLETE
328,-15.950520833330817,2025-11-13 12:26:15.445023,2025-11-13 12:26:16.229418,0 days 00:00:00.784395,59.790178460524054,0.5559650954027834,0.22766047972830455,Cu,COMPLETE
329,-1.384386817936226,2025-11-13 12:26:15.698226,2025-11-13 12:26:16.324254,0 days 00:00:00.626028,119.88966423469869,0.5630662248571352,0.13851802866615354,Ag,COMPLETE
330,-43.69918699184859,2025-11-13 12:26:15.778755,2025-11-13 12:26:16.339897,0 days 00:00:00.561142,62.0256233189714,0.5285746259213399,0.9720190817874169,Ag,COMPLETE
331,-50.245098039186,2025-11-13 12:26:15.897674,2025-11-13 12:26:16.402677,0 days 00:00:00.505003,65.08069599147022,0.5042487087157232,0.14893424963426571,Ag,COMPLETE
332,-37.49999999998504,2025-11-13 12:26:16.013600,2025-11-13 12:26:16.681223,0 days 00:00:00.667623,65.47070325250793,1.1530570520920667,1.8015271874051717,Ag,COMPLETE
333,-51.470588235264046,2025-11-13 12:26:16.292764,2025-11-13 12:26:16.610881,0 days 00:00:00.318117,65.73646063592832,1.17632459708802,0.10361434495632073,Ag,COMPLETE
334,-2.6584867075663965,2025-11-13 12:26:16.371428,2025-11-13 12:26:16.819251,0 days 00:00:00.447823,98.06618070508667,6.917916982965354,0.16477734022835477,Ag,COMPLETE
335,-2.445447705041329,2025-11-13 12:26:16.550669,2025-11-13 12:26:17.082290,0 days 00:00:00.531621,99.12250319382272,6.893575843445968,0.17192409642474804,Ag,COMPLETE
336,-51.470588235264046,2025-11-13 12:26:16.562673,2025-11-13 12:26:17.113412,0 days 00:00:00.550739,66.54224943362877,1.1743899224011511,0.10566845931496373,Ag,COMPLETE
337,-49.99999999997132,2025-11-13 12:26:16.627980,2025-11-13 12:26:17.012953,0 days 00:00:00.384973,66.23642137283011,1.2312226981788248,0.17606414434315232,Ag,COMPLETE
338,-49.99999999997149,2025-11-13 12:26:16.734477,2025-11-13 12:26:17.365538,0 days 00:00:00.631061,66.1263651432127,1.2224749979472564,0.10924526130764009,Ag,COMPLETE
339,-47.149122806992466,2025-11-13 12:26:16.971590,2025-11-13 12:26:17.416626,0 days 00:00:00.445036,64.34769721858174,2.078081530752939,0.11216978363976007,Ag,COMPLETE
340,-49.99999999997136,2025-11-13 12:26:16.928597,2025-11-13 12:26:17.781948,0 days 00:00:00.853351,63.434612528845825,1.0147098374957786,0.1313603227234244,Ag,COMPLETE
341,-48.61111111108426,2025-11-13 12:26:17.179595,2025-11-13 12:26:17.730982,0 days 00:00:00.551387,58.443035002330944,0.9125058525059244,0.10203436842785502,Ag,COMPLETE
342,-48.8095238094959,2025-11-13 12:26:17.320236,2025-11-13 12:26:17.980868,0 days 00:00:00.660632,59.08643767882914,0.5001486322454,0.13234149019992664,Ag,COMPLETE
343,-33.58208955222883,2025-11-13 12:26:17.381428,2025-11-13 12:26:17.914865,0 days 00:00:00.533437,61.727933415942786,8.441808091406596,0.1059430172597967,Ag,COMPLETE
344,-53.03030303027095,2025-11-13 12:26:17.421578,2025-11-13 12:26:18.141072,0 days 00:00:00.719494,62.09849726570202,0.523768828701626,0.10128176692204373,Ag,COMPLETE
345,-22.534013605437583,2025-11-13 12:26:17.480965,2025-11-13 12:26:18.214059,0 days 00:00:00.733094,46.00607067884216,8.463591458164073,0.27837997799202485,Ag,COMPLETE
346,-50.245098039186,2025-11-13 12:26:17.531539,2025-11-13 12:26:18.137542,0 days 00:00:00.606003,62.01635120188359,0.5106723905292134,0.1275801626115845,Ag,COMPLETE
347,-48.423423423397416,2025-11-13 12:26:17.950799,2025-11-13 12:26:18.347403,0 days 00:00:00.396604,66.63154176086506,1.468219904858926,0.28491275663627064,Ag,COMPLETE
348,-42.68292682924754,2025-11-13 12:26:18.030720,2025-11-13 12:26:18.564020,0 days 00:00:00.533300,54.04736343964534,1.3323831138535949,0.10533807875831,Ag,COMPLETE
349,-48.61111111108375,2025-11-13 12:26:18.078762,2025-11-13 12:26:18.525848,0 days 00:00:00.447086,64.3416663435152,1.419243628893809,0.10329022659172238,Ag,COMPLETE
350,-48.6111111110841,2025-11-13 12:26:18.183423,2025-11-13 12:26:18.681619,0 days 00:00:00.498196,63.863945510669836,1.312691623494853,0.14964456648151658,Ag,COMPLETE
351,21.85534591194936,2025-11-13 12:26:18.260935,2025-11-13 12:26:18.963108,0 days 00:00:00.702173,64.83174687468369,18.806342113536196,0.1562498142634391,Ag,COMPLETE
352,-9.502923976607054,2025-11-13 12:26:18.416328,2025-11-13 12:26:18.947436,0 days 00:00:00.531108,27.506054328877767,0.9422076848359897,0.1561645234546258,Ag,COMPLETE
353,-22.69900497512099,2025-11-13 12:26:18.463348,2025-11-13 12:26:18.898049,0 days 00:00:00.434701,64.7057481089303,10.503984706137341,1.8940965007345811,Ag,COMPLETE
354,-51.47058823526383,2025-11-13 12:26:18.681619,2025-11-13 12:26:19.280662,0 days 00:00:00.599043,67.38128842871228,0.9056872244144132,0.17031333570744528,Ag,COMPLETE
355,-28.877887788773236,2025-11-13 12:26:18.845431,2025-11-13 12:26:19.329199,0 days 00:00:00.483768,66.96855470961428,11.714719088165664,0.3483148832319941,Ag,COMPLETE
356,-24.36647173488997,2025-11-13 12:26:18.869885,2025-11-13 12:26:19.212908,0 days 00:00:00.343023,67.00993896177751,16.445408792510097,0.20013073014933777,Ag,COMPLETE
357,-44.79166666664434,2025-11-13 12:26:18.918817,2025-11-13 12:26:19.650856,0 days 00:00:00.732039,60.35419371036913,2.003061440720354,0.34117390342267806,Ag,COMPLETE
358,-44.71544715444966,2025-11-13 12:26:19.183244,2025-11-13 12:26:19.542284,0 days 00:00:00.359040,60.53209719438087,2.791692521666626,0.10113959614944494,Ag,COMPLETE
359,-48.80952380949574,2025-11-13 12:26:19.193242,2025-11-13 12:26:19.936764,0 days 00:00:00.743522,61.03534181289287,0.5158330633960697,0.20376115458715427,Ag,COMPLETE
360,-49.99999999997136,2025-11-13 12:26:19.369552,2025-11-13 12:26:20.030211,0 days 00:00:00.660659,62.46874901602767,0.5053163455519534,0.26140940804900464,Ag,COMPLETE
361,-53.03030303027077,2025-11-13 12:26:19.345375,2025-11-13 12:26:19.694569,0 days 00:00:00.349194,65.47034946293007,0.504097110106565,0.19904972471452945,Ag,COMPLETE
362,-50.24509803918605,2025-11-13 12:26:19.414730,2025-11-13 12:26:20.030211,0 days 00:00:00.615481,62.61426442743592,0.5038149262253394,0.20827426872472474,Ag,COMPLETE
363,-0.8741258741258496,2025-11-13 12:26:19.517346,2025-11-13 12:26:20.220532,0 days 00:00:00.703186,20.19883680493445,0.9254726735416879,0.20297523518247707,Ag,COMPLETE
364,-49.99999999997132,2025-11-13 12:26:19.710220,2025-11-13 12:26:20.336121,0 days 00:00:00.625901,62.54697775765076,0.8625475050523256,0.19776892200051463,Ag,COMPLETE
365,-48.809523809495936,2025-11-13 12:26:19.694569,2025-11-13 12:26:20.781430,0 days 00:00:01.086861,65.13024134125999,0.9906478439437512,0.14470991501733454,Ag,COMPLETE
366,-42.658730158709915,2025-11-13 12:26:19.862968,2025-11-13 12:26:20.261929,0 days 00:00:00.398961,62.889776960727296,0.9326287321291922,1.0668692167471083,Ag,COMPLETE
367,-51.47058823526388,2025-11-13 12:26:19.986241,2025-11-13 12:26:20.861836,0 days 00:00:00.875595,65.13194847234047,1.0489361449756975,0.144443888303374,Ag,COMPLETE
368,-16.37764932562432,2025-11-13 12:26:20.382180,2025-11-13 12:26:21.265141,0 days 00:00:00.882961,66.88819417667936,1.343050204275627,1.4252989701216001,Au,COMPLETE
369,-18.856447688561687,2025-11-13 12:26:20.364909,2025-11-13 12:26:21.137884,0 days 00:00:00.772975,67.48679809186842,1.5425921206548543,0.140905317443225,Au,COMPLETE
370,-18.74999999999738,2025-11-13 12:26:20.646481,2025-11-13 12:26:21.348162,0 days 00:00:00.701681,66.43188305080763,1.793313583817645,0.13945730602719905,Au,COMPLETE
371,-0.6858710562414153,2025-11-13 12:26:20.699074,2025-11-13 12:26:21.185908,0 days 00:00:00.486834,65.8217223260958,13.02953454032626,0.13711211184767974,Au,COMPLETE
372,-49.76851851849095,2025-11-13 12:26:20.728383,2025-11-13 12:26:21.314441,0 days 00:00:00.586058,65.36497407228163,1.8758403636811374,0.13886939064124976,Ag,COMPLETE
373,-47.29729729727182,2025-11-13 12:26:20.814534,2025-11-13 12:26:21.532527,0 days 00:00:00.717993,64.84201131838321,1.8876135542564598,0.10005525741457666,Ag,COMPLETE
374,-49.99999999997132,2025-11-13 12:26:21.213232,2025-11-13 12:26:21.815238,0 days 00:00:00.602006,64.27347688470738,1.1966253981099304,0.10004203274911888,Ag,COMPLETE
375,0.46641791044775427,2025-11-13 12:26:21.303625,2025-11-13 12:26:21.769585,0 days 00:00:00.465960,68.02215143318145,17.963076216194622,0.16847519389160495,Ag,COMPLETE
376,-49.99999999997132,2025-11-13 12:26:21.397327,2025-11-13 12:26:22.342803,0 days 00:00:00.945476,68.8119254109079,1.113192184331549,0.17511546027849573,Ag,COMPLETE
377,-49.99999999997149,2025-11-13 12:26:21.491168,2025-11-13 12:26:21.910162,0 days 00:00:00.418994,68.31013227372519,1.2109546954405586,0.17230413382350357,Ag,COMPLETE
378,-1.1134552273792508,2025-11-13 12:26:21.580995,2025-11-13 12:26:22.913763,0 days 00:00:01.332768,22.562812068266147,0.862071881732411,0.17495798842827487,Ag,COMPLETE
379,-26.081424936382817,2025-11-13 12:26:21.647318,2025-11-13 12:26:22.358404,0 days 00:00:00.711086,57.97696854638366,13.910472362297103,0.1800818285592063,Ag,COMPLETE
380,-1.1134552273792424,2025-11-13 12:26:21.735016,2025-11-13 12:26:22.483343,0 days 00:00:00.748327,23.312559891365602,0.8875908162644998,0.1811554606252989,Ag,COMPLETE
381,-1.4571190674437724,2025-11-13 12:26:21.878922,2025-11-13 12:26:22.585401,0 days 00:00:00.706479,107.45514555687609,0.8760638381846557,0.1837626346507909,Ag,COMPLETE
382,-47.29729729727182,2025-11-13 12:26:22.049559,2025-11-13 12:26:22.564922,0 days 00:00:00.515363,58.80115497798238,0.8715154183051965,0.179449878149026,Ag,COMPLETE
383,-8.333333333332481,2025-11-13 12:26:22.077493,2025-11-13 12:26:22.665470,0 days 00:00:00.587977,26.088770586369964,0.9347581513081941,0.18215701710241325,Ag,COMPLETE
384,-1.1134552273792424,2025-11-13 12:26:22.066408,2025-11-13 12:26:22.782208,0 days 00:00:00.715800,22.895192352124006,0.8734745788923439,0.10018147229855891,Ag,COMPLETE
385,-50.24509803918605,2025-11-13 12:26:22.564922,2025-11-13 12:26:23.245987,0 days 00:00:00.681065,63.669786170236215,0.5160008546701437,0.24084322111391038,Ag,COMPLETE
386,-48.423423423397416,2025-11-13 12:26:22.734760,2025-11-13 12:26:23.432141,0 days 00:00:00.697381,63.96720566842298,1.5191892404422855,0.2365060543634436,Ag,COMPLETE
387,-41.66666666664881,2025-11-13 12:26:22.798144,2025-11-13 12:26:23.251418,0 days 00:00:00.453274,63.9456006876447,4.105378667399144,0.25513570710655464,Ag,COMPLETE
388,-50.24509803918605,2025-11-13 12:26:22.847183,2025-11-13 12:26:23.513993,0 days 00:00:00.666810,63.537301173712976,0.5051149339507662,0.2406604359191293,Ag,COMPLETE
389,-15.258215962439264,2025-11-13 12:26:22.913763,2025-11-13 12:26:23.581506,0 days 00:00:00.667743,66.2599221459428,1.5292994724901399,0.14381094114094042,Cu,COMPLETE
390,-14.921171171169185,2025-11-13 12:26:22.938014,2025-11-13 12:26:23.668819,0 days 00:00:00.730805,61.132361504335826,1.4737636087249357,0.6347043350053236,Cu,COMPLETE
391,-15.25821596243915,2025-11-13 12:26:23.168081,2025-11-13 12:26:23.698774,0 days 00:00:00.530693,66.35894111074312,1.585916096871836,0.13631610958446055,Cu,COMPLETE
392,-36.20218579233785,2025-11-13 12:26:23.483115,2025-11-13 12:26:23.931681,0 days 00:00:00.448566,68.97573422507794,7.601312798038601,0.13100470668544895,Ag,COMPLETE
393,-38.26530612243335,2025-11-13 12:26:23.513993,2025-11-13 12:26:24.253909,0 days 00:00:00.739916,69.15116112105503,1.1523380105725214,1.6187424128067638,Ag,COMPLETE
394,-48.24561403506214,2025-11-13 12:26:23.632187,2025-11-13 12:26:24.158409,0 days 00:00:00.526222,68.62928748131452,2.3764790713757176,0.10040023235530364,Ag,COMPLETE
395,-18.44941956882071,2025-11-13 12:26:23.675821,2025-11-13 12:26:24.346125,0 days 00:00:00.670304,68.64661758770558,14.55236558972743,1.6509935623840457,Ag,COMPLETE
396,-48.42342342339725,2025-11-13 12:26:23.731398,2025-11-13 12:26:24.299729,0 days 00:00:00.568331,69.30097268954057,2.1455319922462444,0.1323192425648922,Ag,COMPLETE
397,-47.149122806992644,2025-11-13 12:26:23.775289,2025-11-13 12:26:24.480173,0 days 00:00:00.704884,67.69282863339065,2.1566925408184074,0.10023357406006318,Ag,COMPLETE
398,-26.54109589040733,2025-11-13 12:26:23.931681,2025-11-13 12:26:24.659742,0 days 00:00:00.728061,66.12412430838401,14.654419944806605,0.21399311241832364,Ag,COMPLETE
399,-48.6111111110841,2025-11-13 12:26:24.307707,2025-11-13 12:26:24.690993,0 days 00:00:00.383286,65.79544647381418,1.1966059029106406,0.21299447623795775,Ag,COMPLETE
400,-18.09523809523602,2025-11-13 12:26:24.397879,2025-11-13 12:26:25.279174,0 days 00:00:00.881295,61.95992037063053,17.1599918539726,0.1562909876168629,Ag,COMPLETE
401,-24.224806201547572,2025-11-13 12:26:24.484205,2025-11-13 12:26:24.897180,0 days 00:00:00.412975,62.01455778779233,15.52591355111176,0.857093188237203,Ag,COMPLETE
402,-50.245098039186,2025-11-13 12:26:24.548010,2025-11-13 12:26:25.041982,0 days 00:00:00.493972,60.879540022610705,0.5103615006545889,0.15266243803752844,Ag,COMPLETE
403,-51.4705882352638,2025-11-13 12:26:24.628492,2025-11-13 12:26:25.202770,0 days 00:00:00.574278,72.29516485835246,0.8619346973830626,0.14726211600475733,Ag,COMPLETE
404,-51.76767676764536,2025-11-13 12:26:24.706636,2025-11-13 12:26:25.465287,0 days 00:00:00.758651,71.68632307785492,0.5277298906061099,0.15396167697141103,Ag,COMPLETE
405,-48.8095238094959,2025-11-13 12:26:24.765381,2025-11-13 12:26:25.223466,0 days 00:00:00.458085,61.33516815675427,0.527255371213218,0.15975309898956747,Ag,COMPLETE
406,-39.81481481479712,2025-11-13 12:26:24.897180,2025-11-13 12:26:25.565535,0 days 00:00:00.668355,64.86179072872045,1.1385640010311395,1.366052343977963,Ag,COMPLETE
407,-40.71969696967839,2025-11-13 12:26:25.088857,2025-11-13 12:26:25.769352,0 days 00:00:00.680495,82.08404705515109,1.2551214766191263,0.21758338969966767,Ag,COMPLETE
408,-48.809523809495936,2025-11-13 12:26:25.313990,2025-11-13 12:26:26.378411,0 days 00:00:01.064421,75.21455114255424,0.5003239629609885,0.21224198562940308,Ag,COMPLETE
409,-1.4367816091953787,2025-11-13 12:26:25.384617,2025-11-13 12:26:26.221089,0 days 00:00:00.836472,111.86690670986742,1.1972039945858133,0.20319755425432467,Ag,COMPLETE
410,-51.47058823526383,2025-11-13 12:26:25.495469,2025-11-13 12:26:26.512638,0 days 00:00:01.017169,71.92539045851093,0.8248244062598298,0.10032701971342162,Ag,COMPLETE
411,-48.42342342339707,2025-11-13 12:26:25.511145,2025-11-13 12:26:26.205468,0 days 00:00:00.694323,75.05140760807338,1.268116950827695,0.21292848441019332,Ag,COMPLETE
412,-51.4705882352638,2025-11-13 12:26:25.630947,2025-11-13 12:26:26.733806,0 days 00:00:01.102859,72.43900006474642,0.8674179886388598,0.13347023341432063,Ag,COMPLETE
413,-51.47058823526401,2025-11-13 12:26:25.929219,2025-11-13 12:26:26.481005,0 days 00:00:00.551786,71.0836537527633,0.822982796500196,0.13276287178937302,Ag,COMPLETE
414,-49.99999999997149,2025-11-13 12:26:26.268425,2025-11-13 12:26:26.763160,0 days 00:00:00.494735,72.83448203728794,0.8255204832908328,0.13376238683575106,Ag,COMPLETE
415,-49.76851851849095,2025-11-13 12:26:26.425377,2025-11-13 12:26:27.100066,0 days 00:00:00.674689,67.04486449895916,1.6888797002226796,0.1014299982757351,Ag,COMPLETE
416,-24.211711711705078,2025-11-13 12:26:26.612749,2025-11-13 12:26:27.133949,0 days 00:00:00.521200,88.94200062682363,1.6609144630585404,0.13479798874434584,Ag,COMPLETE
417,-49.76851851849078,2025-11-13 12:26:26.657860,2025-11-13 12:26:27.006946,0 days 00:00:00.349086,70.44128427386316,1.7704677386925791,0.1318824320540945,Ag,COMPLETE
418,-10.065543071159942,2025-11-13 12:26:26.685985,2025-11-13 12:26:27.100066,0 days 00:00:00.414081,92.80909009184174,1.5280832865323248,0.10034243061122454,Ag,COMPLETE
419,-32.657657657648684,2025-11-13 12:26:26.780437,2025-11-13 12:26:27.274120,0 days 00:00:00.493683,70.56801880103777,9.51059654376678,0.12988119989386138,Ag,COMPLETE
420,-19.37984496123722,2025-11-13 12:26:26.896518,2025-11-13 12:26:27.527041,0 days 00:00:00.630523,70.4949062593256,0.8525445738637476,0.1738294295460552,Au,COMPLETE
421,-19.205729166663687,2025-11-13 12:26:27.215176,2025-11-13 12:26:27.593756,0 days 00:00:00.378580,67.17927697050487,0.8452219772182546,0.17071319718439387,Au,COMPLETE
422,-19.333333333330202,2025-11-13 12:26:27.247773,2025-11-13 12:26:28.022163,0 days 00:00:00.774390,66.94287635380441,0.5217194615863978,0.17085287342320568,Au,COMPLETE
423,-50.245098039186,2025-11-13 12:26:27.367307,2025-11-13 12:26:27.860001,0 days 00:00:00.492694,64.99688082066214,0.5076940546247032,0.17077980373659798,Ag,COMPLETE
424,-51.76767676764536,2025-11-13 12:26:27.433932,2025-11-13 12:26:27.922420,0 days 00:00:00.488488,65.0607441023629,0.507827540399209,0.17500482708215054,Ag,COMPLETE
425,-11.65501165501002,2025-11-13 12:26:27.527041,2025-11-13 12:26:28.457359,0 days 00:00:00.930318,30.07757938720445,1.2352751590236268,0.1530725303718669,Ag,COMPLETE
426,-49.99999999997149,2025-11-13 12:26:27.593756,2025-11-13 12:26:28.129884,0 days 00:00:00.536128,67.2074435300866,1.1970025409583147,0.15861663030132916,Ag,COMPLETE
427,-39.814814814796996,2025-11-13 12:26:27.747216,2025-11-13 12:26:28.249877,0 days 00:00:00.502661,63.16707605017275,0.5073996877569295,1.5520540644537397,Ag,COMPLETE
428,-51.76767676764536,2025-11-13 12:26:27.860001,2025-11-13 12:26:28.580584,0 days 00:00:00.720583,63.836993288706275,0.5004036760792636,0.13610670055383914,Ag,COMPLETE
429,-29.109589041087872,2025-11-13 12:26:28.017165,2025-11-13 12:26:28.647711,0 days 00:00:00.630546,56.7942527041435,5.2098581515730205,1.5507350057586589,Ag,COMPLETE
430,-42.68292682924754,2025-11-13 12:26:28.145398,2025-11-13 12:26:28.695732,0 days 00:00:00.550334,55.728189981240625,1.3128753708885097,0.13149819728133635,Ag,COMPLETE
431,-41.666666666646194,2025-11-13 12:26:28.224272,2025-11-13 12:26:28.972532,0 days 00:00:00.748260,54.547341648026496,1.1673231511588207,0.1299915152501327,Ag,COMPLETE
432,-47.297297297271975,2025-11-13 12:26:28.345172,2025-11-13 12:26:29.034147,0 days 00:00:00.688975,59.35200185816794,0.8378819337261106,0.1319146311414604,Ag,COMPLETE
433,-43.74999999997812,2025-11-13 12:26:28.409861,2025-11-13 12:26:29.095448,0 days 00:00:00.685587,54.861048929974885,0.8522444856276454,0.19630693955356532,Ag,COMPLETE
434,-1.530328324986062,2025-11-13 12:26:28.472876,2025-11-13 12:26:29.330486,0 days 00:00:00.857610,104.55948937509507,0.8717722433154849,1.463522470450156,Ag,COMPLETE
435,-51.47058823526383,2025-11-13 12:26:28.644376,2025-11-13 12:26:29.663732,0 days 00:00:01.019356,63.50736091085108,0.5016451975657624,0.19795529778035872,Ag,COMPLETE
436,-41.66666666664696,2025-11-13 12:26:28.954270,2025-11-13 12:26:29.704601,0 days 00:00:00.750331,76.57529370719563,0.530891648404434,0.7508827884083422,Ag,COMPLETE
437,-53.03030303027077,2025-11-13 12:26:29.038187,2025-11-13 12:26:29.612603,0 days 00:00:00.574416,64.74084615378229,0.5015571959795084,0.19651869791590257,Ag,COMPLETE
438,-18.518518518514433,2025-11-13 12:26:29.145308,2025-11-13 12:26:29.827478,0 days 00:00:00.682170,35.87161433975348,0.5133729694098467,0.19661146452724104,Ag,COMPLETE
439,-51.47058823526383,2025-11-13 12:26:29.201785,2025-11-13 12:26:30.033247,0 days 00:00:00.831462,63.214294975190896,0.8142565825023179,0.10169032100063546,Ag,COMPLETE
440,23.200757575757226,2025-11-13 12:26:29.296720,2025-11-13 12:26:30.081248,0 days 00:00:00.784528,61.052965899975845,19.32082942353097,0.10461258233227022,Ag,COMPLETE
441,-48.8095238094959,2025-11-13 12:26:29.551196,2025-11-13 12:26:30.208936,0 days 00:00:00.657740,59.9784823705382,0.5312733849344836,0.10573704676734325,Ag,COMPLETE
442,-51.47058823526401,2025-11-13 12:26:29.663732,2025-11-13 12:26:30.177379,0 days 00:00:00.513647,62.04414954999817,0.5224398174492905,0.10016449950099734,Ag,COMPLETE
443,-48.8095238094959,2025-11-13 12:26:29.884537,2025-11-13 12:26:30.360704,0 days 00:00:00.476167,59.79621978741801,0.5054980061326448,0.16416711868416334,Ag,COMPLETE
444,-50.245098039186,2025-11-13 12:26:30.011295,2025-11-13 12:26:30.453746,0 days 00:00:00.442451,62.16677179644914,0.5056358611378854,0.14917626920090396,Ag,COMPLETE
445,-47.29729729727182,2025-11-13 12:26:30.130502,2025-11-13 12:26:30.782835,0 days 00:00:00.652333,58.68715528069588,1.121828317817231,0.15559434590980586,Ag,COMPLETE
446,-46.05263157892295,2025-11-13 12:26:30.238448,2025-11-13 12:26:30.881301,0 days 00:00:00.642853,58.513641571675045,1.268344892663575,0.1370708734202375,Ag,COMPLETE
447,-30.172413793096386,2025-11-13 12:26:30.301706,2025-11-13 12:26:30.778777,0 days 00:00:00.477071,61.89916456360518,10.941777966683375,0.10002752998501983,Ag,COMPLETE
448,-49.99999999997173,2025-11-13 12:26:30.329395,2025-11-13 12:26:30.782835,0 days 00:00:00.453440,64.80354198084238,1.142065241727314,0.10126351362990765,Ag,COMPLETE
449,-49.99999999997132,2025-11-13 12:26:30.481091,2025-11-13 12:26:31.069937,0 days 00:00:00.588846,64.82587517229503,1.117082327520274,0.15862938420807304,Ag,COMPLETE
450,-51.47058823526383,2025-11-13 12:26:30.696962,2025-11-13 12:26:31.347698,0 days 00:00:00.650736,65.09284124841182,0.9052759416205214,0.18068067024886797,Ag,COMPLETE
451,-48.6111111110841,2025-11-13 12:26:30.815993,2025-11-13 12:26:31.314599,0 days 00:00:00.498606,74.26939100196871,0.8604845799559475,0.1836303328532134,Ag,COMPLETE
452,-7.8382838283820675,2025-11-13 12:26:30.827908,2025-11-13 12:26:31.204626,0 days 00:00:00.376718,25.22587349965305,0.8813649905679081,0.1755275965779337,Ag,COMPLETE
453,-34.45512820511499,2025-11-13 12:26:30.963084,2025-11-13 12:26:31.892699,0 days 00:00:00.929615,84.19746529252201,0.8297075195454676,0.5483377887252558,Ag,COMPLETE
454,-15.046296296294207,2025-11-13 12:26:31.161703,2025-11-13 12:26:32.249574,0 days 00:00:01.087871,67.63508266087193,1.4769651850404715,0.13729716235905337,Cu,COMPLETE
455,-18.849206349203353,2025-11-13 12:26:31.266381,2025-11-13 12:26:31.986769,0 days 00:00:00.720388,63.078528531389814,0.5016446836267023,0.1405320056974504,Au,COMPLETE
456,-14.840182648399779,2025-11-13 12:26:31.314599,2025-11-13 12:26:32.080483,0 days 00:00:00.765884,68.12599615174096,1.5790920253390641,0.1303284552813761,Cu,COMPLETE
457,-14.94252873563021,2025-11-13 12:26:31.459809,2025-11-13 12:26:32.485984,0 days 00:00:01.026175,67.88002749378124,1.435547258365642,0.21540653985758818,Cu,COMPLETE
458,-14.94252873563013,2025-11-13 12:26:31.507326,2025-11-13 12:26:32.397826,0 days 00:00:00.890500,67.57670822788485,1.5671705454257499,0.13450200332929238,Cu,COMPLETE
459,-26.589912280698233,2025-11-13 12:26:31.892699,2025-11-13 12:26:32.397826,0 days 00:00:00.505127,67.29786316969938,15.123255883739375,0.13682700471628234,Ag,COMPLETE
460,-48.6111111110841,2025-11-13 12:26:31.955582,2025-11-13 12:26:32.531149,0 days 00:00:00.575567,70.27670469716107,1.36822205439366,0.22311354588467383,Ag,COMPLETE
461,-49.99999999997136,2025-11-13 12:26:32.266298,2025-11-13 12:26:32.988155,0 days 00:00:00.721857,72.53952385918059,0.9425637068915675,0.18158748465272986,Ag,COMPLETE
462,-51.47058823526383,2025-11-13 12:26:32.397826,2025-11-13 12:26:32.863095,0 days 00:00:00.465269,71.99111375826182,0.8665765300944892,0.18901399259070747,Ag,COMPLETE
463,18.80674448767805,2025-11-13 12:26:32.454549,2025-11-13 12:26:32.878687,0 days 00:00:00.424138,78.89246246660014,18.472698068450008,0.1970104003148602,Ag,COMPLETE
464,-29.003267973850587,2025-11-13 12:26:32.547434,2025-11-13 12:26:33.119753,0 days 00:00:00.572319,63.590933603252246,12.3246856770866,0.10240647613762133,Ag,COMPLETE
465,-50.245098039186,2025-11-13 12:26:32.618160,2025-11-13 12:26:33.197837,0 days 00:00:00.579677,63.43784835262681,0.855929250930818,0.16546225191721164,Ag,COMPLETE
466,-21.351575456050966,2025-11-13 12:26:32.698770,2025-11-13 12:26:33.276283,0 days 00:00:00.577513,78.22779372345208,15.854804595583094,0.10095952801697178,Ag,COMPLETE
467,-51.76767676764536,2025-11-13 12:26:32.751752,2025-11-13 12:26:33.403963,0 days 00:00:00.652211,64.65095020661471,0.5079537725791099,0.10059630162748837,Ag,COMPLETE
468,-33.65384615383321,2025-11-13 12:26:32.799593,2025-11-13 12:26:33.447062,0 days 00:00:00.647469,49.33536254197543,0.5147349692062767,0.9186233177646248,Ag,COMPLETE
469,-47.149122806992644,2025-11-13 12:26:33.148438,2025-11-13 12:26:33.547579,0 days 00:00:00.399141,65.76143503424254,2.011924992272417,0.24196839851880036,Ag,COMPLETE
470,-16.66666666666466,2025-11-13 12:26:33.316458,2025-11-13 12:26:33.804650,0 days 00:00:00.488192,65.86535792366361,1.1727470023604005,1.280006444547153,Au,COMPLETE
471,-18.518518518515943,2025-11-13 12:26:33.347276,2025-11-13 12:26:34.114693,0 days 00:00:00.767417,69.80476232992919,1.9019450325084233,0.21385941657354707,Au,COMPLETE
472,-18.99509803921285,2025-11-13 12:26:33.430598,2025-11-13 12:26:34.024506,0 days 00:00:00.593908,65.68176938861168,1.2276866003076066,0.2565347793875476,Au,COMPLETE
473,-16.566265060238916,2025-11-13 12:26:33.447062,2025-11-13 12:26:33.962053,0 days 00:00:00.514991,69.98853635171928,1.1192396784588006,1.2832579745984274,Au,COMPLETE
474,-51.47058823526388,2025-11-13 12:26:33.669139,2025-11-13 12:26:34.135643,0 days 00:00:00.466504,69.8228031576091,0.9078655324721938,0.24439617145880926,Ag,COMPLETE
475,-49.99999999997152,2025-11-13 12:26:33.832639,2025-11-13 12:26:34.504612,0 days 00:00:00.671973,69.513691749889,0.8306595790924542,0.25472219538733953,Ag,COMPLETE
476,-51.76767676764536,2025-11-13 12:26:33.919283,2025-11-13 12:26:34.718038,0 days 00:00:00.798755,69.72701822674352,0.5201990225405826,0.16095758997269277,Ag,COMPLETE
477,-17.52336448597971,2025-11-13 12:26:33.946378,2025-11-13 12:26:35.011377,0 days 00:00:01.064999,72.96237750690257,16.577517101255292,0.1593288658514916,Ag,COMPLETE
478,-49.99999999997149,2025-11-13 12:26:34.114693,2025-11-13 12:26:34.874703,0 days 00:00:00.760010,74.52391587140553,0.8288830950320012,0.1616324941892261,Ag,COMPLETE
479,-50.245098039186,2025-11-13 12:26:34.270302,2025-11-13 12:26:35.064907,0 days 00:00:00.794605,73.64844608573878,0.5006812647541197,0.16328180235337153,Ag,COMPLETE
480,-50.24509803918621,2025-11-13 12:26:34.229679,2025-11-13 12:26:35.118059,0 days 00:00:00.888380,74.02381914983805,0.513014738807348,0.16142653076168778,Ag,COMPLETE
481,-11.9047619047611,2025-11-13 12:26:34.331193,2025-11-13 12:26:35.064907,0 days 00:00:00.733714,74.25588915925267,16.65885484917897,0.15946213232127954,Ag,COMPLETE
482,-26.736111111106627,2025-11-13 12:26:34.513335,2025-11-13 12:26:35.118059,0 days 00:00:00.604724,73.65443392367162,13.056619942227123,0.15849340809201332,Ag,COMPLETE
483,-51.190476190446915,2025-11-13 12:26:35.042638,2025-11-13 12:26:35.380843,0 days 00:00:00.338205,65.40197702948682,1.1969617632526335,0.19215641093464347,Ag,COMPLETE
484,-51.19047619044695,2025-11-13 12:26:35.098200,2025-11-13 12:26:35.606514,0 days 00:00:00.508314,65.3635074490252,1.2521640434586276,0.2140550430671232,Ag,COMPLETE
485,-31.645569620245386,2025-11-13 12:26:35.147350,2025-11-13 12:26:35.778392,0 days 00:00:00.631042,65.12736125250883,9.924475842033694,0.206342808734228,Ag,COMPLETE
486,-31.517094017085917,2025-11-13 12:26:35.222783,2025-11-13 12:26:35.978488,0 days 00:00:00.755705,64.40816787807141,9.982225265998732,0.12950649634687406,Ag,COMPLETE
487,-9.368836291912075,2025-11-13 12:26:35.348812,2025-11-13 12:26:35.945966,0 days 00:00:00.597154,27.42911471534777,0.5137840651491594,0.20719626372497893,Ag,COMPLETE
488,-51.47058823526383,2025-11-13 12:26:35.460940,2025-11-13 12:26:36.129280,0 days 00:00:00.668340,66.25195539759551,0.8759629955263009,0.212107872316307,Ag,COMPLETE
489,-23.760330578508555,2025-11-13 12:26:35.544105,2025-11-13 12:26:36.111600,0 days 00:00:00.567495,67.05828420912691,9.994694508634346,1.7117272818777753,Ag,COMPLETE
490,-18.65671641790773,2025-11-13 12:26:35.544105,2025-11-13 12:26:36.081873,0 days 00:00:00.537768,44.90849547118739,9.981625887704762,1.1393135556256264,Ag,COMPLETE
491,-53.030303030271,2025-11-13 12:26:35.882069,2025-11-13 12:26:36.253739,0 days 00:00:00.371670,67.61609989854514,0.7878549293320661,0.10243780618070406,Ag,COMPLETE
492,-51.4705882352638,2025-11-13 12:26:35.994089,2025-11-13 12:26:36.754390,0 days 00:00:00.760301,68.96580001046038,0.9091153543461549,0.10089352944995275,Ag,COMPLETE
493,-51.76767676764536,2025-11-13 12:26:36.176156,2025-11-13 12:26:36.548693,0 days 00:00:00.372537,68.83041621035721,0.5015224004935304,0.12944334708565558,Ag,COMPLETE
494,-53.03030303027095,2025-11-13 12:26:36.223031,2025-11-13 12:26:36.896034,0 days 00:00:00.673003,68.75918980583263,0.523986698631354,0.10183722885192394,Ag,COMPLETE
495,-26.378896882490196,2025-11-13 12:26:36.273436,2025-11-13 12:26:37.613237,0 days 00:00:01.339801,71.43011166353232,14.202839435662657,0.18226577593029689,Ag,COMPLETE
496,-38.63636363634959,2025-11-13 12:26:36.358626,2025-11-13 12:26:36.996448,0 days 00:00:00.637822,68.82046780314187,6.497366135013991,0.1334904441406466,Ag,COMPLETE
497,-51.76767676764536,2025-11-13 12:26:36.478363,2025-11-13 12:26:37.042997,0 days 00:00:00.564634,69.21065855233218,0.5422456001916403,0.13091445788713096,Ag,COMPLETE
498,-21.786492374724833,2025-11-13 12:26:36.564700,2025-11-13 12:26:37.447803,0 days 00:00:00.883103,69.84837602342472,11.344932869131243,1.9081038424465537,Ag,COMPLETE
499,-51.47058823526388,2025-11-13 12:26:36.644997,2025-11-13 12:26:37.541554,0 days 00:00:00.896557,71.71437543208262,0.5100307427110542,0.25949323619803377,Ag,COMPLETE
500,-51.4705882352638,2025-11-13 12:26:37.095441,2025-11-13 12:26:37.698663,0 days 00:00:00.603222,71.40590370069687,0.833159731733278,0.17917043170963373,Ag,COMPLETE
501,-49.99999999997132,2025-11-13 12:26:37.416553,2025-11-13 12:26:37.954454,0 days 00:00:00.537901,61.375320685647154,0.5043784781071063,0.18100539620882178,Ag,COMPLETE
502,-50.245098039186,2025-11-13 12:26:37.479138,2025-11-13 12:26:38.079816,0 days 00:00:00.600678,61.04446927890346,0.5262137690626043,0.13568910551563443,Ag,COMPLETE
503,-48.6111111110841,2025-11-13 12:26:37.646345,2025-11-13 12:26:38.048438,0 days 00:00:00.402093,61.04025930546621,0.8387495097870346,0.23209669482496398,Ag,COMPLETE
504,-49.99999999997132,2025-11-13 12:26:37.714493,2025-11-13 12:26:38.449045,0 days 00:00:00.734552,67.52877568907643,1.5390923200180786,0.1015125061332601,Ag,COMPLETE
505,-51.190476190446915,2025-11-13 12:26:37.787348,2025-11-13 12:26:38.480349,0 days 00:00:00.693001,67.60965788830549,1.5243886997729388,0.13193647893184815,Ag,COMPLETE
506,-49.99999999997149,2025-11-13 12:26:37.920716,2025-11-13 12:26:38.610899,0 days 00:00:00.690183,67.55658179834698,1.5902787679594121,0.13757554609517272,Ag,COMPLETE
507,-49.76851851849095,2025-11-13 12:26:38.019186,2025-11-13 12:26:38.610899,0 days 00:00:00.591713,67.33491623633664,1.5356307262948705,0.13363006813374928,Ag,COMPLETE
508,-49.99999999997136,2025-11-13 12:26:38.130379,2025-11-13 12:26:38.981504,0 days 00:00:00.851125,63.77501638196397,0.9515847167048959,0.19342407049984894,Ag,COMPLETE
509,-49.99999999997173,2025-11-13 12:26:38.252833,2025-11-13 12:26:38.811787,0 days 00:00:00.558954,63.1853606546907,1.075450586893828,0.15580431268119205,Ag,COMPLETE
510,-49.99999999997136,2025-11-13 12:26:38.315540,2025-11-13 12:26:39.019404,0 days 00:00:00.703864,63.35928688004545,0.9511061891457431,0.1983129260498694,Ag,COMPLETE
511,-49.999999999971564,2025-11-13 12:26:38.514642,2025-11-13 12:26:39.014991,0 days 00:00:00.500349,63.33346661244615,1.0088034497786167,0.19068344399027048,Ag,COMPLETE
512,-51.47058823526388,2025-11-13 12:26:38.843006,2025-11-13 12:26:39.414938,0 days 00:00:00.571932,71.19654482124795,0.5167560195871437,0.24850696853716625,Ag,COMPLETE
513,-47.29729729727182,2025-11-13 12:26:38.921205,2025-11-13 12:26:39.650610,0 days 00:00:00.729405,76.2375503509988,0.8124643485116368,0.253426730152034,Ag,COMPLETE
514,-48.61111111108394,2025-11-13 12:26:38.970506,2025-11-13 12:26:39.597463,0 days 00:00:00.626957,76.53125160677511,0.5153930718443612,0.23973493453363479,Ag,COMPLETE
515,-33.10502283104114,2025-11-13 12:26:39.020492,2025-11-13 12:26:39.771871,0 days 00:00:00.751379,70.99096668419902,9.025540117363278,0.2607951534098156,Ag,COMPLETE
516,-50.24509803918621,2025-11-13 12:26:39.112561,2025-11-13 12:26:39.472375,0 days 00:00:00.359814,70.64709297433714,0.843716752003959,0.10010549273194344,Ag,COMPLETE
517,-46.05263157892295,2025-11-13 12:26:39.329032,2025-11-13 12:26:39.800788,0 days 00:00:00.471756,75.89801216794797,1.2121812528630185,0.23253823941971227,Ag,COMPLETE
518,-7.371794871794331,2025-11-13 12:26:39.465378,2025-11-13 12:26:40.430812,0 days 00:00:00.965434,31.568191959398092,1.3509875655553025,0.16498185702160545,Au,COMPLETE
519,-11.44214162348756,2025-11-13 12:26:39.544443,2025-11-13 12:26:40.080709,0 days 00:00:00.536266,41.793751674592414,1.3025022658730783,0.16528427513422694,Au,COMPLETE
520,-19.647696476961613,2025-11-13 12:26:39.679350,2025-11-13 12:26:40.243833,0 days 00:00:00.564483,66.36473122594168,0.5143831942013269,0.10047264009337349,Au,COMPLETE
521,-43.604651162770274,2025-11-13 12:26:39.774872,2025-11-13 12:26:40.369109,0 days 00:00:00.594237,66.03138886692201,3.5413750799986454,0.1628903489799466,Ag,COMPLETE
522,-51.4705882352638,2025-11-13 12:26:39.839377,2025-11-13 12:26:40.753736,0 days 00:00:00.914359,65.81499285368514,0.8147042344190113,0.16484727505257657,Ag,COMPLETE
523,-24.282560706398538,2025-11-13 12:26:40.120412,2025-11-13 12:26:40.604155,0 days 00:00:00.483743,68.56263120892379,13.59958838777946,0.8030332329681835,Ag,COMPLETE
524,-51.76767676764536,2025-11-13 12:26:40.196956,2025-11-13 12:26:40.749600,0 days 00:00:00.552644,69.07813062925734,0.5145649458762886,0.16233049530460106,Ag,COMPLETE
525,-51.47058823526383,2025-11-13 12:26:40.277974,2025-11-13 12:26:41.100913,0 days 00:00:00.822939,68.97290714507238,0.8775725522187354,0.20367316384112288,Ag,COMPLETE
526,-37.414965986379336,2025-11-13 12:26:40.430812,2025-11-13 12:26:40.937729,0 days 00:00:00.506917,68.8542846133973,0.504181185301156,1.8465157941017538,Ag,COMPLETE
527,-48.61111111108426,2025-11-13 12:26:40.564511,2025-11-13 12:26:41.096367,0 days 00:00:00.531856,72.2627569156754,1.1184702837150335,0.21030284049018733,Ag,COMPLETE
528,-49.99999999997132,2025-11-13 12:26:40.678281,2025-11-13 12:26:41.329928,0 days 00:00:00.651647,72.22222334688759,1.0461237093918334,0.20811096940695803,Ag,COMPLETE
529,-48.423423423397416,2025-11-13 12:26:40.839261,2025-11-13 12:26:41.484879,0 days 00:00:00.645618,64.55849553678408,1.9385451248546177,0.13386222095155642,Ag,COMPLETE
530,-48.42342342339707,2025-11-13 12:26:40.947004,2025-11-13 12:26:41.456456,0 days 00:00:00.509452,64.56456256396358,1.817629331744912,0.10182144711141314,Ag,COMPLETE
531,-51.76767676764536,2025-11-13 12:26:41.178233,2025-11-13 12:26:41.884965,0 days 00:00:00.706732,64.27102583531344,0.5009123685586837,0.13806175474636084,Ag,COMPLETE
532,0.0,2025-11-13 12:26:41.276823,2025-11-13 12:26:41.829080,0 days 00:00:00.552257,110.63663047967555,17.922532729945612,0.13521396091487906,Ag,COMPLETE
533,-13.519503546097837,2025-11-13 12:26:41.378079,2025-11-13 12:26:41.937944,0 days 00:00:00.559865,61.72230937208953,17.421272800541143,0.13499688848554842,Ag,COMPLETE
534,-47.453703703677256,2025-11-13 12:26:41.409483,2025-11-13 12:26:41.946445,0 days 00:00:00.536962,60.149722461473225,0.5085919766053443,0.285999980853247,Ag,COMPLETE
535,-47.45370370367742,2025-11-13 12:26:41.585951,2025-11-13 12:26:42.447951,0 days 00:00:00.862000,59.67372950143046,0.8626579932514639,0.1004034627152543,Ag,COMPLETE
536,-21.624472573834243,2025-11-13 12:26:41.690885,2025-11-13 12:26:42.338246,0 days 00:00:00.647361,38.64522813315088,0.9019620195023017,0.2842014805720968,Ag,COMPLETE
537,-7.665094339621905,2025-11-13 12:26:41.748118,2025-11-13 12:26:42.363513,0 days 00:00:00.615395,24.7257040865169,1.2306334876647733,0.18372723891358414,Ag,COMPLETE
538,-39.85507246375066,2025-11-13 12:26:41.849580,2025-11-13 12:26:42.340617,0 days 00:00:00.491037,66.54184320515452,1.3553205546365326,1.342944770954531,Ag,COMPLETE
539,-37.499999999985164,2025-11-13 12:26:42.020912,2025-11-13 12:26:43.346205,0 days 00:00:01.325293,70.47984201294666,1.1211180385001542,1.7758227583173103,Ag,COMPLETE
540,-13.237847222220827,2025-11-13 12:26:42.254774,2025-11-13 12:26:43.087056,0 days 00:00:00.832282,70.1369925543043,4.709502860183244,0.17991835422593827,Cu,COMPLETE
541,-0.8802816901408202,2025-11-13 12:26:42.176642,2025-11-13 12:26:43.133851,0 days 00:00:00.957209,20.43749582399412,0.9349077450775676,0.17345976103527827,Cu,COMPLETE
542,-51.47058823526383,2025-11-13 12:26:42.326454,2025-11-13 12:26:43.180828,0 days 00:00:00.854374,70.5225342410354,0.8835540062482643,0.17780854522823356,Ag,COMPLETE
543,-0.8802816901408202,2025-11-13 12:26:42.484022,2025-11-13 12:26:43.118324,0 days 00:00:00.634302,20.031012334296236,0.9184390967085991,0.16946191258526352,Cu,COMPLETE
544,-0.8802816901408202,2025-11-13 12:26:42.655387,2025-11-13 12:26:43.424312,0 days 00:00:00.768925,20.250793691159412,0.5021158060637645,0.17927648801491963,Cu,COMPLETE
545,-1.1150234741783764,2025-11-13 12:26:43.040190,2025-11-13 12:26:43.509922,0 days 00:00:00.469732,21.661535900146205,0.8767420422957842,1.0066707219099917,Ag,COMPLETE
546,-48.6111111110841,2025-11-13 12:26:43.071438,2025-11-13 12:26:43.813473,0 days 00:00:00.742035,67.547466379936,1.3830589154904371,0.22685594367960016,Ag,COMPLETE
547,21.07652399481161,2025-11-13 12:26:43.377446,2025-11-13 12:26:43.974249,0 days 00:00:00.596803,67.369133590177,19.566539598539183,0.2237187068348765,Ag,COMPLETE
548,-51.76767676764536,2025-11-13 12:26:43.462947,2025-11-13 12:26:43.891650,0 days 00:00:00.428703,67.13843434063868,0.5004270203137962,0.1341385860117316,Ag,COMPLETE
549,-43.60465116277055,2025-11-13 12:26:43.556699,2025-11-13 12:26:44.505705,0 days 00:00:00.949006,67.32611788433776,2.612286500523976,0.4837536694308896,Ag,COMPLETE
550,-47.14912280699262,2025-11-13 12:26:43.581922,2025-11-13 12:26:44.314555,0 days 00:00:00.732633,62.11984236457629,1.836184758154162,0.21896557193243416,Ag,COMPLETE
551,-42.63565891470892,2025-11-13 12:26:43.689892,2025-11-13 12:26:44.379560,0 days 00:00:00.689668,62.547715606979445,2.5093282940032093,0.4681462992922857,Ag,COMPLETE
552,-47.29729729727148,2025-11-13 12:26:43.764275,2025-11-13 12:26:44.442151,0 days 00:00:00.677876,62.587085089028676,1.639684583586585,0.22165127057086292,Ag,COMPLETE
553,-47.29729729727182,2025-11-13 12:26:43.844774,2025-11-13 12:26:44.379560,0 days 00:00:00.534786,62.757180456428536,1.6867707656377617,0.12994357219910188,Ag,COMPLETE
554,-1.423921887713565,2025-11-13 12:26:44.166975,2025-11-13 12:26:44.765288,0 days 00:00:00.598313,116.98921693417765,1.4571787784005568,0.10123867351679494,Ag,COMPLETE
555,-48.245614035062324,2025-11-13 12:26:44.348534,2025-11-13 12:26:44.830656,0 days 00:00:00.482122,65.02834416624842,2.4411145632415394,0.13161261115018796,Ag,COMPLETE
556,-9.74658869395598,2025-11-13 12:26:44.259784,2025-11-13 12:26:44.830656,0 days 00:00:00.570872,27.711298013430877,1.3012807205843853,0.14113464866757672,Ag,COMPLETE
557,-0.6747638326585585,2025-11-13 12:26:44.618636,2025-11-13 12:26:45.228230,0 days 00:00:00.609594,72.61520093298097,11.86928180619986,0.10262179714297043,Au,COMPLETE
558,-19.37984496123722,2025-11-13 12:26:44.719001,2025-11-13 12:26:45.275111,0 days 00:00:00.556110,72.25981618562705,0.8709478964854753,0.15132451744366818,Au,COMPLETE
559,-19.531249999996948,2025-11-13 12:26:44.799343,2025-11-13 12:26:45.212606,0 days 00:00:00.413263,71.67209873167019,0.8145361931017893,0.15524147258211093,Au,COMPLETE
560,-17.639902676396417,2025-11-13 12:26:44.830656,2025-11-13 12:26:45.736625,0 days 00:00:00.905969,56.85715990279503,0.8318012676710681,0.10133473069079003,Au,COMPLETE
561,-19.66666666666346,2025-11-13 12:26:44.893162,2025-11-13 12:26:45.811062,0 days 00:00:00.917900,72.74713337593995,0.5034897316234825,0.16081957321571008,Au,COMPLETE
562,-49.999999999971564,2025-11-13 12:26:44.969478,2025-11-13 12:26:45.696966,0 days 00:00:00.727488,73.31097917921831,1.1183231841022172,0.10277037832894602,Ag,COMPLETE
563,-53.03030303027077,2025-11-13 12:26:45.003640,2025-11-13 12:26:45.645377,0 days 00:00:00.641737,69.18353529172845,0.5123358702319651,0.20008098170378275,Ag,COMPLETE
564,-53.03030303027077,2025-11-13 12:26:45.182818,2025-11-13 12:26:45.732627,0 days 00:00:00.549809,65.3185008693123,0.5037836433548739,0.19964265285265545,Ag,COMPLETE
565,-48.6111111110841,2025-11-13 12:26:45.452589,2025-11-13 12:26:45.984156,0 days 00:00:00.531567,65.89541194932359,1.1604821140802966,0.2531807626447226,Ag,COMPLETE
566,-16.025641025637945,2025-11-13 12:26:45.645377,2025-11-13 12:26:46.438150,0 days 00:00:00.792773,34.537168131236605,1.2174204967039124,0.24025603863474299,Ag,COMPLETE
567,-49.76851851849078,2025-11-13 12:26:45.795480,2025-11-13 12:26:46.265552,0 days 00:00:00.470072,65.90157125502864,1.2764337302035842,0.2771161582939118,Ag,COMPLETE
568,-48.61111111108375,2025-11-13 12:26:45.922184,2025-11-13 12:26:46.438150,0 days 00:00:00.515966,68.34371439362769,1.2200214693714972,0.2942473550039392,Ag,COMPLETE
569,-49.76851851849078,2025-11-13 12:26:45.923185,2025-11-13 12:26:46.579160,0 days 00:00:00.655975,68.67536636058658,1.2296447578077727,0.29841917203943413,Ag,COMPLETE
570,-25.64102564102262,2025-11-13 12:26:46.086952,2025-11-13 12:26:46.900094,0 days 00:00:00.813142,68.4332884123198,16.109569102400663,0.21548438397460795,Ag,COMPLETE
571,-50.245098039186,2025-11-13 12:26:46.344220,2025-11-13 12:26:46.705610,0 days 00:00:00.361390,68.8005353862192,0.8140474928890565,0.2081169431415229,Ag,COMPLETE
572,-40.71969696967839,2025-11-13 12:26:46.359849,2025-11-13 12:26:46.965177,0 days 00:00:00.605328,64.23541341464028,0.5186121235776514,1.406566173660956,Ag,COMPLETE
573,-48.8095238094959,2025-11-13 12:26:46.438150,2025-11-13 12:26:46.929710,0 days 00:00:00.491560,64.42880419648364,0.8064088413269501,0.20893085478735485,Ag,COMPLETE
574,-30.516431924874166,2025-11-13 12:26:46.534594,2025-11-13 12:26:47.262936,0 days 00:00:00.728342,65.074151427173,5.9504475878198155,1.3976850199070043,Ag,COMPLETE
575,-49.99999999997136,2025-11-13 12:26:46.705610,2025-11-13 12:26:47.397774,0 days 00:00:00.692164,66.76806751923506,0.8734496146652526,0.24532773765242835,Ag,COMPLETE
576,-35.71428571427107,2025-11-13 12:26:46.967096,2025-11-13 12:26:47.767007,0 days 00:00:00.799911,48.69792296318141,0.8502121819569652,0.2580416555653969,Ag,COMPLETE
577,-49.999999999971564,2025-11-13 12:26:47.069125,2025-11-13 12:26:47.429597,0 days 00:00:00.360472,65.63688582431922,0.9172276754662738,0.2667210836982897,Ag,COMPLETE
578,-51.47058823526388,2025-11-13 12:26:46.997315,2025-11-13 12:26:47.680187,0 days 00:00:00.682872,66.65930402250419,0.9140680274852071,0.2444667141455515,Ag,COMPLETE
579,-53.03030303027077,2025-11-13 12:26:47.164559,2025-11-13 12:26:47.931725,0 days 00:00:00.767166,70.46958488083112,0.5022956684243254,0.19279868885364687,Ag,COMPLETE
580,-41.66666666664742,2025-11-13 12:26:47.213876,2025-11-13 12:26:47.843834,0 days 00:00:00.629958,80.4008025962153,1.778268816534024,0.1924563337914616,Ag,COMPLETE
581,-50.24509803918605,2025-11-13 12:26:47.296268,2025-11-13 12:26:48.031835,0 days 00:00:00.735567,70.27229588836815,0.5144090818927338,0.2018198493086509,Ag,COMPLETE
582,-27.02702702702214,2025-11-13 12:26:47.542865,2025-11-13 12:26:48.141782,0 days 00:00:00.598917,58.470022838010564,12.576742668290613,0.19366398527302708,Ag,COMPLETE
583,-39.00709219856502,2025-11-13 12:26:47.633860,2025-11-13 12:26:48.180826,0 days 00:00:00.546966,60.438792240776095,1.7535318631404375,1.1762624550713758,Ag,COMPLETE
584,-27.286135693210404,2025-11-13 12:26:47.796912,2025-11-13 12:26:48.248198,0 days 00:00:00.451286,70.6941768672833,12.733148531181422,0.19452462312605515,Ag,COMPLETE
585,-11.054421768705994,2025-11-13 12:26:47.952443,2025-11-13 12:26:48.831243,0 days 00:00:00.878800,29.315357704140617,0.5083574518191023,0.32186850852903076,Ag,COMPLETE
586,-33.459595959585705,2025-11-13 12:26:48.110460,2025-11-13 12:26:48.999189,0 days 00:00:00.888729,75.92896384355006,7.3085466606211895,0.3185836698338913,Ag,COMPLETE
587,-42.65873015871006,2025-11-13 12:26:48.180826,2025-11-13 12:26:48.913594,0 days 00:00:00.732768,70.35771164565685,1.3908383695746322,0.8695435207087592,Ag,COMPLETE
588,-45.94017094014722,2025-11-13 12:26:48.248198,2025-11-13 12:26:48.929242,0 days 00:00:00.681044,76.0534041995478,1.5039581353033853,0.30075402465503187,Ag,COMPLETE
589,-47.297297297271975,2025-11-13 12:26:48.524364,2025-11-13 12:26:49.237191,0 days 00:00:00.712827,74.73574712661647,1.127655776010307,0.2239158257101866,Ag,COMPLETE
590,-48.809523809495936,2025-11-13 12:26:48.780643,2025-11-13 12:26:49.397375,0 days 00:00:00.616732,74.47564411415455,0.5027954271342968,0.20961859964532573,Ag,COMPLETE
591,-48.611111111084135,2025-11-13 12:26:48.831243,2025-11-13 12:26:49.480401,0 days 00:00:00.649158,73.28624723936296,0.9210145211329928,0.2304806417092214,Ag,COMPLETE
592,-48.809523809495936,2025-11-13 12:26:48.913594,2025-11-13 12:26:49.511668,0 days 00:00:00.598074,74.36434400093528,0.5047955451037671,0.2271201560498979,Ag,COMPLETE
593,-50.24509803918605,2025-11-13 12:26:49.003188,2025-11-13 12:26:49.542921,0 days 00:00:00.539733,73.31257885792472,0.5095260022770699,0.21238781969880807,Ag,COMPLETE
594,-3.583333333333196,2025-11-13 12:26:49.344040,2025-11-13 12:26:50.231726,0 days 00:00:00.887686,94.95666516643648,2.172466619260291,0.1640713585046465,Ag,COMPLETE
595,-47.149122806992644,2025-11-13 12:26:49.397375,2025-11-13 12:26:49.955685,0 days 00:00:00.558310,69.12952022955685,2.0631882519180875,0.17300956935525633,Ag,COMPLETE
596,-49.99999999997132,2025-11-13 12:26:49.496134,2025-11-13 12:26:49.893188,0 days 00:00:00.397054,69.09099261075798,1.1190915655486269,0.16975968897111166,Ag,COMPLETE
597,-45.94017094014737,2025-11-13 12:26:49.564139,2025-11-13 12:26:50.130906,0 days 00:00:00.566767,69.89946376057385,1.223429643794748,0.6684781419756864,Ag,COMPLETE
598,-51.4705882352638,2025-11-13 12:26:49.681956,2025-11-13 12:26:50.130906,0 days 00:00:00.448950,68.72338760860747,1.1719887030618548,0.1731306974365519,Ag,COMPLETE
599,-49.76851851849078,2025-11-13 12:26:49.767910,2025-11-13 12:26:50.397656,0 days 00:00:00.629746,70.9596119608768,1.4463035877919375,0.1480267570625279,Ag,COMPLETE
600,-8.203799654575997,2025-11-13 12:26:49.846305,2025-11-13 12:26:50.397656,0 days 00:00:00.551351,26.185930379992836,1.4266231555285167,0.17175621435733446,Ag,COMPLETE
601,-49.99999999997136,2025-11-13 12:26:49.940058,2025-11-13 12:26:50.664737,0 days 00:00:00.724679,71.42221478465689,0.8344279670939334,0.2715696993836717,Ag,COMPLETE
602,-51.4705882352638,2025-11-13 12:26:50.097288,2025-11-13 12:26:50.609357,0 days 00:00:00.512069,70.97556605219542,0.8457064281910897,0.15184091387391482,Ag,COMPLETE
603,-49.99999999997136,2025-11-13 12:26:50.263423,2025-11-13 12:26:50.946992,0 days 00:00:00.683569,66.92998088326455,0.8903639347846256,0.2507301697333811,Ag,COMPLETE
604,-42.68292682924754,2025-11-13 12:26:50.514102,2025-11-13 12:26:50.962712,0 days 00:00:00.448610,67.47142355186236,0.5009501827527316,1.1048338735555054,Ag,COMPLETE
605,-27.027027027023426,2025-11-13 12:26:50.549565,2025-11-13 12:26:51.219778,0 days 00:00:00.670213,67.23658803360044,14.930860192318804,0.132184228777223,Ag,COMPLETE
606,-18.36917562723621,2025-11-13 12:26:50.582842,2025-11-13 12:26:51.546714,0 days 00:00:00.963872,90.57050743972253,0.8747809249206203,0.1351001360021188,Ag,COMPLETE
607,-51.47058823526383,2025-11-13 12:26:50.702474,2025-11-13 12:26:51.296599,0 days 00:00:00.594125,67.21562921421727,0.9614458198536451,0.13287627685876868,Ag,COMPLETE
608,-8.522727272726605,2025-11-13 12:26:50.828328,2025-11-13 12:26:51.264704,0 days 00:00:00.436376,67.59413445638626,15.29334911964325,1.6833134959206724,Ag,COMPLETE
609,-50.245098039186,2025-11-13 12:26:50.897620,2025-11-13 12:26:51.300598,0 days 00:00:00.402978,67.69005579125515,0.910665273317909,0.13604087078396146,Ag,COMPLETE
610,-39.72868217052415,2025-11-13 12:26:51.025121,2025-11-13 12:26:51.686286,0 days 00:00:00.661165,51.51986589294212,0.5053082673129942,0.1983640055085876,Ag,COMPLETE
611,-47.14912280699298,2025-11-13 12:26:51.314042,2025-11-13 12:26:51.946349,0 days 00:00:00.632307,72.25242195494461,1.775803272417317,0.192283089540012,Ag,COMPLETE
612,-1.9080582179623276,2025-11-13 12:26:51.447980,2025-11-13 12:26:51.961976,0 days 00:00:00.513996,101.03105679719704,1.7217773446772755,0.1839215578168433,Ag,COMPLETE
613,-48.42342342339725,2025-11-13 12:26:51.481339,2025-11-13 12:26:52.043675,0 days 00:00:00.562336,71.70559115880395,1.6059967028802467,0.19244969787456795,Ag,COMPLETE
614,-47.29729729727182,2025-11-13 12:26:51.497866,2025-11-13 12:26:52.039674,0 days 00:00:00.541808,63.83871478635345,1.6159904531457128,0.19108952948007224,Ag,COMPLETE
615,-31.432748538000652,2025-11-13 12:26:51.578020,2025-11-13 12:26:52.604828,0 days 00:00:01.026808,86.0900460545314,1.650992381176527,0.1949754150403629,Ag,COMPLETE
616,-19.02887139107306,2025-11-13 12:26:51.634411,2025-11-13 12:26:52.604828,0 days 00:00:00.970417,65.8014090628816,0.5039333014329775,0.26404543433317756,Au,COMPLETE
617,-7.315521628498142,2025-11-13 12:26:51.921018,2025-11-13 12:26:52.298291,0 days 00:00:00.377273,65.53978309404279,8.634331922608553,0.24897444295790383,Au,COMPLETE
618,-35.25641025639949,2025-11-13 12:26:52.060679,2025-11-13 12:26:52.482162,0 days 00:00:00.421483,69.55745654757395,7.9873717859417095,0.2660839058586911,Ag,COMPLETE
619,-51.76767676764536,2025-11-13 12:26:52.147574,2025-11-13 12:26:52.915062,0 days 00:00:00.767488,69.49856009634456,0.5002810559745908,0.1005703651000577,Ag,COMPLETE
620,-49.99999999997149,2025-11-13 12:26:52.283551,2025-11-13 12:26:52.882998,0 days 00:00:00.599447,69.68197122747667,1.196386803175478,0.13640441385672109,Ag,COMPLETE
621,-24.211711711708396,2025-11-13 12:26:52.354466,2025-11-13 12:26:53.059550,0 days 00:00:00.705084,62.70065817165531,13.307821694636075,0.9478044928443043,Ag,COMPLETE
622,-49.99999999997149,2025-11-13 12:26:52.426062,2025-11-13 12:26:53.202661,0 days 00:00:00.776599,62.66177273021184,0.8582195773993455,0.13358809354157342,Ag,COMPLETE
623,-1.1134552273792424,2025-11-13 12:26:52.523880,2025-11-13 12:26:53.201642,0 days 00:00:00.677762,22.978796147425314,0.9131683755386151,0.10011480119055972,Ag,COMPLETE
624,-0.8608815426997103,2025-11-13 12:26:52.615080,2025-11-13 12:26:53.447239,0 days 00:00:00.832159,64.85167576675711,18.677033198835744,1.9590080589213268,Cu,COMPLETE
625,-51.47058823526383,2025-11-13 12:26:52.978213,2025-11-13 12:26:53.448084,0 days 00:00:00.469871,65.51591473062732,0.933419529157881,0.15525799545152846,Ag,COMPLETE
626,-12.544802867382153,2025-11-13 12:26:53.107172,2025-11-13 12:26:53.655451,0 days 00:00:00.548279,65.033593638124,1.3451821413706067,1.9952604077658724,Cu,COMPLETE
627,-28.22580645160364,2025-11-13 12:26:53.296770,2025-11-13 12:26:53.897705,0 days 00:00:00.600935,43.61173415211087,1.2365187456652824,0.2207231801912988,Ag,COMPLETE
628,-49.76851851849059,2025-11-13 12:26:53.328021,2025-11-13 12:26:54.347479,0 days 00:00:01.019458,72.15958941920621,1.2260422985597592,0.22915215527509247,Ag,COMPLETE
629,-48.6111111110841,2025-11-13 12:26:53.406729,2025-11-13 12:26:54.166350,0 days 00:00:00.759621,68.94229498202836,1.1876774186671692,0.22391106363338323,Ag,COMPLETE
630,-7.723577235771578,2025-11-13 12:26:53.484626,2025-11-13 12:26:54.522134,0 days 00:00:01.037508,24.850795121585033,0.5051206489663905,0.23007418130948726,Ag,COMPLETE
631,-7.62910798121992,2025-11-13 12:26:53.536569,2025-11-13 12:26:54.396671,0 days 00:00:00.860102,24.68463884192926,1.1732098075821642,0.23167972387312322,Ag,COMPLETE
632,-47.45370370367742,2025-11-13 12:26:53.830109,2025-11-13 12:26:54.706659,0 days 00:00:00.876550,61.04364277465061,0.8489394410688395,0.16914886488040975,Ag,COMPLETE
633,-51.76767676764536,2025-11-13 12:26:53.881742,2025-11-13 12:26:54.658339,0 days 00:00:00.776597,68.04216194492506,0.5021345974209395,0.15197001540594796,Ag,COMPLETE
634,-51.4705882352638,2025-11-13 12:26:54.275389,2025-11-13 12:26:54.812613,0 days 00:00:00.537224,68.26860369197072,0.8418921279551222,0.16719590967359246,Ag,COMPLETE
635,-49.99999999997149,2025-11-13 12:26:54.367065,2025-11-13 12:26:54.819598,0 days 00:00:00.452533,60.919540864557845,0.8029701060735304,0.16431546526882707,Ag,COMPLETE
636,-51.76767676764536,2025-11-13 12:26:54.427408,2025-11-13 12:26:55.098182,0 days 00:00:00.670774,71.49768279623747,0.5015746699765291,0.17024258971136041,Ag,COMPLETE
637,-44.95614035085377,2025-11-13 12:26:54.717923,2025-11-13 12:26:55.195272,0 days 00:00:00.477349,78.4061482181451,0.893145579072597,0.12920894416193218,Ag,COMPLETE
638,-51.4705882352638,2025-11-13 12:26:54.796986,2025-11-13 12:26:55.622868,0 days 00:00:00.825882,66.08849912024033,0.8850270565342337,0.13284848908399025,Ag,COMPLETE
639,-53.03030303027095,2025-11-13 12:26:54.914519,2025-11-13 12:26:55.697500,0 days 00:00:00.782981,74.18443550716505,0.5004104409242868,0.10024261997709624,Ag,COMPLETE
640,-47.297297297271975,2025-11-13 12:26:55.047594,2025-11-13 12:26:55.670234,0 days 00:00:00.622640,63.67560212558827,1.4076951603257521,0.28493975641389024,Ag,COMPLETE
641,-47.00854700852281,2025-11-13 12:26:55.098182,2025-11-13 12:26:56.036539,0 days 00:00:00.938357,66.70236641649856,2.9602280052697907,0.10168299839185778,Ag,COMPLETE
642,-39.93055555553879,2025-11-13 12:26:55.157392,2025-11-13 12:26:55.762503,0 days 00:00:00.605111,73.69206977765525,4.2034734633197255,0.29079882994514133,Ag,COMPLETE
643,-51.47058823526388,2025-11-13 12:26:55.194272,2025-11-13 12:26:55.669241,0 days 00:00:00.474969,73.37624856121505,0.5066134846948398,0.2732190757447196,Ag,COMPLETE
644,-16.385767790260353,2025-11-13 12:26:55.297197,2025-11-13 12:26:56.284491,0 days 00:00:00.987294,70.52236793730292,1.4352278587659566,1.4841025684657763,Au,COMPLETE
645,-51.76767676764536,2025-11-13 12:26:55.575996,2025-11-13 12:26:56.094663,0 days 00:00:00.518667,66.72010335921368,0.5075920264175113,0.13451159324472312,Ag,COMPLETE
646,-0.6973500697349952,2025-11-13 12:26:55.762503,2025-11-13 12:26:56.463233,0 days 00:00:00.700730,77.19823863333129,14.10486583242107,0.10345318977643994,Au,COMPLETE
647,-18.68872549019331,2025-11-13 12:26:55.644717,2025-11-13 12:26:56.494470,0 days 00:00:00.849753,77.18678392720591,1.1423844750564098,0.1037836809859198,Au,COMPLETE
648,-17.73648648648411,2025-11-13 12:26:55.928972,2025-11-13 12:26:56.352097,0 days 00:00:00.423125,74.50981735454926,1.17921583884854,0.6040542568175239,Au,COMPLETE
649,-45.94017094014738,2025-11-13 12:26:56.064187,2025-11-13 12:26:56.615123,0 days 00:00:00.550936,73.23946660659573,0.8930001761068901,0.6030637581621807,Ag,COMPLETE
650,-51.4705882352638,2025-11-13 12:26:56.329836,2025-11-13 12:26:56.781165,0 days 00:00:00.451329,72.3653957198964,0.8425242771985937,0.14026328073287125,Ag,COMPLETE
651,-47.00854700852298,2025-11-13 12:26:56.463233,2025-11-13 12:26:57.003038,0 days 00:00:00.539805,76.1706193195713,2.088962073178557,0.134690755071799,Ag,COMPLETE
652,-51.47058823526383,2025-11-13 12:26:56.572832,2025-11-13 12:26:57.264967,0 days 00:00:00.692135,70.9090213450111,0.8884811134935069,0.1934324242321678,Ag,COMPLETE
653,-43.65079365077271,2025-11-13 12:26:56.654514,2025-11-13 12:26:57.234637,0 days 00:00:00.580123,79.31989012435999,2.088643556741801,0.136215066591471,Ag,COMPLETE
654,-48.8095238094959,2025-11-13 12:26:56.717071,2025-11-13 12:26:57.491951,0 days 00:00:00.774880,71.19437884991738,0.8412750973783885,0.18940224271728529,Ag,COMPLETE
655,-45.94017094014722,2025-11-13 12:26:56.753324,2025-11-13 12:26:57.476343,0 days 00:00:00.723019,75.39666468624578,2.0345995237307415,0.13350178926125397,Ag,COMPLETE
656,-48.6111111110841,2025-11-13 12:26:56.830103,2025-11-13 12:26:57.349822,0 days 00:00:00.519719,75.76078191632135,0.8444068397603757,0.18804725159033583,Ag,COMPLETE
657,-53.03030303027077,2025-11-13 12:26:56.898260,2025-11-13 12:26:57.596098,0 days 00:00:00.697838,70.82646107448211,0.5098706905590219,0.19296984528352812,Ag,COMPLETE
658,-49.99999999997116,2025-11-13 12:26:57.111228,2025-11-13 12:26:57.779715,0 days 00:00:00.668487,70.54286479641729,1.4079269363926121,0.1316535526371323,Ag,COMPLETE
659,-49.99999999997116,2025-11-13 12:26:57.429448,2025-11-13 12:26:58.055145,0 days 00:00:00.625697,69.7139576685952,1.4368383154082638,0.10187128427363605,Ag,COMPLETE
660,-50.24509803918605,2025-11-13 12:26:57.570361,2025-11-13 12:26:58.365024,0 days 00:00:00.794663,68.9008640421077,0.5051660879118495,0.2337563468372681,Ag,COMPLETE
661,-48.6111111110841,2025-11-13 12:26:57.643530,2025-11-13 12:26:58.380612,0 days 00:00:00.737082,68.83733815348208,1.21547665160693,0.20422395440087626,Ag,COMPLETE
662,-4.729474082481921,2025-11-13 12:26:57.694632,2025-11-13 12:26:58.380612,0 days 00:00:00.685980,82.2653088279359,15.765781320823956,0.10163999782080982,Ag,COMPLETE
663,-48.6111111110841,2025-11-13 12:26:57.736928,2025-11-13 12:26:58.546120,0 days 00:00:00.809192,69.31576013702806,1.2073665015841186,0.2111865890210295,Ag,COMPLETE
664,-40.816326530595646,2025-11-13 12:26:57.835918,2025-11-13 12:26:58.499561,0 days 00:00:00.663643,69.62092928735619,5.352579862442672,0.10087291569276008,Ag,COMPLETE
665,-51.190476190446915,2025-11-13 12:26:57.977038,2025-11-13 12:26:58.589416,0 days 00:00:00.612378,68.59835328496905,1.1808537785770177,0.2098616109029695,Ag,COMPLETE
666,-51.47058823526383,2025-11-13 12:26:58.291651,2025-11-13 12:26:59.007624,0 days 00:00:00.715973,73.50595181836952,0.5148511697804484,0.1690591526550287,Ag,COMPLETE
667,-51.76767676764536,2025-11-13 12:26:58.480855,2025-11-13 12:26:59.054518,0 days 00:00:00.573663,73.15754411513352,0.5056321806998568,0.16685694032656348,Ag,COMPLETE
668,-49.99999999997149,2025-11-13 12:26:58.620538,2025-11-13 12:26:59.164761,0 days 00:00:00.544223,73.25062946971943,0.819908990798437,0.16916291255750288,Ag,COMPLETE
669,-27.227722772271793,2025-11-13 12:26:58.666171,2025-11-13 12:26:59.164761,0 days 00:00:00.498590,72.13747883009196,10.550025293612169,0.6990014722471739,Ag,COMPLETE
670,-51.4705882352638,2025-11-13 12:26:58.716100,2025-11-13 12:26:59.281417,0 days 00:00:00.565317,71.86751011425338,0.8402716850958796,0.17078922118024203,Ag,COMPLETE
671,-30.882352941169163,2025-11-13 12:26:58.761257,2025-11-13 12:26:59.384039,0 days 00:00:00.622782,71.69906473818862,10.512185606239395,0.16553975692663725,Ag,COMPLETE
672,-51.4705882352638,2025-11-13 12:26:58.800493,2025-11-13 12:26:59.297636,0 days 00:00:00.497143,72.97906488224733,0.8338484738488144,0.15676915933935445,Ag,COMPLETE
673,-13.888888888887216,2025-11-13 12:26:59.102508,2025-11-13 12:27:00.261652,0 days 00:00:01.159144,66.25730986526722,1.659570534450279,0.7361958513465786,Cu,COMPLETE
674,-15.416666666665096,2025-11-13 12:26:59.365988,2025-11-13 12:26:59.963762,0 days 00:00:00.597774,66.91580518022238,16.92037271323034,0.2511482026143264,Ag,COMPLETE
675,-45.94017094014737,2025-11-13 12:26:59.384039,2025-11-13 12:27:00.414584,0 days 00:00:01.030545,66.37275608375448,1.6834990966523868,0.3840665148203905,Ag,COMPLETE
676,-14.921171171169135,2025-11-13 12:26:59.430979,2025-11-13 12:27:00.387276,0 days 00:00:00.956297,66.96392232833303,1.7790277065854934,0.24205903868980588,Cu,COMPLETE
677,-15.25821596243915,2025-11-13 12:26:59.471985,2025-11-13 12:27:00.614659,0 days 00:00:01.142674,63.283819545066294,1.7819281037657704,0.20617829167061058,Cu,COMPLETE
678,-14.739229024941299,2025-11-13 12:26:59.530899,2025-11-13 12:27:00.372905,0 days 00:00:00.842006,66.92015223388661,1.6726392259865457,0.2563783953060096,Cu,COMPLETE
679,-49.99999999997152,2025-11-13 12:26:59.912867,2025-11-13 12:27:00.414759,0 days 00:00:00.501892,63.81488646748433,0.5027717054869588,0.3379795509741346,Ag,COMPLETE
680,-15.258215962439067,2025-11-13 12:26:59.938561,2025-11-13 12:27:00.383167,0 days 00:00:00.444606,63.108822057018045,1.7184729794389724,0.20734551751563712,Cu,COMPLETE
681,-21.901709401703823,2025-11-13 12:27:00.557620,2025-11-13 12:27:01.407957,0 days 00:00:00.850337,38.76922514370276,1.064158114496832,0.13766600374253318,Ag,COMPLETE
682,-51.47058823526388,2025-11-13 12:27:00.526372,2025-11-13 12:27:01.266669,0 days 00:00:00.740297,68.50625501457938,1.0884169786396667,0.10193922855151412,Ag,COMPLETE
683,-49.99999999997173,2025-11-13 12:27:00.630415,2025-11-13 12:27:01.328969,0 days 00:00:00.698554,68.5129718033065,1.1063759272797524,0.13523715750259976,Ag,COMPLETE
684,-51.47058823526388,2025-11-13 12:27:00.667986,2025-11-13 12:27:01.652387,0 days 00:00:00.984401,68.09692169204313,1.0721702233801644,0.10040003520339477,Ag,COMPLETE
685,-51.47058823526388,2025-11-13 12:27:00.681164,2025-11-13 12:27:01.074305,0 days 00:00:00.393141,68.93286842196478,1.1067685465733437,0.10043663270738688,Ag,COMPLETE
686,-48.61111111108426,2025-11-13 12:27:00.715274,2025-11-13 12:27:01.582585,0 days 00:00:00.867311,58.25613990358352,0.8554741627870064,0.14242633423581655,Ag,COMPLETE
687,23.966165413533478,2025-11-13 12:27:00.996071,2025-11-13 12:27:02.263575,0 days 00:00:01.267504,58.0946055684197,19.154946123422864,0.2972646569454111,Ag,COMPLETE
688,-1.4919011082693743,2025-11-13 12:27:01.089932,2025-11-13 12:27:01.652387,0 days 00:00:00.562455,104.97944929760783,0.798669491623538,0.14427162706046381,Ag,COMPLETE
689,-50.245098039186,2025-11-13 12:27:01.319166,2025-11-13 12:27:01.945971,0 days 00:00:00.626805,64.54581517288317,0.8300774294686708,0.1916766644395796,Ag,COMPLETE
690,-27.369281045746337,2025-11-13 12:27:01.617974,2025-11-13 12:27:02.409373,0 days 00:00:00.791399,74.81022531504695,11.430755233523573,0.28200376105807284,Ag,COMPLETE
691,-47.453703703677256,2025-11-13 12:27:01.724594,2025-11-13 12:27:02.461699,0 days 00:00:00.737105,61.18425947556766,0.5117820869122047,0.2955298460224816,Ag,COMPLETE
692,-50.24509803918625,2025-11-13 12:27:01.773510,2025-11-13 12:27:02.714117,0 days 00:00:00.940607,70.5947862068815,0.5007589458092498,0.3033927938782186,Ag,COMPLETE
693,-28.198653198647392,2025-11-13 12:27:01.897565,2025-11-13 12:27:02.802067,0 days 00:00:00.904502,74.93461315649934,11.439752979312336,0.19122427218445892,Ag,COMPLETE
694,-48.809523809495936,2025-11-13 12:27:01.838871,2025-11-13 12:27:02.960463,0 days 00:00:01.121592,75.1366085020789,0.5350331313909502,0.19568736167349493,Ag,COMPLETE
695,-49.76851851849078,2025-11-13 12:27:01.980574,2025-11-13 12:27:02.881595,0 days 00:00:00.901021,70.95983826972177,1.3822568680166158,0.19360514005493043,Ag,COMPLETE
696,-18.68872549019331,2025-11-13 12:27:02.297959,2025-11-13 12:27:02.971869,0 days 00:00:00.673910,65.28921592669661,1.3660367031657898,0.19336781950658594,Au,COMPLETE
697,-9.789156626504836,2025-11-13 12:27:02.714117,2025-11-13 12:27:03.212794,0 days 00:00:00.498677,27.928157563838834,0.9171785404940989,0.23732205915337629,Ag,COMPLETE
698,-10.284810126580986,2025-11-13 12:27:02.835116,2025-11-13 12:27:03.721180,0 days 00:00:00.886064,28.53857629968895,0.8688211476634368,0.22890450816059288,Ag,COMPLETE
699,-48.6111111110841,2025-11-13 12:27:02.914134,2025-11-13 12:27:03.418299,0 days 00:00:00.504165,62.630148233469804,0.8679061454613075,0.23123645373381851,Ag,COMPLETE
700,-0.5274261603375261,2025-11-13 12:27:03.032300,2025-11-13 12:27:03.721180,0 days 00:00:00.688880,62.97240769761448,17.595626233463594,0.5232471419686628,Ag,COMPLETE
701,-11.43067846607565,2025-11-13 12:27:03.097999,2025-11-13 12:27:04.064762,0 days 00:00:00.966763,33.61333540485115,12.144150704668334,1.8176364928949518,Ag,COMPLETE
702,-0.7109297725024645,2025-11-13 12:27:03.163258,2025-11-13 12:27:03.721180,0 days 00:00:00.557922,64.7367577949069,17.763687191408405,0.1362075632996388,Ag,COMPLETE
703,-50.245098039186,2025-11-13 12:27:03.214498,2025-11-13 12:27:04.015609,0 days 00:00:00.801111,70.68761149773721,0.5196334668586835,0.1364860121816835,Ag,COMPLETE
704,-40.74074074072269,2025-11-13 12:27:03.535848,2025-11-13 12:27:04.131773,0 days 00:00:00.595925,64.79928452443433,1.3349318051048025,1.253284031473892,Ag,COMPLETE
705,-36.05769230767838,2025-11-13 12:27:03.644942,2025-11-13 12:27:04.216016,0 days 00:00:00.571074,70.0553293685178,1.367088500272406,1.7466285324472643,Ag,COMPLETE
706,0.0,2025-11-13 12:27:03.968663,2025-11-13 12:27:04.284868,0 days 00:00:00.316205,46.82846683235955,19.766265701602354,1.6144266686856512,Au,COMPLETE
707,-0.5868544600938801,2025-11-13 12:27:04.081016,2025-11-13 12:27:04.624964,0 days 00:00:00.543948,22.8419116984348,1.23916120815162,0.1499821592404136,Au,COMPLETE
708,-19.531249999996948,2025-11-13 12:27:04.102178,2025-11-13 12:27:04.664464,0 days 00:00:00.562286,67.15174234023866,0.8452540482981792,0.15150079989678486,Au,COMPLETE
709,-19.333333333330202,2025-11-13 12:27:04.118427,2025-11-13 12:27:04.662777,0 days 00:00:00.544350,67.3280936611949,0.5133658771670763,0.16388166887227384,Au,COMPLETE
710,-49.99999999997132,2025-11-13 12:27:04.165149,2025-11-13 12:27:05.198138,0 days 00:00:01.032989,67.09854712725212,0.8971378187151761,0.15842996559503136,Ag,COMPLETE
711,-47.149122806992466,2025-11-13 12:27:04.284868,2025-11-13 12:27:04.943751,0 days 00:00:00.658883,67.50140178501704,0.506153817433548,0.8255404861714484,Ag,COMPLETE
712,-48.8095238094959,2025-11-13 12:27:04.314347,2025-11-13 12:27:05.293909,0 days 00:00:00.979562,60.16024398385609,0.5012950937557865,0.1736929992163641,Ag,COMPLETE
713,-46.05263157892295,2025-11-13 12:27:04.586653,2025-11-13 12:27:05.496967,0 days 00:00:00.910314,77.89614448892868,0.9133810835838791,0.17024095106932272,Ag,COMPLETE
714,-49.99999999997149,2025-11-13 12:27:04.730111,2025-11-13 12:27:05.569791,0 days 00:00:00.839680,60.463373219783044,0.8382510471214853,0.13088069377814665,Ag,COMPLETE
715,-41.66666666664772,2025-11-13 12:27:04.959377,2025-11-13 12:27:06.069695,0 days 00:00:01.110318,70.0986850493043,1.2389040352664642,1.057204613809021,Ag,COMPLETE
716,-49.76851851849095,2025-11-13 12:27:05.124604,2025-11-13 12:27:06.007198,0 days 00:00:00.882594,69.85214182132529,1.3948240061281396,0.25638822088362084,Ag,COMPLETE
717,-48.6111111110841,2025-11-13 12:27:05.450184,2025-11-13 12:27:06.022858,0 days 00:00:00.572674,65.29125789341684,1.1522224397872884,0.25836610526980014,Ag,COMPLETE
718,-48.6111111110841,2025-11-13 12:27:05.496967,2025-11-13 12:27:06.482244,0 days 00:00:00.985277,70.35785442324327,1.3669757586970837,0.22198573334411106,Ag,COMPLETE
719,-49.99999999997152,2025-11-13 12:27:05.528217,2025-11-13 12:27:06.022858,0 days 00:00:00.494641,69.25448222688281,1.2182359877837654,0.21735730486893895,Ag,COMPLETE
720,-41.666666666647146,2025-11-13 12:27:05.616809,2025-11-13 12:27:06.429713,0 days 00:00:00.812904,69.94717794421385,1.3592277484924429,1.054084091087169,Ag,COMPLETE
721,-51.76767676764536,2025-11-13 12:27:05.944695,2025-11-13 12:27:06.429713,0 days 00:00:00.485018,71.61649764159237,0.5099623777562307,0.12763443013188802,Ag,COMPLETE
722,-40.67460317458373,2025-11-13 12:27:06.147260,2025-11-13 12:27:06.885459,0 days 00:00:00.738199,52.758616966803736,0.8299388682746742,0.10195569976824648,Ag,COMPLETE
723,-51.4705882352638,2025-11-13 12:27:06.147260,2025-11-13 12:27:06.795972,0 days 00:00:00.648712,72.24229236708184,0.8624830058557488,0.10334539374781745,Ag,COMPLETE
724,-49.99999999997149,2025-11-13 12:27:06.374378,2025-11-13 12:27:06.994610,0 days 00:00:00.620232,64.25293497531416,0.8527271819313172,0.13082620506253886,Ag,COMPLETE
725,-48.6111111110841,2025-11-13 12:27:06.468002,2025-11-13 12:27:06.978930,0 days 00:00:00.510928,62.17759626386388,0.9701033326254904,0.12799192990985986,Ag,COMPLETE
726,-49.99999999997149,2025-11-13 12:27:06.555294,2025-11-13 12:27:07.010179,0 days 00:00:00.454885,62.21969023999417,0.8724370912562365,0.10592556935008292,Ag,COMPLETE
727,-32.22222222221368,2025-11-13 12:27:06.613449,2025-11-13 12:27:07.312705,0 days 00:00:00.699256,65.47738953421545,9.492524042779198,0.1916024476681959,Ag,COMPLETE
728,-51.76767676764519,2025-11-13 12:27:06.914354,2025-11-13 12:27:07.429962,0 days 00:00:00.515608,66.22960173151561,0.5309846989509608,0.1867191276824075,Ag,COMPLETE
729,-25.394477317551264,2025-11-13 12:27:07.010179,2025-11-13 12:27:07.647009,0 days 00:00:00.636830,67.94797387672648,16.284006076065012,0.174461627638471,Ag,COMPLETE
730,-48.42342342339705,2025-11-13 12:27:07.148273,2025-11-13 12:27:07.631336,0 days 00:00:00.483063,68.04426692216502,1.9395974592336427,0.17835027536128065,Ag,COMPLETE
731,-53.03030303027077,2025-11-13 12:27:07.217887,2025-11-13 12:27:08.185690,0 days 00:00:00.967803,68.21022555517436,0.5119479590960764,0.17663404047453518,Ag,COMPLETE
732,-47.14912280699298,2025-11-13 12:27:07.312705,2025-11-13 12:27:07.999081,0 days 00:00:00.686376,73.8899930830142,1.5635582089198872,0.1616070174254205,Ag,COMPLETE
733,-48.809523809495936,2025-11-13 12:27:07.527174,2025-11-13 12:27:07.999081,0 days 00:00:00.471907,73.91743829375577,0.5097074266725625,0.23674497450987386,Ag,COMPLETE
734,-47.29729729727148,2025-11-13 12:27:07.561672,2025-11-13 12:27:08.219243,0 days 00:00:00.657571,72.63146107615263,1.639073119485209,0.2205769379478036,Ag,COMPLETE
735,-8.333333333332503,2025-11-13 12:27:07.680330,2025-11-13 12:27:08.296131,0 days 00:00:00.615801,26.196800777517446,1.6235281658224978,0.24053865103554403,Ag,COMPLETE
736,-37.41496598637912,2025-11-13 12:27:07.846003,2025-11-13 12:27:08.540453,0 days 00:00:00.694450,64.98637049755251,0.5160861157810512,1.911843962417262,Ag,COMPLETE
737,-49.99999999997149,2025-11-13 12:27:07.947238,2025-11-13 12:27:08.509211,0 days 00:00:00.561973,64.0050770361299,0.8481793185273128,0.13495685752919603,Ag,COMPLETE
738,-48.6111111110841,2025-11-13 12:27:08.068337,2025-11-13 12:27:08.587333,0 days 00:00:00.518996,63.86382839037183,1.113367644285627,0.2701851109631546,Ag,COMPLETE
739,-48.61111111108426,2025-11-13 12:27:08.147841,2025-11-13 12:27:08.763530,0 days 00:00:00.615689,63.67814556740057,1.144930995720058,0.20895884980293378,Ag,COMPLETE
740,-15.13532763532632,2025-11-13 12:27:08.283645,2025-11-13 12:27:08.831762,0 days 00:00:00.548117,30.823720776438876,18.3420708783521,0.28008323188358414,Ag,COMPLETE
741,-50.24509803918605,2025-11-13 12:27:08.478034,2025-11-13 12:27:09.252110,0 days 00:00:00.774076,66.02600346488909,0.510850795365263,0.20631395107886533,Ag,COMPLETE
742,-51.47058823526383,2025-11-13 12:27:08.665745,2025-11-13 12:27:09.250107,0 days 00:00:00.584362,66.82301297044053,0.8851230431143551,0.19784770367448815,Ag,COMPLETE
743,-48.809523809495936,2025-11-13 12:27:08.714090,2025-11-13 12:27:09.311308,0 days 00:00:00.597218,66.56175277646376,0.9249683223005807,0.19528917462110285,Ag,COMPLETE
744,-49.99999999997152,2025-11-13 12:27:08.763530,2025-11-13 12:27:09.311308,0 days 00:00:00.547778,65.97801965397079,0.5143588578053325,0.33454150555580475,Ag,COMPLETE
745,-49.99999999997132,2025-11-13 12:27:08.831762,2025-11-13 12:27:09.685961,0 days 00:00:00.854199,66.50449578715995,0.8532077621047227,0.20597601206009541,Ag,COMPLETE
746,-44.79166666664434,2025-11-13 12:27:08.928131,2025-11-13 12:27:09.662970,0 days 00:00:00.734839,66.31387458096575,2.2966273227266747,0.345465383575592,Ag,COMPLETE
747,-49.99999999997132,2025-11-13 12:27:09.184859,2025-11-13 12:27:09.979409,0 days 00:00:00.794550,68.61045427630391,1.245574710950216,0.1592873277305526,Ag,COMPLETE
748,-44.573643410831764,2025-11-13 12:27:09.373726,2025-11-13 12:27:10.598267,0 days 00:00:01.224541,68.47790501805382,3.858813665233943,0.15609970701322143,Ag,COMPLETE
749,-51.76767676764536,2025-11-13 12:27:09.564819,2025-11-13 12:27:10.138354,0 days 00:00:00.573535,68.74013742392981,0.5040049742809226,0.1601897453743709,Ag,COMPLETE
750,-51.190476190446915,2025-11-13 12:27:09.599152,2025-11-13 12:27:10.090292,0 days 00:00:00.491140,68.72363926206641,1.2400637205556053,0.15759210143604005,Ag,COMPLETE
751,-49.99999999997149,2025-11-13 12:27:09.695961,2025-11-13 12:27:10.350352,0 days 00:00:00.654391,68.95994996584061,1.222408541266618,0.15410426616906234,Ag,COMPLETE
752,-48.611111111084135,2025-11-13 12:27:09.763420,2025-11-13 12:27:10.504028,0 days 00:00:00.740608,61.07283877763209,1.1182399934535439,0.10194126863508202,Ag,COMPLETE
753,-47.453703703677256,2025-11-13 12:27:09.947093,2025-11-13 12:27:10.700185,0 days 00:00:00.753092,61.53410820320573,0.8531150411022974,0.2523629464337153,Ag,COMPLETE
754,-0.7062146892655247,2025-11-13 12:27:10.168275,2025-11-13 12:27:11.294290,0 days 00:00:01.126015,71.89467776337398,14.625346343081645,0.10055286144572331,Au,COMPLETE
755,-18.48370927318017,2025-11-13 12:27:10.285970,2025-11-13 12:27:11.273027,0 days 00:00:00.987057,61.92807749268616,0.8234931158027,0.25974391533353003,Au,COMPLETE
756,-0.7342143906020427,2025-11-13 12:27:10.431202,2025-11-13 12:27:11.297378,0 days 00:00:00.866176,62.7988926729571,14.481952251833512,1.3271122899041823,Au,COMPLETE
757,-0.5296610169491436,2025-11-13 12:27:10.489361,2025-11-13 12:27:11.436188,0 days 00:00:00.946827,71.04017669202551,14.639443885802768,0.13163397314043493,Au,COMPLETE
758,-18.382352941173767,2025-11-13 12:27:10.540778,2025-11-13 12:27:11.405058,0 days 00:00:00.864280,80.84038661574675,0.8043667768886273,0.10053409582977887,Au,COMPLETE
759,-49.76851851849095,2025-11-13 12:27:10.752407,2025-11-13 12:27:11.933602,0 days 00:00:01.181195,70.55952955798664,1.610456311858536,0.13046462965129318,Ag,COMPLETE
760,-41.666666666647856,2025-11-13 12:27:11.139130,2025-11-13 12:27:11.617939,0 days 00:00:00.478809,71.27861529995833,1.5168561942761911,0.9954119420216755,Ag,COMPLETE
761,-42.65873015870962,2025-11-13 12:27:11.313003,2025-11-13 12:27:11.931596,0 days 00:00:00.618593,56.94022340518696,2.0323780455719547,0.22611459554328237,Ag,COMPLETE
762,-47.149122806992644,2025-11-13 12:27:11.413821,2025-11-13 12:27:12.348978,0 days 00:00:00.935157,67.6534035877594,2.006908241662062,0.22745691214732555,Ag,COMPLETE
763,-23.069679849338236,2025-11-13 12:27:11.569806,2025-11-13 12:27:12.622668,0 days 00:00:01.052862,64.16640376602057,13.792285169345714,1.5343708542430097,Ag,COMPLETE
764,-36.29032258063328,2025-11-13 12:27:11.736653,2025-11-13 12:27:12.667479,0 days 00:00:00.930826,64.80899823559662,7.715952233260824,0.18220476063772584,Ag,COMPLETE
765,-29.166666666660173,2025-11-13 12:27:11.867226,2025-11-13 12:27:13.062792,0 days 00:00:01.195566,59.46864585268532,10.906941028877636,0.1835121464898584,Ag,COMPLETE
766,-50.24509803918605,2025-11-13 12:27:11.955322,2025-11-13 12:27:12.794660,0 days 00:00:00.839338,64.56917092735755,0.5388791817283032,0.19325714850110254,Ag,COMPLETE
767,-49.99999999997152,2025-11-13 12:27:12.113240,2025-11-13 12:27:13.325430,0 days 00:00:01.212190,75.67522265703647,0.5157713033406951,0.18468717324561962,Ag,COMPLETE
768,-48.6111111110841,2025-11-13 12:27:12.310890,2025-11-13 12:27:13.109287,0 days 00:00:00.798397,77.2515209260513,0.5060990538513278,0.1807935838451783,Ag,COMPLETE
769,-1.1134552273792424,2025-11-13 12:27:12.430233,2025-11-13 12:27:13.110297,0 days 00:00:00.680064,23.44341762880678,0.8681525622895219,0.18965805893784282,Ag,COMPLETE
770,-49.99999999997149,2025-11-13 12:27:12.667479,2025-11-13 12:27:13.571960,0 days 00:00:00.904481,59.85186259639666,0.5127199281365754,0.10124626918377788,Ag,COMPLETE
771,-49.99999999997132,2025-11-13 12:27:13.046085,2025-11-13 12:27:13.714508,0 days 00:00:00.668423,68.07901997344689,1.1519555372547297,0.1372590925587559,Ag,COMPLETE
772,-51.190476190446915,2025-11-13 12:27:13.144471,2025-11-13 12:27:14.096628,0 days 00:00:00.952157,67.99141086268615,1.175510240166279,0.13754282609176735,Ag,COMPLETE
773,-49.99999999997149,2025-11-13 12:27:13.314317,2025-11-13 12:27:14.104339,0 days 00:00:00.790022,68.60539468514645,1.175264566552112,0.1461962733051669,Ag,COMPLETE
774,-51.47058823526388,2025-11-13 12:27:13.370443,2025-11-13 12:27:14.099282,0 days 00:00:00.728839,69.75605225649448,1.0619053958724658,0.10007616671376705,Ag,COMPLETE
775,-49.99999999997149,2025-11-13 12:27:13.429870,2025-11-13 12:27:14.087578,0 days 00:00:00.657708,67.79106225877293,1.1765212800013085,0.1523049730747253,Ag,COMPLETE
776,-35.91954022987266,2025-11-13 12:27:13.510914,2025-11-13 12:27:14.387802,0 days 00:00:00.876888,73.7926667931523,6.412397987570667,0.27887541740947125,Ag,COMPLETE
777,-48.809523809495936,2025-11-13 12:27:13.714508,2025-11-13 12:27:14.650166,0 days 00:00:00.935658,72.52622223509621,0.8233478637754031,0.2695230167042728,Ag,COMPLETE
778,-13.457556935816067,2025-11-13 12:27:14.017157,2025-11-13 12:27:14.689488,0 days 00:00:00.672331,72.24239330143017,1.536892949722072,0.264029535522856,Cu,COMPLETE
779,-14.076576576574729,2025-11-13 12:27:14.159262,2025-11-13 12:27:15.170814,0 days 00:00:01.011552,72.0105848781202,0.5110459975900005,0.23636549248271707,Cu,COMPLETE
780,-50.24509803918605,2025-11-13 12:27:14.386803,2025-11-13 12:27:15.109852,0 days 00:00:00.723049,64.84656103215453,0.5006957419064073,0.21411545535417126,Ag,COMPLETE
781,-49.99999999997152,2025-11-13 12:27:14.406800,2025-11-13 12:27:15.138261,0 days 00:00:00.731461,66.14311802336309,0.8605300246928911,0.23332098145163238,Ag,COMPLETE
782,-49.99999999997132,2025-11-13 12:27:14.529025,2025-11-13 12:27:15.294887,0 days 00:00:00.765862,64.930999572895,0.838949688326593,0.2087129623059132,Ag,COMPLETE
783,-27.08333333332877,2025-11-13 12:27:14.608095,2025-11-13 12:27:15.477124,0 days 00:00:00.869029,65.06297067896735,13.289835613559278,0.22147793228353302,Ag,COMPLETE
784,-50.24509803918605,2025-11-13 12:27:14.724205,2025-11-13 12:27:15.279250,0 days 00:00:00.555045,65.58518023417713,0.5059795299714633,0.22666505582314747,Ag,COMPLETE
785,-49.76851851849095,2025-11-13 12:27:15.076175,2025-11-13 12:27:15.748755,0 days 00:00:00.672580,62.95275300295927,1.5478362700862887,0.13662849669071214,Ag,COMPLETE
786,-23.648648648642254,2025-11-13 12:27:15.249448,2025-11-13 12:27:15.483974,0 days 00:00:00.234526,41.328534121311975,1.5433154713967658,0.5669292746370127,Ag,COMPLETE
787,-38.94927536230196,2025-11-13 12:27:15.406175,2025-11-13 12:27:16.067555,0 days 00:00:00.661380,62.23158940118599,0.8748785230755276,1.4441484460271292,Ag,COMPLETE
788,-49.76851851849078,2025-11-13 12:27:15.513359,2025-11-13 12:27:16.067555,0 days 00:00:00.554196,69.4305081115009,1.4544287813648502,0.1360740405796882,Ag,COMPLETE
789,-48.8095238094959,2025-11-13 12:27:15.579089,2025-11-13 12:27:15.973791,0 days 00:00:00.394702,62.65690696017699,0.8842745455596499,0.14366029277869716,Ag,COMPLETE
790,-38.94927536230196,2025-11-13 12:27:15.625980,2025-11-13 12:27:16.315802,0 days 00:00:00.689822,70.15980114566601,0.8670936363642415,1.4533429522787755,Ag,COMPLETE
791,-49.99999999997132,2025-11-13 12:27:15.673579,2025-11-13 12:27:16.788613,0 days 00:00:01.115034,70.19344445845742,1.1195170220570057,0.17227892249663782,Ag,COMPLETE
792,-51.76767676764536,2025-11-13 12:27:15.911226,2025-11-13 12:27:16.812395,0 days 00:00:00.901169,70.44051829240546,0.5006757298031409,0.1715061773558481,Ag,COMPLETE
793,-24.999999999992887,2025-11-13 12:27:15.973791,2025-11-13 12:27:16.936121,0 days 00:00:00.962330,88.76989480014501,1.1238737231213998,0.17018306836272207,Ag,COMPLETE
794,-14.573070607551939,2025-11-13 12:27:16.144854,2025-11-13 12:27:17.166678,0 days 00:00:01.021824,66.68435864807475,17.177328633275774,0.10156793159970663,Ag,COMPLETE
795,-48.6111111110841,2025-11-13 12:27:16.645856,2025-11-13 12:27:17.344441,0 days 00:00:00.698585,75.27643375213529,0.5053616389625646,0.32027320309104135,Ag,COMPLETE
796,-50.24509803918621,2025-11-13 12:27:16.685538,2025-11-13 12:27:17.278366,0 days 00:00:00.592828,67.2495021449155,0.8499364535421066,0.10113034094856468,Ag,COMPLETE
797,-49.999999999971564,2025-11-13 12:27:16.784579,2025-11-13 12:27:17.344441,0 days 00:00:00.559862,67.08734040292596,0.8435326203890965,0.30956449687903054,Ag,COMPLETE
798,-53.03030303027095,2025-11-13 12:27:16.849951,2025-11-13 12:27:17.468994,0 days 00:00:00.619043,66.8321773427976,0.8669568722415808,0.10132645682097886,Ag,COMPLETE
799,-1.4391447368420864,2025-11-13 12:27:16.952269,2025-11-13 12:27:17.682466,0 days 00:00:00.730197,111.375584634164,0.8494823621654535,0.12778761377552794,Ag,COMPLETE
800,-49.76851851849098,2025-11-13 12:27:17.297432,2025-11-13 12:27:17.798695,0 days 00:00:00.501263,64.5630151600283,1.7779509993258786,0.10168132574248952,Ag,COMPLETE
801,-35.49382716048066,2025-11-13 12:27:17.444660,2025-11-13 12:27:18.332658,0 days 00:00:00.887998,62.95445459123969,1.817702123437566,1.8604706054622793,Ag,COMPLETE
802,-35.31073446326472,2025-11-13 12:27:17.500590,2025-11-13 12:27:18.237778,0 days 00:00:00.737188,62.69125233926892,5.62546094020523,0.7629109400370397,Ag,COMPLETE
803,-26.9764957264922,2025-11-13 12:27:17.591951,2025-11-13 12:27:18.593487,0 days 00:00:01.001536,63.521503637226374,15.458552621480266,0.13576819665021192,Ag,COMPLETE
804,-45.9401709401477,2025-11-13 12:27:17.648472,2025-11-13 12:27:18.301981,0 days 00:00:00.653509,63.830561367524226,2.2277566069902046,0.13640534810013988,Ag,COMPLETE
805,-48.42342342339707,2025-11-13 12:27:17.699769,2025-11-13 12:27:18.301981,0 days 00:00:00.602212,62.77069965636955,1.438023146256259,0.13671091469045643,Ag,COMPLETE
806,-29.10052910051983,2025-11-13 12:27:17.816103,2025-11-13 12:27:18.558038,0 days 00:00:00.741935,84.20348590136301,1.5393682536857716,0.901749835827431,Ag,COMPLETE
807,-49.99999999997152,2025-11-13 12:27:18.079870,2025-11-13 12:27:18.804210,0 days 00:00:00.724340,66.2246010153938,1.3515483776776893,0.10139116416797657,Ag,COMPLETE
808,-51.190476190446915,2025-11-13 12:27:18.466724,2025-11-13 12:27:19.047138,0 days 00:00:00.580414,66.93638071028215,1.2204028866358256,0.1785273017364226,Ag,COMPLETE
809,-18.11594202898157,2025-11-13 12:27:18.563745,2025-11-13 12:27:19.350357,0 days 00:00:00.786612,36.31179379753219,1.169474449215183,0.18231405120281413,Ag,COMPLETE
810,-47.297297297271975,2025-11-13 12:27:18.655982,2025-11-13 12:27:19.394187,0 days 00:00:00.738205,60.14935506120112,1.170933762444824,0.17630771060056777,Ag,COMPLETE
811,-19.194756554302785,2025-11-13 12:27:18.706129,2025-11-13 12:27:19.350357,0 days 00:00:00.644228,37.166955405577454,1.1426450960230818,0.4165514524923283,Ag,COMPLETE
812,-49.99999999997132,2025-11-13 12:27:18.868187,2025-11-13 12:27:19.571920,0 days 00:00:00.703733,68.64112780123313,1.0968700173471744,0.19302850203556352,Ag,COMPLETE
813,-19.23076923076616,2025-11-13 12:27:18.942941,2025-11-13 12:27:20.111894,0 days 00:00:01.168953,67.6318153501025,0.8411522279983614,0.21309746482724454,Au,COMPLETE
814,-15.771028037381734,2025-11-13 12:27:19.251029,2025-11-13 12:27:20.158868,0 days 00:00:00.907839,66.26677466004924,3.315588957172311,1.5817502370546797,Au,COMPLETE
815,-0.5868544600938801,2025-11-13 12:27:19.482068,2025-11-13 12:27:20.081373,0 days 00:00:00.599305,22.371668958749964,0.514296131772933,0.10109617055301666,Au,COMPLETE
816,-18.910256410253545,2025-11-13 12:27:19.583591,2025-11-13 12:27:20.298485,0 days 00:00:00.714894,65.97893081648698,0.7591157358708625,0.23599803965600993,Au,COMPLETE
817,-48.42342342339705,2025-11-13 12:27:19.655172,2025-11-13 12:27:20.811073,0 days 00:00:01.155901,65.28847457535444,1.9510699316118356,0.15676783680322282,Ag,COMPLETE
818,-0.6720430107526773,2025-11-13 12:27:19.686882,2025-11-13 12:27:20.905457,0 days 00:00:01.218575,98.79837507445771,8.84070868079234,0.2443621383506644,Au,COMPLETE
819,-48.423423423397416,2025-11-13 12:27:19.872639,2025-11-13 12:27:20.842562,0 days 00:00:00.969923,68.94928589712133,1.8801005180940753,0.15918047527448514,Ag,COMPLETE
820,-50.245098039186,2025-11-13 12:27:19.995378,2025-11-13 12:27:20.812901,0 days 00:00:00.817523,60.78410994992051,0.5073049018330483,0.15604816056349946,Ag,COMPLETE
821,-45.94017094014722,2025-11-13 12:27:20.339502,2025-11-13 12:27:21.051866,0 days 00:00:00.712364,60.85311243442278,2.00362395666523,0.15323524843873393,Ag,COMPLETE
822,-14.059304703474794,2025-11-13 12:27:20.397666,2025-11-13 12:27:21.343392,0 days 00:00:00.945726,68.10124710606561,2.706353418703978,0.27707305170670316,Cu,COMPLETE
823,-48.61111111108426,2025-11-13 12:27:20.500829,2025-11-13 12:27:21.374550,0 days 00:00:00.873721,60.945853641322486,0.8437167967099075,0.15668724000552478,Ag,COMPLETE
824,-5.762411347517287,2025-11-13 12:27:20.842562,2025-11-13 12:27:21.515202,0 days 00:00:00.672640,26.417115658061665,0.5005949327524413,0.20097082399905863,Cu,COMPLETE
825,-49.99999999997116,2025-11-13 12:27:21.103029,2025-11-13 12:27:21.892865,0 days 00:00:00.789836,71.0660855585085,1.4378588054432093,0.10268504446846695,Ag,COMPLETE
826,-7.170542635658268,2025-11-13 12:27:21.163654,2025-11-13 12:27:21.940428,0 days 00:00:00.776774,24.15938304715991,0.5074825422280151,0.2032541560613917,Ag,COMPLETE
827,-47.297297297271975,2025-11-13 12:27:21.390512,2025-11-13 12:27:22.293297,0 days 00:00:00.902785,71.30245190230968,1.4694494432432057,0.2094067338412835,Ag,COMPLETE
828,-49.99999999997152,2025-11-13 12:27:21.390512,2025-11-13 12:27:22.221705,0 days 00:00:00.831193,70.4047976971756,1.3690018728401085,0.10023160413592073,Ag,COMPLETE
829,-49.99999999997173,2025-11-13 12:27:21.515202,2025-11-13 12:27:22.759790,0 days 00:00:01.244588,64.91216993815901,1.1151691917671545,0.14002906064813025,Ag,COMPLETE
830,-1.427406199021184,2025-11-13 12:27:21.615688,2025-11-13 12:27:22.666875,0 days 00:00:01.051187,115.19046424328653,1.4543466895787376,0.12616000478245082,Ag,COMPLETE
831,-51.4705882352638,2025-11-13 12:27:21.818654,2025-11-13 12:27:22.712446,0 days 00:00:00.893792,65.13097599711624,0.8927643011413572,0.13170243621807015,Ag,COMPLETE
832,-50.245098039186,2025-11-13 12:27:21.846507,2025-11-13 12:27:23.048327,0 days 00:00:01.201820,65.45427111299921,0.8956136088639368,0.13728203498899835,Ag,COMPLETE
833,-41.666666666648545,2025-11-13 12:27:22.439419,2025-11-13 12:27:23.130940,0 days 00:00:00.691521,64.72903134223108,4.495950585529624,0.1381588752761576,Ag,COMPLETE
834,-49.99999999997136,2025-11-13 12:27:22.487009,2025-11-13 12:27:23.313211,0 days 00:00:00.826202,66.08917728564002,0.8947919852712136,0.2536638145303991,Ag,COMPLETE
835,-49.99999999997132,2025-11-13 12:27:22.496789,2025-11-13 12:27:22.963041,0 days 00:00:00.466252,65.62167438511052,0.9161521006344076,0.13680051722179262,Ag,COMPLETE
836,-49.99999999997136,2025-11-13 12:27:22.586413,2025-11-13 12:27:23.379836,0 days 00:00:00.793423,67.84060576100704,0.8627235454692253,0.2537725225791787,Ag,COMPLETE
837,-51.47058823526383,2025-11-13 12:27:22.963041,2025-11-13 12:27:23.552564,0 days 00:00:00.589523,68.25411316732071,0.8210573102561245,0.24324505972999377,Ag,COMPLETE
838,-44.95614035085329,2025-11-13 12:27:23.066771,2025-11-13 12:27:23.878373,0 days 00:00:00.811602,57.893537476197416,0.8566092940981318,0.2503033228370608,Ag,COMPLETE
839,-38.94927536230196,2025-11-13 12:27:23.179724,2025-11-13 12:27:23.846941,0 days 00:00:00.667217,55.5785883539274,0.5168765122092743,1.177527048122428,Ag,COMPLETE
840,-47.297297297271975,2025-11-13 12:27:23.255974,2025-11-13 12:27:23.878373,0 days 00:00:00.622399,73.8779339809901,1.1542240909728232,0.19083077125983094,Ag,COMPLETE
841,-51.47058823526383,2025-11-13 12:27:23.297726,2025-11-13 12:27:23.848938,0 days 00:00:00.551212,73.08700607329956,0.5063721087508181,0.18782015104084526,Ag,COMPLETE
842,-46.05263157892295,2025-11-13 12:27:23.456846,2025-11-13 12:27:24.061123,0 days 00:00:00.604277,58.45542087242051,1.2593703331650294,0.17862089151153593,Ag,COMPLETE
843,-49.99999999997149,2025-11-13 12:27:23.581181,2025-11-13 12:27:24.165904,0 days 00:00:00.584723,68.79851775027358,1.1462441171728797,0.18479121756546266,Ag,COMPLETE
844,-3.1362007168457757,2025-11-13 12:27:23.802847,2025-11-13 12:27:24.381559,0 days 00:00:00.578712,95.88449286982569,0.508571521130457,0.10063891659929267,Ag,COMPLETE
845,-47.297297297271975,2025-11-13 12:27:24.018760,2025-11-13 12:27:24.708717,0 days 00:00:00.689957,79.77479326962457,0.5223962939071803,0.10141864193741433,Ag,COMPLETE
846,-43.80341880339635,2025-11-13 12:27:24.061123,2025-11-13 12:27:24.892764,0 days 00:00:00.831641,78.91995797983628,0.5004954146032539,0.3088701734801122,Ag,COMPLETE
847,-44.79166666664434,2025-11-13 12:27:24.211292,2025-11-13 12:27:24.594517,0 days 00:00:00.383225,79.26666986638483,1.6299988599557462,0.10111057108254606,Ag,COMPLETE
848,-29.63917525772584,2025-11-13 12:27:24.273846,2025-11-13 12:27:24.998348,0 days 00:00:00.724502,70.0078652207044,11.818490468123102,0.10017604674123926,Ag,COMPLETE
849,-53.03030303027095,2025-11-13 12:27:24.314757,2025-11-13 12:27:24.998348,0 days 00:00:00.683591,69.47708692222673,0.5107288495508696,0.10022946992465086,Ag,COMPLETE
850,-13.059701492535334,2025-11-13 12:27:24.337114,2025-11-13 12:27:25.094155,0 days 00:00:00.757041,91.74493695298587,0.5193190735530429,0.21654142332710505,Ag,COMPLETE
851,-49.999999999971564,2025-11-13 12:27:24.414514,2025-11-13 12:27:25.436742,0 days 00:00:01.022228,69.71877151938905,0.8613412221304486,0.2968996517354491,Ag,COMPLETE
852,-51.47058823526383,2025-11-13 12:27:24.677092,2025-11-13 12:27:25.109797,0 days 00:00:00.432705,70.12025520904426,0.852688683309581,0.21111057366006628,Ag,COMPLETE
853,-51.190476190446915,2025-11-13 12:27:24.946914,2025-11-13 12:27:25.439748,0 days 00:00:00.492834,69.36004313321742,1.1749370278032831,0.21566350652278393,Ag,COMPLETE
854,-36.72316384179542,2025-11-13 12:27:24.899837,2025-11-13 12:27:25.796207,0 days 00:00:00.896370,70.08069504042255,7.169730552656094,0.16860786943610068,Ag,COMPLETE
855,-22.685185185180075,2025-11-13 12:27:25.214740,2025-11-13 12:27:26.028906,0 days 00:00:00.814166,44.96022318495396,7.152014620366254,0.16266123359165763,Ag,COMPLETE
856,-47.297297297271456,2025-11-13 12:27:25.352962,2025-11-13 12:27:25.846308,0 days 00:00:00.493346,75.10635271712707,1.2416454932367613,0.16438751569425905,Ag,COMPLETE
857,-48.423423423397416,2025-11-13 12:27:25.405577,2025-11-13 12:27:26.050525,0 days 00:00:00.644948,72.62522479024993,1.5277919911380027,0.15677860457320925,Ag,COMPLETE
858,-36.16352201256492,2025-11-13 12:27:24.778355,2025-11-13 12:27:26.050525,0 days 00:00:01.272170,72.74842421929254,1.567413553568989,1.674197998928392,Ag,COMPLETE
859,-48.423423423397416,2025-11-13 12:27:25.444742,2025-11-13 12:27:26.314810,0 days 00:00:00.870068,74.74216448613615,1.5166818260857355,0.1557154002459932,Ag,COMPLETE
860,-49.76851851849095,2025-11-13 12:27:25.703823,2025-11-13 12:27:26.446947,0 days 00:00:00.743124,72.39348051195799,1.5096838238577364,0.13805777389476184,Ag,COMPLETE
861,-15.20681265206587,2025-11-13 12:27:25.902821,2025-11-13 12:27:26.948009,0 days 00:00:01.045188,67.60612054303604,0.8777731655591803,0.1324985723295734,Cu,COMPLETE
862,-13.978494623654104,2025-11-13 12:27:26.183424,2025-11-13 12:27:26.896819,0 days 00:00:00.713395,50.396720642196684,2.3583935718193585,0.13711332632345538,Cu,COMPLETE
863,-13.535031847131982,2025-11-13 12:27:26.070830,2025-11-13 12:27:26.897879,0 days 00:00:00.827049,72.20845834139311,0.9159464813377239,0.3679131213716705,Cu,COMPLETE
864,-50.24509803918621,2025-11-13 12:27:26.336374,2025-11-13 12:27:26.912481,0 days 00:00:00.576107,67.78278244603135,0.8577349355719786,0.10104347322555046,Ag,COMPLETE
865,-15.547263681589719,2025-11-13 12:27:26.384203,2025-11-13 12:27:26.897879,0 days 00:00:00.513676,67.74255416894944,0.504911205379558,0.1327930715023651,Cu,COMPLETE
866,-49.99999999997132,2025-11-13 12:27:26.494324,2025-11-13 12:27:27.502685,0 days 00:00:01.008361,71.86542387845068,1.0650701573790315,0.2039297744558122,Ag,COMPLETE
867,-48.809523809495936,2025-11-13 12:27:26.849019,2025-11-13 12:27:27.499688,0 days 00:00:00.650669,76.22783203877647,0.5058949622229391,0.20557616519438882,Ag,COMPLETE
868,-45.94017094014737,2025-11-13 12:27:27.010290,2025-11-13 12:27:27.546029,0 days 00:00:00.535739,77.43090996921623,1.1676974899400574,0.20454780898165853,Ag,COMPLETE
869,-38.39869281044234,2025-11-13 12:27:27.427655,2025-11-13 12:27:28.209306,0 days 00:00:00.781651,63.353974049983215,5.020409191263327,0.28284087620775855,Ag,COMPLETE
870,-51.47058823526388,2025-11-13 12:27:27.450534,2025-11-13 12:27:28.209306,0 days 00:00:00.758772,70.85464458691199,0.5039401091200947,0.2651330795630578,Ag,COMPLETE
871,-48.61111111108426,2025-11-13 12:27:27.906302,2025-11-13 12:27:28.812489,0 days 00:00:00.906187,71.00929621528188,1.1540542862364656,0.17442084825680684,Ag,COMPLETE
872,-48.423423423397416,2025-11-13 12:27:27.937680,2025-11-13 12:27:28.815500,0 days 00:00:00.877820,67.14174460341548,1.899477080936646,0.16985270020839283,Ag,COMPLETE
873,-48.423423423397416,2025-11-13 12:27:27.997506,2025-11-13 12:27:28.659510,0 days 00:00:00.662004,67.17719742958317,1.809587145596991,0.1693284934651702,Ag,COMPLETE
874,-11.60714285714122,2025-11-13 12:27:27.997506,2025-11-13 12:27:28.781510,0 days 00:00:00.784004,30.280765438559147,1.1376562232924747,0.1733733626578046,Ag,COMPLETE
875,-20.488029465927745,2025-11-13 12:27:28.101340,2025-11-13 12:27:28.690271,0 days 00:00:00.588931,67.3007625104869,16.75184260529174,0.17217621340650702,Ag,COMPLETE
876,-49.99999999997149,2025-11-13 12:27:28.162316,2025-11-13 12:27:29.130810,0 days 00:00:00.968494,66.84595044555826,1.1960473607787088,0.17245458771593314,Ag,COMPLETE
877,-9.219858156027593,2025-11-13 12:27:28.572590,2025-11-13 12:27:29.289072,0 days 00:00:00.716482,29.409223796536562,12.824944220677828,0.1276533642692095,Ag,COMPLETE
878,20.50781249999968,2025-11-13 12:27:28.674605,2025-11-13 12:27:28.976234,0 days 00:00:00.301629,67.4771501042183,19.916272150484378,0.1732147559013512,Ag,COMPLETE
879,-49.99999999997149,2025-11-13 12:27:28.737136,2025-11-13 12:27:29.119336,0 days 00:00:00.382200,69.10666184389066,1.1476744391482927,0.17499688731614957,Ag,COMPLETE
880,-18.623737373734535,2025-11-13 12:27:29.086270,2025-11-13 12:27:29.629914,0 days 00:00:00.543644,63.32436343373664,0.8163429067518975,0.22750843724417152,Au,COMPLETE
881,-18.93939393939098,2025-11-13 12:27:29.129033,2025-11-13 12:27:29.915790,0 days 00:00:00.786757,64.0413017342058,0.9095156142685847,0.23127506542058382,Au,COMPLETE
882,-18.623737373734574,2025-11-13 12:27:29.184257,2025-11-13 12:27:29.770632,0 days 00:00:00.586375,63.799051883319855,0.8475267349855642,0.22713554447267256,Au,COMPLETE
883,-51.4705882352638,2025-11-13 12:27:29.211933,2025-11-13 12:27:30.197972,0 days 00:00:00.986039,73.71358263422677,0.8480288692650708,0.136062455479816,Ag,COMPLETE
884,-19.205729166663687,2025-11-13 12:27:29.264572,2025-11-13 12:27:30.132158,0 days 00:00:00.867586,63.43524858362701,0.8380803275488438,0.1027422039593454,Au,COMPLETE
885,-18.76590330788519,2025-11-13 12:27:29.313538,2025-11-13 12:27:30.136166,0 days 00:00:00.822628,63.31241008247315,0.8386697394690366,0.22830626409101037,Au,COMPLETE
886,-47.29729729727182,2025-11-13 12:27:29.580750,2025-11-13 12:27:30.325576,0 days 00:00:00.744826,70.07637841383381,0.5058184726250041,0.6464750350413966,Ag,COMPLETE
887,-49.99999999997149,2025-11-13 12:27:29.645542,2025-11-13 12:27:30.381366,0 days 00:00:00.735824,74.42140769045257,0.8326022326864123,0.13506600156832002,Ag,COMPLETE
888,-50.245098039186,2025-11-13 12:27:30.055257,2025-11-13 12:27:30.639175,0 days 00:00:00.583918,74.21429223349199,0.5092581642213633,0.13014890728084894,Ag,COMPLETE
889,-43.6991869918486,2025-11-13 12:27:30.138165,2025-11-13 12:27:30.767508,0 days 00:00:00.629343,69.08814432865475,0.5089461006952211,1.1295298195427377,Ag,COMPLETE
890,-0.8802816901408202,2025-11-13 12:27:30.247983,2025-11-13 12:27:30.933198,0 days 00:00:00.685215,22.024312957341152,1.4455741624838008,0.12792394296475257,Ag,COMPLETE
891,-49.99999999997116,2025-11-13 12:27:30.415614,2025-11-13 12:27:31.383998,0 days 00:00:00.968384,65.83608108159068,1.4467957714704789,0.1032950524984716,Ag,COMPLETE
892,-12.626262626261555,2025-11-13 12:27:30.540365,2025-11-13 12:27:31.012498,0 days 00:00:00.472133,32.66354259729988,15.943064748940223,0.271783358630615,Ag,COMPLETE
893,-0.8992805755395424,2025-11-13 12:27:30.645687,2025-11-13 12:27:31.352677,0 days 00:00:00.706990,21.50204629579527,18.90876655846884,0.10216836501080087,Ag,COMPLETE
894,-49.76851851849095,2025-11-13 12:27:30.735136,2025-11-13 12:27:31.496467,0 days 00:00:00.761331,70.93024341909478,1.3829618921008395,0.2652377513120936,Ag,COMPLETE
895,-51.19047619044695,2025-11-13 12:27:30.801846,2025-11-13 12:27:31.653040,0 days 00:00:00.851194,65.8372035301816,1.3933304624308591,0.10434688700318014,Ag,COMPLETE
896,-48.6111111110841,2025-11-13 12:27:30.808764,2025-11-13 12:27:31.559978,0 days 00:00:00.751214,65.95136556066133,1.3304563924492934,0.26942717021974605,Ag,COMPLETE
897,-34.72222222221182,2025-11-13 12:27:31.258428,2025-11-13 12:27:31.915873,0 days 00:00:00.657445,68.63014385872835,8.313377978123949,0.20291727501928397,Ag,COMPLETE
898,-1.723847965018462,2025-11-13 12:27:31.606857,2025-11-13 12:27:32.440000,0 days 00:00:00.833143,101.93825846984211,0.5128737433729079,0.19989346248945927,Ag,COMPLETE
899,-46.0526315789233,2025-11-13 12:27:31.559978,2025-11-13 12:27:32.810400,0 days 00:00:01.250422,61.485543478581775,1.8221303882674915,0.15317895965668393,Ag,COMPLETE
900,-7.723577235771607,2025-11-13 12:27:31.714994,2025-11-13 12:27:32.440000,0 days 00:00:00.725006,24.797187634393737,0.5008046890698148,0.13773078259811025,Ag,COMPLETE
901,-51.47058823526383,2025-11-13 12:27:31.784939,2025-11-13 12:27:32.377393,0 days 00:00:00.592454,72.53021893078295,0.5037249970435709,0.20094569444537136,Ag,COMPLETE
902,-49.99999999997132,2025-11-13 12:27:31.811549,2025-11-13 12:27:32.152830,0 days 00:00:00.341281,68.55746565568171,0.8487974497194811,0.19653914159592378,Ag,COMPLETE
903,-1.4831677704194037,2025-11-13 12:27:31.843516,2025-11-13 12:27:32.550369,0 days 00:00:00.706853,108.87108943806336,1.8077985758321728,0.19762278043482848,Ag,COMPLETE
904,-7.79967159277427,2025-11-13 12:27:31.899103,2025-11-13 12:27:32.747102,0 days 00:00:00.847999,24.911741210306477,0.5072423493021976,0.1411331146405094,Ag,COMPLETE
905,-51.470588235264046,2025-11-13 12:27:32.361880,2025-11-13 12:27:33.076730,0 days 00:00:00.714850,71.31239533489807,1.1148304961699447,0.14406840771370422,Ag,COMPLETE
906,-38.12056737587031,2025-11-13 12:27:32.614660,2025-11-13 12:27:33.061100,0 days 00:00:00.446440,61.53614264588592,1.068166632762073,1.3680355564061413,Ag,COMPLETE
907,-48.61111111108426,2025-11-13 12:27:32.715639,2025-11-13 12:27:33.659056,0 days 00:00:00.943417,70.90509507183256,1.0765598904179026,0.2329988339755545,Ag,COMPLETE
908,-49.99999999997136,2025-11-13 12:27:32.747102,2025-11-13 12:27:33.547145,0 days 00:00:00.800043,71.35576836009221,1.0406519897014537,0.10068762634000135,Ag,COMPLETE
909,-49.99999999997173,2025-11-13 12:27:32.889366,2025-11-13 12:27:33.947054,0 days 00:00:01.057688,69.05537638639946,1.111750731434255,0.13341309569266993,Ag,COMPLETE
910,-34.97023809522566,2025-11-13 12:27:33.061100,2025-11-13 12:27:33.881783,0 days 00:00:00.820683,69.22652759535005,2.2748866340260583,1.7475498312195876,Ag,COMPLETE
911,-47.00854700852281,2025-11-13 12:27:33.167852,2025-11-13 12:27:34.108801,0 days 00:00:00.940949,69.04526758003894,2.3353619594983206,0.3037723303051182,Ag,COMPLETE
912,-51.4705882352638,2025-11-13 12:27:33.437988,2025-11-13 12:27:33.952353,0 days 00:00:00.514365,69.63522504346614,0.8964946375858731,0.10056309435553472,Ag,COMPLETE
913,-26.416122004353912,2025-11-13 12:27:33.562517,2025-11-13 12:27:34.203732,0 days 00:00:00.641215,68.6569591816055,15.045127847906999,0.1621862309396966,Ag,COMPLETE
914,-33.10502283104127,2025-11-13 12:27:33.834158,2025-11-13 12:27:34.398096,0 days 00:00:00.563938,65.33460650207672,9.34468307069778,0.16713705893064565,Ag,COMPLETE
915,-49.76851851849095,2025-11-13 12:27:33.930078,2025-11-13 12:27:34.563045,0 days 00:00:00.632967,64.55308692055033,1.5981194035152702,0.1599015367103324,Ag,COMPLETE
916,-26.92307692307266,2025-11-13 12:27:34.061931,2025-11-13 12:27:34.560969,0 days 00:00:00.499038,65.70531113745244,13.817530687833603,0.23756695479368822,Ag,COMPLETE
917,-51.47058823526383,2025-11-13 12:27:34.180729,2025-11-13 12:27:34.767396,0 days 00:00:00.586667,65.06053603790927,0.8334288335859119,0.24509228695961804,Ag,COMPLETE
918,18.92493638676816,2025-11-13 12:27:34.307798,2025-11-13 12:27:34.913324,0 days 00:00:00.605526,76.15670226157802,18.153975594846724,0.10025982927650784,Ag,COMPLETE
919,-47.297297297271975,2025-11-13 12:27:34.453004,2025-11-13 12:27:35.298883,0 days 00:00:00.845879,59.2169415670453,1.1840551561374955,0.18537430656962378,Ag,COMPLETE
920,-2.8985507246374307,2025-11-13 12:27:34.594417,2025-11-13 12:27:35.429595,0 days 00:00:00.835178,58.92937265697302,18.132922770302294,0.1014415419538923,Ag,COMPLETE
921,-49.99999999997149,2025-11-13 12:27:34.652377,2025-11-13 12:27:35.189686,0 days 00:00:00.537309,76.9037597192958,0.5002838546563446,0.10174113857274956,Ag,COMPLETE
922,-48.8095238094959,2025-11-13 12:27:34.700698,2025-11-13 12:27:35.649777,0 days 00:00:00.949079,73.32003959753361,0.8325773229110669,0.19242264257685637,Ag,COMPLETE
923,-49.99999999997132,2025-11-13 12:27:34.812813,2025-11-13 12:27:35.665299,0 days 00:00:00.852486,66.80396502121998,0.8385715200597108,0.2011854365660884,Ag,COMPLETE
924,-51.47058823526383,2025-11-13 12:27:34.860592,2025-11-13 12:27:35.602784,0 days 00:00:00.742192,67.20047403318387,0.8619265638324273,0.19836950684622176,Ag,COMPLETE
925,-33.65384615383321,2025-11-13 12:27:35.313333,2025-11-13 12:27:36.126591,0 days 00:00:00.813258,47.63287150398087,1.4555499571849988,0.1359317250316551,Ag,COMPLETE
926,-49.99999999997149,2025-11-13 12:27:35.108914,2025-11-13 12:27:36.011639,0 days 00:00:00.902725,72.6883387966918,0.8170616943140083,0.139225161020947,Ag,COMPLETE
927,22.596153846153502,2025-11-13 12:27:35.539837,2025-11-13 12:27:36.130258,0 days 00:00:00.590421,62.93294212672181,19.429793966738128,0.33393060847341166,Ag,COMPLETE
928,-48.42342342339707,2025-11-13 12:27:35.618427,2025-11-13 12:27:36.133305,0 days 00:00:00.514878,61.79313524715612,1.4374428394266086,0.14026228042990216,Ag,COMPLETE
929,-8.400537634407948,2025-11-13 12:27:35.752877,2025-11-13 12:27:36.496501,0 days 00:00:00.743624,27.6057949061473,12.25523775038131,0.13874260508634298,Ag,COMPLETE
930,-42.708333333311906,2025-11-13 12:27:35.861963,2025-11-13 12:27:36.853171,0 days 00:00:00.991208,53.7576224898154,0.5073109386182818,0.23870855000242489,Ag,COMPLETE
931,-48.61111111108375,2025-11-13 12:27:35.894321,2025-11-13 12:27:36.799476,0 days 00:00:00.905155,67.10784593920883,1.2897829097922782,0.2375504072077992,Ag,COMPLETE
932,-53.03030303027082,2025-11-13 12:27:35.986051,2025-11-13 12:27:36.917495,0 days 00:00:00.931444,67.63966498540142,0.5271416474079664,0.24768736616197948,Ag,COMPLETE
933,-51.190476190446915,2025-11-13 12:27:36.206836,2025-11-13 12:27:37.026879,0 days 00:00:00.820043,67.17146790684737,1.1387941845255738,0.24688187577350645,Ag,COMPLETE
934,-49.99999999997152,2025-11-13 12:27:36.506181,2025-11-13 12:27:37.812896,0 days 00:00:01.306715,71.11360840057134,0.5128131698657306,0.3217079322193023,Ag,COMPLETE
935,-42.70833333331205,2025-11-13 12:27:36.642249,2025-11-13 12:27:37.073786,0 days 00:00:00.431537,53.42449225349107,0.5041104541891183,0.1694858975895625,Ag,COMPLETE
936,-48.809523809495936,2025-11-13 12:27:36.753048,2025-11-13 12:27:37.396891,0 days 00:00:00.643843,71.34940764462482,0.5014168067445762,0.30623857381446684,Ag,COMPLETE
937,-18.518518518515943,2025-11-13 12:27:36.926496,2025-11-13 12:27:37.919222,0 days 00:00:00.992726,70.17890118724836,1.760996453985797,0.2863107186317156,Au,COMPLETE
938,-44.79166666664434,2025-11-13 12:27:37.089382,2025-11-13 12:27:37.733085,0 days 00:00:00.643703,70.5713129651416,1.8406136046693635,0.45093628728689183,Ag,COMPLETE
939,-47.14912280699262,2025-11-13 12:27:37.153483,2025-11-13 12:27:37.812896,0 days 00:00:00.659413,71.37736082900015,1.8219723743070313,0.2675436727747242,Ag,COMPLETE
940,-18.26484018264588,2025-11-13 12:27:37.296289,2025-11-13 12:27:37.964346,0 days 00:00:00.668057,70.45454063103045,1.8437209444099842,0.2897287261746929,Au,COMPLETE
941,-18.264840182645916,2025-11-13 12:27:37.363421,2025-11-13 12:27:37.963562,0 days 00:00:00.600141,71.17796259117556,1.7047533771511134,0.3607364597008835,Au,COMPLETE
942,-18.93939393939107,2025-11-13 12:27:37.443769,2025-11-13 12:27:38.245666,0 days 00:00:00.801897,69.56433894771529,0.8368704335195756,0.30087603332284363,Au,COMPLETE
943,-47.297297297271975,2025-11-13 12:27:37.812896,2025-11-13 12:27:38.705038,0 days 00:00:00.892142,74.44002442604179,1.1156939922006397,0.22399965146129608,Ag,COMPLETE
944,-48.61111111108426,2025-11-13 12:27:38.029934,2025-11-13 12:27:38.765541,0 days 00:00:00.735607,74.34622455901608,1.1408356339860917,0.2210954075209379,Ag,COMPLETE
945,-51.47058823526388,2025-11-13 12:27:38.128985,2025-11-13 12:27:39.023004,0 days 00:00:00.894019,67.61274879420895,0.887517012620677,0.26216241436563376,Ag,COMPLETE
946,-49.99999999997136,2025-11-13 12:27:38.189225,2025-11-13 12:27:39.038645,0 days 00:00:00.849420,67.61826456046755,0.8540919181003479,0.268396915792423,Ag,COMPLETE
947,-49.99999999997136,2025-11-13 12:27:38.239161,2025-11-13 12:27:39.479588,0 days 00:00:01.240427,68.30767943518066,0.8658261740511021,0.2594346733949521,Ag,COMPLETE
948,-41.66666666664742,2025-11-13 12:27:38.659190,2025-11-13 12:27:39.479588,0 days 00:00:00.820398,67.9294674173191,0.8952001425730552,1.2322551391774605,Ag,COMPLETE
949,-41.666666666647146,2025-11-13 12:27:38.746583,2025-11-13 12:27:39.672492,0 days 00:00:00.925909,66.5321147367716,0.8224853526037726,1.2308117686623952,Ag,COMPLETE
950,-51.190476190446915,2025-11-13 12:27:38.781095,2025-11-13 12:27:39.537793,0 days 00:00:00.756698,68.77958235577542,1.1724424293078386,0.20868120238828963,Ag,COMPLETE
951,-49.76851851849059,2025-11-13 12:27:38.912736,2025-11-13 12:27:39.713632,0 days 00:00:00.800896,68.26486099557287,1.2669518728674842,0.21348108410728833,Ag,COMPLETE
952,-49.99999999997132,2025-11-13 12:27:38.975909,2025-11-13 12:27:39.716769,0 days 00:00:00.740860,67.83061344684226,0.8403155307896717,0.20417428214373307,Ag,COMPLETE
953,-47.29729729727182,2025-11-13 12:27:39.495219,2025-11-13 12:27:40.231985,0 days 00:00:00.736766,73.55847360841942,1.4547897436172235,0.17622071758669122,Ag,COMPLETE
954,-13.34422657951894,2025-11-13 12:27:39.618484,2025-11-13 12:27:40.187277,0 days 00:00:00.568793,73.4335634600472,0.5018119036251258,0.17178476269844628,Cu,COMPLETE
955,-49.76851851849078,2025-11-13 12:27:39.766703,2025-11-13 12:27:40.253553,0 days 00:00:00.486850,72.72229047304315,1.4081811671191176,0.17742124497185174,Ag,COMPLETE
956,-10.643115942027844,2025-11-13 12:27:39.802981,2025-11-13 12:27:40.187277,0 days 00:00:00.384296,39.628204188963956,1.3366777156351737,0.17150506275248556,Cu,COMPLETE
957,-51.47058823526383,2025-11-13 12:27:39.946805,2025-11-13 12:27:40.670864,0 days 00:00:00.724059,72.70421980439993,0.5131462460273442,0.17462303184538036,Ag,COMPLETE
958,-48.61111111108375,2025-11-13 12:27:40.048817,2025-11-13 12:27:40.689851,0 days 00:00:00.641034,65.18386441603627,1.3574858391054083,0.17368199066254936,Ag,COMPLETE
959,-50.24509803918605,2025-11-13 12:27:40.109222,2025-11-13 12:27:40.864176,0 days 00:00:00.754954,65.41990728335969,0.5029677981133859,0.23745106373076924,Ag,COMPLETE
960,-22.79005524861629,2025-11-13 12:27:40.247549,2025-11-13 12:27:40.779640,0 days 00:00:00.532091,65.57277171435501,14.168087740353977,1.507614695138159,Ag,COMPLETE
961,-44.79166666664419,2025-11-13 12:27:40.545498,2025-11-13 12:27:41.464287,0 days 00:00:00.918789,69.46560762482822,0.854709145793309,0.8152392035732213,Ag,COMPLETE
962,-50.24509803918605,2025-11-13 12:27:40.729575,2025-11-13 12:27:41.370542,0 days 00:00:00.640967,69.99283415409876,0.5004014157394842,0.22395088892270543,Ag,COMPLETE
963,-44.79166666664419,2025-11-13 12:27:40.779640,2025-11-13 12:27:41.370542,0 days 00:00:00.590902,69.65666127546505,0.8923274909549487,0.8306542421497005,Ag,COMPLETE
964,-1.453095431197595,2025-11-13 12:27:40.864176,2025-11-13 12:27:41.667670,0 days 00:00:00.803494,118.55502824139015,0.8291830740338029,0.8431622114441801,Ag,COMPLETE
965,-29.43840579709502,2025-11-13 12:27:40.913050,2025-11-13 12:27:41.636474,0 days 00:00:00.723424,70.23154105811778,11.133041824418102,0.22160291199526436,Ag,COMPLETE
966,-51.47058823526383,2025-11-13 12:27:40.900805,2025-11-13 12:27:41.589541,0 days 00:00:00.688736,70.36211254004085,0.8484498910420973,0.22473998872789708,Ag,COMPLETE
967,-27.116402116393523,2025-11-13 12:27:40.964400,2025-11-13 12:27:41.986698,0 days 00:00:01.022298,42.88971111675476,1.1908194908550276,0.14423282372332075,Ag,COMPLETE
968,-50.24509803918605,2025-11-13 12:27:41.111907,2025-11-13 12:27:41.845591,0 days 00:00:00.733684,64.05106359225316,0.503192729793798,0.22258061531949697,Ag,COMPLETE
969,-43.65079365077271,2025-11-13 12:27:41.723705,2025-11-13 12:27:42.231257,0 days 00:00:00.507552,66.46094305750742,1.176937750575008,0.9644796913569594,Ag,COMPLETE
970,-51.190476190446915,2025-11-13 12:27:41.809978,2025-11-13 12:27:42.782901,0 days 00:00:00.972923,66.316640914971,1.1796433230930101,0.13389027554044405,Ag,COMPLETE
971,-27.658045977006697,2025-11-13 12:27:41.834620,2025-11-13 12:27:42.590291,0 days 00:00:00.755671,66.47557395371736,13.169878864116257,0.13426160392699665,Ag,COMPLETE
972,-49.99999999997173,2025-11-13 12:27:41.931202,2025-11-13 12:27:42.500684,0 days 00:00:00.569482,66.81286106336846,1.1175575180105821,0.13055256032568607,Ag,COMPLETE
973,-48.8095238094959,2025-11-13 12:27:41.946243,2025-11-13 12:27:42.778891,0 days 00:00:00.832648,76.22787993348652,0.5067799544228343,0.13566536307429714,Ag,COMPLETE
974,-38.19444444442853,2025-11-13 12:27:42.062899,2025-11-13 12:27:42.594277,0 days 00:00:00.531378,64.61266993779294,1.1028938688269618,1.6338883636005854,Ag,COMPLETE
975,-53.03030303027095,2025-11-13 12:27:42.173564,2025-11-13 12:27:43.187157,0 days 00:00:01.013593,71.77320834293846,0.5096943485100819,0.10009120662888767,Ag,COMPLETE
976,-49.99999999997173,2025-11-13 12:27:42.281050,2025-11-13 12:27:42.737044,0 days 00:00:00.455994,64.23991525921029,1.1756439140505883,0.10054450701592217,Ag,COMPLETE
977,-44.79166666664419,2025-11-13 12:27:42.675399,2025-11-13 12:27:43.215357,0 days 00:00:00.539958,72.16318673452174,2.1343673917505077,0.33100230130150815,Ag,COMPLETE
978,-47.00854700852281,2025-11-13 12:27:42.830037,2025-11-13 12:27:43.496793,0 days 00:00:00.666756,72.15577738407151,2.142885435783351,0.29547112878636106,Ag,COMPLETE
979,-47.00854700852281,2025-11-13 12:27:42.867680,2025-11-13 12:27:43.655911,0 days 00:00:00.788231,71.7300702658767,2.202678992345234,0.26186441559130924,Ag,COMPLETE
980,-48.6111111110841,2025-11-13 12:27:42.784899,2025-11-13 12:27:43.592063,0 days 00:00:00.807164,77.3403257455649,0.8098759855754144,0.10202602376537698,Ag,COMPLETE
981,-17.467248908295424,2025-11-13 12:27:42.951519,2025-11-13 12:27:43.651848,0 days 00:00:00.700329,75.72279041661383,16.399315216858867,0.13134066482400575,Ag,COMPLETE
982,-47.14912280699298,2025-11-13 12:27:43.043963,2025-11-13 12:27:43.764205,0 days 00:00:00.720242,76.06175535280772,1.6434593349518438,0.10192661464637974,Ag,COMPLETE
983,-51.4705882352638,2025-11-13 12:27:43.233096,2025-11-13 12:27:43.832982,0 days 00:00:00.599886,72.18496428683233,0.8328174171811691,0.13012436373156883,Ag,COMPLETE
984,-50.245098039186,2025-11-13 12:27:43.429299,2025-11-13 12:27:44.385157,0 days 00:00:00.955858,72.88041894987089,0.5025693025972372,0.12908194429189981,Ag,COMPLETE
985,-50.245098039186,2025-11-13 12:27:43.683084,2025-11-13 12:27:44.460211,0 days 00:00:00.777127,73.47311370897671,0.502532764768978,0.16262290696329473,Ag,COMPLETE
986,-18.779342723002067,2025-11-13 12:27:44.117604,2025-11-13 12:27:45.039610,0 days 00:00:00.922006,74.39431248212665,1.6672924687126685,0.1641124253666022,Au,COMPLETE
987,-48.61111111108426,2025-11-13 12:27:44.237895,2025-11-13 12:27:44.831093,0 days 00:00:00.593198,72.92047139579257,0.5132227953571695,0.3985949814235743,Ag,COMPLETE
988,-15.889830508473255,2025-11-13 12:27:44.330475,2025-11-13 12:27:45.298316,0 days 00:00:00.967841,75.38364982052181,6.650374440695309,0.10210780340828346,Au,COMPLETE
989,-18.71980676328237,2025-11-13 12:27:44.280501,2025-11-13 12:27:45.039610,0 days 00:00:00.759109,74.9657502977588,1.3745488950551583,0.16332027078193828,Au,COMPLETE
990,-18.719806763282246,2025-11-13 12:27:44.382241,2025-11-13 12:27:45.008348,0 days 00:00:00.626107,75.480164236798,1.472864005613498,0.10051628816755222,Au,COMPLETE
991,-19.021739130432067,2025-11-13 12:27:44.396283,2025-11-13 12:27:44.945712,0 days 00:00:00.549429,74.11002123500029,1.5550964008632011,0.10248887092220448,Au,COMPLETE
992,-18.61702127659305,2025-11-13 12:27:44.497457,2025-11-13 12:27:45.298316,0 days 00:00:00.800859,75.52956205440319,1.5588002961473033,0.16226488848234907,Au,COMPLETE
993,-41.6666666666471,2025-11-13 12:27:44.878487,2025-11-13 12:27:45.574788,0 days 00:00:00.696301,82.82403372584184,0.8791727919267018,0.10065614632536261,Ag,COMPLETE
994,-9.17288557213863,2025-11-13 12:27:45.233159,2025-11-13 12:27:45.512207,0 days 00:00:00.279048,26.180143914467457,17.336627471735536,0.1001150115138004,Ag,COMPLETE
995,-36.6666666666521,2025-11-13 12:27:45.254734,2025-11-13 12:27:45.773903,0 days 00:00:00.519169,69.0294763635199,0.8950703809010538,1.7905443967286327,Ag,COMPLETE
996,-51.47058823526383,2025-11-13 12:27:45.313641,2025-11-13 12:27:45.974673,0 days 00:00:00.661032,69.07717628106028,0.8686563019182237,0.19555577061127902,Ag,COMPLETE
997,-14.860139860137824,2025-11-13 12:27:45.429503,2025-11-13 12:27:46.133481,0 days 00:00:00.703978,69.3727502139687,0.8852559119474804,0.19395579381438174,Cu,COMPLETE
998,-48.6111111110841,2025-11-13 12:27:45.466017,2025-11-13 12:27:46.215321,0 days 00:00:00.749304,61.90734277552589,0.8798337940764941,0.1916606190550325,Ag,COMPLETE
999,-14.964788732392295,2025-11-13 12:27:45.657731,2025-11-13 12:27:46.279052,0 days 00:00:00.621321,69.20396109496942,0.8839141612220394,0.1873430263282686,Cu,COMPLETE
1000,-50.245098039186,2025-11-13 12:27:45.727010,2025-11-13 12:27:46.532125,0 days 00:00:00.805115,64.2590340255276,0.5144225409517865,0.1535460607835336,Ag,COMPLETE
1001,-35.37735849055267,2025-11-13 12:27:45.875236,2025-11-13 12:27:46.672617,0 days 00:00:00.797381,70.47116008566834,1.163736934833232,1.945428243231326,Ag,COMPLETE
1002,-49.99999999997149,2025-11-13 12:27:45.996566,2025-11-13 12:27:46.747118,0 days 00:00:00.750552,71.11711973328481,1.1822379624257409,0.14281056032192813,Ag,COMPLETE
1003,-50.245098039186,2025-11-13 12:27:46.162335,2025-11-13 12:27:46.735426,0 days 00:00:00.573091,63.65917276662631,0.5110709352299494,0.15046489484225112,Ag,COMPLETE
1004,-48.6111111110841,2025-11-13 12:27:46.453477,2025-11-13 12:27:47.325148,0 days 00:00:00.871671,67.5126028054272,1.1540473214904603,0.2713009173732465,Ag,COMPLETE
1005,-48.6111111110841,2025-11-13 12:27:46.640919,2025-11-13 12:27:47.376794,0 days 00:00:00.735875,66.65865504285928,1.1705126029610085,0.2545523158279471,Ag,COMPLETE
1006,-51.190476190446915,2025-11-13 12:27:46.688534,2025-11-13 12:27:47.392438,0 days 00:00:00.703904,67.899387802409,1.1201177021624051,0.26223785335632566,Ag,COMPLETE
1007,-38.52201257860204,2025-11-13 12:27:46.796312,2025-11-13 12:27:47.486684,0 days 00:00:00.690372,67.61953676970536,5.881946327534077,0.25366774949419085,Ag,COMPLETE
1008,-31.124497991960414,2025-11-13 12:27:46.885201,2025-11-13 12:27:47.714300,0 days 00:00:00.829099,67.30878828027217,10.197856065277794,0.25850752024961066,Ag,COMPLETE
1009,-42.68292682924754,2025-11-13 12:27:47.112260,2025-11-13 12:27:48.033993,0 days 00:00:00.921733,71.32122259057772,0.5165713635136764,1.0840197158545062,Ag,COMPLETE
1010,-50.245098039186,2025-11-13 12:27:47.263416,2025-11-13 12:27:47.889599,0 days 00:00:00.626183,70.7546685004435,0.5138274170948267,0.13895259216883776,Ag,COMPLETE
1011,-49.99999999997149,2025-11-13 12:27:47.455434,2025-11-13 12:27:48.135188,0 days 00:00:00.679754,62.521498434222295,0.8651943632265071,0.13344958743721352,Ag,COMPLETE
1012,-49.99999999997132,2025-11-13 12:27:47.549175,2025-11-13 12:27:48.430611,0 days 00:00:00.881436,62.048966684110745,0.5068543254898057,0.20138345714480366,Ag,COMPLETE
1013,-48.80952380949574,2025-11-13 12:27:47.712286,2025-11-13 12:27:48.387938,0 days 00:00:00.675652,61.90788384951983,0.5046170470731424,0.2073412975147944,Ag,COMPLETE
1014,-0.8928571428571173,2025-11-13 12:27:47.748922,2025-11-13 12:27:48.303041,0 days 00:00:00.554119,22.8580265148059,15.325826285938856,0.20757653684345867,Ag,COMPLETE
1015,-49.76851851849095,2025-11-13 12:27:47.952903,2025-11-13 12:27:48.729328,0 days 00:00:00.776425,64.95277350133391,1.4679271675309127,0.19788054446869288,Ag,COMPLETE
1016,-47.00854700852281,2025-11-13 12:27:48.036067,2025-11-13 12:27:48.764114,0 days 00:00:00.728047,65.50985347026301,2.6498331849721195,0.10008591900851757,Ag,COMPLETE
1017,-49.99999999997132,2025-11-13 12:27:48.518151,2025-11-13 12:27:49.370382,0 days 00:00:00.852231,72.262898849713,0.8901966615188884,0.1539699551818703,Ag,COMPLETE
1018,-50.245098039186,2025-11-13 12:27:48.614302,2025-11-13 12:27:49.320475,0 days 00:00:00.706173,70.09618137747177,0.8717333986220528,0.15738378431718145,Ag,COMPLETE
1019,-47.297297297271975,2025-11-13 12:27:48.665043,2025-11-13 12:27:49.289225,0 days 00:00:00.624182,77.60248291310353,0.8474981864678299,0.15780963278483026,Ag,COMPLETE
1020,-47.29729729727182,2025-11-13 12:27:48.502481,2025-11-13 12:27:49.928769,0 days 00:00:01.426288,78.00901149491064,0.8942115192432252,0.15973563538859145,Ag,COMPLETE
1021,-51.4705882352638,2025-11-13 12:27:48.468148,2025-11-13 12:27:49.383956,0 days 00:00:00.915808,71.92291024269868,0.8400094140883154,0.15813665207468272,Ag,COMPLETE
1022,-51.47058823526383,2025-11-13 12:27:48.766111,2025-11-13 12:27:49.273600,0 days 00:00:00.507489,69.32297154323153,0.9548955147623871,0.15594583665046266,Ag,COMPLETE
1023,-43.74999999997827,2025-11-13 12:27:49.041293,2025-11-13 12:27:49.931105,0 days 00:00:00.889812,78.43160241659496,1.4659540116962715,0.1392798384725105,Ag,COMPLETE
1024,-49.99999999997132,2025-11-13 12:27:49.242357,2025-11-13 12:27:50.076424,0 days 00:00:00.834067,66.15387997082401,1.508426700797375,0.13321309617873717,Ag,COMPLETE
1025,-49.76851851849059,2025-11-13 12:27:49.478553,2025-11-13 12:27:50.751963,0 days 00:00:01.273410,68.68773817547816,1.257700439828179,0.22541252171336426,Ag,COMPLETE
1026,-1.464435146443485,2025-11-13 12:27:49.870664,2025-11-13 12:27:50.830350,0 days 00:00:00.959686,105.99817745279765,1.2454033373315814,0.2224057984089606,Ag,COMPLETE
1027,22.003745318351733,2025-11-13 12:27:49.931105,2025-11-13 12:27:50.751963,0 days 00:00:00.820858,64.03412008449943,18.651623715336445,0.10082077229153456,Ag,COMPLETE
1028,-43.69918699184875,2025-11-13 12:27:50.050933,2025-11-13 12:27:51.234371,0 days 00:00:01.183438,64.03766945995902,1.8146432479367163,0.5430588078492589,Ag,COMPLETE
1029,-49.76851851849059,2025-11-13 12:27:50.127512,2025-11-13 12:27:50.924100,0 days 00:00:00.796588,68.49210541995805,1.261052655022618,0.2224792417347567,Ag,COMPLETE
1030,-50.24509803918605,2025-11-13 12:27:50.162747,2025-11-13 12:27:51.000842,0 days 00:00:00.838095,68.37369466329865,0.5066415851134876,0.22910557002350435,Ag,COMPLETE
1031,-47.149122806992466,2025-11-13 12:27:50.371522,2025-11-13 12:27:51.233154,0 days 00:00:00.861632,66.36619264506955,1.1952344103849515,0.5363130513198328,Ag,COMPLETE
1032,-48.42342342339707,2025-11-13 12:27:50.705088,2025-11-13 12:27:51.181260,0 days 00:00:00.476172,66.0601894480585,1.9943089020406664,0.19335314383142044,Ag,COMPLETE
1033,-39.062499999983785,2025-11-13 12:27:51.012900,2025-11-13 12:27:51.857308,0 days 00:00:00.844408,59.65026886290146,3.010879392447083,0.7180063085268138,Ag,COMPLETE
1034,-49.99999999997149,2025-11-13 12:27:51.129488,2025-11-13 12:27:51.778789,0 days 00:00:00.649301,73.2126315930016,0.8611523588024643,0.10115298809514042,Ag,COMPLETE
1035,-51.4705882352638,2025-11-13 12:27:51.221369,2025-11-13 12:27:52.122810,0 days 00:00:00.901441,73.15104196445184,0.8998031380805418,0.10091816248212565,Ag,COMPLETE
1036,-14.166666666664812,2025-11-13 12:27:51.295665,2025-11-13 12:27:52.677528,0 days 00:00:01.381863,70.53548665781027,0.8405000356135044,0.35451618136918295,Cu,COMPLETE
1037,-25.839793281649754,2025-11-13 12:27:51.355519,2025-11-13 12:27:52.153965,0 days 00:00:00.798446,60.23891814502191,13.516144581316922,0.3175322626074356,Ag,COMPLETE
1038,-12.651821862347175,2025-11-13 12:27:51.526231,2025-11-13 12:27:52.404954,0 days 00:00:00.878723,70.9417736297122,8.022585382139985,0.18428770068781875,Cu,COMPLETE
1039,-0.8802816901408202,2025-11-13 12:27:51.582032,2025-11-13 12:27:52.185297,0 days 00:00:00.603265,20.237520852465252,0.7678252063936523,0.297099149186853,Cu,COMPLETE
1040,-0.8802816901408202,2025-11-13 12:27:51.694612,2025-11-13 12:27:52.185297,0 days 00:00:00.490685,20.335082470098584,0.5048786437284523,0.34050001096419713,Cu,COMPLETE
1041,-48.42342342339707,2025-11-13 12:27:52.122810,2025-11-13 12:27:52.833789,0 days 00:00:00.710979,70.99605174935425,1.6823513909020757,0.17715990074727184,Ag,COMPLETE
1042,-12.457044673538256,2025-11-13 12:27:52.295554,2025-11-13 12:27:53.065484,0 days 00:00:00.769930,34.73252260094196,12.5989664601162,0.13278599239024955,Ag,COMPLETE
1043,-19.060283687939265,2025-11-13 12:27:52.358057,2025-11-13 12:27:53.261762,0 days 00:00:00.903705,87.66427351065877,0.5175016431875962,1.3166353670419764,Ag,COMPLETE
1044,-51.76767676764536,2025-11-13 12:27:52.448557,2025-11-13 12:27:53.066404,0 days 00:00:00.617847,69.43137051464899,0.5028409537365828,0.1343610446927634,Ag,COMPLETE
1045,-48.6111111110841,2025-11-13 12:27:52.513748,2025-11-13 12:27:53.067454,0 days 00:00:00.553706,66.14084680916721,1.4808029088570396,0.13450794259134302,Ag,COMPLETE
1046,-9.339080459769033,2025-11-13 12:27:52.566077,2025-11-13 12:27:53.339996,0 days 00:00:00.773919,27.0119769302416,0.5011692901186376,0.1368521023465994,Ag,COMPLETE
1047,-15.931372549016434,2025-11-13 12:27:52.645093,2025-11-13 12:27:53.261762,0 days 00:00:00.616669,34.029812147951546,0.5066918712833068,0.13617313069476142,Ag,COMPLETE
1048,-49.99999999997149,2025-11-13 12:27:53.143492,2025-11-13 12:27:53.827696,0 days 00:00:00.684204,63.707527306484224,1.1178083924305553,0.19012089089757714,Ag,COMPLETE
1049,-48.61111111108426,2025-11-13 12:27:53.181420,2025-11-13 12:27:53.874623,0 days 00:00:00.693203,63.44318759278127,1.139757407640642,0.18481072421257963,Ag,COMPLETE
1050,-48.61111111108426,2025-11-13 12:27:53.308726,2025-11-13 12:27:53.890248,0 days 00:00:00.581522,64.07359812043055,1.1454181716432537,0.1909534573684412,Ag,COMPLETE
1051,16.025641025640574,2025-11-13 12:27:53.355633,2025-11-13 12:27:53.890248,0 days 00:00:00.534615,23.965735180233185,1.164616447122041,0.1887187548255594,Ag,COMPLETE
1052,-48.42342342339707,2025-11-13 12:27:53.428901,2025-11-13 12:27:54.339731,0 days 00:00:00.910830,67.54077741993764,1.6120473336378174,0.2294382207319593,Ag,COMPLETE
1053,-48.61111111108426,2025-11-13 12:27:53.544223,2025-11-13 12:27:54.418487,0 days 00:00:00.874264,63.829597813393356,1.1388432176952792,0.18701320243004682,Ag,COMPLETE
1054,-31.517094017085764,2025-11-13 12:27:53.689452,2025-11-13 12:27:54.482996,0 days 00:00:00.793544,67.83088667254191,9.703051506063153,0.2347017701807841,Ag,COMPLETE
1055,-43.74999999997827,2025-11-13 12:27:53.778897,2025-11-13 12:27:54.230870,0 days 00:00:00.451973,56.37814239151859,1.194829740208465,0.18254960624012537,Ag,COMPLETE
1056,-32.77777777776917,2025-11-13 12:27:54.261604,2025-11-13 12:27:54.602837,0 days 00:00:00.341233,68.69277735011455,9.69799833126482,0.1008433955219134,Ag,COMPLETE
1057,-48.611111111084135,2025-11-13 12:27:54.355356,2025-11-13 12:27:54.820033,0 days 00:00:00.464677,73.84068435334177,0.8227352732607076,0.2843120119138832,Ag,COMPLETE
1058,-40.71969696967866,2025-11-13 12:27:54.453961,2025-11-13 12:27:54.943974,0 days 00:00:00.490013,74.26085288145751,0.870173662254417,1.0189719200859009,Ag,COMPLETE
1059,-53.03030303027095,2025-11-13 12:27:54.308488,2025-11-13 12:27:55.021068,0 days 00:00:00.712580,72.5525874753857,0.5060920839434117,0.10018203573725575,Ag,COMPLETE
1060,-42.658730158709915,2025-11-13 12:27:54.562761,2025-11-13 12:27:55.503289,0 days 00:00:00.940528,65.81772711779767,0.500839998287187,1.2735706283055825,Ag,COMPLETE
1061,-51.4705882352638,2025-11-13 12:27:54.726322,2025-11-13 12:27:55.514431,0 days 00:00:00.788109,65.45108282144201,0.8616501587127876,0.13623284318261794,Ag,COMPLETE
1062,-6.03254769921397,2025-11-13 12:27:54.912696,2025-11-13 12:27:55.828543,0 days 00:00:00.915847,93.82934690361412,1.5096966129643514,0.12814111689739854,Ag,COMPLETE
1063,-18.74999999999738,2025-11-13 12:27:55.360546,2025-11-13 12:27:56.069547,0 days 00:00:00.709001,72.31691165579271,1.709444170649395,0.1292331997799315,Au,COMPLETE
1064,-49.76851851849098,2025-11-13 12:27:55.363730,2025-11-13 12:27:56.032992,0 days 00:00:00.669262,72.27636375570691,1.7429681753960053,0.10154755134866444,Ag,COMPLETE
1065,-0.5319148936170122,2025-11-13 12:27:55.442579,2025-11-13 12:27:56.032992,0 days 00:00:00.590413,74.67663731075143,16.95320377009699,0.1022269686753545,Au,COMPLETE
1066,-18.912529550824747,2025-11-13 12:27:55.547496,2025-11-13 12:27:56.287931,0 days 00:00:00.740435,72.20763716512977,1.7963687995404012,0.10219934218364171,Au,COMPLETE
1067,24.576822916666284,2025-11-13 12:27:55.626179,2025-11-13 12:27:56.272306,0 days 00:00:00.646127,72.06862544132325,10.792706844050844,0.10003386427432207,Au,COMPLETE
1068,-49.99999999997149,2025-11-13 12:27:55.828543,2025-11-13 12:27:56.879621,0 days 00:00:01.051078,61.339881920375205,0.8830467294082864,0.10136303518963163,Ag,COMPLETE
1069,-47.45370370367742,2025-11-13 12:27:56.032992,2025-11-13 12:27:56.848351,0 days 00:00:00.815359,77.11508645361678,0.8528280624823779,0.10066422444430852,Ag,COMPLETE
1070,-26.67682926828941,2025-11-13 12:27:56.225438,2025-11-13 12:27:57.163220,0 days 00:00:00.937782,68.13440760308627,15.803189522895892,0.15472066484913527,Ag,COMPLETE
1071,-48.8095238094959,2025-11-13 12:27:56.350817,2025-11-13 12:27:57.128994,0 days 00:00:00.778177,62.002066748668895,0.8699070255241531,0.15195947979347335,Ag,COMPLETE
1072,-51.4705882352638,2025-11-13 12:27:56.413617,2025-11-13 12:27:57.423260,0 days 00:00:01.009643,69.26069548711155,0.8547540421329243,0.1588312940823371,Ag,COMPLETE
1073,-50.245098039186,2025-11-13 12:27:56.483703,2025-11-13 12:27:57.313275,0 days 00:00:00.829572,61.539827578881535,0.5071426144986513,0.150370489650632,Ag,COMPLETE
1074,-48.8095238094959,2025-11-13 12:27:56.530167,2025-11-13 12:27:57.163220,0 days 00:00:00.633053,61.26653660748471,0.8091932455849462,0.13826023956294875,Ag,COMPLETE
1075,-45.94017094014738,2025-11-13 12:27:56.675693,2025-11-13 12:27:57.927984,0 days 00:00:01.252291,68.58130842376184,0.5084216739768591,0.9200061275381433,Ag,COMPLETE
1076,-51.19047619044695,2025-11-13 12:27:57.210097,2025-11-13 12:27:57.742372,0 days 00:00:00.532275,66.22345354979426,1.3557319126703442,0.1382774008590851,Ag,COMPLETE
1077,-43.60465116277041,2025-11-13 12:27:57.360584,2025-11-13 12:27:58.420032,0 days 00:00:01.059448,65.36716511797843,3.667998745381378,0.1639331051649466,Ag,COMPLETE
1078,-49.99999999997149,2025-11-13 12:27:57.438920,2025-11-13 12:27:58.031197,0 days 00:00:00.592277,67.01969619101276,1.2404596725286647,0.13038956951316164,Ag,COMPLETE
1079,-25.219298245609554,2025-11-13 12:27:57.485863,2025-11-13 12:27:58.094078,0 days 00:00:00.608215,80.31245057429739,11.799421325363358,0.1376177686679375,Ag,COMPLETE
1080,20.1972010178114,2025-11-13 12:27:57.564482,2025-11-13 12:27:58.420032,0 days 00:00:00.855550,70.38072266672876,17.81291810894221,0.8885551382961039,Ag,COMPLETE
1081,-33.92857142856179,2025-11-13 12:27:57.630313,2025-11-13 12:27:58.420032,0 days 00:00:00.789719,70.35747253377819,8.961492792730699,0.13109540887913151,Ag,COMPLETE
1082,-9.818007662834113,2025-11-13 12:27:57.959305,2025-11-13 12:27:58.776243,0 days 00:00:00.816938,28.89829255878811,3.5436140058061083,0.1705791065374222,Ag,COMPLETE
1083,-51.19047619044695,2025-11-13 12:27:58.189770,2025-11-13 12:27:58.838741,0 days 00:00:00.648971,67.56010041743514,1.3150864120730796,0.172389047956604,Ag,COMPLETE
1084,-51.47058823526383,2025-11-13 12:27:58.305485,2025-11-13 12:27:59.080818,0 days 00:00:00.775333,74.37781646447931,0.504591485859587,0.18039026650435017,Ag,COMPLETE
1085,-49.76851851849095,2025-11-13 12:27:58.511819,2025-11-13 12:27:59.511163,0 days 00:00:00.999344,75.26187251074951,1.2986309185934766,0.10142967652359326,Ag,COMPLETE
1086,-47.297297297271975,2025-11-13 12:27:58.641563,2025-11-13 12:27:59.864872,0 days 00:00:01.223309,75.27122839329522,1.176445537759747,0.1753865668264461,Ag,COMPLETE
1087,-47.29729729727182,2025-11-13 12:27:58.744991,2025-11-13 12:27:59.769173,0 days 00:00:01.024182,76.06327442788768,0.8664509801345859,0.21802532792264218,Ag,COMPLETE
1088,-44.79166666664434,2025-11-13 12:27:58.807495,2025-11-13 12:27:59.583725,0 days 00:00:00.776230,73.1145545128517,0.8659192219861043,0.7723393002527024,Ag,COMPLETE
1089,-48.61111111108426,2025-11-13 12:27:59.011963,2025-11-13 12:28:00.040999,0 days 00:00:01.029036,65.11338709136692,1.1168570406618945,0.23378741179114615,Ag,COMPLETE
1090,-2.700617283950543,2025-11-13 12:27:59.080818,2025-11-13 12:28:00.009663,0 days 00:00:00.928845,96.96088346483594,0.8616103580202452,0.10121265936681258,Ag,COMPLETE
1091,-48.809523809495936,2025-11-13 12:27:59.181960,2025-11-13 12:28:00.025385,0 days 00:00:00.843425,65.2444221138033,0.8803951081852063,0.23326796821047663,Ag,COMPLETE
1092,-50.24509803918621,2025-11-13 12:27:59.722732,2025-11-13 12:28:00.391784,0 days 00:00:00.669052,64.61534848289702,0.840336581271339,0.10118190312245375,Ag,COMPLETE
1093,20.671834625322678,2025-11-13 12:27:59.831603,2025-11-13 12:28:00.316850,0 days 00:00:00.485247,70.04440288883735,19.252433837874595,0.10159769315700765,Ag,COMPLETE
1094,-51.76767676764536,2025-11-13 12:27:59.962785,2025-11-13 12:28:00.686968,0 days 00:00:00.724183,69.53106661685665,0.5146083698461713,0.13477272347294114,Ag,COMPLETE
1095,-53.03030303027095,2025-11-13 12:27:59.913756,2025-11-13 12:28:01.034369,0 days 00:00:01.120613,69.54520225160779,0.5070091905736583,0.10028501833594934,Ag,COMPLETE
1096,-38.82575757573999,2025-11-13 12:28:00.119624,2025-11-13 12:28:01.613791,0 days 00:00:01.494167,50.03449503458437,0.500222758494204,0.13910788238343383,Ag,COMPLETE
1097,-51.76767676764536,2025-11-13 12:28:00.281886,2025-11-13 12:28:01.860728,0 days 00:00:01.578842,69.20565547790981,0.5095997036303345,0.13861008741846498,Ag,COMPLETE
1098,-51.76767676764536,2025-11-13 12:28:00.376163,2025-11-13 12:28:01.179912,0 days 00:00:00.803749,69.40631519841132,0.5215769716819278,0.13451583118443056,Ag,COMPLETE
1099,-37.234042553175584,2025-11-13 12:28:00.391784,2025-11-13 12:28:01.242848,0 days 00:00:00.851064,50.944034150939586,1.4950550317730709,0.1407881443549557,Ag,COMPLETE
1100,-26.9274376417197,2025-11-13 12:28:00.577615,2025-11-13 12:28:01.564028,0 days 00:00:00.986413,66.5747796072034,14.892848865322105,0.13505778967513818,Ag,COMPLETE
1101,-48.6111111110841,2025-11-13 12:28:01.175240,2025-11-13 12:28:01.708206,0 days 00:00:00.532966,66.8784362306822,1.5149271485648819,0.10024411239706416,Ag,COMPLETE
1102,-48.42342342339707,2025-11-13 12:28:01.179912,2025-11-13 12:28:01.803280,0 days 00:00:00.623368,67.1445602536121,2.0944732887236275,0.10188791459038972,Ag,COMPLETE
1103,-48.42342342339707,2025-11-13 12:28:01.282097,2025-11-13 12:28:02.037266,0 days 00:00:00.755169,67.42654760841914,2.0768773915292185,0.13053881348532287,Ag,COMPLETE
1104,-31.609195402288027,2025-11-13 12:28:01.429905,2025-11-13 12:28:02.131101,0 days 00:00:00.701196,85.95452377249791,2.3599609679885747,0.1001755681152474,Ag,COMPLETE
1105,-8.037225042300365,2025-11-13 12:28:01.645741,2025-11-13 12:28:02.347587,0 days 00:00:00.701846,25.729207952748233,1.1817794990055404,0.15645129792755308,Ag,COMPLETE
1106,-50.24509803918621,2025-11-13 12:28:01.927466,2025-11-13 12:28:02.523574,0 days 00:00:00.596108,62.85027963775477,0.5003367202861643,0.1004112302001345,Ag,COMPLETE
1107,-38.19444444442853,2025-11-13 12:28:02.099830,2025-11-13 12:28:02.555773,0 days 00:00:00.455943,63.557964876599065,1.1799346679326557,1.571639727795782,Ag,COMPLETE
1108,-15.796703296701534,2025-11-13 12:28:02.215780,2025-11-13 12:28:02.919189,0 days 00:00:00.703409,71.28309913409403,0.9100941540773302,1.8348888415773656,Au,COMPLETE
1109,-49.99999999997173,2025-11-13 12:28:02.295975,2025-11-13 12:28:02.863370,0 days 00:00:00.567395,63.89976816652772,1.0848067828683343,0.1696392813602154,Ag,COMPLETE
1110,-37.41496598637935,2025-11-13 12:28:02.435081,2025-11-13 12:28:02.888668,0 days 00:00:00.453587,62.85738372974412,1.1366536969153909,1.7215257070830374,Ag,COMPLETE
1111,-49.99999999997149,2025-11-13 12:28:02.461053,2025-11-13 12:28:02.780726,0 days 00:00:00.319673,62.66975230753129,1.1394156220414378,0.17282216522717792,Ag,COMPLETE
1112,-13.666666666664465,2025-11-25 10:23:32.987702,2025-11-25 10:24:00.630867,0 days 00:00:27.643165,32.15004303915077,1.681344404492817,0.13076337415893907,Ag,COMPLETE
1113,-51.190476190446915,2025-11-25 10:23:33.013241,2025-11-25 10:24:00.630867,0 days 00:00:27.617626,68.04373497956169,1.574015109695163,0.10035986968949753,Ag,COMPLETE
1114,-47.29729729727182,2025-11-25 10:23:32.998217,2025-11-25 10:24:00.534925,0 days 00:00:27.536708,71.99273947548198,1.6758545177642006,0.1337116401356514,Ag,COMPLETE
1115,-42.57246376809763,2025-11-25 10:23:33.072989,2025-11-25 10:24:00.664274,0 days 00:00:27.591285,71.69173585601244,4.745611799736711,0.10099211474112486,Ag,COMPLETE
1116,-49.76851851849095,2025-11-25 10:23:33.104348,2025-11-25 10:24:00.534925,0 days 00:00:27.430577,71.42088375176183,1.6149666447476787,0.13590268415248957,Ag,COMPLETE
1117,-44.871794871771776,2025-11-25 10:23:33.143863,2025-11-25 10:24:00.599138,0 days 00:00:27.455275,59.07452110665773,1.6263257281822467,0.16751345593446126,Ag,COMPLETE
1118,-48.42342342339725,2025-11-25 10:23:33.168022,2025-11-25 10:24:00.731733,0 days 00:00:27.563711,71.7614807090739,1.7950280372730973,0.16029217190099918,Ag,COMPLETE
1119,-49.76851851849095,2025-11-25 10:23:33.182826,2025-11-25 10:24:00.588127,0 days 00:00:27.405301,71.6167339981413,1.5630032881349214,0.10013456559752186,Ag,COMPLETE
1120,-15.782828282825847,2025-11-25 10:24:00.656261,2025-11-25 10:24:01.233305,0 days 00:00:00.577044,65.8433066803154,0.5027894995727356,0.20167678670757946,Cu,COMPLETE
1121,-15.782828282825847,2025-11-25 10:24:00.588127,2025-11-25 10:24:01.967451,0 days 00:00:01.379324,65.92847076797791,0.5071990626616905,0.18765677591098115,Cu,COMPLETE
1122,-19.333333333330202,2025-11-25 10:24:00.809214,2025-11-25 10:24:02.061269,0 days 00:00:01.252055,68.34728459510778,0.5018433257208147,0.1992966974834883,Au,COMPLETE
1123,-15.54726368158969,2025-11-25 10:24:00.924195,2025-11-25 10:24:01.742435,0 days 00:00:00.818240,65.30349133543993,0.8338636890924352,0.19529074085664055,Cu,COMPLETE
1124,-15.624999999997724,2025-11-25 10:24:00.946988,2025-11-25 10:24:01.968705,0 days 00:00:01.021717,66.57588440218888,0.8357961721097558,0.1985101396452724,Cu,COMPLETE
1125,-16.985138004244096,2025-11-25 10:24:00.974076,2025-11-25 10:24:02.124885,0 days 00:00:01.150809,68.79949743616794,0.8631126085825718,1.1629670609475347,Au,COMPLETE
1126,-19.37984496123722,2025-11-25 10:24:01.073367,2025-11-25 10:24:01.905051,0 days 00:00:00.831684,68.40239835579924,0.8521159938813497,0.19549840547340247,Au,COMPLETE
1127,-51.4705882352638,2025-11-25 10:24:01.041502,2025-11-25 10:24:02.604374,0 days 00:00:01.562872,68.75822390263829,0.8666373225238693,0.14873012262934426,Ag,COMPLETE
1128,-0.8234519104084191,2025-11-25 10:24:01.805434,2025-11-25 10:24:02.725867,0 days 00:00:00.920433,73.64756527420589,19.995691564303804,0.15785316444551628,Ag,COMPLETE
1129,-1.1134552273792424,2025-11-25 10:24:01.968705,2025-11-25 10:24:02.568133,0 days 00:00:00.599428,22.622014645795193,1.208278917660571,0.15522632440411557,Ag,COMPLETE
1130,18.640350877192702,2025-11-25 10:24:02.192139,2025-11-25 10:24:02.982214,0 days 00:00:00.790075,73.76409257628018,16.382251435252254,1.4011621024485326,Ag,COMPLETE
1131,-25.167785234896,2025-11-25 10:24:02.342850,2025-11-25 10:24:03.056069,0 days 00:00:00.713219,74.41625803524559,14.275145409353458,0.2530514743449981,Ag,COMPLETE
1132,-49.76851851849059,2025-11-25 10:24:02.445567,2025-11-25 10:24:03.086986,0 days 00:00:00.641419,73.67205896800225,1.1980577356043944,0.26160997492775867,Ag,COMPLETE
1133,-51.76767676764536,2025-11-25 10:24:02.514061,2025-11-25 10:24:03.208726,0 days 00:00:00.694665,64.71426369789401,0.5072085079335557,0.13333543434804496,Ag,COMPLETE
1134,-48.61111111108426,2025-11-25 10:24:02.612683,2025-11-25 10:24:03.724406,0 days 00:00:01.111723,60.35470297125918,0.8466188552134619,0.1372611704271076,Ag,COMPLETE
1135,-51.76767676764536,2025-11-25 10:24:02.923678,2025-11-25 10:24:03.745361,0 days 00:00:00.821683,64.54991407593802,0.5029449893034401,0.13316824039560798,Ag,COMPLETE
1136,-34.39153439152359,2025-11-25 10:24:02.995269,2025-11-25 10:24:03.767758,0 days 00:00:00.772489,60.076439334028585,7.5822334101731865,0.16740893197555948,Ag,COMPLETE
1137,-51.4705882352638,2025-11-25 10:24:03.155662,2025-11-25 10:24:03.948399,0 days 00:00:00.792737,70.1247745414703,0.8813224569210651,0.1355584904007918,Ag,COMPLETE
1138,-51.4705882352638,2025-11-25 10:24:03.325087,2025-11-25 10:24:03.948399,0 days 00:00:00.623312,69.50059916870423,1.1764153969366495,0.16346231552307944,Ag,COMPLETE
1139,-36.05769230767859,2025-11-25 10:24:03.413751,2025-11-25 10:24:04.320576,0 days 00:00:00.906825,69.88725551108044,1.2350618002557918,1.9085492576476302,Ag,COMPLETE
1140,-49.76851851849059,2025-11-25 10:24:03.529895,2025-11-25 10:24:04.388154,0 days 00:00:00.858259,67.00103660804713,1.2473110961925902,0.23043347861455787,Ag,COMPLETE
1141,-49.99999999997116,2025-11-25 10:24:03.647966,2025-11-25 10:24:04.549045,0 days 00:00:00.901079,66.89869668782929,1.3262737044554114,0.21305126376559988,Ag,COMPLETE
1142,-49.99999999997132,2025-11-25 10:24:04.059313,2025-11-25 10:24:04.949682,0 days 00:00:00.890369,66.89358911571718,0.8465294826470942,0.20795613633601082,Ag,COMPLETE
1143,-50.24509803918621,2025-11-25 10:24:04.150496,2025-11-25 10:24:05.054919,0 days 00:00:00.904423,67.48509352839768,0.8547808344488976,0.10110226444795357,Ag,COMPLETE
1144,-1.4320785597381105,2025-11-25 10:24:04.237656,2025-11-25 10:24:05.385084,0 days 00:00:01.147428,113.55923705057539,0.5018292159683573,0.2843986564077279,Ag,COMPLETE
1145,-50.24509803918605,2025-11-25 10:24:04.345053,2025-11-25 10:24:05.297533,0 days 00:00:00.952480,66.73126017763343,0.5029190758856723,0.21946356852038026,Ag,COMPLETE
1146,-20.576131687237737,2025-11-25 10:24:04.406705,2025-11-25 10:24:05.989391,0 days 00:00:01.582686,37.347205638783684,0.5078148024291108,0.1007377218866729,Ag,COMPLETE
1147,-50.24509803918621,2025-11-25 10:24:04.670409,2025-11-25 10:24:05.722772,0 days 00:00:01.052363,62.57288237760156,0.8433148439498037,0.1003467280824408,Ag,COMPLETE
1148,-43.74999999997812,2025-11-25 10:24:04.873803,2025-11-25 10:24:05.986781,0 days 00:00:01.112978,76.75804791740781,0.8805510712940923,0.4943894123464073,Ag,COMPLETE
1149,-23.972602739719356,2025-11-25 10:24:04.993283,2025-11-25 10:24:06.292321,0 days 00:00:01.299038,41.09292646463912,1.9757946239204962,0.17464939781164573,Ag,COMPLETE
1150,-30.505952380941356,2025-11-25 10:24:05.533929,2025-11-25 10:24:06.418206,0 days 00:00:00.884277,44.98804437655721,0.8659262783196197,0.17107883800383306,Ag,COMPLETE
1151,-23.7268518518453,2025-11-25 10:24:05.666807,2025-11-25 10:24:06.476812,0 days 00:00:00.810005,40.70641446445853,1.3704637547547232,0.16775837088659912,Ag,COMPLETE
1152,-47.149122806992466,2025-11-25 10:24:05.796870,2025-11-25 10:24:06.296483,0 days 00:00:00.499613,64.47448658486839,1.997255871059987,0.1701495502880887,Ag,COMPLETE
1153,-49.99999999997132,2026-04-07 11:10:46.950036,2026-04-07 11:10:50.839758,0 days 00:00:03.889722,70.41853402003224,1.1476460781127278,0.13808749227560677,Ag,COMPLETE
1154,-1.0,2026-04-07 11:10:46.955554,2026-04-07 11:10:47.419750,0 days 00:00:00.464196,70.32424198396043,1.4066333565454072,0.12748872825152607,Ag,COMPLETE
1155,-43.80341880339633,2026-04-07 11:10:46.978566,2026-04-07 11:10:50.837216,0 days 00:00:03.858650,80.70500520880616,0.5049054925917754,0.13439990743836516,Ag,COMPLETE
1156,-1.0,2026-04-07 11:10:46.995167,2026-04-07 11:10:47.470079,0 days 00:00:00.474912,103.56720081829775,1.3423721882528092,0.10014773978919725,Ag,COMPLETE
1157,-1.0,2026-04-07 11:10:47.008824,2026-04-07 11:10:47.416863,0 days 00:00:00.408039,71.05598284612066,1.1423257185311981,0.6882300851466269,Ag,COMPLETE
1158,-1.0,2026-04-07 11:10:47.075071,2026-04-07 11:10:47.622054,0 days 00:00:00.546983,70.7591403132983,1.1316004335016103,0.24533946735459736,Ag,COMPLETE
1159,-48.6111111110841,2026-04-07 11:10:47.087873,2026-04-07 11:10:50.837216,0 days 00:00:03.749343,70.36712461982131,1.3603164511203323,0.2321865732448286,Ag,COMPLETE
1160,-1.0,2026-04-07 11:10:47.115916,2026-04-07 11:10:47.468575,0 days 00:00:00.352659,70.41859280793156,1.15883024195467,0.10065138571269895,Ag,COMPLETE
1161,-36.76470588233863,2026-04-07 11:10:47.494165,2026-04-07 11:10:50.841261,0 days 00:00:03.347096,64.5442463234934,0.8484205240316844,1.9939795580444108,Ag,COMPLETE
1162,-49.99999999997132,2026-04-07 11:10:47.541378,2026-04-07 11:10:50.841261,0 days 00:00:03.299883,64.8627795406624,0.8446656053609283,0.22563406397401808,Ag,COMPLETE
1163,-1.0,2026-04-07 11:10:47.558471,2026-04-07 11:10:47.851019,0 days 00:00:00.292548,81.97898681339622,0.8401096181525288,0.13762753064702263,Ag,COMPLETE
1164,-49.99999999997149,2026-04-07 11:10:47.625052,2026-04-07 11:10:50.894355,0 days 00:00:03.269303,64.53543415900887,0.8375523511027902,0.14085644980629916,Ag,COMPLETE
1165,-1.0,2026-04-07 11:10:47.681459,2026-04-07 11:10:47.869338,0 days 00:00:00.187879,81.43670466502935,0.5002709400135427,0.13734640934970266,Ag,COMPLETE
1166,-0.5868544600938801,2026-04-07 11:10:47.881945,2026-04-07 11:10:50.925494,0 days 00:00:03.043549,24.89052279055928,0.8440026981464193,0.21937332027934375,Au,COMPLETE
1167,-1.0,2026-04-07 11:10:47.917089,2026-04-07 11:10:48.143964,0 days 00:00:00.226875,100.31801067595089,12.15571138306253,0.20734726632393366,Au,COMPLETE
1168,-1.0,2026-04-07 11:10:48.158402,2026-04-07 11:10:48.234862,0 days 00:00:00.076460,24.260664609460814,0.878272904272257,0.2798927310169528,Ag,COMPLETE
1169,-49.99999999997132,2026-04-07 11:10:48.251673,2026-04-07 11:10:50.879355,0 days 00:00:02.627682,64.73051051925955,0.8973517275969711,0.15849808337464238,Ag,COMPLETE
1170,-1.0,2026-04-07 11:10:50.900565,2026-04-07 11:10:51.433122,0 days 00:00:00.532557,68.73792776121921,0.501595332978547,0.18678545360212082,Ag,COMPLETE
1171,-38.26530612243347,2026-04-07 11:10:51.027274,2026-04-07 11:10:51.600631,0 days 00:00:00.573357,68.08264577689253,1.481989365473805,1.4833976711591212,Ag,COMPLETE
1172,-47.297297297271975,2026-04-07 11:10:51.054505,2026-04-07 11:10:51.488118,0 days 00:00:00.433613,67.55052648238735,1.5245968533333598,0.18805746906391038,Ag,COMPLETE
1173,-16.826923076919815,2026-04-07 11:10:51.077666,2026-04-07 11:10:51.495731,0 days 00:00:00.418065,91.01890194452622,0.5031242549581805,0.18351821927917092,Ag,COMPLETE
1174,-1.0,2026-04-07 11:10:51.100167,2026-04-07 11:10:51.521912,0 days 00:00:00.421745,68.44089288788047,1.5288843538050139,0.1874521256658447,Ag,COMPLETE
1175,-1.0,2026-04-07 11:10:51.131883,2026-04-07 11:10:51.480903,0 days 00:00:00.349020,68.08225280467163,1.4761350348872628,0.10029859099030505,Ag,COMPLETE
1176,-1.0,2026-04-07 11:10:51.159824,2026-04-07 11:10:51.677039,0 days 00:00:00.517215,68.77355763156429,12.903127860708631,0.1821398849103636,Ag,COMPLETE
1177,-53.03030303027077,2026-04-07 11:10:51.177645,2026-04-07 11:10:51.536936,0 days 00:00:00.359291,67.96405178830389,0.5207500017684387,0.18242457019884595,Ag,COMPLETE
1178,-26.199494949490912,2026-04-07 11:10:51.557410,2026-04-07 11:10:52.070877,0 days 00:00:00.513467,62.479656970638366,13.768979198111007,0.3082409332801028,Ag,COMPLETE
1179,-1.0,2026-04-07 11:10:51.632637,2026-04-07 11:10:52.017608,0 days 00:00:00.384971,62.40989808674921,0.5059615793921961,0.31058814875213414,Ag,COMPLETE
1180,-1.0,2026-04-07 11:10:51.649126,2026-04-07 11:10:52.098143,0 days 00:00:00.449017,61.93536078963684,17.48933551445712,0.2908332115728493,Ag,COMPLETE
1181,-1.0,2026-04-07 11:10:51.695485,2026-04-07 11:10:52.205604,0 days 00:00:00.510119,62.370107779776376,1.0863419495312403,0.2682135781845725,Ag,COMPLETE
1182,-1.0,2026-04-07 11:10:51.709507,2026-04-07 11:10:52.157496,0 days 00:00:00.447989,56.37008190805249,2.617198388030123,0.2914202535112186,Ag,COMPLETE
1183,-43.74999999997812,2026-04-07 11:10:51.735225,2026-04-07 11:10:52.191477,0 days 00:00:00.456252,57.221297878075916,1.0999022014292796,0.2948697989856076,Ag,COMPLETE
1184,-1.0,2026-04-07 11:10:51.771505,2026-04-07 11:10:52.247947,0 days 00:00:00.476442,61.8948168038018,8.54510923023415,0.2636969230546494,Ag,COMPLETE
1185,-1.0,2026-04-07 11:10:51.832438,2026-04-07 11:10:52.319977,0 days 00:00:00.487539,78.32604332604508,1.0807361992508366,0.26287137694911655,Ag,COMPLETE
1186,-9.633911368014305,2026-04-07 11:10:52.116907,2026-04-07 11:10:52.534761,0 days 00:00:00.417854,27.936060036137185,1.9265022778205765,0.10024206925733802,Ag,COMPLETE
1187,-18.550228310499705,2026-04-07 11:10:52.224140,2026-04-07 11:10:52.818597,0 days 00:00:00.594457,72.79844900696415,2.057811472468214,0.13318112383194577,Au,COMPLETE
1188,-1.0,2026-04-07 11:10:52.289736,2026-04-07 11:10:52.709010,0 days 00:00:00.419274,73.16402109537896,1.921213463525343,0.1327841663008381,Au,COMPLETE
1189,-1.0,2026-04-07 11:10:52.320977,2026-04-07 11:10:52.924195,0 days 00:00:00.603218,73.09009716749657,0.8266711830744455,0.13353369678356192,Au,COMPLETE
1190,-1.0,2026-04-07 11:10:52.365619,2026-04-07 11:10:52.821718,0 days 00:00:00.456099,108.71606050738711,15.582404053126972,0.13210641340532048,Ag,COMPLETE
1191,-1.0,2026-04-07 11:10:52.426471,2026-04-07 11:10:52.925200,0 days 00:00:00.498729,72.73276629957815,1.9859529689923687,0.38969330699153437,Au,COMPLETE
1192,-19.37984496123722,2026-04-07 11:10:52.468925,2026-04-07 11:10:52.954303,0 days 00:00:00.485378,73.86068919831594,0.8487938227287302,0.13859437923338755,Au,COMPLETE
1193,-1.0,2026-04-07 11:10:52.495091,2026-04-07 11:10:52.927209,0 days 00:00:00.432118,73.61356861433619,4.236089632892057,0.1363446295272287,Au,COMPLETE
1194,-1.0,2026-04-07 11:10:52.670616,2026-04-07 11:10:53.224026,0 days 00:00:00.553410,72.82608108249163,0.8446550832431657,0.13398932467997549,Ag,COMPLETE
1195,-51.47058823526383,2026-04-07 11:10:52.842745,2026-04-07 11:10:53.395980,0 days 00:00:00.553235,66.02257254540996,0.8575993700501163,0.22146267825992835,Ag,COMPLETE
1196,-1.0,2026-04-07 11:10:53.005490,2026-04-07 11:10:53.396993,0 days 00:00:00.391503,65.9353267042621,18.422398920894988,0.2248507235802234,Ag,COMPLETE
1197,-49.99999999997149,2026-04-07 11:10:53.042002,2026-04-07 11:10:53.536332,0 days 00:00:00.494330,66.51637494003806,1.1013457899059464,0.20314219079182266,Ag,COMPLETE
1198,-1.0,2026-04-07 11:10:53.064529,2026-04-07 11:10:53.492710,0 days 00:00:00.428181,66.49607293318417,0.8726420746855945,0.23451110270425857,Ag,COMPLETE
1199,-49.99999999997149,2026-04-07 11:10:53.093557,2026-04-07 11:10:53.688200,0 days 00:00:00.594643,66.07797039540829,1.131230569561545,0.22120553493074208,Ag,COMPLETE
1200,-50.24509803918605,2026-04-07 11:10:53.134684,2026-04-07 11:10:53.554165,0 days 00:00:00.419481,66.11834986752798,0.5037737405144528,0.21824966880575675,Ag,COMPLETE
1201,-27.263374485593353,2026-04-07 11:10:53.168804,2026-04-07 11:10:53.537873,0 days 00:00:00.369069,66.06999680409216,16.072340055984476,0.10054366688087185,Ag,COMPLETE
1202,-1.0,2026-04-07 11:10:53.346497,2026-04-07 11:10:53.788232,0 days 00:00:00.441735,65.85449158015689,1.160912865582417,0.2090569513812331,Ag,COMPLETE
1203,-1.0,2026-04-07 11:10:53.554165,2026-04-07 11:10:54.060493,0 days 00:00:00.506328,75.66206131205897,0.5056700222726566,0.6449097765087476,Ag,COMPLETE
1204,-39.308176100614034,2026-04-07 11:10:53.577256,2026-04-07 11:10:54.221188,0 days 00:00:00.643932,69.83913086441507,6.050242358087652,0.1723620226662102,Ag,COMPLETE
1205,-1.0,2026-04-07 11:10:53.598507,2026-04-07 11:10:54.160859,0 days 00:00:00.562352,76.22339230822634,1.5068468037880174,0.1582075163004602,Ag,COMPLETE
1206,-48.6111111110841,2026-04-07 11:10:53.688200,2026-04-07 11:10:54.161859,0 days 00:00:00.473659,76.37494647508034,0.5201976674568315,0.1639544472780957,Ag,COMPLETE
1207,-39.99999999998399,2026-04-07 11:10:53.791915,2026-04-07 11:10:54.281858,0 days 00:00:00.489943,69.79923942253696,5.465835839580834,0.16506801156590373,Ag,COMPLETE
1208,-1.0,2026-04-07 11:10:53.833933,2026-04-07 11:10:54.225826,0 days 00:00:00.391893,69.69141577752937,0.506687009606732,0.16483305718825453,Ag,COMPLETE
1209,-1.0,2026-04-07 11:10:53.872948,2026-04-07 11:10:54.376593,0 days 00:00:00.503645,76.2661918729924,11.44015239629304,0.16316679165992953,Ag,COMPLETE
1210,-1.0,2026-04-07 11:10:53.957263,2026-04-07 11:10:54.451602,0 days 00:00:00.494339,70.36643158650423,10.363285283216834,0.1710864753430513,Ag,COMPLETE
1211,-51.76767676764536,2026-04-07 11:10:54.173863,2026-04-07 11:10:54.862424,0 days 00:00:00.688561,69.91076969775493,0.5124498598829546,0.16033933952088794,Ag,COMPLETE
1212,-15.318627450978095,2026-04-07 11:10:54.244928,2026-04-07 11:10:54.748103,0 days 00:00:00.503175,59.11454315635344,1.395006277033816,0.13704810328087205,Cu,COMPLETE
1213,-51.76767676764536,2026-04-07 11:10:54.307827,2026-04-07 11:10:54.804174,0 days 00:00:00.496347,63.62374371289955,0.500234985044436,0.10379990334037968,Ag,COMPLETE
1214,-15.510948905107135,2026-04-07 11:10:54.407215,2026-04-07 11:10:54.832636,0 days 00:00:00.425421,64.39645178355434,1.3689485034509883,0.13381566751031906,Cu,COMPLETE
1215,-1.0,2026-04-07 11:10:54.423331,2026-04-07 11:10:54.832636,0 days 00:00:00.409305,63.66457848311102,1.4025255830101204,0.1003142534261072,Ag,COMPLETE
1216,-1.0,2026-04-07 11:10:54.481588,2026-04-07 11:10:54.958329,0 days 00:00:00.476741,71.4837255570262,1.4078587910274685,0.1390075680793242,Ag,COMPLETE
1217,-1.0,2026-04-07 11:10:54.526033,2026-04-07 11:10:54.959377,0 days 00:00:00.433344,58.787598978038936,1.3903104719174177,0.12809134032802222,Cu,COMPLETE
1218,-48.6111111110841,2026-04-07 11:10:54.605418,2026-04-07 11:10:55.173065,0 days 00:00:00.567647,63.865965414886006,1.354108760603713,0.10068548206909224,Ag,COMPLETE
1219,-41.666666666647146,2026-04-07 11:10:54.912979,2026-04-07 11:10:55.364024,0 days 00:00:00.451045,68.8589999999966,0.8570031086349721,1.199014990851883,Ag,COMPLETE
1220,-49.99999999997136,2026-04-07 11:10:54.954701,2026-04-07 11:10:55.449800,0 days 00:00:00.495099,67.69339308757668,0.8662643602822434,0.25117805253481795,Ag,COMPLETE
1221,-1.0,2026-04-07 11:10:54.973197,2026-04-07 11:10:55.491218,0 days 00:00:00.518021,68.55089839351271,0.8778833282877837,1.879989917290397,Ag,COMPLETE
1222,-49.99999999997136,2026-04-07 11:10:55.064907,2026-04-07 11:10:55.492227,0 days 00:00:00.427320,68.4670439816922,0.9487763756470797,0.19162638492219394,Ag,COMPLETE
1223,-1.0,2026-04-07 11:10:55.112262,2026-04-07 11:10:55.492227,0 days 00:00:00.379965,67.92154822621647,0.8654531564403454,0.2523253219195008,Ag,COMPLETE
1224,-38.19444444442841,2026-04-07 11:10:55.202886,2026-04-07 11:10:55.636267,0 days 00:00:00.433381,67.84887120839863,0.8630696113223126,1.6471240119118256,Ag,COMPLETE
1225,-1.0,2026-04-07 11:10:55.258226,2026-04-07 11:10:55.836222,0 days 00:00:00.577996,22.438485254378353,0.5007020135836542,0.1999345404044326,Ag,COMPLETE
1226,-51.47058823526383,2026-04-07 11:10:55.318021,2026-04-07 11:10:55.723646,0 days 00:00:00.405625,68.20142598641885,0.8746475543296397,0.20877716751178485,Ag,COMPLETE
1227,-1.0,2026-04-07 11:10:55.495229,2026-04-07 11:10:56.056645,0 days 00:00:00.561416,46.747101282117264,18.882227786198285,0.19452226120907545,Ag,COMPLETE
1228,-0.8802816901408202,2026-04-07 11:10:55.595280,2026-04-07 11:10:56.011167,0 days 00:00:00.415887,22.564115841422332,0.5108870274239761,1.3633865414115878,Ag,COMPLETE
1229,-1.0,2026-04-07 11:10:55.641186,2026-04-07 11:10:56.132687,0 days 00:00:00.491501,60.79222603963391,1.7747549243050333,0.10066523260048223,Ag,COMPLETE
1230,-1.0,2026-04-07 11:10:55.681244,2026-04-07 11:10:56.161964,0 days 00:00:00.480720,71.7707943026404,1.154317555358581,1.3501479851351026,Ag,COMPLETE
1231,-1.0,2026-04-07 11:10:55.701011,2026-04-07 11:10:56.068308,0 days 00:00:00.367297,71.3920246294884,1.1441478520261459,0.17284954193624363,Ag,COMPLETE
1232,-1.0,2026-04-07 11:10:55.772782,2026-04-07 11:10:56.273505,0 days 00:00:00.500723,71.79291262711988,18.961167952660897,0.16421385732176416,Ag,COMPLETE
1233,23.096129837702527,2026-04-07 11:10:55.836222,2026-04-07 11:10:56.338283,0 days 00:00:00.502061,60.63574662632229,18.94889127747833,0.10121071220065551,Ag,COMPLETE
1234,-1.0,2026-04-07 11:10:55.973069,2026-04-07 11:10:56.417142,0 days 00:00:00.444073,72.15972445559746,1.801800132772593,0.1366875936912001,Ag,COMPLETE
1235,-51.4705882352638,2026-04-07 11:10:56.163971,2026-04-07 11:10:56.666098,0 days 00:00:00.502127,71.94736210368742,0.8353361152545565,0.16166648397732789,Ag,COMPLETE
1236,-1.0,2026-04-07 11:10:56.213053,2026-04-07 11:10:56.618147,0 days 00:00:00.405094,65.1042435466917,0.8544428315968946,0.10060127808461483,Ag,COMPLETE
1237,-39.85507246375066,2026-04-07 11:10:56.132687,2026-04-07 11:10:56.740236,0 days 00:00:00.607549,64.90244778046359,0.884889918022297,1.5384210946055854,Ag,COMPLETE
1238,-1.0,2026-04-07 11:10:56.292329,2026-04-07 11:10:56.832664,0 days 00:00:00.540335,65.17737802438391,16.814309214782135,0.2406498710541925,Ag,COMPLETE
1239,-49.99999999997132,2026-04-07 11:10:56.418142,2026-04-07 11:10:57.055143,0 days 00:00:00.637001,64.8584141965581,0.8241309653087482,0.24662810708865635,Ag,COMPLETE
1240,-50.24509803918621,2026-04-07 11:10:56.478317,2026-04-07 11:10:57.083442,0 days 00:00:00.605125,65.04474624998612,0.8598046345823969,0.10068866957528749,Ag,COMPLETE
1241,-48.61111111108426,2026-04-07 11:10:56.534489,2026-04-07 11:10:57.103514,0 days 00:00:00.569025,63.68495172720796,1.115864055089959,0.24510609346797047,Ag,COMPLETE
1242,-11.284722222220635,2026-04-07 11:10:56.555569,2026-04-07 11:10:57.212801,0 days 00:00:00.657232,29.873492776861994,1.1139279886799505,0.23945812280764647,Ag,COMPLETE
1243,-50.245098039186,2026-04-07 11:10:56.755610,2026-04-07 11:10:57.265852,0 days 00:00:00.510242,74.4547121193506,0.5020125587109836,0.13617669450882788,Ag,COMPLETE
1244,-1.0,2026-04-07 11:10:56.850345,2026-04-07 11:10:57.357863,0 days 00:00:00.507518,74.29227963115419,1.1186088702937877,0.1352938329498402,Ag,COMPLETE
1245,-1.0,2026-04-07 11:10:56.928751,2026-04-07 11:10:57.559771,0 days 00:00:00.631020,30.050435280729516,1.0722367219701967,0.16182236085565108,Ag,COMPLETE
1246,-49.99999999997149,2026-04-07 11:10:56.993839,2026-04-07 11:10:57.477759,0 days 00:00:00.483920,69.7968565841842,1.19646729598156,0.16438903984322273,Ag,COMPLETE
1247,-53.03030303027077,2026-04-07 11:10:57.172901,2026-04-07 11:10:57.869975,0 days 00:00:00.697074,69.75387268262973,0.5135467934498544,0.19115245634268396,Ag,COMPLETE
1248,-49.76851851849095,2026-04-07 11:10:57.200713,2026-04-07 11:10:57.742057,0 days 00:00:00.541344,69.581180928123,1.5097289656655093,0.16563955476732922,Ag,COMPLETE
1249,-1.0,2026-04-07 11:10:57.291116,2026-04-07 11:10:57.918501,0 days 00:00:00.627385,69.6874793896445,1.6224032953643723,0.18949275599387075,Ag,COMPLETE
1250,-1.0,2026-04-07 11:10:57.387761,2026-04-07 11:10:57.851762,0 days 00:00:00.464001,67.2368270353303,0.5057989916293797,0.19682660667018947,Ag,COMPLETE
1251,-1.0,2026-04-07 11:10:57.413258,2026-04-07 11:10:57.868951,0 days 00:00:00.455693,26.12859400450906,0.5086769964716624,1.1038164305871085,Ag,COMPLETE
1252,-37.280701754372984,2026-04-07 11:10:57.502291,2026-04-07 11:10:57.976254,0 days 00:00:00.473963,66.79494167924672,6.851191654283268,0.1941108173840938,Ag,COMPLETE
1253,-1.0,2026-04-07 11:10:57.628227,2026-04-07 11:10:58.221638,0 days 00:00:00.593411,66.87641256503325,0.5092118744240816,0.19743909508195234,Ag,COMPLETE
1254,-44.715447154449805,2026-04-07 11:10:57.778803,2026-04-07 11:10:58.324079,0 days 00:00:00.545276,77.73181209030098,2.254158808645453,0.13119454554968923,Ag,COMPLETE
1255,-1.0,2026-04-07 11:10:57.947452,2026-04-07 11:10:58.417729,0 days 00:00:00.470277,62.545715299342596,0.5044108113223407,0.33344362601359545,Ag,COMPLETE
1256,-1.0,2026-04-07 11:10:57.979774,2026-04-07 11:10:58.371898,0 days 00:00:00.392124,62.296960538958494,2.343006182526202,0.1346226934398408,Ag,COMPLETE
1257,-1.0,2026-04-07 11:10:58.012448,2026-04-07 11:10:58.465822,0 days 00:00:00.453374,66.93973980461263,2.379090813973839,0.581124476478728,Ag,COMPLETE
1258,-47.297297297271975,2026-04-07 11:10:58.067631,2026-04-07 11:10:58.682274,0 days 00:00:00.614643,78.49092831494298,0.848678515520208,0.13258838036065135,Ag,COMPLETE
1259,-29.835390946494684,2026-04-07 11:10:58.103628,2026-04-07 11:10:58.656641,0 days 00:00:00.553013,78.35146119164594,9.281944500400483,0.1343466994542329,Ag,COMPLETE
1260,-1.0,2026-04-07 11:10:58.137759,2026-04-07 11:10:58.563455,0 days 00:00:00.425696,62.40819402591338,0.5132311817325675,0.3571780557055158,Ag,COMPLETE
1261,-18.995098039212934,2026-04-07 11:10:58.341131,2026-04-07 11:10:58.976737,0 days 00:00:00.635606,72.13509368466212,1.3974188465986699,0.14050060705601308,Au,COMPLETE
1262,-1.0,2026-04-07 11:10:58.464818,2026-04-07 11:10:58.977740,0 days 00:00:00.512922,71.48465890319875,1.4313689808230432,0.13513825326498677,Au,COMPLETE
1263,-1.0,2026-04-07 11:10:58.526535,2026-04-07 11:10:59.041154,0 days 00:00:00.514619,72.21525575291356,1.4571557014731769,0.13205740493681675,Au,COMPLETE
1264,-1.0,2026-04-07 11:10:58.559374,2026-04-07 11:10:59.120339,0 days 00:00:00.560965,71.54417982571516,1.4753771613892397,0.10139619239601474,Au,COMPLETE
1265,-1.0,2026-04-07 11:10:58.610059,2026-04-07 11:10:59.123805,0 days 00:00:00.513746,71.35986638554036,1.5049070471557955,1.6895817468245145,Au,COMPLETE
1266,-1.0,2026-04-07 11:10:58.781681,2026-04-07 11:10:59.255912,0 days 00:00:00.474231,71.41577519233776,1.4517491746512454,0.16283820259082013,Au,COMPLETE
1267,-1.0,2026-04-07 11:10:58.794136,2026-04-07 11:10:59.166579,0 days 00:00:00.372443,71.66343270343431,1.5727413741641902,0.16222499861291176,Au,COMPLETE
1268,-1.0,2026-04-07 11:10:58.854727,2026-04-07 11:10:59.351316,0 days 00:00:00.496589,68.08032680659366,1.1174872793301174,0.21428781348202314,Ag,COMPLETE
1269,-1.0,2026-04-07 11:10:59.067630,2026-04-07 11:10:59.559356,0 days 00:00:00.491726,67.51228869733644,0.8514847938264369,0.2187218435871783,Ag,COMPLETE
1270,-48.809523809495936,2026-04-07 11:10:59.144278,2026-04-07 11:10:59.670339,0 days 00:00:00.526061,68.39075188174057,0.8875478371398946,0.22308974966513856,Ag,COMPLETE
1271,-28.846153846148297,2026-04-07 11:10:59.215925,2026-04-07 11:10:59.871454,0 days 00:00:00.655529,65.93183087935873,12.45549257627339,0.10012237556603595,Ag,COMPLETE
1272,-1.0,2026-04-07 11:10:59.303255,2026-04-07 11:10:59.814255,0 days 00:00:00.511000,66.73369446353715,0.8817464667745275,0.2625252033445782,Ag,COMPLETE
1273,-22.580645161287475,2026-04-07 11:10:59.385461,2026-04-07 11:10:59.939148,0 days 00:00:00.553687,48.75684073366838,14.8285029394938,0.10060743882335893,Ag,COMPLETE
1274,-1.0,2026-04-07 11:10:59.429853,2026-04-07 11:10:59.965489,0 days 00:00:00.535636,66.1210520781472,0.8730209596938107,0.9597421812503737,Ag,COMPLETE
1275,-48.809523809495936,2026-04-07 11:10:59.456869,2026-04-07 11:11:00.000509,0 days 00:00:00.543640,66.58802158592741,0.8465424217376651,0.2530299428248635,Ag,COMPLETE
1276,-35.590277777763006,2026-04-07 11:10:59.490633,2026-04-07 11:11:00.092429,0 days 00:00:00.601796,48.64643680966431,0.8347729942983202,0.17458931338544834,Ag,COMPLETE
1277,-1.0,2026-04-07 11:10:59.697546,2026-04-07 11:11:00.310902,0 days 00:00:00.613356,74.64306182775384,12.505636374473895,0.18378294054417477,Ag,COMPLETE
1278,-1.0,2026-04-07 11:10:59.857630,2026-04-07 11:11:00.439767,0 days 00:00:00.582137,69.0581658201999,0.8313620720818826,1.5981247758202757,Ag,COMPLETE
1279,-45.9401709401477,2026-04-07 11:10:59.984598,2026-04-07 11:11:00.518517,0 days 00:00:00.533919,75.07955968336543,1.1696719791233283,0.4302706818561255,Ag,COMPLETE
1280,-1.0,2026-04-07 11:11:00.165468,2026-04-07 11:11:00.755223,0 days 00:00:00.589755,63.67980697058542,1.1590937346546486,0.1685140421283674,Cu,COMPLETE
1281,-16.14987080103105,2026-04-07 11:11:00.124512,2026-04-07 11:11:00.653458,0 days 00:00:00.528946,63.428976021544365,0.5133473269017196,0.2054554602422921,Cu,COMPLETE
1282,-1.0,2026-04-07 11:11:00.042562,2026-04-07 11:11:00.737155,0 days 00:00:00.694593,75.38982719215952,1.162582526218532,0.17541307897701164,Cu,COMPLETE
1283,-1.0,2026-04-07 11:11:00.273884,2026-04-07 11:11:00.849509,0 days 00:00:00.575625,60.39228482001107,1.1900059202488529,0.10105444333576807,Ag,COMPLETE
1284,-1.0,2026-04-07 11:11:00.343969,2026-04-07 11:11:00.905787,0 days 00:00:00.561818,63.28521717876282,1.1580899617470237,0.1657879918050083,Cu,COMPLETE
1285,0.46992481203006814,2026-04-07 11:11:00.468085,2026-04-07 11:11:00.890466,0 days 00:00:00.422381,63.07197828095947,13.414920222729167,0.1587266292271767,Cu,COMPLETE
1286,-1.0,2026-04-07 11:11:00.615452,2026-04-07 11:11:01.098639,0 days 00:00:00.483187,63.816001384909896,1.1783484182927921,1.0345186508870703,Ag,COMPLETE
1287,-1.0,2026-04-07 11:11:00.656416,2026-04-07 11:11:01.209141,0 days 00:00:00.552725,69.7853082022763,1.936634016063117,0.1280182527917569,Ag,COMPLETE
1288,-1.0,2026-04-07 11:11:00.790440,2026-04-07 11:11:01.211759,0 days 00:00:00.421319,69.3493211412065,0.8170806613732369,0.13690940989269476,Ag,COMPLETE
1289,-51.47058823526388,2026-04-07 11:11:00.876512,2026-04-07 11:11:01.644445,0 days 00:00:00.767933,69.60853857467164,0.5118717713964663,0.2727789612813345,Ag,COMPLETE
1290,-1.0,2026-04-07 11:11:00.933822,2026-04-07 11:11:01.297056,0 days 00:00:00.363234,69.726304268234,1.9207277810568533,0.27249392494548996,Ag,COMPLETE
1291,-1.0,2026-04-07 11:11:00.994267,2026-04-07 11:11:01.668827,0 days 00:00:00.674560,69.5576060528939,1.8730413643994968,0.13205741457715642,Ag,COMPLETE
1292,-1.0,2026-04-07 11:11:01.023549,2026-04-07 11:11:01.526866,0 days 00:00:00.503317,69.7262598831203,1.7441713105837904,0.12755905401758044,Ag,COMPLETE
1293,-51.47058823526388,2026-04-07 11:11:01.144831,2026-04-07 11:11:01.568240,0 days 00:00:00.423409,68.35477253323167,0.5156131031375577,0.26886626600913627,Ag,COMPLETE
1294,-1.0,2026-04-07 11:11:01.249140,2026-04-07 11:11:01.715830,0 days 00:00:00.466690,67.92109601180458,0.8051692371571012,0.10186849052108024,Ag,COMPLETE
1295,-28.954802259877106,2026-04-07 11:11:01.353530,2026-04-07 11:11:01.793525,0 days 00:00:00.439995,43.7595139914787,0.7976295365551522,0.22191116245288606,Ag,COMPLETE
1296,-1.0,2026-04-07 11:11:01.395417,2026-04-07 11:11:01.906557,0 days 00:00:00.511140,73.24746753091536,0.8185740334275128,0.21280549433652673,Ag,COMPLETE
1297,-50.24509803918605,2026-04-07 11:11:01.471338,2026-04-07 11:11:02.011810,0 days 00:00:00.540472,73.4932804214534,0.510260829688872,0.21401936455295487,Ag,COMPLETE
1298,-28.985507246370506,2026-04-07 11:11:01.669833,2026-04-07 11:11:02.358172,0 days 00:00:00.688339,73.70264228716094,10.86964510655003,0.22360618972577112,Ag,COMPLETE
1299,-1.0,2026-04-07 11:11:01.726688,2026-04-07 11:11:02.333546,0 days 00:00:00.606858,64.8079048257204,10.86190422520958,0.2029426012261671,Ag,COMPLETE
1300,-1.0,2026-04-07 11:11:01.796104,2026-04-07 11:11:02.328868,0 days 00:00:00.532764,65.56947729995407,15.176036627579336,0.10002552333745005,Ag,COMPLETE
1301,-1.0,2026-04-07 11:11:01.870467,2026-04-07 11:11:02.435802,0 days 00:00:00.565335,65.17553284750583,19.503205462845948,0.1793998251423462,Ag,COMPLETE
1302,-9.285714285713238,2026-04-07 11:11:01.937843,2026-04-07 11:11:02.561991,0 days 00:00:00.624148,27.344219930525696,1.129759876107366,0.16364131273961133,Ag,COMPLETE
1303,-51.190476190446915,2026-04-07 11:11:01.963804,2026-04-07 11:11:02.373838,0 days 00:00:00.410034,65.21650548309127,1.142591117812244,0.1627390769439019,Ag,COMPLETE
1304,-1.0,2026-04-07 11:11:02.083479,2026-04-07 11:11:02.476915,0 days 00:00:00.393436,65.07495361283668,1.2183800741203306,0.16543109015713237,Ag,COMPLETE
1305,-1.0,2026-04-07 11:11:02.135959,2026-04-07 11:11:02.546968,0 days 00:00:00.411009,61.20621632251318,0.5188878415445329,0.16378044248771073,Ag,COMPLETE
1306,-1.0,2026-04-07 11:11:02.482446,2026-04-07 11:11:03.186604,0 days 00:00:00.704158,67.19525723899189,0.507370224038865,0.10099715282987531,Ag,COMPLETE
1307,-1.0,2026-04-07 11:11:02.533533,2026-04-07 11:11:03.092631,0 days 00:00:00.559098,67.35464342413782,0.8374210267819117,0.1353269683839871,Ag,COMPLETE
1308,-48.809523809495936,2026-04-07 11:11:02.578163,2026-04-07 11:11:03.139277,0 days 00:00:00.561114,67.56595172029877,0.5084075450383049,0.31711171690441625,Ag,COMPLETE
1309,-1.0,2026-04-07 11:11:02.627603,2026-04-07 11:11:03.281504,0 days 00:00:00.653901,67.71267282044215,0.9198224651545797,0.12981133496805453,Ag,COMPLETE
1310,-1.0,2026-04-07 11:11:02.642055,2026-04-07 11:11:03.190550,0 days 00:00:00.548495,67.55784555689132,0.5188041715177719,0.10071605032483125,Ag,COMPLETE
1311,-39.0070921985649,2026-04-07 11:11:02.700253,2026-04-07 11:11:03.190550,0 days 00:00:00.490297,67.359350541176,0.5034457236426838,1.786885246235043,Ag,COMPLETE
1312,-1.0,2026-04-07 11:11:02.734856,2026-04-07 11:11:03.407320,0 days 00:00:00.672464,67.28468567446208,0.8155062400804058,0.310984438062364,Ag,COMPLETE
1313,-39.81481481479711,2026-04-07 11:11:02.791131,2026-04-07 11:11:03.373308,0 days 00:00:00.582177,67.08133569083134,0.817404054231406,1.420320382048591,Ag,COMPLETE
1314,-48.42342342339725,2026-04-07 11:11:03.183299,2026-04-07 11:11:03.717271,0 days 00:00:00.533972,70.4289015193832,1.6674511953499105,0.23819657768003077,Ag,COMPLETE
1315,-47.149122806992466,2026-04-07 11:11:03.317448,2026-04-07 11:11:03.894499,0 days 00:00:00.577051,60.622022672502446,1.5974872280861625,0.24099321674847704,Ag,COMPLETE
1316,-1.0,2026-04-07 11:11:03.354556,2026-04-07 11:11:03.889895,0 days 00:00:00.535339,72.09417049229648,1.7264808938923975,0.1977623489540688,Ag,COMPLETE
1317,-1.0,2026-04-07 11:11:03.280500,2026-04-07 11:11:03.825774,0 days 00:00:00.545274,60.53058852449624,1.5989646492154361,0.24493076565487273,Ag,COMPLETE
1318,-1.0,2026-04-07 11:11:03.388505,2026-04-07 11:11:03.964711,0 days 00:00:00.576206,59.530605793945156,17.26899879801583,0.2453999814031635,Ag,COMPLETE
1319,-46.05263157892295,2026-04-07 11:11:03.449005,2026-04-07 11:11:04.222018,0 days 00:00:00.773013,59.944528702528814,1.221733565339071,0.18655295186279344,Ag,COMPLETE
1320,-25.80845771143893,2026-04-07 11:11:03.580137,2026-04-07 11:11:04.230423,0 days 00:00:00.650286,58.197125109750935,14.0134036526775,0.1963616153852847,Ag,COMPLETE
1321,-46.05263157892295,2026-04-07 11:11:03.664933,2026-04-07 11:11:04.218023,0 days 00:00:00.553090,59.26373188385067,1.2220540559650783,0.18535287879654067,Ag,COMPLETE
1322,-1.0,2026-04-07 11:11:03.938495,2026-04-07 11:11:04.623187,0 days 00:00:00.684692,23.516500751416473,1.1510625813080866,0.13382577090876213,Ag,COMPLETE
1323,-1.0,2026-04-07 11:11:04.043917,2026-04-07 11:11:04.735896,0 days 00:00:00.691979,21.384060768992384,5.068693245051454,0.10077326449764377,Ag,COMPLETE
1324,-1.0,2026-04-07 11:11:04.100982,2026-04-07 11:11:04.838318,0 days 00:00:00.737336,23.902599938631695,1.139430511355076,0.10117737934861282,Ag,COMPLETE
1325,-38.04347826085315,2026-04-07 11:11:04.142291,2026-04-07 11:11:04.734819,0 days 00:00:00.592528,84.3416341944093,0.8622950884404751,0.136120434005383,Ag,COMPLETE
1326,-1.0,2026-04-07 11:11:04.173173,2026-04-07 11:11:04.839832,0 days 00:00:00.666659,71.1087401551702,1.1366720446266148,0.13419262619875455,Ag,COMPLETE
1327,-1.0,2026-04-07 11:11:04.330077,2026-04-07 11:11:04.998348,0 days 00:00:00.668271,71.44205626683363,1.0954737815457118,0.10089532650042748,Ag,COMPLETE
1328,-1.0,2026-04-07 11:11:04.372990,2026-04-07 11:11:05.027299,0 days 00:00:00.654309,25.15838642464296,1.1120534418256596,0.1383068043730907,Ag,COMPLETE
1329,-1.0,2026-04-07 11:11:04.476769,2026-04-07 11:11:05.059770,0 days 00:00:00.583001,70.4704286882826,0.5076026102134097,0.14094025477341832,Ag,COMPLETE
1330,-1.0,2026-04-07 11:11:04.754203,2026-04-07 11:11:05.587495,0 days 00:00:00.833292,70.75222233882059,0.8029421341128724,0.15447142296367697,Ag,COMPLETE
1331,-49.99999999997149,2026-04-07 11:11:04.943657,2026-04-07 11:11:05.702116,0 days 00:00:00.758459,73.94879002212602,0.8388298573516042,0.17098152709890618,Ag,COMPLETE
1332,-1.0,2026-04-07 11:11:04.998348,2026-04-07 11:11:05.699914,0 days 00:00:00.701566,74.38897830251999,0.5212994488308152,0.16370222663297213,Ag,COMPLETE
1333,-51.47058823526383,2026-04-07 11:11:05.104280,2026-04-07 11:11:05.730546,0 days 00:00:00.626266,74.68910558720447,0.5144487592194861,0.16544611876490933,Ag,COMPLETE
1334,-1.0,2026-04-07 11:11:05.137461,2026-04-07 11:11:05.838703,0 days 00:00:00.701242,73.24391003271023,0.5057205577913017,0.17710795791133424,Ag,COMPLETE
1335,-45.73170731705086,2026-04-07 11:11:05.165332,2026-04-07 11:11:05.824159,0 days 00:00:00.658827,73.82968427921207,2.905122215675302,0.16413321198144146,Ag,COMPLETE
1336,-51.47058823526383,2026-04-07 11:11:05.291411,2026-04-07 11:11:06.184562,0 days 00:00:00.893151,73.67370106841422,0.5166762127004898,0.1873173115633089,Ag,COMPLETE
1337,-50.24509803918605,2026-04-07 11:11:05.569104,2026-04-07 11:11:06.294808,0 days 00:00:00.725704,65.04905224111837,0.5020492283825302,0.2135268091296018,Ag,COMPLETE
1338,-48.423423423397416,2026-04-07 11:11:05.779535,2026-04-07 11:11:06.504413,0 days 00:00:00.724878,63.66024012302512,1.4384088320282653,0.2096692668666541,Ag,COMPLETE
1339,-1.0,2026-04-07 11:11:05.880696,2026-04-07 11:11:06.456867,0 days 00:00:00.576171,63.57272011173335,1.4548806595692811,0.20644250788492455,Ag,COMPLETE
1340,-48.611111111084135,2026-04-07 11:11:05.888501,2026-04-07 11:11:06.661419,0 days 00:00:00.772918,63.42331310661565,0.8554227049398244,0.2914976239776463,Ag,COMPLETE
1341,-51.47058823526383,2026-04-07 11:11:05.938636,2026-04-07 11:11:06.454358,0 days 00:00:00.515722,63.76534878794709,0.5036816796600188,0.20473200016197746,Ag,COMPLETE
1342,-49.76851851849095,2026-04-07 11:11:05.979236,2026-04-07 11:11:06.609546,0 days 00:00:00.630310,64.07120637668355,1.456238025503835,0.212005430980509,Ag,COMPLETE
1343,-1.0,2026-04-07 11:11:06.010061,2026-04-07 11:11:06.843765,0 days 00:00:00.833704,63.61410681683319,1.3134219671495087,0.27907127734812043,Ag,COMPLETE
1344,-24.828767123284315,2026-04-07 11:11:06.402941,2026-04-07 11:11:07.064449,0 days 00:00:00.661508,55.14091313075176,14.417210885190139,0.28979244506524476,Ag,COMPLETE
1345,-1.0,2026-04-07 11:11:06.502411,2026-04-07 11:11:07.189519,0 days 00:00:00.687108,68.95675655499842,0.8485103585967662,0.28332017717354024,Au,COMPLETE
1346,-1.0,2026-04-07 11:11:06.624131,2026-04-07 11:11:07.190707,0 days 00:00:00.566576,66.1950567092629,0.8960513823016545,0.10082877786087978,Au,COMPLETE
1347,-51.47058823526362,2026-04-07 11:11:06.664459,2026-04-07 11:11:07.250613,0 days 00:00:00.586154,69.6386660846906,0.9133467600599574,0.13242490776864702,Ag,COMPLETE
1348,-1.0,2026-04-07 11:11:06.723393,2026-04-07 11:11:07.347511,0 days 00:00:00.624118,68.55237647557908,8.188881817872792,0.10154187309674374,Au,COMPLETE
1349,-1.0,2026-04-07 11:11:06.774282,2026-04-07 11:11:07.499384,0 days 00:00:00.725102,69.0910300049163,0.9733391856250405,0.12991303061089532,Au,COMPLETE
1350,-1.0,2026-04-07 11:11:06.871860,2026-04-07 11:11:07.644138,0 days 00:00:00.772278,69.00526086658073,0.8853869948087778,0.10101906459323802,Au,COMPLETE
1351,-1.0,2026-04-07 11:11:07.006543,2026-04-07 11:11:07.738375,0 days 00:00:00.731832,69.85830441327693,0.9206896118580533,0.1363869472914535,Ag,COMPLETE
1352,-49.76851851849078,2026-04-07 11:11:07.235736,2026-04-07 11:11:08.003610,0 days 00:00:00.767874,66.46845574769745,1.8178665294093872,0.10063521904132965,Ag,COMPLETE
1353,-48.8095238094959,2026-04-07 11:11:07.431538,2026-04-07 11:11:08.066292,0 days 00:00:00.634754,76.76916043534749,0.509805035240967,0.14008820744492134,Ag,COMPLETE
1354,-1.0,2026-04-07 11:11:07.443755,2026-04-07 11:11:07.987910,0 days 00:00:00.544155,66.0207906704422,1.0845089221014446,0.10097713763523261,Ag,COMPLETE
1355,-1.0,2026-04-07 11:11:07.519383,2026-04-07 11:11:08.222432,0 days 00:00:00.703049,65.97492364661083,1.7541667917067563,0.153914885819688,Ag,COMPLETE
1356,18.837803320561655,2026-04-07 11:11:07.566761,2026-04-07 11:11:08.251674,0 days 00:00:00.684913,76.88449681340587,18.070343844355435,0.15040802798067476,Ag,COMPLETE
1357,-1.0,2026-04-07 11:11:07.646297,2026-04-07 11:11:08.268779,0 days 00:00:00.622482,66.60489113867459,1.841511302417858,0.24621095868760168,Ag,COMPLETE
1358,-49.76851851849059,2026-04-07 11:11:07.862844,2026-04-07 11:11:08.597683,0 days 00:00:00.734839,66.05121457718265,1.2214939981215998,0.24529192738003072,Ag,COMPLETE
1359,-1.0,2026-04-07 11:11:07.958310,2026-04-07 11:11:08.755298,0 days 00:00:00.796988,65.9046312597061,0.5042742502685672,0.24200470703593602,Ag,COMPLETE
1360,-1.0,2026-04-07 11:11:08.195033,2026-04-07 11:11:08.896476,0 days 00:00:00.701443,71.48880089026964,1.3007949473877054,0.1942053391371597,Ag,COMPLETE
1361,-1.0,2026-04-07 11:11:08.269807,2026-04-07 11:11:08.881049,0 days 00:00:00.611242,71.76211258219865,1.3064073923336765,0.19498257749129574,Ag,COMPLETE
1362,-48.61111111108375,2026-04-07 11:11:08.406763,2026-04-07 11:11:09.132911,0 days 00:00:00.726148,72.02718529821557,1.315566545392577,0.18816370404707045,Ag,COMPLETE
1363,-1.0,2026-04-07 11:11:08.468780,2026-04-07 11:11:09.055449,0 days 00:00:00.586669,71.35862798496208,16.517509615819947,0.19241809228966472,Ag,COMPLETE
1364,-47.29729729727148,2026-04-07 11:11:08.507472,2026-04-07 11:11:09.017064,0 days 00:00:00.509592,61.607197901934754,1.3460712132031163,0.1762517759018905,Ag,COMPLETE
1365,-1.0,2026-04-07 11:11:08.535769,2026-04-07 11:11:09.162400,0 days 00:00:00.626631,71.4659477045292,0.5032098245558412,0.1889500258224855,Ag,COMPLETE
1366,-1.0,2026-04-07 11:11:08.755298,2026-04-07 11:11:09.584987,0 days 00:00:00.829689,72.02437090715267,1.3201645376078912,0.1881932202480951,Ag,COMPLETE
1367,-1.0,2026-04-07 11:11:08.961717,2026-04-07 11:11:09.553883,0 days 00:00:00.592166,93.67648056651112,16.37806964552576,0.1349784234608872,Ag,COMPLETE
1368,-1.0,2026-04-07 11:11:09.057729,2026-04-07 11:11:09.874595,0 days 00:00:00.816866,68.45240822962568,0.8362462605741621,0.13529650497812548,Ag,COMPLETE
1369,-1.0,2026-04-07 11:11:09.133916,2026-04-07 11:11:09.974167,0 days 00:00:00.840251,52.702965427147646,0.8295966951675793,0.13668310242514708,Ag,COMPLETE
1370,-1.0,2026-04-07 11:11:09.230427,2026-04-07 11:11:09.861645,0 days 00:00:00.631218,68.68882373228814,0.9059695558514764,0.1360547525817214,Ag,COMPLETE
1371,-27.536231884053233,2026-04-07 11:11:09.287197,2026-04-07 11:11:09.861645,0 days 00:00:00.574448,68.8047839483732,13.108165426144218,0.13674576103459782,Ag,COMPLETE
1372,-51.4705882352638,2026-04-07 11:11:09.407981,2026-04-07 11:11:09.943521,0 days 00:00:00.535540,68.60514495997609,0.8488677768114984,0.13887472843674528,Ag,COMPLETE
1373,-13.661202185790096,2026-04-07 11:11:09.445858,2026-04-07 11:11:10.024632,0 days 00:00:00.578774,31.825761157973062,0.9085617441372342,0.10019042950361284,Ag,COMPLETE
1374,-47.29729729727182,2026-04-07 11:11:09.739051,2026-04-07 11:11:10.447641,0 days 00:00:00.708590,61.55374089753015,0.8541944418119768,0.3654585168634211,Ag,COMPLETE
1375,-11.363636363634972,2026-04-07 11:11:09.779908,2026-04-07 11:11:10.399915,0 days 00:00:00.620007,31.896065604790316,6.354941320709782,0.1387973322875081,Ag,COMPLETE
1376,-43.65079365077286,2026-04-07 11:11:09.972338,2026-04-07 11:11:10.767659,0 days 00:00:00.795321,62.10061567150356,2.1757429618419875,0.4707374572740062,Ag,COMPLETE
1377,-41.666666666647586,2026-04-07 11:11:10.131180,2026-04-07 11:11:10.596664,0 days 00:00:00.465484,65.07214037954536,2.1941173422094673,0.745378894970693,Ag,COMPLETE
1378,-1.0,2026-04-07 11:11:10.214116,2026-04-07 11:11:10.963811,0 days 00:00:00.749695,65.00397118358592,0.8266309846083859,0.22423635878090797,Ag,COMPLETE
1379,-48.611111111084135,2026-04-07 11:11:10.242411,2026-04-07 11:11:10.915980,0 days 00:00:00.673569,61.6781629553592,0.9089923930193959,0.2381878561332823,Ag,COMPLETE
1380,-1.0,2026-04-07 11:11:10.257422,2026-04-07 11:11:10.917037,0 days 00:00:00.659615,65.17573676493552,0.8337351778948949,1.2807389005854022,Ag,COMPLETE
1381,-1.0,2026-04-07 11:11:10.289848,2026-04-07 11:11:10.866098,0 days 00:00:00.576250,62.03768735312794,0.863276226793132,0.3283805141908864,Ag,COMPLETE
1382,-12.524084778418576,2026-04-07 11:11:10.657065,2026-04-07 11:11:11.460667,0 days 00:00:00.803602,75.6172426664335,1.1489682578119804,0.23011991635017395,Cu,COMPLETE
1383,-1.0,2026-04-07 11:11:10.706052,2026-04-07 11:11:11.463614,0 days 00:00:00.757562,69.47045436033797,11.655598340862106,0.16564947939981944,Ag,COMPLETE
1384,-1.0,2026-04-07 11:11:10.772233,2026-04-07 11:11:11.303032,0 days 00:00:00.530799,70.02704253221506,1.5977437307575029,0.2282819732377566,Cu,COMPLETE
1385,-1.0,2026-04-07 11:11:10.977465,2026-04-07 11:11:11.599787,0 days 00:00:00.622322,88.90811721843382,1.5931555961701598,0.1671504605835306,Cu,COMPLETE
1386,-12.550200803211364,2026-04-07 11:11:11.028374,2026-04-07 11:11:11.489064,0 days 00:00:00.460690,75.89673882371547,0.501852228178875,0.16399519571736576,Cu,COMPLETE
1387,-1.0,2026-04-07 11:11:11.080415,2026-04-07 11:11:11.599787,0 days 00:00:00.519372,70.1026840772798,1.4668355229765369,0.17106260982250987,Cu,COMPLETE
1388,-48.8095238094959,2026-04-07 11:11:11.101208,2026-04-07 11:11:11.724880,0 days 00:00:00.623672,75.32477072206888,0.5043623963679031,0.15992179067131962,Ag,COMPLETE
1389,-49.99999999997132,2026-04-07 11:11:11.153018,2026-04-07 11:11:11.724880,0 days 00:00:00.571862,70.20454815260393,1.541772939668522,0.10026913680231973,Ag,COMPLETE
1390,-53.03030303027095,2026-04-07 11:11:11.508250,2026-04-07 11:11:12.155864,0 days 00:00:00.647614,67.61341689412329,0.523013529443366,0.10217868760018076,Ag,COMPLETE
1391,-1.0,2026-04-07 11:11:11.653507,2026-04-07 11:11:12.363612,0 days 00:00:00.710105,38.68515973307077,0.5211995991877892,0.26551855400673857,Ag,COMPLETE
1392,-53.03030303027095,2026-04-07 11:11:11.604301,2026-04-07 11:11:12.487731,0 days 00:00:00.883430,66.69494672574037,0.5174715698434371,0.10101817152225999,Ag,COMPLETE
1393,-53.03030303027082,2026-04-07 11:11:11.688981,2026-04-07 11:11:12.399275,0 days 00:00:00.710294,67.49216417244044,0.5042204411021409,0.26355249577881223,Ag,COMPLETE
1394,-1.0,2026-04-07 11:11:11.770442,2026-04-07 11:11:12.365669,0 days 00:00:00.595227,66.81168079169785,17.704302427762066,0.10078942207499586,Ag,COMPLETE
1395,-1.0,2026-04-07 11:11:11.823187,2026-04-07 11:11:12.400336,0 days 00:00:00.577149,26.997270690264237,15.84701383717549,0.27097515762636476,Ag,COMPLETE
1396,-1.0,2026-04-07 11:11:11.873106,2026-04-07 11:11:12.470247,0 days 00:00:00.597141,67.0705570345169,15.517048828304759,0.26912752185088745,Ag,COMPLETE
1397,-51.76767676764536,2026-04-07 11:11:11.929650,2026-04-07 11:11:12.423256,0 days 00:00:00.493606,67.19029895805603,0.5037417488837164,0.13473336066543856,Ag,COMPLETE
1398,-1.0,2026-04-07 11:11:12.361106,2026-04-07 11:11:12.765981,0 days 00:00:00.404875,67.98835150030179,15.839129236750592,0.1012282964231191,Ag,COMPLETE
1399,-1.0,2026-04-07 11:11:12.486730,2026-04-07 11:11:13.142875,0 days 00:00:00.656145,68.26621454320312,1.1006042953348025,0.10396003090915064,Ag,COMPLETE
1400,-1.0,2026-04-07 11:11:12.529519,2026-04-07 11:11:13.142875,0 days 00:00:00.613356,67.87998365776481,1.0864587635149374,0.1027599239966062,Ag,COMPLETE
1401,-1.0,2026-04-07 11:11:12.581658,2026-04-07 11:11:13.295317,0 days 00:00:00.713659,35.72259772873063,1.1743532215076466,0.12912663323937493,Ag,COMPLETE
1402,-1.0,2026-04-07 11:11:12.612682,2026-04-07 11:11:13.341504,0 days 00:00:00.728822,73.15523271473407,1.1631389987862653,0.1273240366203522,Ag,COMPLETE
1403,-1.0,2026-04-07 11:11:12.641462,2026-04-07 11:11:13.436955,0 days 00:00:00.795493,73.16592600696187,1.2526013095283142,0.10380763519090914,Ag,COMPLETE
1404,-1.0,2026-04-07 11:11:12.685343,2026-04-07 11:11:13.328047,0 days 00:00:00.642704,72.85847261256924,1.1378401999015708,0.10450207768223821,Ag,COMPLETE
1405,-1.0,2026-04-07 11:11:12.746293,2026-04-07 11:11:13.342090,0 days 00:00:00.595797,72.22435763020128,0.5013641106257369,0.12849933684924764,Ag,COMPLETE
1406,-1.0,2026-04-07 11:11:13.007434,2026-04-07 11:11:13.607388,0 days 00:00:00.599954,72.31536780332071,1.1587556058644473,0.1324271419765962,Ag,COMPLETE
1407,-51.4705882352638,2026-04-07 11:11:13.359982,2026-04-07 11:11:14.151287,0 days 00:00:00.791305,70.46280970416875,0.8419469560222068,0.13214657932593152,Ag,COMPLETE
1408,-1.1134552273792508,2026-04-07 11:11:13.453872,2026-04-07 11:11:13.966227,0 days 00:00:00.512355,20.16786148978357,0.8500379036951136,0.13000283197221466,Ag,COMPLETE
1409,-1.0,2026-04-07 11:11:13.489456,2026-04-07 11:11:14.120060,0 days 00:00:00.630604,69.79214370089196,0.5039860117252866,0.12988672649745414,Ag,COMPLETE
1410,-1.0,2026-04-07 11:11:13.515441,2026-04-07 11:11:14.260290,0 days 00:00:00.744849,70.40566025231509,8.883547020784782,0.1000824572206023,Ag,COMPLETE
1411,-1.0,2026-04-07 11:11:13.564454,2026-04-07 11:11:14.218853,0 days 00:00:00.654399,79.68534246083227,0.5064009212693344,0.10215417946923325,Ag,COMPLETE
1412,-47.29729729727182,2026-04-07 11:11:13.593195,2026-04-07 11:11:14.121574,0 days 00:00:00.528379,70.01707937698755,1.8358639035892625,0.13358147704763185,Ag,COMPLETE
1413,-1.1720581340834175,2026-04-07 11:11:13.640404,2026-04-07 11:11:14.311723,0 days 00:00:00.671319,20.291942376623886,0.5042536278989883,0.13317597585960372,Ag,COMPLETE
1414,-44.871794871771925,2026-04-07 11:11:13.751192,2026-04-07 11:11:14.373392,0 days 00:00:00.622200,79.60564286529544,0.8666814212187286,0.13536440390593257,Ag,COMPLETE
1415,-19.356955380574433,2026-04-07 11:11:14.103166,2026-04-07 11:11:14.686682,0 days 00:00:00.583516,67.89791118741046,0.8340076395197268,0.10111564626076708,Au,COMPLETE
1416,-1.0,2026-04-07 11:11:14.215428,2026-04-07 11:11:15.013435,0 days 00:00:00.798007,67.51486318211319,0.5044266272230497,0.9951892623991009,Au,COMPLETE
1417,-1.0,2026-04-07 11:11:14.292469,2026-04-07 11:11:15.017960,0 days 00:00:00.725491,67.49350395440476,1.5805814910722533,0.8591418694298504,Au,COMPLETE
1418,-1.0,2026-04-07 11:11:14.314232,2026-04-07 11:11:14.918346,0 days 00:00:00.604114,67.57134913491272,1.6367566244388088,0.1524073607580264,Au,COMPLETE
1419,-1.0,2026-04-07 11:11:14.375398,2026-04-07 11:11:15.016962,0 days 00:00:00.641564,67.59780602823949,1.5192036170054084,0.10122270194532969,Au,COMPLETE
1420,-17.47311827956761,2026-04-07 11:11:14.439673,2026-04-07 11:11:15.168638,0 days 00:00:00.728965,67.20673052052084,1.4813997767821423,0.7834883138190843,Au,COMPLETE
1421,-1.0,2026-04-07 11:11:14.545921,2026-04-07 11:11:15.140093,0 days 00:00:00.594172,67.99748609317142,1.5040209652304926,0.15654623530753978,Au,COMPLETE
1422,-1.0,2026-04-07 11:11:14.560057,2026-04-07 11:11:15.079761,0 days 00:00:00.519704,67.71062241685854,0.5001830882600675,0.15017463744750886,Au,COMPLETE
1423,-51.190476190446915,2026-04-07 11:11:15.098624,2026-04-07 11:11:15.795530,0 days 00:00:00.696906,65.06547614947809,1.1458029177866003,0.16033664993993396,Ag,COMPLETE
1424,-1.0,2026-04-07 11:11:15.061061,2026-04-07 11:11:15.863069,0 days 00:00:00.802008,65.53802052125646,0.9031544255347088,0.4005127553792871,Ag,COMPLETE
1425,-1.0,2026-04-07 11:11:15.142626,2026-04-07 11:11:15.863069,0 days 00:00:00.720443,64.84293460174513,2.5819009526740926,0.10196196547401926,Ag,COMPLETE
1426,-1.0,2026-04-07 11:11:15.103655,2026-04-07 11:11:15.861555,0 days 00:00:00.757900,65.43318409084382,1.085021462670693,0.1598965256651509,Ag,COMPLETE
1427,-1.0,2026-04-07 11:11:15.303125,2026-04-07 11:11:15.861555,0 days 00:00:00.558430,64.88666297149048,1.006660108294057,0.15874647277107068,Ag,COMPLETE
1428,-1.0,2026-04-07 11:11:15.311600,2026-04-07 11:11:15.856856,0 days 00:00:00.545256,65.635397422149,1.0605841938735887,0.15996203956344884,Ag,COMPLETE
1429,-1.0,2026-04-07 11:11:15.352504,2026-04-07 11:11:15.886253,0 days 00:00:00.533749,65.2354813715113,1.0439890680049917,0.10295832645786983,Ag,COMPLETE
1430,-51.47058823526388,2026-04-07 11:11:15.392429,2026-04-07 11:11:16.050494,0 days 00:00:00.658065,70.82908251461264,1.0987631778931544,0.10073841639194138,Ag,COMPLETE
1431,-1.0,2026-04-07 11:11:15.889778,2026-04-07 11:11:16.686217,0 days 00:00:00.796439,70.42306526846663,0.8207649491709744,0.1324874477209721,Ag,COMPLETE
1432,-36.66666666665189,2026-04-07 11:11:15.986252,2026-04-07 11:11:16.747930,0 days 00:00:00.761678,70.57101127543133,0.5040487859759468,1.9364764415210114,Ag,COMPLETE
1433,-1.0,2026-04-07 11:11:16.053994,2026-04-07 11:11:16.687919,0 days 00:00:00.633925,70.24987916489637,2.1134846484293166,1.9399075885559942,Ag,COMPLETE
1434,-1.0,2026-04-07 11:11:16.111901,2026-04-07 11:11:16.686217,0 days 00:00:00.574316,71.03070683074993,2.1075807247025065,0.13213928205797065,Ag,COMPLETE
1435,-1.0,2026-04-07 11:11:16.136128,2026-04-07 11:11:16.731976,0 days 00:00:00.595848,70.797741811909,0.8653268790371693,0.10094339934687395,Ag,COMPLETE
1436,-45.73170731705086,2026-04-07 11:11:16.158732,2026-04-07 11:11:16.781534,0 days 00:00:00.622802,70.45884588658613,3.184548360919554,0.13337226935111599,Ag,COMPLETE
1437,-1.0,2026-04-07 11:11:16.202139,2026-04-07 11:11:16.877421,0 days 00:00:00.675282,70.22304409438611,1.9673276065065548,0.1366985605168668,Ag,COMPLETE
1438,-37.414965986379215,2026-04-07 11:11:16.234466,2026-04-07 11:11:16.968635,0 days 00:00:00.734169,70.51297557842653,0.8191583426891902,1.7423355588935436,Ag,COMPLETE
1439,-50.24509803918621,2026-04-07 11:11:16.815339,2026-04-07 11:11:17.558662,0 days 00:00:00.743323,72.9142626514053,0.8351552348017984,0.10050200981345606,Ag,COMPLETE
1440,-47.297297297271456,2026-04-07 11:11:16.847026,2026-04-07 11:11:17.623536,0 days 00:00:00.776510,75.1212447721001,1.3375640213209752,0.10060421672040898,Ag,COMPLETE
1441,-1.0,2026-04-07 11:11:16.786052,2026-04-07 11:11:17.464814,0 days 00:00:00.678762,73.50112215555383,0.5066261948891423,0.10139994941050964,Ag,COMPLETE
1442,-34.94623655912862,2026-04-07 11:11:16.911703,2026-04-07 11:11:17.691199,0 days 00:00:00.779496,73.03897304705349,7.439162054506717,0.1693645688812778,Ag,COMPLETE
1443,-51.76767676764536,2026-04-07 11:11:16.879416,2026-04-07 11:11:17.668357,0 days 00:00:00.788941,68.68043871863121,0.5032201528988773,0.17054626939137252,Ag,COMPLETE
1444,-1.0,2026-04-07 11:11:16.986440,2026-04-07 11:11:17.560661,0 days 00:00:00.574221,73.56994677287308,0.841262442593709,0.9321334782604476,Ag,COMPLETE
1445,-27.77777777777245,2026-04-07 11:11:17.053521,2026-04-07 11:11:17.735345,0 days 00:00:00.681824,73.67730818574478,12.02847687460683,0.17699975804348167,Ag,COMPLETE
1446,-49.76851851849059,2026-04-07 11:11:17.094703,2026-04-07 11:11:17.684166,0 days 00:00:00.589463,74.57811338836078,1.3839350009686138,0.10059973080880533,Ag,COMPLETE
1447,-1.0,2026-04-07 11:11:17.617203,2026-04-07 11:11:18.389642,0 days 00:00:00.772439,63.420844661623406,0.5097361416713299,0.16247003619759595,Ag,COMPLETE
1448,-48.6111111110841,2026-04-07 11:11:17.753567,2026-04-07 11:11:18.388636,0 days 00:00:00.635069,63.40134305178864,0.8358201906048115,0.3472687281838199,Ag,COMPLETE
1449,-1.0,2026-04-07 11:11:17.690200,2026-04-07 11:11:18.501137,0 days 00:00:00.810937,68.41861621528642,0.8161819384133495,0.16269296955289858,Ag,COMPLETE
1450,-1.0,2026-04-07 11:11:17.815855,2026-04-07 11:11:18.578171,0 days 00:00:00.762316,63.498578695388275,0.8298873468182789,0.32467083926104,Ag,COMPLETE
1451,-8.044554455444757,2026-04-07 11:11:17.843664,2026-04-07 11:11:18.658524,0 days 00:00:00.814860,26.082745567191722,0.8379612515040584,1.4610333246893856,Ag,COMPLETE
1452,-40.78014184395434,2026-04-07 11:11:17.890254,2026-04-07 11:11:18.502135,0 days 00:00:00.611881,63.573456916025954,4.0282470362141085,0.34951209589647597,Ag,COMPLETE
1453,-1.0,2026-04-07 11:11:17.922162,2026-04-07 11:11:18.516625,0 days 00:00:00.594463,63.34569277474875,0.5011729316768456,0.16122929785174642,Ag,COMPLETE
1454,-1.384386817936226,2026-04-07 11:11:18.025400,2026-04-07 11:11:18.880617,0 days 00:00:00.855217,119.91022205740856,0.5010025712314653,0.1647367855733512,Ag,COMPLETE
1455,-48.61111111108375,2026-04-07 11:11:18.652426,2026-04-07 11:11:19.652916,0 days 00:00:01.000490,66.4374110963076,1.3138646232934579,0.1988529977770413,Ag,COMPLETE
1456,-46.05263157892295,2026-04-07 11:11:18.546578,2026-04-07 11:11:19.653422,0 days 00:00:01.106844,77.26582975144315,1.3508639233470674,0.10004717372063829,Ag,COMPLETE
1457,-1.0,2026-04-07 11:11:18.734266,2026-04-07 11:11:19.688272,0 days 00:00:00.954006,77.35254314057656,1.32270152545874,0.1937077819436902,Ag,COMPLETE
1458,-1.0,2026-04-07 11:11:18.765610,2026-04-07 11:11:19.688272,0 days 00:00:00.922662,97.74416519533916,1.2817215549668375,0.20056629126344414,Ag,COMPLETE
1459,-1.0,2026-04-07 11:11:18.815673,2026-04-07 11:11:19.776291,0 days 00:00:00.960618,77.2195910137105,1.334520202565038,0.19962259173417074,Ag,COMPLETE
1460,-10.54852320674971,2026-04-07 11:11:18.979074,2026-04-07 11:11:19.683769,0 days 00:00:00.704695,28.79608001272497,1.2507591783636802,0.2002820255446467,Ag,COMPLETE
1461,-1.0,2026-04-07 11:11:19.058117,2026-04-07 11:11:19.682761,0 days 00:00:00.624644,66.88226566071089,1.317270044921515,0.19818042054443843,Ag,COMPLETE
1462,-31.378600823037655,2026-04-07 11:11:19.160942,2026-04-07 11:11:19.708209,0 days 00:00:00.547267,66.08324605325467,10.207521207436805,0.2005762499714881,Ag,COMPLETE
1463,-39.85507246375079,2026-04-07 11:11:19.751039,2026-04-07 11:11:20.490272,0 days 00:00:00.739233,68.69141924531088,1.7476216853251882,1.1466793238309636,Ag,COMPLETE
1464,-1.0,2026-04-07 11:11:19.857805,2026-04-07 11:11:20.463297,0 days 00:00:00.605492,68.58755530392109,1.8089751301365462,0.1352145451458529,Ag,COMPLETE
1465,-1.0,2026-04-07 11:11:19.890259,2026-04-07 11:11:20.507842,0 days 00:00:00.617583,68.2403226388818,0.831381889206307,0.14278825662958766,Ag,COMPLETE
1466,-1.0,2026-04-07 11:11:19.911533,2026-04-07 11:11:20.506834,0 days 00:00:00.595301,69.28401804422607,0.5019949277443809,1.5067814337620824,Ag,COMPLETE
1467,-49.76851851849078,2026-04-07 11:11:19.933319,2026-04-07 11:11:20.537677,0 days 00:00:00.604358,68.71680908750916,1.7992655795580164,0.13541459294129193,Ag,COMPLETE
1468,-40.76086956519999,2026-04-07 11:11:19.995623,2026-04-07 11:11:20.458218,0 days 00:00:00.462595,68.78675540642972,1.8126896858776789,1.1291206880623261,Ag,COMPLETE
1469,-40.76086956519999,2026-04-07 11:11:20.027362,2026-04-07 11:11:20.686021,0 days 00:00:00.658659,68.57526864963823,1.7870788172448488,1.163784241360158,Ag,COMPLETE
1470,-1.0,2026-04-07 11:11:20.078625,2026-04-07 11:11:20.523324,0 days 00:00:00.444699,68.72535132342061,17.102692330868706,0.13763570109646192,Ag,COMPLETE
1471,-1.0,2026-04-07 11:11:20.489273,2026-04-07 11:11:20.857225,0 days 00:00:00.367952,68.46468552046915,0.5102252931315797,0.13876303174006926,Ag,COMPLETE
1472,-1.0,2026-04-07 11:11:20.637609,2026-04-07 11:11:21.340844,0 days 00:00:00.703235,72.1852358845986,0.5000387005106692,1.3118959900932075,Ag,COMPLETE
1473,-51.76767676764536,2026-04-07 11:11:20.694985,2026-04-07 11:11:21.504189,0 days 00:00:00.809204,66.16354463291391,0.5059843126944948,0.136543882832605,Ag,COMPLETE
1474,-51.4705882352638,2026-04-07 11:11:20.727855,2026-04-07 11:11:21.364147,0 days 00:00:00.636292,66.46918061946651,0.8639800629555519,0.13369130097568976,Ag,COMPLETE
1475,-49.99999999997132,2026-04-07 11:11:20.769439,2026-04-07 11:11:21.540098,0 days 00:00:00.770659,71.6805042990236,0.9114440026623901,0.13583229184783213,Ag,COMPLETE
1476,-1.0,2026-04-07 11:11:20.744388,2026-04-07 11:11:21.395673,0 days 00:00:00.651285,66.13032154752125,0.9118820711647955,0.13953187022200395,Ag,COMPLETE
1477,-1.0,2026-04-07 11:11:20.816458,2026-04-07 11:11:21.339846,0 days 00:00:00.523388,72.04566181140123,11.284600961639287,0.13646179277008405,Ag,COMPLETE
1478,-1.0,2026-04-07 11:11:20.892385,2026-04-07 11:11:21.365687,0 days 00:00:00.473302,72.01666100885723,0.8697112525676263,0.10017051168210366,Ag,COMPLETE
1479,-1.0,2026-04-07 11:11:21.036349,2026-04-07 11:11:21.738608,0 days 00:00:00.702259,72.59502618101314,18.495653959059425,0.13457391760409945,Ag,COMPLETE
1480,-49.99999999997149,2026-04-07 11:11:21.538653,2026-04-07 11:11:22.334408,0 days 00:00:00.795755,65.78411422493443,1.141650744466722,0.18111289115578794,Ag,COMPLETE
1481,-1.0,2026-04-07 11:11:21.586246,2026-04-07 11:11:22.150937,0 days 00:00:00.564691,45.801998001196736,1.1277060356284494,0.17012370733327814,Ag,COMPLETE
1482,16.025641025640574,2026-04-07 11:11:21.627813,2026-04-07 11:11:22.194228,0 days 00:00:00.566415,24.023439898097493,1.2076245161669505,0.17030943486584457,Ag,COMPLETE
1483,-1.0,2026-04-07 11:11:21.658033,2026-04-07 11:11:22.194228,0 days 00:00:00.536195,23.28297895069661,1.1543796405383646,0.17018621688130825,Ag,COMPLETE
1484,-1.0,2026-04-07 11:11:21.678622,2026-04-07 11:11:22.196739,0 days 00:00:00.518117,66.09983627140059,1.06762414066087,0.10083918959575522,Ag,COMPLETE
1485,-1.0,2026-04-07 11:11:21.712394,2026-04-07 11:11:22.285706,0 days 00:00:00.573312,22.345425889222344,1.0936743270191238,0.16747552841061458,Ag,COMPLETE
1486,-1.0,2026-04-07 11:11:21.757974,2026-04-07 11:11:22.402622,0 days 00:00:00.644648,23.993661776935255,1.1613597086379954,0.17088709667968377,Ag,COMPLETE
1487,-51.47058823526383,2026-04-07 11:11:21.989639,2026-04-07 11:11:22.806424,0 days 00:00:00.816785,66.20922041246324,1.0204762608043487,0.10001319017514573,Ag,COMPLETE
1488,-15.705128205125783,2026-04-07 11:11:22.355840,2026-04-07 11:11:23.035227,0 days 00:00:00.679387,63.73666326745452,0.5011872360175776,0.24015685023841873,Cu,COMPLETE
1489,-15.903307888038276,2026-04-07 11:11:22.366611,2026-04-07 11:11:23.008730,0 days 00:00:00.642119,64.03534060991595,0.8415219701669296,0.10050953425375317,Cu,COMPLETE
1490,-13.102725366874656,2026-04-07 11:11:22.407135,2026-04-07 11:11:23.010871,0 days 00:00:00.603736,75.25705190970383,0.5004217020733653,0.10065956876801153,Cu,COMPLETE
1491,-1.0,2026-04-07 11:11:22.445866,2026-04-07 11:11:23.131573,0 days 00:00:00.685707,42.929768502799135,0.8499615831441063,0.10102408249314954,Ag,COMPLETE
1492,-15.903307888038276,2026-04-07 11:11:22.494426,2026-04-07 11:11:23.098491,0 days 00:00:00.604065,64.56955715943793,0.8320092358971227,0.10033708287283338,Cu,COMPLETE
1493,-15.664160401000114,2026-04-07 11:11:22.538826,2026-04-07 11:11:23.129253,0 days 00:00:00.590427,63.95599875100647,0.828729507246183,0.2241956513863163,Cu,COMPLETE
1494,-11.868686868685453,2026-04-07 11:11:22.596751,2026-04-07 11:11:23.260191,0 days 00:00:00.663440,42.75045232325307,0.8189059708783011,0.22804404134528064,Cu,COMPLETE
1495,-25.735294117639402,2026-04-07 11:11:23.054899,2026-04-07 11:11:23.787693,0 days 00:00:00.732794,42.13926394705804,1.5557465306514158,0.22719226813763313,Ag,COMPLETE
1496,-1.0,2026-04-07 11:11:23.164692,2026-04-07 11:11:23.818629,0 days 00:00:00.653937,70.29031310900982,1.5279841664131286,0.3110045871980269,Ag,COMPLETE
1497,-26.463963963960428,2026-04-07 11:11:23.234606,2026-04-07 11:11:23.866238,0 days 00:00:00.631632,69.48755664569529,14.79000206404435,0.16154364176618946,Ag,COMPLETE
1498,-1.0,2026-04-07 11:11:23.262702,2026-04-07 11:11:23.880591,0 days 00:00:00.617889,69.85218471024433,1.4477796742612363,1.0851767138502035,Ag,COMPLETE
1499,-1.0,2026-04-07 11:11:23.306341,2026-04-07 11:11:23.931491,0 days 00:00:00.625150,70.12446879179628,1.5008234311058213,1.81361466096639,Ag,COMPLETE
1500,-45.94017094014737,2026-04-07 11:11:23.318929,2026-04-07 11:11:24.022312,0 days 00:00:00.703383,70.62306809556569,1.402014499166686,0.6001473400769854,Ag,COMPLETE
1501,-1.0,2026-04-07 11:11:23.508427,2026-04-07 11:11:24.001700,0 days 00:00:00.493273,70.42066670871627,13.805047362207484,0.1644265547996533,Ag,COMPLETE
1502,-44.79166666664419,2026-04-07 11:11:23.560789,2026-04-07 11:11:24.122032,0 days 00:00:00.561243,70.36101278444819,1.4884042529102586,0.6216300463943741,Ag,COMPLETE
1503,-1.0,2026-04-07 11:11:23.964850,2026-04-07 11:11:24.675722,0 days 00:00:00.710872,67.17732413041523,0.865744124858141,0.13848508787538166,Ag,COMPLETE
1504,-1.0,2026-04-07 11:11:24.004763,2026-04-07 11:11:24.706886,0 days 00:00:00.702123,66.89996007124313,0.896204316557454,1.8639383498784081,Ag,COMPLETE
1505,-1.4250814332247324,2026-04-07 11:11:24.072762,2026-04-07 11:11:24.693321,0 days 00:00:00.620559,116.70206791245863,0.5007216333467136,0.1354857727695064,Ag,COMPLETE
1506,-1.0,2026-04-07 11:11:24.089719,2026-04-07 11:11:24.618717,0 days 00:00:00.528998,61.666871079227604,0.8202117362019722,0.1350067288270222,Ag,COMPLETE
1507,-1.0,2026-04-07 11:11:24.150106,2026-04-07 11:11:24.819995,0 days 00:00:00.669889,66.8731706182375,0.5013616132143814,0.2023047008047968,Ag,COMPLETE
1508,-1.0,2026-04-07 11:11:24.221762,2026-04-07 11:11:24.739295,0 days 00:00:00.517533,116.38178943923037,0.5133289027279456,0.20389714651911997,Ag,COMPLETE
1509,-50.245098039186,2026-04-07 11:11:24.240650,2026-04-07 11:11:24.755240,0 days 00:00:00.514590,61.670670084426824,0.5135523007653227,0.13661995746496297,Ag,COMPLETE
1510,-1.0,2026-04-07 11:11:24.459191,2026-04-07 11:11:25.395373,0 days 00:00:00.936182,57.17431501823559,4.532368285800033,0.10019878613762008,Au,COMPLETE
1511,-1.0,2026-04-07 11:11:24.738269,2026-04-07 11:11:25.533091,0 days 00:00:00.794822,74.22623762572235,1.1204411364094171,0.276846529258184,Au,COMPLETE
1512,-19.68503937007563,2026-04-07 11:11:24.824563,2026-04-07 11:11:25.395373,0 days 00:00:00.570810,73.05397758875739,0.5056530671396725,0.2539766217990448,Au,COMPLETE
1513,-1.0,2026-04-07 11:11:24.887586,2026-04-07 11:11:25.516726,0 days 00:00:00.629140,72.42485342513645,2.393760874985901,0.29538035957713277,Au,COMPLETE
1514,-1.0,2026-04-07 11:11:24.910368,2026-04-07 11:11:25.580150,0 days 00:00:00.669782,103.8232365817626,1.126491337931197,0.1002159736982563,Au,COMPLETE
1515,-1.0,2026-04-07 11:11:24.949603,2026-04-07 11:11:25.419961,0 days 00:00:00.470358,73.95991025509346,1.1675803472959623,0.28434647974507216,Ag,COMPLETE
1516,-1.0,2026-04-07 11:11:24.994442,2026-04-07 11:11:25.594882,0 days 00:00:00.600440,74.52605919135338,1.2122823155458597,0.2851092587734319,Au,COMPLETE
1517,-1.0,2026-04-07 11:11:25.003744,2026-04-07 11:11:25.723221,0 days 00:00:00.719477,74.4203241227433,2.3599404359501066,0.2785552670255643,Au,COMPLETE
1518,-1.0,2026-04-07 11:11:25.627105,2026-04-07 11:11:26.436886,0 days 00:00:00.809781,65.40671815727131,0.8858094461631831,0.17715488607550828,Ag,COMPLETE
1519,-1.0,2026-04-07 11:11:25.676813,2026-04-07 11:11:26.374258,0 days 00:00:00.697445,65.71008901494767,1.829702480761368,0.682422340361271,Ag,COMPLETE
1520,-51.76767676764536,2026-04-07 11:11:25.691037,2026-04-07 11:11:26.389443,0 days 00:00:00.698406,66.25124793687019,0.5051060622972193,0.17409428318597997,Ag,COMPLETE
1521,-25.999999999995808,2026-04-07 11:11:25.756655,2026-04-07 11:11:26.404368,0 days 00:00:00.647713,67.72480526777615,12.88839249502444,0.502664672998833,Ag,COMPLETE
1522,-1.0,2026-04-07 11:11:25.788018,2026-04-07 11:11:26.502465,0 days 00:00:00.714447,65.6842901259039,0.5013739378115489,0.17400779316543644,Ag,COMPLETE
1523,-1.0,2026-04-07 11:11:25.726281,2026-04-07 11:11:26.290625,0 days 00:00:00.564344,65.0847858746528,0.8760868201813357,1.2482899219192376,Ag,COMPLETE
1524,-47.14912280699298,2026-04-07 11:11:25.841706,2026-04-07 11:11:26.376356,0 days 00:00:00.534650,66.04195899694061,0.8698007836814374,0.6762561408763406,Ag,COMPLETE
1525,-51.4705882352638,2026-04-07 11:11:25.925764,2026-04-07 11:11:26.656782,0 days 00:00:00.731018,68.18345430245003,0.8240135610186607,0.1765799739514814,Ag,COMPLETE
1526,-53.03030303027095,2026-04-07 11:11:26.467766,2026-04-07 11:11:27.262374,0 days 00:00:00.794608,69.43735348269266,0.8371938447812108,0.13383842515557937,Ag,COMPLETE
1527,-47.297297297271975,2026-04-07 11:11:26.517119,2026-04-07 11:11:27.159540,0 days 00:00:00.642421,71.61970332745094,1.4758749038000918,0.21819713827602993,Ag,COMPLETE
1528,-1.0,2026-04-07 11:11:26.550120,2026-04-07 11:11:27.447273,0 days 00:00:00.897153,62.693234174190636,1.5419347132885335,0.10024974937189188,Ag,COMPLETE
1529,-1.0,2026-04-07 11:11:26.578600,2026-04-07 11:11:27.327822,0 days 00:00:00.749222,68.60241502567762,5.802634136972136,0.21265681378836343,Ag,COMPLETE
1530,-1.0,2026-04-07 11:11:26.596234,2026-04-07 11:11:27.295062,0 days 00:00:00.698828,68.81841217715603,9.74775890182326,1.6203232828395258,Ag,COMPLETE
1531,-1.0,2026-04-07 11:11:26.628187,2026-04-07 11:11:27.292494,0 days 00:00:00.664307,63.054464766866246,1.4869551982284888,0.22140655109773433,Ag,COMPLETE
1532,-1.0,2026-04-07 11:11:26.705765,2026-04-07 11:11:27.193888,0 days 00:00:00.488123,68.95636677318997,19.633314807130414,0.23022821534923796,Ag,COMPLETE
1533,-1.0,2026-04-07 11:11:26.845074,2026-04-07 11:11:27.327822,0 days 00:00:00.482748,62.09205074203183,5.676981203491595,0.22326791776619634,Ag,COMPLETE
1534,-48.42342342339705,2026-04-07 11:11:27.296063,2026-04-07 11:11:27.956469,0 days 00:00:00.660406,71.52760659334095,1.9709247875659153,0.13470826113274034,Ag,COMPLETE
1535,-48.24561403506214,2026-04-07 11:11:27.407144,2026-04-07 11:11:27.993778,0 days 00:00:00.586634,71.77130297500129,1.9903871663677404,0.14543719502972774,Ag,COMPLETE
1536,-1.0,2026-04-07 11:11:27.467001,2026-04-07 11:11:27.953465,0 days 00:00:00.486464,71.8855939905463,2.0017902290196528,0.13775981064642978,Ag,COMPLETE
1537,-1.0,2026-04-07 11:11:27.496459,2026-04-07 11:11:28.124761,0 days 00:00:00.628302,71.78019086528259,1.7704882351678233,0.1392368261392696,Ag,COMPLETE
1538,-1.0,2026-04-07 11:11:27.536742,2026-04-07 11:11:28.026803,0 days 00:00:00.490061,72.02081947189731,1.9659484344406637,0.13392052882684555,Ag,COMPLETE
1539,-1.0,2026-04-07 11:11:27.584882,2026-04-07 11:11:28.247225,0 days 00:00:00.662343,76.01130474446815,7.822104447244005,0.14058327417073513,Ag,COMPLETE
1540,-1.0,2026-04-07 11:11:27.621634,2026-04-07 11:11:28.244707,0 days 00:00:00.623073,71.35227881361368,2.0674038232065417,0.13552540480703407,Ag,COMPLETE
1541,-1.0,2026-04-07 11:11:27.653332,2026-04-07 11:11:28.572185,0 days 00:00:00.918853,76.50317707128873,1.148262118460033,0.13621770990490517,Ag,COMPLETE
1542,-1.0,2026-04-07 11:11:28.152022,2026-04-07 11:11:28.713734,0 days 00:00:00.561712,69.41435505141133,1.1444571857733588,0.16309554572008114,Ag,COMPLETE
1543,-36.29032258063328,2026-04-07 11:11:28.168076,2026-04-07 11:11:28.744807,0 days 00:00:00.576731,69.45249551244048,7.794522621364622,0.10205142384343945,Ag,COMPLETE
1544,-1.0,2026-04-07 11:11:28.198822,2026-04-07 11:11:28.837776,0 days 00:00:00.638954,69.37787342951181,1.230081039028426,0.10174059499715558,Ag,COMPLETE
1545,-47.297297297271975,2026-04-07 11:11:28.292645,2026-04-07 11:11:29.073171,0 days 00:00:00.780526,76.25416940368893,1.1555893993467143,0.16333147095048017,Ag,COMPLETE
1546,-49.99999999997132,2026-04-07 11:11:28.294020,2026-04-07 11:11:28.868456,0 days 00:00:00.574436,69.4542596060163,1.1993179316888591,0.10085784985553353,Ag,COMPLETE
1547,-1.0,2026-04-07 11:11:28.378011,2026-04-07 11:11:28.936065,0 days 00:00:00.558054,86.3363873461586,1.1627773060322926,0.1023771053145607,Ag,COMPLETE
1548,-1.0,2026-04-07 11:11:28.469518,2026-04-07 11:11:29.026218,0 days 00:00:00.556700,69.51564263179608,1.1506674553911427,0.10093106038636342,Ag,COMPLETE
1549,-1.0,2026-04-07 11:11:28.824634,2026-04-07 11:11:29.480846,0 days 00:00:00.656212,26.21750169344404,0.5002546318951647,0.16793398210399757,Ag,COMPLETE
1550,-1.0,2026-04-07 11:11:28.963622,2026-04-07 11:11:29.603703,0 days 00:00:00.640081,73.79316431485431,0.5067872382503323,0.17366814729615598,Ag,COMPLETE
1551,-8.928571428570425,2026-04-07 11:11:28.995915,2026-04-07 11:11:29.556332,0 days 00:00:00.560417,26.646393011942315,0.857972968894587,0.16650746072266465,Ag,COMPLETE
1552,-1.0,2026-04-07 11:11:29.028725,2026-04-07 11:11:29.625729,0 days 00:00:00.597004,110.5660226168247,0.8103488430684345,0.16974785141223991,Ag,COMPLETE
1553,-1.0,2026-04-07 11:11:29.096771,2026-04-07 11:11:29.628196,0 days 00:00:00.531425,73.28362821509053,0.8167213175909225,0.1619291960612315,Ag,COMPLETE
1554,-51.76767676764536,2026-04-07 11:11:29.149198,2026-04-07 11:11:29.710896,0 days 00:00:00.561698,72.90727206373137,0.5018908935936053,0.1660419137926727,Ag,COMPLETE
1555,-25.720164609050347,2026-04-07 11:11:29.166869,2026-04-07 11:11:29.874611,0 days 00:00:00.707742,72.96523020517363,15.324482034167522,0.10007112373880958,Ag,COMPLETE
1556,-1.0,2026-04-07 11:11:29.234830,2026-04-07 11:11:29.765611,0 days 00:00:00.530781,74.25236076784397,0.7934093277052742,0.16612193348640714,Ag,COMPLETE
1557,-49.99999999997132,2026-04-07 11:11:29.763055,2026-04-07 11:11:30.388527,0 days 00:00:00.625472,67.76272747171828,1.5048115823356503,0.13295542194885024,Ag,COMPLETE
1558,-36.76470588233863,2026-04-07 11:11:29.777568,2026-04-07 11:11:30.395592,0 days 00:00:00.618024,67.42210745545462,1.5014824859448892,1.6927434312009988,Ag,COMPLETE
1559,-49.76851851849095,2026-04-07 11:11:29.794383,2026-04-07 11:11:30.395592,0 days 00:00:00.601209,68.16651617208885,1.5454122891704245,0.135047872531032,Ag,COMPLETE
1560,-1.0,2026-04-07 11:11:29.848350,2026-04-07 11:11:30.513773,0 days 00:00:00.665423,67.74871347727792,0.8914406890092504,0.1391220586918858,Ag,COMPLETE
1561,-49.76851851849078,2026-04-07 11:11:29.909826,2026-04-07 11:11:30.591404,0 days 00:00:00.681578,68.02870779565885,1.462064629663181,0.13288601904039382,Ag,COMPLETE
1562,-1.0,2026-04-07 11:11:29.949569,2026-04-07 11:11:30.512622,0 days 00:00:00.563053,79.22071461075103,1.5559838936906814,0.1334901784017049,Ag,COMPLETE
1563,-1.0,2026-04-07 11:11:30.019439,2026-04-07 11:11:30.670841,0 days 00:00:00.651402,67.18288956254507,1.5807305759961534,0.13495370535641404,Ag,COMPLETE
1564,-49.76851851849095,2026-04-07 11:11:30.136730,2026-04-07 11:11:30.702015,0 days 00:00:00.565285,67.75850285408967,1.64880224162965,0.13438546881571742,Ag,COMPLETE
1565,-1.0,2026-04-07 11:11:30.510619,2026-04-07 11:11:31.343591,0 days 00:00:00.832972,70.02573256889961,0.8268037975247783,0.10047149897637357,Ag,COMPLETE
1566,-51.47058823526383,2026-04-07 11:11:30.609229,2026-04-07 11:11:31.345356,0 days 00:00:00.736127,70.7818972354049,0.8626460891203858,0.19761099585894193,Ag,COMPLETE
1567,-49.99999999997132,2026-04-07 11:11:30.705128,2026-04-07 11:11:31.235931,0 days 00:00:00.530803,70.49826486320585,0.8454473684211206,0.19506973364308494,Ag,COMPLETE
1568,-51.47058823526383,2026-04-07 11:11:30.667331,2026-04-07 11:11:31.554511,0 days 00:00:00.887180,70.9265631178208,0.88868411896549,0.1972929111344201,Ag,COMPLETE
1569,-1.0,2026-04-07 11:11:30.764249,2026-04-07 11:11:31.398804,0 days 00:00:00.634555,70.88541210108994,0.8511403547097987,0.10003176877008786,Ag,COMPLETE
1570,-1.0,2026-04-07 11:11:30.861859,2026-04-07 11:11:31.464472,0 days 00:00:00.602613,71.22456510523985,0.8708420180273309,0.19845718074762708,Ag,COMPLETE
1571,-1.0,2026-04-07 11:11:30.925687,2026-04-07 11:11:31.463474,0 days 00:00:00.537787,70.50980206038332,0.898104000056278,0.19723719680594023,Ag,COMPLETE
1572,-51.47058823526383,2026-04-07 11:11:31.045502,2026-04-07 11:11:31.648717,0 days 00:00:00.603215,69.62964919667799,0.8857663506594987,0.18288547544407005,Ag,COMPLETE
1573,-1.0,2026-04-07 11:11:31.430813,2026-04-07 11:11:32.176733,0 days 00:00:00.745920,65.98386272799134,9.208075624985884,0.10004096060822838,Ag,COMPLETE
1574,-42.682926829247684,2026-04-07 11:11:31.569439,2026-04-07 11:11:32.073872,0 days 00:00:00.504433,82.7351666946045,0.506438865122974,0.10140780045959208,Ag,COMPLETE
1575,-48.8095238094959,2026-04-07 11:11:31.604305,2026-04-07 11:11:32.212314,0 days 00:00:00.608009,75.19423442019345,0.5149011154186862,0.13623730326287042,Ag,COMPLETE
1576,-1.0,2026-04-07 11:11:31.618631,2026-04-07 11:11:32.238083,0 days 00:00:00.619452,75.59611658808137,10.539039433158237,0.13510882989806736,Ag,COMPLETE
1577,-1.0,2026-04-07 11:11:31.666256,2026-04-07 11:11:32.208581,0 days 00:00:00.542325,66.67220350634565,0.5123843691503993,0.14614943013755738,Ag,COMPLETE
1578,-1.0,2026-04-07 11:11:31.724587,2026-04-07 11:11:32.350373,0 days 00:00:00.625786,75.73841370753921,1.2563845334982142,0.13427448500262573,Ag,COMPLETE
1579,-48.61111111108426,2026-04-07 11:11:31.805305,2026-04-07 11:11:32.444468,0 days 00:00:00.639163,74.94444666553771,1.2287265691096292,0.10024905429878782,Ag,COMPLETE
1580,-1.0,2026-04-07 11:11:31.940223,2026-04-07 11:11:32.620187,0 days 00:00:00.679964,75.16869443799183,14.31350428379502,0.14179139078019298,Ag,COMPLETE
1581,-49.99999999997149,2026-04-07 11:11:32.271472,2026-04-07 11:11:33.035598,0 days 00:00:00.764126,73.0301261857841,1.178378171925649,0.16819932165126603,Ag,COMPLETE
1582,-26.666666666662355,2026-04-07 11:11:32.395211,2026-04-07 11:11:33.160752,0 days 00:00:00.765541,72.52189556719645,13.406536898237482,0.17260884499558538,Ag,COMPLETE
1583,-1.0,2026-04-07 11:11:32.428713,2026-04-07 11:11:33.192641,0 days 00:00:00.763928,72.40480910498883,1.069486104023706,0.16686867320486964,Ag,COMPLETE
1584,-1.0,2026-04-07 11:11:32.449420,2026-04-07 11:11:33.191062,0 days 00:00:00.741642,72.78734799600092,1.2462484892914771,0.10025770097874662,Ag,COMPLETE
1585,-1.0,2026-04-07 11:11:32.521383,2026-04-07 11:11:33.175731,0 days 00:00:00.654348,34.451061284817,0.5100781188744336,0.18219878742359621,Ag,COMPLETE
1586,-1.0,2026-04-07 11:11:32.622187,2026-04-07 11:11:33.332904,0 days 00:00:00.710717,72.13698471974888,2.612311327134276,0.17244296273637455,Ag,COMPLETE
1587,-1.0,2026-04-07 11:11:32.699583,2026-04-07 11:11:33.299153,0 days 00:00:00.599570,51.98829868756739,2.737748105481483,0.18252913570360477,Ag,COMPLETE
1588,-1.0,2026-04-07 11:11:32.835735,2026-04-07 11:11:33.225892,0 days 00:00:00.390157,72.12785715951618,0.5075721191395745,0.100065151379091,Ag,COMPLETE
1589,-1.0,2026-04-07 11:11:33.299728,2026-04-07 11:11:34.313147,0 days 00:00:01.013419,64.24044497041001,1.1303935999008328,0.8830375565831095,Au,COMPLETE
1590,-6.487889273355943,2026-04-07 11:11:33.384595,2026-04-07 11:11:34.371358,0 days 00:00:00.986763,28.903900284330597,1.1507618689868433,0.8896757910534278,Au,COMPLETE
1591,-1.0,2026-04-07 11:11:33.414575,2026-04-07 11:11:34.335777,0 days 00:00:00.921202,64.72842095278699,0.8461603264900537,0.25445452984046596,Au,COMPLETE
1592,-1.0,2026-04-07 11:11:33.428338,2026-04-07 11:11:34.308637,0 days 00:00:00.880299,64.76193794579335,1.1876611492360434,0.23543551637507748,Au,COMPLETE
1593,-1.0,2026-04-07 11:11:33.446135,2026-04-07 11:11:34.415612,0 days 00:00:00.969477,64.61653377360851,17.895531644662682,0.24470960662106023,Au,COMPLETE
1594,-18.967661691539416,2026-04-07 11:11:33.474152,2026-04-07 11:11:34.382590,0 days 00:00:00.908438,68.3365964553635,1.1644069615191714,0.2462317438053579,Au,COMPLETE
1595,-1.0,2026-04-07 11:11:33.505058,2026-04-07 11:11:34.461998,0 days 00:00:00.956940,28.49127453947208,0.5002044485731089,0.24691549478315472,Au,COMPLETE
1596,-1.0,2026-04-07 11:11:33.528422,2026-04-07 11:11:34.369867,0 days 00:00:00.841445,68.38204998068638,1.1449037726891251,0.24238655569950707,Au,COMPLETE
1597,-1.0,2026-04-07 11:11:34.521855,2026-04-07 11:11:35.198352,0 days 00:00:00.676497,68.98346520050323,0.5061899411793399,0.13502760524413543,Ag,COMPLETE
1598,-1.0,2026-04-07 11:11:34.528468,2026-04-07 11:11:35.159922,0 days 00:00:00.631454,66.93725079686057,0.5041646062787081,0.10041880886986776,Ag,COMPLETE
1599,-47.29729729727148,2026-04-07 11:11:34.525010,2026-04-07 11:11:35.298102,0 days 00:00:00.773092,67.32156792926659,1.7592057597421507,0.13558355250292306,Ag,COMPLETE
1600,-1.0,2026-04-07 11:11:34.586980,2026-04-07 11:11:35.329599,0 days 00:00:00.742619,66.82904366190044,0.5031431277153934,0.1443614900157821,Ag,COMPLETE
1601,-1.0,2026-04-07 11:11:34.618575,2026-04-07 11:11:35.189783,0 days 00:00:00.571208,66.95806527573646,1.7939207255837035,0.13351588343736756,Ag,COMPLETE
1602,-49.76851851849078,2026-04-07 11:11:34.664218,2026-04-07 11:11:35.199353,0 days 00:00:00.535135,66.90227078264834,1.7806990554496913,0.14483396077501132,Ag,COMPLETE
1603,-22.74904214559125,2026-04-07 11:11:34.678264,2026-04-07 11:11:35.361520,0 days 00:00:00.683256,67.37519413904515,16.670209382215035,0.13031014481717618,Ag,COMPLETE
1604,-51.76767676764536,2026-04-07 11:11:34.696172,2026-04-07 11:11:35.380744,0 days 00:00:00.684572,66.82060869524634,0.5030466167524954,0.1380943553683173,Ag,COMPLETE
1605,-1.0,2026-04-07 11:11:35.348402,2026-04-07 11:11:36.190300,0 days 00:00:00.841898,100.5404911856231,0.9416344945409321,0.20284186226308207,Ag,COMPLETE
1606,-1.0,2026-04-07 11:11:35.382741,2026-04-07 11:11:36.191725,0 days 00:00:00.808984,78.75022314138423,0.8806902970862297,1.5482633904762553,Ag,COMPLETE
1607,-1.0,2026-04-07 11:11:35.455347,2026-04-07 11:11:36.411114,0 days 00:00:00.955767,78.59083825463975,0.8673838668314385,0.20105218796324822,Ag,COMPLETE
1608,-1.0,2026-04-07 11:11:35.471925,2026-04-07 11:11:36.423089,0 days 00:00:00.951164,78.30793582749341,0.9777020244472159,0.19973013996810368,Ag,COMPLETE
1609,-1.0,2026-04-07 11:11:35.504413,2026-04-07 11:11:36.410030,0 days 00:00:00.905617,69.7487224549541,0.8991127378553614,1.3857550353349437,Ag,COMPLETE
1610,-51.47058823526383,2026-04-07 11:11:35.575609,2026-04-07 11:11:36.784960,0 days 00:00:01.209351,69.73901521247308,0.8614049896005843,0.21055093126490967,Ag,COMPLETE
1611,-47.297297297271975,2026-04-07 11:11:35.633998,2026-04-07 11:11:36.422036,0 days 00:00:00.788038,69.76912058133946,0.8693755923772346,0.4371861583469845,Ag,COMPLETE
1612,-1.0,2026-04-07 11:11:35.689397,2026-04-07 11:11:36.938390,0 days 00:00:01.248993,69.75797099631248,0.8216625424967994,0.20376214307899126,Ag,COMPLETE
1613,-48.423423423397416,2026-04-07 11:11:36.593647,2026-04-07 11:11:37.657237,0 days 00:00:01.063590,63.34389882167495,1.4952671214531783,0.16495071962742253,Ag,COMPLETE
1614,-1.0,2026-04-07 11:11:36.757069,2026-04-07 11:11:37.438277,0 days 00:00:00.681208,64.50702263294629,1.4267844300158488,0.1643836470856471,Ag,COMPLETE
1615,-1.0,2026-04-07 11:11:36.861631,2026-04-07 11:11:37.479263,0 days 00:00:00.617632,64.32544332583502,1.410150113795506,0.16197970425991287,Ag,COMPLETE
1616,-1.0,2026-04-07 11:11:36.910720,2026-04-07 11:11:37.501890,0 days 00:00:00.591170,63.41024893848535,1.4687852599450224,0.16248589165956445,Ag,COMPLETE
1617,-1.0,2026-04-07 11:11:36.954532,2026-04-07 11:11:37.499871,0 days 00:00:00.545339,37.25227184486856,1.4705752888035382,0.37906299875538774,Ag,COMPLETE
1618,-1.0,2026-04-07 11:11:36.970857,2026-04-07 11:11:37.623342,0 days 00:00:00.652485,64.67477676588727,1.3997328338066852,0.3761539716751422,Ag,COMPLETE
1619,-49.76851851849078,2026-04-07 11:11:37.071176,2026-04-07 11:11:37.624964,0 days 00:00:00.553788,64.13276771533924,1.4073694605368683,0.16246758518712845,Ag,COMPLETE
1620,-1.0,2026-04-07 11:11:37.132911,2026-04-07 11:11:37.718079,0 days 00:00:00.585168,64.2951411127607,1.3681129225140223,0.166032737648854,Ag,COMPLETE
1621,-14.554794520545945,2026-04-07 11:11:37.583133,2026-04-07 11:11:38.591678,0 days 00:00:01.008545,71.67883469619555,0.789261570085932,0.1001328923583979,Cu,COMPLETE
1622,-0.8802816901408202,2026-04-07 11:11:37.549162,2026-04-07 11:11:38.372226,0 days 00:00:00.823064,21.97685227800074,0.8452802842076266,0.13301561895381955,Cu,COMPLETE
1623,-12.418300653593795,2026-04-07 11:11:37.686394,2026-04-07 11:11:38.515425,0 days 00:00:00.829031,71.08279557788488,8.470492760154059,0.1371859891768839,Cu,COMPLETE
1624,-1.0,2026-04-07 11:11:37.662309,2026-04-07 11:11:38.564322,0 days 00:00:00.902013,71.29389058629502,8.538205667588409,0.10195838813035485,Cu,COMPLETE
1625,-1.0,2026-04-07 11:11:37.809406,2026-04-07 11:11:38.550457,0 days 00:00:00.741051,54.657862263972,17.43602405144305,0.10238743962115043,Cu,COMPLETE
1626,-51.76767676764536,2026-04-07 11:11:37.882453,2026-04-07 11:11:38.516888,0 days 00:00:00.634435,71.13779979263944,0.5126347340047619,0.1269359391848902,Ag,COMPLETE
1627,-15.585241730277613,2026-04-07 11:11:37.907645,2026-04-07 11:11:38.715780,0 days 00:00:00.808135,54.921396567765065,0.7998904304185719,0.12939783924336268,Cu,COMPLETE
1628,-1.0,2026-04-07 11:11:37.984423,2026-04-07 11:11:38.608115,0 days 00:00:00.623692,54.115528041482825,6.5883249047330645,0.12604644267371926,Ag,COMPLETE
1629,-1.0,2026-04-07 11:11:38.546973,2026-04-07 11:11:38.890644,0 days 00:00:00.343671,68.70862504046586,0.8535106367796506,0.10086063844326745,Ag,COMPLETE
1630,-1.0,2026-04-07 11:11:38.659599,2026-04-07 11:11:39.148873,0 days 00:00:00.489274,60.76150400310327,0.5128211255295017,0.2040498569129197,Ag,COMPLETE
1631,-1.0,2026-04-07 11:11:38.745351,2026-04-07 11:11:39.515367,0 days 00:00:00.770016,68.68846551494298,2.241650729746957,0.20807103314165926,Ag,COMPLETE
1632,-47.297297297271975,2026-04-07 11:11:38.764063,2026-04-07 11:11:39.338009,0 days 00:00:00.573946,60.97971341053736,1.1102651584679535,0.20863095325443792,Ag,COMPLETE
1633,-48.61111111108426,2026-04-07 11:11:38.790686,2026-04-07 11:11:39.780596,0 days 00:00:00.989910,68.88833285249167,1.117241598042927,0.21283511053810666,Ag,COMPLETE
1634,-1.0,2026-04-07 11:11:38.836492,2026-04-07 11:11:39.548298,0 days 00:00:00.711806,59.65903701991535,0.502810957220326,0.2046278733641437,Ag,COMPLETE
1635,-1.0,2026-04-07 11:11:38.921734,2026-04-07 11:11:39.721134,0 days 00:00:00.799400,59.82490699975,16.047604112501574,0.19974342794869704,Ag,COMPLETE
1636,-1.0,2026-04-07 11:11:38.892871,2026-04-07 11:11:39.551298,0 days 00:00:00.658427,59.97715710429087,1.1313009233956155,0.3221337241824729,Ag,COMPLETE
1637,-1.0,2026-04-07 11:11:39.058453,2026-04-07 11:11:39.722137,0 days 00:00:00.663684,68.92050015569703,6.993016993251576,0.2097008460383104,Ag,COMPLETE
1638,-1.0,2026-04-07 11:11:39.374876,2026-04-07 11:11:41.073792,0 days 00:00:01.698916,68.54821497265615,0.8587070544886479,0.16680499148142186,Ag,COMPLETE
1639,-48.61111111108375,2026-04-07 11:11:39.574514,2026-04-07 11:11:40.435691,0 days 00:00:00.861177,68.47230248330263,1.181411695520991,0.31397461666311066,Ag,COMPLETE
1640,-12.643678160917789,2026-04-07 11:11:39.548298,2026-04-07 11:11:40.340562,0 days 00:00:00.792264,91.54916351908575,2.1519992637430736,0.3316631622133437,Ag,COMPLETE
1641,-1.0,2026-04-07 11:11:40.015050,2026-04-07 11:11:41.262968,0 days 00:00:01.247918,39.699302558353025,0.8579799306871436,0.10128519759625648,Ag,COMPLETE
1642,-1.0,2026-04-07 11:11:40.078884,2026-04-07 11:11:41.403912,0 days 00:00:01.325028,66.72800741873517,0.8233457649288547,0.1634409825973181,Ag,COMPLETE
1643,-1.0,2026-04-07 11:11:40.165869,2026-04-07 11:11:41.446616,0 days 00:00:01.280747,40.0569295472683,0.8778457098413237,0.16409393541160033,Ag,COMPLETE
1644,-50.245098039186,2026-04-07 11:11:40.188141,2026-04-07 11:11:41.305871,0 days 00:00:01.117730,66.67457389044462,0.5007097461204477,0.16608498687452133,Ag,COMPLETE
1645,-1.0,2026-04-07 11:11:40.294063,2026-04-07 11:11:41.405025,0 days 00:00:01.110962,94.92894884352197,0.7958463603540407,0.16548609338077502,Ag,COMPLETE
1646,-1.0,2026-04-07 11:11:40.896561,2026-04-07 11:11:41.609830,0 days 00:00:00.713269,66.03388797574509,11.787589531034422,0.10041929296025437,Ag,COMPLETE
1647,-1.0,2026-04-07 11:11:41.175789,2026-04-07 11:11:41.837171,0 days 00:00:00.661382,25.14359033604857,1.6933509596603227,0.1342405272952155,Ag,COMPLETE
1648,-1.0,2026-04-07 11:11:41.291609,2026-04-07 11:11:41.977032,0 days 00:00:00.685423,73.59141062162844,1.6820047553708908,0.13186153573447768,Ag,COMPLETE
1649,-1.0,2026-04-07 11:11:41.464451,2026-04-07 11:11:42.148956,0 days 00:00:00.684505,65.92944369166877,1.6872324808007484,0.2577207878554177,Ag,COMPLETE
1650,-1.0,2026-04-07 11:11:41.539200,2026-04-07 11:11:42.151468,0 days 00:00:00.612268,72.8768631753675,1.795758667918009,0.2523047566731079,Ag,COMPLETE
1651,-1.0,2026-04-07 11:11:41.575001,2026-04-07 11:11:42.121846,0 days 00:00:00.546845,74.40442316300516,0.5006645902505117,0.13126453497747864,Ag,COMPLETE
1652,-47.29729729727182,2026-04-07 11:11:41.610834,2026-04-07 11:11:42.293784,0 days 00:00:00.682950,73.63132004768119,1.6440231063827198,0.13817858722036502,Ag,COMPLETE
1653,-1.0,2026-04-07 11:11:41.650289,2026-04-07 11:11:42.291337,0 days 00:00:00.641048,72.78201293821171,1.7464551649571725,0.1363648543455906,Ag,COMPLETE
1654,-40.74074074072269,2026-04-07 11:11:41.976027,2026-04-07 11:11:42.488463,0 days 00:00:00.512436,74.1292537541303,1.2053524866889358,1.0611120571597417,Ag,COMPLETE
1655,-1.0,2026-04-07 11:11:42.091748,2026-04-07 11:11:42.680474,0 days 00:00:00.588726,73.41852809082177,0.5037115982821423,0.25581574905915483,Ag,COMPLETE
1656,-1.0,2026-04-07 11:11:42.215063,2026-04-07 11:11:42.963388,0 days 00:00:00.748325,69.57177265637873,1.1508721161241637,0.18873748046871616,Ag,COMPLETE
1657,-1.0,2026-04-07 11:11:42.296296,2026-04-07 11:11:42.979918,0 days 00:00:00.683622,70.76087287055238,1.241900381548617,1.4347874278151864,Ag,COMPLETE
1658,-1.0,2026-04-07 11:11:42.370618,2026-04-07 11:11:42.934717,0 days 00:00:00.564099,70.45521751440762,1.2478027299946817,0.10114674675353942,Ag,COMPLETE
1659,-53.03030303027077,2026-04-07 11:11:42.441898,2026-04-07 11:11:43.232223,0 days 00:00:00.790325,70.81886650971461,0.5062884702214381,0.17772173248902345,Ag,COMPLETE
1660,-1.0,2026-04-07 11:11:42.548700,2026-04-07 11:11:43.169765,0 days 00:00:00.621065,70.5618817290363,1.1502536785450739,0.18373857610560473,Ag,COMPLETE
1661,-1.4332514332514097,2026-04-07 11:11:42.490974,2026-04-07 11:11:43.275696,0 days 00:00:00.784722,113.33385348346567,1.1688244979093003,0.18739705971194634,Ag,COMPLETE
1662,-45.94017094014737,2026-04-07 11:11:42.729817,2026-04-07 11:11:43.388672,0 days 00:00:00.658855,70.47734524016936,1.165029898872099,0.7144982250392637,Ag,COMPLETE
1663,-50.24509803918621,2026-04-07 11:11:42.896463,2026-04-07 11:11:43.653706,0 days 00:00:00.757243,62.11767130384294,0.5088697144130925,0.10014505543103532,Ag,COMPLETE
1664,-1.0,2026-04-07 11:11:43.127040,2026-04-07 11:11:43.825400,0 days 00:00:00.698360,62.35115230496986,11.207844191812473,0.10201661943812357,Ag,COMPLETE
1665,-1.0,2026-04-07 11:11:43.203325,2026-04-07 11:11:43.931103,0 days 00:00:00.727778,62.650032715085715,0.8362760151733277,0.13407790170448353,Ag,COMPLETE
1666,-1.0,2026-04-07 11:11:43.286821,2026-04-07 11:11:44.022230,0 days 00:00:00.735409,62.606441945977856,0.5022882217408347,1.1971924958802187,Ag,COMPLETE
1667,-1.0,2026-04-07 11:11:43.349031,2026-04-07 11:11:43.995101,0 days 00:00:00.646070,62.294337863016345,11.219486751523776,0.13361649914660037,Ag,COMPLETE
1668,-1.0,2026-04-07 11:11:43.391687,2026-04-07 11:11:43.991391,0 days 00:00:00.599704,62.39182194031263,15.05659207057638,0.1358235111003069,Ag,COMPLETE
1669,-44.79166666664403,2026-04-07 11:11:43.532670,2026-04-07 11:11:44.162502,0 days 00:00:00.629832,66.62250492579601,0.8011363524629658,0.9848668401099476,Ag,COMPLETE
1670,-1.0,2026-04-07 11:11:43.747757,2026-04-07 11:11:44.466001,0 days 00:00:00.718244,65.94121619248688,0.8479456756079207,0.149901550172099,Ag,COMPLETE
1671,-1.0,2026-04-07 11:11:43.871121,2026-04-07 11:11:44.399525,0 days 00:00:00.528404,65.93091853993641,0.8049780967403906,0.2308425311432046,Ag,COMPLETE
1672,-1.0,2026-04-07 11:11:43.992398,2026-04-07 11:11:44.557631,0 days 00:00:00.565233,66.20749111609757,0.853721226158792,0.22858983503405617,Ag,COMPLETE
1673,-1.0,2026-04-07 11:11:44.072458,2026-04-07 11:11:44.729592,0 days 00:00:00.657134,65.85747371028889,12.344843618337178,0.2234786618240342,Ag,COMPLETE
1674,-1.0,2026-04-07 11:11:44.144518,2026-04-07 11:11:44.683789,0 days 00:00:00.539271,65.77793646034573,0.8205041378382184,0.8068300376905132,Ag,COMPLETE
1675,-1.0,2026-04-07 11:11:44.214675,2026-04-07 11:11:44.920848,0 days 00:00:00.706173,65.62518612558732,0.8484244324285523,0.22550531322265466,Ag,COMPLETE
1676,-1.0,2026-04-07 11:11:44.255283,2026-04-07 11:11:44.793185,0 days 00:00:00.537902,65.46960327523453,0.8241226872651706,0.21303014187696104,Ag,COMPLETE
1677,-1.0,2026-04-07 11:11:44.376472,2026-04-07 11:11:45.029127,0 days 00:00:00.652655,67.96282791090935,0.5114281936321944,0.10109117113649341,Ag,COMPLETE
1678,-53.03030303027095,2026-04-07 11:11:44.626875,2026-04-07 11:11:45.307384,0 days 00:00:00.680509,68.43930829008816,0.5078286350568788,0.10003777108117527,Ag,COMPLETE
1679,-1.0,2026-04-07 11:11:44.733802,2026-04-07 11:11:45.521473,0 days 00:00:00.787671,68.43517630776464,1.352707326209522,0.16497490883805882,Ag,COMPLETE
1680,-1.0,2026-04-07 11:11:44.833542,2026-04-07 11:11:45.470738,0 days 00:00:00.637196,77.13825736055668,19.18890436422984,0.10099833271069356,Ag,COMPLETE
1681,-1.0,2026-04-07 11:11:44.964790,2026-04-07 11:11:45.600835,0 days 00:00:00.636045,77.11969981254649,18.51501668289907,0.10054976835429914,Ag,COMPLETE
1682,-1.0,2026-04-07 11:11:45.056428,2026-04-07 11:11:45.809349,0 days 00:00:00.752921,68.87397569640493,0.501748072723545,0.10037204258299826,Ag,COMPLETE
1683,-1.0,2026-04-07 11:11:45.031515,2026-04-07 11:11:45.675659,0 days 00:00:00.644144,68.155915378107,5.167082874128834,0.5711873466946114,Ag,COMPLETE
1684,-1.0,2026-04-07 11:11:45.162153,2026-04-07 11:11:45.668703,0 days 00:00:00.506550,68.50631934748144,1.3992447128664112,0.16563314336198254,Ag,COMPLETE
1685,-49.99999999997152,2026-04-07 11:11:45.234920,2026-04-07 11:11:45.773566,0 days 00:00:00.538646,69.07635002727757,1.3795553600945367,0.10083828912418233,Ag,COMPLETE
1686,-1.0,2026-04-07 11:11:45.470738,2026-04-07 11:11:46.104527,0 days 00:00:00.633789,71.42797859671785,1.189223431752032,0.13172740908125413,Ag,COMPLETE
1687,-50.245098039186,2026-04-07 11:11:45.661376,2026-04-07 11:11:46.335285,0 days 00:00:00.673909,71.51721516010838,0.509048568099139,0.13568968860772307,Ag,COMPLETE
1688,-1.0,2026-04-07 11:11:45.744390,2026-04-07 11:11:46.505384,0 days 00:00:00.760994,71.41870574774573,1.148218298441701,0.1365882409661452,Ag,COMPLETE
1689,-1.0,2026-04-07 11:11:45.838084,2026-04-07 11:11:46.583342,0 days 00:00:00.745258,72.36205211366327,0.5139709486180352,0.13434591553243014,Ag,COMPLETE
1690,-1.0,2026-04-07 11:11:45.876821,2026-04-07 11:11:46.537947,0 days 00:00:00.661126,70.7418186064763,1.0307267468946488,0.1010627948282082,Ag,COMPLETE
1691,-49.99999999997149,2026-04-07 11:11:45.931748,2026-04-07 11:11:46.506384,0 days 00:00:00.574636,71.64509637084426,1.193512168888192,0.13417094141640307,Ag,COMPLETE
1692,-1.0,2026-04-07 11:11:45.985048,2026-04-07 11:11:46.631013,0 days 00:00:00.645965,72.00254477009953,1.1115486124331324,0.13522911073148253,Ag,COMPLETE
1693,-1.0,2026-04-07 11:11:46.022800,2026-04-07 11:11:46.679089,0 days 00:00:00.656289,71.5535078632399,0.5007459266064287,0.13166714045685035,Ag,COMPLETE
1694,-1.0,2026-04-07 11:11:46.352889,2026-04-07 11:11:47.276279,0 days 00:00:00.923390,75.0541501142828,14.606967738444583,0.13318675670895153,Au,COMPLETE
1695,-1.0,2026-04-07 11:11:46.626981,2026-04-07 11:11:47.243083,0 days 00:00:00.616102,74.94094027288835,1.8516117380539066,0.10061060627530362,Au,COMPLETE
1696,-18.678160919537607,2026-04-07 11:11:46.682088,2026-04-07 11:11:47.273540,0 days 00:00:00.591452,69.36050609355756,2.0619872269767603,0.16757079866883523,Au,COMPLETE
1697,-7.183908045976447,2026-04-07 11:11:46.725365,2026-04-07 11:11:47.380773,0 days 00:00:00.655408,30.93207245006046,0.8619707247086718,0.16318138802588295,Au,COMPLETE
1698,-18.807870370367738,2026-04-07 11:11:46.758590,2026-04-07 11:11:47.350206,0 days 00:00:00.591616,75.48332037203562,1.9036931803081898,0.10192425257824529,Au,COMPLETE
1699,-1.0,2026-04-07 11:11:46.800207,2026-04-07 11:11:47.303769,0 days 00:00:00.503562,47.36377215505368,2.0765860046999816,0.10055273504014903,Au,COMPLETE
1700,-1.0,2026-04-07 11:11:46.829739,2026-04-07 11:11:47.461825,0 days 00:00:00.632086,74.7863249736148,0.5043193793230281,0.10125253317748219,Au,COMPLETE
1701,-48.24561403506214,2026-04-07 11:11:46.980990,2026-04-07 11:11:47.585983,0 days 00:00:00.604993,74.60130437708709,2.0514127789539245,0.10020697468732509,Ag,COMPLETE
1702,-1.0,2026-04-07 11:11:47.430616,2026-04-07 11:11:48.100516,0 days 00:00:00.669900,69.02378482989317,0.5037089818600112,0.16353097425218943,Ag,COMPLETE
1703,-1.0,2026-04-07 11:11:47.515443,2026-04-07 11:11:48.147245,0 days 00:00:00.631802,69.43933376498099,0.8409237999437921,0.16064344861535745,Ag,COMPLETE
1704,-1.0,2026-04-07 11:11:47.540866,2026-04-07 11:11:48.056643,0 days 00:00:00.515777,69.46547397953772,0.5035094248260694,0.16658919602247757,Ag,COMPLETE
1705,-1.0,2026-04-07 11:11:47.555675,2026-04-07 11:11:48.052784,0 days 00:00:00.497109,69.1137756310804,13.636479376507086,0.1590522949336606,Ag,COMPLETE
1706,-1.0,2026-04-07 11:11:47.590302,2026-04-07 11:11:48.056643,0 days 00:00:00.466341,68.49840777387024,0.8656902720049802,0.16362026818892791,Ag,COMPLETE
1707,-1.0,2026-04-07 11:11:47.646160,2026-04-07 11:11:48.210049,0 days 00:00:00.563889,69.46104455478923,0.5088916443174013,0.16202797364735075,Ag,COMPLETE
1708,-1.0,2026-04-07 11:11:47.787561,2026-04-07 11:11:48.785729,0 days 00:00:00.998168,67.58325115783538,1.4530164399958998,0.13705014921911074,Ag,COMPLETE
1709,-1.0,2026-04-07 11:11:47.870248,2026-04-07 11:11:48.649212,0 days 00:00:00.778964,69.92413959493615,0.8441677252052882,0.16432085615938033,Ag,COMPLETE
1710,-36.05769230767859,2026-04-07 11:11:48.227684,2026-04-07 11:11:48.866837,0 days 00:00:00.639153,67.02377387492434,1.1571857914098387,1.9973047579221284,Ag,COMPLETE
1711,-1.0,2026-04-07 11:11:48.267701,2026-04-07 11:11:48.958594,0 days 00:00:00.690893,67.24131333936687,1.544038385199355,0.13409977165386172,Ag,COMPLETE
1712,-1.0,2026-04-07 11:11:48.291833,2026-04-07 11:11:48.934237,0 days 00:00:00.642404,66.96984005680993,1.4188090844137478,0.13209212764032013,Ag,COMPLETE
1713,-1.0,2026-04-07 11:11:48.244049,2026-04-07 11:11:48.866837,0 days 00:00:00.622788,22.030728438687404,1.4599173783290835,0.13063083489075086,Ag,COMPLETE
1714,-48.61111111108375,2026-04-07 11:11:48.321769,2026-04-07 11:11:49.037679,0 days 00:00:00.715910,67.44492400729804,1.3848593029488203,0.1358157959510077,Ag,COMPLETE
1715,-1.0,2026-04-07 11:11:48.479914,2026-04-07 11:11:49.038680,0 days 00:00:00.558766,67.6602028093567,19.987926778770756,0.1354968157074506,Ag,COMPLETE
1716,-1.0,2026-04-07 11:11:48.836108,2026-04-07 11:11:49.680339,0 days 00:00:00.844231,72.60245614228452,1.113929269649876,0.18966502222321635,Ag,COMPLETE
1717,-1.0,2026-04-07 11:11:48.925857,2026-04-07 11:11:49.492859,0 days 00:00:00.567002,72.97614858758868,10.04432552696898,0.1809467387086479,Ag,COMPLETE
1718,-1.43076493579004,2026-04-07 11:11:49.010730,2026-04-07 11:11:49.662560,0 days 00:00:00.651830,106.10153157558426,0.8969060586364288,0.10145797232188006,Ag,COMPLETE
1719,-1.0,2026-04-07 11:11:49.101856,2026-04-07 11:11:49.802952,0 days 00:00:00.701096,106.65793781316364,0.895867220010674,0.19214302345558043,Ag,COMPLETE
1720,-1.0,2026-04-07 11:11:49.130865,2026-04-07 11:11:49.725875,0 days 00:00:00.595010,73.33731903584541,0.9345903991935325,1.6695485474687566,Ag,COMPLETE
1721,-1.0,2026-04-07 11:11:49.163377,2026-04-07 11:11:49.725875,0 days 00:00:00.562498,73.20348668471905,0.8752651462926808,0.1928271729724076,Ag,COMPLETE
1722,-1.0,2026-04-07 11:11:49.259845,2026-04-07 11:11:49.912054,0 days 00:00:00.652209,72.76502825120298,0.9330666807323139,0.10026388773695012,Ag,COMPLETE
1723,-1.0,2026-04-07 11:11:49.431391,2026-04-07 11:11:50.031761,0 days 00:00:00.600370,70.88823817342497,0.5022183425645756,0.1911342256651847,Ag,COMPLETE
1724,-1.0,2026-04-07 11:11:49.836482,2026-04-07 11:11:50.604324,0 days 00:00:00.767842,70.31673758669909,17.099516402424765,0.1004873183152236,Ag,COMPLETE
1725,-1.0,2026-04-07 11:11:49.682843,2026-04-07 11:11:50.739836,0 days 00:00:01.056993,71.01042302284107,3.731273611951308,0.13908456224092458,Ag,COMPLETE
1726,-51.76767676764536,2026-04-07 11:11:49.945023,2026-04-07 11:11:50.699687,0 days 00:00:00.754664,70.50481916890334,0.5127480602107055,0.13493000919209708,Ag,COMPLETE
1727,-1.0,2026-04-07 11:11:49.993834,2026-04-07 11:11:50.842306,0 days 00:00:00.848472,69.83465851699746,0.51054217518383,0.13792409018450372,Ag,COMPLETE
1728,-1.0,2026-04-07 11:11:50.026141,2026-04-07 11:11:50.603071,0 days 00:00:00.576930,70.48310515015578,0.5004075424175276,0.10097409350986966,Ag,COMPLETE
1729,-1.0,2026-04-07 11:11:50.098315,2026-04-07 11:11:50.700837,0 days 00:00:00.602522,25.643789785766252,1.1313148114665608,0.13686238471980755,Ag,COMPLETE
1730,-1.0,2026-04-07 11:11:50.157716,2026-04-07 11:11:50.724381,0 days 00:00:00.566665,70.39459862056879,1.1694364519385914,0.13448467645966827,Ag,COMPLETE
1731,-8.248730964466144,2026-04-07 11:11:50.265715,2026-04-07 11:11:50.933369,0 days 00:00:00.667654,25.62520194438327,1.0962359298705597,0.10072033239012637,Ag,COMPLETE
1732,-49.99999999997173,2026-04-07 11:11:50.789066,2026-04-07 11:11:51.465603,0 days 00:00:00.676537,67.83274485493281,1.1311822376792928,0.10097995130621261,Ag,COMPLETE
1733,-49.76851851849095,2026-04-07 11:11:50.871496,2026-04-07 11:11:51.527145,0 days 00:00:00.655649,66.9436774511228,1.589962205080747,0.18210053284563532,Ag,COMPLETE
1734,-48.6111111110841,2026-04-07 11:11:50.886086,2026-04-07 11:11:51.572307,0 days 00:00:00.686221,67.93499141707272,1.6994046788983521,0.10029999696749453,Ag,COMPLETE
1735,-1.0,2026-04-07 11:11:50.844312,2026-04-07 11:11:51.803232,0 days 00:00:00.958920,67.12907337481063,1.672435178160715,0.19130378210973106,Ag,COMPLETE
1736,-1.0,2026-04-07 11:11:50.938201,2026-04-07 11:11:51.693169,0 days 00:00:00.754968,67.42847814259615,1.636656605911029,0.18119773206329245,Ag,COMPLETE
1737,-49.76851851849078,2026-04-07 11:11:50.973838,2026-04-07 11:11:51.720276,0 days 00:00:00.746438,67.42236584110402,1.7240721907014227,0.1911247510725766,Ag,COMPLETE
1738,-27.654867256632315,2026-04-07 11:11:51.040639,2026-04-07 11:11:51.918401,0 days 00:00:00.877762,67.98117571780496,12.8395348100705,0.1852803836829714,Ag,COMPLETE
1739,-1.0,2026-04-07 11:11:51.092320,2026-04-07 11:11:51.759311,0 days 00:00:00.666991,67.47483339299791,1.6607789385031446,0.18390250164956373,Ag,COMPLETE
1740,-1.0,2026-04-07 11:11:51.671851,2026-04-07 11:11:52.462986,0 days 00:00:00.791135,65.25188691571604,0.8425277661911057,0.1566925140407479,Ag,COMPLETE
1741,-38.19444444442853,2026-04-07 11:11:51.869028,2026-04-07 11:11:52.459117,0 days 00:00:00.590089,64.48911322329624,0.8415964650084853,1.7587176667074047,Ag,COMPLETE
1742,-1.0,2026-04-07 11:11:51.948109,2026-04-07 11:11:52.599179,0 days 00:00:00.651070,64.77616552042556,14.047056010032701,0.1001833129573705,Ag,COMPLETE
1743,-1.0,2026-04-07 11:11:51.962510,2026-04-07 11:11:52.628494,0 days 00:00:00.665984,65.31681936962467,0.5020300268774547,1.7673356941249558,Ag,COMPLETE
1744,-1.0,2026-04-07 11:11:51.922164,2026-04-07 11:11:52.627938,0 days 00:00:00.705774,20.07808321060549,0.8596960161684859,0.15519792935953522,Ag,COMPLETE
1745,-1.0,2026-04-07 11:11:52.007302,2026-04-07 11:11:52.653562,0 days 00:00:00.646260,80.87593737097147,0.85962450108352,0.23562335704802728,Ag,COMPLETE
1746,-1.0,2026-04-07 11:11:52.044735,2026-04-07 11:11:52.740930,0 days 00:00:00.696195,76.78658774597744,0.5003279006190543,0.15476925254740187,Ag,COMPLETE
1747,-1.0,2026-04-07 11:11:52.093120,2026-04-07 11:11:52.741929,0 days 00:00:00.648809,80.34482862333002,0.5017929180868157,0.23406301041937125,Ag,COMPLETE
1748,-1.0,2026-04-07 11:11:52.593758,2026-04-07 11:11:53.345175,0 days 00:00:00.751417,75.95974150711565,0.817129344346676,0.152334575596753,Cu,COMPLETE
1749,-14.619883040933127,2026-04-07 11:11:52.683111,2026-04-07 11:11:53.355571,0 days 00:00:00.672460,33.04723671690814,0.8523446973640729,0.28557326446482145,Ag,COMPLETE
1750,-13.88888888888711,2026-04-07 11:11:52.658072,2026-04-07 11:11:53.549667,0 days 00:00:00.891595,71.448061157861,1.2225949467326562,0.2987542780886007,Cu,COMPLETE
1751,-13.131313131311545,2026-04-07 11:11:52.815870,2026-04-07 11:11:53.548161,0 days 00:00:00.732291,73.68848009531672,1.2053860946997546,0.29154766462750575,Cu,COMPLETE
1752,-1.0,2026-04-07 11:11:52.880030,2026-04-07 11:11:53.591079,0 days 00:00:00.711049,73.15068718465815,1.1867363593643057,0.1335071286689204,Cu,COMPLETE
1753,-49.99999999997132,2026-04-07 11:11:52.898291,2026-04-07 11:11:53.753621,0 days 00:00:00.855330,72.27522767414862,1.1807705579763987,0.10070973714864473,Ag,COMPLETE
1754,-1.0,2026-04-07 11:11:52.954405,2026-04-07 11:11:53.754620,0 days 00:00:00.800215,71.2550467622664,1.224717726285728,0.13675646940568714,Cu,COMPLETE
1755,-1.0,2026-04-07 11:11:52.991070,2026-04-07 11:11:53.593150,0 days 00:00:00.602080,72.2335080420213,18.198177530875437,0.2874888216505576,Cu,COMPLETE
1756,-40.740740740722565,2026-04-07 11:11:53.575076,2026-04-07 11:11:54.372986,0 days 00:00:00.797910,69.29879559872707,0.8499847893492802,1.3466714129326682,Ag,COMPLETE
1757,-1.0,2026-04-07 11:11:53.692092,2026-04-07 11:11:54.355591,0 days 00:00:00.663499,69.87092706338078,0.8332378096267864,0.1002849997592999,Ag,COMPLETE
1758,-48.809523809496135,2026-04-07 11:11:53.757127,2026-04-07 11:11:54.672464,0 days 00:00:00.915337,68.81044907644946,0.9793027832236945,0.22181877610691272,Ag,COMPLETE
1759,-1.0,2026-04-07 11:11:53.831996,2026-04-07 11:11:54.687842,0 days 00:00:00.855846,69.45349751895459,0.500863538360637,0.10037854437355284,Ag,COMPLETE
1760,-51.47058823526383,2026-04-07 11:11:53.876722,2026-04-07 11:11:54.671442,0 days 00:00:00.794720,69.49126687869784,0.8429345729583213,0.21922999343647326,Ag,COMPLETE
1761,-1.0,2026-04-07 11:11:53.965599,2026-04-07 11:11:54.862484,0 days 00:00:00.896885,69.09738851377361,0.810142937561932,0.10015309739881897,Ag,COMPLETE
1762,-1.0,2026-04-07 11:11:54.050241,2026-04-07 11:11:54.895706,0 days 00:00:00.845465,69.15948870502106,0.8350816601671093,0.21995989066615493,Ag,COMPLETE
1763,-1.0,2026-04-07 11:11:54.154407,2026-04-07 11:11:54.864992,0 days 00:00:00.710585,50.3056282610689,0.8927404263486309,0.2254248084646472,Ag,COMPLETE
1764,-1.0,2026-04-07 11:11:54.573903,2026-04-07 11:11:55.189665,0 days 00:00:00.615762,23.586274774056758,1.441872104948097,0.1593971650841566,Ag,COMPLETE
1765,-1.0,2026-04-07 11:11:54.652935,2026-04-07 11:11:55.360928,0 days 00:00:00.707993,65.65656350869949,1.2933739412503742,0.15721091020027234,Ag,COMPLETE
1766,-48.6111111110841,2026-04-07 11:11:54.894674,2026-04-07 11:11:55.763397,0 days 00:00:00.868723,65.15526496070281,1.441391123963525,0.15499050627979205,Ag,COMPLETE
1767,-1.0,2026-04-07 11:11:54.988318,2026-04-07 11:11:55.904930,0 days 00:00:00.916612,65.82924443414235,1.4077571713570425,0.15980234949473412,Ag,COMPLETE
1768,-1.0,2026-04-07 11:11:55.038936,2026-04-07 11:11:55.766419,0 days 00:00:00.727483,65.20506566571277,1.3337121719120775,0.15919904941720486,Ag,COMPLETE
1769,-39.814814814796996,2026-04-07 11:11:55.087025,2026-04-07 11:11:55.766419,0 days 00:00:00.679394,65.15983300186203,0.5029157709530919,1.5721857090791649,Ag,COMPLETE
1770,-1.0,2026-04-07 11:11:55.034938,2026-04-07 11:11:55.902932,0 days 00:00:00.867994,27.97503315220922,1.4048370564606119,0.1364740206752179,Ag,COMPLETE
1771,-1.0,2026-04-07 11:11:55.149065,2026-04-07 11:11:55.768925,0 days 00:00:00.619860,65.36300796142547,1.3854167413306078,0.16336032190885041,Ag,COMPLETE
1772,-1.0,2026-04-07 11:11:55.371783,2026-04-07 11:11:56.247225,0 days 00:00:00.875442,65.68769634819813,0.5042935623760225,0.13535736218699929,Ag,COMPLETE
1773,-1.0,2026-04-07 11:11:55.669122,2026-04-07 11:11:56.320015,0 days 00:00:00.650893,74.36602206811047,0.5035037332761534,1.4988413630724369,Ag,COMPLETE
1774,-1.0,2026-04-07 11:11:55.932311,2026-04-07 11:11:56.742284,0 days 00:00:00.809973,74.29392322370349,2.3758387305711497,0.1995862912318621,Ag,COMPLETE
1775,-1.0,2026-04-07 11:11:55.963977,2026-04-07 11:11:56.716241,0 days 00:00:00.752264,74.28166369857215,2.34061329886085,0.18914884673151802,Ag,COMPLETE
1776,-1.0,2026-04-07 11:11:56.026438,2026-04-07 11:11:56.898434,0 days 00:00:00.871996,77.0852823908821,0.5003770862824067,0.199032569932348,Ag,COMPLETE
1777,-1.0,2026-04-07 11:11:56.042629,2026-04-07 11:11:56.911719,0 days 00:00:00.869090,75.2879355233207,15.614784242330925,1.486856171635993,Ag,COMPLETE
1778,-1.0,2026-04-07 11:11:56.123604,2026-04-07 11:11:56.914819,0 days 00:00:00.791215,74.31570941153348,2.404238974689101,0.19431248607592855,Ag,COMPLETE
1779,-1.0,2026-04-07 11:11:56.150779,2026-04-07 11:11:56.872797,0 days 00:00:00.722018,88.00022916185512,2.5551274143877216,0.10037894138389845,Ag,COMPLETE
1780,-1.0,2026-04-07 11:11:56.529610,2026-04-07 11:11:57.415717,0 days 00:00:00.886107,71.33266823844379,2.322162407923974,0.20343549874557237,Ag,COMPLETE
1781,-42.613636363616784,2026-04-07 11:11:56.645196,2026-04-07 11:11:57.367283,0 days 00:00:00.722087,71.54065715852742,3.3496803963690516,0.25649808888330833,Ag,COMPLETE
1782,-0.7153075822603596,2026-04-07 11:11:56.913261,2026-04-07 11:11:57.581444,0 days 00:00:00.668183,71.6186760161956,16.26906144115116,0.1332679909373599,Au,COMPLETE
1783,-16.816143497756308,2026-04-07 11:11:57.057546,2026-04-07 11:11:57.743809,0 days 00:00:00.686263,71.50991758125912,6.155694345437352,0.2658998609439512,Au,COMPLETE
1784,-1.0,2026-04-07 11:11:57.088228,2026-04-07 11:11:57.990852,0 days 00:00:00.902624,67.66375667673898,16.252519177544418,0.13947188526545834,Au,COMPLETE
1785,-19.35695538057439,2026-04-07 11:11:57.128367,2026-04-07 11:11:57.835385,0 days 00:00:00.707018,71.1914547621694,0.505655517384234,0.2464375126669296,Au,COMPLETE
1786,-1.0,2026-04-07 11:11:57.204490,2026-04-07 11:11:57.892571,0 days 00:00:00.688081,71.70522740897268,16.312822752206227,0.13375431542075344,Au,COMPLETE
1787,-1.0,2026-04-07 11:11:57.247102,2026-04-07 11:11:57.977344,0 days 00:00:00.730242,67.63301938896797,0.8888984325314713,0.13712228133857998,Au,COMPLETE
1788,-1.0,2026-04-07 11:11:57.584824,2026-04-07 11:11:58.460791,0 days 00:00:00.875967,67.80563763329627,0.8775778429656692,0.13393394978414525,Ag,COMPLETE
1789,-51.47058823526388,2026-04-07 11:11:57.747089,2026-04-07 11:11:58.728351,0 days 00:00:00.981262,67.28077737109729,1.0416303327119112,0.13436922200709966,Ag,COMPLETE
1790,-51.47058823526388,2026-04-07 11:11:57.868342,2026-04-07 11:11:58.725772,0 days 00:00:00.857430,68.32548237064427,1.0729643915239597,0.10117173837845019,Ag,COMPLETE
1791,-1.0,2026-04-07 11:11:58.019192,2026-04-07 11:11:58.927291,0 days 00:00:00.908099,68.38738639204624,1.0876411579000997,0.17258880775473096,Ag,COMPLETE
1792,-1.0,2026-04-07 11:11:58.057363,2026-04-07 11:11:58.808091,0 days 00:00:00.750728,84.18449267599432,0.5029941972330112,0.1703720049210506,Ag,COMPLETE
1793,-1.0,2026-04-07 11:11:58.123324,2026-04-07 11:11:58.810286,0 days 00:00:00.686962,68.62171972122218,1.0437838128559673,0.13290196160666962,Ag,COMPLETE
1794,-1.0,2026-04-07 11:11:58.148484,2026-04-07 11:11:58.834774,0 days 00:00:00.686290,63.5723032377638,1.0622844785145664,0.10125238865946393,Ag,COMPLETE
1795,-51.47058823526388,2026-04-07 11:11:58.181248,2026-04-07 11:11:58.947999,0 days 00:00:00.766751,68.24991096664743,1.0886085800006085,0.10023718001500415,Ag,COMPLETE
1796,-51.47058823526362,2026-04-07 11:11:58.803177,2026-04-07 11:11:59.725883,0 days 00:00:00.922706,63.760239286706394,0.5056369156316909,0.18332470952347768,Ag,COMPLETE
1797,-1.0,2026-04-07 11:11:58.877903,2026-04-07 11:11:59.724131,0 days 00:00:00.846228,63.696489161100956,1.8540391421798341,0.1754486463303504,Ag,COMPLETE
1798,-47.14912280699298,2026-04-07 11:11:58.866241,2026-04-07 11:11:59.768010,0 days 00:00:00.901769,63.28327513607037,1.860993965078742,0.17326694862916264,Ag,COMPLETE
1799,-53.03030303027077,2026-04-07 11:11:59.006514,2026-04-07 11:11:59.908426,0 days 00:00:00.901912,69.91105875400284,0.511242385637803,0.19139298012002176,Ag,COMPLETE
1800,-1.0,2026-04-07 11:11:59.092136,2026-04-07 11:11:59.877268,0 days 00:00:00.785132,63.8371965995333,0.842619768888321,0.10004833331916192,Ag,COMPLETE
1801,-48.24561403506214,2026-04-07 11:11:59.115873,2026-04-07 11:11:59.986926,0 days 00:00:00.871053,70.30136200789974,1.9462439399361064,0.1857161788601123,Ag,COMPLETE
1802,-1.0,2026-04-07 11:11:59.159675,2026-04-07 11:11:59.939506,0 days 00:00:00.779831,64.20804217408657,1.8307069141934522,0.18580383494114533,Ag,COMPLETE
1803,-1.0,2026-04-07 11:11:59.262487,2026-04-07 11:12:00.035793,0 days 00:00:00.773306,63.75867942214729,1.875566391201384,0.18265184271237586,Ag,COMPLETE
1804,-1.0,2026-04-07 11:11:59.972332,2026-04-07 11:12:00.926765,0 days 00:00:00.954433,67.06316096654314,16.84049646551809,0.23083926413402242,Ag,COMPLETE
1805,-1.0,2026-04-07 11:12:00.006522,2026-04-07 11:12:00.710018,0 days 00:00:00.703496,66.17487572835942,0.8298677211067218,0.13278229700131758,Ag,COMPLETE
1806,-1.0,2026-04-07 11:12:00.069895,2026-04-07 11:12:00.978190,0 days 00:00:00.908295,66.26237600684554,0.8326204984138461,0.526521842578574,Ag,COMPLETE
1807,-36.66666666665189,2026-04-07 11:12:00.099933,2026-04-07 11:12:00.927765,0 days 00:00:00.827832,66.50951230754836,0.8515654944408415,1.8931567085328007,Ag,COMPLETE
1808,-1.0,2026-04-07 11:12:00.112708,2026-04-07 11:12:00.925685,0 days 00:00:00.812977,66.53315239808586,0.8357384698475328,1.2900868420273557,Ag,COMPLETE
1809,-1.0,2026-04-07 11:12:00.128399,2026-04-07 11:12:00.890019,0 days 00:00:00.761620,70.03176685213293,0.5082752520700293,0.23455153163300727,Ag,COMPLETE
1810,-1.0,2026-04-07 11:12:00.169986,2026-04-07 11:12:00.979186,0 days 00:00:00.809200,66.29572367446066,0.8304942882892141,0.13207546926980546,Ag,COMPLETE
1811,-51.76767676764536,2026-04-07 11:12:00.291734,2026-04-07 11:12:01.207993,0 days 00:00:00.916259,66.70054622525583,0.5000316228711306,0.1330289233881183,Ag,COMPLETE
1812,-1.0,2026-04-07 11:12:00.974091,2026-04-07 11:12:01.899092,0 days 00:00:00.925001,72.56012983943847,1.4182665765735716,0.9315741449904861,Ag,COMPLETE
1813,-48.6111111110841,2026-04-07 11:12:01.079266,2026-04-07 11:12:01.899092,0 days 00:00:00.819826,72.82260209619456,1.505091584494584,0.10042977155486396,Ag,COMPLETE
1814,-1.0,2026-04-07 11:12:01.145799,2026-04-07 11:12:01.979472,0 days 00:00:00.833673,76.59187442644576,1.3341894360627058,0.13510816840002884,Ag,COMPLETE
1815,-46.05263157892298,2026-04-07 11:12:01.161832,2026-04-07 11:12:01.811340,0 days 00:00:00.649508,77.32140342969873,1.3875936988893254,0.13944103067907282,Ag,COMPLETE
1816,-39.893617021259494,2026-04-07 11:12:01.178259,2026-04-07 11:12:02.089083,0 days 00:00:00.910824,72.753072657633,1.3849444060696496,1.2257690848409357,Ag,COMPLETE
1817,-31.79824561402664,2026-04-07 11:12:01.247795,2026-04-07 11:12:02.038147,0 days 00:00:00.790352,72.88788283141803,9.480043232284869,0.1332261794430479,Ag,COMPLETE
1818,-26.960784313720914,2026-04-07 11:12:01.367136,2026-04-07 11:12:02.242427,0 days 00:00:00.875291,72.75700502926345,13.15610857350055,0.1367595648774819,Ag,COMPLETE
1819,-1.0,2026-04-07 11:12:01.447771,2026-04-07 11:12:02.242427,0 days 00:00:00.794656,70.00064469213632,1.3823246095532764,0.13028970729067244,Ag,COMPLETE
1820,-1.0,2026-04-07 11:12:02.067900,2026-04-07 11:12:02.887369,0 days 00:00:00.819469,69.74401236206542,0.5044728814801984,1.831864013966844,Ag,COMPLETE
1821,-1.0,2026-04-07 11:12:02.118594,2026-04-07 11:12:02.840323,0 days 00:00:00.721729,24.014346894529908,0.8791419064759881,0.22080920824939448,Ag,COMPLETE
1822,-1.0,2026-04-07 11:12:02.200059,2026-04-07 11:12:02.948769,0 days 00:00:00.748710,22.43695667871215,0.8514847246578725,0.26338874682559055,Ag,COMPLETE
1823,-1.0,2026-04-07 11:12:02.229632,2026-04-07 11:12:02.932683,0 days 00:00:00.703051,69.62187469173742,19.375353952146565,0.25781422125965825,Ag,COMPLETE
1824,-28.317152103554292,2026-04-07 11:12:02.313841,2026-04-07 11:12:02.964962,0 days 00:00:00.651121,69.37088434193653,11.948559333174387,0.2576718427804751,Ag,COMPLETE
1825,-1.0,2026-04-07 11:12:02.359005,2026-04-07 11:12:03.137364,0 days 00:00:00.778359,68.89291568063021,0.8655197923006861,0.10031846987844127,Ag,COMPLETE
1826,-49.99999999997149,2026-04-07 11:12:02.384264,2026-04-07 11:12:03.081801,0 days 00:00:00.697537,69.52827240768869,1.09768973501642,0.2553587698692014,Ag,COMPLETE
1827,-1.0,2026-04-07 11:12:02.497855,2026-04-07 11:12:03.233011,0 days 00:00:00.735156,44.84910103349992,0.5076523797072409,0.2608743286341871,Ag,COMPLETE
1828,-51.190476190446915,2026-04-07 11:12:03.111120,2026-04-07 11:12:03.902007,0 days 00:00:00.790887,71.02858086433993,1.1419775266740753,0.1604042531664599,Ag,COMPLETE
1829,-1.0,2026-04-07 11:12:03.135161,2026-04-07 11:12:03.959497,0 days 00:00:00.824336,71.17640546938641,17.596571976583697,0.7467336066833072,Ag,COMPLETE
1830,-9.672619047617879,2026-04-07 11:12:03.153939,2026-04-07 11:12:03.822729,0 days 00:00:00.668790,27.44973826147966,0.5018568734925555,0.17021543343970755,Ag,COMPLETE
1831,-1.0,2026-04-07 11:12:03.187360,2026-04-07 11:12:04.134056,0 days 00:00:00.946696,70.89703440478826,4.668980167895054,0.16247368144954186,Ag,COMPLETE
1832,-49.99999999997173,2026-04-07 11:12:03.236008,2026-04-07 11:12:03.943887,0 days 00:00:00.707879,71.00833214704707,1.060534458834075,0.1764825469780857,Ag,COMPLETE
1833,-49.99999999997173,2026-04-07 11:12:03.365003,2026-04-07 11:12:04.229266,0 days 00:00:00.864263,67.86815663037021,1.0786528695918385,0.1658793799316009,Ag,COMPLETE
1834,-10.728542914170367,2026-04-07 11:12:03.394238,2026-04-07 11:12:04.276475,0 days 00:00:00.882237,30.35094881382619,4.748052408285955,0.1566827972258497,Ag,COMPLETE
1835,-49.999999999971564,2026-04-07 11:12:03.441179,2026-04-07 11:12:04.353877,0 days 00:00:00.912698,70.99875797599672,1.1121002351784541,0.10017122983771369,Ag,COMPLETE
1836,-1.0,2026-04-07 11:12:04.080311,2026-04-07 11:12:05.198428,0 days 00:00:01.118117,67.36301718093789,0.837204599728145,0.10050671671163658,Ag,COMPLETE
1837,-18.518518518514405,2026-04-07 11:12:04.170179,2026-04-07 11:12:05.035112,0 days 00:00:00.864933,36.19271763044013,0.8880200429249052,0.10101087697714367,Ag,COMPLETE
1838,-1.0,2026-04-07 11:12:04.230770,2026-04-07 11:12:04.905417,0 days 00:00:00.674647,75.32964712221539,0.8207265145739526,0.21660627791618522,Ag,COMPLETE
1839,-1.0,2026-04-07 11:12:04.326319,2026-04-07 11:12:05.136108,0 days 00:00:00.809789,89.71226483739069,10.695761689918045,0.21255075757998293,Ag,COMPLETE
1840,-1.0,2026-04-07 11:12:04.393831,2026-04-07 11:12:05.363627,0 days 00:00:00.969796,75.15457897141215,0.8058492030987452,0.2143348120582176,Ag,COMPLETE
1841,-1.0,2026-04-07 11:12:04.485945,2026-04-07 11:12:05.407281,0 days 00:00:00.921336,67.43363234187204,0.5068836487403725,0.2129263092232207,Ag,COMPLETE
1842,-30.17241379309652,2026-04-07 11:12:04.560779,2026-04-07 11:12:05.706943,0 days 00:00:01.146164,67.76315476617904,10.45383506948028,0.32591358622170274,Ag,COMPLETE
1843,-1.0,2026-04-07 11:12:04.653975,2026-04-07 11:12:05.499613,0 days 00:00:00.845638,67.68861037126553,0.8355061153904291,0.2176906344303503,Ag,COMPLETE
1844,-47.29729729727182,2026-04-07 11:12:05.266065,2026-04-07 11:12:06.456157,0 days 00:00:01.190092,64.9100691125358,1.6564272421390351,0.1431501832889354,Ag,COMPLETE
1845,-1.0,2026-04-07 11:12:05.402298,2026-04-07 11:12:06.830096,0 days 00:00:01.427798,65.23946115171466,1.6281828543091557,0.15599273849397943,Ag,COMPLETE
1846,-1.0,2026-04-07 11:12:05.483928,2026-04-07 11:12:06.888058,0 days 00:00:01.404130,64.60434617074395,1.4792307336966353,0.13562471583580565,Ag,COMPLETE
1847,-1.0,2026-04-07 11:12:05.548266,2026-04-07 11:12:06.803582,0 days 00:00:01.255316,64.70857595003604,0.5017522371038092,0.1353564643657437,Ag,COMPLETE
1848,-48.6111111110841,2026-04-07 11:12:05.638544,2026-04-07 11:12:06.801584,0 days 00:00:01.163040,64.52667215015025,1.491536401990128,0.13859000590479187,Ag,COMPLETE
1849,-48.61111111108426,2026-04-07 11:12:05.745433,2026-04-07 11:12:07.005065,0 days 00:00:01.259632,65.05298307668585,1.6032189418246428,0.10019977714056173,Ag,COMPLETE
1850,-1.0,2026-04-07 11:12:06.257620,2026-04-07 11:12:07.215341,0 days 00:00:00.957721,65.01983449369256,1.3391723973712888,1.0324355475361906,Ag,COMPLETE
1851,-51.76767676764536,2026-04-07 11:12:06.459329,2026-04-07 11:12:07.463027,0 days 00:00:01.003698,65.24600716687748,0.5000928049415222,0.13357479469330785,Ag,COMPLETE
1852,-1.0,2026-04-07 11:12:06.735534,2026-04-07 11:12:07.428574,0 days 00:00:00.693040,68.45635379350648,1.156366465140858,0.18666720761962396,Au,COMPLETE
1853,-1.0,2026-04-07 11:12:07.028619,2026-04-07 11:12:07.823135,0 days 00:00:00.794516,73.25182002899216,1.1020838356522558,0.42007392220376116,Au,COMPLETE
1854,-19.135802469132912,2026-04-07 11:12:07.105742,2026-04-07 11:12:07.697823,0 days 00:00:00.592081,72.94752686168307,1.1956474805629522,0.18939880373665252,Au,COMPLETE
1855,-1.0,2026-04-07 11:12:07.124807,2026-04-07 11:12:07.903362,0 days 00:00:00.778555,56.9056722316938,1.2000540549031418,0.10045150784875156,Au,COMPLETE
1856,-1.0,2026-04-07 11:12:07.195729,2026-04-07 11:12:07.927717,0 days 00:00:00.731988,73.77728565350166,0.5046094510075534,0.18553336082857605,Au,COMPLETE
1857,-14.963167587475317,2026-04-07 11:12:07.267349,2026-04-07 11:12:08.045711,0 days 00:00:00.778362,57.617010841624506,1.1482680609362572,1.6367834716787935,Au,COMPLETE
1858,-1.0,2026-04-07 11:12:07.461026,2026-04-07 11:12:08.196685,0 days 00:00:00.735659,72.80545184985708,15.069488654714077,0.16852023407363453,Ag,COMPLETE
1859,-38.19444444442853,2026-04-07 11:12:07.673298,2026-04-07 11:12:08.605018,0 days 00:00:00.931720,61.4127924420547,0.8359258546255134,1.62700837696867,Ag,COMPLETE
1860,-1.0,2026-04-07 11:12:07.825651,2026-04-07 11:12:08.605018,0 days 00:00:00.779367,61.33020932139519,0.5023507978397717,0.10082024786427642,Ag,COMPLETE
1861,-1.0,2026-04-07 11:12:07.977194,2026-04-07 11:12:08.708483,0 days 00:00:00.731289,62.11066095207241,0.5058909697316514,0.4801227524375531,Ag,COMPLETE
1862,-51.47058823526383,2026-04-07 11:12:08.079708,2026-04-07 11:12:08.694704,0 days 00:00:00.614996,69.3334020660334,0.8322721492090165,0.10078136623744677,Ag,COMPLETE
1863,-49.99999999997149,2026-04-07 11:12:08.157572,2026-04-07 11:12:08.864195,0 days 00:00:00.706623,61.90217831237349,0.8462180995127045,0.1326980219784339,Ag,COMPLETE
1864,-1.0,2026-04-07 11:12:08.230632,2026-04-07 11:12:08.866741,0 days 00:00:00.636109,61.32513050776061,0.5021058657021495,0.14134761290683157,Ag,COMPLETE
1865,-51.47058823526383,2026-04-07 11:12:08.270020,2026-04-07 11:12:09.256700,0 days 00:00:00.986680,69.51232218429946,0.8229869314096747,0.10005517397853989,Ag,COMPLETE
1866,-1.0,2026-04-07 11:12:08.396739,2026-04-07 11:12:09.215944,0 days 00:00:00.819205,102.19555973309465,0.8355980137290444,0.10033498184569216,Ag,COMPLETE
1867,-28.42679127725339,2026-04-07 11:12:08.928963,2026-04-07 11:12:09.839456,0 days 00:00:00.910493,68.50313598495342,12.504955309866208,0.1638858751979803,Ag,COMPLETE
1868,-1.0,2026-04-07 11:12:08.959002,2026-04-07 11:12:09.600910,0 days 00:00:00.641908,102.24198023242703,8.896557845578936,0.16405358307965018,Ag,COMPLETE
1869,-1.0,2026-04-07 11:12:09.003154,2026-04-07 11:12:10.024221,0 days 00:00:01.021067,78.1156248671193,1.1634715761831074,0.35684450966359416,Ag,COMPLETE
1870,-1.0,2026-04-07 11:12:09.058977,2026-04-07 11:12:09.930460,0 days 00:00:00.871483,68.18661930519865,1.1367163614455793,0.2140808596108057,Ag,COMPLETE
1871,-1.0,2026-04-07 11:12:09.121488,2026-04-07 11:12:09.994330,0 days 00:00:00.872842,78.36579767243732,1.2651589503028906,0.17172771361865727,Ag,COMPLETE
1872,-49.99999999997149,2026-04-07 11:12:09.162812,2026-04-07 11:12:09.995330,0 days 00:00:00.832518,67.11850725479479,1.1834408960798493,0.16953193547188197,Ag,COMPLETE
1873,-48.6111111110841,2026-04-07 11:12:09.422768,2026-04-07 11:12:10.239583,0 days 00:00:00.816815,66.81562917793798,1.2114063538811612,0.21031363034927722,Ag,COMPLETE
1874,-1.0,2026-04-07 11:12:09.516639,2026-04-07 11:12:10.270631,0 days 00:00:00.753992,67.03382385120804,1.178697483855088,1.7223106390838894,Ag,COMPLETE
1875,-44.871794871771925,2026-04-07 11:12:09.865400,2026-04-07 11:12:10.517308,0 days 00:00:00.651908,78.1783180754835,1.166312535340478,0.20019375222251484,Ag,COMPLETE
1876,19.9346405228755,2026-04-07 11:12:10.081680,2026-04-07 11:12:10.785924,0 days 00:00:00.704244,70.39729657187213,14.469283216591965,0.13631347108187897,Cu,COMPLETE
1877,-1.0,2026-04-07 11:12:10.151071,2026-04-07 11:12:11.049243,0 days 00:00:00.898172,70.15393088350417,1.766984350435198,0.13735783216249034,Cu,COMPLETE
1878,-0.6830601092896063,2026-04-07 11:12:10.207932,2026-04-07 11:12:11.203373,0 days 00:00:00.995441,70.59281539650415,18.757310833200684,0.13923781326203824,Cu,COMPLETE
1879,-1.0,2026-04-07 11:12:10.289240,2026-04-07 11:12:11.016308,0 days 00:00:00.727068,71.57183701491371,1.7078115939769278,0.1000063794869139,Cu,COMPLETE
1880,-1.0,2026-04-07 11:12:10.316437,2026-04-07 11:12:11.207969,0 days 00:00:00.891532,70.8163731537195,0.5128656056795223,0.2826620644935567,Cu,COMPLETE
1881,-14.37793427229841,2026-04-07 11:12:10.397121,2026-04-07 11:12:11.446314,0 days 00:00:01.049193,70.88693352857426,0.5068596864422634,0.13496090724571408,Cu,COMPLETE
1882,-1.0,2026-04-07 11:12:10.485654,2026-04-07 11:12:11.235646,0 days 00:00:00.749992,70.28110257180113,0.5006651404264058,0.13605464566334224,Cu,COMPLETE
1883,-1.0,2026-04-07 11:12:10.701772,2026-04-07 11:12:11.575827,0 days 00:00:00.874055,71.05129164629629,1.7693028752001463,0.3018401564175363,Ag,COMPLETE
1884,-1.0,2026-04-07 11:12:11.053239,2026-04-07 11:12:11.954605,0 days 00:00:00.901366,74.7889029394285,2.9917606083643857,0.2948530155492113,Ag,COMPLETE
1885,-1.0,2026-04-07 11:12:11.266503,2026-04-07 11:12:12.156995,0 days 00:00:00.890492,24.740426052055472,0.8512729100282774,0.23649216744658014,Ag,COMPLETE
1886,-1.0,2026-04-07 11:12:11.444811,2026-04-07 11:12:12.269317,0 days 00:00:00.824506,76.1420419415279,3.06755183676049,0.2337748068320938,Ag,COMPLETE
1887,-48.611111111084135,2026-04-07 11:12:11.521079,2026-04-07 11:12:12.231096,0 days 00:00:00.710017,73.97073223058818,0.890553164547152,0.22141150098292442,Ag,COMPLETE
1888,-47.29729729727148,2026-04-07 11:12:11.549734,2026-04-07 11:12:12.159099,0 days 00:00:00.609365,76.03807903178453,0.8775801323553007,0.2330031309409057,Ag,COMPLETE
1889,-1.0,2026-04-07 11:12:11.577399,2026-04-07 11:12:12.400282,0 days 00:00:00.822883,68.57442393774353,0.9567256965425234,0.2425710790857109,Ag,COMPLETE
1890,-1.0,2026-04-07 11:12:11.718774,2026-04-07 11:12:12.605020,0 days 00:00:00.886246,74.81771154756679,0.8506730396525763,0.23557855422756963,Ag,COMPLETE
1891,-51.47058823526383,2026-04-07 11:12:11.796638,2026-04-07 11:12:12.576958,0 days 00:00:00.780320,66.18164626766519,0.8520749942598774,0.22477349394012736,Ag,COMPLETE
1892,-1.0,2026-04-07 11:12:12.219774,2026-04-07 11:12:12.855581,0 days 00:00:00.635807,66.52044988552278,0.8567004325998714,0.1661661376692752,Ag,COMPLETE
1893,-1.0,2026-04-07 11:12:12.417876,2026-04-07 11:12:13.217838,0 days 00:00:00.799962,68.1651403895206,1.4951536167592336,0.10021944613411095,Ag,COMPLETE
1894,-49.76851851849095,2026-04-07 11:12:12.436663,2026-04-07 11:12:13.096268,0 days 00:00:00.659605,68.80918919599011,1.5037613200722428,0.16848834219067937,Ag,COMPLETE
1895,-49.76851851849095,2026-04-07 11:12:12.418382,2026-04-07 11:12:13.277966,0 days 00:00:00.859584,66.54054721586694,1.5056876864504547,0.16144252994215205,Ag,COMPLETE
1896,-1.0,2026-04-07 11:12:12.522119,2026-04-07 11:12:13.591680,0 days 00:00:01.069561,68.6983109448693,1.4984742938037068,0.6522723016935964,Ag,COMPLETE
1897,-1.0,2026-04-07 11:12:12.626563,2026-04-07 11:12:13.243614,0 days 00:00:00.617051,66.36281134244248,7.163179074430842,0.1665831979638075,Ag,COMPLETE
1898,-1.0,2026-04-07 11:12:12.735304,2026-04-07 11:12:13.404424,0 days 00:00:00.669120,66.51222920252441,0.5103752499601341,0.16681934685069955,Ag,COMPLETE
1899,-1.4486754966887176,2026-04-07 11:12:12.925947,2026-04-07 11:12:13.722016,0 days 00:00:00.796069,109.29769622401598,0.5119575747346846,0.1344574419776332,Ag,COMPLETE
1900,-1.0,2026-04-07 11:12:13.122925,2026-04-07 11:12:13.998576,0 days 00:00:00.875651,72.76015806556784,7.267350710013985,0.13652029474292746,Ag,COMPLETE
1901,-31.39269406391841,2026-04-07 11:12:13.353055,2026-04-07 11:12:14.219724,0 days 00:00:00.866669,63.27170295947433,8.088369554414344,0.6374920848929728,Ag,COMPLETE
1902,-1.0,2026-04-07 11:12:13.465206,2026-04-07 11:12:14.452278,0 days 00:00:00.987072,63.33384939742454,0.5067303758962362,0.1338826152202096,Ag,COMPLETE
1903,-1.0,2026-04-07 11:12:13.523509,2026-04-07 11:12:14.301989,0 days 00:00:00.778480,63.653640938843076,0.8573475639447883,0.13906342577398736,Ag,COMPLETE
1904,-49.99999999997149,2026-04-07 11:12:13.590163,2026-04-07 11:12:14.342799,0 days 00:00:00.752636,73.10503109563709,0.8181127687534013,0.13902050516151013,Ag,COMPLETE
1905,-1.0,2026-04-07 11:12:13.657271,2026-04-07 11:12:14.518704,0 days 00:00:00.861433,72.80143371125084,2.183426956894901,0.13670530562552657,Ag,COMPLETE
1906,-1.0,2026-04-07 11:12:13.854934,2026-04-07 11:12:14.803618,0 days 00:00:00.948684,21.80158717719334,0.8489806278430754,0.19322643289823138,Ag,COMPLETE
1907,-1.0,2026-04-07 11:12:13.996008,2026-04-07 11:12:14.685640,0 days 00:00:00.689632,62.60413284553953,0.8592492788162752,1.1203303926891959,Ag,COMPLETE
1908,-1.0,2026-04-07 11:12:14.219724,2026-04-07 11:12:15.158536,0 days 00:00:00.938812,69.61409261915932,2.0067153236771658,0.1004345056524721,Ag,COMPLETE
1909,-1.0,2026-04-07 11:12:14.449893,2026-04-07 11:12:15.202637,0 days 00:00:00.752744,68.88733485094437,1.1862243784280047,0.20252959119538155,Ag,COMPLETE
1910,-1.1134552273792424,2026-04-07 11:12:14.571811,2026-04-07 11:12:15.311709,0 days 00:00:00.739898,21.77603393200601,0.5070372539575873,0.18962344720318014,Ag,COMPLETE
1911,-1.0,2026-04-07 11:12:14.546611,2026-04-07 11:12:15.376649,0 days 00:00:00.830038,69.02475401313181,1.2425450755832197,0.10145601514025743,Ag,COMPLETE
1912,-49.99999999997149,2026-04-07 11:12:14.720613,2026-04-07 11:12:15.434893,0 days 00:00:00.714280,68.92174405714037,1.2903724011577,0.10000090904133797,Ag,COMPLETE
1913,-1.0,2026-04-07 11:12:14.831050,2026-04-07 11:12:15.732390,0 days 00:00:00.901340,69.22795008741738,1.1933177715731904,0.19675399184261574,Ag,COMPLETE
1914,-1.0,2026-04-07 11:12:14.913310,2026-04-07 11:12:15.996697,0 days 00:00:01.083387,68.77460205430205,1.2253297114616026,0.1916781282475254,Ag,COMPLETE
1915,-49.99999999997152,2026-04-07 11:12:15.018633,2026-04-07 11:12:15.893571,0 days 00:00:00.874938,68.45360546150734,1.2524909114149718,0.20187651666348694,Ag,COMPLETE
1916,-48.8095238094959,2026-04-07 11:12:15.437469,2026-04-07 11:12:16.202110,0 days 00:00:00.764641,66.51583244164085,0.8407800915088782,0.19155510107655693,Ag,COMPLETE
1917,-1.0,2026-04-07 11:12:15.542438,2026-04-07 11:12:16.436065,0 days 00:00:00.893627,66.31452428254134,1.1890019368766551,0.18808286857781853,Ag,COMPLETE
1918,-1.0,2026-04-07 11:12:15.579876,2026-04-07 11:12:16.391088,0 days 00:00:00.811212,65.56566973729494,0.5149239178657078,0.1947290074157535,Ag,COMPLETE
1919,-50.245098039186,2026-04-07 11:12:15.645790,2026-04-07 11:12:16.670321,0 days 00:00:01.024531,65.8918731516925,0.5027159115002782,0.16241742406371745,Ag,COMPLETE
1920,-1.0,2026-04-07 11:12:15.703907,2026-04-07 11:12:16.391088,0 days 00:00:00.687181,98.41240927350611,0.8390162132417874,0.1637218993890408,Ag,COMPLETE
1921,-51.4705882352638,2026-04-07 11:12:16.056351,2026-04-07 11:12:16.746318,0 days 00:00:00.689967,72.1181409824087,0.8891034243421057,0.1336003162082218,Ag,COMPLETE
1922,-1.0,2026-04-07 11:12:16.200105,2026-04-07 11:12:16.840818,0 days 00:00:00.640713,64.65517439155012,14.039628596910022,0.1008467553151338,Ag,COMPLETE
1923,-1.0,2026-04-07 11:12:16.282544,2026-04-07 11:12:17.029585,0 days 00:00:00.747041,71.93411775288135,0.5081358754891115,0.1325099363676096,Ag,COMPLETE
1924,-1.0,2026-04-07 11:12:16.421504,2026-04-07 11:12:17.323177,0 days 00:00:00.901673,72.17127238256894,17.98482496933329,0.13806243824744296,Ag,COMPLETE
1925,-1.0,2026-04-07 11:12:16.552460,2026-04-07 11:12:17.467116,0 days 00:00:00.914656,27.439235039458545,1.789886571164431,0.13304756016803512,Ag,COMPLETE
1926,-1.0,2026-04-07 11:12:16.577682,2026-04-07 11:12:17.465612,0 days 00:00:00.887930,71.1327532688628,1.6132879879288127,0.13236851013426051,Ag,COMPLETE
1927,-1.0,2026-04-07 11:12:16.618425,2026-04-07 11:12:17.482220,0 days 00:00:00.863795,71.52190180485395,1.6712023175062274,0.1328276931150793,Ag,COMPLETE
1928,-1.0,2026-04-07 11:12:16.949526,2026-04-07 11:12:17.620404,0 days 00:00:00.670878,71.09761149346932,1.7125496016528095,0.10116003188802199,Au,COMPLETE
1929,-0.5868544600938801,2026-04-07 11:12:17.034710,2026-04-07 11:12:17.869190,0 days 00:00:00.834480,26.090385549390646,0.8966792336111568,1.4244404407529543,Au,COMPLETE
1930,-1.0,2026-04-07 11:12:17.103842,2026-04-07 11:12:17.738228,0 days 00:00:00.634386,71.24822649743726,13.571690814044636,1.3930040983181713,Au,COMPLETE
1931,-1.0,2026-04-07 11:12:17.261660,2026-04-07 11:12:18.155056,0 days 00:00:00.893396,63.66398110988892,0.8256349355134945,0.3243371019985876,Ag,COMPLETE
1932,-51.47058823526388,2026-04-07 11:12:17.528806,2026-04-07 11:12:18.418673,0 days 00:00:00.889867,67.49401964358117,0.8919954189124015,0.2649836354742453,Ag,COMPLETE
1933,-20.576131687237737,2026-04-07 11:12:17.739643,2026-04-07 11:12:18.728674,0 days 00:00:00.989031,38.21361312793365,0.8478431293564044,0.27232930584849807,Ag,COMPLETE
1934,-1.0,2026-04-07 11:12:17.681176,2026-04-07 11:12:18.699644,0 days 00:00:01.018468,38.22972639506361,0.8740761978062916,0.10027962409930674,Ag,COMPLETE
1935,-1.0,2026-04-07 11:12:17.824910,2026-04-07 11:12:18.776644,0 days 00:00:00.951734,67.09344507496448,0.8553352693629048,0.26809276847203706,Ag,COMPLETE
1936,-53.03030303027082,2026-04-07 11:12:17.952229,2026-04-07 11:12:19.154013,0 days 00:00:01.201784,67.3617280409536,0.5066640775112843,0.2578969887607899,Ag,COMPLETE
1937,-47.297297297271456,2026-04-07 11:12:18.034531,2026-04-07 11:12:18.946128,0 days 00:00:00.911597,73.9543908401404,1.1415752462117439,0.2705974384513735,Ag,COMPLETE
1938,-1.0,2026-04-07 11:12:18.092798,2026-04-07 11:12:19.008569,0 days 00:00:00.915771,67.23865885676587,0.5062925296780015,0.2688429572021748,Ag,COMPLETE
1939,-1.0,2026-04-07 11:12:18.419674,2026-04-07 11:12:19.466282,0 days 00:00:01.046608,74.50407681284445,1.3318714462252768,0.16789956936783038,Ag,COMPLETE
1940,-1.0,2026-04-07 11:12:18.729679,2026-04-07 11:12:19.692278,0 days 00:00:00.962599,64.26702348657578,1.4626449367276977,0.1624648923661478,Ag,COMPLETE
1941,-1.0,2026-04-07 11:12:18.952874,2026-04-07 11:12:19.837770,0 days 00:00:00.884896,69.69496139809527,1.4561024581545938,0.34892842643839417,Ag,COMPLETE
1942,-1.0,2026-04-07 11:12:19.009585,2026-04-07 11:12:20.104123,0 days 00:00:01.094538,69.77805351514854,0.5062988106558207,0.3321831683199628,Ag,COMPLETE
1943,-1.0,2026-04-07 11:12:19.240945,2026-04-07 11:12:19.996108,0 days 00:00:00.755163,69.25593229617283,11.613030567115535,0.312930412285698,Ag,COMPLETE
1944,-1.0,2026-04-07 11:12:19.288983,2026-04-07 11:12:20.058415,0 days 00:00:00.769432,68.97037874844027,1.4181749601765394,0.34264906485934565,Ag,COMPLETE
1945,-1.0,2026-04-07 11:12:19.322765,2026-04-07 11:12:20.147084,0 days 00:00:00.824319,69.71051436450712,0.5016168068476783,0.303911256316004,Ag,COMPLETE
1946,-1.0,2026-04-07 11:12:19.502112,2026-04-07 11:12:20.233450,0 days 00:00:00.731338,69.77981379891888,2.083970293835681,0.2942879043087103,Ag,COMPLETE
1947,-49.76851851849078,2026-04-07 11:12:19.763805,2026-04-07 11:12:20.332753,0 days 00:00:00.568948,69.91943288739479,1.1310942288322399,0.4014868895207587,Ag,COMPLETE
1948,-9.114583333332384,2026-04-07 11:12:19.888763,2026-04-07 11:12:20.648977,0 days 00:00:00.760214,92.69934250875622,0.5084767964781439,0.3501110585952034,Ag,COMPLETE
1949,-42.658730158709915,2026-04-07 11:12:20.108640,2026-04-07 11:12:20.675356,0 days 00:00:00.566716,73.57889848004939,1.0379009366637422,0.8233849834341487,Ag,COMPLETE
1950,-1.0,2026-04-07 11:12:20.193949,2026-04-07 11:12:20.870929,0 days 00:00:00.676980,51.430210761350374,0.5005762675035512,0.41502287206053745,Ag,COMPLETE
1951,-1.0,2026-04-07 11:12:20.261105,2026-04-07 11:12:20.992365,0 days 00:00:00.731260,49.08557308947525,4.096003077051956,0.3003528914489959,Ag,COMPLETE
1952,-49.76851851849059,2026-04-07 11:12:20.278817,2026-04-07 11:12:20.993831,0 days 00:00:00.715014,72.55631876441619,1.1408726655212589,0.3001002764380262,Ag,COMPLETE
1953,-47.453703703677256,2026-04-07 11:12:20.368530,2026-04-07 11:12:21.226582,0 days 00:00:00.858052,76.23024468773441,0.5001705592372108,0.30562636322169334,Ag,COMPLETE
1954,-1.0,2026-04-07 11:12:20.484510,2026-04-07 11:12:21.343231,0 days 00:00:00.858721,76.49247633598027,0.8659433231735196,0.2812605192612751,Ag,COMPLETE
1955,-22.619047619045077,2026-04-07 11:12:20.570973,2026-04-07 11:12:21.223803,0 days 00:00:00.652830,49.20304225909015,15.556436101661015,0.31816705730245204,Ag,COMPLETE
1956,-1.0,2026-04-07 11:12:20.899764,2026-04-07 11:12:21.960827,0 days 00:00:01.061063,75.73732143857234,0.8404498303842363,0.26163693734337895,Ag,COMPLETE
1957,-1.0,2026-04-07 11:12:21.023932,2026-04-07 11:12:21.790088,0 days 00:00:00.766156,67.7265581667571,0.8425878261179967,0.25426468317851675,Ag,COMPLETE
1958,-51.76767676764536,2026-04-07 11:12:21.133343,2026-04-07 11:12:22.008212,0 days 00:00:00.874869,67.61375843435121,0.5032683221278718,0.10009766732072946,Ag,COMPLETE
1959,-1.0,2026-04-07 11:12:21.257134,2026-04-07 11:12:22.009214,0 days 00:00:00.752080,67.55456540558556,0.8875236435849372,0.22145728408292736,Ag,COMPLETE
1960,-1.0,2026-04-07 11:12:21.368835,2026-04-07 11:12:22.198320,0 days 00:00:00.829485,67.66662724026297,0.5083373684578113,0.10013955774909679,Ag,COMPLETE
1961,-49.99999999997136,2026-04-07 11:12:21.451005,2026-04-07 11:12:22.202490,0 days 00:00:00.751485,67.56239609929492,0.886082721109744,0.231271673523874,Ag,COMPLETE
1962,-1.0,2026-04-07 11:12:21.517077,2026-04-07 11:12:22.226155,0 days 00:00:00.709078,66.5356095222648,0.8700915217132326,0.21522581248258243,Ag,COMPLETE
1963,-1.0,2026-04-07 11:12:21.584740,2026-04-07 11:12:22.365411,0 days 00:00:00.780671,67.63005467573296,0.8492545534095075,0.22810833612798526,Ag,COMPLETE
1964,-1.0,2026-04-07 11:12:22.166189,2026-04-07 11:12:23.101319,0 days 00:00:00.935130,81.26307930521011,1.9640722103305297,0.13526200873837815,Ag,COMPLETE
1965,-1.0,2026-04-07 11:12:22.290607,2026-04-07 11:12:23.100316,0 days 00:00:00.809709,72.0152987215491,1.3545541312077747,0.13789674719901732,Au,COMPLETE
1966,-1.0,2026-04-07 11:12:22.324994,2026-04-07 11:12:23.114507,0 days 00:00:00.789513,71.63855115610049,1.4193877286642995,0.9709710778387459,Au,COMPLETE
1967,-1.0,2026-04-07 11:12:22.385426,2026-04-07 11:12:22.961751,0 days 00:00:00.576325,72.01817790360262,2.064529086247825,0.1011267908662604,Au,COMPLETE
1968,-18.995098039212934,2026-04-07 11:12:22.419099,2026-04-07 11:12:23.067387,0 days 00:00:00.648288,71.51282438807709,1.4527808941349127,0.13301993881685392,Au,COMPLETE
1969,-1.0,2026-04-07 11:12:22.444444,2026-04-07 11:12:23.112878,0 days 00:00:00.668434,72.45631367790607,1.3647151628115344,0.9639278645830559,Au,COMPLETE
1970,-17.47311827956761,2026-04-07 11:12:22.516208,2026-04-07 11:12:23.224590,0 days 00:00:00.708382,80.41613082913359,1.9968584907743823,0.13295597341386164,Au,COMPLETE
1971,-48.245614035062324,2026-04-07 11:12:22.703729,2026-04-07 11:12:23.570427,0 days 00:00:00.866698,72.29473961323568,2.0917963104666875,0.136933690756462,Ag,COMPLETE
1972,-49.99999999997149,2026-04-07 11:12:23.194614,2026-04-07 11:12:24.056941,0 days 00:00:00.862327,70.22479320121886,1.1602386145289343,0.1735539507349927,Ag,COMPLETE
1973,-48.8095238094959,2026-04-07 11:12:23.276030,2026-04-07 11:12:24.148051,0 days 00:00:00.872021,74.31181702575986,0.507263447775669,0.16491938199263323,Ag,COMPLETE
1974,-53.03030303027095,2026-04-07 11:12:23.287285,2026-04-07 11:12:24.178209,0 days 00:00:00.890924,70.05161214485209,0.5070171099617988,0.1001916164408463,Ag,COMPLETE
1975,-48.61111111108375,2026-04-07 11:12:23.318899,2026-04-07 11:12:24.286161,0 days 00:00:00.967262,69.78044167132862,1.0973857239263578,0.3689300826627231,Ag,COMPLETE
1976,-1.1720581340834175,2026-04-07 11:12:23.408376,2026-04-07 11:12:24.148051,0 days 00:00:00.739675,23.928944359389465,0.5074164986926185,0.1722583746200389,Ag,COMPLETE
1977,-1.0,2026-04-07 11:12:23.474859,2026-04-07 11:12:24.260351,0 days 00:00:00.785492,65.49350288036355,0.8578788582255339,0.17268068721561514,Ag,COMPLETE
1978,-49.99999999997149,2026-04-07 11:12:23.508861,2026-04-07 11:12:24.492045,0 days 00:00:00.983184,69.87674631470429,1.12648973081829,0.1807502395373714,Ag,COMPLETE
1979,-51.47058823526383,2026-04-07 11:12:23.950401,2026-04-07 11:12:24.817342,0 days 00:00:00.866941,65.26400026046943,0.5078670013685264,0.36825778141341764,Ag,COMPLETE
1980,-1.0,2026-04-07 11:12:24.350847,2026-04-07 11:12:25.304824,0 days 00:00:00.953977,75.17543807602384,1.1889156211020568,0.128704374575975,Ag,COMPLETE
1981,-48.6111111110841,2026-04-07 11:12:24.416061,2026-04-07 11:12:25.196537,0 days 00:00:00.780476,74.34427489401315,1.1226448943240679,0.10242706481790492,Ag,COMPLETE
1982,-1.0,2026-04-07 11:12:24.493031,2026-04-07 11:12:25.336151,0 days 00:00:00.843120,75.432050187617,1.1156600768833882,0.12934065879406695,Ag,COMPLETE
1983,-48.6111111110841,2026-04-07 11:12:24.553191,2026-04-07 11:12:25.270084,0 days 00:00:00.716893,73.94926773172477,1.1283941745626431,0.12761682151534348,Ag,COMPLETE
1984,-1.0,2026-04-07 11:12:24.595221,2026-04-07 11:12:25.461325,0 days 00:00:00.866104,74.49025361361339,16.888151321191163,0.10045213636865383,Ag,COMPLETE
1985,-1.0,2026-04-07 11:12:24.668029,2026-04-07 11:12:25.336151,0 days 00:00:00.668122,70.90718188887517,1.1427096660864546,0.12687264635368256,Ag,COMPLETE
1986,-1.0,2026-04-07 11:12:24.716294,2026-04-07 11:12:25.539518,0 days 00:00:00.823224,74.78705903763345,1.1501307570457817,0.10163668253908628,Ag,COMPLETE
1987,-0.9293680297397632,2026-04-07 11:12:25.069169,2026-04-07 11:12:26.007788,0 days 00:00:00.938619,73.82291624612623,17.31760479146007,0.13007599238128553,Ag,COMPLETE
1988,-1.0,2026-04-07 11:12:25.476111,2026-04-07 11:12:26.392406,0 days 00:00:00.916295,34.41658165841413,1.6788185723274132,0.10116597529345439,Ag,COMPLETE
1989,-25.938189845471253,2026-04-07 11:12:25.491249,2026-04-07 11:12:26.565950,0 days 00:00:01.074701,73.01127835053029,14.797825230832185,0.13092882313569115,Ag,COMPLETE
1990,-1.0,2026-04-07 11:12:25.586002,2026-04-07 11:12:26.520032,0 days 00:00:00.934030,72.72269538526018,1.607388953933591,0.13047445786015402,Ag,COMPLETE
1991,-1.0,2026-04-07 11:12:25.600697,2026-04-07 11:12:26.367999,0 days 00:00:00.767302,95.98443490156671,1.6999593916790425,0.1275361277512202,Ag,COMPLETE
1992,-47.297297297271975,2026-04-07 11:12:25.671779,2026-04-07 11:12:26.365854,0 days 00:00:00.694075,72.66997883888361,1.5584561504555547,0.1352773640575843,Ag,COMPLETE
1993,-1.0,2026-04-07 11:12:25.709482,2026-04-07 11:12:26.363634,0 days 00:00:00.654152,72.43752199315375,1.5772223369820129,0.13691383904301058,Ag,COMPLETE
1994,-1.0,2026-04-07 11:12:25.889983,2026-04-07 11:12:26.879853,0 days 00:00:00.989870,34.39166807086306,1.5243205486446016,0.10293992631800263,Ag,COMPLETE
1995,-50.24509803918621,2026-04-07 11:12:26.395992,2026-04-07 11:12:27.258234,0 days 00:00:00.862242,70.31882376287012,0.8350649923834956,0.10268476683169168,Ag,COMPLETE
1996,-50.24509803918621,2026-04-07 11:12:26.601055,2026-04-07 11:12:27.438024,0 days 00:00:00.836969,69.6954246530786,0.8504663522371116,0.10158310788273939,Ag,COMPLETE
1997,-1.0,2026-04-07 11:12:26.645508,2026-04-07 11:12:27.441057,0 days 00:00:00.795549,70.15114866349441,9.9939170477626,0.16098119054014437,Ag,COMPLETE
1998,-1.0,2026-04-07 11:12:26.681252,2026-04-07 11:12:27.499021,0 days 00:00:00.817769,70.59995006067412,0.8168304653488024,1.3301351492727695,Ag,COMPLETE
1999,-32.85256410255161,2026-04-07 11:12:26.705902,2026-04-07 11:12:27.440051,0 days 00:00:00.734149,46.39664847506232,0.8373957762979034,0.10137832164015809,Ag,COMPLETE
2000,-1.0,2026-04-07 11:12:26.775208,2026-04-07 11:12:27.442059,0 days 00:00:00.666851,69.54332616700604,0.5136175339366277,0.10015326058931384,Ag,COMPLETE
2001,-1.0,2026-04-07 11:12:26.813341,2026-04-07 11:12:27.746941,0 days 00:00:00.933600,70.19740333278797,0.5093515283955171,0.10106980874418613,Ag,COMPLETE
2002,-1.0,2026-04-07 11:12:27.087303,2026-04-07 11:12:27.701455,0 days 00:00:00.614152,70.04820997235386,0.5001969796549212,0.10222639195565689,Ag,COMPLETE
2003,-51.4705882352638,2026-04-07 11:12:27.515569,2026-04-07 11:12:28.485094,0 days 00:00:00.969525,68.2527574771709,0.8416894637435446,0.15663458319389215,Ag,COMPLETE
2004,-51.76767676764536,2026-04-07 11:12:27.657251,2026-04-07 11:12:28.525757,0 days 00:00:00.868506,68.23214976778445,0.5051941147953746,0.16095847217987294,Ag,COMPLETE
2005,-1.0,2026-04-07 11:12:27.673165,2026-04-07 11:12:28.341564,0 days 00:00:00.668399,67.75918232873663,5.33873192878111,0.15921204396038435,Ag,COMPLETE
2006,-1.0,2026-04-07 11:12:27.625316,2026-04-07 11:12:28.485094,0 days 00:00:00.859778,67.89706053647706,0.8619749189965411,0.7799732755760154,Ag,COMPLETE
2007,-10.822510822509418,2026-04-07 11:12:27.778555,2026-04-07 11:12:28.603342,0 days 00:00:00.824787,30.211554852319598,0.8817111426917831,1.5262648875794913,Ag,COMPLETE
2008,-10.101010101008882,2026-04-07 11:12:27.795636,2026-04-07 11:12:28.498790,0 days 00:00:00.703154,28.804253182787967,0.886012047066868,1.1848623226972956,Ag,COMPLETE
2009,-1.0,2026-04-07 11:12:27.909981,2026-04-07 11:12:28.984898,0 days 00:00:01.074917,66.18090719169894,0.8422947741031996,0.16374922260908012,Ag,COMPLETE
2010,-1.0,2026-04-07 11:12:28.131070,2026-04-07 11:12:28.859519,0 days 00:00:00.728449,67.31758556878805,0.8904514165174238,0.16016756539947732,Ag,COMPLETE
2011,-1.0,2026-04-07 11:12:28.635131,2026-04-07 11:12:29.457769,0 days 00:00:00.822638,65.74660753395716,1.2371912887326681,0.158852394417401,Ag,COMPLETE
2012,-1.0,2026-04-07 11:12:28.724279,2026-04-07 11:12:29.678381,0 days 00:00:00.954102,77.92042579520427,1.2976465266185233,0.5551929981405404,Ag,COMPLETE
2013,-1.0,2026-04-07 11:12:28.775716,2026-04-07 11:12:29.705902,0 days 00:00:00.930186,77.79754052429216,12.225570328009136,0.8547052628938456,Ag,COMPLETE
2014,-1.0,2026-04-07 11:12:28.808514,2026-04-07 11:12:29.801308,0 days 00:00:00.992794,77.80896720676992,0.5032770143921358,0.16020335638307312,Ag,COMPLETE
2015,-1.0,2026-04-07 11:12:28.862938,2026-04-07 11:12:29.707389,0 days 00:00:00.844451,76.82748597772031,1.299704070892452,0.15902527228109695,Ag,COMPLETE
2016,-1.0,2026-04-07 11:12:28.904512,2026-04-07 11:12:29.801308,0 days 00:00:00.896796,76.80833390395172,1.2893024316446078,1.9477354279007704,Ag,COMPLETE
2017,-45.94017094014722,2026-04-07 11:12:29.109511,2026-04-07 11:12:29.886384,0 days 00:00:00.776873,77.22130633139199,1.3244622508905959,0.16181410145956562,Ag,COMPLETE
2018,-50.245098039186,2026-04-07 11:12:29.227788,2026-04-07 11:12:30.069414,0 days 00:00:00.841626,65.15032780474745,0.5120226472354238,0.1550978329520813,Ag,COMPLETE
2019,-53.03030303027095,2026-04-07 11:12:29.642326,2026-04-07 11:12:30.270303,0 days 00:00:00.627977,71.69872332764453,0.51269436050499,0.1000523128478228,Ag,COMPLETE
2020,-1.0,2026-04-07 11:12:29.913599,2026-04-07 11:12:30.826226,0 days 00:00:00.912627,71.28163717309529,0.8275561762909077,0.1963995871636367,Ag,COMPLETE
2021,-1.1150234741783682,2026-04-07 11:12:29.944690,2026-04-07 11:12:30.698047,0 days 00:00:00.753357,20.586129038502083,0.5008974454109719,1.5906486149712233,Ag,COMPLETE
2022,-1.0,2026-04-07 11:12:29.960187,2026-04-07 11:12:30.756488,0 days 00:00:00.796301,71.49787187163402,12.770454640789954,0.1959357458907765,Ag,COMPLETE
2023,-51.47058823526383,2026-04-07 11:12:30.007188,2026-04-07 11:12:30.829995,0 days 00:00:00.822807,71.44692472696386,0.828552204604461,0.10232522458381478,Ag,COMPLETE
2024,-51.4705882352638,2026-04-07 11:12:30.037565,2026-04-07 11:12:30.804283,0 days 00:00:00.766718,71.47973680643167,0.835192145299102,0.13183203461087312,Ag,COMPLETE
2025,-1.0,2026-04-07 11:12:30.107392,2026-04-07 11:12:30.831003,0 days 00:00:00.723611,72.03626483785446,12.993370823088831,0.12296146270726305,Ag,COMPLETE
2026,-1.0,2026-04-07 11:12:30.203428,2026-04-07 11:12:30.976451,0 days 00:00:00.773023,72.74788033618903,0.8448614258723217,1.5832025054600902,Ag,COMPLETE
2027,-1.0,2026-04-07 11:12:30.565212,2026-04-07 11:12:31.424591,0 days 00:00:00.859379,73.19547975202713,0.816276886279848,0.12990868686586507,Ag,COMPLETE
2028,-1.0,2026-04-07 11:12:30.916024,2026-04-07 11:12:32.043965,0 days 00:00:01.127941,63.43057153055532,0.500803176764208,0.10082845970900484,Cu,COMPLETE
2029,-1.0,2026-04-07 11:12:30.979995,2026-04-07 11:12:31.811117,0 days 00:00:00.831122,63.90584023108023,0.5139346778337006,1.2623773625917138,Cu,COMPLETE
2030,-1.0,2026-04-07 11:12:31.026193,2026-04-07 11:12:31.924141,0 days 00:00:00.897948,68.53216150202405,6.6205627780161596,0.10361672481192699,Ag,COMPLETE
2031,-49.76851851849098,2026-04-07 11:12:31.037627,2026-04-07 11:12:31.926960,0 days 00:00:00.889333,63.94090928595777,1.7108566507369913,0.14226284660592614,Ag,COMPLETE
2032,-1.0,2026-04-07 11:12:31.104102,2026-04-07 11:12:31.919807,0 days 00:00:00.815705,63.98181552998926,1.8007996064647962,0.13137290986510636,Cu,COMPLETE
2033,-5.5460750853238245,2026-04-07 11:12:31.154535,2026-04-07 11:12:32.012857,0 days 00:00:00.858322,25.170308014076635,0.5002874691317587,0.1279190567069038,Cu,COMPLETE
2034,-1.0,2026-04-07 11:12:31.247207,2026-04-07 11:12:31.997556,0 days 00:00:00.750349,63.82083895935597,0.5077335613234947,0.12724530990894184,Cu,COMPLETE
2035,-1.0,2026-04-07 11:12:31.787228,2026-04-07 11:12:32.559201,0 days 00:00:00.771973,68.0968378841598,15.316361668863584,0.13434622745386332,Ag,COMPLETE
2036,-1.0,2026-04-07 11:12:31.955077,2026-04-07 11:12:33.119021,0 days 00:00:01.163944,66.1705152878725,1.2996193518503272,0.10149763492563248,Ag,COMPLETE
2037,-1.0,2026-04-07 11:12:32.136468,2026-04-07 11:12:33.028348,0 days 00:00:00.891880,66.36487526122157,1.2310531305198729,0.10037448974705902,Ag,COMPLETE
2038,-51.470588235264046,2026-04-07 11:12:32.168016,2026-04-07 11:12:33.057763,0 days 00:00:00.889747,68.66069227003003,1.1632138252536355,0.1021761320211136,Ag,COMPLETE
2039,-1.0,2026-04-07 11:12:32.201918,2026-04-07 11:12:33.167515,0 days 00:00:00.965597,66.96099438339252,1.1792064352650666,0.1317022112398333,Ag,COMPLETE
2040,-1.0,2026-04-07 11:12:32.247857,2026-04-07 11:12:33.021424,0 days 00:00:00.773567,69.00325633890785,15.281753150120252,0.10029273324345392,Ag,COMPLETE
2041,-51.470588235264046,2026-04-07 11:12:32.288666,2026-04-07 11:12:33.089684,0 days 00:00:00.801018,66.27133284175943,1.1833983144278593,0.10175432352734746,Ag,COMPLETE
2042,-1.0,2026-04-07 11:12:32.369022,2026-04-07 11:12:33.201759,0 days 00:00:00.832737,66.48983349059948,18.309060208259574,0.13485135858166555,Ag,COMPLETE
2043,-1.0,2026-04-07 11:12:32.895935,2026-04-07 11:12:33.659063,0 days 00:00:00.763128,65.98771978851656,1.2069729334641688,0.13012314817010082,Ag,COMPLETE
2044,-1.0,2026-04-07 11:12:33.251375,2026-04-07 11:12:34.012055,0 days 00:00:00.760680,73.28779981530907,0.503637029101594,0.1614691517129556,Au,COMPLETE
2045,-19.2307692307662,2026-04-07 11:12:33.262214,2026-04-07 11:12:34.117278,0 days 00:00:00.855064,74.94941983890972,0.8620475684705452,0.13346868180884958,Au,COMPLETE
2046,-1.0,2026-04-07 11:12:33.294687,2026-04-07 11:12:34.103252,0 days 00:00:00.808565,74.57967148438772,0.9012903251761946,0.13425024560540244,Ag,COMPLETE
2047,-1.0,2026-04-07 11:12:33.342993,2026-04-07 11:12:34.040726,0 days 00:00:00.697733,74.17957854060151,0.8659072164438015,0.13785288222959252,Au,COMPLETE
2048,-19.2307692307662,2026-04-07 11:12:33.356159,2026-04-07 11:12:34.077527,0 days 00:00:00.721368,74.21857120188574,0.8569741355732773,0.1373171838015173,Au,COMPLETE
2049,-1.0,2026-04-07 11:12:33.404998,2026-04-07 11:12:34.086458,0 days 00:00:00.681460,74.60815543970092,1.629122979185651,0.15759612819463242,Au,COMPLETE
2050,23.974867724867345,2026-04-07 11:12:33.533835,2026-04-07 11:12:34.242864,0 days 00:00:00.709029,73.56147534928942,10.991159586537616,0.15198491154081573,Au,COMPLETE
2051,-1.0,2026-04-07 11:12:33.933267,2026-04-07 11:12:34.509467,0 days 00:00:00.576200,84.84958592755028,0.5057113029587694,0.10129159257465946,Au,COMPLETE
2052,-1.0,2026-04-07 11:12:34.158828,2026-04-07 11:12:34.750389,0 days 00:00:00.591561,70.44873236582679,2.053602284435617,0.10052268129629909,Ag,COMPLETE
2053,20.428015564202017,2026-04-07 11:12:34.186818,2026-04-07 11:12:34.725810,0 days 00:00:00.538992,70.16940025612311,19.41988293563598,0.10316753456850994,Ag,COMPLETE
2054,-1.0,2026-04-07 11:12:34.214217,2026-04-07 11:12:34.792357,0 days 00:00:00.578140,70.37341466033081,1.8752983902429996,0.10282845869183194,Ag,COMPLETE
2055,-1.0,2026-04-07 11:12:34.230835,2026-04-07 11:12:34.860104,0 days 00:00:00.629269,69.89031412653576,2.220300170760675,0.10308041360508961,Ag,COMPLETE
2056,-40.7608695651996,2026-04-07 11:12:34.254342,2026-04-07 11:12:34.749389,0 days 00:00:00.495047,69.73026592122062,2.1041808850007824,1.0717017853461503,Ag,COMPLETE
2057,-1.0,2026-04-07 11:12:34.306245,2026-04-07 11:12:34.825083,0 days 00:00:00.518838,69.90193556801152,1.5689800033378976,1.860560808840757,Ag,COMPLETE
2058,-51.76767676764536,2026-04-07 11:12:34.389406,2026-04-07 11:12:34.995281,0 days 00:00:00.605875,70.01909521483913,0.5007850337673361,0.10302924152053193,Ag,COMPLETE
2059,-1.0,2026-04-07 11:12:34.688287,2026-04-07 11:12:35.242749,0 days 00:00:00.554462,69.42990028537899,1.560193456932911,0.10052808477834163,Ag,COMPLETE
2060,-0.8741258741258496,2026-04-07 11:12:34.856419,2026-04-07 11:12:35.518448,0 days 00:00:00.662029,23.445671349409885,1.115671016906585,0.18137808806251307,Ag,COMPLETE
2061,-53.03030303027077,2026-04-07 11:12:34.918452,2026-04-07 11:12:35.373034,0 days 00:00:00.454582,68.2444199312228,0.500786308181008,0.1855529979783005,Ag,COMPLETE
2062,-49.99999999997149,2026-04-07 11:12:34.948466,2026-04-07 11:12:35.451603,0 days 00:00:00.503137,67.7268939123373,1.1351161482459182,0.17655431125011806,Ag,COMPLETE
2063,-1.0,2026-04-07 11:12:34.982859,2026-04-07 11:12:35.554063,0 days 00:00:00.571204,67.99747721210586,1.1815355080755299,0.178269246094107,Ag,COMPLETE
2064,-1.0,2026-04-07 11:12:35.028356,2026-04-07 11:12:35.709653,0 days 00:00:00.681297,68.05647739084161,1.152264820129606,0.1856451058453413,Ag,COMPLETE
2065,-1.0,2026-04-07 11:12:35.074158,2026-04-07 11:12:35.677718,0 days 00:00:00.603560,67.86812148302297,1.076840751812317,0.18359713019395846,Ag,COMPLETE
2066,-1.0,2026-04-07 11:12:35.139416,2026-04-07 11:12:35.809230,0 days 00:00:00.669814,68.179376497065,1.1090743664014289,0.17670061059219377,Ag,COMPLETE
2067,-1.0,2026-04-07 11:12:35.419326,2026-04-07 11:12:36.062463,0 days 00:00:00.643137,65.54816415464944,0.8768064991371308,0.7191082959567185,Ag,COMPLETE
2068,-1.0,2026-04-07 11:12:35.572760,2026-04-07 11:12:36.166163,0 days 00:00:00.593403,65.10438946757792,0.860879159070623,0.15660158984359557,Ag,COMPLETE
2069,-27.60416666666318,2026-04-07 11:12:35.646118,2026-04-07 11:12:36.227724,0 days 00:00:00.581606,65.05106380659099,15.8979886681531,0.10017841394321542,Ag,COMPLETE
2070,-1.0,2026-04-07 11:12:35.712256,2026-04-07 11:12:36.227724,0 days 00:00:00.515468,65.00590304268208,0.8300223098181796,0.14093346686431396,Ag,COMPLETE
2071,-51.4705882352638,2026-04-07 11:12:35.773066,2026-04-07 11:12:36.256424,0 days 00:00:00.483358,64.78651472487769,0.8549949806925361,0.1449873652178141,Ag,COMPLETE
2072,-1.0,2026-04-07 11:12:35.889320,2026-04-07 11:12:36.573823,0 days 00:00:00.684503,112.86098143342491,0.5042740407175031,0.14165066939804422,Ag,COMPLETE
2073,-1.0,2026-04-07 11:12:35.918582,2026-04-07 11:12:36.460891,0 days 00:00:00.542309,65.53967616068383,0.8423391016250429,0.10085734271058577,Ag,COMPLETE
2074,-1.0,2026-04-07 11:12:35.996721,2026-04-07 11:12:36.444146,0 days 00:00:00.447425,71.98473588975193,0.8527536395030169,0.1408341801052188,Ag,COMPLETE
2075,-48.61111111108375,2026-04-07 11:12:36.180252,2026-04-07 11:12:36.654336,0 days 00:00:00.474084,71.34971669661033,1.4211743636039649,0.1009351930878935,Ag,COMPLETE
2076,-1.0,2026-04-07 11:12:36.317020,2026-04-07 11:12:36.747808,0 days 00:00:00.430788,72.146305679136,1.5757992104035654,0.13744170848790502,Ag,COMPLETE
2077,-49.76851851849095,2026-04-07 11:12:36.405576,2026-04-07 11:12:37.004929,0 days 00:00:00.599353,71.43892581780649,1.5089035197992673,0.15721684121744103,Ag,COMPLETE
2078,-1.0,2026-04-07 11:12:36.414829,2026-04-07 11:12:36.964156,0 days 00:00:00.549327,61.29116081466957,1.5655313202527705,0.15994701757324312,Ag,COMPLETE
2079,-50.245098039186,2026-04-07 11:12:36.446799,2026-04-07 11:12:36.965707,0 days 00:00:00.518908,71.8446856005351,0.5057137593921073,0.1369210886260646,Ag,COMPLETE
2080,-50.245098039186,2026-04-07 11:12:36.541614,2026-04-07 11:12:37.133515,0 days 00:00:00.591901,61.784390357669075,0.5055085990962095,0.15866688494772105,Ag,COMPLETE
2081,-32.53424657533354,2026-04-07 11:12:36.570595,2026-04-07 11:12:37.241394,0 days 00:00:00.670799,62.5157732866342,9.299727857800894,0.15633774074059079,Ag,COMPLETE
2082,-1.0,2026-04-07 11:12:36.759606,2026-04-07 11:12:37.478312,0 days 00:00:00.718706,61.87380797563875,17.648382255918058,1.795382927897099,Ag,COMPLETE
2083,-44.79166666664435,2026-04-07 11:12:36.875180,2026-04-07 11:12:37.479673,0 days 00:00:00.604493,79.73748304252403,1.4651902053990697,0.1001352305678926,Ag,COMPLETE
2084,-13.661202185790096,2026-04-07 11:12:36.911686,2026-04-07 11:12:37.585988,0 days 00:00:00.674302,32.09904811128758,1.128144882428515,0.20459210909864636,Ag,COMPLETE
2085,-1.0,2026-04-07 11:12:37.136033,2026-04-07 11:12:37.720786,0 days 00:00:00.584753,41.741090790153216,2.5576123129555453,0.20899074583970434,Ag,COMPLETE
2086,-51.76767676764536,2026-04-07 11:12:37.179850,2026-04-07 11:12:37.778647,0 days 00:00:00.598797,68.43065461595063,0.5044503857467593,0.10079882910060442,Ag,COMPLETE
2087,-1.0,2026-04-07 11:12:37.196475,2026-04-07 11:12:37.737695,0 days 00:00:00.541220,68.44577630826537,1.1376004180064943,0.20323798392284131,Ag,COMPLETE
2088,-1.0,2026-04-07 11:12:37.332300,2026-04-07 11:12:37.893594,0 days 00:00:00.561294,68.61222642693497,14.330893891202527,0.2064009509732932,Ag,COMPLETE
2089,-1.0,2026-04-07 11:12:37.492404,2026-04-07 11:12:38.160763,0 days 00:00:00.668359,66.7780239463492,2.696309284062745,0.20567058637805358,Ag,COMPLETE
2090,-1.0,2026-04-07 11:12:37.585988,2026-04-07 11:12:38.141946,0 days 00:00:00.555958,66.54358614425433,0.5106911169127227,0.13967605863143848,Ag,COMPLETE
2091,-48.61111111108426,2026-04-07 11:12:37.705631,2026-04-07 11:12:38.219261,0 days 00:00:00.513630,76.04411844716182,0.8469955297819611,0.13928958802057279,Ag,COMPLETE
2092,-1.0,2026-04-07 11:12:37.815660,2026-04-07 11:12:38.458266,0 days 00:00:00.642606,76.13353515182615,0.9328307055240818,0.10135823415843581,Ag,COMPLETE
2093,-1.0,2026-04-07 11:12:37.910409,2026-04-07 11:12:38.424923,0 days 00:00:00.514514,66.94442295662225,0.8705763779432316,0.1009978622079276,Ag,COMPLETE
2094,-1.0,2026-04-07 11:12:37.926021,2026-04-07 11:12:38.515664,0 days 00:00:00.589643,73.01502085328751,0.8223267350248074,0.10069666469180177,Ag,COMPLETE
2095,-1.0,2026-04-07 11:12:37.968010,2026-04-07 11:12:38.475853,0 days 00:00:00.507843,66.17217263231313,0.8626416936470024,1.022642965344295,Ag,COMPLETE
2096,-1.0,2026-04-07 11:12:38.028758,2026-04-07 11:12:38.513608,0 days 00:00:00.484850,75.89974214105128,0.86734486257522,0.10146646304301614,Ag,COMPLETE
2097,-1.0,2026-04-07 11:12:38.337496,2026-04-07 11:12:38.896683,0 days 00:00:00.559187,72.6359899128333,1.137398595585125,0.1647732242555004,Ag,COMPLETE
2098,-1.0,2026-04-07 11:12:38.377695,2026-04-07 11:12:39.003111,0 days 00:00:00.625416,73.07194298784067,1.391714363826634,0.16754988840602295,Ag,COMPLETE
2099,-1.0,2026-04-07 11:12:38.411976,2026-04-07 11:12:38.943803,0 days 00:00:00.531827,58.66598364891473,1.4342544144223965,0.16802008845601796,Ag,COMPLETE
2100,-1.0,2026-04-07 11:12:38.595982,2026-04-07 11:12:39.070719,0 days 00:00:00.474737,70.84760650049815,1.3782580401361462,0.17180262750062192,Ag,COMPLETE
2101,-46.0526315789228,2026-04-07 11:12:38.633044,2026-04-07 11:12:39.240061,0 days 00:00:00.607017,58.9821414467017,1.405919807997295,0.10040166647910755,Ag,COMPLETE
2102,-49.76851851849078,2026-04-07 11:12:38.681093,2026-04-07 11:12:39.278577,0 days 00:00:00.597484,70.8814410274645,1.3950097481453951,0.17365876756748266,Ag,COMPLETE
2103,20.592020592020276,2026-04-07 11:12:38.709756,2026-04-07 11:12:39.205431,0 days 00:00:00.495675,70.94669851760952,18.981970729304013,0.1686850038835161,Ag,COMPLETE
2104,-1.0,2026-04-07 11:12:38.784706,2026-04-07 11:12:39.177181,0 days 00:00:00.392475,70.82529386016462,1.3476496821278217,0.16662553363543875,Ag,COMPLETE
2105,-49.99999999997132,2026-04-07 11:12:39.045907,2026-04-07 11:12:39.603136,0 days 00:00:00.557229,70.57062535642683,1.1369037958802872,0.13690741270004111,Ag,COMPLETE
2106,20.670572916666348,2026-04-07 11:12:39.094297,2026-04-07 11:12:39.746335,0 days 00:00:00.652038,69.04567203666966,19.672558417096347,0.10015573855349257,Ag,COMPLETE
2107,-1.0,2026-04-07 11:12:39.138282,2026-04-07 11:12:39.665923,0 days 00:00:00.527641,70.14969754936065,1.1746532798189064,0.13216838228742306,Ag,COMPLETE
2108,-1.0,2026-04-07 11:12:39.331472,2026-04-07 11:12:39.755086,0 days 00:00:00.423614,82.76792813814171,1.8482120680588765,0.13729486815744352,Ag,COMPLETE
2109,-26.99999999999567,2026-04-07 11:12:39.348480,2026-04-07 11:12:39.820613,0 days 00:00:00.472133,63.65802870444728,13.76647679362657,0.13803330956577894,Ag,COMPLETE
2110,-47.14912280699298,2026-04-07 11:12:39.366192,2026-04-07 11:12:39.864848,0 days 00:00:00.498656,63.01156221810974,1.8870320270856198,0.1346986504934663,Ag,COMPLETE
2111,-1.0,2026-04-07 11:12:39.407973,2026-04-07 11:12:39.944265,0 days 00:00:00.536292,68.81976463024239,0.5028986830684091,0.10059401742267969,Ag,COMPLETE
2112,-7.916666666665876,2026-04-07 11:12:39.458467,2026-04-07 11:12:40.038905,0 days 00:00:00.580438,25.175115256834964,0.5001168830457264,0.13234467929908636,Ag,COMPLETE
2113,-1.0,2026-04-07 11:12:39.759136,2026-04-07 11:12:40.335441,0 days 00:00:00.576305,66.63521715782379,0.8309115104213813,0.2285929986151201,Ag,COMPLETE
2114,-50.24509803918605,2026-04-07 11:12:39.885098,2026-04-07 11:12:40.465619,0 days 00:00:00.580521,66.71844359090503,0.5151327335248592,0.23405986168874487,Ag,COMPLETE
2115,-1.0,2026-04-07 11:12:39.916682,2026-04-07 11:12:40.651651,0 days 00:00:00.734969,66.76353403536753,0.8461286130357323,0.22440013538811687,Ag,COMPLETE
2116,-1.0,2026-04-07 11:12:39.985826,2026-04-07 11:12:40.530821,0 days 00:00:00.544995,22.023486332875294,0.8017210523217675,0.23327024426529297,Ag,COMPLETE
2117,-51.47058823526383,2026-04-07 11:12:40.031066,2026-04-07 11:12:40.553909,0 days 00:00:00.522843,66.10160782714847,0.8800409371344121,0.20791751738534214,Ag,COMPLETE
2118,-1.0,2026-04-07 11:12:40.070270,2026-04-07 11:12:40.645803,0 days 00:00:00.575533,67.05293070719465,13.267925981793258,0.22611396518498003,Ag,COMPLETE
2119,-1.0,2026-04-07 11:12:40.128892,2026-04-07 11:12:40.707236,0 days 00:00:00.578344,44.17893555548589,0.8253437811248078,0.21932685976344468,Ag,COMPLETE
2120,-1.0,2026-04-07 11:12:40.282791,2026-04-07 11:12:40.960470,0 days 00:00:00.677679,68.46409014282719,0.8465776145623729,0.20349851501522356,Ag,COMPLETE
2121,-51.47058823526383,2026-04-07 11:12:40.501753,2026-04-07 11:12:41.085365,0 days 00:00:00.583612,73.5303483125689,0.5005149988610629,0.18992385321709174,Ag,COMPLETE
2122,-18.518518518515943,2026-04-07 11:12:40.585367,2026-04-07 11:12:41.252895,0 days 00:00:00.667528,73.3071284236621,1.789350515320475,0.19118934559235828,Au,COMPLETE
2123,-1.0,2026-04-07 11:12:40.678166,2026-04-07 11:12:41.371721,0 days 00:00:00.693555,73.75447965555102,1.7826289172314413,0.19152160117821393,Au,COMPLETE
2124,-0.5868544600938801,2026-04-07 11:12:40.806061,2026-04-07 11:12:41.347484,0 days 00:00:00.541423,26.967913614097498,0.8485634080097932,0.10035465470825722,Au,COMPLETE
2125,-1.0,2026-04-07 11:12:40.873345,2026-04-07 11:12:41.423764,0 days 00:00:00.550419,73.4189444937458,1.8005399099601298,0.16092928189672678,Au,COMPLETE
2126,-19.402035623406675,2026-04-07 11:12:40.899163,2026-04-07 11:12:41.378047,0 days 00:00:00.478884,73.9148731223308,1.1316886461444966,0.10117709891526054,Au,COMPLETE
2127,-18.779342723002028,2026-04-07 11:12:40.956363,2026-04-07 11:12:41.547636,0 days 00:00:00.591273,73.27389111769534,1.8146651024698541,0.1341132334822343,Au,COMPLETE
2128,-1.0,2026-04-07 11:12:41.146955,2026-04-07 11:12:41.823654,0 days 00:00:00.676699,53.19391351848036,0.511075906348127,0.13545631445066925,Ag,COMPLETE
2129,-29.255319148929836,2026-04-07 11:12:41.303069,2026-04-07 11:12:41.822150,0 days 00:00:00.519081,68.96080013986274,11.51794884716707,0.13786394186379222,Ag,COMPLETE
2130,-1.0,2026-04-07 11:12:41.428232,2026-04-07 11:12:42.206189,0 days 00:00:00.777957,68.91058015864465,1.1506815449444208,1.6690956826876877,Ag,COMPLETE
2131,-1.0,2026-04-07 11:12:41.484260,2026-04-07 11:12:42.072617,0 days 00:00:00.588357,64.1222088097643,0.5137139819523308,1.4707444938261192,Ag,COMPLETE
2132,-1.0,2026-04-07 11:12:41.514432,2026-04-07 11:12:42.069195,0 days 00:00:00.554763,87.17330443491062,16.649456865365675,0.15301437500304016,Ag,COMPLETE
2133,-1.0,2026-04-07 11:12:41.637965,2026-04-07 11:12:42.131777,0 days 00:00:00.493812,64.25455116924057,1.2375836077118971,0.14509222297126206,Ag,COMPLETE
2134,-49.99999999997136,2026-04-07 11:12:41.677469,2026-04-07 11:12:42.191601,0 days 00:00:00.514132,63.615413875774664,1.0518879757231088,0.13778357408514108,Ag,COMPLETE
2135,-1.0,2026-04-07 11:12:41.739188,2026-04-07 11:12:42.191601,0 days 00:00:00.452413,114.97834205913526,11.50123001948873,0.14533179200452573,Ag,COMPLETE
2136,-1.0,2026-04-07 11:12:41.955399,2026-04-07 11:12:42.693566,0 days 00:00:00.738167,64.18186998676408,1.1710786673468876,0.13611772678217482,Ag,COMPLETE
2137,-1.0,2026-04-07 11:12:42.003570,2026-04-07 11:12:42.571037,0 days 00:00:00.567467,69.11322577644613,1.1305857372370482,0.10089708114905196,Ag,COMPLETE
2138,-1.0,2026-04-07 11:12:42.303629,2026-04-07 11:12:42.897386,0 days 00:00:00.593757,71.37134164823782,1.1138569736120627,0.1834406789916081,Cu,COMPLETE
2139,-14.26174496644104,2026-04-07 11:12:42.316183,2026-04-07 11:12:42.867223,0 days 00:00:00.551040,71.30988803781462,0.8858177316940418,0.18571914142038892,Cu,COMPLETE
2140,-1.0,2026-04-07 11:12:42.329627,2026-04-07 11:12:42.760889,0 days 00:00:00.431262,71.16511103276201,1.1139718458302277,0.1804497261152256,Cu,COMPLETE
2141,-1.0,2026-04-07 11:12:42.344979,2026-04-07 11:12:42.867223,0 days 00:00:00.522244,70.86347663454622,0.8787320533619312,0.45871202577822046,Cu,COMPLETE
2142,-1.0,2026-04-07 11:12:42.375777,2026-04-07 11:12:42.804486,0 days 00:00:00.428709,71.30041104205749,1.1209560099926499,0.10071226996277945,Ag,COMPLETE
2143,-1.0,2026-04-07 11:12:42.464389,2026-04-07 11:12:43.051454,0 days 00:00:00.587065,71.22099560305742,0.5121393092859375,0.16590971698950974,Ag,COMPLETE
2144,-51.47058823526383,2026-04-07 11:12:42.696566,2026-04-07 11:12:43.246907,0 days 00:00:00.550341,69.02272241692289,0.8203894868652748,0.10048025611975203,Ag,COMPLETE
2145,-49.99999999997132,2026-04-07 11:12:42.808508,2026-04-07 11:12:43.658872,0 days 00:00:00.850364,68.00814241196818,1.5507626027361545,0.10141746958987545,Ag,COMPLETE
2146,-51.190476190446745,2026-04-07 11:12:42.968996,2026-04-07 11:12:43.539809,0 days 00:00:00.570813,68.0443401986734,1.4736614945038822,0.10083852959594065,Ag,COMPLETE
2147,-1.0,2026-04-07 11:12:43.015835,2026-04-07 11:12:43.632437,0 days 00:00:00.616602,79.497688196513,4.3327872380224095,0.13294735767912727,Ag,COMPLETE
2148,-1.0,2026-04-07 11:12:43.080492,2026-04-07 11:12:43.860518,0 days 00:00:00.780026,20.088986686576714,1.5333780896081368,0.2590467873573243,Ag,COMPLETE
2149,-49.76851851849095,2026-04-07 11:12:43.111877,2026-04-07 11:12:43.694629,0 days 00:00:00.582752,68.06226147440213,1.5473831735933454,0.13548095542141386,Ag,COMPLETE
2150,-1.0,2026-04-07 11:12:43.172928,2026-04-07 11:12:43.798382,0 days 00:00:00.625454,65.73732053371675,7.575720248818627,0.13197349611330253,Ag,COMPLETE
2151,-51.76767676764536,2026-04-07 11:12:43.204060,2026-04-07 11:12:43.737180,0 days 00:00:00.533120,66.73246117247267,0.5053832304033122,0.10071694997175253,Ag,COMPLETE
2152,-1.0,2026-04-07 11:12:43.497602,2026-04-07 11:12:44.145918,0 days 00:00:00.648316,79.16695580326711,0.5045464560014068,0.596176668798401,Ag,COMPLETE
2153,-51.4705882352638,2026-04-07 11:12:43.717384,2026-04-07 11:12:44.277437,0 days 00:00:00.560053,76.0661749577025,0.5029844414574073,0.10031927764280354,Ag,COMPLETE
2154,-37.808641975294684,2026-04-07 11:12:43.766090,2026-04-07 11:12:44.318646,0 days 00:00:00.552556,65.34008157404742,6.082755603020499,0.1901955733789122,Ag,COMPLETE
2155,-1.0,2026-04-07 11:12:43.878888,2026-04-07 11:12:44.536789,0 days 00:00:00.657901,60.67692384934713,0.7996106172409556,0.18502790019885124,Ag,COMPLETE
2156,-1.0,2026-04-07 11:12:43.926451,2026-04-07 11:12:44.554181,0 days 00:00:00.627730,60.446567748448246,6.202983265926891,0.908286988683882,Ag,COMPLETE
2157,-49.99999999997132,2026-04-07 11:12:43.941833,2026-04-07 11:12:44.492619,0 days 00:00:00.550786,60.41463329393478,0.5026911019782416,0.18702119220657631,Ag,COMPLETE
2158,-32.051282051273624,2026-04-07 11:12:44.004554,2026-04-07 11:12:44.521039,0 days 00:00:00.516485,62.06445438825684,9.771275998087955,0.19316790637290948,Ag,COMPLETE
2159,-31.926406926398702,2026-04-07 11:12:44.065639,2026-04-07 11:12:44.572703,0 days 00:00:00.507064,62.3938172481645,9.648156409802075,0.16872361489717858,Ag,COMPLETE
2160,-1.0,2026-04-07 11:12:44.279545,2026-04-07 11:12:44.841011,0 days 00:00:00.561466,62.38710288113999,0.8439742688570349,1.7115588226515903,Ag,COMPLETE
2161,-1.0,2026-04-07 11:12:44.425783,2026-04-07 11:12:44.922163,0 days 00:00:00.496380,61.70257622671677,0.5119811926569136,0.16116403683875832,Ag,COMPLETE
2162,-1.0,2026-04-07 11:12:44.460736,2026-04-07 11:12:44.973801,0 days 00:00:00.513065,69.32413008360118,0.8446336277847911,0.1537482797630885,Ag,COMPLETE
2163,-1.0,2026-04-07 11:12:44.633763,2026-04-07 11:12:45.190101,0 days 00:00:00.556338,69.6137551409747,0.509267624477609,0.13362674919650486,Ag,COMPLETE
2164,-1.0,2026-04-07 11:12:44.665649,2026-04-07 11:12:45.169940,0 days 00:00:00.504291,68.90629255497437,0.8470303350291961,0.25456512476213844,Ag,COMPLETE
2165,-1.0,2026-04-07 11:12:44.679314,2026-04-07 11:12:45.182430,0 days 00:00:00.503116,69.07060451251637,0.8519197934837782,0.13751151689526012,Ag,COMPLETE
2166,-1.0,2026-04-07 11:12:44.722160,2026-04-07 11:12:45.427727,0 days 00:00:00.705567,69.59887874125373,0.8422109589002365,0.2629828458682041,Ag,COMPLETE
2167,-1.0,2026-04-07 11:12:44.737941,2026-04-07 11:12:45.331677,0 days 00:00:00.593736,65.79450112465865,0.8242816662767184,0.15678515416577274,Ag,COMPLETE
2168,-1.0,2026-04-07 11:12:45.018856,2026-04-07 11:12:45.719693,0 days 00:00:00.700837,65.29032940207553,2.228902605698395,0.14005154703088052,Ag,COMPLETE
2169,-49.99999999997149,2026-04-07 11:12:45.076840,2026-04-07 11:12:45.687464,0 days 00:00:00.610624,65.68992433119666,1.1804708200015384,0.1420636501272497,Ag,COMPLETE
2170,-1.0,2026-04-07 11:12:45.137298,2026-04-07 11:12:45.819673,0 days 00:00:00.682375,66.80776585609968,1.2922755275102031,0.3800222937105559,Ag,COMPLETE
2171,-1.0,2026-04-07 11:12:45.362492,2026-04-07 11:12:45.891070,0 days 00:00:00.528578,28.009268477896214,8.258384277353043,0.13114940659707383,Ag,COMPLETE
2172,-51.19047619044695,2026-04-07 11:12:45.378305,2026-04-07 11:12:45.966900,0 days 00:00:00.588595,66.66170029213075,1.3695272411877812,0.1338101951308749,Ag,COMPLETE
2173,-34.31372549018598,2026-04-07 11:12:45.441363,2026-04-07 11:12:46.077716,0 days 00:00:00.636353,66.65730707234583,8.774454202006877,0.13355599505783683,Ag,COMPLETE
2174,-1.0,2026-04-07 11:12:45.594039,2026-04-07 11:12:46.198867,0 days 00:00:00.604828,64.95450601663492,1.338789604779277,0.10078033975613535,Ag,COMPLETE
2175,-1.0,2026-04-07 11:12:45.610742,2026-04-07 11:12:46.281607,0 days 00:00:00.670865,67.14242167152004,1.403915390636274,0.2156137071379669,Ag,COMPLETE
2176,-1.0,2026-04-07 11:12:45.821670,2026-04-07 11:12:46.485376,0 days 00:00:00.663706,72.07969580931892,0.5072928886561808,0.21793218816353044,Ag,COMPLETE
2177,-1.0,2026-04-07 11:12:45.894742,2026-04-07 11:12:46.357818,0 days 00:00:00.463076,99.70086166441669,1.4167498702137453,0.10093860475995907,Ag,COMPLETE
2178,-50.24509803918605,2026-04-07 11:12:45.997415,2026-04-07 11:12:46.486375,0 days 00:00:00.488960,72.36368641810255,0.5006760423879563,0.21065098894266746,Ag,COMPLETE
2179,-40.71969696967839,2026-04-07 11:12:46.107176,2026-04-07 11:12:46.609121,0 days 00:00:00.501945,75.2090177899754,0.5089169888266805,1.096852558597748,Ag,COMPLETE
2180,-51.76767676764536,2026-04-07 11:12:46.181933,2026-04-07 11:12:46.793702,0 days 00:00:00.611769,72.20246904821954,0.5019887374787783,0.10001693707070958,Ag,COMPLETE
2181,-7.488479262672137,2026-04-07 11:12:46.311720,2026-04-07 11:12:46.850615,0 days 00:00:00.538895,24.289787758771464,0.8981017284500243,0.3237433539301241,Ag,COMPLETE
2182,-1.0,2026-04-07 11:12:46.392870,2026-04-07 11:12:46.943674,0 days 00:00:00.550804,72.35135617225383,0.5021320481429161,0.2049027913629355,Ag,COMPLETE
2183,-1.0,2026-04-07 11:12:46.431559,2026-04-07 11:12:46.969291,0 days 00:00:00.537732,75.26183367406395,1.0786053299918725,0.5079083177237442,Ag,COMPLETE
2184,-1.0,2026-04-07 11:12:46.571939,2026-04-07 11:12:47.296391,0 days 00:00:00.724452,69.62972042259847,1.0804755301479145,0.16496573471859305,Ag,COMPLETE
2185,-6.885593220338383,2026-04-07 11:12:46.633513,2026-04-07 11:12:47.191525,0 days 00:00:00.558012,24.010394509218123,1.0450197075478491,1.9069337510074575,Ag,COMPLETE
2186,-1.0,2026-04-07 11:12:46.684893,2026-04-07 11:12:47.251186,0 days 00:00:00.566293,69.93108666534351,1.1337336298185328,0.1700698095138512,Ag,COMPLETE
2187,-1.0,2026-04-07 11:12:46.888746,2026-04-07 11:12:47.354320,0 days 00:00:00.465574,69.34807107508772,10.32282181936141,0.10018035089947337,Ag,COMPLETE
2188,-48.42342342339705,2026-04-07 11:12:46.997743,2026-04-07 11:12:47.434854,0 days 00:00:00.437111,69.76717320828656,1.9343173209465245,0.1689440363908307,Ag,COMPLETE
2189,-1.0,2026-04-07 11:12:47.072214,2026-04-07 11:12:47.682637,0 days 00:00:00.610423,70.38328440522146,1.8641989203293492,0.16860779254330377,Ag,COMPLETE
2190,-1.0,2026-04-07 11:12:47.124879,2026-04-07 11:12:47.718273,0 days 00:00:00.593394,69.73005008253304,1.7855796148728997,0.16835933375337003,Ag,COMPLETE
2191,-1.0,2026-04-07 11:12:47.206793,2026-04-07 11:12:47.833310,0 days 00:00:00.626517,68.16120451994836,0.8520978157241561,0.1674670552710025,Ag,COMPLETE
2192,-51.76767676764536,2026-04-07 11:12:47.389360,2026-04-07 11:12:48.045200,0 days 00:00:00.655840,67.58030678377895,0.5053961716364934,0.1326054166024471,Ag,COMPLETE
2193,-47.149122806992466,2026-04-07 11:12:47.473386,2026-04-07 11:12:48.155408,0 days 00:00:00.682022,64.46027893702308,1.5797768014246218,0.2474941872246964,Ag,COMPLETE
2194,-48.42342342339707,2026-04-07 11:12:47.513146,2026-04-07 11:12:47.976671,0 days 00:00:00.463525,67.2916716786283,1.663930128508571,0.23642967284345667,Ag,COMPLETE
2195,-1.0,2026-04-07 11:12:47.569270,2026-04-07 11:12:48.304188,0 days 00:00:00.734918,63.666548900239476,0.9598602131440608,0.23813109211728006,Ag,COMPLETE
2196,-1.0,2026-04-07 11:12:47.609750,2026-04-07 11:12:48.216563,0 days 00:00:00.606813,64.11691840225366,0.8451113466321891,0.10002302804682507,Ag,COMPLETE
2197,-1.0,2026-04-07 11:12:47.836840,2026-04-07 11:12:48.377577,0 days 00:00:00.540737,63.352393479136445,0.9164403340570147,0.2641702619154348,Ag,COMPLETE
2198,-51.4705882352638,2026-04-07 11:12:47.934413,2026-04-07 11:12:48.576752,0 days 00:00:00.642339,64.13559250448264,0.8981273097788637,0.10054337716260876,Ag,COMPLETE
2199,-1.0,2026-04-07 11:12:48.001870,2026-04-07 11:12:48.604599,0 days 00:00:00.602729,63.912196304647864,1.133150843237162,0.10089435252413022,Au,COMPLETE
2200,-19.531249999996948,2026-04-07 11:12:48.085195,2026-04-07 11:12:48.577752,0 days 00:00:00.492557,74.35178672095243,0.8722497784802277,0.10026910050196813,Au,COMPLETE
2201,-1.0,2026-04-07 11:12:48.183553,2026-04-07 11:12:48.714463,0 days 00:00:00.530910,73.70489567668452,1.1307848375941565,0.1000495304706023,Au,COMPLETE
2202,-1.0,2026-04-07 11:12:48.388038,2026-04-07 11:12:48.870611,0 days 00:00:00.482573,72.44346784253973,1.1242009441335519,0.10080349267041414,Au,COMPLETE
2203,-1.0,2026-04-07 11:12:48.460555,2026-04-07 11:12:48.953457,0 days 00:00:00.492902,73.0603841307757,1.298196700633944,0.13485754333284156,Ag,COMPLETE
2204,-28.594771241824557,2026-04-07 11:12:48.444718,2026-04-07 11:12:49.060600,0 days 00:00:00.615882,73.28168989202622,11.908717029190548,0.13988476305345757,Ag,COMPLETE
2205,-25.76754385964577,2026-04-07 11:12:48.480409,2026-04-07 11:12:49.101585,0 days 00:00:00.621176,72.79731030116531,14.824148880967567,0.13451907517431794,Ag,COMPLETE
2206,-1.0,2026-04-07 11:12:48.685737,2026-04-07 11:12:49.238772,0 days 00:00:00.553035,72.46796239259476,0.5128781256820858,0.197593428578003,Ag,COMPLETE
2207,-1.0,2026-04-07 11:12:48.700107,2026-04-07 11:12:49.118237,0 days 00:00:00.418130,72.16754301322257,2.3651222551207542,0.13797753490420264,Ag,COMPLETE
2208,-1.0,2026-04-07 11:12:48.786735,2026-04-07 11:12:49.357536,0 days 00:00:00.570801,67.31616616202753,0.5089691962975413,0.13719152625093078,Ag,COMPLETE
2209,-1.0,2026-04-07 11:12:48.900731,2026-04-07 11:12:49.419814,0 days 00:00:00.519083,67.65436241287111,12.075721003038188,0.14057894956598727,Ag,COMPLETE
2210,-1.0,2026-04-07 11:12:49.028027,2026-04-07 11:12:49.481597,0 days 00:00:00.453570,77.06019918512466,14.832812215744566,0.19695852012413692,Ag,COMPLETE
2211,-1.0,2026-04-07 11:12:49.167297,2026-04-07 11:12:49.627475,0 days 00:00:00.460178,67.2537635244485,17.25865571055263,0.1795774422217607,Ag,COMPLETE
2212,-1.0,2026-04-07 11:12:49.261949,2026-04-07 11:12:49.828825,0 days 00:00:00.566876,70.67974645978359,0.8136149177711212,0.19823933039304803,Ag,COMPLETE
2213,-1.0,2026-04-07 11:12:49.276643,2026-04-07 11:12:49.854120,0 days 00:00:00.577477,75.8209298914115,0.8280410985086228,0.19412172654639098,Ag,COMPLETE
2214,-1.0,2026-04-07 11:12:49.318161,2026-04-07 11:12:49.761761,0 days 00:00:00.443600,76.31306857061652,3.7672111484654334,0.2905274614032045,Ag,COMPLETE
2215,-8.538251366119495,2026-04-07 11:12:49.388874,2026-04-07 11:12:49.949930,0 days 00:00:00.561056,66.04116917025348,17.218399329258727,0.2896899288491628,Ag,COMPLETE
2216,-51.47058823526383,2026-04-07 11:12:49.512038,2026-04-07 11:12:50.125492,0 days 00:00:00.613454,70.20019176637868,0.8866120626737608,0.2034236792987808,Ag,COMPLETE
2217,-1.0,2026-04-07 11:12:49.562376,2026-04-07 11:12:50.053319,0 days 00:00:00.490943,26.313084792898934,0.8268859847397212,0.19538546788372574,Ag,COMPLETE
2218,-1.0,2026-04-07 11:12:49.630476,2026-04-07 11:12:50.184903,0 days 00:00:00.554427,70.70612216886362,1.4755762327932818,1.37614372742585,Ag,COMPLETE
2219,-1.0,2026-04-07 11:12:49.776755,2026-04-07 11:12:50.438057,0 days 00:00:00.661302,65.65443261912759,1.4511861520269917,0.1635238712196059,Ag,COMPLETE
2220,-1.0,2026-04-07 11:12:49.954284,2026-04-07 11:12:50.524603,0 days 00:00:00.570319,68.65119071952206,1.4838143374415482,0.1511503172561754,Cu,COMPLETE
2221,-1.0,2026-04-07 11:12:50.014122,2026-04-07 11:12:50.637421,0 days 00:00:00.623299,29.45606422635511,1.4316366663147377,1.231047631446082,Cu,COMPLETE
2222,-15.123456790121201,2026-04-07 11:12:50.057427,2026-04-07 11:12:50.627993,0 days 00:00:00.570566,68.20825547646355,0.5094890376775486,0.15963937514923898,Cu,COMPLETE
2223,-1.0,2026-04-07 11:12:50.121699,2026-04-07 11:12:50.770047,0 days 00:00:00.648348,68.3221501612251,1.4685524763727382,0.16007176841721368,Ag,COMPLETE
2224,-1.0,2026-04-07 11:12:50.243213,2026-04-07 11:12:50.809185,0 days 00:00:00.565972,46.93330019585592,1.4097852599564722,0.15364269111192724,Cu,COMPLETE
2225,-1.0,2026-04-07 11:12:50.346710,2026-04-07 11:12:50.885846,0 days 00:00:00.539136,68.4254754552957,18.567722244286166,1.2312805835612413,Cu,COMPLETE
2226,-1.0,2026-04-07 11:12:50.534033,2026-04-07 11:12:51.056481,0 days 00:00:00.522448,68.3736826703873,1.1656049032240379,0.10029689487032087,Ag,COMPLETE
2227,-1.0,2026-04-07 11:12:50.596260,2026-04-07 11:12:51.309249,0 days 00:00:00.712989,65.94402118189457,1.1491177627082911,0.13473050204207127,Ag,COMPLETE
2228,-51.76767676764536,2026-04-07 11:12:50.666844,2026-04-07 11:12:51.379134,0 days 00:00:00.712290,65.58529722666493,0.5052177054066049,0.13421598218359482,Ag,COMPLETE
2229,-1.1720581340834175,2026-04-07 11:12:50.812707,2026-04-07 11:12:51.515983,0 days 00:00:00.703276,21.896171943813098,0.5162962169716415,0.1349069373156734,Ag,COMPLETE
2230,-1.0,2026-04-07 11:12:50.859634,2026-04-07 11:12:51.421385,0 days 00:00:00.561751,22.269623910374634,0.5104412842063011,0.13283256857248668,Ag,COMPLETE
2231,-1.0,2026-04-07 11:12:50.998531,2026-04-07 11:12:51.531891,0 days 00:00:00.533360,55.88664556352482,0.8431731871663601,0.1345911399125805,Ag,COMPLETE
2232,-53.03030303027095,2026-04-07 11:12:51.027575,2026-04-07 11:12:51.583879,0 days 00:00:00.556304,65.7572700379723,0.8399554364902886,0.13393004882844115,Ag,COMPLETE
2233,19.662921348314313,2026-04-07 11:12:51.060696,2026-04-07 11:12:51.799809,0 days 00:00:00.739113,70.86100778501503,17.998315062777085,0.13420214504698763,Ag,COMPLETE
2234,-1.0,2026-04-07 11:12:51.199839,2026-04-07 11:12:51.862063,0 days 00:00:00.662224,22.062168724348425,0.7831757129454904,0.13877610174253668,Ag,COMPLETE
2235,-1.0,2026-04-07 11:12:51.454197,2026-04-07 11:12:52.084010,0 days 00:00:00.629813,58.49091064362605,0.5018620214187764,0.24853107578643188,Ag,COMPLETE
2236,-48.6111111110841,2026-04-07 11:12:51.548475,2026-04-07 11:12:52.132526,0 days 00:00:00.584051,62.311506607415076,0.8619187074943198,0.23646781579860993,Ag,COMPLETE
2237,-40.74074074072244,2026-04-07 11:12:51.586389,2026-04-07 11:12:52.012392,0 days 00:00:00.426003,61.808061822306634,0.8448910196852157,1.3061549643599366,Ag,COMPLETE
2238,-1.0,2026-04-07 11:12:51.663612,2026-04-07 11:12:52.145710,0 days 00:00:00.482098,58.76614613402648,15.97448714879934,1.1570082946932476,Ag,COMPLETE
2239,-48.6111111110841,2026-04-07 11:12:51.706545,2026-04-07 11:12:52.219143,0 days 00:00:00.512598,62.3238289196943,0.8359510563022712,0.24239184909198105,Ag,COMPLETE
2240,-48.423423423397416,2026-04-07 11:12:51.753420,2026-04-07 11:12:52.221550,0 days 00:00:00.468130,60.937805190901166,1.143014964560988,0.2378962788950486,Ag,COMPLETE
2241,-1.0,2026-04-07 11:12:51.950074,2026-04-07 11:12:52.606380,0 days 00:00:00.656306,62.93458220956451,1.125758023418054,0.22714428305204998,Ag,COMPLETE
2242,-1.0,2026-04-07 11:12:52.028845,2026-04-07 11:12:52.529588,0 days 00:00:00.500743,63.24609292827946,0.5000018704650078,0.34320525435520943,Ag,COMPLETE
2243,-1.0,2026-04-07 11:12:52.184056,2026-04-07 11:12:52.703300,0 days 00:00:00.519244,63.939518566326925,1.7175140206703603,0.20129076932044082,Ag,COMPLETE
2244,-47.297297297271975,2026-04-07 11:12:52.261495,2026-04-07 11:12:52.814598,0 days 00:00:00.553103,64.5415605593091,1.8674934789986302,0.18244827781911277,Ag,COMPLETE
2245,-1.0,2026-04-07 11:12:52.301548,2026-04-07 11:12:52.812585,0 days 00:00:00.511037,63.389448242657345,0.5064672432690422,0.19976142579805017,Ag,COMPLETE
2246,-1.0,2026-04-07 11:12:52.333692,2026-04-07 11:12:53.514460,0 days 00:00:01.180768,64.04566540621362,2.123801023074702,0.20000300195002801,Ag,COMPLETE
2247,-45.833333333310414,2026-04-07 11:12:52.379827,2026-04-07 11:12:53.528196,0 days 00:00:01.148369,64.10756843617754,2.0221134696180343,0.33534803505511945,Ag,COMPLETE
2248,-45.9401709401477,2026-04-07 11:12:52.493127,2026-04-07 11:12:53.577343,0 days 00:00:01.084216,63.77333987812974,2.1341553912872637,0.2049180962273105,Ag,COMPLETE
2249,-1.0,2026-04-07 11:12:52.734241,2026-04-07 11:12:53.917448,0 days 00:00:01.183207,65.45319016785078,2.1778492279280943,0.2818372303967364,Ag,COMPLETE
2250,-48.6111111110841,2026-04-07 11:12:52.785125,2026-04-07 11:12:53.975984,0 days 00:00:01.190859,65.61640510119653,1.1494325689363518,0.29157620389313227,Ag,COMPLETE
2251,-1.0,2026-04-07 11:12:52.826983,2026-04-07 11:12:54.080866,0 days 00:00:01.253883,66.33660057201853,1.2004134926916834,0.27229738638979684,Au,COMPLETE
2252,-1.0,2026-04-07 11:12:53.548815,2026-04-07 11:12:54.147585,0 days 00:00:00.598770,66.13212110345243,1.1145021112955824,0.2693603260152433,Au,COMPLETE
2253,-1.0,2026-04-07 11:12:53.628567,2026-04-07 11:12:54.163050,0 days 00:00:00.534483,65.8584107375512,1.1818666651739291,0.2814620437518993,Au,COMPLETE
2254,-18.93939393939107,2026-04-07 11:12:53.649417,2026-04-07 11:12:54.149620,0 days 00:00:00.500203,65.02810112169547,1.1433571177982056,0.1002789563467792,Au,COMPLETE
2255,-18.82716049382434,2026-04-07 11:12:53.683484,2026-04-07 11:12:54.261000,0 days 00:00:00.577516,65.66775197022743,1.07511004607582,0.2891504004669382,Au,COMPLETE
2256,-17.145135566186568,2026-04-07 11:12:53.699304,2026-04-07 11:12:54.272512,0 days 00:00:00.573208,66.31256548590534,5.518669946883616,0.28963616656446745,Au,COMPLETE
2257,-1.0,2026-04-07 11:12:54.104253,2026-04-07 11:12:54.636743,0 days 00:00:00.532490,60.82030022822103,0.8128407957194669,0.17319910791909543,Ag,COMPLETE
2258,-28.163580246908445,2026-04-07 11:12:54.121516,2026-04-07 11:12:54.745206,0 days 00:00:00.623690,67.11313621853145,12.584611715463957,0.17174030940511137,Ag,COMPLETE
2259,-48.6111111110841,2026-04-07 11:12:54.230305,2026-04-07 11:12:54.789717,0 days 00:00:00.559412,60.28648020178038,0.920184209952484,0.17149804482910697,Ag,COMPLETE
2260,-21.87499999999453,2026-04-07 11:12:54.302239,2026-04-07 11:12:54.746583,0 days 00:00:00.444344,89.94281555706922,0.5106881785677974,0.17004845237183544,Ag,COMPLETE
2261,-1.0,2026-04-07 11:12:54.336628,2026-04-07 11:12:54.774130,0 days 00:00:00.437502,90.64391552576048,0.8356098304868433,0.17204822354771462,Ag,COMPLETE
2262,-1.0,2026-04-07 11:12:54.382869,2026-04-07 11:12:55.039217,0 days 00:00:00.656348,118.38620112063215,0.8642000271315682,0.1729992695276593,Ag,COMPLETE
2263,-51.76767676764536,2026-04-07 11:12:54.399530,2026-04-07 11:12:55.018563,0 days 00:00:00.619033,67.37355452146355,0.5004671540640325,0.17041405982219576,Ag,COMPLETE
2264,-1.0,2026-04-07 11:12:54.417324,2026-04-07 11:12:54.913945,0 days 00:00:00.496621,60.6442648682723,12.493954808567093,0.17610159852934343,Ag,COMPLETE
2265,-1.0,2026-04-07 11:12:54.833011,2026-04-07 11:12:55.601676,0 days 00:00:00.768665,68.30642635212548,1.6024378573652525,0.13747708562997166,Ag,COMPLETE
2266,-48.42342342339707,2026-04-07 11:12:54.821449,2026-04-07 11:12:55.540118,0 days 00:00:00.718669,68.24165727600202,1.6195150099207547,0.2243493236977176,Ag,COMPLETE
2267,-1.0,2026-04-07 11:12:54.941242,2026-04-07 11:12:55.336780,0 days 00:00:00.395538,67.5803189055754,1.4860884955411864,0.22893587025764134,Ag,COMPLETE
2268,-1.5799529688418272,2026-04-07 11:12:54.792334,2026-04-07 11:12:55.446427,0 days 00:00:00.654093,104.14738661690943,1.5401045672189646,0.22325188514178274,Ag,COMPLETE
2269,-23.085585585579306,2026-04-07 11:12:54.918145,2026-04-07 11:12:55.556529,0 days 00:00:00.638384,40.53443152846757,1.5871076025945108,0.22458595620383942,Ag,COMPLETE
2270,-1.0,2026-04-07 11:12:55.089544,2026-04-07 11:12:55.588154,0 days 00:00:00.498610,67.58101693370003,1.5915430384656073,0.12963650708357924,Ag,COMPLETE
2271,-49.76851851849098,2026-04-07 11:12:55.159599,2026-04-07 11:12:55.840758,0 days 00:00:00.681159,67.67522474569051,1.6034899298653995,0.2223692299658096,Ag,COMPLETE
2272,-49.76851851849095,2026-04-07 11:12:55.197471,2026-04-07 11:12:55.806059,0 days 00:00:00.608588,68.70114222959668,1.6043878310151845,0.13440137460028645,Ag,COMPLETE
2273,-1.0,2026-04-07 11:12:55.450574,2026-04-07 11:12:56.166955,0 days 00:00:00.716381,65.11441946054192,0.8614669601202438,0.1323636625483753,Ag,COMPLETE
2274,-53.030303030271,2026-04-07 11:12:55.621598,2026-04-07 11:12:56.123160,0 days 00:00:00.501562,64.18911584256604,0.7929982408606024,0.10146119238771653,Ag,COMPLETE
2275,-49.99999999997132,2026-04-07 11:12:55.680415,2026-04-07 11:12:56.263511,0 days 00:00:00.583096,62.30340234511248,0.9245547750664505,0.1327510952534826,Ag,COMPLETE
2276,-1.0,2026-04-07 11:12:55.715570,2026-04-07 11:12:56.325653,0 days 00:00:00.610083,31.664193114781142,0.941196243474451,0.10040253160574876,Ag,COMPLETE
2277,-51.47058823526383,2026-04-07 11:12:55.745645,2026-04-07 11:12:56.410609,0 days 00:00:00.664964,64.59580047656758,0.8070733777183321,0.10023356519167305,Ag,COMPLETE
2278,-50.24509803918621,2026-04-07 11:12:55.844771,2026-04-07 11:12:56.341415,0 days 00:00:00.496644,63.129430262119,0.8641940760305435,0.10014094325577419,Ag,COMPLETE
2279,-50.24509803918621,2026-04-07 11:12:55.968141,2026-04-07 11:12:56.399579,0 days 00:00:00.431438,64.93732341088592,0.8345720297255528,0.10128659300602427,Ag,COMPLETE
2280,-26.38888888888449,2026-04-07 11:12:56.045138,2026-04-07 11:12:56.538286,0 days 00:00:00.493148,58.30545453837796,13.34980906221194,0.101994836477839,Ag,COMPLETE
2281,-34.090909090896595,2026-04-07 11:12:56.294897,2026-04-07 11:12:56.788417,0 days 00:00:00.493520,58.51722693640669,1.245547053882349,1.966300392152398,Ag,COMPLETE
2282,-1.0,2026-04-07 11:12:56.374216,2026-04-07 11:12:56.944599,0 days 00:00:00.570383,58.70007630312704,1.252643829340962,0.10063728462618883,Ag,COMPLETE
2283,-25.948103792412095,2026-04-07 11:12:56.344790,2026-04-07 11:12:56.913468,0 days 00:00:00.568678,60.56652823350891,16.579778229075774,0.1401388974207369,Ag,COMPLETE
2284,-1.0,2026-04-07 11:12:56.451263,2026-04-07 11:12:56.870360,0 days 00:00:00.419097,61.08933372263605,0.5025966088060564,0.13253814032424477,Ag,COMPLETE
2285,-1.0,2026-04-07 11:12:56.513979,2026-04-07 11:12:56.976752,0 days 00:00:00.462773,56.52218627301067,19.955231578912567,0.10117234418284492,Ag,COMPLETE
2286,-1.0,2026-04-07 11:12:56.631765,2026-04-07 11:12:57.198776,0 days 00:00:00.567011,60.46986427263297,14.312436331539775,0.1370206176077004,Ag,COMPLETE
2287,-48.6111111110841,2026-04-07 11:12:56.702652,2026-04-07 11:12:57.258025,0 days 00:00:00.555373,61.41099868846859,1.3025405679786484,0.1362308838486158,Ag,COMPLETE
2288,-26.10441767067961,2026-04-07 11:12:56.752608,2026-04-07 11:12:57.257020,0 days 00:00:00.504412,61.61125822111378,16.556493389082576,0.13586789646445865,Ag,COMPLETE
2289,-26.741293532334243,2026-04-07 11:12:56.975746,2026-04-07 11:12:57.626874,0 days 00:00:00.651128,62.69178948096298,14.197761510854939,0.16117877872980205,Ag,COMPLETE
2290,-51.190476190446915,2026-04-07 11:12:57.043144,2026-04-07 11:12:57.568395,0 days 00:00:00.525251,64.8332909331506,1.236266970889694,0.1655980230627181,Ag,COMPLETE
2291,-1.0,2026-04-07 11:12:57.067039,2026-04-07 11:12:57.647463,0 days 00:00:00.580424,63.457251397258304,1.1850602577820233,0.16052261482286242,Ag,COMPLETE
2292,-48.61111111108426,2026-04-07 11:12:57.123731,2026-04-07 11:12:57.566854,0 days 00:00:00.443123,62.917736400680454,1.17662893697528,0.158099666755719,Ag,COMPLETE
2293,-1.0,2026-04-07 11:12:57.154293,2026-04-07 11:12:57.647463,0 days 00:00:00.493170,62.14086023457388,2.825676786108215,0.15979800284511655,Ag,COMPLETE
2294,-1.0,2026-04-07 11:12:57.332920,2026-04-07 11:12:57.849115,0 days 00:00:00.516195,63.91106759202586,1.2781029676617286,0.16388244318396888,Ag,COMPLETE
2295,-1.0,2026-04-07 11:12:57.401851,2026-04-07 11:12:58.051531,0 days 00:00:00.649680,63.982309468409774,1.2027340785467209,0.10027104371966093,Ag,COMPLETE
2296,-49.99999999997149,2026-04-07 11:12:57.483449,2026-04-07 11:12:58.120408,0 days 00:00:00.636959,64.47842886107037,1.1663243768400446,0.16501128124479145,Ag,COMPLETE
2297,-1.0,2026-04-07 11:12:57.747019,2026-04-07 11:12:58.262016,0 days 00:00:00.514997,70.0768552535106,0.5138213022695325,0.1292023846320552,Ag,COMPLETE
2298,-1.0,2026-04-07 11:12:57.773799,2026-04-07 11:12:58.161916,0 days 00:00:00.388117,26.198155292712826,0.5028528487499792,0.10046001221511167,Ag,COMPLETE
2299,-51.47058823526383,2026-04-07 11:12:57.790657,2026-04-07 11:12:58.287485,0 days 00:00:00.496828,70.05395580680731,0.8169723619942353,0.10076516617960918,Ag,COMPLETE
2300,-1.0,2026-04-07 11:12:57.818573,2026-04-07 11:12:58.379245,0 days 00:00:00.560672,69.93025789893187,0.5050981827067899,0.10071370367209159,Ag,COMPLETE
2301,-39.85507246375091,2026-04-07 11:12:57.915367,2026-04-07 11:12:58.518368,0 days 00:00:00.603001,70.27188103852181,0.7874939183692359,1.526348198059349,Ag,COMPLETE
2302,-1.0,2026-04-07 11:12:58.037106,2026-04-07 11:12:58.770549,0 days 00:00:00.733443,71.1509422102474,0.8331647957614416,0.19428358564865217,Ag,COMPLETE
2303,-1.0,2026-04-07 11:12:58.205010,2026-04-07 11:12:58.782418,0 days 00:00:00.577408,65.99598316194079,3.3937753058246747,0.3956022964331386,Ag,COMPLETE
2304,-1.0,2026-04-07 11:12:58.284857,2026-04-07 11:12:58.833201,0 days 00:00:00.548344,66.23820147260614,1.9503759693282037,0.19936902361417852,Ag,COMPLETE
2305,-1.0,2026-04-07 11:12:58.367646,2026-04-07 11:12:58.990063,0 days 00:00:00.622417,67.00464903286712,0.5061442710806969,0.200997063002687,Ag,COMPLETE
2306,-1.0,2026-04-07 11:12:58.452231,2026-04-07 11:12:58.988940,0 days 00:00:00.536709,67.46693879864559,0.8472579671153533,0.19839919578621076,Ag,COMPLETE
2307,-47.14912280699262,2026-04-07 11:12:58.476365,2026-04-07 11:12:58.985892,0 days 00:00:00.509527,71.35297529462716,1.865196011575,0.20057046716348909,Ag,COMPLETE
2308,-1.0,2026-04-07 11:12:58.571856,2026-04-07 11:12:59.209647,0 days 00:00:00.637791,66.11074585271572,1.820588697410343,0.1928709860324944,Ag,COMPLETE
2309,-48.423423423397416,2026-04-07 11:12:58.650365,2026-04-07 11:12:59.285638,0 days 00:00:00.635273,66.34274102566484,1.860139613766867,0.19417164767510145,Ag,COMPLETE
2310,-1.0,2026-04-07 11:12:58.923786,2026-04-07 11:12:59.499048,0 days 00:00:00.575262,68.87793754536186,0.9154711574725591,0.13525652946794828,Ag,COMPLETE
2311,-49.99999999997149,2026-04-07 11:12:58.944202,2026-04-07 11:12:59.611189,0 days 00:00:00.666987,74.64737611735225,0.8712232439528522,0.1343688459655004,Ag,COMPLETE
2312,-49.99999999997149,2026-04-07 11:12:59.018391,2026-04-07 11:12:59.612189,0 days 00:00:00.593798,75.36670643614202,0.8686379568211217,0.13430598478207814,Ag,COMPLETE
2313,-40.69767441858579,2026-04-07 11:12:59.157610,2026-04-07 11:12:59.951928,0 days 00:00:00.794318,51.88492776021715,0.8494909550435741,0.13726413593745684,Ag,COMPLETE
2314,-39.0070921985649,2026-04-07 11:12:59.174593,2026-04-07 11:12:59.718030,0 days 00:00:00.543437,74.87726179367891,0.5140291305468392,1.441462727316733,Ag,COMPLETE
2315,-17.083333333329943,2026-04-07 11:12:59.280054,2026-04-07 11:12:59.780742,0 days 00:00:00.500688,35.69577618188794,0.8461785991065878,0.7842816415816252,Ag,COMPLETE
2316,-1.0,2026-04-07 11:12:59.416641,2026-04-07 11:12:59.887233,0 days 00:00:00.470592,75.41463406792897,0.8218981951049282,0.13805298061626,Ag,COMPLETE
2317,-45.833333333310414,2026-04-07 11:12:59.438703,2026-04-07 11:12:59.887233,0 days 00:00:00.448530,73.95974479309595,2.4004939629967597,0.13532725806313062,Ag,COMPLETE
2318,-1.0,2026-04-07 11:12:59.682564,2026-04-07 11:13:00.335419,0 days 00:00:00.652855,51.443909729743794,10.864925048971939,0.1011768825747751,Ag,COMPLETE
2319,-49.99999999997116,2026-04-07 11:12:59.781742,2026-04-07 11:13:00.453234,0 days 00:00:00.671492,68.11366099349998,1.406008116285757,0.1360648224747411,Ag,COMPLETE
2320,-49.99999999997149,2026-04-07 11:12:59.864634,2026-04-07 11:13:00.482867,0 days 00:00:00.618233,69.29538954117362,1.1971689972711803,0.15847225076886207,Ag,COMPLETE
2321,-1.0,2026-04-07 11:12:59.954653,2026-04-07 11:13:00.529932,0 days 00:00:00.575279,68.8587374855783,1.396658747611347,0.16460248754949386,Ag,COMPLETE
2322,-1.0,2026-04-07 11:13:00.046682,2026-04-07 11:13:00.596292,0 days 00:00:00.549610,68.58045305412753,19.15845782783013,0.1007613644842811,Ag,COMPLETE
2323,-26.91511387163228,2026-04-07 11:13:00.090157,2026-04-07 11:13:00.656422,0 days 00:00:00.566265,68.88682226630768,15.665418932432742,0.10067684467035776,Ag,COMPLETE
2324,-1.0,2026-04-07 11:13:00.110560,2026-04-07 11:13:00.657426,0 days 00:00:00.546866,68.98325687006422,1.3600675436596559,0.1654389425416359,Ag,COMPLETE
2325,-1.0,2026-04-07 11:13:00.202537,2026-04-07 11:13:00.823419,0 days 00:00:00.620882,69.23699079858005,1.454865952715211,0.1008681071542684,Ag,COMPLETE
2326,-18.321513002361517,2026-04-07 11:13:00.518691,2026-04-07 11:13:01.185396,0 days 00:00:00.666705,78.289196707022,1.1594193636589152,0.24026078306024268,Au,COMPLETE
2327,-19.55128205127913,2026-04-07 11:13:00.625244,2026-04-07 11:13:01.139990,0 days 00:00:00.514746,71.34342350001349,1.1513722893397718,0.10090390003046686,Au,COMPLETE
2328,-1.0,2026-04-07 11:13:00.659420,2026-04-07 11:13:01.216071,0 days 00:00:00.556651,71.77211690538785,1.1676448265284085,0.24478401498349212,Au,COMPLETE
2329,-1.0,2026-04-07 11:13:00.718698,2026-04-07 11:13:01.264595,0 days 00:00:00.545897,71.90876714770108,0.5082170486815535,0.33013891788379857,Au,COMPLETE
2330,-1.0,2026-04-07 11:13:00.737090,2026-04-07 11:13:01.355255,0 days 00:00:00.618165,77.91897267120403,1.2080141410261342,0.13464571268783793,Au,COMPLETE
2331,-1.0,2026-04-07 11:13:00.770125,2026-04-07 11:13:01.403189,0 days 00:00:00.633064,77.81128193629377,0.8350385055321767,0.24527714519734167,Cu,COMPLETE
2332,-1.0,2026-04-07 11:13:00.784827,2026-04-07 11:13:01.293100,0 days 00:00:00.508273,93.69751750554738,1.109340687750279,0.3266750757663759,Au,COMPLETE
2333,-1.0,2026-04-07 11:13:00.976806,2026-04-07 11:13:01.597553,0 days 00:00:00.620747,72.08157856120143,0.5022603256731638,0.25040447608741484,Au,COMPLETE
2334,-1.0,2026-04-07 11:13:01.267661,2026-04-07 11:13:01.842442,0 days 00:00:00.574781,66.31471231047561,0.8172708270298223,0.6748071407155247,Ag,COMPLETE
2335,-1.0,2026-04-07 11:13:01.420523,2026-04-07 11:13:02.057578,0 days 00:00:00.637055,66.31533596194683,0.7935814279339855,0.6947412797826628,Ag,COMPLETE
2336,-1.0,2026-04-07 11:13:01.435302,2026-04-07 11:13:02.105695,0 days 00:00:00.670393,65.4155620784032,0.5041956872406426,0.17737006905194036,Ag,COMPLETE
2337,-1.0,2026-04-07 11:13:01.482225,2026-04-07 11:13:02.031087,0 days 00:00:00.548862,65.34951879369022,0.5175884677142337,0.1677490025786995,Ag,COMPLETE
2338,-53.03030303027095,2026-04-07 11:13:01.512216,2026-04-07 11:13:02.072368,0 days 00:00:00.560152,65.39134734321337,0.5169117184283087,0.1006643998149322,Ag,COMPLETE
2339,-50.245098039186,2026-04-07 11:13:01.552938,2026-04-07 11:13:02.106735,0 days 00:00:00.553797,65.71144693152124,0.5021447890659922,0.16943934712507136,Ag,COMPLETE
2340,-1.0,2026-04-07 11:13:01.671230,2026-04-07 11:13:02.182864,0 days 00:00:00.511634,65.83324512535116,0.8328828647134581,0.16683853917098393,Ag,COMPLETE
2341,-1.0,2026-04-07 11:13:01.741335,2026-04-07 11:13:02.246422,0 days 00:00:00.505087,65.05769360120885,0.5166115519661494,0.16881864029798838,Ag,COMPLETE
2342,-1.0,2026-04-07 11:13:02.042981,2026-04-07 11:13:02.562754,0 days 00:00:00.519773,64.17375199535066,1.7239697660304454,0.16383178389019842,Ag,COMPLETE
2343,-1.0,2026-04-07 11:13:02.158496,2026-04-07 11:13:02.668872,0 days 00:00:00.510376,63.500586172153234,1.418545116397008,0.4412764528254096,Ag,COMPLETE
2344,-48.423423423397416,2026-04-07 11:13:02.168411,2026-04-07 11:13:02.803722,0 days 00:00:00.635311,62.45617941204242,1.5254958504643605,0.1331518744169496,Ag,COMPLETE
2345,-1.0,2026-04-07 11:13:02.202170,2026-04-07 11:13:02.638338,0 days 00:00:00.436168,62.81904317891845,1.5945001318612086,0.1010407610859033,Ag,COMPLETE
2346,-1.0,2026-04-07 11:13:02.217130,2026-04-07 11:13:02.819642,0 days 00:00:00.602512,70.64780644475013,1.7138626235578895,0.1319990944144364,Ag,COMPLETE
2347,-1.0,2026-04-07 11:13:02.244912,2026-04-07 11:13:02.698255,0 days 00:00:00.453343,23.963265300873623,1.6370378314839469,0.12934981499078282,Ag,COMPLETE
2348,-1.0,2026-04-07 11:13:02.336939,2026-04-07 11:13:02.883645,0 days 00:00:00.546706,62.56773233956626,1.602029382989281,0.39521769521219896,Ag,COMPLETE
2349,-39.96598639454138,2026-04-07 11:13:02.446331,2026-04-07 11:13:02.963144,0 days 00:00:00.516813,62.826096094601,5.065192709914732,0.10219825750663668,Ag,COMPLETE
2350,-1.0,2026-04-07 11:13:02.698255,2026-04-07 11:13:03.147968,0 days 00:00:00.449713,70.78962563858431,0.5007525355862157,0.13018741285784424,Ag,COMPLETE
2351,-1.0,2026-04-07 11:13:02.912951,2026-04-07 11:13:03.549356,0 days 00:00:00.636405,70.98622793843435,0.8352326093604454,0.12375946700231466,Ag,COMPLETE
2352,-1.0,2026-04-07 11:13:02.930044,2026-04-07 11:13:03.485534,0 days 00:00:00.555490,82.028715749803,0.8335354688389047,0.3733545030048575,Cu,COMPLETE
2353,-1.0,2026-04-07 11:13:02.957075,2026-04-07 11:13:03.410570,0 days 00:00:00.453495,67.2652189623006,13.72622634004948,0.13204601126602197,Ag,COMPLETE
2354,-1.0,2026-04-07 11:13:02.973600,2026-04-07 11:13:03.409562,0 days 00:00:00.435962,27.903909682153262,0.8572960214005105,0.13072892452575768,Cu,COMPLETE
2355,-1.0,2026-04-07 11:13:03.008377,2026-04-07 11:13:03.516785,0 days 00:00:00.508408,28.49356203632363,0.8875005260705403,0.12812478683788842,Ag,COMPLETE
2356,-1.0,2026-04-07 11:13:03.049077,2026-04-07 11:13:03.512076,0 days 00:00:00.462999,67.48798330293036,0.5092865398545843,0.3581826554843165,Ag,COMPLETE
2357,-41.66666666664682,2026-04-07 11:13:03.198202,2026-04-07 11:13:03.756211,0 days 00:00:00.558009,81.95742179291581,1.0954111080376776,0.14329985613017565,Ag,COMPLETE
2358,-1.0,2026-04-07 11:13:03.308047,2026-04-07 11:13:03.818253,0 days 00:00:00.510206,67.67406021532271,1.123827733485184,0.10065518976253102,Ag,COMPLETE
2359,-50.245098039186,2026-04-07 11:13:03.553373,2026-04-07 11:13:04.210652,0 days 00:00:00.657279,72.86185228875355,0.5109542333333008,0.12861925759734,Ag,COMPLETE
2360,-1.0,2026-04-07 11:13:03.639868,2026-04-07 11:13:04.130539,0 days 00:00:00.490671,73.1071551322892,0.5059271204555542,0.10304392225816357,Ag,COMPLETE
2361,-1.0,2026-04-07 11:13:03.628033,2026-04-07 11:13:04.238583,0 days 00:00:00.610550,73.55147849822924,1.2208693207934647,0.1316877944401072,Ag,COMPLETE
2362,-1.0,2026-04-07 11:13:03.678586,2026-04-07 11:13:04.366716,0 days 00:00:00.688130,73.35960212470951,1.218222146039529,0.1309263002883631,Ag,COMPLETE
2363,-49.999999999971564,2026-04-07 11:13:03.691790,2026-04-07 11:13:04.210652,0 days 00:00:00.518862,72.66287139542766,1.0943743137576871,0.10042960962080912,Ag,COMPLETE
2364,-1.0,2026-04-07 11:13:03.724683,2026-04-07 11:13:04.335748,0 days 00:00:00.611065,72.81049637775705,1.1471307075392403,0.12862683237101855,Ag,COMPLETE
2365,-1.0,2026-04-07 11:13:03.910798,2026-04-07 11:13:04.446002,0 days 00:00:00.535204,73.6118210344429,0.508350585021477,0.13152558103451617,Ag,COMPLETE
2366,-48.6111111110841,2026-04-07 11:13:04.015826,2026-04-07 11:13:04.491224,0 days 00:00:00.475398,73.04995590425364,1.1218714907678495,0.12973817933408474,Ag,COMPLETE
2367,-51.4705882352638,2026-04-07 11:13:04.257632,2026-04-07 11:13:04.844113,0 days 00:00:00.586481,70.1226154590564,0.9202794095840552,0.10119151604499885,Ag,COMPLETE
2368,-48.2456140350625,2026-04-07 11:13:04.367724,2026-04-07 11:13:05.067934,0 days 00:00:00.700210,69.79115436784271,2.2740335148479343,0.1333107583944449,Ag,COMPLETE
2369,-51.4705882352638,2026-04-07 11:13:04.448513,2026-04-07 11:13:05.055585,0 days 00:00:00.607072,69.61695137581404,0.8600137239435017,0.13056181964207755,Ag,COMPLETE
2370,-48.423423423397416,2026-04-07 11:13:04.519578,2026-04-07 11:13:04.981522,0 days 00:00:00.461944,69.49386079891828,2.268244076816544,0.10129188200863234,Ag,COMPLETE
2371,-1.0,2026-04-07 11:13:04.553284,2026-04-07 11:13:05.053154,0 days 00:00:00.499870,67.47312035831166,0.8625400092329238,0.10043703388090855,Ag,COMPLETE
2372,-1.0,2026-04-07 11:13:04.578917,2026-04-07 11:13:05.131741,0 days 00:00:00.552824,69.79457555273883,0.8323838145796032,0.10142376236206817,Ag,COMPLETE
2373,-1.0,2026-04-07 11:13:04.597000,2026-04-07 11:13:05.163108,0 days 00:00:00.566108,59.451701908117,2.130151667179296,0.10150747832184653,Ag,COMPLETE
2374,-45.833333333310414,2026-04-07 11:13:04.650016,2026-04-07 11:13:05.144347,0 days 00:00:00.494331,59.60001550227381,2.390500294671546,0.10088766956024615,Ag,COMPLETE
2375,-1.0,2026-04-07 11:13:05.004479,2026-04-07 11:13:05.648767,0 days 00:00:00.644288,67.45961830370322,0.509864161390735,0.10050563918245646,Ag,COMPLETE
2376,-42.65873015871006,2026-04-07 11:13:05.102082,2026-04-07 11:13:05.616711,0 days 00:00:00.514629,66.83558218238483,1.4116127432688161,0.877357107349296,Ag,COMPLETE
2377,-1.0,2026-04-07 11:13:05.197756,2026-04-07 11:13:05.892885,0 days 00:00:00.695129,67.95930626570612,1.4620785459503587,0.16153018466338154,Ag,COMPLETE
2378,-49.99999999997132,2026-04-07 11:13:05.220716,2026-04-07 11:13:05.721548,0 days 00:00:00.500832,67.0032194451909,1.3319134848839078,0.10085502033720029,Ag,COMPLETE
2379,-1.0,2026-04-07 11:13:05.241508,2026-04-07 11:13:05.691538,0 days 00:00:00.450030,66.99282915993889,0.5109155602933595,1.846153111969277,Ag,COMPLETE
2380,-1.0,2026-04-07 11:13:05.258450,2026-04-07 11:13:05.796654,0 days 00:00:00.538204,67.70298738018624,0.5147571976828915,0.16333382563230056,Ag,COMPLETE
2381,-49.99999999997116,2026-04-07 11:13:05.270672,2026-04-07 11:13:05.830528,0 days 00:00:00.559856,67.49080421538541,1.3681334269106717,0.17002513658304289,Ag,COMPLETE
2382,-1.0,2026-04-07 11:13:05.318779,2026-04-07 11:13:06.032158,0 days 00:00:00.713379,67.25542229337127,1.4178790939813795,0.15504043654758798,Ag,COMPLETE
2383,-12.070105820104862,2026-04-07 11:13:05.774481,2026-04-07 11:13:06.533925,0 days 00:00:00.759444,25.13211684563455,18.673679167123478,1.7546901055316793,Ag,COMPLETE
2384,-50.24509803918621,2026-04-07 11:13:05.796654,2026-04-07 11:13:06.449498,0 days 00:00:00.652844,64.39296719064805,0.8613803446852342,0.10126814816915045,Ag,COMPLETE
2385,-37.280701754372984,2026-04-07 11:13:05.919625,2026-04-07 11:13:06.251912,0 days 00:00:00.332287,64.82125775943013,6.872058043704397,0.1646485117703969,Ag,COMPLETE
2386,-1.0,2026-04-07 11:13:05.969330,2026-04-07 11:13:06.375322,0 days 00:00:00.405992,64.92658133147633,17.779386908364515,0.15693436612743045,Ag,COMPLETE
2387,-7.799671592774281,2026-04-07 11:13:05.896535,2026-04-07 11:13:06.468148,0 days 00:00:00.571613,25.125002992078127,0.8670406233148966,0.16010152831035906,Ag,COMPLETE
2388,21.92982456140318,2026-04-07 11:13:05.834449,2026-04-07 11:13:06.615339,0 days 00:00:00.780890,64.38233814334085,18.679121441937955,0.15529268176851246,Ag,COMPLETE
2389,-51.4705882352638,2026-04-07 11:13:06.127314,2026-04-07 11:13:06.861152,0 days 00:00:00.733838,64.41045821861475,0.8612408860634282,0.13664416331129092,Ag,COMPLETE
2390,-1.0,2026-04-07 11:13:06.283802,2026-04-07 11:13:06.789667,0 days 00:00:00.505865,70.93810446098595,0.8549099690772035,0.13614864820077335,Ag,COMPLETE
2391,-1.0,2026-04-07 11:13:06.483108,2026-04-07 11:13:07.063397,0 days 00:00:00.580289,71.19424712810307,0.8502270228932363,0.10107591663783126,Ag,COMPLETE
2392,-51.76767676764536,2026-04-07 11:13:06.581710,2026-04-07 11:13:07.193143,0 days 00:00:00.611433,71.47519565525678,0.5026033284005199,0.10007068810569979,Ag,COMPLETE
2393,-1.0,2026-04-07 11:13:06.652151,2026-04-07 11:13:07.207712,0 days 00:00:00.555561,57.0514315693497,0.5043252345798932,0.10074310063658411,Cu,COMPLETE
2394,-30.982905982898057,2026-04-07 11:13:06.712627,2026-04-07 11:13:07.253797,0 days 00:00:00.541170,76.30096337804386,9.143704026951994,0.19844556213820358,Ag,COMPLETE
2395,-1.0,2026-04-07 11:13:06.739457,2026-04-07 11:13:07.333223,0 days 00:00:00.593766,85.79181580453171,9.140514654991424,0.10064816622978379,Cu,COMPLETE
2396,-1.0,2026-04-07 11:13:06.810388,2026-04-07 11:13:07.253797,0 days 00:00:00.443409,70.97932284801573,1.1994174065242427,0.19763649050628032,Cu,COMPLETE
2397,-1.0,2026-04-07 11:13:07.004570,2026-04-07 11:13:07.480394,0 days 00:00:00.475824,75.69209012183398,9.15132387366763,0.19600124571447242,Ag,COMPLETE
2398,-1.0,2026-04-07 11:13:07.016991,2026-04-07 11:13:07.503420,0 days 00:00:00.486429,75.25957572305856,0.5060293809936098,0.10089433113367922,Ag,COMPLETE
2399,-1.0,2026-04-07 11:13:07.236045,2026-04-07 11:13:07.791267,0 days 00:00:00.555222,20.32918054047287,0.502644201973836,0.13676018419138325,Ag,COMPLETE
2400,-1.486860304287663,2026-04-07 11:13:07.297616,2026-04-07 11:13:08.024986,0 days 00:00:00.727370,108.29650158141393,1.9504665039059146,0.1627334559798947,Ag,COMPLETE
2401,-48.42342342339725,2026-04-07 11:13:07.366338,2026-04-07 11:13:07.836557,0 days 00:00:00.470219,68.78337732463488,1.8204614373271306,0.1340016972347627,Ag,COMPLETE
2402,-1.0,2026-04-07 11:13:07.436149,2026-04-07 11:13:07.965771,0 days 00:00:00.529622,33.14610565654643,1.8561552037453877,0.16012769093868018,Ag,COMPLETE
2403,-1.0,2026-04-07 11:13:07.482910,2026-04-07 11:13:07.960797,0 days 00:00:00.477887,68.73780821289508,1.9799113373186763,0.3367335568329277,Ag,COMPLETE
2404,-29.66101694914245,2026-04-07 11:13:07.585718,2026-04-07 11:13:08.054865,0 days 00:00:00.469147,45.425132347927516,1.0535874651505353,0.6219036648685572,Ag,COMPLETE
2405,-48.61111111108429,2026-04-07 11:13:07.633594,2026-04-07 11:13:08.145342,0 days 00:00:00.511748,69.35154237881825,0.5046161901187998,0.5327768029417874,Ag,COMPLETE
2406,-28.9548022598772,2026-04-07 11:13:07.681432,2026-04-07 11:13:08.216174,0 days 00:00:00.534742,44.83584581439778,1.2367224048393743,0.3370393526203351,Ag,COMPLETE
2407,-1.0,2026-04-07 11:13:07.920964,2026-04-07 11:13:08.582814,0 days 00:00:00.661850,62.34424443616147,1.1471203692242304,0.1832021176977402,Ag,COMPLETE
2408,-2.5143678160918896,2026-04-07 11:13:07.991105,2026-04-07 11:13:08.572278,0 days 00:00:00.581173,97.44393082160475,1.1186046347036367,0.18744417883125333,Ag,COMPLETE
2409,-2.4707996406108945,2026-04-07 11:13:08.118952,2026-04-07 11:13:08.777028,0 days 00:00:00.658076,97.11798631734135,1.1470804276608622,0.7464822800716426,Ag,COMPLETE
2410,-49.99999999997173,2026-04-07 11:13:08.181206,2026-04-07 11:13:08.771507,0 days 00:00:00.590301,70.36267213484317,1.1303204632630397,0.1006154441654276,Ag,COMPLETE
2411,-1.0,2026-04-07 11:13:08.220303,2026-04-07 11:13:08.677948,0 days 00:00:00.457645,62.308454465913655,1.081105136620193,0.18962617679755267,Ag,COMPLETE
2412,-49.99999999997149,2026-04-07 11:13:08.291733,2026-04-07 11:13:08.906973,0 days 00:00:00.615240,65.84612120345594,1.1494120043472789,0.17821890292666787,Ag,COMPLETE
2413,-1.0,2026-04-07 11:13:08.357388,2026-04-07 11:13:08.966863,0 days 00:00:00.609475,111.33557160820527,1.0107582316995538,0.20217683123588243,Ag,COMPLETE
2414,-1.0,2026-04-07 11:13:08.390687,2026-04-07 11:13:08.968423,0 days 00:00:00.577736,61.9272797193935,1.0972009641783953,0.465999824121907,Ag,COMPLETE
2415,-17.454954954952587,2026-04-07 11:13:08.707069,2026-04-07 11:13:09.208102,0 days 00:00:00.501033,65.79585616560425,0.5071994372306677,1.0375145999543436,Au,COMPLETE
2416,-17.543859649120495,2026-04-07 11:13:08.818475,2026-04-07 11:13:09.363719,0 days 00:00:00.545244,69.1000991178844,0.8304129446875657,1.0044757488777094,Au,COMPLETE
2417,-1.0,2026-04-07 11:13:08.871965,2026-04-07 11:13:09.472597,0 days 00:00:00.600632,79.65734691760609,1.5161792880893246,0.10040141478668481,Au,COMPLETE
2418,-1.0,2026-04-07 11:13:08.925652,2026-04-07 11:13:09.441821,0 days 00:00:00.516169,69.15088348905938,0.8823318929887523,1.0028302783788063,Au,COMPLETE
2419,-1.0,2026-04-07 11:13:09.001194,2026-04-07 11:13:09.548435,0 days 00:00:00.547241,68.82606815840532,0.5098727460713284,0.13916927808189977,Au,COMPLETE
2420,-1.0,2026-04-07 11:13:09.059491,2026-04-07 11:13:09.525093,0 days 00:00:00.465602,66.23229597254848,1.5633022539663042,0.13762522829345292,Au,COMPLETE
2421,-1.0,2026-04-07 11:13:09.120739,2026-04-07 11:13:09.907456,0 days 00:00:00.786717,67.86416453395638,8.035623198295706,0.10096162990381535,Ag,COMPLETE
2422,-53.03030303027095,2026-04-07 11:13:09.176064,2026-04-07 11:13:09.663190,0 days 00:00:00.487126,69.13278529361101,0.8251136477963867,0.14418450639955305,Ag,COMPLETE
2423,-1.0,2026-04-07 11:13:09.304539,2026-04-07 11:13:10.235878,0 days 00:00:00.931339,71.96473732728033,0.8653131327238086,0.9285627457278904,Ag,COMPLETE
2424,-48.42342342339707,2026-04-07 11:13:09.516197,2026-04-07 11:13:10.283552,0 days 00:00:00.767355,74.33801575700842,1.7221563330069884,0.13624085967428703,Ag,COMPLETE
2425,-48.423423423397416,2026-04-07 11:13:09.599732,2026-04-07 11:13:10.355708,0 days 00:00:00.755976,71.9880398363537,1.8661496358812413,0.14327287690037283,Ag,COMPLETE
2426,-1.0,2026-04-07 11:13:09.808605,2026-04-07 11:13:10.435218,0 days 00:00:00.626613,71.74863784035678,1.6841953810949832,0.13834767940455978,Ag,COMPLETE
2427,-1.0,2026-04-07 11:13:09.841829,2026-04-07 11:13:10.403937,0 days 00:00:00.562108,71.93882447218165,1.6345844449862548,0.13816342200737286,Ag,COMPLETE
2428,-48.61111111108426,2026-04-07 11:13:09.873203,2026-04-07 11:13:10.282511,0 days 00:00:00.409308,70.7607764725538,1.5739347691721601,0.13605684292735534,Ag,COMPLETE
2429,-1.0,2026-04-07 11:13:09.904979,2026-04-07 11:13:10.388556,0 days 00:00:00.483577,74.71409702042034,1.638105581555565,0.137115463616932,Ag,COMPLETE
2430,-1.0,2026-04-07 11:13:10.078418,2026-04-07 11:13:10.644354,0 days 00:00:00.565936,74.58697107388089,1.7542216520909668,0.13665540683837385,Ag,COMPLETE
2431,-1.0,2026-04-07 11:13:10.315761,2026-04-07 11:13:10.938057,0 days 00:00:00.622296,76.67173432841295,15.275191746533883,0.10102604690074052,Ag,COMPLETE
2432,-48.61111111108394,2026-04-07 11:13:10.437093,2026-04-07 11:13:10.864845,0 days 00:00:00.427752,73.9573206148585,1.3764226955615413,0.1668150373465162,Ag,COMPLETE
2433,-1.0,2026-04-07 11:13:10.507149,2026-04-07 11:13:11.145032,0 days 00:00:00.637883,74.59287930767651,1.2482998816162505,0.15997675417458174,Ag,COMPLETE
2434,-15.290519877674429,2026-04-07 11:13:10.535446,2026-04-07 11:13:11.145032,0 days 00:00:00.609586,70.70271409194028,16.910682124130517,0.10106881621752878,Ag,COMPLETE
2435,-1.0,2026-04-07 11:13:10.548838,2026-04-07 11:13:11.172009,0 days 00:00:00.623171,70.59810274837304,1.1667257267425415,0.16325727023296013,Ag,COMPLETE
2436,-1.0,2026-04-07 11:13:10.579557,2026-04-07 11:13:11.220070,0 days 00:00:00.640513,70.38544952082586,10.46025633563467,0.16200700822548836,Ag,COMPLETE
2437,-1.0,2026-04-07 11:13:10.655491,2026-04-07 11:13:11.203649,0 days 00:00:00.548158,70.06488958294577,1.3978023568696059,0.10051687953280491,Ag,COMPLETE
2438,-1.0,2026-04-07 11:13:10.815582,2026-04-07 11:13:11.454645,0 days 00:00:00.639063,37.461663700985476,0.8450387398955278,0.1611505765788027,Ag,COMPLETE
2439,-1.0,2026-04-07 11:13:11.051966,2026-04-07 11:13:11.759796,0 days 00:00:00.707830,72.86900665065895,2.7174157011129916,0.10067044130605768,Ag,COMPLETE
2440,-1.0,2026-04-07 11:13:11.086859,2026-04-07 11:13:11.598017,0 days 00:00:00.511158,37.295130728248054,2.6950367381517193,0.16267981133304665,Ag,COMPLETE
2441,-1.0,2026-04-07 11:13:11.300026,2026-04-07 11:13:11.860460,0 days 00:00:00.560434,72.190667374216,0.8793303551391216,0.1609263600905757,Ag,COMPLETE
2442,-1.0,2026-04-07 11:13:11.315752,2026-04-07 11:13:11.970971,0 days 00:00:00.655219,68.6740395818436,0.8330104204247863,0.1347275637518888,Ag,COMPLETE
2443,-1.0,2026-04-07 11:13:11.330978,2026-04-07 11:13:11.911903,0 days 00:00:00.580925,72.82826690269079,0.8764871961114635,0.13906393667602607,Ag,COMPLETE
2444,-1.0,2026-04-07 11:13:11.406960,2026-04-07 11:13:11.912902,0 days 00:00:00.505942,69.25456995288533,0.9400378355160506,0.138615926094201,Ag,COMPLETE
2445,-24.621212121209325,2026-04-07 11:13:11.454645,2026-04-07 11:13:12.041737,0 days 00:00:00.587092,72.42336300136449,16.06572238007711,0.13665548707081257,Ag,COMPLETE
2446,-1.0,2026-04-07 11:13:11.645019,2026-04-07 11:13:12.096483,0 days 00:00:00.451464,68.97016591545461,0.8248423874464618,0.10060816622880382,Ag,COMPLETE
2447,-30.219780219773487,2026-04-07 11:13:11.804171,2026-04-07 11:13:12.399495,0 days 00:00:00.595324,69.6488229995145,11.257023621558824,0.1429063173287221,Ag,COMPLETE
2448,-49.99999999997132,2026-04-07 11:13:11.881376,2026-04-07 11:13:12.382706,0 days 00:00:00.501330,69.07094286352554,0.8508513361541885,0.19090391414785834,Ag,COMPLETE
2449,-1.0,2026-04-07 11:13:12.017145,2026-04-07 11:13:12.582469,0 days 00:00:00.565324,30.479316756489897,1.372380186648283,0.1944351049028422,Ag,COMPLETE
2450,-49.99999999997152,2026-04-07 11:13:12.045244,2026-04-07 11:13:12.804377,0 days 00:00:00.759133,66.35693985379407,1.3797119537771083,0.10073911118161123,Ag,COMPLETE
2451,-1.0,2026-04-07 11:13:12.094673,2026-04-07 11:13:12.682065,0 days 00:00:00.587392,66.97331904856809,1.391356906777207,0.10017278752108298,Ag,COMPLETE
2452,-1.0,2026-04-07 11:13:12.158412,2026-04-07 11:13:12.897871,0 days 00:00:00.739459,67.12002211905212,1.351203790800617,0.19547198301264268,Ag,COMPLETE
2453,-1.0,2026-04-07 11:13:12.235322,2026-04-07 11:13:12.861191,0 days 00:00:00.625869,67.49487812925645,11.103678544507346,0.1949730152991636,Ag,COMPLETE
2454,-1.0,2026-04-07 11:13:12.293145,2026-04-07 11:13:12.850541,0 days 00:00:00.557396,67.03731543878736,1.3794043521194688,0.19276857979888026,Ag,COMPLETE
2455,-0.8802816901408202,2026-04-07 11:13:12.543466,2026-04-07 11:13:13.019500,0 days 00:00:00.476034,22.873831702603017,0.5064256972175157,1.3468974957750985,Ag,COMPLETE
2456,-1.0,2026-04-07 11:13:12.532466,2026-04-07 11:13:13.019500,0 days 00:00:00.487034,23.42539516005562,0.5147944410488955,0.1880437720234961,Ag,COMPLETE
2457,-1.0,2026-04-07 11:13:12.722968,2026-04-07 11:13:13.159590,0 days 00:00:00.436622,65.14407047448277,0.851041357187918,0.19175718668618838,Ag,COMPLETE
2458,-1.0,2026-04-07 11:13:12.851539,2026-04-07 11:13:13.520309,0 days 00:00:00.668770,70.7966281671636,0.8900962516963509,0.10080793279729781,Cu,COMPLETE
2459,-1.0,2026-04-07 11:13:12.977993,2026-04-07 11:13:13.663284,0 days 00:00:00.685291,76.84185059458507,0.5059023329799553,1.1861062575346253,Ag,COMPLETE
2460,-1.0,2026-04-07 11:13:13.023006,2026-04-07 11:13:13.741151,0 days 00:00:00.718145,77.01515412166044,0.8551725084481883,1.8008797051255696,Cu,COMPLETE
2461,-1.0,2026-04-07 11:13:13.106756,2026-04-07 11:13:13.775470,0 days 00:00:00.668714,70.90934947936856,0.8298779460556446,0.13141338033236122,Cu,COMPLETE
2462,-1.0,2026-04-07 11:13:13.130375,2026-04-07 11:13:13.597855,0 days 00:00:00.467480,71.34955401279383,0.5055638657484257,1.798514810408386,Cu,COMPLETE
2463,-1.0,2026-04-07 11:13:13.146535,2026-04-07 11:13:13.708435,0 days 00:00:00.561900,77.08577649828192,0.8394471066644165,0.13109064900974532,Ag,COMPLETE
2464,-1.0,2026-04-07 11:13:13.190548,2026-04-07 11:13:13.677520,0 days 00:00:00.486972,71.57214808030177,0.507674373529548,0.10031979551335522,Ag,COMPLETE
2465,-1.0,2026-04-07 11:13:13.304976,2026-04-07 11:13:13.926715,0 days 00:00:00.621739,71.04486588943307,0.5081171328801379,0.13467711631784163,Cu,COMPLETE
2466,-1.0,2026-04-07 11:13:13.634968,2026-04-07 11:13:14.159138,0 days 00:00:00.524170,64.06588240365349,1.1544620771494194,0.16182490518628273,Ag,COMPLETE
2467,-1.0,2026-04-07 11:13:13.776469,2026-04-07 11:13:14.406572,0 days 00:00:00.630103,64.70977292738928,2.0135260285010665,0.15540318371055847,Ag,COMPLETE
2468,-1.0,2026-04-07 11:13:13.836649,2026-04-07 11:13:14.338733,0 days 00:00:00.502084,55.19244129363659,2.144585516198898,1.6580386657422261,Ag,COMPLETE
2469,-1.0,2026-04-07 11:13:13.865129,2026-04-07 11:13:14.517476,0 days 00:00:00.652347,54.78979667145256,1.1764999114084267,0.16494347627773548,Ag,COMPLETE
2470,-35.51912568304851,2026-04-07 11:13:13.881970,2026-04-07 11:13:14.641702,0 days 00:00:00.759732,64.48813279241499,7.542247005124136,0.15606872154112506,Ag,COMPLETE
2471,-1.0,2026-04-07 11:13:13.899445,2026-04-07 11:13:14.456258,0 days 00:00:00.556813,64.47387125228822,2.160451559729143,0.10037394050477341,Ag,COMPLETE
2472,-1.0,2026-04-07 11:13:13.929235,2026-04-07 11:13:14.458258,0 days 00:00:00.529023,60.30151772107952,0.500159426992385,0.15985732347319231,Ag,COMPLETE
2473,-1.0,2026-04-07 11:13:14.164209,2026-04-07 11:13:14.986642,0 days 00:00:00.822433,68.64318373160984,2.00182287041833,0.835567793882993,Ag,COMPLETE
2474,-1.0,2026-04-07 11:13:14.343156,2026-04-07 11:13:15.079299,0 days 00:00:00.736143,74.15661338822562,1.4173437303465821,0.10120129450434068,Ag,COMPLETE
2475,-1.0,2026-04-07 11:13:14.550377,2026-04-07 11:13:15.141802,0 days 00:00:00.591425,74.19007604049062,1.140622309280618,0.13354331473404765,Ag,COMPLETE
2476,-1.0,2026-04-07 11:13:14.599437,2026-04-07 11:13:15.139793,0 days 00:00:00.540356,74.735549316728,1.1103103573021271,0.10139006843070064,Ag,COMPLETE
2477,-49.999999999971564,2026-04-07 11:13:14.613352,2026-04-07 11:13:15.142801,0 days 00:00:00.529449,74.3697898625659,1.1111285877308048,0.10098237832948141,Ag,COMPLETE
2478,-1.0,2026-04-07 11:13:14.686176,2026-04-07 11:13:15.138788,0 days 00:00:00.452612,48.12828926512665,13.071904827016116,0.10069055773172199,Ag,COMPLETE
2479,-49.99999999997173,2026-04-07 11:13:14.748694,2026-04-07 11:13:15.245005,0 days 00:00:00.496311,69.65018738514149,1.1022069421722098,0.13179296130041962,Ag,COMPLETE
2480,-1.0,2026-04-07 11:13:14.820410,2026-04-07 11:13:15.262387,0 days 00:00:00.441977,68.81086992234763,1.2126217777814552,0.13531293569374475,Ag,COMPLETE
2481,-1.0,2026-04-07 11:13:15.113909,2026-04-07 11:13:15.716355,0 days 00:00:00.602446,68.78357962195716,0.8681069105118895,0.16726644484913636,Ag,COMPLETE
2482,-1.0,2026-04-07 11:13:15.236475,2026-04-07 11:13:15.848514,0 days 00:00:00.612039,66.63570903808791,8.568562984772345,0.1750798914707677,Ag,COMPLETE
2483,-1.0,2026-04-07 11:13:15.343977,2026-04-07 11:13:15.846511,0 days 00:00:00.502534,66.27185230155274,0.8512703476432416,0.17850724937306278,Ag,COMPLETE
2484,-1.0,2026-04-07 11:13:15.358353,2026-04-07 11:13:15.954964,0 days 00:00:00.596611,67.15962667290482,0.8308125649920388,0.1710206204071334,Ag,COMPLETE
2485,-51.76767676764536,2026-04-07 11:13:15.373537,2026-04-07 11:13:15.953955,0 days 00:00:00.580418,66.94904684789557,0.5017414482734851,0.17004484816094417,Ag,COMPLETE
2486,-50.245098039186,2026-04-07 11:13:15.423205,2026-04-07 11:13:16.060623,0 days 00:00:00.637418,66.30546049621796,0.8472395820165454,0.1772836460276081,Ag,COMPLETE
2487,-1.0,2026-04-07 11:13:15.436704,2026-04-07 11:13:15.982297,0 days 00:00:00.545593,66.59808462508579,18.240967357919136,0.17007636750179528,Ag,COMPLETE
2488,-34.82587064675573,2026-04-07 11:13:15.488381,2026-04-07 11:13:15.996890,0 days 00:00:00.508509,67.9270010137558,8.534483417674018,0.17071534379094988,Ag,COMPLETE
2489,-1.0,2026-04-07 11:13:15.851514,2026-04-07 11:13:16.331953,0 days 00:00:00.480439,67.10058284477437,1.693832133337568,0.20212310594287713,Ag,COMPLETE
2490,-0.29342723004694005,2026-04-07 11:13:16.016686,2026-04-07 11:13:16.750268,0 days 00:00:00.733582,25.9063275943343,1.6853319377990759,0.2138938466708219,Au,COMPLETE
2491,-1.0,2026-04-07 11:13:16.100443,2026-04-07 11:13:16.623357,0 days 00:00:00.522914,72.48486127253031,1.5044119763983879,0.13205585087862884,Au,COMPLETE
2492,-18.856447688561648,2026-04-07 11:13:16.114716,2026-04-07 11:13:16.702190,0 days 00:00:00.587474,70.10394689087514,1.4275834423543814,0.21373704145738515,Au,COMPLETE
2493,-1.0,2026-04-07 11:13:16.141612,2026-04-07 11:13:16.793974,0 days 00:00:00.652362,72.51338626755035,0.5013734023118185,0.13621563983540494,Au,COMPLETE
2494,-8.928571428570464,2026-04-07 11:13:16.060623,2026-04-07 11:13:16.723925,0 days 00:00:00.663302,26.887164581056393,1.401053227925777,0.13440284000119243,Ag,COMPLETE
2495,-19.82526881720103,2026-04-07 11:13:16.232986,2026-04-07 11:13:16.722926,0 days 00:00:00.489940,72.3996405936659,0.5010983582190938,0.13596963211793878,Au,COMPLETE
2496,-1.0,2026-04-07 11:13:16.254516,2026-04-07 11:13:16.794481,0 days 00:00:00.539965,70.57993842743699,0.5014639694993823,0.13347976777745948,Au,COMPLETE
2497,-1.0,2026-04-07 11:13:16.520069,2026-04-07 11:13:17.031218,0 days 00:00:00.511149,72.17449017849397,0.5071786805771457,0.1300537720027258,Au,COMPLETE
2498,-1.0,2026-04-07 11:13:16.704238,2026-04-07 11:13:17.386942,0 days 00:00:00.682704,79.47903211958194,0.8444526601555516,0.10041505902264457,Ag,COMPLETE
2499,-1.0,2026-04-07 11:13:16.755447,2026-04-07 11:13:17.431162,0 days 00:00:00.675715,63.107239070175744,1.1082901745715659,0.1342156345692022,Ag,COMPLETE
2500,-1.0,2026-04-07 11:13:16.920083,2026-04-07 11:13:17.640267,0 days 00:00:00.720184,60.437324997038175,1.0856620391143141,0.13470197549918453,Ag,COMPLETE
2501,-1.0,2026-04-07 11:13:16.978824,2026-04-07 11:13:17.523664,0 days 00:00:00.544840,63.38155428499819,0.8707911193626912,0.13565826773443643,Ag,COMPLETE
2502,-1.0,2026-04-07 11:13:17.026903,2026-04-07 11:13:17.520012,0 days 00:00:00.493109,62.96208520981368,1.0800728469098155,0.135665820701522,Ag,COMPLETE
2503,-35.25641025639669,2026-04-07 11:13:17.078946,2026-04-07 11:13:17.521015,0 days 00:00:00.442069,79.57593687761184,1.0752926025184675,1.1179483673924264,Ag,COMPLETE
2504,-1.0,2026-04-07 11:13:17.157687,2026-04-07 11:13:17.715210,0 days 00:00:00.557523,62.58730382855103,0.8815930932638391,0.10110441873240325,Ag,COMPLETE
2505,-1.0,2026-04-07 11:13:17.316328,2026-04-07 11:13:17.918111,0 days 00:00:00.601783,69.27616201867757,1.0540167254734099,1.134673474951422,Ag,COMPLETE
2506,-1.0,2026-04-07 11:13:17.590931,2026-04-07 11:13:18.128398,0 days 00:00:00.537467,69.60815099826269,5.792530075185498,0.21090598359493418,Ag,COMPLETE
2507,-1.0,2026-04-07 11:13:17.673858,2026-04-07 11:13:18.266900,0 days 00:00:00.593042,69.22498257155377,5.721479003451698,1.542119557540535,Ag,COMPLETE
2508,-1.0,2026-04-07 11:13:17.686314,2026-04-07 11:13:18.392249,0 days 00:00:00.705935,69.47868288019416,13.808366151388281,0.10007685373657585,Ag,COMPLETE
2509,-1.0,2026-04-07 11:13:17.766694,2026-04-07 11:13:18.359146,0 days 00:00:00.592452,69.1752301343278,1.6417622418878535,1.5513163681955067,Ag,COMPLETE
2510,-40.06410256408704,2026-04-07 11:13:17.810050,2026-04-07 11:13:18.438137,0 days 00:00:00.628087,69.09908263005663,5.783479300491107,0.20674471760509106,Ag,COMPLETE
2511,-1.0,2026-04-07 11:13:17.850810,2026-04-07 11:13:18.466705,0 days 00:00:00.615895,69.41353630769606,1.5862711459306813,0.20309630631798045,Ag,COMPLETE
2512,-1.0,2026-04-07 11:13:17.886410,2026-04-07 11:13:18.419995,0 days 00:00:00.533585,69.67173534866133,10.146558065303235,0.21428340562762666,Ag,COMPLETE
2513,-1.0,2026-04-07 11:13:18.131390,2026-04-07 11:13:18.699131,0 days 00:00:00.567741,64.96775576970585,0.5067272827141156,0.21035033690526939,Ag,COMPLETE
2514,-1.0,2026-04-07 11:13:18.285637,2026-04-07 11:13:18.764520,0 days 00:00:00.478883,65.09564355082914,0.8438558195935333,0.10071731549965222,Ag,COMPLETE
2515,-1.0,2026-04-07 11:13:18.348401,2026-04-07 11:13:18.848082,0 days 00:00:00.499681,65.2749775243253,0.5047196232436133,0.16806066427873725,Ag,COMPLETE
2516,-1.0,2026-04-07 11:13:18.508582,2026-04-07 11:13:19.154171,0 days 00:00:00.645589,65.07586649776769,0.5092833902693391,0.16162602311823498,Ag,COMPLETE
2517,-1.0,2026-04-07 11:13:18.540280,2026-04-07 11:13:19.152150,0 days 00:00:00.611870,65.39657743330419,0.8426470916588209,0.16510897433363175,Ag,COMPLETE
2518,-1.0,2026-04-07 11:13:18.572623,2026-04-07 11:13:19.100107,0 days 00:00:00.527484,65.39054061796078,0.8623745730356803,0.10042806404290731,Ag,COMPLETE
2519,-49.99999999997152,2026-04-07 11:13:18.697839,2026-04-07 11:13:19.250201,0 days 00:00:00.552362,71.1184697433461,1.3441167716227824,0.10007538348459795,Ag,COMPLETE
2520,-1.0,2026-04-07 11:13:18.768516,2026-04-07 11:13:19.353772,0 days 00:00:00.585256,71.82805812638316,1.2998999287265884,0.15859266239093897,Ag,COMPLETE
2521,-1.0,2026-04-07 11:13:18.909758,2026-04-07 11:13:19.543499,0 days 00:00:00.633741,72.07394625783564,4.352545014542057,0.15834853586503667,Ag,COMPLETE
2522,-51.76767676764536,2026-04-07 11:13:18.957861,2026-04-07 11:13:19.499790,0 days 00:00:00.541929,71.44664612426332,0.5006654478465233,0.162823306464224,Ag,COMPLETE
2523,-46.05263157892298,2026-04-07 11:13:19.005909,2026-04-07 11:13:19.653876,0 days 00:00:00.647967,75.56499897890927,0.5031872156309873,0.5741468936623442,Ag,COMPLETE
2524,-1.0,2026-04-07 11:13:19.295731,2026-04-07 11:13:19.990582,0 days 00:00:00.694851,39.60650189934943,1.929016966274111,0.13422594893061018,Ag,COMPLETE
2525,-1.0,2026-04-07 11:13:19.310336,2026-04-07 11:13:19.883150,0 days 00:00:00.572814,75.2009337153022,1.7472506249857371,0.13565465176207323,Ag,COMPLETE
2526,-48.423423423397416,2026-04-07 11:13:19.351665,2026-04-07 11:13:19.964089,0 days 00:00:00.612424,73.74781671560712,1.8864931797577005,0.13823084442702074,Ag,COMPLETE
2527,-1.0,2026-04-07 11:13:19.424646,2026-04-07 11:13:20.058401,0 days 00:00:00.633755,73.61805103038573,1.7931107608877381,0.14291744403361817,Ag,COMPLETE
2528,-1.0,2026-04-07 11:13:19.545509,2026-04-07 11:13:20.141839,0 days 00:00:00.596330,67.71434152770702,1.9665977678452629,1.2978575091106133,Ag,COMPLETE
2529,-1.0,2026-04-07 11:13:19.698090,2026-04-07 11:13:20.357162,0 days 00:00:00.659072,68.1651600517564,1.130765250317482,0.10052396086091829,Ag,COMPLETE
2530,-1.0,2026-04-07 11:13:19.771447,2026-04-07 11:13:20.357162,0 days 00:00:00.585715,73.63438232769039,1.1888233147771952,0.1324967631728692,Ag,COMPLETE
2531,-1.0,2026-04-07 11:13:19.850352,2026-04-07 11:13:20.499779,0 days 00:00:00.649427,67.70522684407818,17.50461002861272,0.13103036660467815,Ag,COMPLETE
2532,-1.0,2026-04-07 11:13:20.076646,2026-04-07 11:13:20.693118,0 days 00:00:00.616472,60.008112045354345,1.3252981239958155,0.1330021868686912,Ag,COMPLETE
2533,-28.688524590154557,2026-04-07 11:13:20.104506,2026-04-07 11:13:20.583202,0 days 00:00:00.478696,43.48406884911768,1.1573538386570474,0.1920825837959919,Ag,COMPLETE
2534,-1.0,2026-04-07 11:13:20.144351,2026-04-07 11:13:20.631202,0 days 00:00:00.486851,60.254458946180385,19.439337889504678,0.19425561293414406,Ag,COMPLETE
2535,-1.0,2026-04-07 11:13:20.201772,2026-04-07 11:13:20.671332,0 days 00:00:00.469560,41.59415968770125,1.1563976637399,1.7129323962249998,Ag,COMPLETE
2536,-1.0,2026-04-07 11:13:20.415491,2026-04-07 11:13:21.007284,0 days 00:00:00.591793,61.55835786664791,0.8253463389817508,0.10084261730390387,Ag,COMPLETE
2537,-1.0,2026-04-07 11:13:20.534090,2026-04-07 11:13:21.259892,0 days 00:00:00.725802,67.60157969870669,0.8478540705612799,1.416231202570907,Ag,COMPLETE
2538,-1.0,2026-04-07 11:13:20.588076,2026-04-07 11:13:21.163273,0 days 00:00:00.575197,70.78188026666164,0.8388561327479043,0.10030926901153894,Ag,COMPLETE
2539,-37.94642857141507,2026-04-07 11:13:20.711516,2026-04-07 11:13:21.261524,0 days 00:00:00.550008,66.9329082370089,6.520036342581553,0.2252212530153033,Ag,COMPLETE
2540,-50.245098039186,2026-04-07 11:13:20.769772,2026-04-07 11:13:21.258368,0 days 00:00:00.488596,67.35826238586799,0.8486249306516818,0.18393883592994414,Ag,COMPLETE
2541,-49.99999999997132,2026-04-07 11:13:20.824043,2026-04-07 11:13:21.302277,0 days 00:00:00.478234,67.4184012724269,0.8275682774617722,0.22312080237027823,Ag,COMPLETE
2542,-1.0,2026-04-07 11:13:20.847865,2026-04-07 11:13:21.399058,0 days 00:00:00.551193,67.57075439170367,0.8731326242889801,0.22653224842673614,Ag,COMPLETE
2543,-1.0,2026-04-07 11:13:20.881026,2026-04-07 11:13:21.475908,0 days 00:00:00.594882,67.47285048456816,0.8556401196297563,0.22555826007634272,Ag,COMPLETE
2544,-1.0,2026-04-07 11:13:21.180082,2026-04-07 11:13:21.718051,0 days 00:00:00.537969,70.97968345192994,12.105703334453246,0.16104675099339566,Ag,COMPLETE
2545,-1.0,2026-04-07 11:13:21.353625,2026-04-07 11:13:22.052529,0 days 00:00:00.698904,63.579273578435455,14.428622363391685,0.16550810037476152,Ag,COMPLETE
2546,-1.0,2026-04-07 11:13:21.428032,2026-04-07 11:13:22.022436,0 days 00:00:00.594404,71.14503922300621,1.43685436746838,0.16643122430920448,Ag,COMPLETE
2547,-1.0,2026-04-07 11:13:21.446683,2026-04-07 11:13:22.054044,0 days 00:00:00.607361,71.11744452467853,1.4594898667940415,0.16198747210177988,Ag,COMPLETE
2548,-1.0,2026-04-07 11:13:21.488530,2026-04-07 11:13:21.993789,0 days 00:00:00.505259,70.81809321585818,1.4143534684894157,0.16222953467577178,Ag,COMPLETE
2549,-1.0,2026-04-07 11:13:21.523007,2026-04-07 11:13:22.145844,0 days 00:00:00.622837,70.96114597710034,1.5040303673173778,0.10077242822997672,Ag,COMPLETE
2550,-1.0,2026-04-07 11:13:21.538900,2026-04-07 11:13:22.130817,0 days 00:00:00.591917,70.87416935589505,14.52225927623535,0.1672713858884482,Ag,COMPLETE
2551,-1.0,2026-04-07 11:13:21.665118,2026-04-07 11:13:22.243672,0 days 00:00:00.578554,63.18111526098655,1.2935335404434345,0.10047247857171386,Ag,COMPLETE
2552,-1.0,2026-04-07 11:13:21.914148,2026-04-07 11:13:22.556802,0 days 00:00:00.642654,63.215744561154786,1.4729287316994153,0.1626182569798783,Ag,COMPLETE
2553,-1.0,2026-04-07 11:13:22.181134,2026-04-07 11:13:22.825091,0 days 00:00:00.643957,65.49414044538804,0.5041755728768016,0.13381420077025483,Ag,COMPLETE
2554,-48.8095238094959,2026-04-07 11:13:22.229635,2026-04-07 11:13:22.913087,0 days 00:00:00.683452,76.80496652320265,0.5141198181707743,0.13314174661483025,Ag,COMPLETE
2555,-48.8095238094959,2026-04-07 11:13:22.245186,2026-04-07 11:13:22.791616,0 days 00:00:00.546430,75.93777122433043,0.5139728726027498,0.13473003578325626,Ag,COMPLETE
2556,-46.05263157892345,2026-04-07 11:13:22.306920,2026-04-07 11:13:22.793124,0 days 00:00:00.486204,57.18034711271928,0.8492684994360262,0.13766785041838014,Ag,COMPLETE
2557,-1.0,2026-04-07 11:13:22.321854,2026-04-07 11:13:22.932920,0 days 00:00:00.611066,76.02480242587319,0.8709130033437557,0.13391755809912576,Ag,COMPLETE
2558,-1.0,2026-04-07 11:13:22.336086,2026-04-07 11:13:22.991903,0 days 00:00:00.655817,29.20928521375668,0.8331195415276196,1.467383041363942,Ag,COMPLETE
2559,-1.0,2026-04-07 11:13:22.391290,2026-04-07 11:13:22.976876,0 days 00:00:00.585586,65.52857915134615,0.8430715509262355,0.1304931292882079,Ag,COMPLETE
2560,-1.0,2026-04-07 11:13:22.731895,2026-04-07 11:13:23.255352,0 days 00:00:00.523457,76.08678965786619,0.5018581219764717,0.1311362647537588,Ag,COMPLETE
2561,-1.1150234741783682,2026-04-07 11:13:22.929340,2026-04-07 11:13:23.556327,0 days 00:00:00.626987,20.48410885143288,0.5060661326588662,1.6026581693637356,Ag,COMPLETE
2562,-1.0,2026-04-07 11:13:22.997248,2026-04-07 11:13:23.634667,0 days 00:00:00.637419,68.83156698281266,2.4436167417719044,0.10129731975583539,Ag,COMPLETE
2563,-1.0,2026-04-07 11:13:23.055711,2026-04-07 11:13:23.551492,0 days 00:00:00.495781,68.80599273165303,1.172494072364222,0.1012380061813386,Ag,COMPLETE
2564,-1.0,2026-04-07 11:13:23.113761,2026-04-07 11:13:23.597941,0 days 00:00:00.484180,68.71593257056202,1.163603227429033,0.19849652872904977,Ag,COMPLETE
2565,-25.394477317551264,2026-04-07 11:13:23.134882,2026-04-07 11:13:23.737154,0 days 00:00:00.602272,72.8999228112698,15.491275775049466,0.19700437493625927,Ag,COMPLETE
2566,-1.0,2026-04-07 11:13:23.148700,2026-04-07 11:13:23.673689,0 days 00:00:00.524989,73.52355329206594,0.5040165344732135,0.1990344748457144,Ag,COMPLETE
2567,-49.99999999997149,2026-04-07 11:13:23.197679,2026-04-07 11:13:23.784983,0 days 00:00:00.587304,72.88747741166472,1.158976022006466,0.1873419164803995,Ag,COMPLETE
2568,-1.0,2026-04-07 11:13:23.439942,2026-04-07 11:13:23.972951,0 days 00:00:00.533009,73.61075176647341,1.2050452760400976,0.19643325057121358,Cu,COMPLETE
2569,-0.29342723004694005,2026-04-07 11:13:23.632548,2026-04-07 11:13:24.239356,0 days 00:00:00.606808,23.923163373349446,1.0692297187119104,0.10095407878427987,Au,COMPLETE
2570,-1.0,2026-04-07 11:13:23.709700,2026-04-07 11:13:24.318857,0 days 00:00:00.609157,66.50027000852835,0.8509313383637485,0.13484805418832696,Cu,COMPLETE
2571,-1.0,2026-04-07 11:13:23.787523,2026-04-07 11:13:24.473662,0 days 00:00:00.686139,65.6557133691732,0.8663161366076969,0.10108481178207157,Ag,COMPLETE
2572,-1.0,2026-04-07 11:13:23.853900,2026-04-07 11:13:24.551893,0 days 00:00:00.697993,65.07314458262213,15.048551130647102,1.9307664209346944,Au,COMPLETE
2573,-0.5296610169491436,2026-04-07 11:13:23.900252,2026-04-07 11:13:24.518381,0 days 00:00:00.618129,65.22073701855935,13.374143419086415,1.0762214759295923,Au,COMPLETE
2574,-19.056847545216716,2026-04-07 11:13:23.936928,2026-04-07 11:13:24.443708,0 days 00:00:00.506780,65.39778489134804,0.915557366606755,0.13619522184279148,Au,COMPLETE
2575,-1.0,2026-04-07 11:13:23.975950,2026-04-07 11:13:24.501800,0 days 00:00:00.525850,64.51550308521426,0.8608796469592599,0.1350949012420843,Au,COMPLETE
2576,-19.531249999996948,2026-04-07 11:13:24.101606,2026-04-07 11:13:24.727454,0 days 00:00:00.625848,65.18985244649434,0.8670818999804318,0.1347454507603217,Au,COMPLETE
2577,-47.29729729727148,2026-04-07 11:13:24.440594,2026-04-07 11:13:25.036396,0 days 00:00:00.595802,69.54016491832604,1.7137566693222126,0.16589869546536667,Ag,COMPLETE
2578,-48.61111111108426,2026-04-07 11:13:24.555053,2026-04-07 11:13:25.207717,0 days 00:00:00.652664,69.51030628047518,1.5017713420317529,0.18563504920406942,Ag,COMPLETE
2579,-1.0,2026-04-07 11:13:24.633259,2026-04-07 11:13:25.320338,0 days 00:00:00.687079,69.15017911235955,1.5972655213654214,0.1660939371072641,Ag,COMPLETE
2580,-1.0,2026-04-07 11:13:24.665378,2026-04-07 11:13:25.353395,0 days 00:00:00.688017,69.12417554594305,1.6988367186561293,0.17701831825281544,Ag,COMPLETE
2581,-48.6111111110841,2026-04-07 11:13:24.688928,2026-04-07 11:13:25.279215,0 days 00:00:00.590287,68.85107897372569,1.7047084740653884,0.101124952733319,Ag,COMPLETE
2582,-1.0,2026-04-07 11:13:24.741110,2026-04-07 11:13:25.352390,0 days 00:00:00.611280,69.52812743276517,1.6397035489975862,0.16986162518631995,Ag,COMPLETE
2583,-1.0,2026-04-07 11:13:24.858817,2026-04-07 11:13:25.352390,0 days 00:00:00.493573,69.71371736778264,1.683720681081613,0.17035933506615092,Ag,COMPLETE
2584,-1.0,2026-04-07 11:13:24.927966,2026-04-07 11:13:25.459625,0 days 00:00:00.531659,68.37397404509325,1.5847743423056566,0.16949113723151607,Ag,COMPLETE
2585,-1.0,2026-04-07 11:13:25.212359,2026-04-07 11:13:25.980453,0 days 00:00:00.768094,61.51797037921236,0.5027224230496112,0.23018068653800033,Ag,COMPLETE
2586,-1.0,2026-04-07 11:13:25.336241,2026-04-07 11:13:26.102096,0 days 00:00:00.765855,62.15857286416092,1.1183875498565574,0.13514799961405685,Ag,COMPLETE
2587,-1.0,2026-04-07 11:13:25.478598,2026-04-07 11:13:26.071495,0 days 00:00:00.592897,72.39610776116213,1.1695110429378395,0.2363529520480553,Ag,COMPLETE
2588,-1.0,2026-04-07 11:13:25.504537,2026-04-07 11:13:25.979937,0 days 00:00:00.475400,72.97903306000954,0.501104176043907,0.10195972177308735,Ag,COMPLETE
2589,-1.0,2026-04-07 11:13:25.522351,2026-04-07 11:13:26.214181,0 days 00:00:00.691830,72.8595198898825,1.191415826532592,0.22549843391972615,Ag,COMPLETE
2590,-49.99999999997173,2026-04-07 11:13:25.551310,2026-04-07 11:13:26.039416,0 days 00:00:00.488106,61.698008772547,1.1479570034570195,0.1003203318758733,Ag,COMPLETE
2591,-1.0,2026-04-07 11:13:25.587139,2026-04-07 11:13:26.049443,0 days 00:00:00.462304,72.37046546088548,0.5016376349502472,0.22778412043524418,Ag,COMPLETE
2592,-50.24509803918621,2026-04-07 11:13:25.602773,2026-04-07 11:13:26.194181,0 days 00:00:00.591408,62.13529213721889,0.504014189309651,0.10059458699133104,Ag,COMPLETE
2593,-1.0,2026-04-07 11:13:26.103094,2026-04-07 11:13:26.773141,0 days 00:00:00.670047,67.21862841514475,0.9020375493477617,0.14085882695940172,Ag,COMPLETE
2594,-1.0,2026-04-07 11:13:26.115238,2026-04-07 11:13:26.733108,0 days 00:00:00.617870,67.0818415523078,0.8506733618479861,0.13531570972649243,Ag,COMPLETE
2595,-1.0,2026-04-07 11:13:26.248173,2026-04-07 11:13:26.744195,0 days 00:00:00.496022,67.68420013619466,0.9468971811334839,0.10112990888414526,Ag,COMPLETE
2596,-53.03030303027095,2026-04-07 11:13:26.262204,2026-04-07 11:13:26.868372,0 days 00:00:00.606168,67.06854409424432,0.8456023613239515,0.13446352322681793,Ag,COMPLETE
2597,-1.0,2026-04-07 11:13:26.218695,2026-04-07 11:13:26.973120,0 days 00:00:00.754425,66.7167548272701,0.8313022219325292,0.13778159843984988,Ag,COMPLETE
2598,-51.4705882352638,2026-04-07 11:13:26.290106,2026-04-07 11:13:26.746008,0 days 00:00:00.455902,66.97624541420362,0.8631989596742244,0.13847390964077858,Ag,COMPLETE
2599,-51.4705882352638,2026-04-07 11:13:26.348753,2026-04-07 11:13:26.903477,0 days 00:00:00.554724,67.83582251646054,0.8762942973578258,0.13585717491997745,Ag,COMPLETE
2600,-1.0,2026-04-07 11:13:26.425568,2026-04-07 11:13:27.073101,0 days 00:00:00.647533,67.92874769530806,16.215606278407677,0.13493246592186953,Ag,COMPLETE
2601,-1.0,2026-04-07 11:13:26.792206,2026-04-07 11:13:27.435811,0 days 00:00:00.643605,63.66754317181611,2.0477918303197633,0.13330270735378158,Ag,COMPLETE
2602,-48.2456140350625,2026-04-07 11:13:26.931548,2026-04-07 11:13:27.625569,0 days 00:00:00.694021,63.80814995537952,2.2718100213238897,0.13522938252768052,Ag,COMPLETE
2603,-0.8865248226950103,2026-04-07 11:13:27.012055,2026-04-07 11:13:27.625569,0 days 00:00:00.613514,22.062064266245084,12.800310789961548,0.1327236991675367,Ag,COMPLETE
2604,-45.94017094014737,2026-04-07 11:13:26.975124,2026-04-07 11:13:27.623574,0 days 00:00:00.648450,63.88425734975252,2.301025252427758,0.13664193480345582,Ag,COMPLETE
2605,-45.94017094014737,2026-04-07 11:13:27.072100,2026-04-07 11:13:27.543417,0 days 00:00:00.471317,63.75059333546644,2.319976079824054,0.13653278472872088,Ag,COMPLETE
2606,-1.0,2026-04-07 11:13:27.158662,2026-04-07 11:13:27.717564,0 days 00:00:00.558902,27.230897026829943,1.9490243640587304,0.13549619571341168,Ag,COMPLETE
2607,-47.14912280699262,2026-04-07 11:13:27.266063,2026-04-07 11:13:27.809477,0 days 00:00:00.543414,64.33861073395275,1.9267794661180808,0.1653060206701247,Ag,COMPLETE
2608,-43.65079365077286,2026-04-07 11:13:27.337872,2026-04-07 11:13:27.811985,0 days 00:00:00.474113,64.12661420763934,3.129289937973464,0.16576728435152,Ag,COMPLETE
2609,-1.0,2026-04-07 11:13:27.572653,2026-04-07 11:13:28.213943,0 days 00:00:00.641290,70.87446784579208,1.2616077566305588,0.10036656552201911,Ag,COMPLETE
2610,-1.0,2026-04-07 11:13:27.722931,2026-04-07 11:13:28.382854,0 days 00:00:00.659923,78.4785918786549,1.3707001183179752,0.17862887872175942,Cu,COMPLETE
2611,-1.0,2026-04-07 11:13:27.732458,2026-04-07 11:13:28.229856,0 days 00:00:00.497398,71.3236628465898,1.3650597033992997,0.16961480317349803,Cu,COMPLETE
2612,-1.0,2026-04-07 11:13:27.775070,2026-04-07 11:13:28.262106,0 days 00:00:00.487036,70.96725340063395,1.437182674375518,0.10167525048698585,Cu,COMPLETE
2613,-1.0,2026-04-07 11:13:27.813067,2026-04-07 11:13:28.526202,0 days 00:00:00.713135,58.954991721983106,1.2500745681573806,0.10187384763734775,Ag,COMPLETE
2614,-1.0,2026-04-07 11:13:27.907823,2026-04-07 11:13:28.448099,0 days 00:00:00.540276,83.65998801958949,1.452886334246549,0.10248428692538074,Cu,COMPLETE
2615,-11.168384879723927,2026-04-07 11:13:28.003333,2026-04-07 11:13:28.477445,0 days 00:00:00.474112,78.52926182971356,1.316619364521862,0.18866811574607667,Cu,COMPLETE
2616,-1.0,2026-04-07 11:13:28.120988,2026-04-07 11:13:28.743096,0 days 00:00:00.622108,70.74481161591605,1.3914599215302617,0.16540853087639984,Cu,COMPLETE
2617,-1.0,2026-04-07 11:13:28.363507,2026-04-07 11:13:28.940603,0 days 00:00:00.577096,66.03516629350811,1.0657701757708802,0.13293135654900234,Ag,COMPLETE
2618,-48.61111111108426,2026-04-07 11:13:28.416319,2026-04-07 11:13:29.010316,0 days 00:00:00.593997,74.35099099510941,1.1929891303060272,0.1359830439188745,Ag,COMPLETE
2619,-49.999999999971564,2026-04-07 11:13:28.496232,2026-04-07 11:13:29.180925,0 days 00:00:00.684693,74.58911710585026,1.0933873897446373,0.1003352126869162,Ag,COMPLETE
2620,-34.09090909089668,2026-04-07 11:13:28.600365,2026-04-07 11:13:29.238377,0 days 00:00:00.638012,74.15513576988475,1.0502131953891884,1.885214972889135,Ag,COMPLETE
2621,-1.0,2026-04-07 11:13:28.635157,2026-04-07 11:13:29.236930,0 days 00:00:00.601773,74.38600352527857,3.880579595780562,0.13626337877156583,Ag,COMPLETE
2622,-1.0,2026-04-07 11:13:28.684296,2026-04-07 11:13:29.352981,0 days 00:00:00.668685,74.58000647436671,0.829106252131382,1.2688564187347529,Ag,COMPLETE
2623,-1.0,2026-04-07 11:13:28.762746,2026-04-07 11:13:29.327618,0 days 00:00:00.564872,74.50855068715586,1.0826129842067653,0.13181882868214453,Ag,COMPLETE
2624,-3.919563735514484,2026-04-07 11:13:28.907642,2026-04-07 11:13:29.508999,0 days 00:00:00.601357,94.71775496140697,3.942179632126411,0.10005330054058677,Ag,COMPLETE
2625,-26.155717761553415,2026-04-07 11:13:29.075111,2026-04-07 11:13:29.520194,0 days 00:00:00.445083,74.95971386977183,14.023966982394192,0.10052330545169362,Ag,COMPLETE
2626,-31.626506024088773,2026-04-07 11:13:29.144999,2026-04-07 11:13:29.808085,0 days 00:00:00.663086,66.26892317714574,10.657459519569553,0.10063315674547063,Ag,COMPLETE
2627,-48.42342342339725,2026-04-07 11:13:29.290374,2026-04-07 11:13:29.806805,0 days 00:00:00.516431,66.07122338330399,1.871566673722738,0.1004072679833766,Ag,COMPLETE
2628,-51.4705882352638,2026-04-07 11:13:29.416125,2026-04-07 11:13:30.102211,0 days 00:00:00.686086,65.97856170849151,0.8218641565637894,0.16869335120558876,Ag,COMPLETE
2629,-1.0,2026-04-07 11:13:29.455506,2026-04-07 11:13:30.165199,0 days 00:00:00.709693,20.030941903228623,0.5083359002287275,0.17081234511769477,Ag,COMPLETE
2630,-1.0,2026-04-07 11:13:29.506356,2026-04-07 11:13:30.163714,0 days 00:00:00.657358,66.23890299442245,0.8534450843551361,0.16792516211254663,Ag,COMPLETE
2631,-51.4705882352638,2026-04-07 11:13:29.615840,2026-04-07 11:13:30.088837,0 days 00:00:00.472997,66.5661758851133,0.8158964015464398,0.16893599200807446,Ag,COMPLETE
2632,-14.880952380949706,2026-04-07 11:13:29.688551,2026-04-07 11:13:30.179149,0 days 00:00:00.490598,32.705549701944115,0.509436054157825,0.10011078488181883,Ag,COMPLETE
2633,-1.0,2026-04-07 11:13:29.739266,2026-04-07 11:13:30.218409,0 days 00:00:00.479143,70.12678238839668,0.5025964005999769,1.9844177539254846,Ag,COMPLETE
2634,-23.907103825133973,2026-04-07 11:13:29.988202,2026-04-07 11:13:30.750537,0 days 00:00:00.762335,50.04331061898475,16.916855063921034,0.180351005925743,Ag,COMPLETE
2635,-1.0,2026-04-07 11:13:30.041097,2026-04-07 11:13:30.638403,0 days 00:00:00.597306,68.67981186204939,18.012414411747397,0.13734050010927412,Ag,COMPLETE
2636,-1.0,2026-04-07 11:13:30.216956,2026-04-07 11:13:30.693753,0 days 00:00:00.476797,68.57021240268679,1.4361371884369376,0.13763631245997504,Ag,COMPLETE
2637,-7.398753894080339,2026-04-07 11:13:30.288969,2026-04-07 11:13:30.750537,0 days 00:00:00.461568,24.673767008036922,1.4482949973233543,0.19688624441408922,Ag,COMPLETE
2638,-49.99999999997116,2026-04-07 11:13:30.333812,2026-04-07 11:13:30.932700,0 days 00:00:00.598888,68.65606053362373,1.4351225623857617,0.10005304634787784,Ag,COMPLETE
2639,-49.76851851849095,2026-04-07 11:13:30.380159,2026-04-07 11:13:30.966733,0 days 00:00:00.586574,68.86486327198045,1.4612332115093514,0.19629651527266784,Ag,COMPLETE
2640,-1.0,2026-04-07 11:13:30.415983,2026-04-07 11:13:30.921051,0 days 00:00:00.505068,68.57496775641852,19.08566388963919,0.13649748346593593,Ag,COMPLETE
2641,-48.61111111108426,2026-04-07 11:13:30.523373,2026-04-07 11:13:31.137149,0 days 00:00:00.613776,70.10786683886981,1.5078910202596854,0.18876016690011455,Ag,COMPLETE
2642,-1.0,2026-04-07 11:13:30.824657,2026-04-07 11:13:31.448298,0 days 00:00:00.623641,72.00871927932612,0.8953987182743547,0.16235352351831178,Ag,COMPLETE
2643,-48.8095238094959,2026-04-07 11:13:30.887110,2026-04-07 11:13:31.358885,0 days 00:00:00.471775,71.792132849863,0.8728077962640535,0.15986148732537664,Ag,COMPLETE
2644,-1.0,2026-04-07 11:13:30.905279,2026-04-07 11:13:31.561554,0 days 00:00:00.656275,71.75677766784007,0.8148229792090731,0.1479883058473393,Ag,COMPLETE
2645,-1.0,2026-04-07 11:13:30.981658,2026-04-07 11:13:31.516834,0 days 00:00:00.535176,71.60021246656919,0.8461434113427564,0.16128316112904062,Ag,COMPLETE
2646,-1.0,2026-04-07 11:13:31.048614,2026-04-07 11:13:31.563096,0 days 00:00:00.514482,71.87889497481581,0.5029816791533375,0.15025782772193283,Ag,COMPLETE
2647,-48.61111111108426,2026-04-07 11:13:31.091640,2026-04-07 11:13:31.628897,0 days 00:00:00.537257,60.264231139782254,0.8495806349726482,0.15839293987714245,Ag,COMPLETE
2648,-51.4705882352638,2026-04-07 11:13:31.121507,2026-04-07 11:13:31.705342,0 days 00:00:00.583835,72.07060539345754,0.8125789759873652,0.1553730453457107,Ag,COMPLETE
2649,-1.0,2026-04-07 11:13:31.261378,2026-04-07 11:13:31.846824,0 days 00:00:00.585446,59.57729725302178,11.811633727035074,0.10076148928780111,Ag,COMPLETE
2650,-43.69918699184875,2026-04-07 11:13:31.488856,2026-04-07 11:13:32.113299,0 days 00:00:00.624443,61.17018383381044,1.852995519312473,0.5019827783056412,Ag,COMPLETE
2651,-1.0,2026-04-07 11:13:31.664679,2026-04-07 11:13:32.212665,0 days 00:00:00.547986,62.342743615350365,0.5078370670425693,0.1333062745749925,Au,COMPLETE
2652,-18.48370927318021,2026-04-07 11:13:31.704344,2026-04-07 11:13:32.252684,0 days 00:00:00.548340,62.68897938055652,1.1668131731728162,0.1309584554083159,Au,COMPLETE
2653,-1.0,2026-04-07 11:13:31.748231,2026-04-07 11:13:32.344834,0 days 00:00:00.596603,62.52919806973783,1.8339506684160003,0.19678203037355646,Au,COMPLETE
2654,-1.0,2026-04-07 11:13:31.765750,2026-04-07 11:13:32.334395,0 days 00:00:00.568645,62.39946674238127,1.865073098729263,0.10052108560892101,Ag,COMPLETE
2655,-1.0,2026-04-07 11:13:31.888496,2026-04-07 11:13:32.472655,0 days 00:00:00.584159,63.58119805993306,5.006443670404493,0.1329317964693385,Au,COMPLETE
2656,-18.93939393939116,2026-04-07 11:13:31.965442,2026-04-07 11:13:32.471627,0 days 00:00:00.506185,65.04291489813092,1.1870732991051172,0.13178096543418716,Au,COMPLETE
2657,-1.0,2026-04-07 11:13:32.024483,2026-04-07 11:13:32.789540,0 days 00:00:00.765057,119.89318261885253,1.118006630201549,0.10010135342601295,Au,COMPLETE
2658,-49.99999999997173,2026-04-07 11:13:32.283557,2026-04-07 11:13:32.836089,0 days 00:00:00.552532,70.21590677410121,1.1430755108353277,0.10024340831152374,Ag,COMPLETE
2659,-1.0,2026-04-07 11:13:32.421108,2026-04-07 11:13:32.962219,0 days 00:00:00.541111,70.29024846079768,0.5101061038475609,0.10083210254292643,Ag,COMPLETE
2660,-51.190476190446915,2026-04-07 11:13:32.469310,2026-04-07 11:13:33.066562,0 days 00:00:00.597252,70.04435797458336,1.1879592880084608,0.20176434808202826,Ag,COMPLETE
2661,-18.151815181516366,2026-04-07 11:13:32.502594,2026-04-07 11:13:33.013412,0 days 00:00:00.510818,70.01072992102553,15.8012913215539,0.7965004001022541,Ag,COMPLETE
2662,-1.0,2026-04-07 11:13:32.657865,2026-04-07 11:13:33.339541,0 days 00:00:00.681676,70.493362575317,0.5002897940642956,0.1881671803170303,Ag,COMPLETE
2663,-53.03030303027077,2026-04-07 11:13:32.686077,2026-04-07 11:13:33.175335,0 days 00:00:00.489258,70.1486647245487,0.5123782492457503,0.19474020543370035,Ag,COMPLETE
2664,-1.0,2026-04-07 11:13:32.719823,2026-04-07 11:13:33.176920,0 days 00:00:00.457097,69.9186649257163,9.582681026103495,0.1910093921853075,Ag,COMPLETE
2665,-50.245098039186,2026-04-07 11:13:33.000556,2026-04-07 11:13:33.561200,0 days 00:00:00.560644,67.10993988715357,0.8307202277373091,0.19488294171235632,Ag,COMPLETE
2666,-1.0,2026-04-07 11:13:33.067567,2026-04-07 11:13:33.592216,0 days 00:00:00.524649,67.37095739572163,0.5072804768516747,0.13693630203441004,Ag,COMPLETE
2667,-1.0,2026-04-07 11:13:33.123050,2026-04-07 11:13:33.794944,0 days 00:00:00.671894,67.02118182661627,0.8361657640487469,0.10003070728199719,Ag,COMPLETE
2668,-51.4705882352638,2026-04-07 11:13:33.199571,2026-04-07 11:13:33.847399,0 days 00:00:00.647828,66.51898572982991,0.8744103038811979,0.13231183601979568,Ag,COMPLETE
2669,-1.0,2026-04-07 11:13:33.250489,2026-04-07 11:13:33.846398,0 days 00:00:00.595909,67.25388104240045,0.8996342635160044,0.10031202125669476,Ag,COMPLETE
2670,-49.99999999997173,2026-04-07 11:13:33.324894,2026-04-07 11:13:34.001015,0 days 00:00:00.676121,67.15355682593892,1.134646146329327,0.10060324281113943,Ag,COMPLETE
2671,-1.0,2026-04-07 11:13:33.280050,2026-04-07 11:13:34.080431,0 days 00:00:00.800381,106.9487217921931,0.8405897636210746,0.1334439981283049,Ag,COMPLETE
2672,-1.0,2026-04-07 11:13:33.509564,2026-04-07 11:13:34.115439,0 days 00:00:00.605875,87.76503181805859,1.2241654868142848,0.13234840633809714,Ag,COMPLETE
2673,-1.0,2026-04-07 11:13:33.719276,2026-04-07 11:13:34.257288,0 days 00:00:00.538012,65.35436711047856,1.1513438556673148,0.10057260406564682,Ag,COMPLETE
2674,-48.61111111108375,2026-04-07 11:13:33.762703,2026-04-07 11:13:34.339433,0 days 00:00:00.576730,64.79228653602598,1.3968247995878142,0.1581288530480244,Ag,COMPLETE
2675,-1.0,2026-04-07 11:13:33.931906,2026-04-07 11:13:34.487758,0 days 00:00:00.555852,77.08741539251776,0.5050874050916535,0.16097383509381252,Ag,COMPLETE
2676,-1.0,2026-04-07 11:13:33.955091,2026-04-07 11:13:34.610086,0 days 00:00:00.654995,77.45970731338049,0.5032372564551836,0.1646030230167898,Ag,COMPLETE
2677,-1.0,2026-04-07 11:13:34.035142,2026-04-07 11:13:34.570538,0 days 00:00:00.535396,22.96764744137933,1.4713469563192885,1.3765196977865077,Ag,COMPLETE
2678,-1.0,2026-04-07 11:13:34.178909,2026-04-07 11:13:34.753810,0 days 00:00:00.574901,64.61479110538657,1.6302305726621156,0.15854983563188318,Ag,COMPLETE
2679,-1.0,2026-04-07 11:13:34.223792,2026-04-07 11:13:34.726036,0 days 00:00:00.502244,64.44137866768739,1.6446419089233766,0.1639074508606208,Ag,COMPLETE
2680,-1.0,2026-04-07 11:13:34.297617,2026-04-07 11:13:34.846661,0 days 00:00:00.549044,68.45294324341606,1.6217029298554846,0.16423688028953767,Ag,COMPLETE
2681,-48.42342342339707,2026-04-07 11:13:34.428762,2026-04-07 11:13:35.063119,0 days 00:00:00.634357,73.0475556732357,1.7398827241441857,0.13322196713794834,Ag,COMPLETE
2682,-1.0,2026-04-07 11:13:34.500932,2026-04-07 11:13:35.158980,0 days 00:00:00.658048,26.64184339538121,2.5803311782128704,0.20867225213382243,Ag,COMPLETE
2683,-8.290816326529782,2026-04-07 11:13:34.709106,2026-04-07 11:13:35.389659,0 days 00:00:00.680553,25.701028946750146,0.8763790190290359,0.2123403691098134,Ag,COMPLETE
2684,-1.0,2026-04-07 11:13:34.756741,2026-04-07 11:13:35.456353,0 days 00:00:00.699612,30.390783337382917,2.4791298684397494,0.20405054846102744,Ag,COMPLETE
2685,-1.0,2026-04-07 11:13:34.850177,2026-04-07 11:13:35.329012,0 days 00:00:00.478835,72.90979082752314,1.0916044692040918,0.1330918510738431,Ag,COMPLETE
2686,-8.831521739129485,2026-04-07 11:13:34.957986,2026-04-07 11:13:35.471034,0 days 00:00:00.513048,26.28829321908635,0.5024565363576476,0.2060260483200037,Ag,COMPLETE
2687,-1.0,2026-04-07 11:13:34.973491,2026-04-07 11:13:35.577424,0 days 00:00:00.603933,73.01103269195318,0.8752538350626755,0.20968873834787483,Ag,COMPLETE
2688,-1.0,2026-04-07 11:13:35.026889,2026-04-07 11:13:35.626889,0 days 00:00:00.600000,53.764165907573144,7.132775723398854,0.10056963083649487,Ag,COMPLETE
2689,-1.0,2026-04-07 11:13:35.330021,2026-04-07 11:13:35.892692,0 days 00:00:00.562671,80.90798921598658,1.1431588978472003,0.100227440662902,Ag,COMPLETE
2690,-37.35632183906767,2026-04-07 11:13:35.424634,2026-04-07 11:13:36.070963,0 days 00:00:00.646329,68.41490781806996,7.1530678253729585,0.13422004265211457,Ag,COMPLETE
2691,-1.0,2026-04-07 11:13:35.533052,2026-04-07 11:13:36.072263,0 days 00:00:00.539211,116.93318960605413,1.1992489290201664,1.206901009599362,Ag,COMPLETE
2692,-51.76767676764536,2026-04-07 11:13:35.581009,2026-04-07 11:13:36.092609,0 days 00:00:00.511600,67.77144770570588,0.5066081865768687,0.13646186600458404,Ag,COMPLETE
2693,-1.0,2026-04-07 11:13:35.644195,2026-04-07 11:13:36.247407,0 days 00:00:00.603212,57.71813928280649,1.144006440110465,0.13483542614529848,Ag,COMPLETE
2694,-1.0,2026-04-07 11:13:35.693815,2026-04-07 11:13:36.465970,0 days 00:00:00.772155,68.62343101027206,1.2013035889178587,0.1346167182103536,Ag,COMPLETE
2695,-1.0,2026-04-07 11:13:35.739677,2026-04-07 11:13:36.565606,0 days 00:00:00.825929,68.32477825853141,0.8676545744575805,0.1007447497433741,Ag,COMPLETE
2696,-1.0,2026-04-07 11:13:35.827507,2026-04-07 11:13:36.520186,0 days 00:00:00.692679,68.20443747774455,12.362333816669198,0.13533668445520355,Ag,COMPLETE
2697,-51.4705882352638,2026-04-07 11:13:36.096226,2026-04-07 11:13:36.843365,0 days 00:00:00.747139,68.61741233449321,0.8186267940632149,0.16175812370041448,Ag,COMPLETE
2698,-1.0,2026-04-07 11:13:36.226679,2026-04-07 11:13:36.981171,0 days 00:00:00.754492,68.5140774247256,0.8045963494085107,0.1786323704779788,Ag,COMPLETE
2699,-1.0,2026-04-07 11:13:36.318059,2026-04-07 11:13:36.953141,0 days 00:00:00.635082,71.49829062664199,0.8351265373765059,0.1624286901378437,Ag,COMPLETE
2700,-1.0,2026-04-07 11:13:36.252591,2026-04-07 11:13:37.076020,0 days 00:00:00.823429,66.03534864946187,0.8439551070537415,0.10032440117124865,Ag,COMPLETE
2701,-40.76086956519999,2026-04-07 11:13:36.609265,2026-04-07 11:13:37.326904,0 days 00:00:00.717639,71.16484032744441,2.029465569017841,0.9541694182028627,Ag,COMPLETE
2702,-1.0,2026-04-07 11:13:36.669088,2026-04-07 11:13:37.256457,0 days 00:00:00.587369,65.26999636271209,0.8396905315882031,0.17149962718510323,Ag,COMPLETE
2703,-51.4705882352638,2026-04-07 11:13:36.711795,2026-04-07 11:13:37.364410,0 days 00:00:00.652615,65.38379439654702,0.8458035696498664,0.1679489708551889,Ag,COMPLETE
2704,-1.0,2026-04-07 11:13:36.748587,2026-04-07 11:13:37.410438,0 days 00:00:00.661851,65.77722270535021,0.509710939442074,0.17096897204305167,Ag,COMPLETE
2705,-48.42342342339725,2026-04-07 11:13:36.999867,2026-04-07 11:13:37.702788,0 days 00:00:00.702921,75.32471482071685,1.4230653747177222,0.16485972914329833,Ag,COMPLETE
2706,-47.14912280699282,2026-04-07 11:13:37.081234,2026-04-07 11:13:37.592539,0 days 00:00:00.511305,65.50868139497571,2.1115045432555917,0.17935657221940723,Ag,COMPLETE
2707,-51.4705882352638,2026-04-07 11:13:37.126417,2026-04-07 11:13:37.695650,0 days 00:00:00.569233,75.3602144914661,0.5075586698443773,0.10064681140515798,Ag,COMPLETE
2708,-1.0,2026-04-07 11:13:37.292664,2026-04-07 11:13:37.871280,0 days 00:00:00.578616,75.5058284042062,1.3948023934861344,0.1351745737948911,Ag,COMPLETE
2709,-1.0,2026-04-07 11:13:37.457221,2026-04-07 11:13:37.956195,0 days 00:00:00.498974,75.14471155337654,1.4284227655462662,0.1337470941655746,Ag,COMPLETE
2710,-1.0,2026-04-07 11:13:37.518472,2026-04-07 11:13:38.149035,0 days 00:00:00.630563,70.32805355837246,1.3815268037025146,0.13416538849084975,Ag,COMPLETE
2711,-1.0,2026-04-07 11:13:37.556222,2026-04-07 11:13:38.235548,0 days 00:00:00.679326,75.71700973732874,0.5079178400767812,0.13414350247742401,Ag,COMPLETE
2712,-1.0,2026-04-07 11:13:37.608787,2026-04-07 11:13:38.110201,0 days 00:00:00.501414,72.7573743254885,17.619621415834903,0.13674800405756288,Ag,COMPLETE
2713,-1.0,2026-04-07 11:13:37.771414,2026-04-07 11:13:38.308966,0 days 00:00:00.537552,73.0274374134294,1.2381993402889466,0.13705813906625275,Ag,COMPLETE
2714,-1.0,2026-04-07 11:13:37.918440,2026-04-07 11:13:38.466662,0 days 00:00:00.548222,70.7394522678236,0.5043583096426849,0.13218436657461527,Ag,COMPLETE
2715,-1.0,2026-04-07 11:13:37.959998,2026-04-07 11:13:38.497340,0 days 00:00:00.537342,70.6317038589481,1.1654246745905739,0.13285837864557587,Ag,COMPLETE
2716,-49.99999999997149,2026-04-07 11:13:38.036019,2026-04-07 11:13:38.931182,0 days 00:00:00.895163,70.4992791610439,1.1324981471675857,0.21537795968378906,Ag,COMPLETE
2717,-1.0,2026-04-07 11:13:38.169649,2026-04-07 11:13:38.662411,0 days 00:00:00.492762,63.42780146486228,1.175929467779753,0.21431485684702245,Ag,COMPLETE
2718,-1.0,2026-04-07 11:13:38.265600,2026-04-07 11:13:38.718417,0 days 00:00:00.452817,63.169067843104756,1.1265452244619758,0.21035567215989087,Ag,COMPLETE
2719,-1.0,2026-04-07 11:13:38.347758,2026-04-07 11:13:38.860219,0 days 00:00:00.512461,63.4575719582626,0.8350546952899476,0.21646733662285939,Ag,COMPLETE
2720,-1.0,2026-04-07 11:13:38.426262,2026-04-07 11:13:39.011588,0 days 00:00:00.585326,63.86025404973142,0.8605529034867889,0.21793376162870434,Au,COMPLETE
2721,-1.0,2026-04-07 11:13:38.536170,2026-04-07 11:13:39.072866,0 days 00:00:00.536696,63.091368002130814,0.5085897483649515,0.21601100700196674,Au,COMPLETE
2722,-1.0,2026-04-07 11:13:38.612286,2026-04-07 11:13:39.255504,0 days 00:00:00.643218,60.962963464367505,1.7599756905806831,0.18936338579345097,Au,COMPLETE
2723,-19.66666666666346,2026-04-07 11:13:38.685905,2026-04-07 11:13:39.210770,0 days 00:00:00.524865,66.56050446061131,0.5101911297886096,0.19169204824499975,Au,COMPLETE
2724,-1.0,2026-04-07 11:13:38.865544,2026-04-07 11:13:39.354125,0 days 00:00:00.488581,60.760658684893095,1.7425076751765478,0.10005489691527933,Ag,COMPLETE
2725,-1.0,2026-04-07 11:13:38.925399,2026-04-07 11:13:39.476707,0 days 00:00:00.551308,66.65243806306552,0.5016628093673429,0.17732307259755828,Au,COMPLETE
2726,-49.76851851849078,2026-04-07 11:13:39.121848,2026-04-07 11:13:39.694283,0 days 00:00:00.572435,68.82738949501501,1.7781134601035662,0.13391323550603468,Ag,COMPLETE
2727,-51.76767676764536,2026-04-07 11:13:39.135930,2026-04-07 11:13:39.747079,0 days 00:00:00.611149,67.99223267395516,0.5084064722705839,0.1315048694684753,Ag,COMPLETE
2728,-1.0,2026-04-07 11:13:39.210770,2026-04-07 11:13:39.958465,0 days 00:00:00.747695,68.35240571634154,19.97245931610065,0.10202925434890317,Ag,COMPLETE
2729,-49.76851851849095,2026-04-07 11:13:39.242285,2026-04-07 11:13:39.756501,0 days 00:00:00.514216,67.97657940294062,1.6697282452903832,0.10036170950755745,Ag,COMPLETE
2730,-1.0,2026-04-07 11:13:39.357134,2026-04-07 11:13:39.994801,0 days 00:00:00.637667,68.06290281945354,0.8487838663810726,0.16201334938048745,Ag,COMPLETE
2731,-50.245098039186,2026-04-07 11:13:39.430591,2026-04-07 11:13:40.008252,0 days 00:00:00.577661,68.76651621856982,0.9005618603675964,0.13363348174198791,Ag,COMPLETE
2732,-1.0,2026-04-07 11:13:39.581346,2026-04-07 11:13:40.179816,0 days 00:00:00.598470,72.44739104902382,0.8260569078014464,0.1019673695550736,Ag,COMPLETE
2733,-1.0,2026-04-07 11:13:39.640069,2026-04-07 11:13:40.212807,0 days 00:00:00.572738,73.06698406803879,0.5011689354002672,0.10131857523458422,Ag,COMPLETE
2734,-51.4705882352638,2026-04-07 11:13:39.792147,2026-04-07 11:13:40.464493,0 days 00:00:00.672346,72.75343711905043,0.9199607325630503,0.10069544193011346,Ag,COMPLETE
2735,-1.0,2026-04-07 11:13:39.857156,2026-04-07 11:13:40.556604,0 days 00:00:00.699448,72.35352782571846,0.8705839779376099,0.1002137290857035,Ag,COMPLETE
2736,-49.76851851849095,2026-04-07 11:13:39.886594,2026-04-07 11:13:40.464998,0 days 00:00:00.578404,73.02813927997663,1.1352503566930836,0.16419991556358884,Ag,COMPLETE
2737,-26.99999999999567,2026-04-07 11:13:40.137779,2026-04-07 11:13:40.751674,0 days 00:00:00.613895,70.06022828627138,13.544945621779778,0.16434562217729992,Ag,COMPLETE
2738,-1.0,2026-04-07 11:13:40.151585,2026-04-07 11:13:40.680599,0 days 00:00:00.529014,100.89576622047582,7.960163168947043,1.627505398615949,Ag,COMPLETE
2739,-1.0,2026-04-07 11:13:40.197222,2026-04-07 11:13:40.751674,0 days 00:00:00.554452,71.4941703403691,1.4104358087695883,0.865168947005118,Ag,COMPLETE
2740,-1.0,2026-04-07 11:13:40.305513,2026-04-07 11:13:40.823651,0 days 00:00:00.518138,70.37703367285988,1.360468488012812,0.1630319916740099,Ag,COMPLETE
2741,-16.11635220125477,2026-04-07 11:13:40.322775,2026-04-07 11:13:40.963781,0 days 00:00:00.641006,34.31218224316534,1.403167404544503,0.17037122671140006,Ag,COMPLETE
2742,-14.444444444442583,2026-04-07 11:13:40.608503,2026-04-07 11:13:41.144255,0 days 00:00:00.535752,69.93933053324123,1.4492498563336422,0.16389335455339937,Cu,COMPLETE
2743,-15.178571428569251,2026-04-07 11:13:40.623166,2026-04-07 11:13:41.354068,0 days 00:00:00.730902,66.00053832176249,1.3580288124286537,0.16454632744965753,Cu,COMPLETE
2744,-1.0,2026-04-07 11:13:40.699882,2026-04-07 11:13:41.297227,0 days 00:00:00.597345,66.17750024641262,1.2034315066456047,0.16437858290804228,Cu,COMPLETE
2745,-1.0,2026-04-07 11:13:40.893683,2026-04-07 11:13:41.432030,0 days 00:00:00.538347,66.35122476372976,1.121660308715021,0.1339502121304769,Cu,COMPLETE
2746,-1.0,2026-04-07 11:13:40.916903,2026-04-07 11:13:41.405593,0 days 00:00:00.488690,66.50845250655736,1.112030686540576,0.1323508379474781,Cu,COMPLETE
2747,-1.0,2026-04-07 11:13:40.935555,2026-04-07 11:13:41.465298,0 days 00:00:00.529743,65.26746366364806,1.1227562438021943,0.13413464901521854,Cu,COMPLETE
2748,-1.0,2026-04-07 11:13:40.994540,2026-04-07 11:13:41.477904,0 days 00:00:00.483364,66.1385243325173,14.991145671185835,0.10054662313387654,Ag,COMPLETE
2749,-1.0,2026-04-07 11:13:41.180958,2026-04-07 11:13:41.743609,0 days 00:00:00.562651,66.16107977642153,1.0761056324529754,0.13513039800141938,Ag,COMPLETE
2750,-1.0,2026-04-07 11:13:41.293848,2026-04-07 11:13:42.086189,0 days 00:00:00.792341,77.13508941508108,0.8446863065904997,0.6378336754980715,Ag,COMPLETE
2751,-1.0,2026-04-07 11:13:41.493500,2026-04-07 11:13:42.019853,0 days 00:00:00.526353,23.61511027720662,0.5027657719364873,0.18725023339729613,Ag,COMPLETE
2752,-10.822510822509418,2026-04-07 11:13:41.534880,2026-04-07 11:13:41.966050,0 days 00:00:00.431170,29.008267643075207,0.5008777450475127,0.6571660652758399,Ag,COMPLETE
2753,-53.03030303027095,2026-04-07 11:13:41.543993,2026-04-07 11:13:42.028704,0 days 00:00:00.484711,69.93527316412977,0.5062301125360009,0.10114002766878816,Ag,COMPLETE
2754,-1.0,2026-04-07 11:13:41.577447,2026-04-07 11:13:42.198273,0 days 00:00:00.620826,23.519401663849695,3.466204278891699,0.19591811363422518,Ag,COMPLETE
2755,-1.0,2026-04-07 11:13:41.612937,2026-04-07 11:13:42.059697,0 days 00:00:00.446760,22.26282818500087,2.2230261407790106,0.10115643459249533,Ag,COMPLETE
2756,-9.98003992015849,2026-04-07 11:13:41.716009,2026-04-07 11:13:42.259651,0 days 00:00:00.543642,28.59928009804743,2.0534120505746385,0.1932538661366821,Ag,COMPLETE
2757,-53.03030303027095,2026-04-07 11:13:41.977306,2026-04-07 11:13:42.646756,0 days 00:00:00.669450,69.62887121022163,0.8793974509501783,0.10083165910351133,Ag,COMPLETE
2758,-1.0,2026-04-07 11:13:42.160785,2026-04-07 11:13:42.837391,0 days 00:00:00.676606,73.40836217266958,0.8359256006153662,0.13454130777622664,Ag,COMPLETE
2759,-48.8095238094959,2026-04-07 11:13:42.061778,2026-04-07 11:13:42.883104,0 days 00:00:00.821326,74.44253641730097,0.8860867645089479,0.13711464601332385,Ag,COMPLETE
2760,-31.645569620245237,2026-04-07 11:13:42.228706,2026-04-07 11:13:42.775782,0 days 00:00:00.547076,73.70244710150135,9.898046486056877,0.10022267433206436,Ag,COMPLETE
2761,-1.0,2026-04-07 11:13:42.324540,2026-04-07 11:13:42.842651,0 days 00:00:00.518111,73.95181395938422,0.5011376215625511,0.7193109234346732,Ag,COMPLETE
2762,-30.86419753085664,2026-04-07 11:13:42.349948,2026-04-07 11:13:42.812976,0 days 00:00:00.463028,74.18584906063565,9.968594993721974,0.13223407180120866,Ag,COMPLETE
2763,-28.486394557817185,2026-04-07 11:13:42.385507,2026-04-07 11:13:42.872814,0 days 00:00:00.487307,74.46146634903172,11.511851204794091,0.1343819690032619,Ag,COMPLETE
2764,-1.0,2026-04-07 11:13:42.411715,2026-04-07 11:13:42.960428,0 days 00:00:00.548713,74.65389987335327,2.004616418182819,0.10165146440417372,Ag,COMPLETE
2765,-45.94017094014738,2026-04-07 11:13:42.777422,2026-04-07 11:13:43.427566,0 days 00:00:00.650144,77.01431848152859,1.7718782505684176,0.13203399454129258,Ag,COMPLETE
2766,-1.0,2026-04-07 11:13:42.846370,2026-04-07 11:13:43.585604,0 days 00:00:00.739234,91.88057423947214,1.7471991030904972,0.13177571367566265,Ag,COMPLETE
2767,-22.54098360655492,2026-04-07 11:13:42.928443,2026-04-07 11:13:43.663696,0 days 00:00:00.735253,71.23819580484768,16.422924912671775,0.13191669153271143,Ag,COMPLETE
2768,-1.0,2026-04-07 11:13:43.039443,2026-04-07 11:13:43.544378,0 days 00:00:00.504935,71.75190630944714,16.488488719136274,0.10239642904256159,Ag,COMPLETE
2769,-1.0,2026-04-07 11:13:43.068916,2026-04-07 11:13:43.735088,0 days 00:00:00.666172,71.74479792034677,1.5938675659631234,0.13247655402198236,Ag,COMPLETE
2770,-49.76851851849098,2026-04-07 11:13:43.085478,2026-04-07 11:13:43.908510,0 days 00:00:00.823032,72.02225185012094,1.7337402535030515,0.10220573627551123,Ag,COMPLETE
2771,-49.76851851849098,2026-04-07 11:13:43.155733,2026-04-07 11:13:43.836800,0 days 00:00:00.681067,71.518009943616,1.7664032799084408,0.10237336805754949,Ag,COMPLETE
2772,-1.0,2026-04-07 11:13:43.211157,2026-04-07 11:13:43.880851,0 days 00:00:00.669694,71.60890617262137,1.6983644727131262,0.13125097530338722,Ag,COMPLETE
2773,-1.0,2026-04-07 11:13:43.589606,2026-04-07 11:13:44.244909,0 days 00:00:00.655303,71.28244950934861,1.5661784383579174,0.10200822276374757,Ag,COMPLETE
2774,-1.0,2026-04-07 11:13:43.671967,2026-04-07 11:13:44.349785,0 days 00:00:00.677818,70.57467857133298,1.4433988170872545,0.1015905392179886,Ag,COMPLETE
2775,-1.0,2026-04-07 11:13:43.782750,2026-04-07 11:13:44.376893,0 days 00:00:00.594143,79.53652932999356,1.360312091847486,0.13254526092185825,Ag,COMPLETE
2776,-1.0,2026-04-07 11:13:43.836800,2026-04-07 11:13:44.437693,0 days 00:00:00.600893,79.26648928571011,18.378438086980175,0.1328725900696306,Ag,COMPLETE
2777,-1.0,2026-04-07 11:13:43.980109,2026-04-07 11:13:44.598699,0 days 00:00:00.618590,77.03756092879746,1.375451454927272,0.10248093350876888,Ag,COMPLETE
2778,-1.0,2026-04-07 11:13:44.004147,2026-04-07 11:13:44.594889,0 days 00:00:00.590742,70.31231595973018,1.3643014604877557,0.13609371355350097,Ag,COMPLETE
2779,-49.99999999997132,2026-04-07 11:13:44.040192,2026-04-07 11:13:44.656235,0 days 00:00:00.616043,70.51847255527616,1.2663831416957214,0.14643886723997118,Ag,COMPLETE
2780,-1.0,2026-04-07 11:13:44.064516,2026-04-07 11:13:44.535832,0 days 00:00:00.471316,70.40211857648679,1.406923865459571,0.10170376701641302,Ag,COMPLETE
2781,-47.29729729727148,2026-04-07 11:13:44.404519,2026-04-07 11:13:45.069042,0 days 00:00:00.664523,76.47601401186411,1.0715577884031893,0.10097175661682081,Ag,COMPLETE
2782,-1.0,2026-04-07 11:13:44.563699,2026-04-07 11:13:45.280226,0 days 00:00:00.716527,73.20864775681234,2.1915190979971215,0.1350218080818692,Ag,COMPLETE
2783,-1.0,2026-04-07 11:13:44.610654,2026-04-07 11:13:45.233954,0 days 00:00:00.623300,73.80001782646592,0.8681235059652059,0.1321068386828857,Ag,COMPLETE
2784,-45.833333333310414,2026-04-07 11:13:44.705928,2026-04-07 11:13:45.324128,0 days 00:00:00.618200,76.12250444345464,2.2616919252595435,0.13727685385995847,Ag,COMPLETE
2785,-45.73170731705086,2026-04-07 11:13:44.722328,2026-04-07 11:13:45.172986,0 days 00:00:00.450658,73.19905268422316,2.870602392454789,0.132301485243567,Ag,COMPLETE
2786,-34.722222222209396,2026-04-07 11:13:44.776801,2026-04-07 11:13:45.265708,0 days 00:00:00.488907,73.14434354803748,2.199489711424354,1.4945099134103461,Ag,COMPLETE
2787,-1.4450867052022929,2026-04-07 11:13:44.799011,2026-04-07 11:13:45.373700,0 days 00:00:00.574689,109.88465855990584,0.8360258989205895,0.13761957566502314,Ag,COMPLETE
2788,-1.0,2026-04-07 11:13:44.815014,2026-04-07 11:13:45.452557,0 days 00:00:00.637543,72.82727042043683,0.8315252104295765,0.14009677792147487,Ag,COMPLETE
2789,-18.678160919537643,2026-04-07 11:13:45.204898,2026-04-07 11:13:45.752844,0 days 00:00:00.547946,69.65947311140613,2.1259016000882096,0.15452021010012312,Au,COMPLETE
2790,-19.531249999996948,2026-04-07 11:13:45.247422,2026-04-07 11:13:45.900765,0 days 00:00:00.653343,69.3190634726636,0.8486445250862464,0.16344080182086845,Au,COMPLETE
2791,-1.0,2026-04-07 11:13:45.366101,2026-04-07 11:13:45.864617,0 days 00:00:00.498516,69.60795829474034,0.8805014581958712,0.1615778371151719,Au,COMPLETE
2792,-1.0,2026-04-07 11:13:45.377793,2026-04-07 11:13:46.091706,0 days 00:00:00.713913,69.5238933904204,0.8627420333035237,0.16226498281671572,Au,COMPLETE
2793,-1.0,2026-04-07 11:13:45.467259,2026-04-07 11:13:45.982130,0 days 00:00:00.514871,69.7742856346925,17.23664051907,0.1627454629005719,Au,COMPLETE
2794,-1.0,2026-04-07 11:13:45.517206,2026-04-07 11:13:46.160309,0 days 00:00:00.643103,69.53683572996059,0.8547154218922942,0.16469007432036387,Au,COMPLETE
2795,-19.531249999996948,2026-04-07 11:13:45.610927,2026-04-07 11:13:46.281369,0 days 00:00:00.670442,69.78872776464254,0.8517117046686186,0.16774443788649784,Au,COMPLETE
2796,-1.0,2026-04-07 11:13:45.700948,2026-04-07 11:13:46.220933,0 days 00:00:00.519985,70.27797796772406,0.8580009316216376,0.1027108325277095,Ag,COMPLETE
2797,-35.59027777776299,2026-04-07 11:13:45.924117,2026-04-07 11:13:46.661858,0 days 00:00:00.737741,48.563224600192584,1.0614471156393235,0.13231633423306796,Ag,COMPLETE
2798,-17.982456140347047,2026-04-07 11:13:46.042076,2026-04-07 11:13:46.562756,0 days 00:00:00.520680,35.58944031747741,1.1565756835891519,0.1335075368279937,Ag,COMPLETE
2799,-49.99999999997132,2026-04-07 11:13:46.091706,2026-04-07 11:13:46.735801,0 days 00:00:00.644095,71.99908638873569,1.1486046736787048,0.1330937643618751,Ag,COMPLETE
2800,-49.99999999997132,2026-04-07 11:13:46.192057,2026-04-07 11:13:46.854183,0 days 00:00:00.662126,72.00394558533478,1.1650033007980092,0.13059543034058768,Ag,COMPLETE
2801,-1.0,2026-04-07 11:13:46.222933,2026-04-07 11:13:46.736814,0 days 00:00:00.513881,68.23274119585064,1.3937655103856426,0.10057284330325511,Ag,COMPLETE
2802,-1.0,2026-04-07 11:13:46.365735,2026-04-07 11:13:46.941289,0 days 00:00:00.575554,72.39311881867388,1.1794891265519583,0.13291738551207577,Ag,COMPLETE
2803,-1.0,2026-04-07 11:13:46.444241,2026-04-07 11:13:46.940291,0 days 00:00:00.496050,72.4458674869807,1.2027102003350643,0.1015773728939211,Ag,COMPLETE
2804,-1.0,2026-04-07 11:13:46.487609,2026-04-07 11:13:47.021204,0 days 00:00:00.533595,72.49122068305678,1.1739532596453341,0.10388396627919165,Ag,COMPLETE
2805,-1.0,2026-04-07 11:13:46.789089,2026-04-07 11:13:47.334339,0 days 00:00:00.545250,68.1709046332738,0.823617927560278,0.13275778461378834,Ag,COMPLETE
2806,-1.0,2026-04-07 11:13:46.850249,2026-04-07 11:13:47.491023,0 days 00:00:00.640774,67.97194702968235,0.8219602260083329,0.16950826014487297,Ag,COMPLETE
2807,-1.0,2026-04-07 11:13:46.877909,2026-04-07 11:13:47.531122,0 days 00:00:00.653213,75.26969213404374,14.62951240969344,0.10225739552174296,Ag,COMPLETE
2808,-1.0,2026-04-07 11:13:46.900642,2026-04-07 11:13:47.499981,0 days 00:00:00.599339,75.65857523767242,14.652560597907934,0.10078236723789163,Ag,COMPLETE
2809,-1.0,2026-04-07 11:13:47.022498,2026-04-07 11:13:47.642864,0 days 00:00:00.620366,75.588004457785,0.5083713786616917,0.10113435208962557,Ag,COMPLETE
2810,-1.0,2026-04-07 11:13:47.106105,2026-04-07 11:13:47.731424,0 days 00:00:00.625319,68.07423643414832,0.7998784892197545,0.16470075985818855,Ag,COMPLETE
2811,-1.0,2026-04-07 11:13:47.203658,2026-04-07 11:13:47.790874,0 days 00:00:00.587216,68.06742939571797,0.5109313357831615,0.10287067424043857,Ag,COMPLETE
2812,-1.0,2026-04-07 11:13:47.240159,2026-04-07 11:13:47.881903,0 days 00:00:00.641744,68.2180122956708,0.5090705682242703,0.16762993285409925,Ag,COMPLETE
2813,-51.76767676764536,2026-04-07 11:13:47.580087,2026-04-07 11:13:48.212610,0 days 00:00:00.632523,67.96686446314747,0.5009150793089128,0.16852090536009914,Ag,COMPLETE
2814,-42.572463768097364,2026-04-07 11:13:47.659643,2026-04-07 11:13:48.372025,0 days 00:00:00.712382,70.68514859640439,4.634626275348023,0.10069641567315055,Ag,COMPLETE
2815,-1.0,2026-04-07 11:13:47.674775,2026-04-07 11:13:48.210610,0 days 00:00:00.535835,70.49802083167998,1.702818565289907,0.10007306359012956,Ag,COMPLETE
2816,-49.76851851849095,2026-04-07 11:13:47.751593,2026-04-07 11:13:48.319197,0 days 00:00:00.567604,70.55511282820427,1.5902615883137055,0.10170798520108733,Ag,COMPLETE
2817,-48.42342342339707,2026-04-07 11:13:47.819467,2026-04-07 11:13:48.315198,0 days 00:00:00.495731,70.73190928949623,1.6735940744053508,0.17351541758818428,Ag,COMPLETE
2818,-42.572463768097236,2026-04-07 11:13:47.904119,2026-04-07 11:13:48.480047,0 days 00:00:00.575928,70.41129280051099,4.6360206790318745,0.1536894004232859,Ag,COMPLETE
2819,-36.858974358960296,2026-04-07 11:13:47.999405,2026-04-07 11:13:48.671816,0 days 00:00:00.672411,70.29858212697397,1.739114698969428,1.6771896049877502,Ag,COMPLETE
2820,-1.5799529688418272,2026-04-07 11:13:48.135518,2026-04-07 11:13:48.634527,0 days 00:00:00.499009,104.22374280800588,1.6853812029981246,0.16758155238212347,Ag,COMPLETE
2821,-1.0,2026-04-07 11:13:48.341864,2026-04-07 11:13:49.047176,0 days 00:00:00.705312,78.31282275825846,0.8459816606263204,0.10166686370313353,Ag,COMPLETE
2822,-1.0,2026-04-07 11:13:48.405990,2026-04-07 11:13:48.966244,0 days 00:00:00.560254,42.38048981444311,0.8435304084211168,0.16298016414667588,Ag,COMPLETE
2823,-17.34539969833931,2026-04-07 11:13:48.482220,2026-04-07 11:13:49.028726,0 days 00:00:00.546506,78.33548884861905,13.172736379963897,1.7297159303692147,Ag,COMPLETE
2824,-1.0,2026-04-07 11:13:48.556908,2026-04-07 11:13:49.137688,0 days 00:00:00.580780,67.0052871719623,0.8436714766692015,0.1374343290492029,Ag,COMPLETE
2825,-1.0,2026-04-07 11:13:48.675326,2026-04-07 11:13:49.278688,0 days 00:00:00.603362,73.38037041421344,0.8307681699868446,0.1448047032491781,Ag,COMPLETE
2826,-32.738095238083545,2026-04-07 11:13:48.776469,2026-04-07 11:13:49.308384,0 days 00:00:00.531915,77.9221613942032,0.5067548590517983,1.8456664837245487,Ag,COMPLETE
2827,-46.052631578923126,2026-04-07 11:13:48.831083,2026-04-07 11:13:49.530718,0 days 00:00:00.699635,58.494844326270446,1.1404108099548198,0.13462366233440948,Ag,COMPLETE
2828,-47.45370370367742,2026-04-07 11:13:48.923732,2026-04-07 11:13:49.567288,0 days 00:00:00.643556,59.07962232760183,0.5083825316823352,0.1359807037297566,Ag,COMPLETE
2829,-1.0,2026-04-07 11:13:49.156016,2026-04-07 11:13:49.807781,0 days 00:00:00.651765,63.989847387478676,1.1785829178259934,0.10212518129762312,Ag,COMPLETE
2830,-1.0,2026-04-07 11:13:49.202561,2026-04-07 11:13:49.888774,0 days 00:00:00.686213,64.42167732779565,13.946123973240264,0.10131876264298498,Ag,COMPLETE
2831,-51.76767676764536,2026-04-07 11:13:49.234524,2026-04-07 11:13:49.731956,0 days 00:00:00.497432,64.58786270738341,0.5011689803941285,0.10141146298184016,Ag,COMPLETE
2832,-1.0,2026-04-07 11:13:49.426086,2026-04-07 11:13:49.941484,0 days 00:00:00.515398,64.40108038986243,0.51197505461435,0.1005574923402983,Ag,COMPLETE
2833,-1.0,2026-04-07 11:13:49.465557,2026-04-07 11:13:50.014890,0 days 00:00:00.549333,67.39618647348739,15.695508078384732,0.1900143529877728,Ag,COMPLETE
2834,-1.0,2026-04-07 11:13:49.480546,2026-04-07 11:13:50.014890,0 days 00:00:00.534344,64.28029242320547,1.405615619099284,0.18708028895140377,Ag,COMPLETE
2835,-49.99999999997149,2026-04-07 11:13:49.690512,2026-04-07 11:13:50.306706,0 days 00:00:00.616194,68.35284658092829,1.1659960024627654,0.18824260565111195,Ag,COMPLETE
2836,-26.422764227639053,2026-04-07 11:13:49.732958,2026-04-07 11:13:50.378336,0 days 00:00:00.645378,68.7136068176143,15.599609722446633,0.18795952666572385,Ag,COMPLETE
2837,-1.0,2026-04-07 11:13:49.887270,2026-04-07 11:13:50.376328,0 days 00:00:00.489058,74.55205369183456,1.330724747994172,0.18743307117455182,Ag,COMPLETE
2838,-1.0,2026-04-07 11:13:49.988750,2026-04-07 11:13:50.446922,0 days 00:00:00.458172,74.41584092612828,1.1122799296118506,0.1582784242673807,Ag,COMPLETE
2839,-38.19444444442853,2026-04-07 11:13:50.092218,2026-04-07 11:13:50.613704,0 days 00:00:00.521486,74.67784897420094,1.1435072199784853,1.3278030071916733,Ag,COMPLETE
2840,-1.0,2026-04-07 11:13:50.181794,2026-04-07 11:13:50.890396,0 days 00:00:00.708602,73.34647522518212,1.1431025337923444,0.10056890350132407,Ag,COMPLETE
2841,-48.61111111108426,2026-04-07 11:13:50.200732,2026-04-07 11:13:50.784196,0 days 00:00:00.583464,73.96728468259829,1.1826685985614724,0.16296723166679453,Ag,COMPLETE
2842,-51.4705882352638,2026-04-07 11:13:50.238439,2026-04-07 11:13:50.883668,0 days 00:00:00.645229,72.0030441966218,0.8348698420075088,0.13618893240039878,Ag,COMPLETE
2843,-42.682926829247535,2026-04-07 11:13:50.502301,2026-04-07 11:13:51.155206,0 days 00:00:00.652905,52.683749326813995,0.8386325728968811,0.13338549436568076,Ag,COMPLETE
2844,-1.0,2026-04-07 11:13:50.560557,2026-04-07 11:13:51.074348,0 days 00:00:00.513791,71.60550141820258,1.96420530708359,0.10048332302246651,Ag,COMPLETE
2845,-1.0,2026-04-07 11:13:50.608764,2026-04-07 11:13:51.370298,0 days 00:00:00.761534,71.83552461981263,0.8105551588074558,0.13927408658821258,Ag,COMPLETE
2846,-1.0,2026-04-07 11:13:50.657524,2026-04-07 11:13:51.239017,0 days 00:00:00.581493,72.08575664345574,0.854886389200251,0.1341602226291902,Ag,COMPLETE
2847,-1.0,2026-04-07 11:13:50.756711,2026-04-07 11:13:51.313683,0 days 00:00:00.556972,71.70338006856005,0.5054313022637769,0.13273213239912363,Ag,COMPLETE
2848,-1.0,2026-04-07 11:13:50.956888,2026-04-07 11:13:51.721496,0 days 00:00:00.764608,66.61364121468479,0.8095045217259759,0.10112065643825334,Ag,COMPLETE
2849,-1.0,2026-04-07 11:13:51.095228,2026-04-07 11:13:51.859232,0 days 00:00:00.764004,66.7287605571362,1.4151960541670345,0.13522414180967515,Ag,COMPLETE
2850,-1.428571428571405,2026-04-07 11:13:51.159326,2026-04-07 11:13:51.770097,0 days 00:00:00.610771,114.9530956013447,1.4445576885457956,0.13585860435861574,Ag,COMPLETE
2851,-1.0,2026-04-07 11:13:51.268472,2026-04-07 11:13:51.895202,0 days 00:00:00.626730,66.55554531199773,0.5007168505854119,0.15737514045371698,Ag,COMPLETE
2852,-1.0,2026-04-07 11:13:51.317257,2026-04-07 11:13:51.971766,0 days 00:00:00.654509,69.10531908718261,1.486116564466477,0.10014852402529188,Ag,COMPLETE
2853,-1.0,2026-04-07 11:13:51.412113,2026-04-07 11:13:52.023454,0 days 00:00:00.611341,24.980137228693813,1.5749247138130982,0.16357651731329265,Ag,COMPLETE
2854,-49.76851851849095,2026-04-07 11:13:51.594644,2026-04-07 11:13:52.123137,0 days 00:00:00.528493,69.38743900882609,1.502057623772322,0.16317920814564804,Ag,COMPLETE
2855,-1.0,2026-04-07 11:13:51.670867,2026-04-07 11:13:52.345021,0 days 00:00:00.674154,68.58894795361161,1.5443916524457593,0.16245453138012705,Ag,COMPLETE
2856,22.9400749063667,2026-04-07 11:13:51.923801,2026-04-07 11:13:52.484802,0 days 00:00:00.561001,61.282803845569006,18.895150929370438,0.10103813512483702,Ag,COMPLETE
2857,-53.03030303027077,2026-04-07 11:13:51.987549,2026-04-07 11:13:52.607808,0 days 00:00:00.620259,69.21110177415996,0.5044430844408552,0.19077690030778188,Ag,COMPLETE
2858,-32.85256410255152,2026-04-07 11:13:52.063302,2026-04-07 11:13:52.747493,0 days 00:00:00.684191,46.67335822039128,0.8136169105763191,0.18552405070366107,Ag,COMPLETE
2859,-1.0,2026-04-07 11:13:52.082023,2026-04-07 11:13:52.666305,0 days 00:00:00.584282,61.82513370858478,2.573397102629202,0.10143583857687141,Ag,COMPLETE
2860,-49.99999999997132,2026-04-07 11:13:52.125804,2026-04-07 11:13:52.777224,0 days 00:00:00.651420,68.65947936238061,0.8428416724044614,0.19444048646084944,Ag,COMPLETE
2861,-50.24509803918621,2026-04-07 11:13:52.171241,2026-04-07 11:13:52.748493,0 days 00:00:00.577252,61.654811227035665,0.8342140494545338,0.10023929778242688,Ag,COMPLETE
2862,-51.47058823526383,2026-04-07 11:13:52.262166,2026-04-07 11:13:52.868597,0 days 00:00:00.606431,69.66834429479461,0.8138403119048392,0.10056209604277962,Ag,COMPLETE
2863,-1.0,2026-04-07 11:13:52.591542,2026-04-07 11:13:53.149977,0 days 00:00:00.558435,65.98172147825372,0.8641788638935141,0.18642544218283885,Ag,COMPLETE
2864,-1.0,2026-04-07 11:13:52.685529,2026-04-07 11:13:53.204408,0 days 00:00:00.518879,66.66474564958477,10.9112250478295,1.255145441409136,Ag,COMPLETE
2865,-1.0,2026-04-07 11:13:52.752137,2026-04-07 11:13:53.692118,0 days 00:00:00.939981,21.250963052816424,1.943438389371709,0.1396156574792165,Ag,COMPLETE
2866,-48.42342342339705,2026-04-07 11:13:52.872313,2026-04-07 11:13:53.460489,0 days 00:00:00.588176,66.15834943832681,1.9627576367468569,0.13636237604261905,Ag,COMPLETE
2867,-1.0,2026-04-07 11:13:52.933007,2026-04-07 11:13:53.677190,0 days 00:00:00.744183,39.99973605441011,10.97380612115049,0.14186092911920992,Ag,COMPLETE
2868,-16.047297297295106,2026-04-07 11:13:52.948220,2026-04-07 11:13:53.550757,0 days 00:00:00.602537,39.31795419366219,10.917327495491326,0.14255968462331664,Ag,COMPLETE
2869,21.479328165374348,2026-04-07 11:13:53.014859,2026-04-07 11:13:53.644885,0 days 00:00:00.630026,66.27377395287337,19.690110212113005,0.1004736986380185,Ag,COMPLETE
2870,-1.0,2026-04-07 11:13:53.089043,2026-04-07 11:13:53.610819,0 days 00:00:00.521776,22.12955071379461,19.42246819684571,0.1394413291799216,Cu,COMPLETE
2871,-0.7407407407407275,2026-04-07 11:13:53.339262,2026-04-07 11:13:54.005927,0 days 00:00:00.666665,67.37348579235088,19.56998130000824,0.13517326112917538,Au,COMPLETE
2872,-1.0,2026-04-07 11:13:53.388200,2026-04-07 11:13:53.962868,0 days 00:00:00.574668,20.121008374226324,0.5030733728989724,0.13848139763334225,Cu,COMPLETE
2873,-1.0,2026-04-07 11:13:53.649463,2026-04-07 11:13:54.210122,0 days 00:00:00.560659,70.34434592855858,1.1297105701189831,0.1875024996359851,Au,COMPLETE
2874,-37.87878787877414,2026-04-07 11:13:53.761920,2026-04-07 11:13:54.209123,0 days 00:00:00.447203,70.50762995507031,6.344981089251521,0.18520306613306806,Ag,COMPLETE
2875,-1.0,2026-04-07 11:13:53.794389,2026-04-07 11:13:54.333626,0 days 00:00:00.539237,85.5563384051342,0.5130009507868648,0.10026348419570022,Au,COMPLETE
2876,-17.191142191139715,2026-04-07 11:13:53.824676,2026-04-07 11:13:54.306296,0 days 00:00:00.481620,56.885689688235246,1.1697273482598307,0.189405837263877,Au,COMPLETE
2877,-1.0,2026-04-07 11:13:53.857709,2026-04-07 11:13:54.443464,0 days 00:00:00.585755,56.61600625819404,12.71493311613428,0.10106767622694794,Ag,COMPLETE
2878,-1.0,2026-04-07 11:13:53.960851,2026-04-07 11:13:54.540978,0 days 00:00:00.580127,56.31871736175118,1.1505792601690954,0.5568002377538155,Ag,COMPLETE
2879,-35.947712418286486,2026-04-07 11:13:54.140029,2026-04-07 11:13:54.760965,0 days 00:00:00.620936,76.52935950296155,1.1380388582197156,1.4333716202266669,Ag,COMPLETE
2880,-1.0,2026-04-07 11:13:54.158682,2026-04-07 11:13:54.679061,0 days 00:00:00.520379,68.54963616695672,1.176229764535437,0.16555395119378702,Ag,COMPLETE
2881,-38.94927536230172,2026-04-07 11:13:54.365872,2026-04-07 11:13:55.060205,0 days 00:00:00.694333,76.57856849421862,1.180387046462568,0.9154529635356417,Ag,COMPLETE
2882,-1.0,2026-04-07 11:13:54.380281,2026-04-07 11:13:54.947323,0 days 00:00:00.567042,31.73199797774228,1.1341811070931131,1.4419031603188,Ag,COMPLETE
2883,-49.99999999997173,2026-04-07 11:13:54.446967,2026-04-07 11:13:55.060205,0 days 00:00:00.613238,64.43222136340474,1.0937810912062707,0.16206510578919567,Ag,COMPLETE
2884,-1.0,2026-04-07 11:13:54.596347,2026-04-07 11:13:55.230643,0 days 00:00:00.634296,75.7672526997242,0.8258692515628457,0.16332599752842775,Ag,COMPLETE
2885,-1.0,2026-04-07 11:13:54.684251,2026-04-07 11:13:55.231643,0 days 00:00:00.547392,64.37980544080276,0.854575229742656,0.1617938377045535,Ag,COMPLETE
2886,-50.24509803918621,2026-04-07 11:13:54.799742,2026-04-07 11:13:55.315721,0 days 00:00:00.515979,64.22530378705652,0.8447414053670785,0.1001442466111515,Ag,COMPLETE
2887,-1.0,2026-04-07 11:13:54.895080,2026-04-07 11:13:55.629760,0 days 00:00:00.734680,81.53421445578864,0.8375565804137756,0.10061344140285162,Ag,COMPLETE
2888,-51.4705882352638,2026-04-07 11:13:54.917334,2026-04-07 11:13:55.558730,0 days 00:00:00.641396,72.27254517602971,0.8411479094357981,0.13415267366289008,Ag,COMPLETE
2889,-1.0,2026-04-07 11:13:55.063771,2026-04-07 11:13:55.717439,0 days 00:00:00.653668,73.17891132751447,0.7942285435726065,1.5722354539329157,Ag,COMPLETE
2890,-1.0,2026-04-07 11:13:55.192306,2026-04-07 11:13:55.801252,0 days 00:00:00.608946,71.90816534183362,0.501335279659036,0.10013464869969156,Ag,COMPLETE
2891,-1.0,2026-04-07 11:13:55.320050,2026-04-07 11:13:55.845860,0 days 00:00:00.525810,71.84639140205698,1.6863681759965399,0.13863868742819788,Ag,COMPLETE
2892,-44.871794871771925,2026-04-07 11:13:55.397045,2026-04-07 11:13:56.059335,0 days 00:00:00.662290,81.20392438363432,0.5080902384131528,0.10061307320664689,Ag,COMPLETE
2893,-1.0,2026-04-07 11:13:55.471018,2026-04-07 11:13:56.090010,0 days 00:00:00.618992,71.7199558084734,1.6202303377284109,1.7735897906441966,Ag,COMPLETE
2894,-1.0,2026-04-07 11:13:55.482183,2026-04-07 11:13:56.030945,0 days 00:00:00.548762,72.06637223890628,1.5443472565849987,0.13555278731095854,Ag,COMPLETE
2895,-1.0,2026-04-07 11:13:55.750537,2026-04-07 11:13:56.511797,0 days 00:00:00.761260,69.04582268704868,1.4465309144805345,0.19711288110309383,Ag,COMPLETE
2896,-1.0,2026-04-07 11:13:55.848948,2026-04-07 11:13:56.514882,0 days 00:00:00.665934,69.37445372804711,0.5032360799692362,0.2072864376877702,Ag,COMPLETE
2897,-50.24509803918605,2026-04-07 11:13:55.929791,2026-04-07 11:13:56.441639,0 days 00:00:00.511848,68.96980191881823,0.5119780762682905,0.20324434294846505,Ag,COMPLETE
2898,-1.0,2026-04-07 11:13:55.981566,2026-04-07 11:13:56.588580,0 days 00:00:00.607014,69.29050029120157,5.316747040618429,0.20390118334316115,Ag,COMPLETE
2899,-1.0,2026-04-07 11:13:56.020366,2026-04-07 11:13:56.665612,0 days 00:00:00.645246,68.25353574005321,1.329898206566895,0.19939018422881893,Ag,COMPLETE
2900,-48.6111111110841,2026-04-07 11:13:56.223494,2026-04-07 11:13:56.726098,0 days 00:00:00.502604,69.01911837554287,1.401039078064969,0.20600195127131937,Ag,COMPLETE
2901,-1.0,2026-04-07 11:13:56.233629,2026-04-07 11:13:56.854823,0 days 00:00:00.621194,67.99891070764912,1.4096041007715332,0.20473740094815535,Ag,COMPLETE
2902,-9.39306358381393,2026-04-07 11:13:56.260420,2026-04-07 11:13:56.916037,0 days 00:00:00.655617,27.640331402021257,1.3716213023244521,0.2070248205192355,Ag,COMPLETE
2903,-1.0,2026-04-07 11:13:56.702397,2026-04-07 11:13:57.291251,0 days 00:00:00.588854,66.8891529845439,0.8914426976628629,0.13677070798392674,Ag,COMPLETE
2904,-1.0,2026-04-07 11:13:56.716008,2026-04-07 11:13:57.360263,0 days 00:00:00.644255,66.42710123210416,1.083308761462085,0.13389762570041724,Ag,COMPLETE
2905,-1.0,2026-04-07 11:13:56.729657,2026-04-07 11:13:57.397837,0 days 00:00:00.668180,66.35414124618445,0.5105945575787345,0.1362533258661903,Ag,COMPLETE
2906,-47.14912280699262,2026-04-07 11:13:56.808588,2026-04-07 11:13:57.277563,0 days 00:00:00.468975,62.628830645952576,1.982491133956496,0.13574095520209273,Ag,COMPLETE
2907,-1.0,2026-04-07 11:13:56.873847,2026-04-07 11:13:57.468793,0 days 00:00:00.594946,62.437759724439736,0.514218531138063,0.7613559197725126,Ag,COMPLETE
2908,-50.245098039186,2026-04-07 11:13:56.964434,2026-04-07 11:13:57.466639,0 days 00:00:00.502205,62.38614377069532,0.5063833797412213,0.13588760662283447,Ag,COMPLETE
2909,-51.47058823526401,2026-04-07 11:13:57.065462,2026-04-07 11:13:57.559127,0 days 00:00:00.493665,66.37769810817906,0.8311921953923131,0.13592624340834675,Ag,COMPLETE
2910,-1.0,2026-04-07 11:13:57.105476,2026-04-07 11:13:57.620345,0 days 00:00:00.514869,65.89678031549352,16.93988211099788,0.10029945785476323,Ag,COMPLETE
2911,-1.0,2026-04-07 11:13:57.435279,2026-04-07 11:13:58.075330,0 days 00:00:00.640051,74.94161343875747,0.5070500036664972,0.1640492955574357,Cu,COMPLETE
2912,-1.0,2026-04-07 11:13:57.478065,2026-04-07 11:13:58.223257,0 days 00:00:00.745192,74.24269281212503,1.0973999238911483,0.16087676983221608,Cu,COMPLETE
2913,-1.0,2026-04-07 11:13:57.527578,2026-04-07 11:13:58.161104,0 days 00:00:00.633526,74.03853350492159,17.909288821108024,0.15779603111935894,Cu,COMPLETE
2914,-12.87878787878632,2026-04-07 11:13:57.591442,2026-04-07 11:13:58.192140,0 days 00:00:00.600698,74.97199945218809,1.1616368250418143,0.1003278964233802,Cu,COMPLETE
2915,-1.0,2026-04-07 11:13:57.641174,2026-04-07 11:13:58.320614,0 days 00:00:00.679440,99.20720086339352,1.1110725509528452,0.1751896618212302,Cu,COMPLETE
2916,-9.78027867095327,2026-04-07 11:13:57.692676,2026-04-07 11:13:58.349073,0 days 00:00:00.656397,70.4988228505231,10.35583026413921,0.1639531272451698,Cu,COMPLETE
2917,-1.0,2026-04-07 11:13:57.755837,2026-04-07 11:13:58.273037,0 days 00:00:00.517200,74.47501864688627,2.006417447721839,0.16797485438228854,Cu,COMPLETE
2918,-27.908805031441336,2026-04-07 11:13:57.790143,2026-04-07 11:13:58.325853,0 days 00:00:00.535710,74.16527574603728,12.139131488048271,0.16525910455329335,Ag,COMPLETE
2919,-1.0,2026-04-07 11:13:58.226922,2026-04-07 11:13:58.883107,0 days 00:00:00.656185,70.78532496032666,0.8330562905860939,0.10029640205942508,Ag,COMPLETE
2920,-1.0,2026-04-07 11:13:58.318459,2026-04-07 11:13:59.004041,0 days 00:00:00.685582,59.932969603808246,0.8769051188550778,0.13408909975184902,Ag,COMPLETE
2921,-1.0,2026-04-07 11:13:58.319610,2026-04-07 11:13:58.974613,0 days 00:00:00.655003,59.85609799434347,0.8671115046659189,0.13381131204606722,Ag,COMPLETE
2922,-51.76767676764536,2026-04-07 11:13:58.414670,2026-04-07 11:13:58.956861,0 days 00:00:00.542191,70.59409691471643,0.5083109205347827,0.1377414957536965,Ag,COMPLETE
2923,-1.0,2026-04-07 11:13:58.460908,2026-04-07 11:13:59.004041,0 days 00:00:00.543133,70.43927875333728,0.8645778811235538,0.10142468920423386,Ag,COMPLETE
2924,-1.0,2026-04-07 11:13:58.513496,2026-04-07 11:13:58.977957,0 days 00:00:00.464461,70.47901860387881,0.8391368105314241,0.1337834354646985,Ag,COMPLETE
2925,-1.0,2026-04-07 11:13:58.537215,2026-04-07 11:13:59.252839,0 days 00:00:00.715624,70.57252962060126,0.8592323614820314,0.13948471380293867,Ag,COMPLETE
2926,-1.0,2026-04-07 11:13:58.552335,2026-04-07 11:13:59.141322,0 days 00:00:00.588987,70.41212599066311,0.5090946749809995,1.043555798237811,Ag,COMPLETE
2927,-47.29729729727182,2026-04-07 11:13:59.069499,2026-04-07 11:13:59.682221,0 days 00:00:00.612722,64.73805627894654,1.8024036007777484,0.16305517727165844,Ag,COMPLETE
2928,-18.32151300236143,2026-04-07 11:13:59.108889,2026-04-07 11:13:59.760859,0 days 00:00:00.651970,67.28899090264525,0.5075081063572515,0.8166295904107167,Au,COMPLETE
2929,-1.0,2026-04-07 11:13:59.161213,2026-04-07 11:13:59.671687,0 days 00:00:00.510474,24.720539274988973,1.89749822924347,0.16366730812833646,Ag,COMPLETE
2930,-1.0,2026-04-07 11:13:59.174943,2026-04-07 11:13:59.885167,0 days 00:00:00.710224,64.57135384651053,1.683841858024345,0.17575617114551678,Au,COMPLETE
2931,-1.0,2026-04-07 11:13:59.192467,2026-04-07 11:13:59.767383,0 days 00:00:00.574916,64.88246870749681,0.501720832595824,0.10101266664342569,Au,COMPLETE
2932,-0.5530973451327336,2026-04-07 11:13:59.220651,2026-04-07 11:13:59.850909,0 days 00:00:00.630258,64.9273523327045,16.130061774561028,0.10141134207071384,Au,COMPLETE
2933,-1.0,2026-04-07 11:13:59.256903,2026-04-07 11:13:59.789491,0 days 00:00:00.532588,64.7262504635997,1.8073016343421657,0.10025547697514606,Au,COMPLETE
2934,-1.0,2026-04-07 11:13:59.426771,2026-04-07 11:14:00.010103,0 days 00:00:00.583332,67.47863369428194,1.7547849359330012,0.16234384604388463,Au,COMPLETE
2935,-1.0,2026-04-07 11:13:59.823783,2026-04-07 11:14:00.510318,0 days 00:00:00.686535,67.96784603068139,0.5007825960697652,1.9042807184745816,Ag,COMPLETE
2936,-49.99999999997149,2026-04-07 11:13:59.910516,2026-04-07 11:14:00.539638,0 days 00:00:00.629122,68.23448953761311,1.1985329826616322,0.1343609197816798,Ag,COMPLETE
2937,-51.190476190446915,2026-04-07 11:13:59.886169,2026-04-07 11:14:00.543643,0 days 00:00:00.657474,67.72909481116275,1.2600477431238593,0.13655148530275982,Ag,COMPLETE
2938,-1.0,2026-04-07 11:13:59.980383,2026-04-07 11:14:00.569311,0 days 00:00:00.588928,67.83605693121001,1.403470885325356,0.13111283582900507,Ag,COMPLETE
2939,-49.99999999997132,2026-04-07 11:14:00.012102,2026-04-07 11:14:00.571221,0 days 00:00:00.559119,67.92290734908045,1.1743474677344945,0.1329522932457125,Ag,COMPLETE
2940,-51.190476190446915,2026-04-07 11:14:00.055920,2026-04-07 11:14:00.729221,0 days 00:00:00.673301,68.13395511017505,1.1714499614839362,0.13984486130007304,Ag,COMPLETE
2941,-1.0,2026-04-07 11:14:00.088801,2026-04-07 11:14:00.538134,0 days 00:00:00.449333,67.56433548638377,1.179793655960368,0.13415097812054844,Ag,COMPLETE
2942,-1.0,2026-04-07 11:14:00.216887,2026-04-07 11:14:00.918714,0 days 00:00:00.701827,68.08041251799315,1.2009410430147665,0.10067420963275436,Ag,COMPLETE
2943,-1.0,2026-04-07 11:14:00.635417,2026-04-07 11:14:01.234536,0 days 00:00:00.599119,72.84661633394907,0.5009133819317231,1.1810790977184593,Ag,COMPLETE
2944,-1.0,2026-04-07 11:14:00.745177,2026-04-07 11:14:01.343733,0 days 00:00:00.598556,73.30674321566295,2.4464425473918596,0.10003222331788607,Ag,COMPLETE
2945,-18.749999999996827,2026-04-07 11:14:00.776258,2026-04-07 11:14:01.235534,0 days 00:00:00.459276,88.96949830705577,7.757749763392932,0.10036650054671097,Ag,COMPLETE
2946,-1.0,2026-04-07 11:14:00.792362,2026-04-07 11:14:01.372889,0 days 00:00:00.580527,72.77770886950091,0.9011140140616393,0.1898234820303908,Ag,COMPLETE
2947,-32.86384976524892,2026-04-07 11:14:00.818395,2026-04-07 11:14:01.432242,0 days 00:00:00.613847,72.29663386742303,8.748594951274168,0.18785074268155438,Ag,COMPLETE
2948,-51.47058823526383,2026-04-07 11:14:00.807918,2026-04-07 11:14:01.486965,0 days 00:00:00.679047,72.68924921756995,0.5103284449496476,0.1917109582824152,Ag,COMPLETE
2949,-41.666666666647146,2026-04-07 11:14:00.854293,2026-04-07 11:14:01.447697,0 days 00:00:00.593404,73.17697680685826,0.5008770412230787,1.1473399522413372,Ag,COMPLETE
2950,-1.0,2026-04-07 11:14:01.149197,2026-04-07 11:14:01.762724,0 days 00:00:00.613527,72.04339843622986,2.416032405999479,0.10076988238639702,Ag,COMPLETE
2951,-36.63793103446988,2026-04-07 11:14:01.376505,2026-04-07 11:14:01.996136,0 days 00:00:00.619631,63.51285140691505,6.82785841526888,0.1684857659682037,Ag,COMPLETE
2952,-1.0,2026-04-07 11:14:01.490070,2026-04-07 11:14:02.064758,0 days 00:00:00.574688,69.89808294412765,0.8863132239186909,0.166909733116045,Ag,COMPLETE
2953,-47.297297297271975,2026-04-07 11:14:01.528533,2026-04-07 11:14:02.150414,0 days 00:00:00.621881,63.47961919966386,1.4720328148023645,0.2295514284379518,Ag,COMPLETE
2954,-48.61111111108375,2026-04-07 11:14:01.557992,2026-04-07 11:14:02.064758,0 days 00:00:00.506766,63.46178918227441,1.4749615118929817,0.10045378587352169,Ag,COMPLETE
2955,-1.0,2026-04-07 11:14:01.605866,2026-04-07 11:14:02.277047,0 days 00:00:00.671181,62.69335626939201,0.8831685343463307,0.16615881792201342,Ag,COMPLETE
2956,-1.0,2026-04-07 11:14:01.672826,2026-04-07 11:14:02.231212,0 days 00:00:00.558386,62.58801273991415,1.4436156459070562,0.224745677421284,Ag,COMPLETE
2957,-1.0,2026-04-07 11:14:01.720682,2026-04-07 11:14:02.324722,0 days 00:00:00.604040,62.47298420590344,1.4677400853092486,0.1658056489100922,Ag,COMPLETE
2958,-48.42342342339725,2026-04-07 11:14:02.011934,2026-04-07 11:14:02.763590,0 days 00:00:00.751656,65.85129049323604,1.5891909834833795,0.2221772090494623,Ag,COMPLETE
2959,-50.245098039186,2026-04-07 11:14:02.085008,2026-04-07 11:14:02.870064,0 days 00:00:00.785056,66.15811385553536,0.8967324795018101,0.14452259139317414,Ag,COMPLETE
2960,-1.0,2026-04-07 11:14:02.235211,2026-04-07 11:14:02.876277,0 days 00:00:00.641066,65.77130002151026,0.8822095738204291,0.10044060973948969,Ag,COMPLETE
2961,-1.0,2026-04-07 11:14:02.371571,2026-04-07 11:14:02.968551,0 days 00:00:00.596980,65.94760593471587,0.8670511964871361,0.10004029027089344,Ag,COMPLETE
2962,-1.0,2026-04-07 11:14:02.386520,2026-04-07 11:14:02.964556,0 days 00:00:00.578036,65.79649861307797,0.8675847673208528,0.13736430064543712,Ag,COMPLETE
2963,-1.0,2026-04-07 11:14:02.446323,2026-04-07 11:14:03.070540,0 days 00:00:00.624217,65.8614425139812,0.5017773283847637,0.1328513423993108,Ag,COMPLETE
2964,-49.999999999971564,2026-04-07 11:14:02.493743,2026-04-07 11:14:03.181447,0 days 00:00:00.687704,69.87384081589998,1.0725910145302524,0.13725072175013897,Ag,COMPLETE
2965,-1.0,2026-04-07 11:14:02.566935,2026-04-07 11:14:03.343659,0 days 00:00:00.776724,65.82798473594472,0.8689463390814269,0.13188111488369966,Ag,COMPLETE
2966,-1.0,2026-04-07 11:14:02.965552,2026-04-07 11:14:03.836837,0 days 00:00:00.871285,69.47863862674525,1.1345891026848054,0.20061324959688706,Ag,COMPLETE
2967,-47.297297297271975,2026-04-07 11:14:03.027204,2026-04-07 11:14:03.732447,0 days 00:00:00.705243,76.24034910915009,1.1188191767940534,0.18740765227576764,Ag,COMPLETE
2968,-1.0,2026-04-07 11:14:03.111723,2026-04-07 11:14:03.776998,0 days 00:00:00.665275,70.22388771239632,1.1730186563134348,0.18948913794223785,Ag,COMPLETE
2969,-1.0,2026-04-07 11:14:03.199105,2026-04-07 11:14:03.778503,0 days 00:00:00.579398,70.15833800186454,0.5031057047997098,0.19604028027274784,Ag,COMPLETE
2970,-23.946360153253934,2026-04-07 11:14:03.214632,2026-04-07 11:14:03.901557,0 days 00:00:00.686925,76.70752105806378,15.208990157157615,0.20000094283923178,Ag,COMPLETE
2971,-1.0,2026-04-07 11:14:03.450050,2026-04-07 11:14:03.918343,0 days 00:00:00.468293,69.52317645985983,1.1661578513497695,0.18990349868766815,Ag,COMPLETE
2972,-1.0,2026-04-07 11:14:03.477360,2026-04-07 11:14:03.942065,0 days 00:00:00.464705,76.86440065993875,1.1585300427139846,0.1892231757083294,Ag,COMPLETE
2973,-53.03030303027077,2026-04-07 11:14:03.528693,2026-04-07 11:14:03.983192,0 days 00:00:00.454499,69.65679762501355,0.5078900927481023,0.1990373945466965,Ag,COMPLETE
2974,-1.0,2026-04-07 11:14:03.964978,2026-04-07 11:14:04.541792,0 days 00:00:00.576814,50.84419290904798,2.0832276600280637,0.14074802029951233,Ag,COMPLETE
2975,-8.417508417507568,2026-04-07 11:14:03.981053,2026-04-07 11:14:04.839278,0 days 00:00:00.858225,26.128021765090637,2.1244988770014803,0.10046805063624431,Ag,COMPLETE
2976,-1.0,2026-04-07 11:14:03.996519,2026-04-07 11:14:04.573559,0 days 00:00:00.577040,50.277132023002366,0.8803483912891217,0.13464942282813275,Ag,COMPLETE
2977,-1.0,2026-04-07 11:14:04.010719,2026-04-07 11:14:04.500074,0 days 00:00:00.489355,50.57931077273225,2.0668406858611688,0.13486349940273323,Ag,COMPLETE
2978,-1.0,2026-04-07 11:14:03.921347,2026-04-07 11:14:04.777205,0 days 00:00:00.855858,25.960330697505288,0.8397406194534425,0.10079526951137147,Ag,COMPLETE
2979,-47.149122806992644,2026-04-07 11:14:04.026946,2026-04-07 11:14:04.744479,0 days 00:00:00.717533,71.99832430743233,2.0932288778566157,0.15334992786091065,Ag,COMPLETE
2980,-1.0,2026-04-07 11:14:04.190508,2026-04-07 11:14:04.684800,0 days 00:00:00.494292,71.69651131369726,0.5095717351867465,0.13587305693745974,Ag,COMPLETE
2981,-48.42342342339705,2026-04-07 11:14:04.224281,2026-04-07 11:14:04.748861,0 days 00:00:00.524580,72.31887778864814,1.9721148742902672,0.13047216849058776,Ag,COMPLETE
2982,-1.0,2026-04-07 11:14:04.679169,2026-04-07 11:14:05.245516,0 days 00:00:00.566347,31.018481653088998,1.4860318637712657,0.16103610091982412,Ag,COMPLETE
2983,-48.6111111110841,2026-04-07 11:14:04.717159,2026-04-07 11:14:05.363437,0 days 00:00:00.646278,68.3985352526342,1.5191091742827694,0.10107327235660728,Ag,COMPLETE
2984,-1.0,2026-04-07 11:14:04.810352,2026-04-07 11:14:05.292688,0 days 00:00:00.482336,67.90190204967315,1.4489865210204416,0.10052646176880706,Ag,COMPLETE
2985,-48.61111111108426,2026-04-07 11:14:04.856047,2026-04-07 11:14:05.417943,0 days 00:00:00.561896,67.8723045386653,1.5626329432895412,0.16285527818999757,Ag,COMPLETE
2986,-41.666666666647586,2026-04-07 11:14:04.890960,2026-04-07 11:14:05.437418,0 days 00:00:00.546458,68.58571857661461,1.594063412051745,1.0843434561558198,Ag,COMPLETE
2987,-1.0,2026-04-07 11:14:04.916552,2026-04-07 11:14:05.516620,0 days 00:00:00.600068,60.60739994610774,1.4612361484798932,0.10110341353142889,Ag,COMPLETE
2988,-25.595238095230876,2026-04-07 11:14:04.949386,2026-04-07 11:14:05.514625,0 days 00:00:00.565239,43.63478491178287,1.494702036481986,0.9751556760659941,Ag,COMPLETE
2989,-1.0,2026-04-07 11:14:05.107945,2026-04-07 11:14:05.683388,0 days 00:00:00.575443,44.00838446916814,8.216078897873489,0.15804457882814002,Ag,COMPLETE
2990,-1.0,2026-04-07 11:14:05.441927,2026-04-07 11:14:06.204040,0 days 00:00:00.762113,36.25939680482679,0.8673443233633118,0.10000854658830785,Ag,COMPLETE
2991,-1.0,2026-04-07 11:14:05.545660,2026-04-07 11:14:06.201320,0 days 00:00:00.655660,70.92791035195813,0.9012376670212381,1.5125947758187779,Ag,COMPLETE
2992,-0.7744733581164693,2026-04-07 11:14:05.618478,2026-04-07 11:14:06.278175,0 days 00:00:00.659697,70.93592851270894,17.514551567567626,0.13536743359111877,Ag,COMPLETE
2993,-1.0,2026-04-07 11:14:05.656128,2026-04-07 11:14:06.142743,0 days 00:00:00.486615,71.37739766572174,0.8488606149700707,0.2325080695196221,Ag,COMPLETE
2994,-49.99999999997132,2026-04-07 11:14:05.669296,2026-04-07 11:14:06.326945,0 days 00:00:00.657649,70.97685072688768,0.8898958467851312,0.15892550668626398,Ag,COMPLETE
2995,-50.245098039186,2026-04-07 11:14:05.757288,2026-04-07 11:14:06.231519,0 days 00:00:00.474231,71.21149627459218,0.8914619225006257,0.13276319517488264,Ag,COMPLETE
2996,-1.0,2026-04-07 11:14:05.793428,2026-04-07 11:14:06.330030,0 days 00:00:00.536602,36.648767264541846,0.9453114363326454,0.10115698348329698,Ag,COMPLETE
2997,-51.47058823526383,2026-04-07 11:14:05.846490,2026-04-07 11:14:06.450242,0 days 00:00:00.603752,70.75329334940457,0.8415225397892496,0.23003882671415987,Ag,COMPLETE
2998,-19.278606965171225,2026-04-07 11:14:06.281388,2026-04-07 11:14:06.839176,0 days 00:00:00.557788,74.38123627483795,1.1113083179372434,0.1695793564488011,Au,COMPLETE
2999,0.0,2026-04-07 11:14:06.375999,2026-04-07 11:14:06.963732,0 days 00:00:00.587733,23.579972845724303,11.85255559506436,0.1633044977421417,Au,COMPLETE
3000,-1.0,2026-04-07 11:14:06.390888,2026-04-07 11:14:06.992138,0 days 00:00:00.601250,73.96897917418607,18.53258478890679,0.16565995184079937,Au,COMPLETE
3001,-0.7122507122507,2026-04-07 11:14:06.422154,2026-04-07 11:14:06.934714,0 days 00:00:00.512560,74.19770996104155,18.334211553819458,0.16533683955252532,Au,COMPLETE
3002,-19.51058201057882,2026-04-07 11:14:06.468702,2026-04-07 11:14:07.146187,0 days 00:00:00.677485,73.98478659389293,0.5059138628587991,0.16550107660788116,Au,COMPLETE
3003,-0.5252100840336046,2026-04-07 11:14:06.494383,2026-04-07 11:14:07.043276,0 days 00:00:00.548893,73.99474967953714,14.04403626995172,0.10006654644682977,Au,COMPLETE
3004,-1.0,2026-04-07 11:14:06.560907,2026-04-07 11:14:07.259488,0 days 00:00:00.698581,74.00646640560294,13.399180343684895,0.1694122341357963,Au,COMPLETE
3005,-1.0,2026-04-07 11:14:06.646808,2026-04-07 11:14:07.244252,0 days 00:00:00.597444,73.82430233592977,1.1368485822646854,1.3729118712523953,Au,COMPLETE
3006,-1.0,2026-04-07 11:14:07.074661,2026-04-07 11:14:07.666614,0 days 00:00:00.591953,66.88436958371136,0.8482218755124536,0.22138284266092068,Ag,COMPLETE
3007,-1.0,2026-04-07 11:14:07.136717,2026-04-07 11:14:07.788341,0 days 00:00:00.651624,66.83935921806066,0.8260079274138116,0.10079251496406183,Ag,COMPLETE
3008,-1.0,2026-04-07 11:14:07.198229,2026-04-07 11:14:07.747210,0 days 00:00:00.548981,66.84523704557208,0.5000833416065417,0.10035681865258415,Ag,COMPLETE
3009,-1.0,2026-04-07 11:14:07.213614,2026-04-07 11:14:07.728814,0 days 00:00:00.515200,66.31740659142096,0.5122828279347307,0.1337220188904535,Ag,COMPLETE
3010,-51.76767676764536,2026-04-07 11:14:07.291153,2026-04-07 11:14:07.726800,0 days 00:00:00.435647,67.04309710945651,0.5141364057258683,0.1329078454874468,Ag,COMPLETE
3011,-45.8333333333104,2026-04-07 11:14:07.341021,2026-04-07 11:14:07.933629,0 days 00:00:00.592608,67.29847310051818,3.0851301445748476,0.1350270969992306,Ag,COMPLETE
3012,-51.4705882352638,2026-04-07 11:14:07.358606,2026-04-07 11:14:08.008319,0 days 00:00:00.649713,66.55876839031286,0.8701661745681151,0.1357066350361149,Ag,COMPLETE
3013,-1.0,2026-04-07 11:14:07.419128,2026-04-07 11:14:08.115414,0 days 00:00:00.696286,67.09904642798851,0.8182044744648176,0.1323311184987056,Ag,COMPLETE
3014,-1.0,2026-04-07 11:14:07.854209,2026-04-07 11:14:08.570650,0 days 00:00:00.716441,60.86401936562884,0.5015671036640975,0.10000972207267067,Ag,COMPLETE
3015,-1.0,2026-04-07 11:14:07.931620,2026-04-07 11:14:08.576059,0 days 00:00:00.644439,64.48925408232245,0.5069882984850783,0.13299389823240335,Ag,COMPLETE
3016,-1.0,2026-04-07 11:14:07.947697,2026-04-07 11:14:08.455690,0 days 00:00:00.507993,64.41230301832461,1.2145961383724906,0.1366674985868138,Ag,COMPLETE
3017,-1.0,2026-04-07 11:14:08.011837,2026-04-07 11:14:08.574146,0 days 00:00:00.562309,64.70702998205563,0.507589827548528,0.10067749202180619,Ag,COMPLETE
3018,-1.0,2026-04-07 11:14:08.073534,2026-04-07 11:14:08.711262,0 days 00:00:00.637728,69.74718800740084,9.385680234307651,0.19157676687404107,Ag,COMPLETE
3019,-47.297297297271456,2026-04-07 11:14:08.149034,2026-04-07 11:14:08.710745,0 days 00:00:00.561711,60.92026586414952,1.2034798714644106,0.2186522531926629,Ag,COMPLETE
3020,-44.79166666664419,2026-04-07 11:14:08.234536,2026-04-07 11:14:08.764555,0 days 00:00:00.530019,79.10897305265235,1.226949968764522,0.22559439301839096,Ag,COMPLETE
3021,-49.99999999997149,2026-04-07 11:14:08.295990,2026-04-07 11:14:08.996057,0 days 00:00:00.700067,64.4033081097705,1.197696654652632,0.13494520950547992,Ag,COMPLETE
3022,-1.0,2026-04-07 11:14:08.661990,2026-04-07 11:14:09.285715,0 days 00:00:00.623725,69.17310078676014,1.1142887706381412,0.17717771317935746,Ag,COMPLETE
3023,-49.99999999997132,2026-04-07 11:14:08.738639,2026-04-07 11:14:09.255558,0 days 00:00:00.516919,69.92037101875303,1.2359252825822469,0.17102800898274245,Ag,COMPLETE
3024,-1.0,2026-04-07 11:14:08.769337,2026-04-07 11:14:09.254561,0 days 00:00:00.485224,69.65620259714936,0.5038490776289688,0.1841049690253252,Ag,COMPLETE
3025,-1.0,2026-04-07 11:14:08.817502,2026-04-07 11:14:09.389318,0 days 00:00:00.571816,68.31254034884053,1.158301260311981,0.1725953060253173,Ag,COMPLETE
3026,-1.0,2026-04-07 11:14:08.878916,2026-04-07 11:14:09.407729,0 days 00:00:00.528813,69.20726317004733,1.17560833605006,0.1729664235247212,Ag,COMPLETE
3027,-49.76851851849078,2026-04-07 11:14:08.923370,2026-04-07 11:14:09.584413,0 days 00:00:00.661043,68.91132599730683,1.754735508282591,0.16983700716751898,Ag,COMPLETE
3028,-47.29729729727182,2026-04-07 11:14:09.019625,2026-04-07 11:14:09.585922,0 days 00:00:00.566297,69.01808887964091,1.785323299375159,0.17681099938368305,Ag,COMPLETE
3029,-1.0,2026-04-07 11:14:09.170358,2026-04-07 11:14:09.755119,0 days 00:00:00.584761,68.5867755885296,1.7659326935128956,1.6919645971425679,Ag,COMPLETE
3030,-48.61111111108426,2026-04-07 11:14:09.459586,2026-04-07 11:14:10.238643,0 days 00:00:00.779057,76.06415374049952,0.8225647900550592,0.13472416287845815,Ag,COMPLETE
3031,-50.24509803918621,2026-04-07 11:14:09.486649,2026-04-07 11:14:10.014600,0 days 00:00:00.527951,72.06162162693059,0.8143806535533102,0.1319146751636197,Ag,COMPLETE
3032,-1.0,2026-04-07 11:14:09.522990,2026-04-07 11:14:10.098983,0 days 00:00:00.575993,83.86664120452946,0.8379043725076377,0.13198741057720642,Ag,COMPLETE
3033,-49.99999999997149,2026-04-07 11:14:09.550566,2026-04-07 11:14:10.241735,0 days 00:00:00.691169,76.12910237052728,0.8690769678820991,0.13480125123096443,Ag,COMPLETE
3034,-1.0,2026-04-07 11:14:09.597228,2026-04-07 11:14:10.282968,0 days 00:00:00.685740,71.66167204802247,0.8564892432568219,0.13400987887782348,Ag,COMPLETE
3035,-1.0,2026-04-07 11:14:09.752047,2026-04-07 11:14:10.332050,0 days 00:00:00.580003,72.0470690225475,0.8328822767736895,0.10004119113184498,Ag,COMPLETE
3036,-47.45370370367742,2026-04-07 11:14:09.801945,2026-04-07 11:14:10.561095,0 days 00:00:00.759150,76.16453808087509,0.8526545115862206,0.10090124707294003,Ag,COMPLETE
3037,-36.85897435896007,2026-04-07 11:14:10.019657,2026-04-07 11:14:10.701818,0 days 00:00:00.682161,63.12402656301312,1.4899584967046455,1.8205616607045554,Ag,COMPLETE
3038,-1.0,2026-04-07 11:14:10.150141,2026-04-07 11:14:10.813468,0 days 00:00:00.663327,63.160057714977924,1.5104268358314537,0.10077776537180017,Ag,COMPLETE
3039,-1.0,2026-04-07 11:14:10.303413,2026-04-07 11:14:10.983613,0 days 00:00:00.680200,62.610745562019545,12.727797480403046,0.2093157689338624,Ag,COMPLETE
3040,-50.245098039186,2026-04-07 11:14:10.426305,2026-04-07 11:14:10.903538,0 days 00:00:00.477233,62.6008276535012,0.512561504247599,0.1360927737361986,Ag,COMPLETE
3041,-1.0,2026-04-07 11:14:10.457849,2026-04-07 11:14:11.045918,0 days 00:00:00.588069,28.43462864413563,0.5022749288411643,0.2303556236421368,Ag,COMPLETE
3042,-48.423423423397416,2026-04-07 11:14:10.483894,2026-04-07 11:14:11.018082,0 days 00:00:00.534188,63.12259257588763,1.4460584159541048,0.2060138841320608,Ag,COMPLETE
3043,-1.0,2026-04-07 11:14:10.560007,2026-04-07 11:14:11.161661,0 days 00:00:00.601654,64.35839798835353,1.5055218019444518,0.2051190716603029,Ag,COMPLETE
3044,-1.0,2026-04-07 11:14:10.705039,2026-04-07 11:14:11.390729,0 days 00:00:00.685690,27.791323124283196,0.5080408956693517,0.10093323168123228,Ag,COMPLETE
3045,-53.03030303027095,2026-04-07 11:14:10.860595,2026-04-07 11:14:11.685040,0 days 00:00:00.824445,65.1921489355707,0.5097086451143675,0.10045525117536412,Ag,COMPLETE
3046,-46.17117117114604,2026-04-07 11:14:11.017083,2026-04-07 11:14:11.660033,0 days 00:00:00.642950,58.2066278608167,1.081936911858954,0.136335379534127,Ag,COMPLETE
3047,-1.0,2026-04-07 11:14:11.112191,2026-04-07 11:14:11.699135,0 days 00:00:00.586944,65.9387483936398,1.262395364913452,0.15859190319739874,Ag,COMPLETE
3048,-1.0,2026-04-07 11:14:11.203562,2026-04-07 11:14:11.810141,0 days 00:00:00.606579,65.71946640906157,0.5104455748646497,0.13487594587977314,Ag,COMPLETE
3049,-1.0,2026-04-07 11:14:11.218705,2026-04-07 11:14:11.809137,0 days 00:00:00.590432,22.67888794320689,0.5117877062296425,0.10055578066009457,Ag,COMPLETE
3050,-51.76767676764536,2026-04-07 11:14:11.293162,2026-04-07 11:14:11.912050,0 days 00:00:00.618888,65.69517984020693,0.5059647341522957,0.10072704544633507,Ag,COMPLETE
3051,-1.0,2026-04-07 11:14:11.420963,2026-04-07 11:14:11.987876,0 days 00:00:00.566913,58.24024378847828,1.3170001587859061,0.1601421180986346,Ag,COMPLETE
3052,-38.94927536230185,2026-04-07 11:14:11.582965,2026-04-07 11:14:12.264036,0 days 00:00:00.681071,65.29980103677147,0.5040544593315593,1.6061572425919368,Ag,COMPLETE
3053,-47.00854700852281,2026-04-07 11:14:11.856017,2026-04-07 11:14:12.572884,0 days 00:00:00.716867,71.67217550964331,2.6309221510955996,0.1614885861522664,Ag,COMPLETE
3054,-49.99999999997132,2026-04-07 11:14:11.887436,2026-04-07 11:14:12.510333,0 days 00:00:00.622897,69.81068961535271,1.1337105317297174,0.1560614272935611,Ag,COMPLETE
3055,-1.0,2026-04-07 11:14:11.915767,2026-04-07 11:14:12.509333,0 days 00:00:00.593566,71.48553303075587,1.1223223055401825,0.15976049459745845,Ag,COMPLETE
3056,-1.0,2026-04-07 11:14:11.997385,2026-04-07 11:14:12.922329,0 days 00:00:00.924944,71.1848581584984,1.1513934486908621,0.15429112798917666,Ag,COMPLETE
3057,-1.0,2026-04-07 11:14:12.039808,2026-04-07 11:14:12.690150,0 days 00:00:00.650342,71.23117805999476,1.0288136357951236,0.16332716719407628,Ag,COMPLETE
3058,-39.85507246375091,2026-04-07 11:14:12.118829,2026-04-07 11:14:12.812245,0 days 00:00:00.693416,71.28268647650438,1.1015431530249797,1.287809740673614,Ag,COMPLETE
3059,-1.0,2026-04-07 11:14:12.160066,2026-04-07 11:14:12.921320,0 days 00:00:00.761254,71.11985550883442,16.802928590019633,0.10005900449284766,Ag,COMPLETE
3060,-1.0,2026-04-07 11:14:12.473586,2026-04-07 11:14:13.248673,0 days 00:00:00.775087,78.1287603555492,1.8252287652584398,0.21298197840183897,Ag,COMPLETE
3061,-30.017921146946914,2026-04-07 11:14:12.691152,2026-04-07 11:14:13.462071,0 days 00:00:00.770919,68.00024594212988,11.478152793126846,0.1342356819434039,Ag,COMPLETE
3062,-1.0,2026-04-07 11:14:12.736093,2026-04-07 11:14:13.165676,0 days 00:00:00.429583,68.1676437109123,0.8743914510655753,0.10062579118663256,Ag,COMPLETE
3063,-1.0,2026-04-07 11:14:12.753312,2026-04-07 11:14:13.218911,0 days 00:00:00.465599,68.39455086948622,16.641656062731712,0.1309816956252056,Ag,COMPLETE
3064,-1.0,2026-04-07 11:14:12.841989,2026-04-07 11:14:13.386962,0 days 00:00:00.544973,68.17551896602113,1.9431352051748252,0.22092283379642552,Cu,COMPLETE
3065,-1.0,2026-04-07 11:14:13.015435,2026-04-07 11:14:13.896320,0 days 00:00:00.880885,68.32019955629082,1.870243253624884,0.22442737198646523,Ag,COMPLETE
3066,-1.0,2026-04-07 11:14:13.088342,2026-04-07 11:14:13.851380,0 days 00:00:00.763038,67.95919953146138,11.407910458612962,0.22223636295250426,Ag,COMPLETE
3067,-11.324786324785144,2026-04-07 11:14:13.137974,2026-04-07 11:14:13.799908,0 days 00:00:00.661934,78.03821666461164,1.6885649876950435,0.2161614767395912,Cu,COMPLETE
3068,-1.0,2026-04-07 11:14:13.385457,2026-04-07 11:14:14.028626,0 days 00:00:00.643169,73.20390032316034,0.871546687438606,0.10013591665399643,Ag,COMPLETE
3069,-1.0,2026-04-07 11:14:13.366058,2026-04-07 11:14:14.132369,0 days 00:00:00.766311,73.16889661394904,0.8518922012179673,0.19212551525309368,Ag,COMPLETE
3070,-1.0,2026-04-07 11:14:13.481104,2026-04-07 11:14:14.101313,0 days 00:00:00.620209,72.79517621832828,0.8768054582718758,0.1002457398353119,Ag,COMPLETE
3071,-33.49673202613085,2026-04-07 11:14:13.565890,2026-04-07 11:14:14.231152,0 days 00:00:00.665262,46.732856351976245,0.8722410748339733,0.10019408422645727,Ag,COMPLETE
3072,-1.0,2026-04-07 11:14:13.668729,2026-04-07 11:14:14.337273,0 days 00:00:00.668544,69.71854337424354,0.8716541180098943,0.1327230664244067,Ag,COMPLETE
3073,-1.0,2026-04-07 11:14:14.074413,2026-04-07 11:14:14.637607,0 days 00:00:00.563194,66.74238595959086,0.5003682368638985,0.13845171686173227,Ag,COMPLETE
3074,-1.0,2026-04-07 11:14:14.089101,2026-04-07 11:14:14.805472,0 days 00:00:00.716371,92.21584184386104,0.5014114827827508,0.13562273791390228,Ag,COMPLETE
3075,-1.0,2026-04-07 11:14:14.134879,2026-04-07 11:14:14.849820,0 days 00:00:00.714941,95.49782859728154,1.4040391805722143,0.600605442182194,Ag,COMPLETE
3076,-1.0,2026-04-07 11:14:14.197371,2026-04-07 11:14:14.736466,0 days 00:00:00.539095,69.3591462491061,1.415166099080884,0.1348430586314835,Ag,COMPLETE
3077,-7.22446236559083,2026-04-07 11:14:14.231152,2026-04-07 11:14:14.773038,0 days 00:00:00.541886,93.5405314091456,1.5705070328757889,0.17067894452552967,Ag,COMPLETE
3078,-48.61111111108375,2026-04-07 11:14:14.303288,2026-04-07 11:14:14.833592,0 days 00:00:00.530304,66.84210975155587,1.349165685665278,0.16236915471304536,Ag,COMPLETE
3079,-34.72222222220943,2026-04-07 11:14:14.497055,2026-04-07 11:14:15.117314,0 days 00:00:00.620259,60.840382529818264,1.4582331909169368,1.955442243455672,Ag,COMPLETE
3080,-51.190476190446745,2026-04-07 11:14:14.520623,2026-04-07 11:14:15.199814,0 days 00:00:00.679191,69.6026024972722,1.401701968847387,0.16088291122698564,Ag,COMPLETE
3081,-51.76767676764536,2026-04-07 11:14:14.776600,2026-04-07 11:14:15.368099,0 days 00:00:00.591499,69.76604059826404,0.5036727831668004,0.10038546759360348,Ag,COMPLETE
3082,-1.0,2026-04-07 11:14:14.966582,2026-04-07 11:14:15.406522,0 days 00:00:00.439940,64.46803206929606,0.5013863656753724,0.18730957833504477,Ag,COMPLETE
3083,-36.76470588233863,2026-04-07 11:14:15.020569,2026-04-07 11:14:15.735449,0 days 00:00:00.714880,64.4831936845955,0.8546195610134584,1.9913469009075886,Ag,COMPLETE
3084,-1.0,2026-04-07 11:14:15.040505,2026-04-07 11:14:15.659539,0 days 00:00:00.619034,75.18828369998738,0.5042953942714355,0.18056586695820875,Ag,COMPLETE
3085,-49.99999999997132,2026-04-07 11:14:15.151044,2026-04-07 11:14:15.737959,0 days 00:00:00.586915,64.39606712335564,0.8673332634232733,0.18625386449196962,Ag,COMPLETE
3086,-1.4332514332514146,2026-04-07 11:14:15.254650,2026-04-07 11:14:15.974935,0 days 00:00:00.720285,113.15874863032073,1.0997243291134717,0.18515937061856091,Ag,COMPLETE
3087,-1.0,2026-04-07 11:14:15.319311,2026-04-07 11:14:15.791634,0 days 00:00:00.472323,20.04501098031963,1.0390468978598084,0.13677547506834536,Ag,COMPLETE
3088,-1.0,2026-04-07 11:14:15.350845,2026-04-07 11:14:15.884430,0 days 00:00:00.533585,74.92005989167171,0.8824233340373983,0.10054468322809643,Ag,COMPLETE
3089,-15.57632398753602,2026-04-07 11:14:15.500601,2026-04-07 11:14:16.009821,0 days 00:00:00.509220,33.86097378282096,1.0908462625969633,0.13543602676957614,Ag,COMPLETE
3090,-51.470588235264046,2026-04-07 11:14:15.615306,2026-04-07 11:14:16.240660,0 days 00:00:00.625354,67.34085867081829,1.1347198894901638,0.137303144618071,Ag,COMPLETE
3091,-19.255050505047613,2026-04-07 11:14:15.836703,2026-04-07 11:14:16.514325,0 days 00:00:00.677622,66.94412777371441,1.1721128680526447,0.13497776224779306,Au,COMPLETE
3092,-0.5319148936170122,2026-04-07 11:14:15.923355,2026-04-07 11:14:16.641277,0 days 00:00:00.717922,67.15368715231334,14.27064507230975,0.1344915078609804,Au,COMPLETE
3093,-1.0,2026-04-07 11:14:15.947355,2026-04-07 11:14:16.677328,0 days 00:00:00.729973,67.1563232280795,15.335459394376736,0.1360539750287726,Au,COMPLETE
3094,-1.0,2026-04-07 11:14:16.014314,2026-04-07 11:14:16.848277,0 days 00:00:00.833963,72.92036079059395,12.39084942291386,0.13383083035629145,Au,COMPLETE
3095,-0.5868544600938801,2026-04-07 11:14:16.180316,2026-04-07 11:14:16.818055,0 days 00:00:00.637739,24.41219495424533,0.5070371019303915,0.13507242386243254,Au,COMPLETE
3096,-17.93981481481228,2026-04-07 11:14:16.209467,2026-04-07 11:14:16.837285,0 days 00:00:00.627818,72.96120051393086,0.8271786549451886,0.6946023422525505,Au,COMPLETE
3097,-1.0,2026-04-07 11:14:16.244810,2026-04-07 11:14:16.790061,0 days 00:00:00.545251,72.60845507602174,0.8537527865440023,0.14086156567618796,Au,COMPLETE
3098,-49.99999999997149,2026-04-07 11:14:16.406270,2026-04-07 11:14:16.920456,0 days 00:00:00.514186,72.95621950980096,0.8623184529472538,0.10043445097008327,Ag,COMPLETE
3099,-1.0,2026-04-07 11:14:16.687601,2026-04-07 11:14:17.489426,0 days 00:00:00.801825,69.85002981255408,0.8563017869374869,0.10146560749565933,Ag,COMPLETE
3100,-1.0,2026-04-07 11:14:16.838286,2026-04-07 11:14:17.519649,0 days 00:00:00.681363,69.82315007341228,1.7616175142099841,0.100373304486226,Ag,COMPLETE
3101,-1.0,2026-04-07 11:14:16.931545,2026-04-07 11:14:17.564961,0 days 00:00:00.633416,70.08525426776146,1.6942137291497388,0.8563293030419878,Ag,COMPLETE
3102,-49.76851851849098,2026-04-07 11:14:16.948955,2026-04-07 11:14:17.737907,0 days 00:00:00.788952,70.23060293219325,1.6435362975874195,0.18165757923458964,Ag,COMPLETE
3103,-1.0,2026-04-07 11:14:16.977419,2026-04-07 11:14:17.514317,0 days 00:00:00.536898,70.1747425879954,2.3699205318719754,0.10030794927744434,Ag,COMPLETE
3104,-47.00854700852281,2026-04-07 11:14:16.993644,2026-04-07 11:14:17.513117,0 days 00:00:00.519473,69.40641102229175,2.451887983234227,0.17808907687894393,Ag,COMPLETE
3105,-1.0,2026-04-07 11:14:17.020284,2026-04-07 11:14:17.694175,0 days 00:00:00.673891,69.87143639920679,1.4701555943730549,0.101080611594839,Ag,COMPLETE
3106,-1.0,2026-04-07 11:14:17.060391,2026-04-07 11:14:17.674189,0 days 00:00:00.613798,70.38461540307308,1.6674440305621663,0.1824444763798257,Ag,COMPLETE
3107,-34.94623655912843,2026-04-07 11:14:17.623960,2026-04-07 11:14:17.957645,0 days 00:00:00.333685,61.12668031910406,7.364748174335503,0.16496363261995473,Ag,COMPLETE
3108,-15.858208955221519,2026-04-07 11:14:17.601096,2026-04-07 11:14:18.342167,0 days 00:00:00.741071,61.89631101920492,1.1893067534811927,0.1679575738585447,Cu,COMPLETE
3109,-1.0,2026-04-07 11:14:17.692766,2026-04-07 11:14:18.288260,0 days 00:00:00.595494,61.295589784806744,1.2042484769980897,0.1616562577214607,Cu,COMPLETE
3110,-1.0,2026-04-07 11:14:17.757512,2026-04-07 11:14:18.451493,0 days 00:00:00.693981,65.20730352875223,0.5101252613428691,0.16161950016695803,Cu,COMPLETE
3111,-14.069264069262331,2026-04-07 11:14:17.771723,2026-04-07 11:14:18.413212,0 days 00:00:00.641489,61.53573105052898,0.5005446952099345,1.397218172922891,Cu,COMPLETE
3112,-1.0,2026-04-07 11:14:17.798918,2026-04-07 11:14:18.453001,0 days 00:00:00.654083,65.28928833076336,1.1533917644862,1.3973985066468,Cu,COMPLETE
3113,-39.814814814796996,2026-04-07 11:14:17.913937,2026-04-07 11:14:18.515101,0 days 00:00:00.601164,53.986409252708974,1.2072010464003746,0.4671120890465228,Ag,COMPLETE
3114,-1.0,2026-04-07 11:14:17.941327,2026-04-07 11:14:18.412214,0 days 00:00:00.470887,64.71114959218802,1.1685631209575813,0.10043436116903412,Cu,COMPLETE
3115,-1.0,2026-04-07 11:14:18.088380,2026-04-07 11:14:18.689413,0 days 00:00:00.601033,65.15865836673937,16.140356356939716,0.22827448400536082,Cu,COMPLETE
3116,-1.0,2026-04-07 11:14:18.472842,2026-04-07 11:14:19.218874,0 days 00:00:00.746032,67.33921036457862,0.8313510252967347,0.20877852551125514,Ag,COMPLETE
3117,-49.999999999971564,2026-04-07 11:14:18.587035,2026-04-07 11:14:19.313814,0 days 00:00:00.726779,66.622316185309,0.9880055649940529,0.20843654995903338,Ag,COMPLETE
3118,-51.4705882352638,2026-04-07 11:14:18.532299,2026-04-07 11:14:19.160929,0 days 00:00:00.628630,67.41262387202255,0.8509957267371238,0.1350956151672124,Ag,COMPLETE
3119,-1.0,2026-04-07 11:14:18.643471,2026-04-07 11:14:19.312803,0 days 00:00:00.669332,67.34521695728692,0.8672109710124882,0.1976893170154343,Ag,COMPLETE
3120,-1.0,2026-04-07 11:14:18.659166,2026-04-07 11:14:19.217313,0 days 00:00:00.558147,75.7009860866276,0.8364002653031795,1.6567162184653776,Ag,COMPLETE
3121,-1.0,2026-04-07 11:14:18.722618,2026-04-07 11:14:19.183241,0 days 00:00:00.460623,67.62484785635884,0.9055555214754551,0.10071094855536414,Ag,COMPLETE
3122,-28.153153153148086,2026-04-07 11:14:18.828403,2026-04-07 11:14:19.313814,0 days 00:00:00.485411,67.07325239157551,12.926881029672732,0.10072626721942654,Ag,COMPLETE
3123,-1.0,2026-04-07 11:14:18.867169,2026-04-07 11:14:19.467630,0 days 00:00:00.600461,75.58140223150313,14.892693437493842,0.19775334992502203,Ag,COMPLETE
3124,-1.0,2026-04-07 11:14:19.244360,2026-04-07 11:14:19.847665,0 days 00:00:00.603305,67.55738328115162,0.8454733712801026,0.20014978111820525,Ag,COMPLETE
3125,-1.0,2026-04-07 11:14:19.504657,2026-04-07 11:14:20.076590,0 days 00:00:00.571933,71.87009880223675,1.344462635927198,0.14212215340252,Ag,COMPLETE
3126,-49.99999999997152,2026-04-07 11:14:19.532318,2026-04-07 11:14:20.278531,0 days 00:00:00.746213,72.23302292118471,1.3283833058930297,0.13754945206986957,Ag,COMPLETE
3127,-1.0,2026-04-07 11:14:19.565524,2026-04-07 11:14:20.160044,0 days 00:00:00.594520,71.71230367916357,0.5106510847591188,0.14104235543376908,Ag,COMPLETE
3128,-1.0,2026-04-07 11:14:19.578760,2026-04-07 11:14:20.215776,0 days 00:00:00.637016,71.43769248313598,0.5007097397848482,0.13415391866190124,Ag,COMPLETE
3129,-42.63565891470878,2026-04-07 11:14:19.594618,2026-04-07 11:14:20.186095,0 days 00:00:00.591477,71.6870607759018,1.4266408169581424,0.8969449592110763,Ag,COMPLETE
3130,-1.0,2026-04-07 11:14:19.645449,2026-04-07 11:14:20.158994,0 days 00:00:00.513545,72.54547129272524,1.421017869152528,0.13686498130711894,Ag,COMPLETE
3131,-1.0,2026-04-07 11:14:19.679626,2026-04-07 11:14:20.324151,0 days 00:00:00.644525,71.42487168246963,1.4795149626924815,0.13779977157305429,Ag,COMPLETE
3132,-1.0,2026-04-07 11:14:20.034613,2026-04-07 11:14:20.689585,0 days 00:00:00.654972,72.0428568172433,2.017081965157119,0.13459377456914878,Ag,COMPLETE
3133,-1.0,2026-04-07 11:14:20.296132,2026-04-07 11:14:20.933554,0 days 00:00:00.637422,63.675059339052225,17.913432970177976,0.2413282395475711,Ag,COMPLETE
3134,-1.0,2026-04-07 11:14:20.362160,2026-04-07 11:14:20.843182,0 days 00:00:00.481022,21.871642844776705,0.8634711003005391,1.2071803270991948,Ag,COMPLETE
3135,-1.0,2026-04-07 11:14:20.369570,2026-04-07 11:14:20.840667,0 days 00:00:00.471097,64.04712837399526,1.9549597891820552,0.1648906504110394,Ag,COMPLETE
3136,-1.0,2026-04-07 11:14:20.388795,2026-04-07 11:14:21.013298,0 days 00:00:00.624503,63.61237416335946,1.9113138858322811,0.23550581851763375,Ag,COMPLETE
3137,-1.0,2026-04-07 11:14:20.405959,2026-04-07 11:14:20.957766,0 days 00:00:00.551807,63.407338033706665,2.1163709469301124,0.1683496574867046,Ag,COMPLETE
3138,-1.0,2026-04-07 11:14:20.450265,2026-04-07 11:14:21.073853,0 days 00:00:00.623588,63.10351673029787,17.92704061781933,0.24393840977300807,Ag,COMPLETE
3139,-1.0,2026-04-07 11:14:20.579322,2026-04-07 11:14:21.279130,0 days 00:00:00.699808,69.3223736993403,0.8372844485532012,0.2424543499453966,Ag,COMPLETE
3140,-51.76767676764536,2026-04-07 11:14:20.844184,2026-04-07 11:14:21.526509,0 days 00:00:00.682325,68.72856194880671,0.5161343879549357,0.1640576152288139,Ag,COMPLETE
3141,-1.0,2026-04-07 11:14:20.992225,2026-04-07 11:14:21.675904,0 days 00:00:00.683679,69.09662877697698,0.8364420472575432,0.16398466394859498,Ag,COMPLETE
3142,-1.0,2026-04-07 11:14:21.108625,2026-04-07 11:14:21.675904,0 days 00:00:00.567279,69.09536299137959,0.8281306504673048,0.10129228337049395,Ag,COMPLETE
3143,-1.0,2026-04-07 11:14:21.161722,2026-04-07 11:14:21.797007,0 days 00:00:00.635285,77.6716259660257,10.512630839551157,0.1635689292450651,Ag,COMPLETE
3144,-1.0,2026-04-07 11:14:21.199910,2026-04-07 11:14:21.721006,0 days 00:00:00.521096,69.03840832212617,0.826192067629477,0.1647193102759752,Ag,COMPLETE
3145,-1.0,2026-04-07 11:14:21.223652,2026-04-07 11:14:21.719499,0 days 00:00:00.495847,74.25818929591037,0.8417026131510957,0.16346562823883254,Ag,COMPLETE
3146,-1.0,2026-04-07 11:14:21.246216,2026-04-07 11:14:21.798974,0 days 00:00:00.552758,68.97891324614152,0.5050283943315205,0.10056894253020766,Ag,COMPLETE
3147,-1.0,2026-04-07 11:14:21.432235,2026-04-07 11:14:22.040102,0 days 00:00:00.607867,30.48623844723767,1.1275767149541687,0.1000120605265469,Ag,COMPLETE
3148,-48.61111111108426,2026-04-07 11:14:21.707337,2026-04-07 11:14:22.295278,0 days 00:00:00.587941,74.31215632973232,1.235327812730468,0.13522457944106542,Ag,COMPLETE
3149,21.787531806615444,2026-04-07 11:14:21.876287,2026-04-07 11:14:22.631980,0 days 00:00:00.755693,65.62049846156867,19.18021748018416,0.10020526094717806,Ag,COMPLETE
3150,21.87100893997412,2026-04-07 11:14:21.904333,2026-04-07 11:14:22.560257,0 days 00:00:00.655924,65.83297782373401,19.180838902079692,0.13464081628005684,Ag,COMPLETE
3151,-1.0,2026-04-07 11:14:21.928955,2026-04-07 11:14:22.557731,0 days 00:00:00.628776,80.3133976776224,1.1818326377962967,0.13179511035126334,Ag,COMPLETE
3152,-1.0,2026-04-07 11:14:21.969784,2026-04-07 11:14:22.540039,0 days 00:00:00.570255,59.55739826696311,1.2114985966069172,1.3411663525017106,Ag,COMPLETE
3153,-1.0,2026-04-07 11:14:22.042293,2026-04-07 11:14:22.706978,0 days 00:00:00.664685,26.80818216246047,0.5116368003680327,0.5233763256331581,Ag,COMPLETE
3154,-1.0,2026-04-07 11:14:22.233208,2026-04-07 11:14:23.042049,0 days 00:00:00.808841,59.52279922384548,1.250701792843993,0.13403502212320093,Ag,COMPLETE
3155,-44.871794871771776,2026-04-07 11:14:22.339804,2026-04-07 11:14:22.853043,0 days 00:00:00.513239,79.81935011685708,1.168396967137983,0.10094745357764738,Ag,COMPLETE
3156,-1.0,2026-04-07 11:14:22.473254,2026-04-07 11:14:23.172832,0 days 00:00:00.699578,65.66196195044296,13.740389916119508,1.75500140826805,Ag,COMPLETE
3157,-1.0,2026-04-07 11:14:22.732390,2026-04-07 11:14:23.329511,0 days 00:00:00.597121,24.187670641615977,0.5028710353909723,0.1941378874423062,Ag,COMPLETE
3158,-1.0,2026-04-07 11:14:22.770867,2026-04-07 11:14:23.447262,0 days 00:00:00.676395,24.177686027403436,1.5650821876409413,0.10011608250292153,Ag,COMPLETE
3159,-1.0,2026-04-07 11:14:22.804149,2026-04-07 11:14:23.367498,0 days 00:00:00.563349,66.51577959686094,1.622895701405522,0.1941911182391577,Ag,COMPLETE
3160,-1.0,2026-04-07 11:14:22.854052,2026-04-07 11:14:23.492928,0 days 00:00:00.638876,24.877854412171235,1.5711493532485044,0.18814197340870076,Ag,COMPLETE
3161,-36.05769230767838,2026-04-07 11:14:22.932282,2026-04-07 11:14:23.525569,0 days 00:00:00.593287,66.02309143883633,1.6213109506954662,1.7418523219970306,Ag,COMPLETE
3162,-1.0,2026-04-07 11:14:23.018195,2026-04-07 11:14:23.602295,0 days 00:00:00.584100,74.30596443600116,13.58848600325137,0.10078235237975783,Ag,COMPLETE
3163,-1.0,2026-04-07 11:14:23.224113,2026-04-07 11:14:23.932162,0 days 00:00:00.708049,73.30246251956814,0.8265226632637768,0.13570103420738772,Ag,COMPLETE
3164,-1.465661641541019,2026-04-07 11:14:23.372083,2026-04-07 11:14:24.029477,0 days 00:00:00.657394,106.01583133244212,0.8593756195467811,0.10060564325982989,Ag,COMPLETE
3165,-51.4705882352638,2026-04-07 11:14:23.551579,2026-04-07 11:14:24.108103,0 days 00:00:00.556524,70.65868233437048,0.8473122052939139,0.13381651802838856,Ag,COMPLETE
3166,-1.46443514644349,2026-04-07 11:14:23.590221,2026-04-07 11:14:24.264699,0 days 00:00:00.674478,106.12680826376538,0.9067712916054056,0.13629507233813032,Ag,COMPLETE
3167,-51.76767676764536,2026-04-07 11:14:23.635324,2026-04-07 11:14:24.325641,0 days 00:00:00.690317,70.21817269374533,0.500676022300301,0.13641087110825045,Ag,COMPLETE
3168,-51.76767676764536,2026-04-07 11:14:23.681680,2026-04-07 11:14:24.251540,0 days 00:00:00.569860,70.72852883046367,0.5018459514853404,0.1372962094592661,Ag,COMPLETE
3169,-50.24509803918621,2026-04-07 11:14:23.754974,2026-04-07 11:14:24.251540,0 days 00:00:00.496566,70.91435359096019,0.8179394819102545,0.13214543654874544,Ag,COMPLETE
3170,-1.7694641051566942,2026-04-07 11:14:23.821465,2026-04-07 11:14:24.443815,0 days 00:00:00.622350,101.99990633290426,0.8182932503546076,0.13382736967662656,Ag,COMPLETE
3171,-1.0,2026-04-07 11:14:24.171778,2026-04-07 11:14:24.772288,0 days 00:00:00.600510,41.78409890822097,1.2420896746490149,0.19249747339929196,Ag,COMPLETE
3172,-49.99999999997132,2026-04-07 11:14:24.206284,2026-04-07 11:14:24.759199,0 days 00:00:00.552915,68.50286555304798,1.1240552288163013,0.17464579636460076,Ag,COMPLETE
3173,-1.0,2026-04-07 11:14:24.277202,2026-04-07 11:14:24.886686,0 days 00:00:00.609484,68.30649384557641,1.2069497748744518,0.19405272489208558,Ag,COMPLETE
3174,-41.666666666647146,2026-04-07 11:14:24.381530,2026-04-07 11:14:25.145562,0 days 00:00:00.764032,67.74929911207602,1.2053049877313022,1.1099574231051113,Ag,COMPLETE
3175,-49.99999999997149,2026-04-07 11:14:24.418642,2026-04-07 11:14:25.108182,0 days 00:00:00.689540,68.02549064423215,1.1141698039466104,0.19155272412121738,Ag,COMPLETE
3176,-1.0,2026-04-07 11:14:24.491918,2026-04-07 11:14:25.210332,0 days 00:00:00.718414,67.9794523668123,0.50177915421129,0.19235539172613209,Ag,COMPLETE
3177,-1.0,2026-04-07 11:14:24.540669,2026-04-07 11:14:25.208288,0 days 00:00:00.667619,68.19635476944978,1.2165096455937126,0.18942619411418024,Ag,COMPLETE
3178,-42.59259259257386,2026-04-07 11:14:24.599750,2026-04-07 11:14:25.175605,0 days 00:00:00.575855,68.79263457287188,4.191331403026376,0.1900688187256033,Ag,COMPLETE
3179,-48.61111111108426,2026-04-07 11:14:24.949886,2026-04-07 11:14:25.572825,0 days 00:00:00.622939,75.18244658841292,1.1564602309529421,0.1593262159716831,Ag,COMPLETE
3180,-47.45370370367742,2026-04-07 11:14:25.001383,2026-04-07 11:14:25.571824,0 days 00:00:00.570441,75.46490336285889,0.8595667520181693,0.1655484428037203,Ag,COMPLETE
3181,-1.0,2026-04-07 11:14:25.063003,2026-04-07 11:14:25.651267,0 days 00:00:00.588264,73.41498113751419,1.4679638737138965,0.10089645324918525,Ag,COMPLETE
3182,-15.895953757223566,2026-04-07 11:14:25.315160,2026-04-07 11:14:26.136165,0 days 00:00:00.821005,64.74303674761093,0.5076079286449584,1.8622066257730814,Au,COMPLETE
3183,-1.0,2026-04-07 11:14:25.373766,2026-04-07 11:14:26.091139,0 days 00:00:00.717373,76.03478125475341,1.7318780355888337,0.15968498901301678,Au,COMPLETE
3184,-1.0,2026-04-07 11:14:25.395973,2026-04-07 11:14:25.986527,0 days 00:00:00.590554,75.60171271216699,0.5145548268361815,0.1012333547969407,Ag,COMPLETE
3185,-1.0,2026-04-07 11:14:25.442241,2026-04-07 11:14:26.020259,0 days 00:00:00.578018,76.29162388038233,0.8416886958961083,0.155613963282726,Au,COMPLETE
3186,-1.0,2026-04-07 11:14:25.475603,2026-04-07 11:14:26.021846,0 days 00:00:00.546243,76.18693483913141,0.5152919215683329,0.16437578206357042,Au,COMPLETE
3187,-1.0,2026-04-07 11:14:25.755053,2026-04-07 11:14:26.293537,0 days 00:00:00.538484,65.3777451065458,0.5185237120798557,0.14071668208074545,Au,COMPLETE
3188,-18.32151300236143,2026-04-07 11:14:25.817969,2026-04-07 11:14:26.351082,0 days 00:00:00.533113,65.06850776437001,1.7717674368788283,0.1320386386759701,Au,COMPLETE
3189,-1.0,2026-04-07 11:14:25.894600,2026-04-07 11:14:26.392906,0 days 00:00:00.498306,65.63292899687093,0.5022980578820515,0.13614303910144926,Au,COMPLETE
3190,-50.24509803918621,2026-04-07 11:14:26.173742,2026-04-07 11:14:26.879282,0 days 00:00:00.705540,71.18231645839498,0.852415408610382,0.10081535727134741,Ag,COMPLETE
3191,-1.0,2026-04-07 11:14:26.194071,2026-04-07 11:14:27.087057,0 days 00:00:00.892986,70.9993920563773,2.247235348221217,0.24543024399853258,Ag,COMPLETE
3192,-1.0,2026-04-07 11:14:26.225050,2026-04-07 11:14:26.975125,0 days 00:00:00.750075,62.80238140260231,0.8620404139242099,0.22736631691777126,Ag,COMPLETE
3193,-1.0,2026-04-07 11:14:26.316474,2026-04-07 11:14:27.010091,0 days 00:00:00.693617,72.68363503944086,3.6565190548422066,0.13209911345214187,Ag,COMPLETE
3194,-1.0,2026-04-07 11:14:26.380340,2026-04-07 11:14:27.036636,0 days 00:00:00.656296,62.69704618938247,0.8723711117716803,0.13406461082445914,Ag,COMPLETE
3195,-1.0,2026-04-07 11:14:26.486911,2026-04-07 11:14:27.131611,0 days 00:00:00.644700,71.56206927611122,15.79286457441852,0.9433559258395371,Ag,COMPLETE
3196,-1.0,2026-04-07 11:14:26.565339,2026-04-07 11:14:27.087057,0 days 00:00:00.521718,72.85740951021762,2.2721741064583045,0.23168350015925343,Ag,COMPLETE
3197,-1.0,2026-04-07 11:14:26.613192,2026-04-07 11:14:27.287763,0 days 00:00:00.674571,71.20689967611135,2.309091373394084,0.22987618927835418,Ag,COMPLETE
3198,-7.226322263222116,2026-04-07 11:14:27.056250,2026-04-07 11:14:27.760443,0 days 00:00:00.704193,66.81983314638133,17.46444611929631,0.10136812144902457,Ag,COMPLETE
3199,-1.0,2026-04-07 11:14:27.176946,2026-04-07 11:14:27.807971,0 days 00:00:00.631025,66.91000656411404,1.4295538764313223,0.16393258040364306,Ag,COMPLETE
3200,-13.285024154588054,2026-04-07 11:14:27.198155,2026-04-07 11:14:27.779367,0 days 00:00:00.581212,66.21635571607052,17.204440820964802,0.13458366666369434,Ag,COMPLETE
3201,-1.0,2026-04-07 11:14:27.229630,2026-04-07 11:14:27.763486,0 days 00:00:00.533856,67.22265727819462,1.383649386614688,0.16496483799399436,Ag,COMPLETE
3202,-1.0,2026-04-07 11:14:27.259127,2026-04-07 11:14:27.777369,0 days 00:00:00.518242,66.86943135808649,1.3965694507299902,0.1004158966700319,Ag,COMPLETE
3203,-49.99999999997152,2026-04-07 11:14:27.319155,2026-04-07 11:14:27.910011,0 days 00:00:00.590856,66.87222788235971,1.3849611977897378,0.10072920778449317,Ag,COMPLETE
3204,-1.0,2026-04-07 11:14:27.360049,2026-04-07 11:14:27.909002,0 days 00:00:00.548953,67.09844824212983,1.4321484649812102,0.10064103980960615,Ag,COMPLETE
3205,-42.63565891470878,2026-04-07 11:14:27.483568,2026-04-07 11:14:28.143972,0 days 00:00:00.660404,67.06362060466147,1.4257292251912501,1.005391560502374,Ag,COMPLETE
3206,-1.0,2026-04-07 11:14:27.810479,2026-04-07 11:14:28.390835,0 days 00:00:00.580356,69.25205048003744,0.5074361423963187,0.10057420189952503,Ag,COMPLETE
3207,-1.0,2026-04-07 11:14:27.948984,2026-04-07 11:14:28.508407,0 days 00:00:00.559423,69.53038118769051,0.9415648789808655,0.10049718434978583,Ag,COMPLETE
3208,-1.0,2026-04-07 11:14:27.978309,2026-04-07 11:14:28.471040,0 days 00:00:00.492731,38.414588760575654,6.031837353595616,0.1662810977918741,Ag,COMPLETE
3209,-1.0,2026-04-07 11:14:28.024412,2026-04-07 11:14:28.759490,0 days 00:00:00.735078,70.453780696145,0.8766259848766473,0.10028427981769436,Ag,COMPLETE
3210,-1.0,2026-04-07 11:14:28.038565,2026-04-07 11:14:28.697987,0 days 00:00:00.659422,69.39250154828122,0.8912571767224697,0.16449283630171024,Ag,COMPLETE
3211,-1.0,2026-04-07 11:14:28.074659,2026-04-07 11:14:28.736152,0 days 00:00:00.661493,69.39399651391017,0.8572548684319263,0.16601424548461008,Ag,COMPLETE
3212,-49.99999999997149,2026-04-07 11:14:28.103308,2026-04-07 11:14:28.625592,0 days 00:00:00.522284,73.58100131539527,0.8376508692009187,0.16298294198694607,Ag,COMPLETE
3213,-1.0,2026-04-07 11:14:28.267251,2026-04-07 11:14:28.740742,0 days 00:00:00.473491,69.40380920037781,0.5025718191998252,0.100530667234773,Ag,COMPLETE
3214,-1.0,2026-04-07 11:14:28.482442,2026-04-07 11:14:29.275375,0 days 00:00:00.792933,73.92666135210973,0.8411425591286901,0.16292013243155512,Ag,COMPLETE
3215,-1.0,2026-04-07 11:14:28.652407,2026-04-07 11:14:29.358534,0 days 00:00:00.706127,63.76845667314628,0.5018145803587092,0.10021097502213627,Ag,COMPLETE
3216,-1.0,2026-04-07 11:14:28.676703,2026-04-07 11:14:29.384049,0 days 00:00:00.707346,61.48302882909341,1.8693195957287618,0.2114966496864296,Ag,COMPLETE
3217,-49.99999999997132,2026-04-07 11:14:28.794169,2026-04-07 11:14:29.451346,0 days 00:00:00.657177,61.535938589786845,0.5066547995741079,0.19940888334834694,Ag,COMPLETE
3218,-1.0,2026-04-07 11:14:28.882394,2026-04-07 11:14:29.402018,0 days 00:00:00.519624,78.06266446695086,9.60940150340117,0.19883247266207155,Ag,COMPLETE
3219,-1.0,2026-04-07 11:14:28.929913,2026-04-07 11:14:29.509357,0 days 00:00:00.579444,63.39583941741455,0.5101067878836159,0.7565374383528125,Ag,COMPLETE
3220,-1.0,2026-04-07 11:14:28.947998,2026-04-07 11:14:29.493411,0 days 00:00:00.545413,61.3518082224296,1.872157618919046,0.2119377209846108,Ag,COMPLETE
3221,-1.0,2026-04-07 11:14:28.979668,2026-04-07 11:14:29.591847,0 days 00:00:00.612179,61.67725480095173,1.8366888082322912,0.10011492935289097,Ag,COMPLETE
3222,-49.99999999997132,2026-04-07 11:14:29.439633,2026-04-07 11:14:30.015910,0 days 00:00:00.576277,71.7800036420833,1.1250183126782125,0.13533612238788353,Ag,COMPLETE
3223,-49.99999999997132,2026-04-07 11:14:29.513277,2026-04-07 11:14:30.185430,0 days 00:00:00.672153,72.35533981470445,1.1460684866374597,0.13612786903364252,Ag,COMPLETE
3224,-1.0,2026-04-07 11:14:29.611961,2026-04-07 11:14:30.142466,0 days 00:00:00.530505,72.78922704958732,2.959142724443783,0.14889074905735872,Ag,COMPLETE
3225,-1.0,2026-04-07 11:14:29.638999,2026-04-07 11:14:30.184423,0 days 00:00:00.545424,73.36249623657184,1.1163824795148298,0.1393920414666846,Ag,COMPLETE
3226,-1.0,2026-04-07 11:14:29.671846,2026-04-07 11:14:30.388467,0 days 00:00:00.716621,72.64286595673654,9.042161966990989,0.13357132359723897,Ag,COMPLETE
3227,-1.0,2026-04-07 11:14:29.684416,2026-04-07 11:14:30.152061,0 days 00:00:00.467645,72.16376073396272,1.1191722412870688,0.13833295012186458,Ag,COMPLETE
3228,-1.0,2026-04-07 11:14:29.760854,2026-04-07 11:14:30.436590,0 days 00:00:00.675736,72.83983477866387,1.1722720463145349,0.13739426273615724,Ag,COMPLETE
3229,-1.0,2026-04-07 11:14:29.867062,2026-04-07 11:14:30.644309,0 days 00:00:00.777247,73.31094974673107,1.0916849669533741,0.13553884791312945,Ag,COMPLETE
3230,-49.99999999997173,2026-04-07 11:14:30.217138,2026-04-07 11:14:30.967870,0 days 00:00:00.750732,65.25158186938891,1.1123927368614113,0.13828145834245753,Ag,COMPLETE
3231,-1.0,2026-04-07 11:14:30.324285,2026-04-07 11:14:31.047279,0 days 00:00:00.722994,65.32800364371668,1.1355819456944911,0.18488344887043862,Ag,COMPLETE
3232,-49.99999999997132,2026-04-07 11:14:30.359341,2026-04-07 11:14:31.133904,0 days 00:00:00.774563,64.89142732646042,0.8613099150724898,0.18962305995934242,Ag,COMPLETE
3233,-32.40740740739532,2026-04-07 11:14:30.419916,2026-04-07 11:14:31.257280,0 days 00:00:00.837364,86.36593495647544,0.8653821646592118,0.18893680178130845,Ag,COMPLETE
3234,-1.0,2026-04-07 11:14:30.498447,2026-04-07 11:14:31.188659,0 days 00:00:00.690212,64.9023728213345,0.8372329076171405,0.16657878013164812,Ag,COMPLETE
3235,-1.0,2026-04-07 11:14:30.699406,2026-04-07 11:14:31.337979,0 days 00:00:00.638573,65.37419341785284,0.506566437214802,0.18452556419947885,Ag,COMPLETE
3236,-49.76851851849095,2026-04-07 11:14:30.743198,2026-04-07 11:14:31.337979,0 days 00:00:00.594781,65.01605547028181,1.5538917959568028,0.18943142973075705,Ag,COMPLETE
3237,-1.0,2026-04-07 11:14:30.844139,2026-04-07 11:14:31.505883,0 days 00:00:00.661744,65.34527871406716,0.8361671326883676,0.19051787173068047,Ag,COMPLETE
3238,-1.0,2026-04-07 11:14:31.155101,2026-04-07 11:14:31.622323,0 days 00:00:00.467222,69.00265884576957,1.5802625075036776,1.5496618922402818,Ag,COMPLETE
3239,-51.76767676764536,2026-04-07 11:14:31.290783,2026-04-07 11:14:31.988302,0 days 00:00:00.697519,69.3530335049404,0.5108074077950897,0.1356703024966128,Ag,COMPLETE
3240,-1.0,2026-04-07 11:14:31.309254,2026-04-07 11:14:31.880490,0 days 00:00:00.571236,68.91535023457529,6.70178987583648,0.13180393998045783,Ag,COMPLETE
3241,-1.0,2026-04-07 11:14:31.351992,2026-04-07 11:14:32.260152,0 days 00:00:00.908160,69.51714286916906,1.5601812152286982,1.4837426816919301,Ag,COMPLETE
3242,-51.76767676764536,2026-04-07 11:14:31.532023,2026-04-07 11:14:32.171580,0 days 00:00:00.639557,69.62521449192707,0.5012325990282434,0.13082474732644175,Ag,COMPLETE
3243,-1.0,2026-04-07 11:14:31.591237,2026-04-07 11:14:32.138597,0 days 00:00:00.547360,69.80628730678774,1.4597156894596417,0.10003990179243517,Ag,COMPLETE
3244,-48.6111111110841,2026-04-07 11:14:31.666896,2026-04-07 11:14:32.263312,0 days 00:00:00.596416,70.30103399552787,1.4699795644762157,0.13172800298760973,Ag,COMPLETE
3245,-1.0,2026-04-07 11:14:31.700431,2026-04-07 11:14:32.262160,0 days 00:00:00.561729,70.11543495843655,0.8326899013061427,0.1389273507784649,Ag,COMPLETE
3246,-1.0,2026-04-07 11:14:31.821340,2026-04-07 11:14:32.471595,0 days 00:00:00.650255,70.44641046031315,0.5026591730107037,0.24227972095914524,Ag,COMPLETE
3247,-1.0,2026-04-07 11:14:32.062524,2026-04-07 11:14:32.558488,0 days 00:00:00.495964,27.74479521024937,18.82367017923059,0.10037517401140736,Ag,COMPLETE
3248,-1.0,2026-04-07 11:14:32.172580,2026-04-07 11:14:33.058647,0 days 00:00:00.886067,67.5697674634781,0.5103611190444658,0.16231262304605154,Ag,COMPLETE
3249,-1.1720581340834175,2026-04-07 11:14:32.307856,2026-04-07 11:14:32.896588,0 days 00:00:00.588732,21.407663314439954,1.110912361884155,0.16402154625394855,Ag,COMPLETE
3250,-1.0,2026-04-07 11:14:32.341324,2026-04-07 11:14:32.898900,0 days 00:00:00.557576,67.86493211183156,1.178559189458376,1.2482260247755121,Ag,COMPLETE
3251,-1.0,2026-04-07 11:14:32.411874,2026-04-07 11:14:33.021622,0 days 00:00:00.609748,67.61771756778909,1.1299345305266968,0.16410492900322116,Ag,COMPLETE
3252,-1.0,2026-04-07 11:14:32.433974,2026-04-07 11:14:33.020470,0 days 00:00:00.586496,29.207458359108067,14.593162650691779,0.15930848786912757,Ag,COMPLETE
3253,-1.0,2026-04-07 11:14:32.508388,2026-04-07 11:14:33.124161,0 days 00:00:00.615773,67.69903024796373,0.5048012691549821,0.10094021438697107,Ag,COMPLETE
3254,-49.99999999997173,2026-04-07 11:14:32.683835,2026-04-07 11:14:33.290036,0 days 00:00:00.606201,67.69764859471341,1.1484760801719514,0.10023137168142955,Ag,COMPLETE
3255,-1.1720581340834175,2026-04-07 11:14:32.785731,2026-04-07 11:14:33.288027,0 days 00:00:00.502296,21.92364938724986,0.5061777312634709,0.16136500882627897,Ag,COMPLETE
3256,-1.0,2026-04-07 11:14:33.062682,2026-04-07 11:14:33.749088,0 days 00:00:00.686406,82.51604242041344,13.051400847427121,0.10091165539473332,Cu,COMPLETE
3257,-1.0,2026-04-07 11:14:33.173381,2026-04-07 11:14:33.783780,0 days 00:00:00.610399,63.46910540755468,1.853575620026972,0.22700577274848238,Cu,COMPLETE
3258,-11.524822695034253,2026-04-07 11:14:33.209391,2026-04-07 11:14:33.902125,0 days 00:00:00.692734,77.37891752896307,1.874638815805543,0.10052041641539203,Cu,COMPLETE
3259,-15.977443609020185,2026-04-07 11:14:33.226854,2026-04-07 11:14:33.784962,0 days 00:00:00.558108,63.36770709761028,0.8421217726652781,0.22494341230905696,Cu,COMPLETE
3260,-33.01886792451588,2026-04-07 11:14:33.305417,2026-04-07 11:14:33.996146,0 days 00:00:00.690729,48.37473265508029,1.8899849935752802,0.22523311311175692,Ag,COMPLETE
3261,-1.0,2026-04-07 11:14:33.445616,2026-04-07 11:14:34.075487,0 days 00:00:00.629871,77.10698697229243,1.9652149115413875,0.2241997323993578,Ag,COMPLETE
3262,-1.0,2026-04-07 11:14:33.521467,2026-04-07 11:14:34.202293,0 days 00:00:00.680826,63.75927136493122,1.908011426782932,0.2209197872988009,Ag,COMPLETE
3263,-1.0,2026-04-07 11:14:33.631820,2026-04-07 11:14:34.204294,0 days 00:00:00.572474,63.47637831600558,1.7995727537851256,0.2215155712298591,Cu,COMPLETE
3264,-51.47058823526383,2026-04-07 11:14:33.905132,2026-04-07 11:14:34.526410,0 days 00:00:00.621278,71.09578651475344,0.8308519981040333,0.10073844611910719,Ag,COMPLETE
3265,-1.0,2026-04-07 11:14:33.982571,2026-04-07 11:14:34.798070,0 days 00:00:00.815499,59.69255168705251,0.9121260938063108,0.12954132326745868,Au,COMPLETE
3266,-1.0,2026-04-07 11:14:34.092587,2026-04-07 11:14:34.612600,0 days 00:00:00.520013,74.53787832251909,0.83038771903109,0.1001093194111915,Ag,COMPLETE
3267,-1.0,2026-04-07 11:14:34.132135,2026-04-07 11:14:34.793968,0 days 00:00:00.661833,74.19166263832463,0.8656123548509617,0.10066985478965781,Au,COMPLETE
3268,-7.874015748030872,2026-04-07 11:14:34.172403,2026-04-07 11:14:34.984874,0 days 00:00:00.812471,33.15457156528216,0.5044767094644452,1.043673619504334,Au,COMPLETE
3269,-1.0,2026-04-07 11:14:34.289930,2026-04-07 11:14:35.112510,0 days 00:00:00.822580,58.31555013891091,0.8304457609938259,0.13176235481745613,Au,COMPLETE
3270,-19.11027568922013,2026-04-07 11:14:34.364390,2026-04-07 11:14:35.078426,0 days 00:00:00.714036,74.48097168875327,1.0914864698054478,0.13401506193167817,Au,COMPLETE
3271,-1.0,2026-04-07 11:14:34.466589,2026-04-07 11:14:35.112510,0 days 00:00:00.645921,74.45664203224774,0.8696122076024125,0.1344960824788796,Ag,COMPLETE
3272,-1.0,2026-04-07 11:14:34.728372,2026-04-07 11:14:35.344625,0 days 00:00:00.616253,71.32594411125268,1.3938666198270855,0.5849651267318232,Ag,COMPLETE
3273,-48.61111111108375,2026-04-07 11:14:34.845472,2026-04-07 11:14:35.451889,0 days 00:00:00.606417,71.11823089597715,1.3570653777561015,0.16573665216868863,Ag,COMPLETE
3274,-1.0,2026-04-07 11:14:34.935927,2026-04-07 11:14:35.552136,0 days 00:00:00.616209,71.10463308450734,1.3564808496472625,0.1377399534809394,Ag,COMPLETE
3275,-1.0,2026-04-07 11:14:34.987879,2026-04-07 11:14:35.593901,0 days 00:00:00.606022,66.39499838998093,1.372249285058488,0.10027051706452529,Ag,COMPLETE
3276,-1.0,2026-04-07 11:14:35.131482,2026-04-07 11:14:35.674814,0 days 00:00:00.543332,71.70137796865156,8.327082465614623,0.1661801746511622,Ag,COMPLETE
3277,-1.0,2026-04-07 11:14:35.242158,2026-04-07 11:14:35.771090,0 days 00:00:00.528932,52.85678408231111,1.4346642808878867,0.10028158928665627,Ag,COMPLETE
3278,-49.99999999997116,2026-04-07 11:14:35.253078,2026-04-07 11:14:35.770079,0 days 00:00:00.517001,66.16896631871809,1.3874853766725508,0.1703356100608611,Ag,COMPLETE
3279,-1.0,2026-04-07 11:14:35.336525,2026-04-07 11:14:35.828042,0 days 00:00:00.491517,68.48799487833749,1.4188525530534504,0.1672905823495863,Ag,COMPLETE
3280,-51.190476190446915,2026-04-07 11:14:35.582357,2026-04-07 11:14:36.264989,0 days 00:00:00.682632,68.25919239600569,1.1099845315176375,0.18778984674460464,Ag,COMPLETE
3281,-51.4705882352638,2026-04-07 11:14:35.726540,2026-04-07 11:14:36.139336,0 days 00:00:00.412796,68.38593955420103,0.8470028261953031,0.1343259154244944,Ag,COMPLETE
3282,-1.0,2026-04-07 11:14:35.678994,2026-04-07 11:14:36.285042,0 days 00:00:00.606048,68.25854088108159,0.5024805137130355,0.18501470121309288,Ag,COMPLETE
3283,-1.0,2026-04-07 11:14:35.796726,2026-04-07 11:14:36.520889,0 days 00:00:00.724163,55.35182250795355,0.5150301902152206,0.13471543516606777,Ag,COMPLETE
3284,-1.0,2026-04-07 11:14:35.861733,2026-04-07 11:14:36.427813,0 days 00:00:00.566080,68.32288922238305,7.713365491406103,0.1357926867241439,Ag,COMPLETE
3285,-51.76767676764536,2026-04-07 11:14:35.933554,2026-04-07 11:14:36.554650,0 days 00:00:00.621096,68.13177770020096,0.5067733845853833,0.13605435039371339,Ag,COMPLETE
3286,-21.874999999994603,2026-04-07 11:14:35.978960,2026-04-07 11:14:36.646720,0 days 00:00:00.667760,89.91079841225954,0.8356058151621258,0.1368468152690662,Ag,COMPLETE
3287,-51.47058823526388,2026-04-07 11:14:36.015091,2026-04-07 11:14:36.597755,0 days 00:00:00.582664,68.29316895804874,1.0630082622565227,0.1349077335972171,Ag,COMPLETE
3288,-51.47058823526401,2026-04-07 11:14:36.330384,2026-04-07 11:14:37.134922,0 days 00:00:00.804538,65.84143672151467,0.8264078778847803,0.13871554816171672,Ag,COMPLETE
3289,-1.0,2026-04-07 11:14:36.443477,2026-04-07 11:14:37.162891,0 days 00:00:00.719414,66.36509354748506,0.8274022788916228,0.13534564976677804,Ag,COMPLETE
3290,-1.0,2026-04-07 11:14:36.492113,2026-04-07 11:14:37.254884,0 days 00:00:00.762771,111.0498194653568,0.5087232862880816,0.10020891251354164,Ag,COMPLETE
3291,-1.0,2026-04-07 11:14:36.601843,2026-04-07 11:14:37.169541,0 days 00:00:00.567698,66.17603429149368,0.8741951756318678,0.10004397895330018,Ag,COMPLETE
3292,-1.0,2026-04-07 11:14:36.678966,2026-04-07 11:14:37.316889,0 days 00:00:00.637923,70.70588002013639,0.8315723033809463,0.19243087530882824,Ag,COMPLETE
3293,-1.0,2026-04-07 11:14:36.733784,2026-04-07 11:14:37.365808,0 days 00:00:00.632024,64.9027234184353,5.372342995641203,0.1782194444228305,Ag,COMPLETE
3294,-8.512544802866461,2026-04-07 11:14:36.756486,2026-04-07 11:14:37.363008,0 days 00:00:00.606522,26.330605103702936,0.8675518413151478,0.18634992602396233,Ag,COMPLETE
3295,-1.0,2026-04-07 11:14:36.813373,2026-04-07 11:14:37.444616,0 days 00:00:00.631243,66.30447183128965,0.8452703584363657,0.10007628426993226,Ag,COMPLETE
3296,-1.0,2026-04-07 11:14:37.258907,2026-04-07 11:14:37.897501,0 days 00:00:00.638594,70.82988203790569,1.315143904984577,0.16468832741611006,Ag,COMPLETE
3297,-1.0,2026-04-07 11:14:37.412954,2026-04-07 11:14:38.009160,0 days 00:00:00.596206,70.88163725123091,1.1057929955923576,0.15978011054428234,Ag,COMPLETE
3298,-26.58045977011031,2026-04-07 11:14:37.457882,2026-04-07 11:14:38.129891,0 days 00:00:00.672009,71.51421939597942,12.340205571912037,0.44188318070211136,Ag,COMPLETE
3299,-1.0,2026-04-07 11:14:37.477198,2026-04-07 11:14:38.158279,0 days 00:00:00.681081,70.78943474753498,0.5011805041714483,0.19422149290021962,Ag,COMPLETE
3300,-1.0,2026-04-07 11:14:37.492883,2026-04-07 11:14:38.050713,0 days 00:00:00.557830,70.44871400755709,0.5109730634559646,0.10034410838058103,Ag,COMPLETE
3301,-0.820209973753268,2026-04-07 11:14:37.518641,2026-04-07 11:14:38.009160,0 days 00:00:00.490519,70.74120425069715,19.969573918675373,0.1005281497988691,Ag,COMPLETE
3302,-49.99999999997149,2026-04-07 11:14:37.538111,2026-04-07 11:14:38.012171,0 days 00:00:00.474060,70.42371166128336,1.1652992762409538,0.16248869735551466,Ag,COMPLETE
3303,-49.99999999997132,2026-04-07 11:14:37.697606,2026-04-07 11:14:38.339636,0 days 00:00:00.642030,70.76214490320656,1.1351645279239837,0.1605455214669699,Ag,COMPLETE
3304,-47.149122806992644,2026-04-07 11:14:38.069543,2026-04-07 11:14:38.633774,0 days 00:00:00.564231,63.03991605954169,1.667168557848036,0.24133860171809518,Ag,COMPLETE
3305,-1.0,2026-04-07 11:14:38.191194,2026-04-07 11:14:38.791747,0 days 00:00:00.600553,62.64095139365568,0.5061990420967976,1.9185357274204442,Ag,COMPLETE
3306,-1.0,2026-04-07 11:14:38.223099,2026-04-07 11:14:38.845699,0 days 00:00:00.622600,73.43002444744032,1.4854472730337691,0.13399089530044228,Ag,COMPLETE
3307,-1.0,2026-04-07 11:14:38.262210,2026-04-07 11:14:38.895745,0 days 00:00:00.633535,62.76402727257048,1.6914090148677723,0.1004582089532933,Ag,COMPLETE
3308,-1.0,2026-04-07 11:14:38.287415,2026-04-07 11:14:38.894568,0 days 00:00:00.607153,62.56647748826014,0.5004464302278882,0.24590498858810647,Ag,COMPLETE
3309,-44.71544715444965,2026-04-07 11:14:38.317750,2026-04-07 11:14:38.939516,0 days 00:00:00.621766,74.21202797883986,2.718896077172917,0.21056904088198325,Ag,COMPLETE
3310,-47.149122806992644,2026-04-07 11:14:38.376411,2026-04-07 11:14:39.111399,0 days 00:00:00.734988,73.64775724181568,1.6201551572325474,0.25178977706327366,Ag,COMPLETE
3311,-1.0,2026-04-07 11:14:38.518311,2026-04-07 11:14:39.305563,0 days 00:00:00.787252,64.30063861214806,0.5027952365098516,0.13581479363793394,Ag,COMPLETE
3312,-1.0,2026-04-07 11:14:38.816899,2026-04-07 11:14:39.500881,0 days 00:00:00.683982,45.4689448435997,1.094037147134608,0.13506011706571933,Ag,COMPLETE
3313,-1.0,2026-04-07 11:14:38.984125,2026-04-07 11:14:39.581931,0 days 00:00:00.597806,77.89151459027157,4.933942149261075,0.10038908690995152,Ag,COMPLETE
3314,-51.470588235264046,2026-04-07 11:14:39.021711,2026-04-07 11:14:39.720418,0 days 00:00:00.698707,66.74047775667447,1.1326059622185538,0.13495431284626777,Ag,COMPLETE
3315,-51.76767676764536,2026-04-07 11:14:39.037435,2026-04-07 11:14:39.719552,0 days 00:00:00.682117,67.20701219844388,0.5053560926344659,0.13585292444060848,Ag,COMPLETE
3316,-1.0,2026-04-07 11:14:39.063461,2026-04-07 11:14:39.828270,0 days 00:00:00.764809,66.49858355959009,1.1582769874554613,0.13439522495271639,Ag,COMPLETE
3317,-51.47058823526388,2026-04-07 11:14:39.085947,2026-04-07 11:14:39.689639,0 days 00:00:00.603692,66.9749384575224,1.0947516682866147,0.10046838027138746,Ag,COMPLETE
3318,-49.99999999997149,2026-04-07 11:14:39.241961,2026-04-07 11:14:39.864091,0 days 00:00:00.622130,68.63034467147851,1.1861294043162884,0.13602323786749626,Ag,COMPLETE
3319,-1.0,2026-04-07 11:14:39.481313,2026-04-07 11:14:40.203548,0 days 00:00:00.722235,68.66735365183108,15.048894216987192,0.16356471324380323,Ag,COMPLETE
3320,-1.0,2026-04-07 11:14:39.613712,2026-04-07 11:14:40.435258,0 days 00:00:00.821546,69.24127252515764,10.125015449961472,0.16805532816978508,Ag,COMPLETE
3321,-1.0,2026-04-07 11:14:39.737473,2026-04-07 11:14:40.463055,0 days 00:00:00.725582,59.93459952656603,15.353667371713072,0.1988313881140547,Ag,COMPLETE
3322,-1.1720581340834175,2026-04-07 11:14:39.893672,2026-04-07 11:14:40.818643,0 days 00:00:00.924971,23.063701369122125,0.8587681808674807,0.20130795098516996,Ag,COMPLETE
3323,-1.0,2026-04-07 11:14:39.941708,2026-04-07 11:14:40.555745,0 days 00:00:00.614037,59.92524268508872,0.8457132172239391,0.19729195758681506,Ag,COMPLETE
3324,-1.1134552273792424,2026-04-07 11:14:40.012177,2026-04-07 11:14:40.681524,0 days 00:00:00.669347,22.92107109719129,0.8320873759826939,0.1924243953023762,Ag,COMPLETE
3325,-1.0,2026-04-07 11:14:40.081432,2026-04-07 11:14:40.682524,0 days 00:00:00.601092,72.7801389679945,0.8144820848440721,0.20466364527254233,Ag,COMPLETE
3326,-48.6111111110841,2026-04-07 11:14:40.144552,2026-04-07 11:14:40.684092,0 days 00:00:00.539540,59.54602320478413,0.8831304686215964,0.19818154331011417,Ag,COMPLETE
3327,-1.0,2026-04-07 11:14:40.359893,2026-04-07 11:14:40.922459,0 days 00:00:00.562566,72.97703947391925,0.8543209027657064,0.2028619006899518,Ag,COMPLETE
3328,-1.0,2026-04-07 11:14:40.566323,2026-04-07 11:14:41.452798,0 days 00:00:00.886475,72.24723870235782,1.5026228905638015,0.8066990562432927,Au,COMPLETE
3329,-18.585131894481684,2026-04-07 11:14:40.728051,2026-04-07 11:14:41.372724,0 days 00:00:00.644673,75.39628922712357,1.4394467874283525,0.13650491570543194,Au,COMPLETE
3330,-1.0,2026-04-07 11:14:40.635302,2026-04-07 11:14:41.324435,0 days 00:00:00.689133,74.8004664481685,2.259441168195975,0.16385472134120818,Au,COMPLETE
3331,-1.0,2026-04-07 11:14:40.870308,2026-04-07 11:14:41.542145,0 days 00:00:00.671837,75.36299920026265,0.502295389488302,0.7981556036616817,Au,COMPLETE
3332,-1.0,2026-04-07 11:14:40.914194,2026-04-07 11:14:41.537149,0 days 00:00:00.622955,75.85142061807717,2.2235552147544944,0.10033223566408744,Au,COMPLETE
3333,-1.0,2026-04-07 11:14:40.979351,2026-04-07 11:14:41.541106,0 days 00:00:00.561755,75.78802704552396,11.6984378061568,1.3038625427493158,Au,COMPLETE
3334,-1.0,2026-04-07 11:14:41.031324,2026-04-07 11:14:41.617133,0 days 00:00:00.585809,75.20991058587666,2.2186926070960773,0.16000713892879417,Au,COMPLETE
3335,-1.0,2026-04-07 11:14:41.124757,2026-04-07 11:14:41.804392,0 days 00:00:00.679635,75.7356847633687,0.5019553468031093,0.1617268032644193,Au,COMPLETE
3336,-1.0,2026-04-07 11:14:41.478971,2026-04-07 11:14:42.102456,0 days 00:00:00.623485,64.59020907343461,18.287739197430383,0.1638038559034381,Ag,COMPLETE
3337,-1.0,2026-04-07 11:14:41.570548,2026-04-07 11:14:42.116849,0 days 00:00:00.546301,64.96581555160856,16.395497244797422,0.13315948817617726,Ag,COMPLETE
3338,-1.0,2026-04-07 11:14:41.644127,2026-04-07 11:14:42.316372,0 days 00:00:00.672245,64.69462869498406,1.1739097708605153,0.13345577684667986,Ag,COMPLETE
3339,-23.98255813953211,2026-04-07 11:14:41.742330,2026-04-07 11:14:42.286035,0 days 00:00:00.543705,65.1899932610373,14.22488528776911,1.1549425254372574,Ag,COMPLETE
3340,-1.0,2026-04-07 11:14:41.801614,2026-04-07 11:14:42.597412,0 days 00:00:00.795798,65.26229466717018,1.1157996755496358,0.13391588440399738,Ag,COMPLETE
3341,-27.52057613168384,2026-04-07 11:14:41.834243,2026-04-07 11:14:42.404236,0 days 00:00:00.569993,64.95885748990403,16.153667525446437,0.13719681963078392,Ag,COMPLETE
3342,-49.99999999997149,2026-04-07 11:14:41.913936,2026-04-07 11:14:42.488630,0 days 00:00:00.574694,64.69939812799319,1.1679589366616643,0.15455445529974715,Ag,COMPLETE
3343,-1.0,2026-04-07 11:14:42.050363,2026-04-07 11:14:42.785576,0 days 00:00:00.735213,68.54097337568743,1.2341113354173068,0.1333918248159807,Ag,COMPLETE
3344,-1.0,2026-04-07 11:14:42.256714,2026-04-07 11:14:42.930787,0 days 00:00:00.674073,69.34491316066436,0.5049931016444992,0.4947463555010341,Ag,COMPLETE
3345,-1.0,2026-04-07 11:14:42.320899,2026-04-07 11:14:42.971531,0 days 00:00:00.650632,68.98323047005843,1.0977874455832726,0.13189491978191797,Ag,COMPLETE
3346,-1.0,2026-04-07 11:14:42.460157,2026-04-07 11:14:43.152138,0 days 00:00:00.691981,68.99507418103065,1.7079296819566343,0.7213613308750002,Ag,COMPLETE
3347,-1.0,2026-04-07 11:14:42.536236,2026-04-07 11:14:43.069118,0 days 00:00:00.532882,69.34367358135319,1.4983152222701162,0.10139729924810095,Ag,COMPLETE
3348,-1.0,2026-04-07 11:14:42.569069,2026-04-07 11:14:43.128920,0 days 00:00:00.559851,69.43061522639431,1.6236708142838137,0.1705113867270316,Ag,COMPLETE
3349,-49.76851851849098,2026-04-07 11:14:42.716072,2026-04-07 11:14:43.534889,0 days 00:00:00.818817,67.18657614264222,1.670443346053279,0.16750164038261495,Ag,COMPLETE
3350,-1.0,2026-04-07 11:14:42.815030,2026-04-07 11:14:43.431284,0 days 00:00:00.616254,69.0016865616772,1.6942464154436236,0.10044449958605238,Ag,COMPLETE
3351,-1.0,2026-04-07 11:14:42.960013,2026-04-07 11:14:43.583811,0 days 00:00:00.623798,25.70726045029052,0.500604984012236,0.17436064647306582,Ag,COMPLETE
3352,-51.47058823526383,2026-04-07 11:14:43.072120,2026-04-07 11:14:43.533891,0 days 00:00:00.461771,66.48271622231152,0.8310086673979961,0.10176839679836899,Ag,COMPLETE
3353,-1.0,2026-04-07 11:14:43.150131,2026-04-07 11:14:43.819657,0 days 00:00:00.669526,72.39918724550208,0.5086698546676768,0.101059695477524,Ag,COMPLETE
3354,-53.03030303027095,2026-04-07 11:14:43.216070,2026-04-07 11:14:43.758016,0 days 00:00:00.541946,67.00816203543819,0.8423384648148077,0.13221467990934588,Ag,COMPLETE
3355,-51.4705882352638,2026-04-07 11:14:43.341374,2026-04-07 11:14:43.872702,0 days 00:00:00.531328,72.42056152294751,0.8059752476340958,0.16413673796574288,Ag,COMPLETE
3356,-51.4705882352638,2026-04-07 11:14:43.386322,2026-04-07 11:14:43.979908,0 days 00:00:00.593586,72.4889902126305,0.8649643020426442,0.13339312502729883,Ag,COMPLETE
3357,-1.0,2026-04-07 11:14:43.553272,2026-04-07 11:14:44.078941,0 days 00:00:00.525669,72.44939823642402,0.8571647093343531,0.23283856897400143,Ag,COMPLETE
3358,-1.0,2026-04-07 11:14:43.637531,2026-04-07 11:14:44.234171,0 days 00:00:00.596640,73.08828300502935,0.8370654013581611,1.6226648412734368,Ag,COMPLETE
3359,-1.0,2026-04-07 11:14:43.713400,2026-04-07 11:14:44.327734,0 days 00:00:00.614334,72.71542145151346,0.8411824083855348,0.21554285319725378,Ag,COMPLETE
3360,-1.0,2026-04-07 11:14:43.774353,2026-04-07 11:14:44.428873,0 days 00:00:00.654520,72.3037706772468,0.8978054164825378,0.24429264991017335,Ag,COMPLETE
3361,-1.0,2026-04-07 11:14:43.914068,2026-04-07 11:14:44.657435,0 days 00:00:00.743367,70.99701328100515,1.2253096180794552,0.10095043614795088,Ag,COMPLETE
3362,-10.950854700853288,2026-04-07 11:14:43.983668,2026-04-07 11:14:44.869104,0 days 00:00:00.885436,30.470388005537266,1.1980717675440569,1.6440151964451584,Ag,COMPLETE
3363,-51.470588235264046,2026-04-07 11:14:44.095281,2026-04-07 11:14:44.723620,0 days 00:00:00.628339,67.2313384998141,1.14318807310628,0.1324376365441188,Ag,COMPLETE
3364,-1.0,2026-04-07 11:14:44.195269,2026-04-07 11:14:44.785673,0 days 00:00:00.590404,79.02184421792197,0.5030192816972687,1.8161215450644157,Ag,COMPLETE
3365,-1.0,2026-04-07 11:14:44.280412,2026-04-07 11:14:44.949616,0 days 00:00:00.669204,61.25689844986983,8.77095074801671,0.16102407489356163,Ag,COMPLETE
3366,-1.0,2026-04-07 11:14:44.466634,2026-04-07 11:14:45.090064,0 days 00:00:00.623430,79.45687093948878,1.2742513769517916,0.13218372956093036,Ag,COMPLETE
3367,-1.0,2026-04-07 11:14:44.583852,2026-04-07 11:14:45.150167,0 days 00:00:00.566315,79.15213711822673,8.802633617704588,0.1653409053738703,Ag,COMPLETE
3368,-1.0,2026-04-07 11:14:44.622005,2026-04-07 11:14:45.212707,0 days 00:00:00.590702,61.857006495557,0.5108335518296454,0.6272953510325805,Ag,COMPLETE
3369,-14.794685990336026,2026-04-07 11:14:44.872169,2026-04-07 11:14:45.492300,0 days 00:00:00.620131,70.14594557712834,0.5021828626880606,0.10022765406161666,Cu,COMPLETE
3370,-14.541387024606529,2026-04-07 11:14:44.975470,2026-04-07 11:14:45.624507,0 days 00:00:00.649037,70.40403289602366,1.413771238179185,0.10082969123604886,Cu,COMPLETE
3371,-49.99999999997152,2026-04-07 11:14:45.027169,2026-04-07 11:14:45.622010,0 days 00:00:00.594841,69.8138730291694,1.3595805092614135,0.10056999112999784,Ag,COMPLETE
3372,-14.541387024606635,2026-04-07 11:14:45.069464,2026-04-07 11:14:45.904722,0 days 00:00:00.835258,70.04904910921663,1.557783534277772,0.1006017087849482,Cu,COMPLETE
3373,-14.860139860137712,2026-04-07 11:14:45.154182,2026-04-07 11:14:45.780297,0 days 00:00:00.626115,70.48471149358605,0.8517264473705531,0.10158963965039688,Cu,COMPLETE
3374,-1.0,2026-04-07 11:14:45.317250,2026-04-07 11:14:45.930232,0 days 00:00:00.612982,70.18040495417435,1.4275059880337757,0.13337045753732235,Cu,COMPLETE
3375,-1.0,2026-04-07 11:14:45.385639,2026-04-07 11:14:45.931241,0 days 00:00:00.545602,69.64643681560307,1.4398808461618389,0.1897186070632595,Cu,COMPLETE
3376,-1.0,2026-04-07 11:14:45.541594,2026-04-07 11:14:46.167332,0 days 00:00:00.625738,66.96251342098506,0.834217832748111,0.19929364631057134,Ag,COMPLETE
3377,-48.42342342339725,2026-04-07 11:14:45.733133,2026-04-07 11:14:46.464680,0 days 00:00:00.731547,67.28645733193515,2.0686354214652414,0.20119365468107286,Ag,COMPLETE
3378,-53.03030303027077,2026-04-07 11:14:45.814467,2026-04-07 11:14:46.390243,0 days 00:00:00.575776,66.44541875502371,0.5109610628531279,0.19919844435667464,Ag,COMPLETE
3379,-47.149122806992466,2026-04-07 11:14:45.858955,2026-04-07 11:14:46.463677,0 days 00:00:00.604722,66.93182137245779,1.9745991269819085,0.19797071755651127,Ag,COMPLETE
3380,-48.42342342339707,2026-04-07 11:14:46.067103,2026-04-07 11:14:46.836612,0 days 00:00:00.769509,67.11040407450815,2.0194661146912756,0.16454000243251876,Ag,COMPLETE
3381,-1.0,2026-04-07 11:14:46.105567,2026-04-07 11:14:46.762625,0 days 00:00:00.657058,67.01889110257301,0.840790220998449,0.16405697353726673,Ag,COMPLETE
3382,-48.8095238094959,2026-04-07 11:14:46.135307,2026-04-07 11:14:46.741641,0 days 00:00:00.606334,63.421219094639056,0.8575216928068707,0.1699869884918806,Ag,COMPLETE
3383,-1.0,2026-04-07 11:14:46.170035,2026-04-07 11:14:46.820428,0 days 00:00:00.650393,66.75472182681028,1.937309714971204,0.16195968405492966,Ag,COMPLETE
3384,-50.245098039186,2026-04-07 11:14:46.405872,2026-04-07 11:14:46.900167,0 days 00:00:00.494295,64.38744094212326,0.5021526896942291,0.16251324155001545,Ag,COMPLETE
3385,-24.75845410627308,2026-04-07 11:14:46.544925,2026-04-07 11:14:47.040270,0 days 00:00:00.495345,41.1501334966957,1.103458580855897,0.1600185584360345,Ag,COMPLETE
3386,-1.0,2026-04-07 11:14:46.610866,2026-04-07 11:14:47.182977,0 days 00:00:00.572111,62.37610464680329,0.5035868848981588,0.10004688797829914,Ag,COMPLETE
3387,-1.0,2026-04-07 11:14:46.684934,2026-04-07 11:14:47.367285,0 days 00:00:00.682351,117.06253527642644,1.1010275230500985,0.10028568120622931,Ag,COMPLETE
3388,-1.0,2026-04-07 11:14:46.954871,2026-04-07 11:14:47.656815,0 days 00:00:00.701944,68.52045416298081,0.5059939175381652,0.10035790748873404,Ag,COMPLETE
3389,-51.470588235264046,2026-04-07 11:14:46.969138,2026-04-07 11:14:47.534309,0 days 00:00:00.565171,68.57651847887838,1.1391976955366374,0.14191354742046527,Ag,COMPLETE
3390,-15.447154471543215,2026-04-07 11:14:47.007264,2026-04-07 11:14:47.560140,0 days 00:00:00.552876,68.37973187469628,16.985866241372484,0.14012496665971524,Ag,COMPLETE
3391,-1.0,2026-04-07 11:14:47.084631,2026-04-07 11:14:47.685217,0 days 00:00:00.600586,73.82334465985826,1.155958779825417,0.13396375557933463,Ag,COMPLETE
3392,-1.0,2026-04-07 11:14:47.178944,2026-04-07 11:14:48.001366,0 days 00:00:00.822422,68.43037554771722,17.04837611547255,0.13495966784689273,Ag,COMPLETE
3393,-1.0,2026-04-07 11:14:47.251388,2026-04-07 11:14:47.851663,0 days 00:00:00.600275,68.94808935872297,1.1859842073722437,0.13642970050064648,Ag,COMPLETE
3394,-48.6111111110841,2026-04-07 11:14:47.474115,2026-04-07 11:14:48.235782,0 days 00:00:00.761667,73.82246460417443,1.1161156735064002,0.14036150864722488,Ag,COMPLETE
3395,-1.0,2026-04-07 11:14:47.604280,2026-04-07 11:14:48.186706,0 days 00:00:00.582426,71.28385687127533,0.8418751106969059,0.10056657079561362,Ag,COMPLETE
3396,-1.0,2026-04-07 11:14:47.755820,2026-04-07 11:14:48.349219,0 days 00:00:00.593399,64.35642874260542,0.8417328465349292,0.13474172580811147,Ag,COMPLETE
3397,-48.611111111084135,2026-04-07 11:14:47.826136,2026-04-07 11:14:48.445037,0 days 00:00:00.618901,63.90976371107821,0.9056970251887313,0.25548098192871144,Ag,COMPLETE
3398,-1.0,2026-04-07 11:14:47.839475,2026-04-07 11:14:48.631635,0 days 00:00:00.792160,71.91593246884374,0.8476274012618474,0.23011433589909103,Ag,COMPLETE
3399,-1.0,2026-04-07 11:14:47.866976,2026-04-07 11:14:48.574354,0 days 00:00:00.707378,71.85883435016244,0.8524813917955152,0.23545767286949265,Ag,COMPLETE
3400,-48.6111111110841,2026-04-07 11:14:48.094313,2026-04-07 11:14:48.803327,0 days 00:00:00.709014,63.25093637974522,0.860558688361721,0.22597553856446168,Ag,COMPLETE
3401,-1.0,2026-04-07 11:14:48.190218,2026-04-07 11:14:48.929469,0 days 00:00:00.739251,63.4197387146356,13.270225418340159,0.13414972518773133,Ag,COMPLETE
3402,-1.0,2026-04-07 11:14:48.385726,2026-04-07 11:14:49.068424,0 days 00:00:00.682698,98.70130710403672,1.4778457280441795,0.10010136085126223,Ag,COMPLETE
3403,-1.0,2026-04-07 11:14:48.422469,2026-04-07 11:14:49.001285,0 days 00:00:00.578816,77.22306675313412,1.5185205978512766,0.22248519122491361,Ag,COMPLETE
3404,-42.6829268292474,2026-04-07 11:14:48.507660,2026-04-07 11:14:49.002380,0 days 00:00:00.494720,57.05646784214477,1.6701985010649183,0.19922125176240735,Ag,COMPLETE
3405,-1.0,2026-04-07 11:14:48.617427,2026-04-07 11:14:49.147340,0 days 00:00:00.529913,65.5182414438146,1.6921459014925486,0.19078697474771905,Ag,COMPLETE
3406,-1.0,2026-04-07 11:14:48.741760,2026-04-07 11:14:49.491666,0 days 00:00:00.749906,65.28240219169719,0.5050075011869422,0.1800669265560057,Ag,COMPLETE
3407,-49.76851851849098,2026-04-07 11:14:48.846279,2026-04-07 11:14:49.332883,0 days 00:00:00.486604,65.6180066303428,1.6421522714139298,0.18555835772834,Ag,COMPLETE
3408,-7.1292775665393755,2026-04-07 11:14:49.037739,2026-04-07 11:14:49.809889,0 days 00:00:00.772150,25.34460629987188,10.687973637181868,0.16580624407650968,Ag,COMPLETE
3409,-1.0,2026-04-07 11:14:49.117641,2026-04-07 11:14:49.760053,0 days 00:00:00.642412,84.38127403603225,0.5070517703178182,0.16199920029545933,Ag,COMPLETE
3410,-9.339080459769033,2026-04-07 11:14:49.150045,2026-04-07 11:14:49.913979,0 days 00:00:00.763934,26.96074403699774,0.5046037295614604,0.10002657934080479,Ag,COMPLETE
3411,-1.0,2026-04-07 11:14:49.224140,2026-04-07 11:14:49.914989,0 days 00:00:00.690849,71.54466102508704,6.3868745629083294,0.13740021625307852,Ag,COMPLETE
3412,-1.0,2026-04-07 11:14:49.308292,2026-04-07 11:14:49.912471,0 days 00:00:00.604179,71.26474147270916,0.5010231671448746,0.13192630423940716,Ag,COMPLETE
3413,-1.0,2026-04-07 11:14:49.376346,2026-04-07 11:14:49.989243,0 days 00:00:00.612897,71.37613662514836,10.722082832557497,0.13675484723949816,Ag,COMPLETE
3414,-7.665094339621933,2026-04-07 11:14:49.508624,2026-04-07 11:14:50.141595,0 days 00:00:00.632971,25.078335803118495,0.5030550437122612,1.4580748522237341,Ag,COMPLETE
3415,-7.838283828382057,2026-04-07 11:14:49.667949,2026-04-07 11:14:50.211223,0 days 00:00:00.543274,25.338122052981024,1.1626729174330137,0.10065148086881938,Ag,COMPLETE
3416,-1.0,2026-04-07 11:14:50.002835,2026-04-07 11:14:50.760415,0 days 00:00:00.757580,68.66476840795244,1.1720092460988272,0.13422640199153069,Ag,COMPLETE
3417,-1.0,2026-04-07 11:14:49.960515,2026-04-07 11:14:50.638444,0 days 00:00:00.677929,68.47809758663728,1.1995942823310082,0.13733894105815428,Ag,COMPLETE
3418,-1.0,2026-04-07 11:14:50.068155,2026-04-07 11:14:50.800334,0 days 00:00:00.732179,74.09336300314686,11.223897835530174,0.10121729159973243,Ag,COMPLETE
3419,-49.99999999997132,2026-04-07 11:14:50.102268,2026-04-07 11:14:50.675910,0 days 00:00:00.573642,74.0292236135304,1.1971759071499346,0.10043370039659426,Ag,COMPLETE
3420,-1.0,2026-04-07 11:14:50.122118,2026-04-07 11:14:50.762417,0 days 00:00:00.640299,68.19561872629347,0.500469319903747,0.13394614642589708,Ag,COMPLETE
3421,-51.470588235264046,2026-04-07 11:14:50.297245,2026-04-07 11:14:50.857609,0 days 00:00:00.560364,68.88034204149149,1.1469974709015172,0.13327457727544473,Ag,COMPLETE
3422,-49.99999999997173,2026-04-07 11:14:50.360936,2026-04-07 11:14:50.975910,0 days 00:00:00.614974,68.32881599978691,1.1141941487884304,0.13345039380770335,Ag,COMPLETE
3423,-1.0,2026-04-07 11:14:50.395520,2026-04-07 11:14:50.974913,0 days 00:00:00.579393,68.27184734439898,12.048217632251834,0.13625704038440734,Ag,COMPLETE
3424,-17.973856209147947,2026-04-07 11:14:50.827871,2026-04-07 11:14:51.526351,0 days 00:00:00.698480,66.34545533152084,2.534299109767754,0.1826199356015048,Au,COMPLETE
3425,-1.0,2026-04-07 11:14:50.897016,2026-04-07 11:14:51.688050,0 days 00:00:00.791034,61.632903481384595,3.519396165982827,0.1790785301378857,Ag,COMPLETE
3426,-1.0,2026-04-07 11:14:50.929021,2026-04-07 11:14:51.677449,0 days 00:00:00.748428,66.09427034504847,2.5571947142108122,0.10028670228535436,Au,COMPLETE
3427,-1.0,2026-04-07 11:14:50.862163,2026-04-07 11:14:51.627078,0 days 00:00:00.764915,60.9787082795326,0.8766529653109658,0.17711404616825505,Au,COMPLETE
3428,-1.0,2026-04-07 11:14:50.989442,2026-04-07 11:14:51.599593,0 days 00:00:00.610151,66.12136045500053,0.5039889824628923,0.1799838416676507,Ag,COMPLETE
3429,-18.589743589740795,2026-04-07 11:14:51.079738,2026-04-07 11:14:51.719469,0 days 00:00:00.639731,61.900449375521134,0.8320527410538822,0.10059614674275005,Au,COMPLETE
3430,-18.48370927318017,2026-04-07 11:14:51.139414,2026-04-07 11:14:51.831818,0 days 00:00:00.692404,61.313308263712564,0.9200367107048482,0.18054871010566106,Au,COMPLETE
3431,-1.0,2026-04-07 11:14:51.201796,2026-04-07 11:14:51.716564,0 days 00:00:00.514768,66.02375995375267,0.871857111866492,0.17795743523542285,Au,COMPLETE
3432,-48.6111111110841,2026-04-07 11:14:51.666245,2026-04-07 11:14:52.335731,0 days 00:00:00.669486,70.23322737122064,1.5225544397732507,0.10081099464447314,Ag,COMPLETE
3433,-1.0,2026-04-07 11:14:51.862824,2026-04-07 11:14:52.489333,0 days 00:00:00.626509,70.5120859801636,1.5625811751771508,1.0735030647619812,Ag,COMPLETE
3434,-1.0,2026-04-07 11:14:51.911964,2026-04-07 11:14:52.554048,0 days 00:00:00.642084,70.59818436799165,15.633271114018852,0.13375360025937383,Ag,COMPLETE
3435,-48.61111111108375,2026-04-07 11:14:51.940893,2026-04-07 11:14:52.610931,0 days 00:00:00.670038,70.41844359884345,1.3760112462283727,0.1328333079843935,Ag,COMPLETE
3436,-46.05263157892298,2026-04-07 11:14:51.957854,2026-04-07 11:14:52.551534,0 days 00:00:00.593680,77.36775324287387,1.3916303903530745,0.13592599222123372,Ag,COMPLETE
3437,-1.0,2026-04-07 11:14:51.972955,2026-04-07 11:14:52.533527,0 days 00:00:00.560572,71.89846220401972,1.438611007468655,0.1345567001162112,Ag,COMPLETE
3438,-1.0,2026-04-07 11:14:52.019464,2026-04-07 11:14:52.682882,0 days 00:00:00.663418,70.54147189136164,0.5022484513818528,0.13218245109393112,Ag,COMPLETE
3439,-49.76851851849078,2026-04-07 11:14:52.078621,2026-04-07 11:14:52.689496,0 days 00:00:00.610875,70.74020800205963,1.454334309241326,0.13547620965253368,Ag,COMPLETE
3440,-49.99999999997152,2026-04-07 11:14:52.491335,2026-04-07 11:14:53.197854,0 days 00:00:00.706519,72.67242617270566,0.8773006509826033,0.21395783298071777,Ag,COMPLETE
3441,-49.99999999997132,2026-04-07 11:14:52.577853,2026-04-07 11:14:53.148589,0 days 00:00:00.570736,73.21956041636989,0.8317930824795065,0.2066529924857354,Ag,COMPLETE
3442,-1.0,2026-04-07 11:14:52.708825,2026-04-07 11:14:53.306496,0 days 00:00:00.597671,21.527434039244604,0.501744253889092,0.2187487374875762,Ag,COMPLETE
3443,-47.45370370367745,2026-04-07 11:14:52.740779,2026-04-07 11:14:53.364415,0 days 00:00:00.623636,73.82110095830818,0.8430571324182052,0.255620443717071,Ag,COMPLETE
3444,-1.0,2026-04-07 11:14:52.768649,2026-04-07 11:14:53.331899,0 days 00:00:00.563250,75.0208817543045,0.8243821334424484,0.24895939292728808,Ag,COMPLETE
3445,-37.414965986379336,2026-04-07 11:14:52.817602,2026-04-07 11:14:53.502866,0 days 00:00:00.685264,74.25650014262182,0.8930164722532189,1.5098525256530686,Ag,COMPLETE
3446,-50.24509803918605,2026-04-07 11:14:52.830627,2026-04-07 11:14:53.393731,0 days 00:00:00.563104,64.04875227089096,0.5020881549018512,0.21513222461795586,Ag,COMPLETE
3447,-0.8802816901408202,2026-04-07 11:14:52.902151,2026-04-07 11:14:53.550947,0 days 00:00:00.648796,20.07405866274859,0.8463936394787132,1.713621549683689,Ag,COMPLETE
3448,-1.0,2026-04-07 11:14:53.362270,2026-04-07 11:14:53.898278,0 days 00:00:00.536008,67.53386368406406,1.8758712179796426,0.15759186043592527,Ag,COMPLETE
3449,-15.390390390387601,2026-04-07 11:14:53.426579,2026-04-07 11:14:54.002454,0 days 00:00:00.575875,34.735911139226076,1.9610310202168306,0.5419041278695372,Ag,COMPLETE
3450,-1.0,2026-04-07 11:14:53.442231,2026-04-07 11:14:53.969156,0 days 00:00:00.526925,67.11356005673079,1.835307646674233,0.1628654510958764,Ag,COMPLETE
3451,-48.42342342339705,2026-04-07 11:14:53.475044,2026-04-07 11:14:54.072771,0 days 00:00:00.597727,67.66941221243509,2.0393620281842186,0.1003079401946271,Ag,COMPLETE
3452,-1.0,2026-04-07 11:14:53.518970,2026-04-07 11:14:54.198921,0 days 00:00:00.679951,87.49294213323496,0.5000933981203469,1.5931619839669695,Ag,COMPLETE
3453,-1.0,2026-04-07 11:14:53.641112,2026-04-07 11:14:54.605645,0 days 00:00:00.964533,67.46868754897109,1.1729335433676105,0.10072052988461813,Ag,COMPLETE
3454,-1.0,2026-04-07 11:14:53.707829,2026-04-07 11:14:54.293583,0 days 00:00:00.585754,67.71678830383227,0.5048794875115388,0.15697444187104118,Ag,COMPLETE
3455,-48.423423423397416,2026-04-07 11:14:53.734892,2026-04-07 11:14:54.475254,0 days 00:00:00.740362,66.57237047473099,1.9193121184966038,0.16322217468051442,Ag,COMPLETE
3456,-2.8409090909090082,2026-04-07 11:14:54.114215,2026-04-07 11:14:54.768492,0 days 00:00:00.654277,96.4440167182278,1.1417533229967791,0.15713482289881414,Ag,COMPLETE
3457,-1.0,2026-04-07 11:14:54.179579,2026-04-07 11:14:54.722553,0 days 00:00:00.542974,65.29353633976821,1.1647024147861844,0.1641757103874938,Ag,COMPLETE
3458,-43.749999999977966,2026-04-07 11:14:54.201923,2026-04-07 11:14:54.873301,0 days 00:00:00.671378,64.47266283045938,1.1785637491761234,0.6775555577189907,Ag,COMPLETE
3459,-1.0,2026-04-07 11:14:54.318616,2026-04-07 11:14:54.958099,0 days 00:00:00.639483,64.93228082181841,1.1468644947311777,0.10053366932055026,Ag,COMPLETE
3460,-48.6111111110841,2026-04-07 11:14:54.440706,2026-04-07 11:14:55.128257,0 days 00:00:00.687551,64.2713565721308,1.1440111197898806,0.134285281670089,Ag,COMPLETE
3461,-1.0,2026-04-07 11:14:54.474257,2026-04-07 11:14:55.034906,0 days 00:00:00.560649,65.00030374636378,1.23507753244266,0.16398630476116943,Ag,COMPLETE
3462,-1.0,2026-04-07 11:14:54.676958,2026-04-07 11:14:55.222035,0 days 00:00:00.545077,69.42390819354767,1.1579294144685033,0.1320965641552775,Ag,COMPLETE
3463,-1.0,2026-04-07 11:14:54.800948,2026-04-07 11:14:55.305348,0 days 00:00:00.504400,76.56704340985003,0.8744832793963816,0.13489648106291569,Ag,COMPLETE
3464,-48.61111111108426,2026-04-07 11:14:54.895583,2026-04-07 11:14:55.541097,0 days 00:00:00.645514,76.63404555100917,0.8192499293481847,0.1357879126955706,Ag,COMPLETE
3465,-1.0,2026-04-07 11:14:54.956101,2026-04-07 11:14:55.441925,0 days 00:00:00.485824,77.07659347304329,14.099171795231122,1.8796504871007416,Ag,COMPLETE
3466,-1.0,2026-04-07 11:14:55.048676,2026-04-07 11:14:55.581360,0 days 00:00:00.532684,69.3821886894465,0.837229046174007,0.13321744280423942,Ag,COMPLETE
3467,-1.0,2026-04-07 11:14:55.172851,2026-04-07 11:14:55.681276,0 days 00:00:00.508425,76.52779309679167,14.637456141263108,0.1972973097559056,Ag,COMPLETE
3468,-43.74999999997812,2026-04-07 11:14:55.240351,2026-04-07 11:14:55.876968,0 days 00:00:00.636617,81.16173396551184,0.5065227095592271,0.19783440045517187,Ag,COMPLETE
3469,-41.666666666647146,2026-04-07 11:14:55.321302,2026-04-07 11:14:56.158678,0 days 00:00:00.837376,72.1976954929236,0.5092260556585027,1.2252250777826927,Ag,COMPLETE
3470,-49.99999999997152,2026-04-07 11:14:55.395292,2026-04-07 11:14:56.047968,0 days 00:00:00.652676,72.49829648544198,0.8735983566312717,0.19489055804421782,Ag,COMPLETE
3471,-1.0,2026-04-07 11:14:55.440419,2026-04-07 11:14:56.023383,0 days 00:00:00.582964,72.28135959333245,14.666429086527916,0.10095609584295806,Ag,COMPLETE
3472,-51.47058823526383,2026-04-07 11:14:55.684273,2026-04-07 11:14:56.296700,0 days 00:00:00.612427,71.84079836324388,0.5107136653309302,0.19104632020311335,Ag,COMPLETE
3473,-1.0,2026-04-07 11:14:55.708066,2026-04-07 11:14:56.488711,0 days 00:00:00.780645,71.41839299599404,1.5131290969783366,0.1003208881896843,Ag,COMPLETE
3474,-28.163580246908445,2026-04-07 11:14:55.788927,2026-04-07 11:14:56.597073,0 days 00:00:00.808146,72.12937509937001,12.561636586493082,0.10100117911257676,Ag,COMPLETE
3475,-1.0,2026-04-07 11:14:55.892094,2026-04-07 11:14:56.489702,0 days 00:00:00.597608,72.16316495534812,1.5306156812005973,0.1007587369698956,Ag,COMPLETE
3476,-49.76851851849095,2026-04-07 11:14:56.048999,2026-04-07 11:14:56.864347,0 days 00:00:00.815348,69.73074124088927,1.4804906688317756,0.17485951661847715,Ag,COMPLETE
3477,-1.0,2026-04-07 11:14:56.161678,2026-04-07 11:14:56.896336,0 days 00:00:00.734658,69.89854856018506,0.8625166200672494,0.1740978048568934,Ag,COMPLETE
3478,-49.76851851849095,2026-04-07 11:14:56.221652,2026-04-07 11:14:56.938107,0 days 00:00:00.716455,69.82936121443896,1.5657901285500506,0.16535155237865,Ag,COMPLETE
3479,-1.0,2026-04-07 11:14:56.454022,2026-04-07 11:14:57.079835,0 days 00:00:00.625813,47.638587853337434,9.69934343115699,0.16354525017674026,Ag,COMPLETE
3480,-13.658367911478827,2026-04-07 11:14:56.600148,2026-04-07 11:14:57.181254,0 days 00:00:00.581106,29.235830080491894,18.673544786842186,0.16351989339914927,Ag,COMPLETE
3481,-1.0,2026-04-07 11:14:56.696637,2026-04-07 11:14:57.336377,0 days 00:00:00.639740,32.32486258859937,0.8497087587200551,0.1657564571913615,Ag,COMPLETE
3482,-13.888888888886575,2026-04-07 11:14:56.762806,2026-04-07 11:14:57.337825,0 days 00:00:00.575019,32.13506230183835,0.8624606227651468,0.16245078427420181,Ag,COMPLETE
3483,22.39974937343325,2026-04-07 11:14:56.881891,2026-04-07 11:14:57.479470,0 days 00:00:00.597579,63.13054276034498,18.82819151959761,0.13289868687525636,Ag,COMPLETE
3484,-10.990813648293116,2026-04-07 11:14:56.987926,2026-04-07 11:14:57.771541,0 days 00:00:00.783615,28.372728361650115,17.686288235113583,0.15622234870563143,Ag,COMPLETE
3485,-49.99999999997132,2026-04-07 11:14:57.110875,2026-04-07 11:14:57.810190,0 days 00:00:00.699315,62.759309118384564,0.9283350966163667,0.13533944655389946,Ag,COMPLETE
3486,-49.99999999997173,2026-04-07 11:14:57.204239,2026-04-07 11:14:57.799339,0 days 00:00:00.595100,66.77132427591039,1.151238053045167,0.10121685224820255,Ag,COMPLETE
3487,-1.0,2026-04-07 11:14:57.286151,2026-04-07 11:14:57.875328,0 days 00:00:00.589177,62.54876095120784,1.1022002535354143,0.13406454952756877,Ag,COMPLETE
3488,-33.854166666656084,2026-04-07 11:14:57.413842,2026-04-07 11:14:57.875328,0 days 00:00:00.461486,58.146353598938816,7.394815899449355,0.13340348366589425,Ag,COMPLETE
3489,-49.99999999997149,2026-04-07 11:14:57.484563,2026-04-07 11:14:58.178061,0 days 00:00:00.693498,67.88503899195712,1.1044913548369844,0.24636862370271229,Ag,COMPLETE
3490,-1.0,2026-04-07 11:14:57.544637,2026-04-07 11:14:58.066307,0 days 00:00:00.521670,58.56415178307307,1.1649264812115847,0.10114684110672571,Ag,COMPLETE
3491,-51.47058823526383,2026-04-07 11:14:57.788244,2026-04-07 11:14:58.414212,0 days 00:00:00.625968,68.2428202156643,0.8502112630371983,0.21748262668696627,Ag,COMPLETE
3492,-13.067061143982732,2026-04-07 11:14:57.923754,2026-04-07 11:14:58.563558,0 days 00:00:00.639804,68.1389784409927,0.9056413084127302,1.3252309948437095,Cu,COMPLETE
3493,-51.47058823526383,2026-04-07 11:14:57.945850,2026-04-07 11:14:58.655169,0 days 00:00:00.709319,68.07640341851463,0.8332252315789628,0.23380413285852802,Ag,COMPLETE
3494,-39.81481481479712,2026-04-07 11:14:57.987478,2026-04-07 11:14:58.609107,0 days 00:00:00.621629,68.33227242701288,0.8219477272243592,1.3561412862039386,Ag,COMPLETE
3495,-1.0,2026-04-07 11:14:58.008853,2026-04-07 11:14:58.825732,0 days 00:00:00.816879,67.96567878300273,0.5090843817732349,0.21678880358526975,Cu,COMPLETE
3496,-1.0,2026-04-07 11:14:58.063797,2026-04-07 11:14:58.732208,0 days 00:00:00.668411,69.1927394164594,0.8390692868929502,0.10108470421256718,Cu,COMPLETE
3497,-10.35911602209829,2026-04-07 11:14:58.298648,2026-04-07 11:14:58.919782,0 days 00:00:00.621134,38.48233875036971,0.5064559196871468,0.10059697668972066,Cu,COMPLETE
3498,-12.241054613934658,2026-04-07 11:14:58.423391,2026-04-07 11:14:59.048275,0 days 00:00:00.624884,74.41988015944557,0.510516908922796,0.9079839234131502,Cu,COMPLETE
3499,-1.0,2026-04-07 11:14:58.613033,2026-04-07 11:14:59.201524,0 days 00:00:00.588491,74.28639215918398,1.4617485774805004,0.13313422298410757,Au,COMPLETE
3500,-18.884892086328144,2026-04-07 11:14:58.751331,2026-04-07 11:14:59.543002,0 days 00:00:00.791671,65.86180355634887,1.7284212619113768,0.13266694948290142,Au,COMPLETE
3501,-1.0,2026-04-07 11:14:58.800555,2026-04-07 11:14:59.588863,0 days 00:00:00.788308,74.22450421662242,1.4450751550262666,0.8859058793029488,Au,COMPLETE
3502,-0.29342723004694005,2026-04-07 11:14:58.859380,2026-04-07 11:14:59.587865,0 days 00:00:00.728485,23.051420516432735,1.6778808082947978,0.13475344093907388,Au,COMPLETE
3503,-1.0,2026-04-07 11:14:58.938010,2026-04-07 11:14:59.456527,0 days 00:00:00.518517,73.65658514853607,1.4610154517934113,0.13588700387598676,Au,COMPLETE
3504,-1.0,2026-04-07 11:14:58.924399,2026-04-07 11:14:59.653111,0 days 00:00:00.728712,66.30659038741128,1.6291659480104848,0.13766900167225035,Au,COMPLETE
3505,-1.0,2026-04-07 11:14:59.079453,2026-04-07 11:14:59.717353,0 days 00:00:00.637900,23.141452704665138,1.6854281317039193,0.13827901985924226,Ag,COMPLETE
3506,-1.0,2026-04-07 11:14:59.251811,2026-04-07 11:14:59.839594,0 days 00:00:00.587783,66.09558871844173,0.5051244899054061,0.1352993707949505,Ag,COMPLETE
3507,-1.0,2026-04-07 11:14:59.404552,2026-04-07 11:15:00.252542,0 days 00:00:00.847990,65.47865077448054,1.632232842986416,0.13424040982726115,Ag,COMPLETE
3508,-1.0,2026-04-07 11:14:59.720899,2026-04-07 11:15:00.389922,0 days 00:00:00.669023,71.04575146721018,1.181979039466436,0.196364310249436,Ag,COMPLETE
3509,-1.0,2026-04-07 11:14:59.781835,2026-04-07 11:15:00.312228,0 days 00:00:00.530393,70.51895079611276,1.1910035900303462,0.18888415249906165,Ag,COMPLETE
3510,-53.03030303027077,2026-04-07 11:14:59.812402,2026-04-07 11:15:00.403511,0 days 00:00:00.591109,70.37601611805549,0.5058202939784974,0.19833059211739557,Ag,COMPLETE
3511,-1.0,2026-04-07 11:14:59.858204,2026-04-07 11:15:00.388924,0 days 00:00:00.530720,70.54390248621127,1.192678355092664,0.1933747754703224,Ag,COMPLETE
3512,-1.0,2026-04-07 11:14:59.938719,2026-04-07 11:15:00.502457,0 days 00:00:00.563738,70.46609444008814,1.2089183353421986,0.19218196656150188,Ag,COMPLETE
3513,-1.0,2026-04-07 11:15:00.062588,2026-04-07 11:15:00.666179,0 days 00:00:00.603591,70.26270311859211,13.713442890506284,0.9791462229807599,Ag,COMPLETE
3514,-1.0,2026-04-07 11:15:00.136609,2026-04-07 11:15:00.891178,0 days 00:00:00.754569,70.37304571272419,1.168132036440739,0.19099645528200526,Ag,COMPLETE
3515,-1.0,2026-04-07 11:15:00.406549,2026-04-07 11:15:01.032508,0 days 00:00:00.625959,63.960870008747634,0.9617206676183243,0.1640776372261583,Ag,COMPLETE
3516,-1.0,2026-04-07 11:15:00.473347,2026-04-07 11:15:01.036009,0 days 00:00:00.562662,64.66627873590812,4.371028416272314,0.9566670592558013,Ag,COMPLETE
3517,-45.9401709401477,2026-04-07 11:15:00.512320,2026-04-07 11:15:01.245956,0 days 00:00:00.733636,63.80421163434691,2.225045816812852,0.15893733361370216,Ag,COMPLETE
3518,-50.24509803918621,2026-04-07 11:15:00.544706,2026-04-07 11:15:01.202713,0 days 00:00:00.658007,64.04746155212419,0.8349089298622596,0.1011143836228364,Ag,COMPLETE
3519,-1.0,2026-04-07 11:15:00.560029,2026-04-07 11:15:01.123568,0 days 00:00:00.563539,103.43947921750188,4.356789259907515,0.10021196655071848,Ag,COMPLETE
3520,-1.0,2026-04-07 11:15:00.631713,2026-04-07 11:15:01.201713,0 days 00:00:00.570000,63.8149040884434,4.452771519432694,0.10112857408578226,Ag,COMPLETE
3521,-1.0,2026-04-07 11:15:00.916060,2026-04-07 11:15:01.862044,0 days 00:00:00.945984,66.11006365611661,2.183630055415611,0.16702678238039126,Ag,COMPLETE
3522,-45.94017094014722,2026-04-07 11:15:01.133139,2026-04-07 11:15:01.853544,0 days 00:00:00.720405,66.16037577355821,2.2410769276677813,0.25477510793673175,Ag,COMPLETE
3523,-1.0,2026-04-07 11:15:01.062189,2026-04-07 11:15:01.854547,0 days 00:00:00.792358,66.80533235982837,0.9447517367240847,0.10006568788335296,Ag,COMPLETE
3524,-1.0,2026-04-07 11:15:01.173895,2026-04-07 11:15:01.919408,0 days 00:00:00.745513,107.87236039383544,0.806097328553314,0.16317751846049544,Ag,COMPLETE
3525,-1.0,2026-04-07 11:15:01.390272,2026-04-07 11:15:01.979364,0 days 00:00:00.589092,59.97904299052032,0.5128477496296031,0.16066858801178097,Ag,COMPLETE
3526,-51.76767676764536,2026-04-07 11:15:01.421523,2026-04-07 11:15:01.920492,0 days 00:00:00.498969,67.45241360196374,0.5038152085613549,0.16140020395547972,Ag,COMPLETE
3527,-1.0,2026-04-07 11:15:01.450843,2026-04-07 11:15:01.977859,0 days 00:00:00.527016,55.28450628798351,0.5110367247506746,0.2508376757156795,Ag,COMPLETE
3528,-1.0,2026-04-07 11:15:01.499219,2026-04-07 11:15:02.088308,0 days 00:00:00.589089,60.88645729025434,15.86905706550756,0.10092225319917907,Ag,COMPLETE
3529,-1.0,2026-04-07 11:15:01.952462,2026-04-07 11:15:02.579064,0 days 00:00:00.626602,73.27048663934406,0.8555267257235063,0.1316279433529489,Ag,COMPLETE
3530,-40.71969696967839,2026-04-07 11:15:02.027110,2026-04-07 11:15:02.657780,0 days 00:00:00.630670,73.25602498911245,0.8233739485928114,1.1173739921463721,Ag,COMPLETE
3531,-51.76767676764536,2026-04-07 11:15:02.045798,2026-04-07 11:15:02.796737,0 days 00:00:00.750939,68.94199263162758,0.504114262926315,0.1352611316165253,Ag,COMPLETE
3532,-51.4705882352638,2026-04-07 11:15:02.108600,2026-04-07 11:15:02.684174,0 days 00:00:00.575574,73.1244473317803,0.8709473666390037,0.10064339254667075,Ag,COMPLETE
3533,-1.0,2026-04-07 11:15:02.121722,2026-04-07 11:15:02.745520,0 days 00:00:00.623798,68.6601100320238,1.1765578474075014,1.9453515559998946,Ag,COMPLETE
3534,-1.0,2026-04-07 11:15:02.159675,2026-04-07 11:15:02.810612,0 days 00:00:00.650937,72.96925088731943,0.8625232421850295,0.1359662367689532,Ag,COMPLETE
3535,-1.0,2026-04-07 11:15:02.169266,2026-04-07 11:15:02.670264,0 days 00:00:00.500998,72.9671910717069,3.139991525680789,0.12920531792546913,Ag,COMPLETE
3536,-51.76767676764536,2026-04-07 11:15:02.244456,2026-04-07 11:15:02.828067,0 days 00:00:00.583611,68.88085472090536,0.509648784761708,0.13302599531236642,Ag,COMPLETE
3537,-1.0,2026-04-07 11:15:02.685186,2026-04-07 11:15:03.588895,0 days 00:00:00.903709,69.23352444550001,19.66228277623334,0.10101302326569421,Ag,COMPLETE
3538,-1.0,2026-04-07 11:15:02.767648,2026-04-07 11:15:03.467304,0 days 00:00:00.699656,66.55045831373076,0.5007986595246791,0.2145197054580245,Ag,COMPLETE
3539,-1.0,2026-04-07 11:15:02.825548,2026-04-07 11:15:03.495033,0 days 00:00:00.669485,75.93918223722956,1.355334784290371,0.21172564559776696,Ag,COMPLETE
3540,-21.06741573033466,2026-04-07 11:15:02.825548,2026-04-07 11:15:03.505669,0 days 00:00:00.680121,66.73956255424369,16.69016085137826,0.21067474099343497,Ag,COMPLETE
3541,-48.6111111110841,2026-04-07 11:15:02.857647,2026-04-07 11:15:03.468810,0 days 00:00:00.611163,69.22833213923269,1.4261111616115898,0.2036413316230669,Ag,COMPLETE
3542,-1.0,2026-04-07 11:15:02.955127,2026-04-07 11:15:03.622934,0 days 00:00:00.667807,75.75861781663113,1.4023836209471425,0.10075653289257222,Ag,COMPLETE
3543,-50.24509803918605,2026-04-07 11:15:03.018228,2026-04-07 11:15:03.491532,0 days 00:00:00.473304,69.27628386032401,0.5005961395681013,0.21982672621824897,Ag,COMPLETE
3544,-1.0,2026-04-07 11:15:03.078111,2026-04-07 11:15:03.652134,0 days 00:00:00.574023,69.02637149521931,1.3589794142758052,0.2102285790904139,Ag,COMPLETE
3545,-1.0,2026-04-07 11:15:03.592942,2026-04-07 11:15:04.186365,0 days 00:00:00.593423,71.41129948046193,0.861586147743473,0.16215358995974746,Ag,COMPLETE
3546,-1.0,2026-04-07 11:15:03.669988,2026-04-07 11:15:04.342056,0 days 00:00:00.672068,62.59839032177022,0.8653890291007187,0.17064245242622705,Ag,COMPLETE
3547,-1.0,2026-04-07 11:15:03.687249,2026-04-07 11:15:04.246786,0 days 00:00:00.559537,62.761511152745605,0.8839852968254864,0.1576016693599623,Ag,COMPLETE
3548,-49.99999999997132,2026-04-07 11:15:03.700527,2026-04-07 11:15:04.416975,0 days 00:00:00.716448,72.01932548280769,0.8713211047276346,0.16477743854275523,Ag,COMPLETE
3549,-1.0,2026-04-07 11:15:03.734033,2026-04-07 11:15:04.375409,0 days 00:00:00.641376,71.5438062635077,0.8579498073796817,0.1630811665661342,Ag,COMPLETE
3550,-1.0,2026-04-07 11:15:03.763340,2026-04-07 11:15:04.340774,0 days 00:00:00.577434,71.38201365987925,0.8505567169953152,0.16591026260879627,Ag,COMPLETE
3551,-1.0,2026-04-07 11:15:03.806483,2026-04-07 11:15:04.486119,0 days 00:00:00.679636,62.39275343751265,0.8866219645521466,0.16520170333995166,Ag,COMPLETE
3552,-1.0,2026-04-07 11:15:03.825535,2026-04-07 11:15:04.364638,0 days 00:00:00.539103,71.57269516225655,0.8461832574019503,0.1647625740534758,Ag,COMPLETE
3553,-49.76851851849078,2026-04-07 11:15:04.301921,2026-04-07 11:15:04.904050,0 days 00:00:00.602129,65.6814390487052,1.8304920220109415,0.10053568130758678,Ag,COMPLETE
3554,-1.0,2026-04-07 11:15:04.434902,2026-04-07 11:15:05.051576,0 days 00:00:00.616674,66.82695527351598,1.7621991177854692,0.13214211045238214,Ag,COMPLETE
3555,-1.0,2026-04-07 11:15:04.497682,2026-04-07 11:15:05.123768,0 days 00:00:00.626086,66.3149619713046,1.915027827474287,0.10071592385564065,Ag,COMPLETE
3556,-1.0,2026-04-07 11:15:04.512646,2026-04-07 11:15:05.122770,0 days 00:00:00.610124,65.52123283913711,0.5063443333488971,1.1750382342517662,Ag,COMPLETE
3557,-28.023598820054055,2026-04-07 11:15:04.544890,2026-04-07 11:15:05.214322,0 days 00:00:00.669432,66.14218247792125,13.0237217254515,0.13553373615174288,Ag,COMPLETE
3558,-1.0,2026-04-07 11:15:04.575864,2026-04-07 11:15:05.164098,0 days 00:00:00.588234,66.92314559545055,10.213491709839666,0.1322498772690927,Ag,COMPLETE
3559,-1.0,2026-04-07 11:15:04.588262,2026-04-07 11:15:05.121769,0 days 00:00:00.533507,52.346828588907584,1.6998172446997497,0.13065849577737795,Ag,COMPLETE
3560,-1.0,2026-04-07 11:15:04.605541,2026-04-07 11:15:05.275565,0 days 00:00:00.670024,78.38965511326158,0.5032893044468191,0.13755331622623804,Ag,COMPLETE
3561,-31.645569620245123,2026-04-07 11:15:05.095396,2026-04-07 11:15:05.706556,0 days 00:00:00.611160,68.61324675902527,10.113822800439856,0.13209549432423295,Ag,COMPLETE
3562,-1.0,2026-04-07 11:15:05.185094,2026-04-07 11:15:05.856450,0 days 00:00:00.671356,75.0272103309711,1.1764324410516847,0.13353769874026522,Ag,COMPLETE
3563,-1.0,2026-04-07 11:15:05.234927,2026-04-07 11:15:05.859445,0 days 00:00:00.624518,74.97283316001754,1.2463820869360487,0.13315112262348164,Ag,COMPLETE
3564,-1.0,2026-04-07 11:15:05.276576,2026-04-07 11:15:05.860529,0 days 00:00:00.583953,74.48352998206512,1.3886608270795353,0.13666337457475966,Ag,COMPLETE
3565,-51.4705882352638,2026-04-07 11:15:05.327091,2026-04-07 11:15:06.088555,0 days 00:00:00.761464,69.2281257431182,1.2556843481245554,0.10057610342153189,Ag,COMPLETE
3566,-1.0,2026-04-07 11:15:05.384915,2026-04-07 11:15:05.941591,0 days 00:00:00.556676,68.94827735183749,1.174053797744205,0.1329506657268513,Ag,COMPLETE
3567,-1.0,2026-04-07 11:15:05.402272,2026-04-07 11:15:06.150754,0 days 00:00:00.748482,69.08765208922753,1.2857401495291287,0.1003612519613411,Ag,COMPLETE
3568,-34.09090909089677,2026-04-07 11:15:05.473722,2026-04-07 11:15:06.120021,0 days 00:00:00.646299,74.92095484201005,1.244648007033637,1.7909124039928428,Ag,COMPLETE
3569,0.6218905472636723,2026-04-07 11:15:05.961647,2026-04-07 11:15:06.698615,0 days 00:00:00.736968,63.97089217220027,18.21918307454147,0.19089449183977505,Ag,COMPLETE
3570,-34.09090909089875,2026-04-07 11:15:05.919593,2026-04-07 11:15:06.643127,0 days 00:00:00.723534,63.820610799892904,7.963440113947905,0.2536778557958799,Ag,COMPLETE
3571,-29.040404040398123,2026-04-07 11:15:06.012619,2026-04-07 11:15:06.761296,0 days 00:00:00.748677,70.98840163310248,11.771140825505217,0.18162083588902844,Ag,COMPLETE
3572,-50.24509803918621,2026-04-07 11:15:06.183642,2026-04-07 11:15:06.753405,0 days 00:00:00.569763,64.17730555486008,0.8510506711250614,0.10063250475049003,Ag,COMPLETE
3573,-50.24509803918621,2026-04-07 11:15:06.219807,2026-04-07 11:15:06.793103,0 days 00:00:00.573296,63.61740919832371,0.8551559437640037,0.10137177427045614,Ag,COMPLETE
3574,-1.0,2026-04-07 11:15:06.279251,2026-04-07 11:15:06.893816,0 days 00:00:00.614565,64.58146470843847,0.876609185881703,0.10073927895052878,Ag,COMPLETE
3575,-1.0,2026-04-07 11:15:06.333347,2026-04-07 11:15:06.892316,0 days 00:00:00.558969,60.52099665181952,0.507003773073581,0.24634637235292078,Ag,COMPLETE
3576,-1.0,2026-04-07 11:15:06.343024,2026-04-07 11:15:06.965589,0 days 00:00:00.622565,63.76910018415468,0.5098973364636531,0.8483453916894459,Ag,COMPLETE
3577,-1.0,2026-04-07 11:15:06.857387,2026-04-07 11:15:07.624423,0 days 00:00:00.767036,67.45626740631981,1.1009475543107232,0.10004635979877308,Au,COMPLETE
3578,-19.11027568922017,2026-04-07 11:15:06.967945,2026-04-07 11:15:07.621907,0 days 00:00:00.653962,67.69822802824959,1.1613680306704228,0.1829059757800301,Au,COMPLETE
3579,-19.11027568922017,2026-04-07 11:15:07.031303,2026-04-07 11:15:07.838613,0 days 00:00:00.807310,68.03976847261012,1.1529800919749493,0.18734840043099005,Au,COMPLETE
3580,-19.82526881720103,2026-04-07 11:15:07.041951,2026-04-07 11:15:07.707962,0 days 00:00:00.666011,67.61258098472487,0.5005943698274599,0.18368531384780018,Au,COMPLETE
3581,-1.0,2026-04-07 11:15:07.076657,2026-04-07 11:15:07.789578,0 days 00:00:00.712921,67.55788978426688,1.1199777836347398,1.5712291780856416,Au,COMPLETE
3582,-1.0,2026-04-07 11:15:07.102776,2026-04-07 11:15:07.651461,0 days 00:00:00.548685,67.60219705084823,1.220305727511502,0.10004256854051136,Au,COMPLETE
3583,-49.99999999997132,2026-04-07 11:15:07.142176,2026-04-07 11:15:07.821696,0 days 00:00:00.679520,67.77003115293448,1.2258704197034975,0.1862177478033591,Ag,COMPLETE
3584,-1.0,2026-04-07 11:15:07.167486,2026-04-07 11:15:07.685106,0 days 00:00:00.517620,67.70708135841906,15.230978823893047,0.1702708936842646,Au,COMPLETE
3585,-51.76767676764536,2026-04-07 11:15:07.703282,2026-04-07 11:15:08.455732,0 days 00:00:00.752450,71.0232021319509,0.5024290304481323,0.13463219863988465,Ag,COMPLETE
3586,-1.0,2026-04-07 11:15:07.749691,2026-04-07 11:15:08.516922,0 days 00:00:00.767231,70.98371428669661,1.7720394647498212,0.1337932177625097,Ag,COMPLETE
3587,-48.42342342339707,2026-04-07 11:15:07.855841,2026-04-07 11:15:08.518040,0 days 00:00:00.662199,70.50129749546771,1.7336393777338688,0.13349609913799326,Ag,COMPLETE
3588,-47.29729729727148,2026-04-07 11:15:07.909833,2026-04-07 11:15:08.578825,0 days 00:00:00.668992,71.07395804488884,1.7838950206959538,0.10019474432178102,Ag,COMPLETE
3589,-1.0,2026-04-07 11:15:07.950094,2026-04-07 11:15:08.548282,0 days 00:00:00.598188,71.6840837784906,0.5012075921926509,0.13806851328558956,Ag,COMPLETE
3590,-1.0,2026-04-07 11:15:07.964477,2026-04-07 11:15:08.635718,0 days 00:00:00.671241,72.83550508835687,1.7621511613039447,0.10059072762986972,Ag,COMPLETE
3591,-48.42342342339725,2026-04-07 11:15:07.979112,2026-04-07 11:15:08.721025,0 days 00:00:00.741913,70.38799094953384,1.8119309288136969,0.13348144269775666,Ag,COMPLETE
3592,-1.0,2026-04-07 11:15:08.053297,2026-04-07 11:15:08.590084,0 days 00:00:00.536787,71.50947779177504,1.7622855327778542,0.13561170869335465,Ag,COMPLETE
3593,-1.0,2026-04-07 11:15:08.632282,2026-04-07 11:15:09.284449,0 days 00:00:00.652167,65.67724087937009,0.8175293235310296,0.1634206498174235,Ag,COMPLETE
3594,-1.0,2026-04-07 11:15:08.691772,2026-04-07 11:15:09.440130,0 days 00:00:00.748358,27.31360464755177,0.8734070626056488,0.10025760203534659,Ag,COMPLETE
3595,-1.0,2026-04-07 11:15:08.733667,2026-04-07 11:15:09.378122,0 days 00:00:00.644455,26.405958609943553,0.9130811793064202,1.6883579438922687,Ag,COMPLETE
3596,-47.29729729727182,2026-04-07 11:15:08.772543,2026-04-07 11:15:09.455130,0 days 00:00:00.682587,77.96708798344841,0.8837587321383202,0.17343781907867667,Ag,COMPLETE
3597,-1.0,2026-04-07 11:15:08.813659,2026-04-07 11:15:09.438624,0 days 00:00:00.624965,26.75131746273218,0.5073829302544984,0.22282262828658284,Ag,COMPLETE
3598,-49.99999999997132,2026-04-07 11:15:08.917150,2026-04-07 11:15:09.519992,0 days 00:00:00.602842,65.45110873079497,0.8379115896454783,0.22715535828647332,Ag,COMPLETE
3599,-1.0,2026-04-07 11:15:08.986351,2026-04-07 11:15:09.518994,0 days 00:00:00.532643,65.17222277572256,0.8475032316010509,0.16137576495424089,Ag,COMPLETE
3600,-1.0,2026-04-07 11:15:09.129884,2026-04-07 11:15:09.851490,0 days 00:00:00.721606,73.62387246687601,0.8367306392701352,0.16534985301384178,Ag,COMPLETE
3601,-1.0,2026-04-07 11:15:09.417281,2026-04-07 11:15:10.131998,0 days 00:00:00.714717,42.614044650757116,2.580167835299968,0.16137802966498319,Ag,COMPLETE
3602,-1.0,2026-04-07 11:15:09.584430,2026-04-07 11:15:10.264268,0 days 00:00:00.679838,61.01653407404264,1.48253453851251,0.16134536388492077,Ag,COMPLETE
3603,-1.0,2026-04-07 11:15:09.613970,2026-04-07 11:15:10.342403,0 days 00:00:00.728433,69.75152774176023,1.294919085572451,0.10116092907869119,Cu,COMPLETE
3604,-1.0,2026-04-07 11:15:09.672345,2026-04-07 11:15:10.309962,0 days 00:00:00.637617,69.52965606493292,1.3858844280959302,0.10046208219228461,Cu,COMPLETE
3605,-1.0,2026-04-07 11:15:09.704249,2026-04-07 11:15:10.438827,0 days 00:00:00.734578,74.051837785123,2.6533264124510203,0.1631061630562307,Cu,COMPLETE
3606,-14.554794520545958,2026-04-07 11:15:09.735731,2026-04-07 11:15:10.309962,0 days 00:00:00.574231,69.50397939050744,1.388962802078428,0.10022880089883512,Cu,COMPLETE
3607,-14.455782312923217,2026-04-07 11:15:09.771360,2026-04-07 11:15:10.439842,0 days 00:00:00.668482,69.40110075030753,1.3705855738808355,0.13472166205470387,Cu,COMPLETE
3608,-14.639639639637661,2026-04-07 11:15:10.020149,2026-04-07 11:15:10.956892,0 days 00:00:00.936743,69.84437856538648,1.4278864230345016,0.10111653559030795,Cu,COMPLETE
3609,-1.1720581340834175,2026-04-07 11:15:10.345969,2026-04-07 11:15:10.991349,0 days 00:00:00.645380,21.944546565308094,0.8004705650112758,0.10008625853206969,Ag,COMPLETE
3610,-1.0,2026-04-07 11:15:10.492490,2026-04-07 11:15:11.216318,0 days 00:00:00.723828,23.68612783077175,0.5002981191487661,0.20824685273898402,Ag,COMPLETE
3611,-38.88888888887166,2026-04-07 11:15:10.547629,2026-04-07 11:15:11.127854,0 days 00:00:00.580225,82.85903292337291,0.8544774280620557,0.2107266567773605,Ag,COMPLETE
3612,-14.95726495726236,2026-04-07 11:15:10.561916,2026-04-07 11:15:11.125848,0 days 00:00:00.563932,91.24354807840437,0.8688974723672187,0.21952812031619573,Ag,COMPLETE
3613,-1.0,2026-04-07 11:15:10.577710,2026-04-07 11:15:11.081295,0 days 00:00:00.503585,35.76943208124219,0.8481807119209216,0.10084589972121945,Ag,COMPLETE
3614,-1.0,2026-04-07 11:15:10.628854,2026-04-07 11:15:11.184116,0 days 00:00:00.555262,73.19114621194201,0.8452699412431626,0.20989193449644294,Ag,COMPLETE
3615,-1.0,2026-04-07 11:15:10.671080,2026-04-07 11:15:11.392823,0 days 00:00:00.721743,44.492470414025405,0.5069035116392748,0.10000130207011566,Ag,COMPLETE
3616,-1.0,2026-04-07 11:15:11.171986,2026-04-07 11:15:12.044862,0 days 00:00:00.872876,66.28133097244537,17.40550522498938,0.15660732299262614,Ag,COMPLETE
3617,-49.99999999997132,2026-04-07 11:15:11.252081,2026-04-07 11:15:11.949239,0 days 00:00:00.697158,66.94243600117092,1.1575997709076424,0.13747416236065552,Ag,COMPLETE
3618,-1.0,2026-04-07 11:15:11.266526,2026-04-07 11:15:11.933001,0 days 00:00:00.666475,65.60141244612896,1.1448427355441864,0.25976025624424703,Ag,COMPLETE
3619,-1.0,2026-04-07 11:15:11.279606,2026-04-07 11:15:11.887338,0 days 00:00:00.607732,66.1342166738901,1.1903123858951963,0.13710268452318525,Ag,COMPLETE
3620,-1.0,2026-04-07 11:15:11.309281,2026-04-07 11:15:11.979435,0 days 00:00:00.670154,66.53984763644915,0.5024132572022995,0.14090475693159218,Ag,COMPLETE
3621,-49.99999999997132,2026-04-07 11:15:11.327668,2026-04-07 11:15:11.933996,0 days 00:00:00.606328,66.77041909045121,1.1298578380988025,0.1611723060708568,Ag,COMPLETE
3622,-1.0,2026-04-07 11:15:11.390497,2026-04-07 11:15:11.916323,0 days 00:00:00.525826,65.51622562714654,0.5130647492584008,0.13824010602387346,Ag,COMPLETE
3623,-1.0,2026-04-07 11:15:11.663613,2026-04-07 11:15:12.172831,0 days 00:00:00.509218,65.78869733570104,5.630376303218873,0.26163593393835183,Ag,COMPLETE
3624,-1.0,2026-04-07 11:15:12.014906,2026-04-07 11:15:12.762947,0 days 00:00:00.748041,72.08448003252308,1.469358526342185,1.2559315783467913,Ag,COMPLETE
3625,-1.0,2026-04-07 11:15:12.108769,2026-04-07 11:15:12.731684,0 days 00:00:00.622915,76.46171282303733,1.4370922524816923,0.1005328103037131,Ag,COMPLETE
3626,-48.6111111110841,2026-04-07 11:15:12.122172,2026-04-07 11:15:12.671550,0 days 00:00:00.549378,72.67792266479513,1.5044570828615529,0.10039556045193994,Ag,COMPLETE
3627,-1.0,2026-04-07 11:15:12.140234,2026-04-07 11:15:12.621671,0 days 00:00:00.481437,72.73513052766859,0.8790776982388078,0.19937431421911866,Ag,COMPLETE
3628,-48.423423423397416,2026-04-07 11:15:12.186324,2026-04-07 11:15:12.838427,0 days 00:00:00.652103,61.854235208042866,1.4697923844247234,0.1854218563535085,Ag,COMPLETE
3629,-47.14912280699298,2026-04-07 11:15:12.228989,2026-04-07 11:15:12.870622,0 days 00:00:00.641633,76.6139283600846,1.4773294424438543,0.1909919087910703,Ag,COMPLETE
3630,-44.871794871771925,2026-04-07 11:15:12.260579,2026-04-07 11:15:13.096289,0 days 00:00:00.835710,61.972386629967694,0.5092826034421032,0.7373276027805049,Ag,COMPLETE
3631,-47.297297297271975,2026-04-07 11:15:12.359258,2026-04-07 11:15:12.964289,0 days 00:00:00.605031,61.63457556785208,1.5046338112378546,0.19065988820060764,Ag,COMPLETE
3632,-1.0,2026-04-07 11:15:12.812895,2026-04-07 11:15:13.591972,0 days 00:00:00.779077,69.33517070005415,2.2429683177760924,0.155734054224253,Ag,COMPLETE
3633,-1.0,2026-04-07 11:15:12.918759,2026-04-07 11:15:13.590972,0 days 00:00:00.672213,69.38195666023725,2.1517145610879083,0.1337519724269351,Ag,COMPLETE
3634,-1.0,2026-04-07 11:15:12.935135,2026-04-07 11:15:13.578717,0 days 00:00:00.643582,69.20020946327577,0.5037604488770504,0.13634085864620915,Ag,COMPLETE
3635,-1.0,2026-04-07 11:15:12.968802,2026-04-07 11:15:13.591972,0 days 00:00:00.623170,68.72897202663383,9.347935342512713,0.14009080932992415,Ag,COMPLETE
3636,-1.0,2026-04-07 11:15:12.997458,2026-04-07 11:15:13.650734,0 days 00:00:00.653276,69.19985614842963,0.5048526474756401,0.13718015207738515,Ag,COMPLETE
3637,-53.03030303027095,2026-04-07 11:15:13.030225,2026-04-07 11:15:13.715166,0 days 00:00:00.684941,69.30410876486103,0.8299473891073258,0.137523162847209,Ag,COMPLETE
3638,-1.0,2026-04-07 11:15:13.228479,2026-04-07 11:15:13.984595,0 days 00:00:00.756116,69.51076650177365,2.305371980423104,0.13765404547668952,Ag,COMPLETE
3639,-1.0,2026-04-07 11:15:13.371714,2026-04-07 11:15:14.091741,0 days 00:00:00.720027,80.7630014590447,0.8356102004653752,0.13814120527817542,Ag,COMPLETE
3640,-1.0,2026-04-07 11:15:13.670519,2026-04-07 11:15:14.157649,0 days 00:00:00.487130,74.39593885206449,1.0567575885689213,0.16421590176701978,Ag,COMPLETE
3641,-1.0,2026-04-07 11:15:13.746361,2026-04-07 11:15:14.344802,0 days 00:00:00.598441,74.43251364302063,1.1332081760248407,1.0256372682972654,Ag,COMPLETE
3642,-1.0,2026-04-07 11:15:13.719155,2026-04-07 11:15:14.343246,0 days 00:00:00.624091,74.02215054279708,11.173701356395403,0.17028044291913774,Ag,COMPLETE
3643,-1.0,2026-04-07 11:15:13.777447,2026-04-07 11:15:14.507589,0 days 00:00:00.730142,73.8523515211698,13.405296028515755,0.1683715187050966,Ag,COMPLETE
3644,-1.0,2026-04-07 11:15:13.790351,2026-04-07 11:15:14.568553,0 days 00:00:00.778202,59.13101070100165,1.0977859891505797,1.030633434829181,Ag,COMPLETE
3645,-51.47058823526383,2026-04-07 11:15:13.845169,2026-04-07 11:15:14.619129,0 days 00:00:00.773960,74.3768001574333,0.506523622691927,0.18063820767875155,Ag,COMPLETE
3646,-25.873655913974297,2026-04-07 11:15:14.179972,2026-04-07 11:15:14.778579,0 days 00:00:00.598607,58.15234682838908,13.433737680415106,0.1849034195667925,Ag,COMPLETE
3647,-48.6111111110841,2026-04-07 11:15:14.284967,2026-04-07 11:15:15.017403,0 days 00:00:00.732436,59.70206074652564,0.8801147779174388,0.18779624967637082,Ag,COMPLETE
3648,-1.0,2026-04-07 11:15:14.381912,2026-04-07 11:15:15.229885,0 days 00:00:00.847973,71.74010687466895,0.897163055934557,0.23439182753297483,Ag,COMPLETE
3649,-49.99999999997149,2026-04-07 11:15:14.542787,2026-04-07 11:15:15.357569,0 days 00:00:00.814782,63.32387817059414,0.8764203742055031,0.10052456517402054,Ag,COMPLETE
3650,-53.03030303027095,2026-04-07 11:15:14.623096,2026-04-07 11:15:15.276054,0 days 00:00:00.652958,71.42052600246207,0.5027969684347071,0.1009245336262824,Ag,COMPLETE
3651,-40.816326530595646,2026-04-07 11:15:14.662594,2026-04-07 11:15:15.387728,0 days 00:00:00.725134,71.30028163038497,4.9156968274674,0.22841634750171375,Ag,COMPLETE
3652,-50.24509803918621,2026-04-07 11:15:14.715220,2026-04-07 11:15:15.361171,0 days 00:00:00.645951,71.58045755529686,0.8547711678032007,0.10073424230277318,Ag,COMPLETE
3653,-1.0,2026-04-07 11:15:14.810493,2026-04-07 11:15:15.404634,0 days 00:00:00.594141,71.0440344433731,0.5087865233936866,0.2384577401325484,Ag,COMPLETE
3654,-1.0,2026-04-07 11:15:14.937684,2026-04-07 11:15:15.620137,0 days 00:00:00.682453,71.56804090534528,0.8931199892343702,0.10010764389759655,Ag,COMPLETE
3655,-51.4705882352638,2026-04-07 11:15:15.184932,2026-04-07 11:15:15.994925,0 days 00:00:00.809993,71.38694119674098,0.8347257201485783,0.13724042010234141,Ag,COMPLETE
3656,-1.0,2026-04-07 11:15:15.489113,2026-04-07 11:15:16.221109,0 days 00:00:00.731996,67.80276365779805,6.750270505954073,0.13251019869427988,Ag,COMPLETE
3657,-1.0,2026-04-07 11:15:15.521048,2026-04-07 11:15:16.157164,0 days 00:00:00.636116,67.69278451969214,1.1968877614002547,0.13793871832614377,Ag,COMPLETE
3658,-1.0,2026-04-07 11:15:15.548277,2026-04-07 11:15:16.205986,0 days 00:00:00.657709,100.74494487108096,1.0920623660627955,0.14240877189201878,Ag,COMPLETE
3659,-1.0,2026-04-07 11:15:15.562700,2026-04-07 11:15:16.133167,0 days 00:00:00.570467,67.87633942864788,1.1830689459232857,0.13364430026016888,Ag,COMPLETE
3660,-1.0,2026-04-07 11:15:15.578794,2026-04-07 11:15:16.404506,0 days 00:00:00.825712,20.07551274082557,1.1894934530294536,0.13890558092085697,Ag,COMPLETE
3661,-51.190476190446915,2026-04-07 11:15:15.623700,2026-04-07 11:15:16.306858,0 days 00:00:00.683158,67.88264268719732,1.215811281028547,0.10040550362024246,Ag,COMPLETE
3662,-1.0,2026-04-07 11:15:15.869298,2026-04-07 11:15:16.499839,0 days 00:00:00.630541,49.258265356815855,0.5008088756652639,0.10001047335721283,Ag,COMPLETE
3663,-19.333333333330298,2026-04-07 11:15:16.176861,2026-04-07 11:15:16.791278,0 days 00:00:00.614417,64.57992295440488,0.509200756186626,0.16699363144771745,Au,COMPLETE
3664,-1.0,2026-04-07 11:15:16.266018,2026-04-07 11:15:16.950799,0 days 00:00:00.684781,64.46123215915205,1.703857083773418,1.5315835925686956,Au,COMPLETE
3665,-19.489247311824766,2026-04-07 11:15:16.348387,2026-04-07 11:15:16.970399,0 days 00:00:00.622012,64.62400479762657,0.506602156446414,0.10057425783186665,Au,COMPLETE
3666,-1.0,2026-04-07 11:15:16.364830,2026-04-07 11:15:17.112224,0 days 00:00:00.747394,78.25441573318766,1.956409804607013,0.6097655639822852,Au,COMPLETE
3667,-1.0,2026-04-07 11:15:16.427044,2026-04-07 11:15:17.390588,0 days 00:00:00.963544,29.751792843562725,1.9303114535291723,0.573511277734845,Au,COMPLETE
3668,-18.356643356640838,2026-04-07 11:15:16.458412,2026-04-07 11:15:17.074803,0 days 00:00:00.616391,64.33322116211424,1.820273212688247,0.1930143707580514,Au,COMPLETE
3669,-34.72222222221167,2026-04-07 11:15:16.688610,2026-04-07 11:15:17.245482,0 days 00:00:00.556872,64.60036020356858,8.45105455956561,0.10007185067764629,Ag,COMPLETE
3670,-1.0,2026-04-07 11:15:16.735928,2026-04-07 11:15:17.342624,0 days 00:00:00.606696,29.818219031438424,1.9309717961180461,0.5693103935222639,Ag,COMPLETE
3671,22.43589743589709,2026-04-07 11:15:16.989387,2026-04-07 11:15:17.635956,0 days 00:00:00.646569,62.746310581374296,19.257914029525733,0.5853438405897079,Ag,COMPLETE
3672,-51.4705882352638,2026-04-07 11:15:17.146534,2026-04-07 11:15:17.825647,0 days 00:00:00.679113,67.26008688029282,0.8308950567952627,0.1632020374290285,Ag,COMPLETE
3673,-1.0,2026-04-07 11:15:17.179276,2026-04-07 11:15:17.911234,0 days 00:00:00.731958,29.536884817153734,0.8498123861392983,0.1656988107416761,Ag,COMPLETE
3674,-26.10441767067961,2026-04-07 11:15:17.282938,2026-04-07 11:15:17.970198,0 days 00:00:00.687260,66.76326704125695,16.300786213014163,0.1599727112211765,Ag,COMPLETE
3675,-1.0,2026-04-07 11:15:17.375596,2026-04-07 11:15:17.965532,0 days 00:00:00.589936,67.22090405082454,0.5048409399757251,0.16645109236075029,Ag,COMPLETE
3676,-25.584795321634406,2026-04-07 11:15:17.453001,2026-04-07 11:15:18.070169,0 days 00:00:00.617168,69.84414413029008,16.105798232487277,0.17187419001483142,Ag,COMPLETE
3677,-1.0,2026-04-07 11:15:17.508573,2026-04-07 11:15:18.073540,0 days 00:00:00.564967,67.3177908310837,0.8848460795531283,0.1614027330460584,Ag,COMPLETE
3678,-28.846153846148297,2026-04-07 11:15:17.593774,2026-04-07 11:15:18.272254,0 days 00:00:00.678480,67.6799418644968,12.326050447924143,0.17079520424381794,Ag,COMPLETE
3679,-1.0,2026-04-07 11:15:17.828461,2026-04-07 11:15:18.431542,0 days 00:00:00.603081,69.7229132574637,12.651847292443591,0.2004934923746669,Ag,COMPLETE
3680,-1.0,2026-04-07 11:15:18.038529,2026-04-07 11:15:18.636249,0 days 00:00:00.597720,70.04171348151672,1.1367843888737723,0.2122533870138345,Ag,COMPLETE
3681,-1.0,2026-04-07 11:15:17.997325,2026-04-07 11:15:18.722798,0 days 00:00:00.725473,69.97352127043777,0.5043028406264438,0.2102927140675537,Ag,COMPLETE
3682,-1.0,2026-04-07 11:15:18.176546,2026-04-07 11:15:18.781512,0 days 00:00:00.604966,72.62462878771677,1.4950341526665722,0.20465843991767468,Ag,COMPLETE
3683,-7.158590308369429,2026-04-07 11:15:18.261121,2026-04-07 11:15:19.009500,0 days 00:00:00.748379,24.518900699353864,1.366954879544438,1.4174641189995891,Ag,COMPLETE
3684,-1.0,2026-04-07 11:15:18.389415,2026-04-07 11:15:19.105160,0 days 00:00:00.715745,75.99163137376019,1.424791792746296,0.13855602119846405,Ag,COMPLETE
3685,-50.24509803918605,2026-04-07 11:15:18.475288,2026-04-07 11:15:19.044390,0 days 00:00:00.569102,72.23178325480056,0.5077727495170841,0.21622851331204404,Ag,COMPLETE
3686,-22.777777777771764,2026-04-07 11:15:18.492955,2026-04-07 11:15:19.166337,0 days 00:00:00.673382,39.70548309336345,1.3506700790134372,0.13282503208430965,Ag,COMPLETE
3687,-1.0,2026-04-07 11:15:18.683937,2026-04-07 11:15:19.212217,0 days 00:00:00.528280,75.35862800513017,1.3966344595197522,1.469164263012951,Ag,COMPLETE
3688,-1.0,2026-04-07 11:15:18.817620,2026-04-07 11:15:19.274649,0 days 00:00:00.457029,40.274039112249866,1.4243701320936257,0.10003005832173612,Ag,COMPLETE
3689,-1.0,2026-04-07 11:15:18.886810,2026-04-07 11:15:19.685902,0 days 00:00:00.799092,65.03826400235855,14.110427963505456,0.10031780329190167,Ag,COMPLETE
3690,-1.0,2026-04-07 11:15:18.985023,2026-04-07 11:15:19.602967,0 days 00:00:00.617944,75.53541800452085,0.8555296601322196,0.13453058739201684,Ag,COMPLETE
3691,-1.0,2026-04-07 11:15:19.133559,2026-04-07 11:15:19.993141,0 days 00:00:00.859582,65.30189020064056,0.8675393875517877,0.13630184464847583,Ag,COMPLETE
3692,-1.0,2026-04-07 11:15:19.197914,2026-04-07 11:15:19.899530,0 days 00:00:00.701616,65.57865231734634,0.8695041741491422,0.134817668638473,Ag,COMPLETE
3693,-27.01822916666247,2026-04-07 11:15:19.291776,2026-04-07 11:15:19.955558,0 days 00:00:00.663782,66.04443543485554,13.898375857797372,0.13338285923213533,Ag,COMPLETE
3694,-1.0,2026-04-07 11:15:19.324288,2026-04-07 11:15:19.956563,0 days 00:00:00.632275,65.13309649152983,0.8574852817742488,0.13325459639008014,Ag,COMPLETE
3695,-1.0,2026-04-07 11:15:19.402655,2026-04-07 11:15:20.086225,0 days 00:00:00.683570,65.54464424006066,0.8468530375959553,0.1330006451790182,Ag,COMPLETE
3696,-48.423423423397416,2026-04-07 11:15:19.584302,2026-04-07 11:15:20.149284,0 days 00:00:00.564982,68.55988322454485,0.8490479730376597,0.47827804827602205,Ag,COMPLETE
3697,-1.0,2026-04-07 11:15:19.811696,2026-04-07 11:15:20.357845,0 days 00:00:00.546149,62.368946474907126,0.8486212546109958,0.26277660738608327,Ag,COMPLETE
3698,-49.99999999997136,2026-04-07 11:15:19.881610,2026-04-07 11:15:20.561353,0 days 00:00:00.679743,62.25827186258492,0.8625050422508869,0.2565734182657793,Ag,COMPLETE
3699,-1.0,2026-04-07 11:15:20.032892,2026-04-07 11:15:20.591434,0 days 00:00:00.558542,72.76025688794086,0.5105973830557746,0.2574265255725466,Ag,COMPLETE
3700,-1.0,2026-04-07 11:15:20.185503,2026-04-07 11:15:20.878762,0 days 00:00:00.693259,72.43639236550969,1.161911519520868,0.1007034891535844,Ag,COMPLETE
3701,-1.0,2026-04-07 11:15:20.230259,2026-04-07 11:15:21.061749,0 days 00:00:00.831490,72.97289423058203,0.5074029582897475,1.9974504462716118,Ag,COMPLETE
3702,-1.0,2026-04-07 11:15:20.249359,2026-04-07 11:15:20.935269,0 days 00:00:00.685910,73.51214602192118,1.1379397083591178,0.17929393628517604,Ag,COMPLETE
3703,-1.0,2026-04-07 11:15:20.285415,2026-04-07 11:15:21.047829,0 days 00:00:00.762414,73.36620675803553,0.5012600636726943,0.190301276249844,Ag,COMPLETE
3704,-48.6111111110841,2026-04-07 11:15:20.313378,2026-04-07 11:15:21.051813,0 days 00:00:00.738435,73.31975824833805,1.3343532444464907,0.10086083379895297,Ag,COMPLETE
3705,-1.0,2026-04-07 11:15:20.566375,2026-04-07 11:15:21.290021,0 days 00:00:00.723646,70.50432204328732,14.89901074782745,0.18818624357798258,Ag,COMPLETE
3706,-1.0,2026-04-07 11:15:20.790612,2026-04-07 11:15:21.406293,0 days 00:00:00.615681,70.29439209657308,1.1942181529634441,0.10068909205504743,Ag,COMPLETE
3707,-1.0,2026-04-07 11:15:20.875126,2026-04-07 11:15:21.740552,0 days 00:00:00.865426,69.80134321683477,1.1379943047595305,0.16326733030150076,Ag,COMPLETE
3708,-1.0,2026-04-07 11:15:21.050810,2026-04-07 11:15:21.560632,0 days 00:00:00.509822,69.63177244089862,1.6418541281004355,0.13369273745236349,Ag,COMPLETE
3709,-1.0,2026-04-07 11:15:21.151098,2026-04-07 11:15:21.879194,0 days 00:00:00.728096,69.53782335831484,1.7539120518124043,0.13680731335009477,Ag,COMPLETE
3710,-49.76851851849098,2026-04-07 11:15:21.210126,2026-04-07 11:15:22.154810,0 days 00:00:00.944684,68.13867773490068,1.7095829176252395,0.1594500330953007,Ag,COMPLETE
3711,-49.99999999997149,2026-04-07 11:15:21.294098,2026-04-07 11:15:22.086787,0 days 00:00:00.792689,68.04900838967161,1.1471097302011684,0.16184190138489518,Ag,COMPLETE
3712,-1.0,2026-04-07 11:15:21.404288,2026-04-07 11:15:22.091156,0 days 00:00:00.686868,68.72367451237456,1.6887634434155547,0.16607428848295291,Ag,COMPLETE
3713,-1.0,2026-04-07 11:15:21.493113,2026-04-07 11:15:22.203302,0 days 00:00:00.710189,68.57658136867728,1.0311367115950585,0.10035857359261098,Ag,COMPLETE
3714,-51.76767676764536,2026-04-07 11:15:21.564687,2026-04-07 11:15:22.360347,0 days 00:00:00.795660,68.20942718247315,0.507080419166482,0.13950725473162712,Ag,COMPLETE
3715,-51.76767676764536,2026-04-07 11:15:21.886858,2026-04-07 11:15:22.535942,0 days 00:00:00.649084,68.2305905274614,0.5045018745904774,0.13539593080345688,Ag,COMPLETE
3716,-53.03030303027095,2026-04-07 11:15:22.049205,2026-04-07 11:15:22.597692,0 days 00:00:00.548487,67.8148893349484,0.8422234051256484,0.13385236892148664,Ag,COMPLETE
3717,-33.496732026130665,2026-04-07 11:15:22.222349,2026-04-07 11:15:22.988840,0 days 00:00:00.766491,46.61849401566765,0.5021976355583182,0.13594547949693056,Ag,COMPLETE
3718,-48.8095238094959,2026-04-07 11:15:22.289216,2026-04-07 11:15:22.919065,0 days 00:00:00.629849,62.84070352300731,0.9012624370827673,0.1316666150416584,Ag,COMPLETE
3719,-1.0,2026-04-07 11:15:22.317885,2026-04-07 11:15:22.875110,0 days 00:00:00.557225,46.089103646202034,6.113227460717085,0.1333694474166765,Ag,COMPLETE
3720,-1.0,2026-04-07 11:15:22.346274,2026-04-07 11:15:22.989842,0 days 00:00:00.643568,80.02315817301685,0.8310896341101011,0.13863025314949423,Ag,COMPLETE
3721,-47.29729729727182,2026-04-07 11:15:22.504440,2026-04-07 11:15:23.097873,0 days 00:00:00.593433,63.25672092992654,1.1594586067258241,0.4211853347793258,Ag,COMPLETE
3722,-42.682926829247684,2026-04-07 11:15:22.600233,2026-04-07 11:15:23.182920,0 days 00:00:00.582687,79.7956346378339,1.1211415909117524,0.21806029408777916,Ag,COMPLETE
3723,-1.0,2026-04-07 11:15:22.771509,2026-04-07 11:15:23.419902,0 days 00:00:00.648393,60.582251519789345,0.5033845646850276,0.21625038420216963,Ag,COMPLETE
3724,-1.0,2026-04-07 11:15:22.826598,2026-04-07 11:15:23.519662,0 days 00:00:00.693064,60.494094235512556,1.1216557966260714,0.10037624453837045,Ag,COMPLETE
3725,-45.9401709401477,2026-04-07 11:15:23.059716,2026-04-07 11:15:23.889261,0 days 00:00:00.829545,77.21272289735664,1.4346373574459523,0.20435386477755546,Ag,COMPLETE
3726,-1.0,2026-04-07 11:15:23.106948,2026-04-07 11:15:23.791909,0 days 00:00:00.684961,71.25015549004132,1.137045090926012,0.19473664559268705,Ag,COMPLETE
3727,-36.76470588233841,2026-04-07 11:15:23.203430,2026-04-07 11:15:23.967504,0 days 00:00:00.764074,54.27854663827302,3.886363330225433,0.17751897568833958,Ag,COMPLETE
3728,-44.87179487177163,2026-04-07 11:15:23.143628,2026-04-07 11:15:23.874433,0 days 00:00:00.730805,56.53704664000155,1.4451013751624067,0.10031686304526394,Ag,COMPLETE
3729,0.0,2026-04-07 11:15:23.311525,2026-04-07 11:15:23.889261,0 days 00:00:00.577736,115.26690781464356,15.621119404562144,0.1942551657328851,Ag,COMPLETE
3730,-1.0,2026-04-07 11:15:23.423740,2026-04-07 11:15:24.108177,0 days 00:00:00.684437,71.16170306431242,2.1854409158990253,0.10007823761242148,Ag,COMPLETE
3731,-1.0,2026-04-07 11:15:23.685044,2026-04-07 11:15:24.325519,0 days 00:00:00.640475,77.44225307176602,1.5452361684487737,0.1900354075902733,Cu,COMPLETE
3732,-44.871794871771776,2026-04-07 11:15:23.742073,2026-04-07 11:15:24.384384,0 days 00:00:00.642311,76.75320850210963,1.607913035122147,0.17595726943464196,Ag,COMPLETE
3733,-19.205729166663687,2026-04-07 11:15:23.972505,2026-04-07 11:15:24.685899,0 days 00:00:00.713394,65.86550066428181,0.796750230658062,0.1634274836396411,Au,COMPLETE
3734,-18.910256410253503,2026-04-07 11:15:24.036236,2026-04-07 11:15:24.796380,0 days 00:00:00.760144,65.4092598058568,0.8930665148346512,0.16925716645126498,Au,COMPLETE
3735,-15.58524173027755,2026-04-07 11:15:24.125000,2026-04-07 11:15:24.873085,0 days 00:00:00.748085,66.57268246823902,0.5121836321528186,0.10047951175489403,Cu,COMPLETE
3736,-51.4705882352638,2026-04-07 11:15:24.183763,2026-04-07 11:15:24.796380,0 days 00:00:00.612617,66.40397264242502,0.825673838740085,0.16183137092265856,Ag,COMPLETE
3737,-1.0,2026-04-07 11:15:24.275241,2026-04-07 11:15:24.871622,0 days 00:00:00.596381,66.040768905408,0.8424201706245044,0.10015097857662869,Au,COMPLETE
3738,-1.0,2026-04-07 11:15:24.307114,2026-04-07 11:15:24.985623,0 days 00:00:00.678509,65.79835811520158,0.848530925338763,0.16588254799081403,Au,COMPLETE
3739,-1.0,2026-04-07 11:15:24.516370,2026-04-07 11:15:25.095093,0 days 00:00:00.578723,66.87727903174388,0.8517114685344153,0.1346747805518964,Au,COMPLETE
3740,-1.0,2026-04-07 11:15:24.605311,2026-04-07 11:15:25.267776,0 days 00:00:00.662465,66.27514278013085,0.5007772277634723,0.13328388399137694,Ag,COMPLETE
3741,-1.0,2026-04-07 11:15:24.903975,2026-04-07 11:15:25.530277,0 days 00:00:00.626302,71.29431735946446,1.2020292574968956,0.13243416105125022,Ag,COMPLETE
3742,-1.1720581340834175,2026-04-07 11:15:25.000087,2026-04-07 11:15:25.622015,0 days 00:00:00.621928,23.61394862979396,0.5011596725346167,0.1358555899346672,Ag,COMPLETE
3743,-49.99999999997132,2026-04-07 11:15:25.030423,2026-04-07 11:15:25.679977,0 days 00:00:00.649554,71.39759854441459,1.1457869917613102,0.1352958317912789,Ag,COMPLETE
3744,-49.99999999997149,2026-04-07 11:15:25.091435,2026-04-07 11:15:25.774030,0 days 00:00:00.682595,70.3746979974656,1.243492581322501,0.13519435861154477,Ag,COMPLETE
3745,-1.0,2026-04-07 11:15:25.124193,2026-04-07 11:15:25.774030,0 days 00:00:00.649837,71.4099364233566,1.293739583501483,0.13147022752991055,Ag,COMPLETE
3746,-1.0,2026-04-07 11:15:25.234771,2026-04-07 11:15:25.963345,0 days 00:00:00.728574,71.16710307494036,1.194303521331416,0.10009646080870174,Ag,COMPLETE
3747,-1.0,2026-04-07 11:15:25.360910,2026-04-07 11:15:25.879005,0 days 00:00:00.518095,71.18079942859113,1.1679609007204084,1.8394153564845601,Ag,COMPLETE
3748,-1.0,2026-04-07 11:15:25.459406,2026-04-07 11:15:26.279643,0 days 00:00:00.820237,75.3503823266542,0.5011550686282278,0.2392903612009029,Ag,COMPLETE
3749,-1.0,2026-04-07 11:15:25.683600,2026-04-07 11:15:26.319079,0 days 00:00:00.635479,63.33408147391851,3.2975695481013294,0.24383239210279806,Ag,COMPLETE
3750,-40.740740740722565,2026-04-07 11:15:25.847990,2026-04-07 11:15:26.721569,0 days 00:00:00.873579,74.8848404705964,2.124517134853172,0.6596122599151086,Ag,COMPLETE
3751,-1.0,2026-04-07 11:15:25.884384,2026-04-07 11:15:26.556509,0 days 00:00:00.672125,75.20463434308775,0.5035718800980379,0.23326095457804258,Ag,COMPLETE
3752,-1.0,2026-04-07 11:15:25.962126,2026-04-07 11:15:26.680611,0 days 00:00:00.718485,75.17922305331234,2.1967058545811984,0.19051063119020462,Ag,COMPLETE
3753,-1.0,2026-04-07 11:15:26.011487,2026-04-07 11:15:26.645620,0 days 00:00:00.634133,75.45728594302555,0.8134925898821436,1.770364488738813,Ag,COMPLETE
3754,-45.833333333310414,2026-04-07 11:15:26.054184,2026-04-07 11:15:26.613726,0 days 00:00:00.559542,74.67411932459179,2.1418920238866503,0.2176892709376071,Ag,COMPLETE
3755,-1.0,2026-04-07 11:15:26.169272,2026-04-07 11:15:26.684117,0 days 00:00:00.514845,112.75141351968995,1.9869558166952883,0.16529501580833517,Ag,COMPLETE
3756,-1.0,2026-04-07 11:15:26.453420,2026-04-07 11:15:27.241321,0 days 00:00:00.787901,93.94989433623431,1.831867948428299,0.10048048446350576,Ag,COMPLETE
3757,-1.0,2026-04-07 11:15:26.560857,2026-04-07 11:15:27.053099,0 days 00:00:00.492242,68.68390769418242,1.790460820824414,0.10103269647907483,Ag,COMPLETE
3758,-1.0,2026-04-07 11:15:26.756959,2026-04-07 11:15:27.503292,0 days 00:00:00.746333,68.64607891414343,1.515484099647887,0.10006447031137408,Ag,COMPLETE
3759,-1.0,2026-04-07 11:15:26.821867,2026-04-07 11:15:27.433835,0 days 00:00:00.611968,68.96167418383435,0.8540806216518921,0.10116140659059283,Ag,COMPLETE
3760,-49.76851851849095,2026-04-07 11:15:26.854770,2026-04-07 11:15:27.431327,0 days 00:00:00.576557,68.77633746601738,1.6465434555876985,0.13355847702024343,Ag,COMPLETE
3761,-1.0,2026-04-07 11:15:26.865387,2026-04-07 11:15:27.657054,0 days 00:00:00.791667,68.55667653513909,1.6232462406483035,0.1355727231075798,Ag,COMPLETE
3762,-1.0,2026-04-07 11:15:26.911861,2026-04-07 11:15:27.626570,0 days 00:00:00.714709,68.89791639887116,1.6542945942866205,0.1013558929000978,Ag,COMPLETE
3763,-47.297297297271975,2026-04-07 11:15:26.927893,2026-04-07 11:15:27.548448,0 days 00:00:00.620555,63.802092038184576,1.5517388250826,0.1643506956026933,Ag,COMPLETE
3764,-49.99999999997149,2026-04-07 11:15:27.245691,2026-04-07 11:15:27.840426,0 days 00:00:00.594735,63.66622226508481,0.8881786224009526,0.1001922716460208,Ag,COMPLETE
3765,11.881510416666481,2026-04-07 11:15:27.340063,2026-04-07 11:15:27.845668,0 days 00:00:00.505605,88.26632519238312,17.656662160941707,0.16408312275195155,Ag,COMPLETE
3766,-49.99999999997132,2026-04-07 11:15:27.551992,2026-04-07 11:15:28.271716,0 days 00:00:00.719724,72.81848214463596,0.8726921227335694,0.16612903838883297,Ag,COMPLETE
3767,-49.99999999997132,2026-04-07 11:15:27.627582,2026-04-07 11:15:28.504670,0 days 00:00:00.877088,72.97987203328864,0.8628824803197648,0.1927217862452723,Ag,COMPLETE
3768,-0.8802816901408202,2026-04-07 11:15:27.879452,2026-04-07 11:15:28.460459,0 days 00:00:00.581007,21.60181056217654,0.8783645713474648,1.2973214752598656,Ag,COMPLETE
3769,-1.0,2026-04-07 11:15:27.897997,2026-04-07 11:15:28.435212,0 days 00:00:00.537215,72.50949544318632,0.8320708275240052,0.7784666834457399,Ag,COMPLETE
3770,-49.99999999997152,2026-04-07 11:15:27.931609,2026-04-07 11:15:28.587439,0 days 00:00:00.655830,71.97538492317702,0.8934556013299928,0.19101562655363763,Ag,COMPLETE
3771,-40.740740740722565,2026-04-07 11:15:27.975044,2026-04-07 11:15:28.664933,0 days 00:00:00.689889,72.92536924856687,0.8805722505287747,1.2873674223220242,Ag,COMPLETE
3772,-44.871794871771776,2026-04-07 11:15:28.035156,2026-04-07 11:15:28.725098,0 days 00:00:00.689942,72.91183547441258,0.5053426224506359,0.7719177858622399,Ag,COMPLETE
3773,-1.0,2026-04-07 11:15:28.098302,2026-04-07 11:15:28.667219,0 days 00:00:00.568917,72.6889663187608,0.8204043902029925,0.10049084238670061,Ag,COMPLETE
3774,-0.8434547908231982,2026-04-07 11:15:28.463467,2026-04-07 11:15:29.223111,0 days 00:00:00.759644,66.81366302432022,17.09014031808377,0.135278027494385,Cu,COMPLETE
3775,-0.8400537634408467,2026-04-07 11:15:28.617035,2026-04-07 11:15:29.331050,0 days 00:00:00.714015,67.13795430192697,16.73597546115415,0.10010614602407841,Cu,COMPLETE
3776,-15.664160401000142,2026-04-07 11:15:28.693858,2026-04-07 11:15:29.345486,0 days 00:00:00.651628,67.22548493322955,0.5084388968770807,0.13149876599835583,Cu,COMPLETE
3777,-1.0,2026-04-07 11:15:28.773948,2026-04-07 11:15:29.329993,0 days 00:00:00.556045,66.9990809929452,1.229479855237519,0.13439856726236998,Ag,COMPLETE
3778,-29.461279461273513,2026-04-07 11:15:28.789736,2026-04-07 11:15:29.531139,0 days 00:00:00.741403,66.95810942283343,11.981388403931529,0.1622667473173245,Ag,COMPLETE
3779,-15.070921985813495,2026-04-07 11:15:28.839943,2026-04-07 11:15:29.517049,0 days 00:00:00.677106,67.53414689607747,1.1979467082199542,0.1324696054773252,Cu,COMPLETE
3780,-51.76767676764536,2026-04-07 11:15:28.924124,2026-04-07 11:15:29.468812,0 days 00:00:00.544688,67.19536259715089,0.504834697105316,0.1344289854489025,Ag,COMPLETE
3781,-1.0,2026-04-07 11:15:28.999049,2026-04-07 11:15:29.617119,0 days 00:00:00.618070,67.00300301363883,0.5044861302913943,0.16286805931251971,Ag,COMPLETE
3782,-1.0,2026-04-07 11:15:29.449228,2026-04-07 11:15:30.185606,0 days 00:00:00.736378,61.51164886579036,1.2042503408251277,0.1943266843328767,Ag,COMPLETE
3783,-1.0,2026-04-07 11:15:29.494709,2026-04-07 11:15:30.183597,0 days 00:00:00.688888,70.01180830623207,1.1412307280025522,0.18919561599206933,Ag,COMPLETE
3784,-1.0,2026-04-07 11:15:29.375950,2026-04-07 11:15:30.149368,0 days 00:00:00.773418,37.04266894062198,1.148637007404467,0.1003111046291118,Ag,COMPLETE
3785,-1.0,2026-04-07 11:15:29.582183,2026-04-07 11:15:30.297888,0 days 00:00:00.715705,70.26024232552878,0.5086475663693233,0.1987917964892407,Ag,COMPLETE
3786,-47.00854700852283,2026-04-07 11:15:29.677058,2026-04-07 11:15:30.243653,0 days 00:00:00.566595,70.36565179079851,2.775536525169296,0.10023104419008276,Ag,COMPLETE
3787,-19.194756554302817,2026-04-07 11:15:29.744712,2026-04-07 11:15:30.297888,0 days 00:00:00.553176,36.94609763062268,1.182733908548657,0.20881945426430165,Ag,COMPLETE
3788,-1.0,2026-04-07 11:15:29.783979,2026-04-07 11:15:30.423806,0 days 00:00:00.639827,61.602585297948565,1.2076586866536982,0.1926801803327974,Ag,COMPLETE
3789,-1.0,2026-04-07 11:15:29.819006,2026-04-07 11:15:30.408143,0 days 00:00:00.589137,85.51073086818846,1.1713629485520058,0.20706384040284037,Ag,COMPLETE
3790,0.9328358208955085,2026-04-07 11:15:30.353389,2026-04-07 11:15:31.093010,0 days 00:00:00.739621,63.17853551181999,18.476225515916514,0.10069754567461146,Ag,COMPLETE
3791,-1.0,2026-04-07 11:15:30.381095,2026-04-07 11:15:31.025073,0 days 00:00:00.643978,64.9204452683033,0.8157444632956582,0.1590244721674928,Ag,COMPLETE
3792,-1.0,2026-04-07 11:15:30.332477,2026-04-07 11:15:31.035586,0 days 00:00:00.703109,64.57661713412793,0.8377181377843856,0.15976590172177194,Ag,COMPLETE
3793,-1.0,2026-04-07 11:15:30.447706,2026-04-07 11:15:31.342179,0 days 00:00:00.894473,64.10087706481391,0.852793946482659,0.1581105609787261,Ag,COMPLETE
3794,-51.4705882352638,2026-04-07 11:15:30.506555,2026-04-07 11:15:31.110334,0 days 00:00:00.603779,70.14333318684295,0.8268208452380965,0.16024650911866956,Ag,COMPLETE
3795,-1.0,2026-04-07 11:15:30.567256,2026-04-07 11:15:31.294870,0 days 00:00:00.727614,63.61069895776129,1.4676001332853197,0.16452089496261146,Ag,COMPLETE
3796,-47.149122806992466,2026-04-07 11:15:30.661085,2026-04-07 11:15:31.373543,0 days 00:00:00.712458,64.2208142792089,0.5080256500609563,0.8373895483029625,Ag,COMPLETE
3797,-50.245098039186,2026-04-07 11:15:30.718658,2026-04-07 11:15:31.219666,0 days 00:00:00.501008,64.10798890989524,0.5087963006373595,0.15954382259331198,Ag,COMPLETE
3798,-49.76851851849095,2026-04-07 11:15:31.158718,2026-04-07 11:15:31.784611,0 days 00:00:00.625893,70.12797932207053,1.5937734700134032,0.13848843143601652,Ag,COMPLETE
3799,-0.5868544600938801,2026-04-07 11:15:31.188794,2026-04-07 11:15:31.853191,0 days 00:00:00.664397,24.59267310931795,1.3938799131712685,0.2583071292631684,Au,COMPLETE
3800,-1.0,2026-04-07 11:15:31.238691,2026-04-07 11:15:31.853191,0 days 00:00:00.614500,69.82015622127882,7.146842083622223,0.2657682717851013,Au,COMPLETE
3801,-19.64769647696156,2026-04-07 11:15:31.423514,2026-04-07 11:15:32.161108,0 days 00:00:00.737594,69.97862804643499,0.5086854278870045,0.1302545533823124,Au,COMPLETE
3802,-1.0,2026-04-07 11:15:31.484793,2026-04-07 11:15:32.048366,0 days 00:00:00.563573,70.03313751629439,1.4233763559508426,0.23990551434987195,Au,COMPLETE
3803,-1.0,2026-04-07 11:15:31.515008,2026-04-07 11:15:32.380942,0 days 00:00:00.865934,70.0891358610827,1.5183421387267186,0.1007469787726046,Au,COMPLETE
3804,-19.808743169395733,2026-04-07 11:15:31.603774,2026-04-07 11:15:32.382024,0 days 00:00:00.778250,70.22940898427088,0.5004432619187864,0.10051856317470587,Au,COMPLETE
3805,-19.986449864495455,2026-04-07 11:15:31.625123,2026-04-07 11:15:32.283358,0 days 00:00:00.658235,69.75054486367188,0.5017981239318446,0.13303820938583055,Au,COMPLETE
3806,-50.24509803918621,2026-04-07 11:15:31.980485,2026-04-07 11:15:32.505124,0 days 00:00:00.524639,69.44494643683109,0.8493802933117856,0.10006061688672105,Ag,COMPLETE
3807,-51.4705882352638,2026-04-07 11:15:32.045798,2026-04-07 11:15:32.780697,0 days 00:00:00.734899,68.77813265274374,0.8524265098544053,0.13893443764392707,Ag,COMPLETE
3808,-1.0,2026-04-07 11:15:32.070888,2026-04-07 11:15:32.692652,0 days 00:00:00.621764,68.28185404860423,1.1068740092542222,0.1355920421249591,Ag,COMPLETE
3809,-1.0,2026-04-07 11:15:32.302798,2026-04-07 11:15:33.054144,0 days 00:00:00.751346,73.60137599663085,1.064150159455487,0.13368369023253387,Ag,COMPLETE
3810,-1.0,2026-04-07 11:15:32.379434,2026-04-07 11:15:33.044512,0 days 00:00:00.665078,59.60607984221343,1.1153832717180339,1.911571693145024,Ag,COMPLETE
3811,-1.0,2026-04-07 11:15:32.493229,2026-04-07 11:15:33.100985,0 days 00:00:00.607756,78.4295465398079,1.112053070403022,0.10045033585190555,Ag,COMPLETE
3812,-1.0,2026-04-07 11:15:32.576874,2026-04-07 11:15:33.370765,0 days 00:00:00.793891,72.9553017882427,1.0700917512967956,0.13936380433928638,Ag,COMPLETE
3813,-36.05769230767838,2026-04-07 11:15:32.663747,2026-04-07 11:15:33.290281,0 days 00:00:00.626534,73.4162379525997,1.1047151476304926,1.6537070184363079,Ag,COMPLETE
3814,-1.0,2026-04-07 11:15:32.712265,2026-04-07 11:15:33.302706,0 days 00:00:00.590441,73.58970273941931,1.132918915723578,1.0716338122389044,Ag,COMPLETE
3815,-48.8095238094959,2026-04-07 11:15:32.846354,2026-04-07 11:15:33.513190,0 days 00:00:00.666836,59.6263898102388,0.5069970895752091,0.13337982323544945,Ag,COMPLETE
3816,-1.0,2026-04-07 11:15:32.950678,2026-04-07 11:15:33.516210,0 days 00:00:00.565532,118.454385790472,0.5045618465164424,0.1333475803259539,Ag,COMPLETE
3817,-1.0,2026-04-07 11:15:33.172170,2026-04-07 11:15:33.859840,0 days 00:00:00.687670,65.27294871343092,0.8335779161480525,0.1675080315099965,Ag,COMPLETE
3818,-1.0,2026-04-07 11:15:33.227170,2026-04-07 11:15:33.771374,0 days 00:00:00.544204,65.31434048056238,18.007512110998995,0.1663583030651069,Ag,COMPLETE
3819,-42.65873015870962,2026-04-07 11:15:33.320948,2026-04-07 11:15:33.967846,0 days 00:00:00.646898,65.69699005551674,0.5136093686471892,1.1500893539326795,Ag,COMPLETE
3820,-40.760869565199854,2026-04-07 11:15:33.418688,2026-04-07 11:15:34.032412,0 days 00:00:00.613724,65.35186685038195,1.9142092965729702,1.1380008837980964,Ag,COMPLETE
3821,-47.14912280699262,2026-04-07 11:15:33.444003,2026-04-07 11:15:34.128146,0 days 00:00:00.684143,65.62844488992177,1.8915760640709456,0.18947008082547753,Ag,COMPLETE
3822,-1.0,2026-04-07 11:15:33.585701,2026-04-07 11:15:34.155953,0 days 00:00:00.570252,65.36974029082909,1.900681408803948,0.18899987293993023,Ag,COMPLETE
3823,-48.42342342339705,2026-04-07 11:15:33.727162,2026-04-07 11:15:34.383457,0 days 00:00:00.656295,67.52180491805801,1.9131960052350396,0.20362494026565484,Ag,COMPLETE
3824,-1.0,2026-04-07 11:15:33.799872,2026-04-07 11:15:34.425444,0 days 00:00:00.625572,26.537418694804398,14.338270846528387,0.22459932289127527,Ag,COMPLETE
3825,-1.0,2026-04-07 11:15:33.972956,2026-04-07 11:15:34.756650,0 days 00:00:00.783694,71.52990534604555,14.30151754140715,0.23121687223672188,Ag,COMPLETE
3826,-49.76851851849095,2026-04-07 11:15:34.077089,2026-04-07 11:15:34.789976,0 days 00:00:00.712887,67.45533286223235,1.4257022103678907,0.22014325879360758,Ag,COMPLETE
3827,-47.29729729727182,2026-04-07 11:15:34.161554,2026-04-07 11:15:34.866897,0 days 00:00:00.705343,67.8135751806926,1.5738763935723623,0.22071197102409784,Ag,COMPLETE
3828,-48.61111111108375,2026-04-07 11:15:34.261817,2026-04-07 11:15:34.986593,0 days 00:00:00.724776,71.7711713418608,1.4159307859834853,0.10023495947869611,Ag,COMPLETE
3829,-1.0,2026-04-07 11:15:34.305699,2026-04-07 11:15:35.033655,0 days 00:00:00.727956,62.05081685015311,9.77735224654539,0.13192690081907865,Ag,COMPLETE
3830,-0.8928571428571173,2026-04-07 11:15:34.348092,2026-04-07 11:15:35.035794,0 days 00:00:00.687702,22.258213028393357,15.345563255836488,0.13524182898105747,Ag,COMPLETE
3831,-48.42342342339707,2026-04-07 11:15:34.595286,2026-04-07 11:15:35.222467,0 days 00:00:00.627181,62.01760910241841,1.4493141128863916,0.13541717628020353,Ag,COMPLETE
3832,-1.0,2026-04-07 11:15:34.647189,2026-04-07 11:15:35.254212,0 days 00:00:00.607023,71.40248027359615,1.37438181410233,0.13355785121521777,Ag,COMPLETE
3833,-51.47058823526383,2026-04-07 11:15:35.005210,2026-04-07 11:15:35.653392,0 days 00:00:00.648182,71.76685274740507,0.9087163505514356,0.1543988409500218,Ag,COMPLETE
3834,-51.4705882352638,2026-04-07 11:15:35.064589,2026-04-07 11:15:35.874395,0 days 00:00:00.809806,71.68134889595544,0.8233588059506058,0.16428639855677382,Ag,COMPLETE
3835,-1.0,2026-04-07 11:15:35.110971,2026-04-07 11:15:35.685794,0 days 00:00:00.574823,71.95984555449522,0.8384237021799567,0.16460841416642613,Ag,COMPLETE
3836,-1.0,2026-04-07 11:15:35.181024,2026-04-07 11:15:35.829038,0 days 00:00:00.648014,68.26073173326057,9.053641142940837,0.10019183157981201,Ag,COMPLETE
3837,-53.03030303027095,2026-04-07 11:15:35.225976,2026-04-07 11:15:36.049774,0 days 00:00:00.823798,68.55350479835215,0.8935870387955295,0.10083484749584809,Ag,COMPLETE
3838,-38.19444444442853,2026-04-07 11:15:35.298078,2026-04-07 11:15:35.951426,0 days 00:00:00.653348,77.43494244367322,0.8346060478388492,1.2191335833738688,Ag,COMPLETE
3839,-1.0,2026-04-07 11:15:35.401426,2026-04-07 11:15:36.156543,0 days 00:00:00.755117,68.21059559487843,0.8950695766654008,0.16699833234289718,Ag,COMPLETE
3840,-1.4486754966887225,2026-04-07 11:15:35.472186,2026-04-07 11:15:36.113250,0 days 00:00:00.641064,109.1054357587665,0.7848519307665263,0.17271387091771395,Ag,COMPLETE
3841,-40.83333333331682,2026-04-07 11:15:35.878436,2026-04-07 11:15:36.482353,0 days 00:00:00.603917,68.59384682471719,5.412314730043901,0.17320914402192922,Ag,COMPLETE
3842,-48.6111111110841,2026-04-07 11:15:35.926742,2026-04-07 11:15:36.779651,0 days 00:00:00.852909,76.2096318719935,0.8609462671157537,0.17189401409037303,Ag,COMPLETE
3843,-1.0,2026-04-07 11:15:36.064520,2026-04-07 11:15:36.772550,0 days 00:00:00.708030,66.81514106926475,1.1594782782219353,0.13316839844222417,Ag,COMPLETE
3844,-1.0,2026-04-07 11:15:36.114252,2026-04-07 11:15:36.772043,0 days 00:00:00.657791,76.0132381291682,1.1486521288984424,0.18766739343518934,Ag,COMPLETE
3845,-38.46153846152346,2026-04-07 11:15:36.188158,2026-04-07 11:15:36.774842,0 days 00:00:00.586684,75.74619370725405,5.303886781194826,0.12965017986888783,Ag,COMPLETE
3846,-50.245098039186,2026-04-07 11:15:36.235792,2026-04-07 11:15:36.956574,0 days 00:00:00.720782,75.07512527407786,0.5018019543872793,0.13606510152087112,Ag,COMPLETE
3847,-1.0,2026-04-07 11:15:36.282065,2026-04-07 11:15:36.873689,0 days 00:00:00.591624,33.61440236140517,1.1516912152814944,0.13836872479705997,Ag,COMPLETE
3848,-1.0,2026-04-07 11:15:36.343484,2026-04-07 11:15:36.982617,0 days 00:00:00.639133,75.15132242710794,10.579244017436904,0.13473640957305102,Ag,COMPLETE
3849,-53.03030303027095,2026-04-07 11:15:36.699198,2026-04-07 11:15:37.610681,0 days 00:00:00.911483,69.95663748961186,0.8314058691727011,0.13697490032774556,Ag,COMPLETE
3850,-1.0,2026-04-07 11:15:36.847570,2026-04-07 11:15:37.487727,0 days 00:00:00.640157,57.52732869011771,0.5015768123003614,0.13289983106331074,Ag,COMPLETE
3851,-1.0,2026-04-07 11:15:36.907938,2026-04-07 11:15:37.625139,0 days 00:00:00.717201,69.8845218360459,1.4586683494869783,0.10090293172137405,Ag,COMPLETE
3852,-50.24509803918621,2026-04-07 11:15:36.942538,2026-04-07 11:15:37.720436,0 days 00:00:00.777898,62.986458003143895,0.8130983765115855,0.1319944423995238,Ag,COMPLETE
3853,-1.0,2026-04-07 11:15:36.958283,2026-04-07 11:15:37.587512,0 days 00:00:00.629229,63.03360840107977,1.4732069817326456,0.5244866004872407,Ag,COMPLETE
3854,-1.0,2026-04-07 11:15:36.983695,2026-04-07 11:15:37.739780,0 days 00:00:00.756085,63.080590092984764,8.230816376705166,1.3890248591427183,Ag,COMPLETE
3855,-1.0,2026-04-07 11:15:37.175505,2026-04-07 11:15:37.812732,0 days 00:00:00.637227,63.06635459407356,0.8237203812204975,1.3659960141610512,Ag,COMPLETE
3856,-1.0,2026-04-07 11:15:37.238001,2026-04-07 11:15:37.883913,0 days 00:00:00.645912,62.916352562876085,0.5095556845476644,0.19533777363774407,Ag,COMPLETE
3857,-1.0,2026-04-07 11:15:37.659166,2026-04-07 11:15:38.469773,0 days 00:00:00.810607,66.39009893955986,0.5168869875672962,0.19314318276558545,Ag,COMPLETE
3858,-1.0,2026-04-07 11:15:37.770195,2026-04-07 11:15:38.515522,0 days 00:00:00.745327,66.74950637025646,1.1562420028801017,0.16783623282397014,Cu,COMPLETE
3859,20.754716981131764,2026-04-07 11:15:37.743548,2026-04-07 11:15:38.532591,0 days 00:00:00.789043,66.94613880616394,13.057057029142914,0.10107689098242086,Cu,COMPLETE
3860,-1.0,2026-04-07 11:15:37.839702,2026-04-07 11:15:38.533591,0 days 00:00:00.693889,66.52897594117876,0.5014507089456115,0.18606101486467383,Cu,COMPLETE
3861,-1.0,2026-04-07 11:15:37.909491,2026-04-07 11:15:38.469773,0 days 00:00:00.560282,67.00466589641854,1.2036602659441202,0.10134922462772358,Cu,COMPLETE
3862,0.0,2026-04-07 11:15:37.925447,2026-04-07 11:15:38.578344,0 days 00:00:00.652897,66.46604893574012,12.85206833566441,0.10021511130112234,Cu,COMPLETE
3863,-15.287769784170477,2026-04-07 11:15:38.035469,2026-04-07 11:15:38.531921,0 days 00:00:00.496452,66.65441954119578,1.1725353871180786,0.168043830456178,Cu,COMPLETE
3864,-5.868544600938624,2026-04-07 11:15:38.093167,2026-04-07 11:15:38.674316,0 days 00:00:00.581149,66.61410393696487,11.544338835107547,0.19251367858975663,Cu,COMPLETE
3865,-1.0,2026-04-07 11:15:38.643148,2026-04-07 11:15:39.389492,0 days 00:00:00.746344,73.21700707450911,18.974661286828464,0.13252721087455555,Ag,COMPLETE
3866,-9.578544061301574,2026-04-07 11:15:38.694279,2026-04-07 11:15:39.357048,0 days 00:00:00.662769,27.692996858627737,1.6821210527721178,0.13404884490888835,Ag,COMPLETE
3867,-1.0,2026-04-07 11:15:38.704848,2026-04-07 11:15:39.325036,0 days 00:00:00.620188,73.46007108628979,1.7252654552387132,0.13294744559641875,Ag,COMPLETE
3868,-1.0,2026-04-07 11:15:38.720512,2026-04-07 11:15:39.278718,0 days 00:00:00.558206,73.55978789728361,2.4366426440163047,0.2312412365214019,Ag,COMPLETE
3869,-1.0,2026-04-07 11:15:38.735226,2026-04-07 11:15:39.328621,0 days 00:00:00.593395,73.68085138201462,0.506460007810953,0.13589446809457112,Ag,COMPLETE
3870,-51.76767676764536,2026-04-07 11:15:38.784229,2026-04-07 11:15:39.356015,0 days 00:00:00.571786,71.40771601845786,0.5064118693765269,0.1335393490528152,Ag,COMPLETE
3871,-1.0,2026-04-07 11:15:38.797991,2026-04-07 11:15:39.436663,0 days 00:00:00.638672,71.65858783914271,1.5639739698216408,0.1334843145568391,Ag,COMPLETE
3872,-1.0,2026-04-07 11:15:38.829735,2026-04-07 11:15:39.496116,0 days 00:00:00.666381,73.70595875603335,2.3321688863425125,0.22864442076784616,Ag,COMPLETE
3873,-1.0,2026-04-07 11:15:39.356015,2026-04-07 11:15:39.946179,0 days 00:00:00.590164,71.2883741352867,0.5054838725233491,0.13271491392763404,Ag,COMPLETE
3874,-1.0,2026-04-07 11:15:39.580043,2026-04-07 11:15:40.276544,0 days 00:00:00.696501,97.54873841379053,0.8445645080776021,0.2689896154662514,Ag,COMPLETE
3875,-49.999999999971564,2026-04-07 11:15:39.596308,2026-04-07 11:15:40.235298,0 days 00:00:00.638990,69.75261553139856,0.8733679981920455,0.2715747197705811,Ag,COMPLETE
3876,-1.0,2026-04-07 11:15:39.609981,2026-04-07 11:15:40.316879,0 days 00:00:00.706898,97.51163773875587,0.8220935910402111,0.1633982747050713,Ag,COMPLETE
3877,-53.03030303027095,2026-04-07 11:15:39.660139,2026-04-07 11:15:40.319453,0 days 00:00:00.659314,69.48024083154765,0.878438389380916,0.10060986739173242,Ag,COMPLETE
3878,-50.24509803918621,2026-04-07 11:15:39.704675,2026-04-07 11:15:40.376628,0 days 00:00:00.671953,69.63843469597042,0.8496032696066955,0.10141070530824794,Ag,COMPLETE
3879,-1.0,2026-04-07 11:15:39.732792,2026-04-07 11:15:40.392523,0 days 00:00:00.659731,69.39235321226376,0.9005328639291564,0.10170631522438615,Ag,COMPLETE
3880,-7.761437908495972,2026-04-07 11:15:39.750547,2026-04-07 11:15:40.375621,0 days 00:00:00.625074,25.128352431393747,0.8960877898408013,0.16669044522582235,Ag,COMPLETE
3881,-1.0,2026-04-07 11:15:40.161223,2026-04-07 11:15:40.859576,0 days 00:00:00.698353,68.9898815202664,0.5004180798399226,0.16220321100809146,Ag,COMPLETE
3882,-1.0,2026-04-07 11:15:40.426609,2026-04-07 11:15:41.134700,0 days 00:00:00.708091,64.76252324803573,1.3896563432768538,0.19733634069686984,Ag,COMPLETE
3883,-47.297297297271456,2026-04-07 11:15:40.481484,2026-04-07 11:15:41.194416,0 days 00:00:00.712932,60.4159492805504,1.3629382226077982,0.10055561245077393,Ag,COMPLETE
3884,-1.0,2026-04-07 11:15:40.506039,2026-04-07 11:15:41.153024,0 days 00:00:00.646985,52.443309095226596,0.5006863416475381,0.1008724332224736,Ag,COMPLETE
3885,-1.0,2026-04-07 11:15:40.521062,2026-04-07 11:15:41.181139,0 days 00:00:00.660077,64.65663012349276,0.504825388706849,0.10056460481437772,Ag,COMPLETE
3886,-36.20218579233785,2026-04-07 11:15:40.565785,2026-04-07 11:15:41.195433,0 days 00:00:00.629648,64.46295737876312,7.524843729219264,0.19410302641688443,Ag,COMPLETE
3887,-49.76851851849078,2026-04-07 11:15:40.616718,2026-04-07 11:15:41.132087,0 days 00:00:00.515369,64.69873370646486,1.3779352921073005,0.19466152873865353,Ag,COMPLETE
3888,-1.0,2026-04-07 11:15:40.702080,2026-04-07 11:15:41.287534,0 days 00:00:00.585454,64.70266380687586,1.3999862761149773,0.9372828055754194,Ag,COMPLETE
3889,-1.1134552273792508,2026-04-07 11:15:41.063087,2026-04-07 11:15:41.757173,0 days 00:00:00.694086,20.11197857321828,1.376364832186289,0.10138582715454314,Ag,COMPLETE
3890,-1.0,2026-04-07 11:15:41.261605,2026-04-07 11:15:41.944104,0 days 00:00:00.682499,71.10521712544954,19.512826462764075,0.1663742630682089,Ag,COMPLETE
3891,-1.0,2026-04-07 11:15:41.327879,2026-04-07 11:15:41.941848,0 days 00:00:00.613969,68.15854643416601,1.224645408504402,0.16250938351198277,Au,COMPLETE
3892,-1.0,2026-04-07 11:15:41.336176,2026-04-07 11:15:42.024055,0 days 00:00:00.687879,68.02354470368117,1.2297905658653345,0.15285385315195843,Au,COMPLETE
3893,-19.11027568922017,2026-04-07 11:15:41.352333,2026-04-07 11:15:42.131243,0 days 00:00:00.778910,68.29584311444728,1.2196249567313013,0.1631373569979087,Au,COMPLETE
3894,-19.255050505047564,2026-04-07 11:15:41.367544,2026-04-07 11:15:42.070654,0 days 00:00:00.703110,68.23202064137259,1.1438633673055256,0.1700994567715193,Au,COMPLETE
3895,-1.0,2026-04-07 11:15:41.383004,2026-04-07 11:15:42.100861,0 days 00:00:00.717857,42.905489457712605,1.1234355034653662,0.16532805371526216,Ag,COMPLETE
3896,-19.402035623406764,2026-04-07 11:15:41.425767,2026-04-07 11:15:42.018877,0 days 00:00:00.593110,68.19905890210924,1.096210600735299,0.16618838896841095,Au,COMPLETE
3897,-50.24509803918605,2026-04-07 11:15:41.975766,2026-04-07 11:15:42.670585,0 days 00:00:00.694819,71.28604229685614,0.5011128039367981,0.23156152672748326,Ag,COMPLETE
3898,-1.0,2026-04-07 11:15:42.073686,2026-04-07 11:15:42.672640,0 days 00:00:00.598954,71.13732603788856,16.567503125177772,0.21786149464838517,Ag,COMPLETE
3899,-1.0,2026-04-07 11:15:42.148247,2026-04-07 11:15:42.832092,0 days 00:00:00.683845,31.408705545512213,15.00401374067964,0.2345497587787102,Ag,COMPLETE
3900,-1.0,2026-04-07 11:15:42.182146,2026-04-07 11:15:42.785230,0 days 00:00:00.603084,71.08679597392403,0.5045741695122867,0.13413768473123897,Ag,COMPLETE
3901,-1.0,2026-04-07 11:15:42.226530,2026-04-07 11:15:42.833100,0 days 00:00:00.606570,71.4844382583266,2.132010250350669,0.10030864498752101,Ag,COMPLETE
3902,-1.0,2026-04-07 11:15:42.274050,2026-04-07 11:15:42.928125,0 days 00:00:00.654075,31.55984981026717,1.8922883303149831,0.22920474307763017,Ag,COMPLETE
3903,-25.735294117644106,2026-04-07 11:15:42.367223,2026-04-07 11:15:43.087336,0 days 00:00:00.720113,70.14315228976785,15.865977559912725,0.2135680393104523,Ag,COMPLETE
3904,-1.0,2026-04-07 11:15:42.474361,2026-04-07 11:15:43.023831,0 days 00:00:00.549470,71.24717106808231,1.9947522136458964,0.22773251359730554,Ag,COMPLETE
3905,-1.0,2026-04-07 11:15:42.758198,2026-04-07 11:15:43.304054,0 days 00:00:00.545856,69.56034939463723,1.7891218032895448,0.1355621731329965,Ag,COMPLETE
3906,-1.0,2026-04-07 11:15:42.961635,2026-04-07 11:15:43.674110,0 days 00:00:00.712475,78.55925927782322,0.8419351727254548,0.14442265413967406,Ag,COMPLETE
3907,-47.14912280699298,2026-04-07 11:15:42.975353,2026-04-07 11:15:43.765684,0 days 00:00:00.790331,69.30739975689491,0.83686264739356,0.7065453913900959,Ag,COMPLETE
3908,-1.1134552273792424,2026-04-07 11:15:43.054480,2026-04-07 11:15:43.860096,0 days 00:00:00.805616,23.917679430246583,0.8920107048862578,0.13242064225397718,Ag,COMPLETE
3909,-1.0,2026-04-07 11:15:43.150839,2026-04-07 11:15:43.781789,0 days 00:00:00.630950,61.23573338183685,0.899742825933636,0.13316617221860397,Ag,COMPLETE
3910,-48.8095238094959,2026-04-07 11:15:43.210368,2026-04-07 11:15:43.991906,0 days 00:00:00.781538,61.083676791775275,0.9090669291408127,0.13544645910613284,Ag,COMPLETE
3911,-48.8095238094959,2026-04-07 11:15:43.246883,2026-04-07 11:15:44.090589,0 days 00:00:00.843706,60.80071075178901,0.866904652369271,0.1008534698989631,Ag,COMPLETE
3912,-46.05263157892345,2026-04-07 11:15:43.273320,2026-04-07 11:15:43.884534,0 days 00:00:00.611214,78.99813658879155,0.853475075804135,0.13632529828363496,Ag,COMPLETE
3913,-37.41496598637911,2026-04-07 11:15:43.488773,2026-04-07 11:15:44.437172,0 days 00:00:00.948399,61.008273865054896,0.8646713502508517,1.7150220390534487,Ag,COMPLETE
3914,-48.423423423397416,2026-04-07 11:15:43.785300,2026-04-07 11:15:44.493675,0 days 00:00:00.708375,73.41123441065835,1.4728298766102372,0.18957974955790902,Ag,COMPLETE
3915,-1.0,2026-04-07 11:15:43.915087,2026-04-07 11:15:44.575689,0 days 00:00:00.660602,73.55344033885099,1.5343357954971337,0.10004162227308158,Ag,COMPLETE
3916,-26.04166666665939,2026-04-07 11:15:44.059734,2026-04-07 11:15:44.801984,0 days 00:00:00.742250,83.20117843539053,1.517409347139493,1.5546243455780648,Ag,COMPLETE
3917,-51.47058823526383,2026-04-07 11:15:44.126044,2026-04-07 11:15:44.752176,0 days 00:00:00.626132,74.41442793076978,0.5007278726662515,0.19081122791343713,Ag,COMPLETE
3918,-1.0,2026-04-07 11:15:44.169119,2026-04-07 11:15:44.753185,0 days 00:00:00.584066,65.48066353625134,1.5437429858396876,0.18485032224955672,Ag,COMPLETE
3919,-36.05769230767838,2026-04-07 11:15:44.240554,2026-04-07 11:15:44.902699,0 days 00:00:00.662145,73.27230876687263,1.467512802686599,1.5842258149278572,Ag,COMPLETE
3920,-1.0,2026-04-07 11:15:44.337708,2026-04-07 11:15:44.900603,0 days 00:00:00.562895,74.23674668297525,19.955238170980685,0.10100607077126515,Ag,COMPLETE
3921,-49.99999999997173,2026-04-07 11:15:44.697836,2026-04-07 11:15:45.403207,0 days 00:00:00.705371,66.30907304131156,1.1319301304217617,0.10045000010567415,Ag,COMPLETE
3922,-49.99999999997173,2026-04-07 11:15:44.712522,2026-04-07 11:15:45.405206,0 days 00:00:00.692684,67.44646471020683,1.1077658282843759,0.13288813561697052,Ag,COMPLETE
3923,-51.76767676764536,2026-04-07 11:15:44.771108,2026-04-07 11:15:45.426845,0 days 00:00:00.655737,68.28636089790838,0.5029041859166599,0.1336103353070828,Ag,COMPLETE
3924,-1.0,2026-04-07 11:15:44.854167,2026-04-07 11:15:45.519133,0 days 00:00:00.664966,67.69711733120778,1.134157122747935,0.10017326012168651,Ag,COMPLETE
3925,-1.0,2026-04-07 11:15:44.975933,2026-04-07 11:15:45.657089,0 days 00:00:00.681156,67.8392534424281,0.502042738861562,0.13263467179568783,Ag,COMPLETE
3926,-49.99999999997173,2026-04-07 11:15:45.007200,2026-04-07 11:15:45.658652,0 days 00:00:00.651452,67.90635442589576,1.1057136256623963,0.13230528067847996,Ag,COMPLETE
3927,-51.190476190446915,2026-04-07 11:15:45.100392,2026-04-07 11:15:45.630390,0 days 00:00:00.529998,67.08876446638135,1.1724050609415269,0.13674060231912652,Ag,COMPLETE
3928,-49.99999999997173,2026-04-07 11:15:45.182772,2026-04-07 11:15:45.850370,0 days 00:00:00.667598,66.56288575214748,1.1174314119426287,0.13518551623715586,Ag,COMPLETE
3929,-1.0,2026-04-07 11:15:45.585866,2026-04-07 11:15:46.288411,0 days 00:00:00.702545,64.82840934290847,0.8376475218896016,0.1676345157904368,Ag,COMPLETE
3930,-1.0,2026-04-07 11:15:45.692106,2026-04-07 11:15:46.326851,0 days 00:00:00.634745,64.79077493383267,0.8347440960823055,0.16246506254016108,Ag,COMPLETE
3931,-1.0,2026-04-07 11:15:45.706244,2026-04-07 11:15:46.421051,0 days 00:00:00.714807,64.38472334027169,0.8902750397052521,0.17369881779444057,Ag,COMPLETE
3932,-51.4705882352638,2026-04-07 11:15:45.740038,2026-04-07 11:15:46.594013,0 days 00:00:00.853975,64.69045956362861,0.8473543335513694,0.16388119148274355,Ag,COMPLETE
3933,-1.0,2026-04-07 11:15:45.770882,2026-04-07 11:15:46.517314,0 days 00:00:00.746432,64.47530041098733,0.8080999093225518,0.17099044037127165,Ag,COMPLETE
3934,-1.0,2026-04-07 11:15:45.852366,2026-04-07 11:15:46.657414,0 days 00:00:00.805048,64.29970411691366,0.8085851022123546,0.1670446154176801,Ag,COMPLETE
3935,21.77318295739316,2026-04-07 11:15:45.923639,2026-04-07 11:15:46.591245,0 days 00:00:00.667606,63.893347960185054,17.38581344476253,1.4387535345991465,Ag,COMPLETE
3936,-47.45370370367742,2026-04-07 11:15:46.058939,2026-04-07 11:15:46.734160,0 days 00:00:00.675221,76.9206688493251,0.5031202774414717,0.16908394568028037,Ag,COMPLETE
3937,-34.848484848472204,2026-04-07 11:15:46.456252,2026-04-07 11:15:47.164308,0 days 00:00:00.708056,70.40667163713852,1.701167966166464,1.8833015586202655,Ag,COMPLETE
3938,-1.0,2026-04-07 11:15:46.548086,2026-04-07 11:15:47.052672,0 days 00:00:00.504586,77.05000671228592,1.7903079915118152,0.2012630352100383,Ag,COMPLETE
3939,-1.0,2026-04-07 11:15:46.595013,2026-04-07 11:15:47.232153,0 days 00:00:00.637140,70.46139417746974,1.754094130171183,1.5064637384284711,Ag,COMPLETE
3940,-1.0,2026-04-07 11:15:46.688435,2026-04-07 11:15:47.392105,0 days 00:00:00.703670,70.31975640466378,11.168580323637908,0.204451620033406,Ag,COMPLETE
3941,-49.76851851849098,2026-04-07 11:15:46.738166,2026-04-07 11:15:47.311809,0 days 00:00:00.573643,70.38359880354903,1.758183238040115,0.10040364528881221,Ag,COMPLETE
3942,-40.740740740722565,2026-04-07 11:15:46.798575,2026-04-07 11:15:47.359372,0 days 00:00:00.560797,70.9819873103454,1.5607180294262841,1.1028091638603557,Ag,COMPLETE
3943,-49.76851851849098,2026-04-07 11:15:46.874382,2026-04-07 11:15:47.458909,0 days 00:00:00.584527,70.42766374036462,1.704866034950372,0.13192522827441364,Ag,COMPLETE
3944,-49.76851851849098,2026-04-07 11:15:46.904845,2026-04-07 11:15:47.580424,0 days 00:00:00.675579,70.80708707973083,1.6992664142245293,0.13129898546475563,Ag,COMPLETE
3945,-1.0,2026-04-07 11:15:47.272982,2026-04-07 11:15:48.064820,0 days 00:00:00.791838,72.28014589947445,1.1502389621751985,0.13208133757754795,Au,COMPLETE
3946,-19.255050505047564,2026-04-07 11:15:47.336188,2026-04-07 11:15:47.899736,0 days 00:00:00.563548,72.4943055163333,1.2075585635372152,0.10017830507547687,Au,COMPLETE
3947,-1.0,2026-04-07 11:15:47.412108,2026-04-07 11:15:47.961892,0 days 00:00:00.549784,22.722915115309835,13.704343216931619,0.1292943410724316,Au,COMPLETE
3948,-18.32151300236148,2026-04-07 11:15:47.501703,2026-04-07 11:15:48.222091,0 days 00:00:00.720388,72.31479262418105,1.1872925585972318,0.43693616140085423,Au,COMPLETE
3949,-0.5868544600938801,2026-04-07 11:15:47.578418,2026-04-07 11:15:48.309662,0 days 00:00:00.731244,22.050031923212472,0.5034081609248012,0.13414989694896046,Au,COMPLETE
3950,-1.0,2026-04-07 11:15:47.639004,2026-04-07 11:15:48.409288,0 days 00:00:00.770284,72.75350889361856,1.1798627173442489,0.1367707557982622,Ag,COMPLETE
3951,-0.5868544600938801,2026-04-07 11:15:47.686341,2026-04-07 11:15:48.310216,0 days 00:00:00.623875,22.096046959650376,0.5094951452255392,0.13576877912647659,Au,COMPLETE
3952,-1.0,2026-04-07 11:15:47.765659,2026-04-07 11:15:48.407244,0 days 00:00:00.641585,22.41664566045401,1.1238367496841213,0.1379760168412882,Au,COMPLETE
3953,-1.0,2026-04-07 11:15:48.112878,2026-04-07 11:15:48.702412,0 days 00:00:00.589534,68.61795457760974,0.8627533851989757,0.1009046523211938,Ag,COMPLETE
3954,-1.0,2026-04-07 11:15:48.163914,2026-04-07 11:15:49.052550,0 days 00:00:00.888636,68.64519185485278,0.5177254536528176,0.2649411754593808,Ag,COMPLETE
3955,-32.40740740739532,2026-04-07 11:15:48.209643,2026-04-07 11:15:49.140039,0 days 00:00:00.930396,49.089972172434045,0.7893583773673067,0.9995497737191648,Ag,COMPLETE
3956,-46.0526315789228,2026-04-07 11:15:48.439464,2026-04-07 11:15:49.217820,0 days 00:00:00.778356,57.706576657565115,0.5098040399177179,0.27324553037948074,Ag,COMPLETE
3957,-1.0,2026-04-07 11:15:48.502741,2026-04-07 11:15:49.347271,0 days 00:00:00.844530,68.59842958459033,0.8360876159057238,0.26927360735203154,Ag,COMPLETE
3958,-1.0,2026-04-07 11:15:48.562289,2026-04-07 11:15:49.085541,0 days 00:00:00.523252,58.125682993689736,0.8466733661743465,0.19997422442008417,Ag,COMPLETE
3959,-1.0,2026-04-07 11:15:48.677062,2026-04-07 11:15:49.299437,0 days 00:00:00.622375,75.23829348278275,0.8323699005962484,0.19761075768821112,Ag,COMPLETE
3960,-1.0,2026-04-07 11:15:48.706054,2026-04-07 11:15:49.333339,0 days 00:00:00.627285,49.981823715351936,2.910858447769157,0.20714437493828408,Ag,COMPLETE
3961,-1.0,2026-04-07 11:15:48.987761,2026-04-07 11:15:49.648334,0 days 00:00:00.660573,75.40277147393442,2.7589818639853854,1.9534651835329195,Ag,COMPLETE
3962,-48.6111111110841,2026-04-07 11:15:49.125101,2026-04-07 11:15:49.745399,0 days 00:00:00.620298,74.88180947446602,0.8397003385814565,0.1929474051420657,Ag,COMPLETE
3963,-48.61111111108375,2026-04-07 11:15:49.268384,2026-04-07 11:15:49.913000,0 days 00:00:00.644616,66.51162312536829,1.3591716486024599,0.16418176214163765,Ag,COMPLETE
3964,-1.0,2026-04-07 11:15:49.334400,2026-04-07 11:15:50.116961,0 days 00:00:00.782561,66.31073410520919,0.5006129933795748,0.16589094881221095,Ag,COMPLETE
3965,-48.61111111108375,2026-04-07 11:15:49.457291,2026-04-07 11:15:50.237485,0 days 00:00:00.780194,66.43901971119419,1.371836618929406,0.16278720327999632,Ag,COMPLETE
3966,-42.65873015870962,2026-04-07 11:15:49.504746,2026-04-07 11:15:50.361630,0 days 00:00:00.856884,66.3061982466874,0.5132440578414421,1.1990876665780061,Ag,COMPLETE
3967,-1.0,2026-04-07 11:15:49.563103,2026-04-07 11:15:50.225164,0 days 00:00:00.662061,65.56284569133382,0.5101362244870012,0.10046125350192261,Ag,COMPLETE
3968,-1.0,2026-04-07 11:15:49.660149,2026-04-07 11:15:50.266695,0 days 00:00:00.606546,27.69823374077638,1.410815893932666,0.1665301246214,Ag,COMPLETE
3969,-1.0,2026-04-07 11:15:49.941195,2026-04-07 11:15:50.619249,0 days 00:00:00.678054,62.96631470291317,1.3794357439281355,0.10045710524164973,Ag,COMPLETE
3970,-1.0,2026-04-07 11:15:49.974329,2026-04-07 11:15:50.573615,0 days 00:00:00.599286,62.66362992115167,1.372918800853983,0.16523461534452313,Ag,COMPLETE
3971,-1.0,2026-04-07 11:15:50.147956,2026-04-07 11:15:50.669560,0 days 00:00:00.521604,62.966335945833634,1.1424736352424372,0.1626959169493987,Ag,COMPLETE
3972,-33.56481481480557,2026-04-07 11:15:50.367846,2026-04-07 11:15:51.246008,0 days 00:00:00.878162,68.72991514468244,9.354746707581471,0.10179873971594187,Ag,COMPLETE
3973,-49.99999999997173,2026-04-07 11:15:50.391830,2026-04-07 11:15:51.121732,0 days 00:00:00.729902,69.02957104301676,1.0952310796479992,0.13271423880745198,Ag,COMPLETE
3974,-51.470588235264046,2026-04-07 11:15:50.409427,2026-04-07 11:15:51.080545,0 days 00:00:00.671118,69.36122253330868,1.1239922670878852,0.13345481862103947,Ag,COMPLETE
3975,-1.0,2026-04-07 11:15:50.424115,2026-04-07 11:15:51.218104,0 days 00:00:00.793989,69.21661378852052,2.3824160592026455,0.10105750616851811,Ag,COMPLETE
3976,-1.0,2026-04-07 11:15:50.483367,2026-04-07 11:15:51.218104,0 days 00:00:00.734737,69.01016348233686,2.3857587630780817,0.10138158627046003,Ag,COMPLETE
3977,-49.549549549522666,2026-04-07 11:15:50.776603,2026-04-07 11:15:51.282256,0 days 00:00:00.505653,68.98738109874827,2.1367635283677324,0.10175213798297787,Ag,COMPLETE
3978,-51.76767676764536,2026-04-07 11:15:50.840100,2026-04-07 11:15:51.323019,0 days 00:00:00.482919,69.2579842422406,0.5021218712666642,0.10154779208240519,Ag,COMPLETE
3979,-48.24561403506214,2026-04-07 11:15:50.891650,2026-04-07 11:15:51.480260,0 days 00:00:00.588610,69.61329241474489,2.349504894136125,0.134383787079217,Ag,COMPLETE
3980,-28.445512820507375,2026-04-07 11:15:51.247013,2026-04-07 11:15:52.102402,0 days 00:00:00.855389,72.90810305283898,12.199960335918883,0.10032862175369339,Ag,COMPLETE
3981,-1.0,2026-04-07 11:15:51.312334,2026-04-07 11:15:52.062016,0 days 00:00:00.749682,25.898092254174127,0.8643151588845452,0.22616017469194832,Ag,COMPLETE
3982,-42.70833333331205,2026-04-07 11:15:51.434088,2026-04-07 11:15:52.291721,0 days 00:00:00.857633,80.98526020423704,0.8379026034292945,0.10089551379416078,Ag,COMPLETE
3983,-1.0,2026-04-07 11:15:51.511702,2026-04-07 11:15:52.200647,0 days 00:00:00.688945,72.2143313532599,0.832498654304616,0.2363403407977523,Ag,COMPLETE
3984,-1.0,2026-04-07 11:15:51.527559,2026-04-07 11:15:52.226136,0 days 00:00:00.698577,72.32659698047723,0.8743010147553687,0.21524375657632894,Ag,COMPLETE
3985,-50.24509803918605,2026-04-07 11:15:51.559230,2026-04-07 11:15:52.166967,0 days 00:00:00.607737,72.21320403642122,0.5017950228298451,0.23057199733891864,Ag,COMPLETE
3986,-7.996632996632183,2026-04-07 11:15:51.605302,2026-04-07 11:15:52.259986,0 days 00:00:00.654684,25.596645556574664,0.9240460733218444,0.21177956596476752,Ag,COMPLETE
3987,-1.0,2026-04-07 11:15:51.665331,2026-04-07 11:15:52.416034,0 days 00:00:00.750703,72.0429360203287,0.8509926240533024,0.22873404239724782,Ag,COMPLETE
3988,-1.0,2026-04-07 11:15:52.198648,2026-04-07 11:15:52.936076,0 days 00:00:00.737428,66.94590920445128,18.11656992475018,0.1532643714033481,Ag,COMPLETE
3989,-1.0,2026-04-07 11:15:52.323620,2026-04-07 11:15:53.101559,0 days 00:00:00.777939,66.58060896360249,1.349818724801725,0.16802903321703377,Ag,COMPLETE
3990,-1.0,2026-04-07 11:15:52.378855,2026-04-07 11:15:52.970179,0 days 00:00:00.591324,67.0620771808877,1.4786875522110496,0.10088189043840008,Ag,COMPLETE
3991,-1.0,2026-04-07 11:15:52.437584,2026-04-07 11:15:53.095127,0 days 00:00:00.657543,66.92682077473306,1.3982903877050878,0.1646732200711354,Ag,COMPLETE
3992,-51.76767676764536,2026-04-07 11:15:52.450425,2026-04-07 11:15:52.971189,0 days 00:00:00.520764,66.56035001042544,0.5121304625246321,0.15992138508509463,Ag,COMPLETE
3993,-42.68292682924754,2026-04-07 11:15:52.505072,2026-04-07 11:15:53.200941,0 days 00:00:00.695869,55.36207987542834,1.458911951715986,0.16113129661587025,Ag,COMPLETE
3994,-1.0,2026-04-07 11:15:52.631072,2026-04-07 11:15:53.167697,0 days 00:00:00.536625,66.21313850236893,0.5006231575305261,0.1615052439324309,Ag,COMPLETE
3995,-48.6111111110841,2026-04-07 11:15:52.651523,2026-04-07 11:15:53.263492,0 days 00:00:00.611969,65.9513396163682,1.443900950522628,0.16223679072305594,Ag,COMPLETE
3996,-1.0,2026-04-07 11:15:52.997289,2026-04-07 11:15:53.642219,0 days 00:00:00.644930,75.21586579668622,1.169593508550946,0.1344206602549746,Ag,COMPLETE
3997,-1.0,2026-04-07 11:15:53.095127,2026-04-07 11:15:53.898750,0 days 00:00:00.803623,75.00587621409191,7.857728716197788,0.10041593015820346,Ag,COMPLETE
3998,-1.0,2026-04-07 11:15:53.198691,2026-04-07 11:15:53.990120,0 days 00:00:00.791429,74.59064126491305,2.0217848653983665,0.1322645904589656,Ag,COMPLETE
3999,-48.6111111110841,2026-04-07 11:15:53.266038,2026-04-07 11:15:53.992537,0 days 00:00:00.726499,74.0784786364454,1.094760429055138,0.13432960583521183,Ag,COMPLETE
4000,-49.999999999971564,2026-04-07 11:15:53.327976,2026-04-07 11:15:54.056547,0 days 00:00:00.728571,74.71739462605382,1.1045033716141202,0.10019197270916248,Ag,COMPLETE
4001,-1.0,2026-04-07 11:15:53.355034,2026-04-07 11:15:54.087007,0 days 00:00:00.731973,74.26341042111444,0.5069052018204174,0.1363404696455719,Ag,COMPLETE
4002,-1.0,2026-04-07 11:15:53.400465,2026-04-07 11:15:53.917956,0 days 00:00:00.517491,61.83132997157938,0.502589975868234,0.13245312735045037,Ag,COMPLETE
4003,-1.0,2026-04-07 11:15:53.446889,2026-04-07 11:15:53.937452,0 days 00:00:00.490563,77.56101723172807,0.5003920803626575,0.13360529392644283,Ag,COMPLETE
4004,-1.0,2026-04-07 11:15:53.894317,2026-04-07 11:15:54.467021,0 days 00:00:00.572704,71.15731016671687,1.862213049979768,0.19475173748831093,Ag,COMPLETE
4005,-1.0,2026-04-07 11:15:54.059729,2026-04-07 11:15:54.726137,0 days 00:00:00.666408,70.73549852841836,0.8487177333370719,0.18782311279636185,Ag,COMPLETE
4006,-51.47058823526383,2026-04-07 11:15:54.131523,2026-04-07 11:15:54.827089,0 days 00:00:00.695566,70.40063854456356,0.8821401824833849,0.19664577647949394,Ag,COMPLETE
4007,-51.76767676764536,2026-04-07 11:15:54.150097,2026-04-07 11:15:54.934743,0 days 00:00:00.784646,70.54982095983775,0.5002451629680004,0.10023453313758474,Ag,COMPLETE
4008,-1.0,2026-04-07 11:15:54.164193,2026-04-07 11:15:54.879876,0 days 00:00:00.715683,102.92612795635841,6.943819586462065,0.10043901055936473,Ag,COMPLETE
4009,-51.47058823526383,2026-04-07 11:15:54.213936,2026-04-07 11:15:54.933742,0 days 00:00:00.719806,70.90666040129956,0.8974694610766184,0.1696341979799496,Ag,COMPLETE
4010,-49.99999999997132,2026-04-07 11:15:54.227777,2026-04-07 11:15:54.931229,0 days 00:00:00.703452,70.73543328767086,1.0778055119261738,0.18306651852275602,Ag,COMPLETE
4011,-51.47058823526383,2026-04-07 11:15:54.303822,2026-04-07 11:15:54.831661,0 days 00:00:00.527839,70.64528028266466,0.8675430451995132,0.1991210891022928,Ag,COMPLETE
4012,-1.0,2026-04-07 11:15:54.678349,2026-04-07 11:15:55.707139,0 days 00:00:01.028790,68.11113312137881,1.125392912911305,0.13552599094927234,Ag,COMPLETE
4013,-1.0,2026-04-07 11:15:54.899213,2026-04-07 11:15:55.462622,0 days 00:00:00.563409,63.47865385669412,0.5102616789615094,0.1338581604313963,Cu,COMPLETE
4014,-1.0,2026-04-07 11:15:55.017576,2026-04-07 11:15:55.664174,0 days 00:00:00.646598,64.25684085618343,1.1816244097435114,0.1325591027331385,Cu,COMPLETE
4015,-1.0,2026-04-07 11:15:55.057476,2026-04-07 11:15:55.755807,0 days 00:00:00.698331,62.94639120367101,0.5031284064270337,0.10037695990447551,Cu,COMPLETE
4016,-1.0,2026-04-07 11:15:55.073524,2026-04-07 11:15:55.880050,0 days 00:00:00.806526,63.61544732923309,1.1396432349171643,0.13357301501337057,Ag,COMPLETE
4017,-1.0,2026-04-07 11:15:55.087016,2026-04-07 11:15:55.896095,0 days 00:00:00.809079,63.73152668292144,1.7308987018222872,0.13393721997398686,Cu,COMPLETE
4018,-1.0,2026-04-07 11:15:55.184864,2026-04-07 11:15:55.785052,0 days 00:00:00.600188,68.0674469369063,0.5042535973441519,0.12976639867320386,Ag,COMPLETE
4019,-1.0,2026-04-07 11:15:55.213935,2026-04-07 11:15:55.825060,0 days 00:00:00.611125,62.95934196552146,1.1409657102205601,1.6229132489484555,Cu,COMPLETE
4020,-31.893004115218414,2026-04-07 11:15:55.661890,2026-04-07 11:15:56.511115,0 days 00:00:00.849225,68.0635416045253,10.382994717894208,0.1339014402762534,Ag,COMPLETE
4021,-1.0,2026-04-07 11:15:55.852671,2026-04-07 11:15:56.677553,0 days 00:00:00.824882,68.07360705772503,1.6733917009870565,0.18768740893854763,Ag,COMPLETE
4022,-1.0,2026-04-07 11:15:55.898090,2026-04-07 11:15:56.646015,0 days 00:00:00.747925,67.86158682610767,10.440934831396262,0.16508832288161496,Ag,COMPLETE
4023,-44.871794871771776,2026-04-07 11:15:55.946738,2026-04-07 11:15:56.566250,0 days 00:00:00.619512,59.41616539880215,1.7073347985752174,0.10112763485529387,Ag,COMPLETE
4024,-1.0,2026-04-07 11:15:55.960924,2026-04-07 11:15:56.529895,0 days 00:00:00.568971,68.36472609222318,1.6432771887648303,0.10108882808596201,Ag,COMPLETE
4025,-1.0,2026-04-07 11:15:55.978237,2026-04-07 11:15:56.601442,0 days 00:00:00.623205,67.86349846357966,15.431607639761298,0.18769498210886687,Ag,COMPLETE
4026,-45.94017094014737,2026-04-07 11:15:55.992227,2026-04-07 11:15:56.678557,0 days 00:00:00.686330,59.39827475108955,1.5745919218926954,0.1886885821810818,Ag,COMPLETE
4027,-47.297297297271975,2026-04-07 11:15:56.058511,2026-04-07 11:15:56.786844,0 days 00:00:00.728333,68.23447322445621,1.5236006501347732,0.1931000065791746,Ag,COMPLETE
4028,-49.99999999997132,2026-04-07 11:15:56.625112,2026-04-07 11:15:57.364426,0 days 00:00:00.739314,72.52828475568938,0.8798809247945103,0.16742354873977588,Ag,COMPLETE
4029,-50.24509803918621,2026-04-07 11:15:56.606467,2026-04-07 11:15:57.362097,0 days 00:00:00.755630,72.55268679454574,0.8449046815244181,0.10019762349293104,Ag,COMPLETE
4030,-1.0,2026-04-07 11:15:56.740214,2026-04-07 11:15:57.368589,0 days 00:00:00.628375,72.39113475413572,0.506762130453615,0.1579448143912312,Ag,COMPLETE
4031,-37.808641975294684,2026-04-07 11:15:56.817352,2026-04-07 11:15:57.628379,0 days 00:00:00.811027,72.56703034694567,6.033503571296869,0.16001338107449145,Ag,COMPLETE
4032,-51.4705882352638,2026-04-07 11:15:56.833880,2026-04-07 11:15:57.425039,0 days 00:00:00.591159,72.54702898407776,0.8269642501951153,0.1594222241146269,Ag,COMPLETE
4033,-43.6991869918483,2026-04-07 11:15:56.881587,2026-04-07 11:15:57.423981,0 days 00:00:00.542394,72.95703957794792,0.8642533051225172,0.8730828033064097,Ag,COMPLETE
4034,-1.0,2026-04-07 11:15:56.894980,2026-04-07 11:15:57.645260,0 days 00:00:00.750280,72.19602329374224,0.5053925694155667,0.1567646364729982,Ag,COMPLETE
4035,-50.245098039186,2026-04-07 11:15:56.942261,2026-04-07 11:15:57.576795,0 days 00:00:00.634534,65.27792323936691,0.5057385476198866,0.1658384759740743,Ag,COMPLETE
4036,-1.0,2026-04-07 11:15:57.440904,2026-04-07 11:15:58.320183,0 days 00:00:00.879279,65.24260784066266,14.775976894819184,0.24460264835243573,Au,COMPLETE
4037,-19.11027568922013,2026-04-07 11:15:57.649308,2026-04-07 11:15:58.393412,0 days 00:00:00.744104,65.61446218179405,1.2715741218745422,0.10034687371440999,Au,COMPLETE
4038,-1.0,2026-04-07 11:15:57.714390,2026-04-07 11:15:58.397699,0 days 00:00:00.683309,65.44586496383693,1.168225967329648,0.2571212887850058,Ag,COMPLETE
4039,-1.0,2026-04-07 11:15:57.774782,2026-04-07 11:15:58.454071,0 days 00:00:00.679289,65.36719761922502,14.725497113877562,0.10003290795415368,Au,COMPLETE
4040,-19.08396946564602,2026-04-07 11:15:57.825646,2026-04-07 11:15:58.483801,0 days 00:00:00.658155,77.35963650675065,0.5000827164773889,0.24776919471275483,Au,COMPLETE
4041,-2.122913068508889,2026-04-07 11:15:57.847108,2026-04-07 11:15:58.438157,0 days 00:00:00.591049,105.39017703861845,0.5003632991647589,0.2520323031416485,Au,COMPLETE
4042,-19.230769230766292,2026-04-07 11:15:57.816969,2026-04-07 11:15:58.540048,0 days 00:00:00.723079,65.35592525950483,1.1063160942908188,0.10026629959601821,Au,COMPLETE
4043,-19.08396946564597,2026-04-07 11:15:57.941666,2026-04-07 11:15:58.607239,0 days 00:00:00.665573,65.50926757533882,1.1275824358547886,0.1002821252813322,Au,COMPLETE
4044,-1.0,2026-04-07 11:15:58.479675,2026-04-07 11:15:59.229457,0 days 00:00:00.749782,69.62892502733122,0.8437652640770257,0.13470502554414504,Ag,COMPLETE
4045,-1.0,2026-04-07 11:15:58.456588,2026-04-07 11:15:59.324122,0 days 00:00:00.867534,69.64348200568158,18.614478991592044,0.1007851057854971,Ag,COMPLETE
4046,-28.911564625844395,2026-04-07 11:15:58.534982,2026-04-07 11:15:59.166636,0 days 00:00:00.631654,69.63489108906796,11.826879470192868,0.13505565007251558,Ag,COMPLETE
4047,-1.0,2026-04-07 11:15:58.624969,2026-04-07 11:15:59.292417,0 days 00:00:00.667448,92.12547069707807,0.5008434068151346,0.10084453626674195,Ag,COMPLETE
4048,-48.245614035062324,2026-04-07 11:15:58.643185,2026-04-07 11:15:59.263835,0 days 00:00:00.620650,69.64264046416481,2.097911275035837,0.13796335258705553,Ag,COMPLETE
4049,-1.0,2026-04-07 11:15:58.680596,2026-04-07 11:15:59.355741,0 days 00:00:00.675145,69.61979780310908,0.8594382515664287,0.1414311770160558,Ag,COMPLETE
4050,-1.0,2026-04-07 11:15:58.704485,2026-04-07 11:15:59.266834,0 days 00:00:00.562349,69.8329809156757,6.520227568601952,0.10040763047365976,Ag,COMPLETE
4051,-48.42342342339707,2026-04-07 11:15:58.946248,2026-04-07 11:15:59.733820,0 days 00:00:00.787572,69.58876585011855,2.0807867943331084,0.10014975139261569,Ag,COMPLETE
4052,-1.0,2026-04-07 11:15:59.358251,2026-04-07 11:16:00.040739,0 days 00:00:00.682488,61.55854743263798,1.4026895676370466,0.2024186381277811,Ag,COMPLETE
4053,-1.0,2026-04-07 11:15:59.456669,2026-04-07 11:16:00.073456,0 days 00:00:00.616787,66.96987946943084,0.5016320926992497,0.18623629011827667,Ag,COMPLETE
4054,-1.0,2026-04-07 11:15:59.467862,2026-04-07 11:16:00.039731,0 days 00:00:00.571869,61.89080388912899,1.3781014844964,1.33241132582724,Ag,COMPLETE
4055,-48.42342342339707,2026-04-07 11:15:59.512808,2026-04-07 11:16:00.188052,0 days 00:00:00.675244,61.72238254745724,1.3615534267689795,0.21437540627377616,Ag,COMPLETE
4056,-1.0,2026-04-07 11:15:59.527324,2026-04-07 11:16:00.074456,0 days 00:00:00.547132,61.35896286515814,1.3225674667488734,0.20942273351773094,Ag,COMPLETE
4057,-1.0,2026-04-07 11:15:59.544159,2026-04-07 11:16:00.186229,0 days 00:00:00.642070,76.76384371548508,1.1459753224980809,0.18946788922583802,Ag,COMPLETE
4058,-1.0,2026-04-07 11:15:59.558025,2026-04-07 11:16:00.128516,0 days 00:00:00.570491,61.42857817650941,16.02433237517493,0.10002412860070177,Ag,COMPLETE
4059,-1.0,2026-04-07 11:15:59.927380,2026-04-07 11:16:00.655640,0 days 00:00:00.728260,67.37786949229869,0.8660362566478532,0.21426997421413996,Ag,COMPLETE
4060,-1.0,2026-04-07 11:16:00.156791,2026-04-07 11:16:00.763776,0 days 00:00:00.606985,28.580046116460842,0.8543333915985416,0.15585441648827153,Ag,COMPLETE
4061,-1.0,2026-04-07 11:16:00.191513,2026-04-07 11:16:00.747719,0 days 00:00:00.556206,67.88864520392285,0.8626223365291968,0.1558442221448802,Ag,COMPLETE
4062,-51.4705882352638,2026-04-07 11:16:00.263248,2026-04-07 11:16:00.884487,0 days 00:00:00.621239,67.87788515762118,0.8799998324591306,0.13788220938506082,Ag,COMPLETE
4063,-1.0,2026-04-07 11:16:00.277566,2026-04-07 11:16:01.151718,0 days 00:00:00.874152,67.44193029549608,0.8664301355569819,0.15838850721652006,Ag,COMPLETE
4064,-1.0,2026-04-07 11:16:00.319769,2026-04-07 11:16:01.114759,0 days 00:00:00.794990,34.52235773221796,0.8636006019267417,0.15993567263757694,Ag,COMPLETE
4065,-1.0,2026-04-07 11:16:00.371312,2026-04-07 11:16:00.983799,0 days 00:00:00.612487,67.77663885879804,0.8652146379838574,0.15790753841370725,Ag,COMPLETE
4066,-1.0,2026-04-07 11:16:00.447822,2026-04-07 11:16:01.274413,0 days 00:00:00.826591,67.51819039422607,0.8513712389989498,0.159528876425311,Ag,COMPLETE
4067,-1.0,2026-04-07 11:16:00.778901,2026-04-07 11:16:01.640840,0 days 00:00:00.861939,71.3003532427966,0.5047915135259132,0.13150068256395422,Ag,COMPLETE
4068,-1.0,2026-04-07 11:16:00.941734,2026-04-07 11:16:01.705340,0 days 00:00:00.763606,71.80983420223302,12.525292562969902,0.13410195057406205,Ag,COMPLETE
4069,-48.42342342339725,2026-04-07 11:16:00.995368,2026-04-07 11:16:01.858320,0 days 00:00:00.862952,71.29571888007311,1.8063164472003015,0.13454540092289538,Ag,COMPLETE
4070,-1.0,2026-04-07 11:16:01.148706,2026-04-07 11:16:01.918243,0 days 00:00:00.769537,71.24001736470154,1.8791000269275457,0.13306032948783622,Ag,COMPLETE
4071,-1.0,2026-04-07 11:16:01.278933,2026-04-07 11:16:01.960569,0 days 00:00:00.681636,71.0823493487492,3.5093358548596143,0.13694546954433456,Ag,COMPLETE
4072,-1.0,2026-04-07 11:16:01.367832,2026-04-07 11:16:01.918243,0 days 00:00:00.550411,71.18837757961288,1.7705767747167331,0.100102776143384,Ag,COMPLETE
4073,-1.0,2026-04-07 11:16:01.399640,2026-04-07 11:16:02.212654,0 days 00:00:00.813014,74.04245243180534,1.916362180053382,0.1337296899097804,Ag,COMPLETE
4074,-1.0,2026-04-07 11:16:01.531643,2026-04-07 11:16:02.134030,0 days 00:00:00.602387,24.28331790596241,1.7373468304924011,0.13449565756008097,Ag,COMPLETE
4075,-1.0,2026-04-07 11:16:01.871187,2026-04-07 11:16:02.545609,0 days 00:00:00.674422,74.39109766521268,17.03543835233854,0.19136658218694932,Ag,COMPLETE
4076,-1.0,2026-04-07 11:16:01.886125,2026-04-07 11:16:02.463596,0 days 00:00:00.577471,24.5891930378264,1.0994740916613746,0.19364238220448113,Ag,COMPLETE
4077,-1.0,2026-04-07 11:16:01.982032,2026-04-07 11:16:02.947986,0 days 00:00:00.965954,65.55397200210261,19.151803884764114,0.19186275910395706,Ag,COMPLETE
4078,-29.454022988495566,2026-04-07 11:16:02.090924,2026-04-07 11:16:03.008467,0 days 00:00:00.917543,44.79223086581193,1.155260318881653,0.19325839406560436,Ag,COMPLETE
4079,-49.99999999997149,2026-04-07 11:16:02.137537,2026-04-07 11:16:02.899920,0 days 00:00:00.762383,64.49855446043496,1.1313061278879997,0.18709494304151897,Ag,COMPLETE
4080,-1.0,2026-04-07 11:16:02.181354,2026-04-07 11:16:03.040051,0 days 00:00:00.858697,65.19114117895283,1.1789362474763823,0.2122468299102729,Ag,COMPLETE
4081,-49.99999999997149,2026-04-07 11:16:02.307273,2026-04-07 11:16:02.855070,0 days 00:00:00.547797,65.05248355404079,1.117644474183673,0.19823933009833228,Ag,COMPLETE
4082,-1.0,2026-04-07 11:16:02.384910,2026-04-07 11:16:03.057452,0 days 00:00:00.672542,41.292081954953545,1.161245261236337,0.18407934778811913,Ag,COMPLETE
4083,-37.326388888873396,2026-04-07 11:16:02.692780,2026-04-07 11:16:03.232485,0 days 00:00:00.539705,65.23661937378485,0.5009329345580682,1.8292429094187834,Ag,COMPLETE
4084,-32.89473684209371,2026-04-07 11:16:02.781496,2026-04-07 11:16:03.563334,0 days 00:00:00.781838,76.07610059251664,1.382896127677423,1.7539026553503274,Ag,COMPLETE
4085,-33.80503144652802,2026-04-07 11:16:03.062552,2026-04-07 11:16:03.842530,0 days 00:00:00.779978,76.43826140472031,0.5023283310188764,1.7436685747813603,Ag,COMPLETE
4086,-49.76851851849078,2026-04-07 11:16:03.163059,2026-04-07 11:16:03.677759,0 days 00:00:00.514700,73.99507447145572,1.487687656636218,0.10003517301741556,Ag,COMPLETE
4087,-1.0,2026-04-07 11:16:03.201256,2026-04-07 11:16:03.859909,0 days 00:00:00.658653,69.25305925898905,1.4208059489721248,0.6362596506515457,Ag,COMPLETE
4088,-39.21568627449437,2026-04-07 11:16:03.217548,2026-04-07 11:16:04.000873,0 days 00:00:00.783325,76.74876867953594,4.869276672048346,0.13348378782835474,Ag,COMPLETE
4089,-1.0,2026-04-07 11:16:03.235790,2026-04-07 11:16:03.925531,0 days 00:00:00.689741,78.88376389222405,1.4633736743915375,1.6813918567803814,Ag,COMPLETE
4090,-51.4705882352638,2026-04-07 11:16:03.407521,2026-04-07 11:16:04.321147,0 days 00:00:00.913626,69.9044467900016,0.8639997978375198,0.13577595453032856,Ag,COMPLETE
4091,-34.31372549018598,2026-04-07 11:16:03.419875,2026-04-07 11:16:04.274297,0 days 00:00:00.854422,69.55168934730942,8.708305519932384,0.13320147770597512,Ag,COMPLETE
4092,-1.0,2026-04-07 11:16:03.802515,2026-04-07 11:16:04.562871,0 days 00:00:00.760356,70.1773801826219,0.8462519054885762,0.13432149992408027,Ag,COMPLETE
4093,-1.0,2026-04-07 11:16:03.862936,2026-04-07 11:16:04.703237,0 days 00:00:00.840301,69.43401745571502,0.822178623402054,0.13352284246130827,Ag,COMPLETE
4094,-1.0,2026-04-07 11:16:03.985468,2026-04-07 11:16:04.703237,0 days 00:00:00.717769,69.15026879355973,4.055355691926401,0.10083685413655033,Ag,COMPLETE
4095,-50.24509803918621,2026-04-07 11:16:04.064746,2026-04-07 11:16:04.823361,0 days 00:00:00.758615,67.32214037115301,0.8467098701878091,0.10076218373193924,Ag,COMPLETE
4096,-1.0,2026-04-07 11:16:04.183837,2026-04-07 11:16:04.801092,0 days 00:00:00.617255,119.93699520693941,0.8445223938537956,0.10098256204945838,Ag,COMPLETE
4097,-1.0,2026-04-07 11:16:04.217650,2026-04-07 11:16:04.798603,0 days 00:00:00.580953,69.20619259879719,17.69054641387219,0.13881886564916196,Ag,COMPLETE
4098,-1.0,2026-04-07 11:16:04.510223,2026-04-07 11:16:05.202129,0 days 00:00:00.691906,66.97059576913945,0.8886047974693179,0.15859551434701757,Ag,COMPLETE
4099,-1.0,2026-04-07 11:16:04.649229,2026-04-07 11:16:05.395324,0 days 00:00:00.746095,63.38689530582866,0.7932408639966013,0.16662481519458802,Ag,COMPLETE
4100,-48.8095238094959,2026-04-07 11:16:04.767211,2026-04-07 11:16:05.540800,0 days 00:00:00.773589,72.57323588459857,0.8544967016300433,0.16639009303329633,Ag,COMPLETE
4101,-1.0,2026-04-07 11:16:04.894392,2026-04-07 11:16:05.511956,0 days 00:00:00.617564,73.41123139651316,0.8177033401919922,0.16055802219625806,Ag,COMPLETE
4102,-1.0,2026-04-07 11:16:04.905025,2026-04-07 11:16:05.503777,0 days 00:00:00.598752,73.86351481251947,0.8557572063516433,1.2695026310725688,Ag,COMPLETE
4103,-1.0,2026-04-07 11:16:04.953337,2026-04-07 11:16:05.516966,0 days 00:00:00.563629,73.25065778096102,0.8406132117878476,0.15881980408202676,Ag,COMPLETE
4104,-1.0,2026-04-07 11:16:05.006920,2026-04-07 11:16:05.665062,0 days 00:00:00.658142,63.34815936575931,16.394791478965505,0.16671859786989068,Ag,COMPLETE
4105,-1.0,2026-04-07 11:16:05.030674,2026-04-07 11:16:05.764000,0 days 00:00:00.733326,63.52349052577922,1.1692325098897307,0.16446734588814318,Ag,COMPLETE
4106,-1.0,2026-04-07 11:16:05.411214,2026-04-07 11:16:06.083221,0 days 00:00:00.672007,66.87880094840675,1.3985454719864585,0.24201706760341157,Ag,COMPLETE
4107,-1.0,2026-04-07 11:16:05.560125,2026-04-07 11:16:06.358263,0 days 00:00:00.798138,66.63788918393952,1.4522190499466097,0.2487052232809683,Ag,COMPLETE
4108,-49.99999999997136,2026-04-07 11:16:05.663058,2026-04-07 11:16:06.436937,0 days 00:00:00.773879,66.1331910075646,1.4134010040200908,0.10042634714147114,Ag,COMPLETE
4109,-22.777777777771764,2026-04-07 11:16:05.714819,2026-04-07 11:16:06.359263,0 days 00:00:00.644444,38.91389092744056,0.5000855732815316,0.2248132041856979,Ag,COMPLETE
4110,-50.24509803918605,2026-04-07 11:16:05.780810,2026-04-07 11:16:06.625498,0 days 00:00:00.844688,66.72313042992205,0.5036754139900771,0.22803411843815324,Ag,COMPLETE
4111,-1.0,2026-04-07 11:16:05.843573,2026-04-07 11:16:06.437945,0 days 00:00:00.594372,88.8936691345182,1.4331592372797632,0.23852847659735366,Ag,COMPLETE
4112,-1.0,2026-04-07 11:16:05.890565,2026-04-07 11:16:06.560779,0 days 00:00:00.670214,66.80291367847367,1.397724622383401,0.23148499078614682,Ag,COMPLETE
4113,-1.0,2026-04-07 11:16:05.919098,2026-04-07 11:16:06.433412,0 days 00:00:00.514314,66.45915221687291,1.3886581043598811,0.13589621894495763,Ag,COMPLETE
4114,-46.05263157892345,2026-04-07 11:16:06.316185,2026-04-07 11:16:07.028828,0 days 00:00:00.712643,71.83985244587738,1.1377074810440015,0.48036095370724463,Ag,COMPLETE
4115,-18.678160919537643,2026-04-07 11:16:06.514784,2026-04-07 11:16:07.096834,0 days 00:00:00.582050,71.76559135708062,2.11965277919553,0.13408050568275667,Au,COMPLETE
4116,-1.0,2026-04-07 11:16:06.575924,2026-04-07 11:16:07.214772,0 days 00:00:00.638848,71.01934557392634,13.199199846778225,0.13105282428299045,Au,COMPLETE
4117,-1.0,2026-04-07 11:16:06.629529,2026-04-07 11:16:07.263738,0 days 00:00:00.634209,71.09258607069232,9.891757332465025,0.1358942272524748,Au,COMPLETE
4118,-1.0,2026-04-07 11:16:06.689869,2026-04-07 11:16:07.369428,0 days 00:00:00.679559,71.37955558605499,0.5040382222037525,0.5041228253831712,Au,COMPLETE
4119,-15.833333333331266,2026-04-07 11:16:06.733444,2026-04-07 11:16:07.373241,0 days 00:00:00.639797,52.20845296000761,1.1151324960451716,0.1314580546877812,Au,COMPLETE
4120,-0.5186721991701159,2026-04-07 11:16:06.751700,2026-04-07 11:16:07.330576,0 days 00:00:00.578876,70.26703273083552,13.163500459805181,0.1355691968590009,Au,COMPLETE
4121,-1.0,2026-04-07 11:16:06.795051,2026-04-07 11:16:07.455699,0 days 00:00:00.660648,53.359984407340775,13.835115094061598,0.10070191245683466,Cu,COMPLETE
4122,-1.0,2026-04-07 11:16:07.296803,2026-04-07 11:16:08.024987,0 days 00:00:00.728184,69.1154581173909,0.8339292541445444,0.18208602824129216,Ag,COMPLETE
4123,-1.0,2026-04-07 11:16:07.332092,2026-04-07 11:16:07.893759,0 days 00:00:00.561667,68.42615900515612,0.856159232350119,0.8237561941763494,Ag,COMPLETE
4124,-1.0,2026-04-07 11:16:07.407293,2026-04-07 11:16:08.074205,0 days 00:00:00.666912,68.69977180764413,1.0901828946088041,0.1892450887407211,Ag,COMPLETE
4125,-1.0,2026-04-07 11:16:07.483181,2026-04-07 11:16:08.140359,0 days 00:00:00.657178,20.16622100233502,0.8536964656084554,0.18927429678591784,Ag,COMPLETE
4126,-51.470588235264046,2026-04-07 11:16:07.514039,2026-04-07 11:16:08.200122,0 days 00:00:00.686083,68.73101887311641,1.069117536344098,0.1786743313334493,Ag,COMPLETE
4127,-1.0,2026-04-07 11:16:07.589649,2026-04-07 11:16:08.246795,0 days 00:00:00.657146,81.02747983098958,1.0922431884864934,0.18920094251132566,Ag,COMPLETE
4128,-1.0,2026-04-07 11:16:07.714015,2026-04-07 11:16:08.464122,0 days 00:00:00.750107,68.16978512924416,0.8503211497196745,0.18849351330913286,Ag,COMPLETE
4129,-50.245098039186,2026-04-07 11:16:07.748357,2026-04-07 11:16:08.333548,0 days 00:00:00.585191,68.40723367696705,0.8265956679496708,0.1897727116532043,Ag,COMPLETE
4130,-48.423423423397416,2026-04-07 11:16:08.143880,2026-04-07 11:16:08.873900,0 days 00:00:00.730020,64.17084399308298,1.8561109592287781,0.13459466429492412,Ag,COMPLETE
4131,-1.0,2026-04-07 11:16:08.217760,2026-04-07 11:16:08.816600,0 days 00:00:00.598840,75.10839195749777,0.5113660646315755,1.4726978564872322,Ag,COMPLETE
4132,-1.0,2026-04-07 11:16:08.268818,2026-04-07 11:16:09.006018,0 days 00:00:00.737200,64.02781645142444,1.84001225683144,0.1384517178840143,Ag,COMPLETE
4133,-47.149122806992466,2026-04-07 11:16:08.336596,2026-04-07 11:16:09.057773,0 days 00:00:00.721177,59.472583272190434,1.746106035862153,0.10139467413725164,Ag,COMPLETE
4134,-1.0,2026-04-07 11:16:08.389020,2026-04-07 11:16:09.040686,0 days 00:00:00.651666,64.02206487619232,0.5076433121291355,0.12880349619640208,Ag,COMPLETE
4135,-1.0,2026-04-07 11:16:08.498405,2026-04-07 11:16:09.232656,0 days 00:00:00.734251,74.98434543089965,11.04914464192115,0.13664837661974677,Ag,COMPLETE
4136,-45.94017094014738,2026-04-07 11:16:08.582350,2026-04-07 11:16:09.525470,0 days 00:00:00.943120,64.01162774497546,0.5126626245726446,0.9196988839212981,Ag,COMPLETE
4137,-1.0,2026-04-07 11:16:08.700479,2026-04-07 11:16:09.410576,0 days 00:00:00.710097,65.02394134057076,1.8160518783473685,0.10028530723784672,Ag,COMPLETE
4138,-1.0,2026-04-07 11:16:09.088522,2026-04-07 11:16:09.892936,0 days 00:00:00.804414,72.3646196517121,1.1730593103506333,0.1308333113486288,Ag,COMPLETE
4139,-49.99999999997173,2026-04-07 11:16:09.149527,2026-04-07 11:16:09.896108,0 days 00:00:00.746581,65.60636045891874,1.1584263476587497,0.10149041072986956,Ag,COMPLETE
4140,-1.0,2026-04-07 11:16:09.228589,2026-04-07 11:16:09.800787,0 days 00:00:00.572198,65.99862836329437,1.214945390262051,0.10023221179396014,Ag,COMPLETE
4141,-44.87179487177209,2026-04-07 11:16:09.279466,2026-04-07 11:16:09.838343,0 days 00:00:00.558877,56.50543125198754,1.2289878079055891,0.10001573777780652,Ag,COMPLETE
4142,-1.0,2026-04-07 11:16:09.308859,2026-04-07 11:16:09.896108,0 days 00:00:00.587249,73.29748504701602,1.1282264000733049,0.13448816913326822,Ag,COMPLETE
4143,-1.0,2026-04-07 11:16:09.527594,2026-04-07 11:16:10.204921,0 days 00:00:00.677327,72.68698762487156,1.206685056945143,0.10124389888992613,Ag,COMPLETE
4144,-1.0,2026-04-07 11:16:09.670654,2026-04-07 11:16:10.489130,0 days 00:00:00.818476,73.32690660179486,1.1540805893768495,0.13320653253670925,Ag,COMPLETE
4145,-1.0,2026-04-07 11:16:09.784511,2026-04-07 11:16:10.538257,0 days 00:00:00.753746,70.33094643013327,0.5042761763706247,0.16254626924052384,Cu,COMPLETE
4146,-15.070921985813422,2026-04-07 11:16:09.918474,2026-04-07 11:16:10.628336,0 days 00:00:00.709862,70.24396698920243,0.7995894873673095,0.10043930861178584,Cu,COMPLETE
4147,-1.0,2026-04-07 11:16:10.030059,2026-04-07 11:16:10.789254,0 days 00:00:00.759195,70.66233535928816,0.8249795924106953,0.160982859668212,Ag,COMPLETE
4148,-1.0,2026-04-07 11:16:10.087411,2026-04-07 11:16:10.764393,0 days 00:00:00.676982,27.1815806428284,0.80457059509205,0.10039068803577164,Ag,COMPLETE
4149,-1.0,2026-04-07 11:16:10.119558,2026-04-07 11:16:10.855692,0 days 00:00:00.736134,70.50774502152089,0.8195504854109334,0.1627012232816658,Cu,COMPLETE
4150,-1.0,2026-04-07 11:16:10.152601,2026-04-07 11:16:10.665155,0 days 00:00:00.512554,69.95182399879123,0.8315739115579566,0.10000366747949649,Cu,COMPLETE
4151,-1.0,2026-04-07 11:16:10.400099,2026-04-07 11:16:11.070448,0 days 00:00:00.670349,86.67842819002948,0.7979239065977367,0.10087977113919823,Cu,COMPLETE
4152,-47.29729729727148,2026-04-07 11:16:10.697630,2026-04-07 11:16:11.448672,0 days 00:00:00.751042,68.0471489749549,1.57808523148763,0.27512493863435167,Ag,COMPLETE
4153,-1.9581056466301907,2026-04-07 11:16:10.822780,2026-04-07 11:16:11.534555,0 days 00:00:00.711775,100.69032009961902,1.6195990368483804,0.16719070741750844,Ag,COMPLETE
4154,-48.61111111108426,2026-04-07 11:16:10.884382,2026-04-07 11:16:11.619896,0 days 00:00:00.735514,67.57383435626929,1.5435177454979998,0.15984685621902722,Ag,COMPLETE
4155,-1.0,2026-04-07 11:16:10.919217,2026-04-07 11:16:11.842224,0 days 00:00:00.923007,67.21997313061287,1.549026428674869,0.16813945482150033,Ag,COMPLETE
4156,-51.47058823526388,2026-04-07 11:16:10.951204,2026-04-07 11:16:11.539116,0 days 00:00:00.587912,67.44800715785053,0.5077241313622058,0.28133084394680674,Ag,COMPLETE
4157,-44.715447154449805,2026-04-07 11:16:10.965249,2026-04-07 11:16:11.589400,0 days 00:00:00.624151,67.95340398881072,1.5182283167891284,0.7354851707877248,Ag,COMPLETE
4158,-1.0,2026-04-07 11:16:11.026603,2026-04-07 11:16:11.666222,0 days 00:00:00.639619,67.4755304925932,1.5839454898652485,0.2794460053878549,Ag,COMPLETE
4159,-1.0,2026-04-07 11:16:11.296930,2026-04-07 11:16:11.917431,0 days 00:00:00.620501,95.43743829535003,1.506192617416437,0.16145158549736377,Ag,COMPLETE
4160,-50.24509803918605,2026-04-07 11:16:11.654922,2026-04-07 11:16:12.422931,0 days 00:00:00.768009,62.60628771745515,0.5094332598121871,0.2094179350108469,Ag,COMPLETE
4161,-1.0,2026-04-07 11:16:11.746610,2026-04-07 11:16:12.309200,0 days 00:00:00.562590,61.96298635719528,0.5055545551499853,0.21577085626519232,Ag,COMPLETE
4162,-49.99999999997149,2026-04-07 11:16:11.764774,2026-04-07 11:16:12.393402,0 days 00:00:00.628628,62.06244020116933,0.8327620630871057,0.13645692332293813,Ag,COMPLETE
4163,-49.99999999997132,2026-04-07 11:16:11.778877,2026-04-07 11:16:12.482303,0 days 00:00:00.703426,62.50802102754217,0.8361786229223356,0.2157815271999465,Ag,COMPLETE
4164,-1.0,2026-04-07 11:16:11.796788,2026-04-07 11:16:12.391396,0 days 00:00:00.594608,78.18473676573414,0.521016085568555,0.22545141951544112,Ag,COMPLETE
4165,-1.0,2026-04-07 11:16:11.836788,2026-04-07 11:16:12.643791,0 days 00:00:00.807003,78.65083856689066,2.1221098414305235,0.21950126407310036,Ag,COMPLETE
4166,-47.297297297271975,2026-04-07 11:16:12.011161,2026-04-07 11:16:12.707100,0 days 00:00:00.695939,78.56494758459797,0.8221689796711686,0.13494241278543234,Ag,COMPLETE
4167,-51.47058823526401,2026-04-07 11:16:12.141105,2026-04-07 11:16:12.778453,0 days 00:00:00.637348,62.22877806733229,0.5110632615746644,0.10031334481060203,Ag,COMPLETE
4168,-48.6111111110841,2026-04-07 11:16:12.542530,2026-04-07 11:16:13.237403,0 days 00:00:00.694873,74.9869871247664,1.128859970492647,0.1610320048620192,Ag,COMPLETE
4169,-1.0,2026-04-07 11:16:12.567083,2026-04-07 11:16:13.383978,0 days 00:00:00.816895,75.28608011435877,2.595017835042197,0.137632943095092,Ag,COMPLETE
4170,-1.0,2026-04-07 11:16:12.589717,2026-04-07 11:16:13.250648,0 days 00:00:00.660931,75.96749208740681,0.5151640213686961,0.15984396497640582,Ag,COMPLETE
4171,-48.8095238094959,2026-04-07 11:16:12.674239,2026-04-07 11:16:13.501209,0 days 00:00:00.826970,74.19100705200951,0.5082929892615349,0.1610243108653178,Ag,COMPLETE
4172,-37.41496598637923,2026-04-07 11:16:12.712191,2026-04-07 11:16:13.401151,0 days 00:00:00.688960,74.68838447275428,1.1373887853312983,1.4161493861002938,Ag,COMPLETE
4173,-48.6111111110841,2026-04-07 11:16:12.852522,2026-04-07 11:16:13.463031,0 days 00:00:00.610509,74.0222335704541,1.1243802248227932,0.16169700647739188,Ag,COMPLETE
4174,-1.0,2026-04-07 11:16:12.878893,2026-04-07 11:16:13.577246,0 days 00:00:00.698353,74.81047606958302,1.14988464982939,0.13793350596554643,Ag,COMPLETE
4175,-1.0,2026-04-07 11:16:13.014216,2026-04-07 11:16:13.631508,0 days 00:00:00.617292,74.50026330646814,1.1592937584738854,0.16294589395387302,Ag,COMPLETE
4176,-1.0,2026-04-07 11:16:13.424980,2026-04-07 11:16:14.169973,0 days 00:00:00.744993,69.349705490025,0.5021369182413193,0.10004615614348453,Ag,COMPLETE
4177,-1.0,2026-04-07 11:16:13.466531,2026-04-07 11:16:14.252490,0 days 00:00:00.785959,47.37176050851974,1.047797543379236,0.13765719139889376,Ag,COMPLETE
4178,-1.0,2026-04-07 11:16:13.531173,2026-04-07 11:16:14.167635,0 days 00:00:00.636462,65.76542180544342,2.144894077856847,0.10112071815724936,Ag,COMPLETE
4179,-1.0,2026-04-07 11:16:13.550883,2026-04-07 11:16:14.314166,0 days 00:00:00.763283,65.85278734154502,15.192286177479893,0.6688640106006767,Ag,COMPLETE
4180,-1.5064365927143,2026-04-07 11:16:13.645474,2026-04-07 11:16:14.269335,0 days 00:00:00.623861,111.61781910151089,2.0427679718760503,0.13447409711632477,Ag,COMPLETE
4181,-1.0,2026-04-07 11:16:13.675912,2026-04-07 11:16:14.313168,0 days 00:00:00.637256,65.53859375349657,2.125833152481622,0.13222753258545655,Ag,COMPLETE
4182,-51.47058823526388,2026-04-07 11:16:13.800809,2026-04-07 11:16:14.393403,0 days 00:00:00.592594,65.80782944655853,1.078119149233757,0.1309156765666023,Ag,COMPLETE
4183,-1.0,2026-04-07 11:16:13.831201,2026-04-07 11:16:14.377049,0 days 00:00:00.545848,65.61111224401708,2.1199250902887545,0.678360424497904,Ag,COMPLETE
4184,-1.0,2026-04-07 11:16:14.338699,2026-04-07 11:16:15.103810,0 days 00:00:00.765111,59.633520367037434,0.5035965628713268,0.19587970126166795,Ag,COMPLETE
4185,-1.0,2026-04-07 11:16:14.428278,2026-04-07 11:16:15.237566,0 days 00:00:00.809288,71.532003778164,19.500828679592104,0.19516504664013892,Ag,COMPLETE
4186,-1.0,2026-04-07 11:16:14.489914,2026-04-07 11:16:15.142914,0 days 00:00:00.653000,71.76289686364856,0.5020369830525258,1.0540809220025156,Ag,COMPLETE
4187,-1.0,2026-04-07 11:16:14.524154,2026-04-07 11:16:15.218409,0 days 00:00:00.694255,71.75761173795674,0.8515992323534843,0.18796440067844108,Ag,COMPLETE
4188,-1.0,2026-04-07 11:16:14.536421,2026-04-07 11:16:15.104910,0 days 00:00:00.568489,71.91957746571937,0.5056021802802432,0.19791160162377472,Ag,COMPLETE
4189,-1.0,2026-04-07 11:16:14.569535,2026-04-07 11:16:15.132573,0 days 00:00:00.563038,71.73132207550805,0.8731270399764999,0.1861248369516761,Ag,COMPLETE
4190,-50.24509803918621,2026-04-07 11:16:14.582230,2026-04-07 11:16:15.139798,0 days 00:00:00.557568,72.03624781234211,0.8349310681723185,0.10148238575436072,Ag,COMPLETE
4191,-47.29729729727182,2026-04-07 11:16:14.629937,2026-04-07 11:16:15.289531,0 days 00:00:00.659594,71.4571735010732,1.4201980623453012,0.1962954271529318,Ag,COMPLETE
4192,-1.0,2026-04-07 11:16:15.261669,2026-04-07 11:16:15.898408,0 days 00:00:00.636739,68.91130085398389,1.5501983490570217,0.10075581125349292,Au,COMPLETE
4193,-1.0,2026-04-07 11:16:15.318687,2026-04-07 11:16:15.959026,0 days 00:00:00.640339,69.35957339285319,1.4160329859754373,0.10120351800912913,Au,COMPLETE
4194,-1.0,2026-04-07 11:16:15.294050,2026-04-07 11:16:15.960053,0 days 00:00:00.666003,68.8182372730241,1.4301857501099378,0.13204542186501306,Au,COMPLETE
4195,-18.967661691539455,2026-04-07 11:16:15.242075,2026-04-07 11:16:16.092639,0 days 00:00:00.850564,69.06436684562836,1.3893204087226407,0.1011814450419785,Au,COMPLETE
4196,-1.0,2026-04-07 11:16:15.370236,2026-04-07 11:16:16.060705,0 days 00:00:00.690469,68.25765488441202,0.5002381489876941,0.14071374768770478,Ag,COMPLETE
4197,-1.0,2026-04-07 11:16:15.372436,2026-04-07 11:16:15.963057,0 days 00:00:00.590621,69.63768706094643,11.514767095111416,0.13798655946100785,Ag,COMPLETE
4198,-19.135802469133,2026-04-07 11:16:15.423678,2026-04-07 11:16:16.139711,0 days 00:00:00.716033,68.85385862649534,1.3980216798838672,0.13848085446152164,Au,COMPLETE
4199,-1.0,2026-04-07 11:16:15.698929,2026-04-07 11:16:16.422097,0 days 00:00:00.723168,68.68734608966544,1.4352519264079704,0.16070919562678282,Au,COMPLETE
4200,-27.42616033754925,2026-04-07 11:16:16.018150,2026-04-07 11:16:16.762824,0 days 00:00:00.744674,64.28906559190436,15.655362392537459,0.10083964640136936,Ag,COMPLETE
4201,-7.096069868995024,2026-04-07 11:16:16.110822,2026-04-07 11:16:16.904362,0 days 00:00:00.793540,23.813208002407865,0.8704201396943843,0.9854011901920059,Ag,COMPLETE
4202,-1.0,2026-04-07 11:16:16.157876,2026-04-07 11:16:16.979555,0 days 00:00:00.821679,23.21014533123809,0.5051726294429895,0.1610827471963407,Ag,COMPLETE
4203,-1.0,2026-04-07 11:16:16.253895,2026-04-07 11:16:17.091203,0 days 00:00:00.837308,63.9849465367748,0.8341052757926342,0.16288542746205298,Ag,COMPLETE
4204,-1.0,2026-04-07 11:16:16.281334,2026-04-07 11:16:16.980983,0 days 00:00:00.699649,63.777020340374136,0.8537300670334621,0.1330017450032808,Ag,COMPLETE
4205,-1.0,2026-04-07 11:16:16.319767,2026-04-07 11:16:17.167586,0 days 00:00:00.847819,64.60144783905425,0.5039471199838017,0.15995247741493668,Ag,COMPLETE
4206,-1.0,2026-04-07 11:16:16.344883,2026-04-07 11:16:17.089621,0 days 00:00:00.744738,26.32245216498248,0.8428142560491084,0.10040868694128124,Ag,COMPLETE
4207,-1.0,2026-04-07 11:16:16.618436,2026-04-07 11:16:17.244234,0 days 00:00:00.625798,24.73252143344411,0.8241979416689593,0.1343833144771851,Ag,COMPLETE
4208,-10.156249999998703,2026-04-07 11:16:16.974849,2026-04-07 11:16:17.597339,0 days 00:00:00.622490,28.456032441762016,1.1012080889718345,0.16604260082132374,Ag,COMPLETE
4209,-1.0,2026-04-07 11:16:17.064365,2026-04-07 11:16:17.805121,0 days 00:00:00.740756,66.91475340657384,1.0820359811419635,0.13274693979604307,Ag,COMPLETE
4210,-49.99999999997149,2026-04-07 11:16:17.147369,2026-04-07 11:16:17.835751,0 days 00:00:00.688382,67.39514358007303,1.1456273221215392,0.22488380511752362,Ag,COMPLETE
4211,-1.0,2026-04-07 11:16:17.201414,2026-04-07 11:16:17.853223,0 days 00:00:00.651809,67.05832696297358,16.76251758208995,0.10083534097808686,Ag,COMPLETE
4212,-1.0,2026-04-07 11:16:17.265131,2026-04-07 11:16:18.015163,0 days 00:00:00.750032,66.7984584359343,1.0973830725689244,0.22737826702024014,Ag,COMPLETE
4213,-1.0,2026-04-07 11:16:17.326726,2026-04-07 11:16:17.916402,0 days 00:00:00.589676,66.70008819519218,16.771848033548356,0.13170310797552326,Ag,COMPLETE
4214,-49.99999999997149,2026-04-07 11:16:17.372705,2026-04-07 11:16:18.040576,0 days 00:00:00.667871,66.75537335232171,1.1333919450420233,0.2253596162016679,Ag,COMPLETE
4215,-51.190476190446915,2026-04-07 11:16:17.452837,2026-04-07 11:16:18.041591,0 days 00:00:00.588754,66.63525801812835,1.1472957043946064,0.23469556304014105,Ag,COMPLETE
4216,-1.0,2026-04-07 11:16:17.798589,2026-04-07 11:16:18.572504,0 days 00:00:00.773915,60.51001433261347,17.388656373401645,0.10000886286713677,Ag,COMPLETE
4217,-1.0,2026-04-07 11:16:17.963950,2026-04-07 11:16:18.620413,0 days 00:00:00.656463,70.3904372346365,17.314655845376787,0.1691499318106226,Ag,COMPLETE
4218,-1.0,2026-04-07 11:16:18.061194,2026-04-07 11:16:18.744459,0 days 00:00:00.683265,59.92862985360492,1.770881418490898,0.16767898296945327,Ag,COMPLETE
4219,-1.0,2026-04-07 11:16:18.138671,2026-04-07 11:16:18.804018,0 days 00:00:00.665347,70.58173454835033,1.7311382872737255,0.1697768323710207,Ag,COMPLETE
4220,-48.42342342339725,2026-04-07 11:16:18.154045,2026-04-07 11:16:18.959131,0 days 00:00:00.805086,70.21894976537882,1.7691720700497764,0.17627300828149883,Ag,COMPLETE
4221,-49.76851851849078,2026-04-07 11:16:18.201059,2026-04-07 11:16:18.865169,0 days 00:00:00.664110,70.5437168886507,1.7341897357675005,0.16573266695524366,Ag,COMPLETE
4222,-1.0,2026-04-07 11:16:18.247254,2026-04-07 11:16:19.006122,0 days 00:00:00.758868,70.72029526772862,0.500760995684581,0.1000269277698167,Ag,COMPLETE
4223,-1.0,2026-04-07 11:16:18.398283,2026-04-07 11:16:19.091203,0 days 00:00:00.692920,59.83200726122591,1.669388674807058,1.8623877915500893,Ag,COMPLETE
4224,-50.24509803918621,2026-04-07 11:16:18.743462,2026-04-07 11:16:19.434807,0 days 00:00:00.691345,72.93397103119568,0.8462266328613578,0.10025153220012092,Ag,COMPLETE
4225,-1.0,2026-04-07 11:16:18.860228,2026-04-07 11:16:19.544464,0 days 00:00:00.684236,73.15773684566396,0.8621623460084411,0.13083928594859656,Ag,COMPLETE
4226,-1.0,2026-04-07 11:16:18.925594,2026-04-07 11:16:19.818595,0 days 00:00:00.893001,71.9836500292077,0.5107828612019493,0.13692675775646446,Ag,COMPLETE
4227,-1.0,2026-04-07 11:16:19.026038,2026-04-07 11:16:19.571101,0 days 00:00:00.545063,73.07890263809152,0.8984200776588476,0.10067911735676313,Ag,COMPLETE
4228,-31.79824561402664,2026-04-07 11:16:19.147936,2026-04-07 11:16:19.913643,0 days 00:00:00.765707,73.55955034523052,9.529037517744024,0.10088006063484038,Ag,COMPLETE
4229,-1.0,2026-04-07 11:16:19.260123,2026-04-07 11:16:19.912643,0 days 00:00:00.652520,73.23436112526082,0.5047194744742455,0.10000808492622046,Ag,COMPLETE
4230,-50.245098039186,2026-04-07 11:16:19.276492,2026-04-07 11:16:19.973775,0 days 00:00:00.697283,73.29068207938235,0.5027776927247194,0.13496153313314554,Ag,COMPLETE
4231,-1.0,2026-04-07 11:16:19.316058,2026-04-07 11:16:19.883094,0 days 00:00:00.567036,72.65689981684824,0.8418709790311272,0.1341640960665826,Ag,COMPLETE
4232,-1.0,2026-04-07 11:16:19.603682,2026-04-07 11:16:20.150027,0 days 00:00:00.546345,76.43277510894224,8.340145237162297,0.13290844973561075,Ag,COMPLETE
4233,-1.0,2026-04-07 11:16:19.758453,2026-04-07 11:16:20.424918,0 days 00:00:00.666465,68.78972870765202,0.8469596369904536,0.13549193149053032,Ag,COMPLETE
4234,-1.0,2026-04-07 11:16:19.787728,2026-04-07 11:16:20.366626,0 days 00:00:00.578898,68.5752279175392,18.282949157551357,0.13430380625801164,Ag,COMPLETE
4235,-48.6111111110841,2026-04-07 11:16:20.024362,2026-04-07 11:16:20.807433,0 days 00:00:00.783071,76.38112970621297,1.195596476693957,0.10044040564609402,Ag,COMPLETE
4236,-1.0,2026-04-07 11:16:20.120548,2026-04-07 11:16:20.846309,0 days 00:00:00.725761,68.31289640959979,1.1804512142289187,0.10010804139666409,Ag,COMPLETE
4237,-1.0,2026-04-07 11:16:20.195956,2026-04-07 11:16:21.142868,0 days 00:00:00.946912,68.71923668305433,1.3095341465836607,0.19321477667075843,Ag,COMPLETE
4238,-1.0,2026-04-07 11:16:20.211099,2026-04-07 11:16:20.943763,0 days 00:00:00.732664,68.38541548127863,1.1744604855410383,0.19416438553074292,Ag,COMPLETE
4239,-1.0,2026-04-07 11:16:20.246985,2026-04-07 11:16:20.941485,0 days 00:00:00.694500,68.6205679666765,1.1453244890102838,1.1777661043474188,Ag,COMPLETE
4240,-1.0,2026-04-07 11:16:20.322854,2026-04-07 11:16:20.913296,0 days 00:00:00.590442,64.56473882807182,1.2282993062760124,0.10002582906175136,Ag,COMPLETE
4241,-47.29729729727182,2026-04-07 11:16:20.637847,2026-04-07 11:16:21.191562,0 days 00:00:00.553715,64.84603120770372,1.3279222061631608,0.416080111526791,Ag,COMPLETE
4242,-1.0,2026-04-07 11:16:20.674201,2026-04-07 11:16:21.345861,0 days 00:00:00.671660,64.85160902897657,1.1076011133838701,0.19723016374106472,Ag,COMPLETE
4243,-50.245098039186,2026-04-07 11:16:20.946805,2026-04-07 11:16:21.705540,0 days 00:00:00.758735,65.81150984472659,0.821228195832297,0.19498883429313962,Ag,COMPLETE
4244,-1.0,2026-04-07 11:16:21.073842,2026-04-07 11:16:21.801226,0 days 00:00:00.727384,64.9643991483555,0.8307402236395979,0.18511403236921065,Ag,COMPLETE
4245,-42.682926829247684,2026-04-07 11:16:21.147032,2026-04-07 11:16:21.804419,0 days 00:00:00.657387,82.26942524091092,0.5021100488963154,0.10038411227784574,Ag,COMPLETE
4246,-53.03030303027077,2026-04-07 11:16:21.236235,2026-04-07 11:16:21.805429,0 days 00:00:00.569194,66.22920787990932,0.5047503878515083,0.18450552765259426,Ag,COMPLETE
4247,-50.245098039186,2026-04-07 11:16:21.272986,2026-04-07 11:16:21.957253,0 days 00:00:00.684267,62.585159347462906,0.5054419535858562,0.16505571855454804,Ag,COMPLETE
4248,-1.0,2026-04-07 11:16:21.396051,2026-04-07 11:16:22.098531,0 days 00:00:00.702480,70.6695825257108,0.5027498275422707,0.15828284026842376,Ag,COMPLETE
4249,-1.0,2026-04-07 11:16:21.560846,2026-04-07 11:16:22.437272,0 days 00:00:00.876426,65.9996387603539,0.8510646230954073,0.16108007374897765,Ag,COMPLETE
4250,-12.216404886560671,2026-04-07 11:16:21.610354,2026-04-07 11:16:22.332730,0 days 00:00:00.722376,70.58422129403934,0.9067247198676956,1.7895612573115145,Cu,COMPLETE
4251,-1.0,2026-04-07 11:16:21.951301,2026-04-07 11:16:22.586848,0 days 00:00:00.635547,70.41074325753317,0.8314909566967236,0.10001154334276012,Ag,COMPLETE
4252,-1.0,2026-04-07 11:16:22.004573,2026-04-07 11:16:22.693113,0 days 00:00:00.688540,70.40536531052672,0.848951319843581,0.13625313790903312,Cu,COMPLETE
4253,-1.0,2026-04-07 11:16:22.022560,2026-04-07 11:16:22.675800,0 days 00:00:00.653240,70.48432513274177,0.8565109523901886,0.13352575985612913,Cu,COMPLETE
4254,-1.0,2026-04-07 11:16:22.054692,2026-04-07 11:16:22.815136,0 days 00:00:00.760444,70.38687554172988,3.0602658765117554,0.15272948590470456,Cu,COMPLETE
4255,-1.0,2026-04-07 11:16:22.162544,2026-04-07 11:16:22.870943,0 days 00:00:00.708399,70.54108672899638,1.5063697741266273,0.14084567934828723,Ag,COMPLETE
4256,-1.0,2026-04-07 11:16:22.307849,2026-04-07 11:16:22.985547,0 days 00:00:00.677698,84.61109912694371,14.53137928280196,0.1340110206106557,Ag,COMPLETE
4257,-1.0,2026-04-07 11:16:22.558185,2026-04-07 11:16:23.304183,0 days 00:00:00.745998,67.52725621850576,1.419193536162267,0.2635253592727251,Ag,COMPLETE
4258,-40.71969696967852,2026-04-07 11:16:22.600428,2026-04-07 11:16:23.305184,0 days 00:00:00.704756,67.76489558336624,0.5038598877577047,1.5315539810551704,Ag,COMPLETE
4259,-1.0,2026-04-07 11:16:22.779675,2026-04-07 11:16:23.404024,0 days 00:00:00.624349,67.46334413258886,1.4782135208366194,0.26551169063486163,Ag,COMPLETE
4260,-1.0,2026-04-07 11:16:22.914262,2026-04-07 11:16:23.814041,0 days 00:00:00.899779,67.50807330001703,1.4640861316990783,0.2464352879121296,Ag,COMPLETE
4261,-15.012254901958554,2026-04-07 11:16:22.990035,2026-04-07 11:16:23.648976,0 days 00:00:00.658941,90.6798441256075,5.680033263404985,0.21260564058959433,Ag,COMPLETE
4262,-48.423423423397416,2026-04-07 11:16:23.052049,2026-04-07 11:16:23.738190,0 days 00:00:00.686141,62.57401991369571,1.411744728795954,0.22579878633131745,Ag,COMPLETE
4263,-1.0,2026-04-07 11:16:23.135185,2026-04-07 11:16:23.989177,0 days 00:00:00.853992,62.87137198243164,1.4680286580133677,0.22394776688890777,Ag,COMPLETE
4264,-1.0,2026-04-07 11:16:23.211221,2026-04-07 11:16:23.986087,0 days 00:00:00.774866,62.88901712167841,0.5097277532383895,0.1944418463939801,Ag,COMPLETE
4265,-1.0,2026-04-07 11:16:23.554802,2026-04-07 11:16:24.253637,0 days 00:00:00.698835,30.394603015857776,12.050108009219608,0.15984243099988066,Ag,COMPLETE
4266,-1.0,2026-04-07 11:16:23.676359,2026-04-07 11:16:24.369844,0 days 00:00:00.693485,63.24535355674584,0.8635468994665229,0.1680275579655357,Ag,COMPLETE
4267,-12.345679012343844,2026-04-07 11:16:23.741547,2026-04-07 11:16:24.470400,0 days 00:00:00.728853,30.67722804476815,1.118359510491844,0.10004693411194839,Ag,COMPLETE
4268,-1.0,2026-04-07 11:16:23.862746,2026-04-07 11:16:24.596739,0 days 00:00:00.733993,75.93193662704137,2.4526933644561586,0.16265585187994946,Au,COMPLETE
4269,-13.774104683193308,2026-04-07 11:16:24.006509,2026-04-07 11:16:24.649111,0 days 00:00:00.642602,32.80983012125235,1.8559388725944317,0.13450164511738988,Ag,COMPLETE
4270,-1.0,2026-04-07 11:16:24.122909,2026-04-07 11:16:24.873018,0 days 00:00:00.750109,75.98712084718683,2.5699376999619155,0.13991670901257838,Au,COMPLETE
4271,-0.6973500697349952,2026-04-07 11:16:24.228574,2026-04-07 11:16:24.961894,0 days 00:00:00.733320,76.78153101426592,12.56890520157399,1.9678312201899568,Au,COMPLETE
4272,-1.0,2026-04-07 11:16:24.286845,2026-04-07 11:16:25.082156,0 days 00:00:00.795311,33.380080047162664,2.394044162754144,0.1616475170733981,Au,COMPLETE
4273,-1.0,2026-04-07 11:16:24.507184,2026-04-07 11:16:25.228609,0 days 00:00:00.721425,72.51480341777992,1.123238306698296,0.13082205810980801,Ag,COMPLETE
4274,-26.54320987653936,2026-04-07 11:16:24.542390,2026-04-07 11:16:25.227568,0 days 00:00:00.685178,72.30592663888244,14.08176074351004,0.13480154730090224,Ag,COMPLETE
4275,-1.0,2026-04-07 11:16:24.646109,2026-04-07 11:16:25.270851,0 days 00:00:00.624742,72.46234929039669,1.1411052143889988,0.10054667525362755,Ag,COMPLETE
4276,-1.0,2026-04-07 11:16:24.876565,2026-04-07 11:16:25.659020,0 days 00:00:00.782455,21.688020403949196,1.1055247111983788,0.163597360520926,Ag,COMPLETE
4277,-1.0,2026-04-07 11:16:24.966821,2026-04-07 11:16:25.552964,0 days 00:00:00.586143,71.93394765246255,0.867361006721308,0.10078814736643885,Ag,COMPLETE
4278,-1.0,2026-04-07 11:16:25.186729,2026-04-07 11:16:25.798270,0 days 00:00:00.611541,65.66780277584073,0.8965550969576321,0.13341780061691288,Ag,COMPLETE
4279,-1.0,2026-04-07 11:16:25.231951,2026-04-07 11:16:25.795097,0 days 00:00:00.563146,66.14481868705616,18.830443896057382,0.13538588460050607,Ag,COMPLETE
4280,-1.0,2026-04-07 11:16:25.314774,2026-04-07 11:16:26.023551,0 days 00:00:00.708777,42.99142493987375,0.8823931325819191,0.13281370021556857,Ag,COMPLETE
4281,-51.47058823526383,2026-04-07 11:16:25.385445,2026-04-07 11:16:26.167883,0 days 00:00:00.782438,68.88586777769507,0.94700483321508,0.1349867729322052,Ag,COMPLETE
4282,-1.0,2026-04-07 11:16:25.468095,2026-04-07 11:16:26.074567,0 days 00:00:00.606472,65.46594738708238,1.8902234641829645,0.19562706772493943,Ag,COMPLETE
4283,-1.0,2026-04-07 11:16:25.532325,2026-04-07 11:16:26.167883,0 days 00:00:00.635558,57.75641638134807,1.909567712331993,0.19438889387611458,Ag,COMPLETE
4284,-1.0,2026-04-07 11:16:25.816809,2026-04-07 11:16:26.499884,0 days 00:00:00.683075,67.83677772517339,0.508470953941697,0.20379467207758128,Ag,COMPLETE
4285,-1.0,2026-04-07 11:16:25.923951,2026-04-07 11:16:26.725187,0 days 00:00:00.801236,68.74893618420802,2.0178044166107916,0.2020164282535159,Ag,COMPLETE
4286,-48.8095238094959,2026-04-07 11:16:25.971385,2026-04-07 11:16:26.670403,0 days 00:00:00.699018,69.15887468258391,0.8409410055138958,0.1890319806345903,Ag,COMPLETE
4287,-1.0,2026-04-07 11:16:26.116108,2026-04-07 11:16:26.745647,0 days 00:00:00.629539,69.36359417921824,0.5035150466180451,0.16965152463942176,Ag,COMPLETE
4288,-36.20218579233785,2026-04-07 11:16:26.171883,2026-04-07 11:16:26.836202,0 days 00:00:00.664319,68.97597272264976,7.557248969428706,0.16550806103883053,Ag,COMPLETE
4289,-1.0,2026-04-07 11:16:26.307445,2026-04-07 11:16:26.982125,0 days 00:00:00.674680,67.9371334218742,0.7990625229729296,0.17121153432771563,Ag,COMPLETE
4290,-1.0,2026-04-07 11:16:26.320882,2026-04-07 11:16:26.891440,0 days 00:00:00.570558,69.10749123932757,0.8179137407297488,1.2413828688030368,Ag,COMPLETE
4291,-1.0,2026-04-07 11:16:26.424445,2026-04-07 11:16:27.060365,0 days 00:00:00.635920,69.8198653973433,8.98675981341379,0.177660832730948,Ag,COMPLETE
4292,-1.0,2026-04-07 11:16:26.699697,2026-04-07 11:16:27.401197,0 days 00:00:00.701500,79.87893145779094,0.5150188256274701,0.13378443640712684,Ag,COMPLETE
4293,-1.0,2026-04-07 11:16:26.860800,2026-04-07 11:16:27.681947,0 days 00:00:00.821147,64.1892750371385,16.00377245935305,0.13660502935649205,Ag,COMPLETE
4294,-28.273809523802754,2026-04-07 11:16:26.885500,2026-04-07 11:16:27.549698,0 days 00:00:00.664198,80.41970101804236,9.127261540422383,0.13409019358923524,Ag,COMPLETE
4295,-47.29729729727148,2026-04-07 11:16:27.011552,2026-04-07 11:16:27.808192,0 days 00:00:00.796640,73.8725200290446,1.3948203855957808,0.1318227775754922,Ag,COMPLETE
4296,-1.3968383755791562,2026-04-07 11:16:27.063873,2026-04-07 11:16:27.720937,0 days 00:00:00.657064,114.26605242194566,0.502112972134427,0.1000300472393225,Ag,COMPLETE
4297,-47.29729729727148,2026-04-07 11:16:27.168457,2026-04-07 11:16:27.820705,0 days 00:00:00.652248,73.89319671998632,1.4019581096288645,0.13241339934655508,Ag,COMPLETE
4298,-49.76851851849059,2026-04-07 11:16:27.182085,2026-04-07 11:16:27.913740,0 days 00:00:00.731655,74.18821632383916,1.3894052820519374,0.10183929393673175,Ag,COMPLETE
4299,-1.0,2026-04-07 11:16:27.260481,2026-04-07 11:16:28.007136,0 days 00:00:00.746655,64.68194017322266,1.4015618745374305,0.134278495085853,Ag,COMPLETE
4300,-1.0,2026-04-07 11:16:27.590805,2026-04-07 11:16:28.219210,0 days 00:00:00.628405,54.9750133240556,1.4570284061198104,0.10021146420828636,Ag,COMPLETE
4301,-1.0,2026-04-07 11:16:27.686918,2026-04-07 11:16:28.329008,0 days 00:00:00.642090,74.25886072184022,1.188172672337477,0.10172862970919122,Ag,COMPLETE
4302,-1.0,2026-04-07 11:16:27.868966,2026-04-07 11:16:28.528655,0 days 00:00:00.659689,26.27906165202871,0.5084006959913863,0.10102211986258645,Ag,COMPLETE
4303,-1.0,2026-04-07 11:16:27.963575,2026-04-07 11:16:28.619402,0 days 00:00:00.655827,60.54370087867008,1.1346388800104599,0.10016167341686005,Ag,COMPLETE
4304,-1.0,2026-04-07 11:16:28.024334,2026-04-07 11:16:28.690483,0 days 00:00:00.666149,61.04821111868215,1.1285806436454855,0.10075575245910745,Ag,COMPLETE
4305,-1.0,2026-04-07 11:16:28.047418,2026-04-07 11:16:28.664613,0 days 00:00:00.617195,26.85310193597548,1.1274229930371513,0.16403018900320476,Ag,COMPLETE
4306,-1.0,2026-04-07 11:16:28.096412,2026-04-07 11:16:28.951096,0 days 00:00:00.854684,61.30360662877798,0.8442951809560824,1.9259091402483,Ag,COMPLETE
4307,-1.0,2026-04-07 11:16:28.337366,2026-04-07 11:16:28.961094,0 days 00:00:00.623728,71.3599042634932,0.8247852305876898,0.5429353157886816,Ag,COMPLETE
4308,-1.0,2026-04-07 11:16:28.460885,2026-04-07 11:16:29.068624,0 days 00:00:00.607739,26.83513215756173,0.8457639471855416,0.16551778685430563,Ag,COMPLETE
4309,-53.03030303027095,2026-04-07 11:16:28.486368,2026-04-07 11:16:29.319281,0 days 00:00:00.832913,66.55863172321862,0.5114634958895791,0.10071882822900645,Ag,COMPLETE
4310,-1.0,2026-04-07 11:16:28.715739,2026-04-07 11:16:29.478550,0 days 00:00:00.762811,70.91824699397259,0.5062712845877141,0.10062521736964306,Ag,COMPLETE
4311,-1.0,2026-04-07 11:16:28.860004,2026-04-07 11:16:29.525117,0 days 00:00:00.665113,66.79293943732085,0.506756671960988,0.23728358968369512,Ag,COMPLETE
4312,-1.0,2026-04-07 11:16:28.895880,2026-04-07 11:16:29.526112,0 days 00:00:00.630232,35.92649288082845,0.5104492317292669,0.2296693423374983,Ag,COMPLETE
4313,-1.0,2026-04-07 11:16:29.011107,2026-04-07 11:16:29.798242,0 days 00:00:00.787135,66.44796692075955,0.500102826301949,0.24710870125407763,Ag,COMPLETE
4314,-1.0,2026-04-07 11:16:29.162333,2026-04-07 11:16:29.798242,0 days 00:00:00.635909,66.46730915208482,1.818952888391774,0.24530026658559978,Ag,COMPLETE
4315,-1.0,2026-04-07 11:16:29.221105,2026-04-07 11:16:29.843416,0 days 00:00:00.622311,66.55020982059314,1.7105738033540603,0.21827152503471248,Ag,COMPLETE
4316,-1.0,2026-04-07 11:16:29.262154,2026-04-07 11:16:30.016736,0 days 00:00:00.754582,66.77085447861518,13.550835071511345,0.2175700911407576,Ag,COMPLETE
4317,-1.0,2026-04-07 11:16:29.480721,2026-04-07 11:16:30.259333,0 days 00:00:00.778612,65.87976116163851,1.7531261484163347,1.11475185696141,Au,COMPLETE
4318,-1.0,2026-04-07 11:16:29.675661,2026-04-07 11:16:30.478570,0 days 00:00:00.802909,71.40512313228167,0.8604466232905119,0.17392933916223108,Ag,COMPLETE
4319,-48.61111111108426,2026-04-07 11:16:29.743549,2026-04-07 11:16:30.602073,0 days 00:00:00.858524,71.39252566562918,1.1694210776250853,0.16177968055190609,Ag,COMPLETE
4320,-1.0,2026-04-07 11:16:29.782307,2026-04-07 11:16:30.618121,0 days 00:00:00.835814,64.20541685619405,10.887450997468681,0.167633709605774,Au,COMPLETE
4321,-1.0,2026-04-07 11:16:30.057135,2026-04-07 11:16:30.709190,0 days 00:00:00.652055,71.60986473420395,0.503796510654115,0.16371532411291834,Ag,COMPLETE
4322,-1.0,2026-04-07 11:16:30.117820,2026-04-07 11:16:30.707188,0 days 00:00:00.589368,71.88673618836526,1.1357280901155757,0.15894762211685523,Au,COMPLETE
4323,-1.0,2026-04-07 11:16:30.157475,2026-04-07 11:16:30.873637,0 days 00:00:00.716162,50.64314463563854,1.0866905584173039,0.16555708491515916,Ag,COMPLETE
4324,-49.99999999997132,2026-04-07 11:16:30.199427,2026-04-07 11:16:30.774163,0 days 00:00:00.574736,71.65048116132712,1.1242881166244296,0.16425050579171427,Ag,COMPLETE
4325,-46.05263157892298,2026-04-07 11:16:30.450784,2026-04-07 11:16:31.402411,0 days 00:00:00.951627,77.40800374768163,1.0680650417533788,0.13390086680049632,Ag,COMPLETE
4326,-1.0,2026-04-07 11:16:30.666291,2026-04-07 11:16:31.492807,0 days 00:00:00.826516,51.03958608733477,0.9198558953228189,0.10019665945958568,Ag,COMPLETE
4327,-1.4534883720930039,2026-04-07 11:16:30.810292,2026-04-07 11:16:31.596368,0 days 00:00:00.786076,108.25896203019096,0.849828093870412,0.10015782068384398,Ag,COMPLETE
4328,-1.0,2026-04-07 11:16:30.777721,2026-04-07 11:16:31.545316,0 days 00:00:00.767595,69.2683301603089,0.8710473051060994,0.1399965165199272,Ag,COMPLETE
4329,-1.0,2026-04-07 11:16:30.874634,2026-04-07 11:16:31.496811,0 days 00:00:00.622177,69.3080987413594,0.8852069698692187,0.13219532990823052,Ag,COMPLETE
4330,-1.0,2026-04-07 11:16:30.931078,2026-04-07 11:16:31.707683,0 days 00:00:00.776605,69.2005034657281,0.8586478982338313,0.10041589397424507,Ag,COMPLETE
4331,-39.85507246375079,2026-04-07 11:16:31.048825,2026-04-07 11:16:31.645105,0 days 00:00:00.596280,69.40075360644182,0.5030893700407263,1.6486774340828663,Ag,COMPLETE
4332,-1.0,2026-04-07 11:16:31.103214,2026-04-07 11:16:31.745809,0 days 00:00:00.642595,69.36098446369523,1.5620240613526932,0.132927905553253,Ag,COMPLETE
4333,-1.0,2026-04-07 11:16:31.550963,2026-04-07 11:16:32.149095,0 days 00:00:00.598132,63.49780509811912,6.327897925710362,0.19585972166528096,Cu,COMPLETE
4334,-47.297297297271975,2026-04-07 11:16:31.609019,2026-04-07 11:16:32.361593,0 days 00:00:00.752574,63.53059226342577,1.5153484493120324,0.19759270041378982,Ag,COMPLETE
4335,-1.0,2026-04-07 11:16:31.680931,2026-04-07 11:16:32.526811,0 days 00:00:00.845880,63.76817383251112,1.5954475038497262,0.10053349443441147,Ag,COMPLETE
4336,-1.0,2026-04-07 11:16:31.743812,2026-04-07 11:16:32.472352,0 days 00:00:00.728540,63.44770954263468,0.5025646067233895,0.19878405934488957,Cu,COMPLETE
4337,-15.36643026004511,2026-04-07 11:16:31.821024,2026-04-07 11:16:32.618976,0 days 00:00:00.797952,64.35181261232285,1.5874309326964855,0.20073810770243825,Cu,COMPLETE
4338,-51.47058823526383,2026-04-07 11:16:31.851528,2026-04-07 11:16:32.475571,0 days 00:00:00.624043,63.38768796155743,0.5087733724684681,0.19690001368308685,Ag,COMPLETE
4339,-49.76851851849078,2026-04-07 11:16:31.909019,2026-04-07 11:16:32.564023,0 days 00:00:00.655004,63.722286208838504,1.5025059155670177,0.10015406395235392,Ag,COMPLETE
4340,-47.29729729727182,2026-04-07 11:16:32.006639,2026-04-07 11:16:32.621480,0 days 00:00:00.614841,64.23370464102177,1.5856930597426508,0.1949239973227825,Ag,COMPLETE
4341,-1.0,2026-04-07 11:16:32.308787,2026-04-07 11:16:33.006601,0 days 00:00:00.697814,67.50012090972669,1.379292957211729,0.1004903374447675,Ag,COMPLETE
4342,-50.245098039186,2026-04-07 11:16:32.583689,2026-04-07 11:16:33.308322,0 days 00:00:00.724633,73.44974923178324,0.5042533410237804,0.1324044844955186,Ag,COMPLETE
4343,-1.0,2026-04-07 11:16:32.642774,2026-04-07 11:16:33.435617,0 days 00:00:00.792843,67.91819189347399,1.1457272961434994,0.10027610554891955,Ag,COMPLETE
4344,-1.0,2026-04-07 11:16:32.676420,2026-04-07 11:16:33.429431,0 days 00:00:00.753011,67.68284000587417,1.1419476917511664,0.1351524568702588,Ag,COMPLETE
4345,-1.0,2026-04-07 11:16:32.725205,2026-04-07 11:16:33.623694,0 days 00:00:00.898489,67.6363003887915,0.5027282525070573,0.13472560433559594,Ag,COMPLETE
4346,-51.470588235264046,2026-04-07 11:16:32.734590,2026-04-07 11:16:33.429431,0 days 00:00:00.694841,67.55672288373968,1.136212432024289,0.13656802713781263,Ag,COMPLETE
4347,-1.0,2026-04-07 11:16:32.823516,2026-04-07 11:16:33.608631,0 days 00:00:00.785115,73.76789256278045,1.16083152841598,0.13671824286870726,Ag,COMPLETE
4348,-49.99999999997173,2026-04-07 11:16:32.859621,2026-04-07 11:16:33.485236,0 days 00:00:00.625615,67.384714412107,1.1362361898929327,0.10006753138780151,Ag,COMPLETE
4349,-1.0,2026-04-07 11:16:33.270772,2026-04-07 11:16:33.940572,0 days 00:00:00.669800,67.14230049121603,1.0885825422729274,0.13884504095034994,Ag,COMPLETE
4350,-1.0,2026-04-07 11:16:33.489769,2026-04-07 11:16:34.300178,0 days 00:00:00.810409,75.27355562905882,0.9151692340799233,0.15734002746343287,Ag,COMPLETE
4351,-51.4705882352638,2026-04-07 11:16:33.583954,2026-04-07 11:16:34.297246,0 days 00:00:00.713292,70.336079353757,0.8479854309093824,0.16851004632195682,Ag,COMPLETE
4352,-39.81481481479712,2026-04-07 11:16:33.642958,2026-04-07 11:16:34.298884,0 days 00:00:00.655926,72.62259386632239,0.8277705725432187,1.3317427905119694,Ag,COMPLETE
4353,-1.0,2026-04-07 11:16:33.705823,2026-04-07 11:16:34.496646,0 days 00:00:00.790823,70.38246219508592,2.120578645589943,0.28659066052544563,Ag,COMPLETE
4354,-1.0,2026-04-07 11:16:33.734205,2026-04-07 11:16:34.455711,0 days 00:00:00.721506,21.246311497693206,0.8367543914001673,0.2809167445362737,Ag,COMPLETE
4355,-51.76767676764536,2026-04-07 11:16:33.806896,2026-04-07 11:16:34.428585,0 days 00:00:00.621689,70.67036306781092,0.5004549706659851,0.1650013758462513,Ag,COMPLETE
4356,-1.0,2026-04-07 11:16:33.939571,2026-04-07 11:16:34.545239,0 days 00:00:00.605668,75.48408560385366,2.186510184724728,0.16350257528456022,Au,COMPLETE
4357,0.0,2026-04-07 11:16:34.178584,2026-04-07 11:16:34.943645,0 days 00:00:00.765061,21.19372155104536,17.950502499924905,0.17215960156564056,Au,COMPLETE
4358,-1.0,2026-04-07 11:16:34.455711,2026-04-07 11:16:35.117123,0 days 00:00:00.661412,65.42626894859545,17.8016198409583,0.10001025492515207,Ag,COMPLETE
4359,-1.0,2026-04-07 11:16:34.516861,2026-04-07 11:16:35.245860,0 days 00:00:00.728999,65.20972480530276,0.503329328985553,0.13448309898294603,Ag,COMPLETE
4360,-1.0,2026-04-07 11:16:34.564643,2026-04-07 11:16:35.197534,0 days 00:00:00.632891,38.23485449072368,0.8284563497232593,0.10008793950190156,Ag,COMPLETE
4361,-51.4705882352638,2026-04-07 11:16:34.619938,2026-04-07 11:16:35.198837,0 days 00:00:00.578899,65.79259194837583,0.8502489315436663,0.13767273627995863,Ag,COMPLETE
4362,-1.0,2026-04-07 11:16:34.638661,2026-04-07 11:16:35.356452,0 days 00:00:00.717791,58.138063870100304,0.505547956727427,0.13506948700814672,Ag,COMPLETE
4363,-21.097046413496752,2026-04-07 11:16:34.687444,2026-04-07 11:16:35.450739,0 days 00:00:00.763295,37.97219037962286,0.5105581951551137,0.16414376098558808,Ag,COMPLETE
4364,-165.40404040402785,2026-04-07 11:16:34.801070,2026-04-07 11:16:35.480949,0 days 00:00:00.679879,23.76511515465264,19.980336523387574,0.1003851628725313,Ag,COMPLETE
4365,-48.61111111108375,2026-04-07 11:16:35.152693,2026-04-07 11:16:35.809929,0 days 00:00:00.657236,72.09762572824165,1.3651690727747554,0.13811239711749626,Ag,COMPLETE
4366,-0.8928571428571173,2026-04-07 11:16:35.323584,2026-04-07 11:16:36.030389,0 days 00:00:00.706805,22.667321157273793,16.321304302859872,0.1348901541412877,Ag,COMPLETE
4367,-7.984901277583615,2026-04-07 11:16:35.418994,2026-04-07 11:16:36.261263,0 days 00:00:00.842269,23.91440458794382,16.73264168798711,0.8720474805409307,Ag,COMPLETE
4368,0.0,2026-04-07 11:16:35.455259,2026-04-07 11:16:36.155314,0 days 00:00:00.700055,116.66026966158623,19.06859812546977,0.13542643266321241,Ag,COMPLETE
4369,-10.658914728681316,2026-04-07 11:16:35.560109,2026-04-07 11:16:36.155314,0 days 00:00:00.595205,24.660621115362332,19.829372414127356,0.13303881677195303,Ag,COMPLETE
4370,-1.0,2026-04-07 11:16:35.626889,2026-04-07 11:16:36.150620,0 days 00:00:00.523731,23.37373581223089,19.934169015158282,0.13577743989758304,Ag,COMPLETE
4371,-1.0,2026-04-07 11:16:35.685012,2026-04-07 11:16:36.223919,0 days 00:00:00.538907,22.995649149613666,18.813908416183327,0.21606596779752407,Ag,COMPLETE
4372,-1.0,2026-04-07 11:16:35.700935,2026-04-07 11:16:36.330599,0 days 00:00:00.629664,60.16819764672144,17.986350856405448,0.21421527658210296,Ag,COMPLETE
4373,-154.6740467404561,2026-04-07 11:16:36.002899,2026-04-07 11:16:36.902525,0 days 00:00:00.899626,23.842461626467898,19.28840738269986,0.20600380586455563,Ag,COMPLETE
4374,-1.2007684918347397,2026-04-07 11:16:36.202563,2026-04-07 11:16:36.957345,0 days 00:00:00.754782,21.068096699133473,19.88713223513987,0.1826678512725377,Ag,COMPLETE
4375,-1.0791366906474509,2026-04-07 11:16:36.342016,2026-04-07 11:16:36.906893,0 days 00:00:00.564877,23.212143224183976,19.155908043167255,0.18776086139555853,Ag,COMPLETE
4376,-1.0,2026-04-07 11:16:36.358547,2026-04-07 11:16:37.151716,0 days 00:00:00.793169,22.86460893247019,19.52956825290688,0.1878598165668579,Ag,COMPLETE
4377,-1.0,2026-04-07 11:16:36.393201,2026-04-07 11:16:37.041331,0 days 00:00:00.648130,25.362546191620467,0.8631390778379779,0.18700487608928273,Ag,COMPLETE
4378,-1.0,2026-04-07 11:16:36.420569,2026-04-07 11:16:37.043332,0 days 00:00:00.622763,25.830596440511815,16.80597097529909,0.1852818203579274,Ag,COMPLETE
4379,-10.778635778634909,2026-04-07 11:16:36.471564,2026-04-07 11:16:37.121870,0 days 00:00:00.650306,25.545119846932575,19.2982831071093,0.19187660449999316,Ag,COMPLETE
4380,23.288973384030065,2026-04-07 11:16:36.498673,2026-04-07 11:16:37.200897,0 days 00:00:00.702224,60.78175806555009,19.413079053141868,0.18297502989669961,Ag,COMPLETE
4381,82.41421568627209,2026-04-07 11:16:37.092494,2026-04-07 11:16:37.858117,0 days 00:00:00.765623,27.366268948505805,18.27386452233042,0.23283803912163523,Au,COMPLETE
4382,-11.067708333332469,2026-04-07 11:16:37.157707,2026-04-07 11:16:37.719250,0 days 00:00:00.561543,25.245793289264647,19.5799773588762,0.27492700676513354,Ag,COMPLETE
4383,-1.0,2026-04-07 11:16:37.220660,2026-04-07 11:16:37.967204,0 days 00:00:00.746544,24.755929002679288,19.536660261783016,0.24134095373887182,Ag,COMPLETE
4384,-1.0,2026-04-07 11:16:37.233839,2026-04-07 11:16:37.965207,0 days 00:00:00.731368,25.962474328650842,19.636440685876618,0.23523119872343723,Ag,COMPLETE
4385,-1.0,2026-04-07 11:16:37.283991,2026-04-07 11:16:37.933160,0 days 00:00:00.649169,29.84122256016239,17.541775371508283,0.269006067502277,Ag,COMPLETE
4386,-1.0,2026-04-07 11:16:37.332708,2026-04-07 11:16:38.088281,0 days 00:00:00.755573,20.378624698264623,19.549771810384133,0.2415934373944531,Au,COMPLETE
4387,-1.0,2026-04-07 11:16:37.360771,2026-04-07 11:16:38.021760,0 days 00:00:00.660989,24.295383798038856,19.925826277472694,0.2756711725960645,Au,COMPLETE
4388,0.0,2026-04-07 11:16:37.497330,2026-04-07 11:16:38.104207,0 days 00:00:00.606877,27.939020905992106,19.908540146230973,0.20962903062503996,Au,COMPLETE
4389,-1.0806916426512656,2026-04-07 11:16:37.849421,2026-04-07 11:16:38.528254,0 days 00:00:00.678833,22.144864557994698,19.77018723150704,0.21852501254072976,Ag,COMPLETE
4390,-1.1407300672430027,2026-04-07 11:16:38.061882,2026-04-07 11:16:38.830161,0 days 00:00:00.768279,20.979108601452836,19.831894455405198,0.21124336562669782,Ag,COMPLETE
4391,-1.0,2026-04-07 11:16:38.158121,2026-04-07 11:16:38.920000,0 days 00:00:00.761879,21.570008878953242,19.534363671815026,0.20807046451726519,Ag,COMPLETE
4392,-1.0,2026-04-07 11:16:38.188376,2026-04-07 11:16:38.839229,0 days 00:00:00.650853,23.766519353981334,19.532089540160722,0.2322182799391011,Ag,COMPLETE
4393,-1.0,2026-04-07 11:16:38.219847,2026-04-07 11:16:39.078564,0 days 00:00:00.858717,22.78991446239271,18.451016659545797,0.23996597159235633,Ag,COMPLETE
4394,-167.7798982188166,2026-04-07 11:16:38.233695,2026-04-07 11:16:39.005795,0 days 00:00:00.772100,23.98080115847532,19.921757278039344,0.23237320998486083,Ag,COMPLETE
4395,-0.8928571428571173,2026-04-07 11:16:38.293297,2026-04-07 11:16:39.004788,0 days 00:00:00.711491,20.431656857909662,18.479932386108445,0.22769140398008042,Ag,COMPLETE
4396,-1.0,2026-04-07 11:16:38.343445,2026-04-07 11:16:38.952265,0 days 00:00:00.608820,24.644820000055375,19.603218883174925,0.2242992529545197,Ag,COMPLETE
4397,-1.0,2026-04-07 11:16:38.777881,2026-04-07 11:16:39.388415,0 days 00:00:00.610534,22.57114759226503,19.939144959487315,0.4459460591309812,Ag,COMPLETE
4398,-1.0,2026-04-07 11:16:38.951266,2026-04-07 11:16:39.767031,0 days 00:00:00.815765,23.051185125369454,19.71710868536666,0.29535637466800824,Ag,COMPLETE
4399,-1.0,2026-04-07 11:16:39.029972,2026-04-07 11:16:39.768261,0 days 00:00:00.738289,23.343804417037028,19.41429952522167,0.24365626810225996,Ag,COMPLETE
4400,-1.0,2026-04-07 11:16:39.105046,2026-04-07 11:16:39.878520,0 days 00:00:00.773474,24.332024453934437,18.900833753008133,0.26386698958051513,Ag,COMPLETE
4401,-1.0,2026-04-07 11:16:39.137756,2026-04-07 11:16:39.754846,0 days 00:00:00.617090,23.87077895086492,19.884436687788696,0.28679493643586584,Ag,COMPLETE
4402,-1.0,2026-04-07 11:16:39.169142,2026-04-07 11:16:39.880025,0 days 00:00:00.710883,22.72222986453368,19.413842182825885,0.22384700517703993,Ag,COMPLETE
4403,-1.0,2026-04-07 11:16:39.202352,2026-04-07 11:16:39.877521,0 days 00:00:00.675169,24.20490114441744,15.587662234522078,0.24079096511281012,Ag,COMPLETE
4404,-13.148907103824095,2026-04-07 11:16:39.290349,2026-04-07 11:16:39.948956,0 days 00:00:00.658607,27.68078930506958,19.122999432324438,0.21934000455106367,Ag,COMPLETE
4405,-149.81617647057723,2026-04-07 11:16:39.624266,2026-04-07 11:16:40.231318,0 days 00:00:00.607052,24.11458390134542,18.9006624794855,0.2246721950062459,Ag,COMPLETE
4406,-1.0,2026-04-07 11:16:39.917808,2026-04-07 11:16:40.607709,0 days 00:00:00.689901,20.225813819699965,19.947962682578535,0.3047091363925395,Ag,COMPLETE
4407,-1.0,2026-04-07 11:16:39.986634,2026-04-07 11:16:40.794362,0 days 00:00:00.807728,26.74012759687627,19.25880240271748,0.27655475618589453,Cu,COMPLETE
4408,3.4722222222219328,2026-04-07 11:16:39.999171,2026-04-07 11:16:40.605707,0 days 00:00:00.606536,28.627499912692887,19.953648888930434,0.28053766616776504,Cu,COMPLETE
4409,0.0,2026-04-07 11:16:40.042478,2026-04-07 11:16:40.593719,0 days 00:00:00.551241,26.716269577850877,19.864001694145212,0.30436716929439195,Cu,COMPLETE
4410,-10.778635778634955,2026-04-07 11:16:40.076225,2026-04-07 11:16:40.685002,0 days 00:00:00.608777,26.19172745689567,18.84260455517454,0.26769368962910567,Ag,COMPLETE
4411,4.9019607843131485,2026-04-07 11:16:40.090449,2026-04-07 11:16:40.685002,0 days 00:00:00.594553,28.908457415823,19.529395392890795,0.2799308958354201,Cu,COMPLETE
4412,4.9019607843131485,2026-04-07 11:16:40.105790,2026-04-07 11:16:40.860179,0 days 00:00:00.754389,28.51245389137892,19.639301659730446,0.2757267015429101,Cu,COMPLETE
4413,-1.0,2026-04-07 11:16:40.474485,2026-04-07 11:16:41.057718,0 days 00:00:00.583233,24.975104171796314,19.27307785752665,0.28329240897713537,Ag,COMPLETE
4414,-1.0,2026-04-07 11:16:40.733828,2026-04-07 11:16:41.387351,0 days 00:00:00.653523,24.88783966638636,18.73259802182666,0.2973865965803647,Ag,COMPLETE
4415,-9.868421052630843,2026-04-07 11:16:40.748339,2026-04-07 11:16:41.384827,0 days 00:00:00.636488,24.809063031859903,19.130006331134393,0.24620821886370034,Ag,COMPLETE
4416,-1.0,2026-04-07 11:16:40.795359,2026-04-07 11:16:41.558868,0 days 00:00:00.763509,20.744486640405718,19.351936260316098,0.28411639030205804,Ag,COMPLETE
4417,-7.878787878787346,2026-04-07 11:16:40.920982,2026-04-07 11:16:41.665962,0 days 00:00:00.744980,25.281097901538953,15.203390288551287,0.26582021201477646,Ag,COMPLETE
4418,-10.778635778634909,2026-04-07 11:16:40.951297,2026-04-07 11:16:41.751100,0 days 00:00:00.799803,25.514726913571483,19.20970528481128,0.25892218139442547,Ag,COMPLETE
4419,-1.0,2026-04-07 11:16:41.030487,2026-04-07 11:16:41.957340,0 days 00:00:00.926853,24.715351043302963,19.20488913221033,0.27734477324958495,Ag,COMPLETE
4420,-1.0791366906474509,2026-04-07 11:16:41.146909,2026-04-07 11:16:41.747310,0 days 00:00:00.600401,22.00716764531977,19.008574293866264,0.3180640597644159,Ag,COMPLETE
4421,-1.0,2026-04-07 11:16:41.236516,2026-04-07 11:16:42.015057,0 days 00:00:00.778541,25.705165642682736,19.212241842440648,0.29697138300927567,Ag,COMPLETE
4422,-1.0,2026-04-07 11:16:41.606540,2026-04-07 11:16:42.310592,0 days 00:00:00.704052,26.319399505704457,19.09763960538125,0.34763157559036784,Ag,COMPLETE
4423,-0.8992805755395424,2026-04-07 11:16:41.670536,2026-04-07 11:16:42.395699,0 days 00:00:00.725163,22.66228779006388,19.99968353932367,0.24269889226679175,Ag,COMPLETE
4424,-0.8992805755395424,2026-04-07 11:16:41.757387,2026-04-07 11:16:42.486138,0 days 00:00:00.728751,22.151387615135818,19.281954656978908,0.27412347576960433,Ag,COMPLETE
4425,-1.0,2026-04-07 11:16:41.916424,2026-04-07 11:16:42.583896,0 days 00:00:00.667472,27.18372157307402,19.99963880797544,0.298789689417852,Ag,COMPLETE
4426,-12.585034013604442,2026-04-07 11:16:41.936441,2026-04-07 11:16:42.659656,0 days 00:00:00.723215,26.29875744302996,19.700166904610438,0.25302439168207647,Ag,COMPLETE
4427,-1.1407300672430027,2026-04-07 11:16:42.009482,2026-04-07 11:16:42.586370,0 days 00:00:00.576888,22.465768680033673,19.602172601300303,0.2802461158338904,Ag,COMPLETE
4428,-1.0,2026-04-07 11:16:42.196239,2026-04-07 11:16:43.047183,0 days 00:00:00.850944,20.00538094582693,19.547365737950226,0.2612825929542176,Ag,COMPLETE
4429,-1.0,2026-04-07 11:16:42.336623,2026-04-07 11:16:43.176306,0 days 00:00:00.839683,22.06019905923963,19.558650863510934,0.30975020877731474,Ag,COMPLETE
4430,-1.0,2026-04-07 11:16:42.523636,2026-04-07 11:16:43.241933,0 days 00:00:00.718297,20.12423153282702,19.21604832118723,0.2437291748128442,Au,COMPLETE
4431,0.0,2026-04-07 11:16:42.586370,2026-04-07 11:16:43.254572,0 days 00:00:00.668202,30.254555980318734,19.871933047427834,0.22781794839150862,Au,COMPLETE
4432,-417.27941176464446,2026-04-07 11:16:42.712606,2026-04-07 11:16:43.359292,0 days 00:00:00.646686,22.486786521851638,19.111873263637403,0.26111636251321285,Au,COMPLETE
4433,-1.0,2026-04-07 11:16:42.790538,2026-04-07 11:16:43.446690,0 days 00:00:00.656152,20.867632360796424,18.96559941095268,0.25758602383809426,Au,COMPLETE
4434,-4.0422885572133005,2026-04-07 11:16:42.819336,2026-04-07 11:16:43.367959,0 days 00:00:00.548623,23.365561080528526,19.598397070089177,0.24372823459168486,Au,COMPLETE
4435,-1.0,2026-04-07 11:16:42.917028,2026-04-07 11:16:43.551828,0 days 00:00:00.634800,23.610307916353907,19.20115693926519,0.3514135044690638,Au,COMPLETE
4436,-389.65517241373954,2026-04-07 11:16:43.212968,2026-04-07 11:16:44.151178,0 days 00:00:00.938210,22.154551825541372,18.991854746626807,0.26232134035250093,Au,COMPLETE
4437,0.0,2026-04-07 11:16:43.310096,2026-04-07 11:16:43.930582,0 days 00:00:00.620486,20.31158131628468,18.596906291468308,0.32219659926012334,Cu,COMPLETE
4438,-1.0,2026-04-07 11:16:43.396220,2026-04-07 11:16:44.100920,0 days 00:00:00.704700,21.06253178366313,18.904343885638326,0.3323891962464503,Au,COMPLETE
4439,-1.0,2026-04-07 11:16:43.477010,2026-04-07 11:16:44.299797,0 days 00:00:00.822787,23.24983494594253,18.729817680688512,0.35696184826344,Au,COMPLETE
4440,-357.21868365175925,2026-04-07 11:16:43.522367,2026-04-07 11:16:44.226260,0 days 00:00:00.703893,21.604632828084714,19.005567818982964,0.21429424867021055,Au,COMPLETE
4441,-347.04968944095083,2026-04-07 11:16:43.652238,2026-04-07 11:16:44.211905,0 days 00:00:00.559667,21.61870004030158,18.763330365235458,0.2675404800686912,Au,COMPLETE
4442,-1.0,2026-04-07 11:16:43.663058,2026-04-07 11:16:44.257426,0 days 00:00:00.594368,20.16393717277438,18.689314256811855,0.27005324513883616,Au,COMPLETE
4443,-1.0,2026-04-07 11:16:43.790765,2026-04-07 11:16:44.403976,0 days 00:00:00.613211,23.29116410303736,19.006242226272178,0.39572729258873507,Au,COMPLETE
4444,-352.46331236892826,2026-04-07 11:16:44.099386,2026-04-07 11:16:44.829017,0 days 00:00:00.729631,21.764122582526877,18.69975064765374,0.34104838880123756,Au,COMPLETE
4445,-1.0,2026-04-07 11:16:44.321444,2026-04-07 11:16:44.985888,0 days 00:00:00.664444,20.093613185233547,18.662256803069496,0.28883549347092374,Au,COMPLETE
4446,0.0,2026-04-07 11:16:44.353108,2026-04-07 11:16:45.268138,0 days 00:00:00.915030,20.37295059302757,18.626814234505826,0.33139704607582027,Au,COMPLETE
4447,-347.56728778463605,2026-04-07 11:16:44.407977,2026-04-07 11:16:45.150634,0 days 00:00:00.742657,22.122974411688265,18.382965454576684,0.33724259729064143,Au,COMPLETE
4448,-1.0,2026-04-07 11:16:44.448366,2026-04-07 11:16:45.054674,0 days 00:00:00.606308,21.80721029286972,18.568418296048428,0.2894385762834864,Au,COMPLETE
4449,0.0,2026-04-07 11:16:44.464173,2026-04-07 11:16:45.153076,0 days 00:00:00.688903,20.87416940487858,18.470203737681018,0.33576437306148826,Au,COMPLETE
4450,0.0,2026-04-07 11:16:44.498739,2026-04-07 11:16:45.226989,0 days 00:00:00.728250,21.200577099667758,18.632914154482137,0.2986518097608664,Au,COMPLETE
4451,-1.0,2026-04-07 11:16:44.627401,2026-04-07 11:16:45.365298,0 days 00:00:00.737897,21.535066045779704,18.53241036924958,0.34422156717487806,Au,COMPLETE
4452,-1.0,2026-04-07 11:16:45.026570,2026-04-07 11:16:45.956171,0 days 00:00:00.929601,21.99639504333489,18.23170733906649,0.33763740911878837,Au,COMPLETE
4453,0.0,2026-04-07 11:16:45.142027,2026-04-07 11:16:45.827556,0 days 00:00:00.685529,20.15348571711924,18.319945715281733,0.3481897322858686,Au,COMPLETE
4454,-1.0,2026-04-07 11:16:45.321782,2026-04-07 11:16:45.957736,0 days 00:00:00.635954,22.41925057955457,18.290428360131305,0.40408099237154427,Au,COMPLETE
4455,-1.0,2026-04-07 11:16:45.341530,2026-04-07 11:16:46.250391,0 days 00:00:00.908861,22.211065948684336,18.163763265115406,0.32209020859569015,Au,COMPLETE
4456,-1.0,2026-04-07 11:16:45.399040,2026-04-07 11:16:46.153947,0 days 00:00:00.754907,21.427459498994722,18.368645252545697,0.33448026783926227,Au,COMPLETE
4457,-343.047034764784,2026-04-07 11:16:45.486346,2026-04-07 11:16:46.283285,0 days 00:00:00.796939,22.021656566721482,18.311317303184335,0.4152308139039568,Au,COMPLETE
4458,-1.0,2026-04-07 11:16:45.541238,2026-04-07 11:16:46.247772,0 days 00:00:00.706534,22.525319277013672,18.40330869002086,0.38838196571548206,Au,COMPLETE
4459,-335.5923694778715,2026-04-07 11:16:45.619146,2026-04-07 11:16:46.425892,0 days 00:00:00.806746,21.862534077711768,18.3501199386237,0.3373758687389087,Au,COMPLETE
4460,-11.111111111109459,2026-04-07 11:16:46.004956,2026-04-07 11:16:46.786175,0 days 00:00:00.781219,23.31978223986543,18.771104394571648,0.3894365434354381,Au,COMPLETE
4461,-1.0,2026-04-07 11:16:46.127773,2026-04-07 11:16:46.785609,0 days 00:00:00.657836,23.532348078484723,18.89601139742536,0.37763145174241197,Au,COMPLETE
4462,-1.0,2026-04-07 11:16:46.182733,2026-04-07 11:16:46.864337,0 days 00:00:00.681604,22.923236064147165,18.891872133799037,0.3723543031612689,Au,COMPLETE
4463,-1.0,2026-04-07 11:16:46.304024,2026-04-07 11:16:46.977469,0 days 00:00:00.673445,22.849855833919662,19.03598574239025,0.4160735946117331,Au,COMPLETE
4464,0.0,2026-04-07 11:16:46.462653,2026-04-07 11:16:47.103746,0 days 00:00:00.641093,20.085153587052357,18.281323926512204,0.3156046983394634,Au,COMPLETE
4465,0.0,2026-04-07 11:16:46.430369,2026-04-07 11:16:47.106017,0 days 00:00:00.675648,20.065346261283832,18.91985391735442,0.386273866441318,Au,COMPLETE
4466,0.0,2026-04-07 11:16:46.586887,2026-04-07 11:16:47.257633,0 days 00:00:00.670746,20.146324049469097,18.8156846868684,0.3858124962368775,Au,COMPLETE
4467,0.0,2026-04-07 11:16:46.664494,2026-04-07 11:16:47.349183,0 days 00:00:00.684689,20.21469640926997,18.99663160560233,0.40754458878280275,Au,COMPLETE
4468,-1.0,2026-04-07 11:16:47.027572,2026-04-07 11:16:47.612218,0 days 00:00:00.584646,21.483954742038772,18.14402731428961,0.39060990947302565,Au,COMPLETE
4469,0.0,2026-04-07 11:16:47.040128,2026-04-07 11:16:47.717351,0 days 00:00:00.677223,20.20526202485726,18.672053412797265,0.32116363082891686,Au,COMPLETE
4470,-1.0,2026-04-07 11:16:47.118587,2026-04-07 11:16:47.926472,0 days 00:00:00.807885,22.218344372851476,18.10963841270366,0.3726425830300894,Au,COMPLETE
4471,-1.0,2026-04-07 11:16:47.189294,2026-04-07 11:16:47.927469,0 days 00:00:00.738175,22.40220323754352,17.992406132975233,0.4128064940401277,Au,COMPLETE
4472,-1.0,2026-04-07 11:16:47.291596,2026-04-07 11:16:48.102395,0 days 00:00:00.810799,22.092874103229825,18.07855504871387,0.3726582423909768,Au,COMPLETE
4473,-1.0,2026-04-07 11:16:47.383266,2026-04-07 11:16:48.396462,0 days 00:00:01.013196,23.596319731493686,18.093170425517897,0.391392630290062,Au,COMPLETE
4474,-13.310185185183377,2026-04-07 11:16:47.464707,2026-04-07 11:16:48.117088,0 days 00:00:00.652381,23.963615914765334,17.99859242926093,0.3507241892950974,Au,COMPLETE
4475,-14.269406392692082,2026-04-07 11:16:47.631628,2026-04-07 11:16:48.227447,0 days 00:00:00.595819,23.642604012233367,17.982555446210572,0.35899687642967115,Au,COMPLETE
4476,-1.0,2026-04-07 11:16:47.812554,2026-04-07 11:16:48.474130,0 days 00:00:00.661576,24.19367058768554,17.975190724471453,0.3404557005212894,Au,COMPLETE
4477,-9.359903381641185,2026-04-07 11:16:47.994421,2026-04-07 11:16:48.617241,0 days 00:00:00.622820,23.957207766269853,18.499981880605873,0.3380084648951028,Au,COMPLETE
4478,-6.547619047618155,2026-04-07 11:16:48.097807,2026-04-07 11:16:48.820747,0 days 00:00:00.722940,24.179480509832025,18.609962102929643,0.34501531794244283,Au,COMPLETE
4479,-1.0,2026-04-07 11:16:48.189384,2026-04-07 11:16:49.035719,0 days 00:00:00.846335,24.982342073606752,18.679863208564477,0.34613971401222765,Au,COMPLETE
4480,-1.0,2026-04-07 11:16:48.275959,2026-04-07 11:16:49.150529,0 days 00:00:00.874570,24.48057355794601,18.63912248337184,0.353013485527506,Au,COMPLETE
4481,-1.0,2026-04-07 11:16:48.347695,2026-04-07 11:16:49.258162,0 days 00:00:00.910467,24.523789968426808,18.61763523151795,0.3356041103636075,Au,COMPLETE
4482,-1.0,2026-04-07 11:16:48.510670,2026-04-07 11:16:49.103703,0 days 00:00:00.593033,22.137626015031927,18.6796983533242,0.3058885024048278,Au,COMPLETE
4483,-380.9121621621107,2026-04-07 11:16:48.606284,2026-04-07 11:16:49.441289,0 days 00:00:00.835005,21.7943080868818,19.082297437373338,0.3105189491603759,Au,COMPLETE
4484,-1.0,2026-04-07 11:16:48.652333,2026-04-07 11:16:49.346265,0 days 00:00:00.693932,24.376917707041365,19.070837138629024,0.36379521791401065,Au,COMPLETE
4485,-1.0,2026-04-07 11:16:48.807634,2026-04-07 11:16:49.528515,0 days 00:00:00.720881,22.019553182517026,18.970949130539037,0.3638168372245439,Au,COMPLETE
4486,-1.0,2026-04-07 11:16:48.984215,2026-04-07 11:16:49.622610,0 days 00:00:00.638395,20.009052034282234,18.8673202484385,0.37892821112449826,Au,COMPLETE
4487,-1.0,2026-04-07 11:16:49.310116,2026-04-07 11:16:50.004044,0 days 00:00:00.693928,20.02158986988991,19.409782474500137,0.36931291717850107,Au,COMPLETE
4488,0.0,2026-04-07 11:16:49.350778,2026-04-07 11:16:50.165178,0 days 00:00:00.814400,20.166404645654534,18.950290871328065,0.44409222115442826,Au,COMPLETE
4489,-1.0,2026-04-07 11:16:49.404734,2026-04-07 11:16:50.193448,0 days 00:00:00.788714,20.085794889148985,19.239463923499944,0.3298327272686727,Au,COMPLETE
4490,-417.58578431366413,2026-04-07 11:16:49.516845,2026-04-07 11:16:50.266995,0 days 00:00:00.750150,21.943337616237994,19.333169381936766,0.44493607530454216,Au,COMPLETE
4491,0.0,2026-04-07 11:16:49.560269,2026-04-07 11:16:50.264592,0 days 00:00:00.704323,20.134761262494973,19.312461844121753,0.33437493497983284,Au,COMPLETE
4492,0.0,2026-04-07 11:16:49.637280,2026-04-07 11:16:50.384167,0 days 00:00:00.746887,20.03441675094001,19.425884323603846,0.3206646152159267,Au,COMPLETE
4493,-373.06843267103204,2026-04-07 11:16:49.728616,2026-04-07 11:16:50.385169,0 days 00:00:00.656553,21.580326367276793,19.05606231307373,0.4075453140290557,Au,COMPLETE
4494,-1.0,2026-04-07 11:16:49.871459,2026-04-07 11:16:50.637977,0 days 00:00:00.766518,21.737503462301916,19.12915590805095,0.3223753398053591,Au,COMPLETE
4495,-8.207070707069509,2026-04-07 11:16:50.196478,2026-04-07 11:16:50.749751,0 days 00:00:00.553273,23.00092936517808,19.305887741678315,0.418652930989603,Au,COMPLETE
4496,-411.23188405791177,2026-04-07 11:16:50.305702,2026-04-07 11:16:51.049978,0 days 00:00:00.744276,22.060632294838435,19.166664060819127,0.45423970816020826,Au,COMPLETE
4497,-1.0,2026-04-07 11:16:50.389173,2026-04-07 11:16:51.035851,0 days 00:00:00.646678,21.770797112690907,19.011359005499457,0.3718843709764037,Au,COMPLETE
4498,-1.0,2026-04-07 11:16:50.495119,2026-04-07 11:16:51.315664,0 days 00:00:00.820545,22.08300485680815,19.073314005525145,0.4668838185384011,Au,COMPLETE
4499,-1.0,2026-04-07 11:16:50.524791,2026-04-07 11:16:51.282778,0 days 00:00:00.757987,22.125900723817537,19.25532788929497,0.4238917850535818,Au,COMPLETE
4500,-1.0,2026-04-07 11:16:50.538628,2026-04-07 11:16:51.161023,0 days 00:00:00.622395,22.369920120374267,19.22316923496782,0.4570018481445923,Au,COMPLETE
4501,-11.768447837148301,2026-04-07 11:16:50.584245,2026-04-07 11:16:51.163905,0 days 00:00:00.579660,22.438669288579298,19.32285826170729,0.43785326327800267,Au,COMPLETE
4502,-12.310606060604128,2026-04-07 11:16:50.916907,2026-04-07 11:16:51.717919,0 days 00:00:00.801012,22.42721935334277,19.26086771210107,0.45185088964024883,Au,COMPLETE
4503,-1.0,2026-04-07 11:16:50.973753,2026-04-07 11:16:51.718924,0 days 00:00:00.745171,22.232607895949723,18.406588251090987,0.45995036560314156,Au,COMPLETE
4504,1.3440860215052028,2026-04-07 11:16:51.191556,2026-04-07 11:16:51.923518,0 days 00:00:00.731962,25.259751923751345,18.432571645974654,0.4356663452644522,Au,COMPLETE
4505,-1.0,2026-04-07 11:16:51.352029,2026-04-07 11:16:52.009701,0 days 00:00:00.657672,25.43479191844469,18.41689499289313,0.4365370024212961,Au,COMPLETE
4506,1.3440860215052028,2026-04-07 11:16:51.412156,2026-04-07 11:16:52.195575,0 days 00:00:00.783419,25.419416866127893,18.39062680243193,0.3972417669920755,Au,COMPLETE
4507,2.604166666666341,2026-04-07 11:16:51.445673,2026-04-07 11:16:52.176947,0 days 00:00:00.731274,25.51970172675462,18.376957560882836,0.5042815187716503,Au,COMPLETE
4508,-1.0,2026-04-07 11:16:51.458215,2026-04-07 11:16:52.134859,0 days 00:00:00.676644,25.506415659223673,18.46484105149144,0.4760903663349703,Au,COMPLETE
4509,2.604166666666341,2026-04-07 11:16:51.563923,2026-04-07 11:16:52.321117,0 days 00:00:00.757194,25.534271029903266,18.406066246893218,0.4687497840737726,Au,COMPLETE
4510,-1.0,2026-04-07 11:16:51.977821,2026-04-07 11:16:52.830878,0 days 00:00:00.853057,22.90287729854242,19.019117092904434,0.2753486218761256,Au,COMPLETE
4511,-7.965686274508589,2026-04-07 11:16:52.056639,2026-04-07 11:16:52.738707,0 days 00:00:00.682068,23.517294243485058,18.877009913751014,0.43599322171663274,Au,COMPLETE
4512,-1.0,2026-04-07 11:16:52.139866,2026-04-07 11:16:53.035051,0 days 00:00:00.895185,23.3355375398588,18.830744821214253,0.3248819906395012,Au,COMPLETE
4513,-1.0,2026-04-07 11:16:52.243355,2026-04-07 11:16:52.914141,0 days 00:00:00.670786,23.053337754946227,19.08322685351616,0.408723033316622,Au,COMPLETE
4514,-1.0,2026-04-07 11:16:52.337746,2026-04-07 11:16:52.968755,0 days 00:00:00.631009,23.238303986171022,18.933717538398042,0.38138298279490884,Au,COMPLETE
4515,-1.0,2026-04-07 11:16:52.418934,2026-04-07 11:16:53.179266,0 days 00:00:00.760332,23.60338415789012,19.06491135810721,0.3837520105505487,Au,COMPLETE
4516,-7.965686274508589,2026-04-07 11:16:52.495087,2026-04-07 11:16:53.243342,0 days 00:00:00.748255,23.551693634189398,18.883308907501256,0.40455773823060737,Au,COMPLETE
4517,-1.0,2026-04-07 11:16:52.567211,2026-04-07 11:16:53.445311,0 days 00:00:00.878100,23.624506576556154,18.856115286937534,0.40174877689460337,Au,COMPLETE
4518,-1.0,2026-04-07 11:16:52.882229,2026-04-07 11:16:53.459758,0 days 00:00:00.577529,20.010977511439897,19.51681308616164,0.4043064573040755,Au,COMPLETE
4519,-12.499999999998087,2026-04-07 11:16:53.055701,2026-04-07 11:16:53.807889,0 days 00:00:00.752188,22.178489545649555,19.514273056496766,0.4077122827081178,Au,COMPLETE
4520,-1.0,2026-04-07 11:16:53.140845,2026-04-07 11:16:53.839171,0 days 00:00:00.698326,21.62449031802697,19.418795343241907,0.42467641849906923,Au,COMPLETE
4521,-1.0,2026-04-07 11:16:53.213408,2026-04-07 11:16:53.900429,0 days 00:00:00.687021,21.789941493851348,19.6011118393762,0.4117453174574144,Au,COMPLETE
4522,-1.0,2026-04-07 11:16:53.290273,2026-04-07 11:16:54.084818,0 days 00:00:00.794545,21.54615864414877,19.60148299087796,0.4770072629132474,Au,COMPLETE
4523,-1.0,2026-04-07 11:16:53.384472,2026-04-07 11:16:54.161474,0 days 00:00:00.777002,20.075604617959886,19.5214000659097,0.45753465743088784,Au,COMPLETE
4524,-1.0,2026-04-07 11:16:53.613341,2026-04-07 11:16:54.384711,0 days 00:00:00.771370,27.560714152667146,19.54506126842336,0.48939808572817545,Au,COMPLETE
4525,-410.92995169076204,2026-04-07 11:16:53.679152,2026-04-07 11:16:54.384711,0 days 00:00:00.705559,21.648855011157572,19.444357432126626,0.4287425456782022,Au,COMPLETE
4526,-1.0,2026-04-07 11:16:53.742469,2026-04-07 11:16:54.381905,0 days 00:00:00.639436,26.137794956241724,17.76634994831404,0.4668188657415907,Au,COMPLETE
4527,5.050505050504438,2026-04-07 11:16:54.010619,2026-04-07 11:16:54.924143,0 days 00:00:00.913524,26.911932953819267,17.7771528128932,0.37022624711606467,Au,COMPLETE
4528,-1.0,2026-04-07 11:16:54.087927,2026-04-07 11:16:54.993069,0 days 00:00:00.905142,27.08105346969481,19.999804985922566,0.3925893680466194,Au,COMPLETE
4529,-1.0,2026-04-07 11:16:54.164838,2026-04-07 11:16:54.944713,0 days 00:00:00.779875,27.08501309033599,17.777273147374416,0.503858779906409,Au,COMPLETE
4530,-1.0,2026-04-07 11:16:54.336893,2026-04-07 11:16:55.103843,0 days 00:00:00.766950,24.871310389955944,18.659833708814887,0.5016003098872223,Au,COMPLETE
4531,-1.0,2026-04-07 11:16:54.446052,2026-04-07 11:16:55.194636,0 days 00:00:00.748584,24.703707359038358,18.660649617303363,0.41883128589291924,Au,COMPLETE
4532,-1.0,2026-04-07 11:16:54.544432,2026-04-07 11:16:55.164319,0 days 00:00:00.619887,20.094521239993277,18.81161997971805,0.41571745944971616,Au,COMPLETE
4533,-1.0,2026-04-07 11:16:54.603363,2026-04-07 11:16:55.178164,0 days 00:00:00.574801,24.691023967555417,19.973710979518252,0.499288503242822,Au,COMPLETE
4534,1.3888888888887037,2026-04-07 11:16:54.678324,2026-04-07 11:16:55.270592,0 days 00:00:00.592268,24.812081312862436,18.695716560236743,0.44183110037594225,Au,COMPLETE
4535,-1.0,2026-04-07 11:16:55.102843,2026-04-07 11:16:55.954001,0 days 00:00:00.851158,21.747583331967913,19.34069135394343,0.3665477955369806,Au,COMPLETE
4536,-420.6790123456165,2026-04-07 11:16:55.151497,2026-04-07 11:16:55.885497,0 days 00:00:00.734000,22.20296383147436,19.264553113408617,0.3539015077298252,Au,COMPLETE
4537,-1.0,2026-04-07 11:16:55.232063,2026-04-07 11:16:55.960032,0 days 00:00:00.727969,21.783723600595827,19.314593400048246,0.37486883238090857,Au,COMPLETE
4538,-1.0,2026-04-07 11:16:55.294042,2026-04-07 11:16:55.949483,0 days 00:00:00.655441,20.028579882562518,19.23571959171773,0.37715728258729075,Au,COMPLETE
4539,-1.0,2026-04-07 11:16:55.323098,2026-04-07 11:16:55.988946,0 days 00:00:00.665848,21.74317894081286,19.2501377237546,0.4436968357747787,Au,COMPLETE
4540,-1.0,2026-04-07 11:16:55.357989,2026-04-07 11:16:56.116358,0 days 00:00:00.758369,21.911851425533072,19.167929910494927,0.3966355470200136,Au,COMPLETE
4541,-410.62801932361236,2026-04-07 11:16:55.384485,2026-04-07 11:16:55.961310,0 days 00:00:00.576825,21.691908392737943,19.368310775404513,0.4387594493388364,Au,COMPLETE
4542,-1.0,2026-04-07 11:16:55.419485,2026-04-07 11:16:55.982002,0 days 00:00:00.562517,21.731235967532868,19.271159807499178,0.44752769254919833,Au,COMPLETE
4543,4.166666666666111,2026-04-07 11:16:56.020597,2026-04-07 11:16:56.792993,0 days 00:00:00.772396,24.00118990795209,19.62207165619829,0.442082008918224,Au,COMPLETE
4544,-1.0,2026-04-07 11:16:56.107051,2026-04-07 11:16:56.794001,0 days 00:00:00.686950,23.692072463956155,19.652928365848858,0.47241868341088755,Au,COMPLETE
4545,83.33333333333088,2026-04-07 11:16:56.119371,2026-04-07 11:16:56.803250,0 days 00:00:00.683879,23.709150323131244,19.996380476873053,0.4434781989251464,Au,COMPLETE
4546,83.33333333333088,2026-04-07 11:16:56.152587,2026-04-07 11:16:56.709099,0 days 00:00:00.556512,23.98992640656451,19.972776589517434,0.44194224197476406,Au,COMPLETE
4547,0.0,2026-04-07 11:16:56.201066,2026-04-07 11:16:56.977377,0 days 00:00:00.776311,20.030715246097785,19.550703947374608,0.47195115585633124,Au,COMPLETE
4548,-1.0,2026-04-07 11:16:56.249616,2026-04-07 11:16:56.868089,0 days 00:00:00.618473,20.05702073905578,19.490341269331473,0.4348509581927602,Au,COMPLETE
4549,-1.0,2026-04-07 11:16:56.302228,2026-04-07 11:16:56.993712,0 days 00:00:00.691484,23.964923072181918,19.68356740243802,0.48289516627252144,Au,COMPLETE
4550,-1.0,2026-04-07 11:16:56.338976,2026-04-07 11:16:56.922524,0 days 00:00:00.583548,24.578780910995878,19.60161081373839,0.43676573672307323,Au,COMPLETE
4551,-1.0,2026-04-07 11:16:56.907067,2026-04-07 11:16:57.712950,0 days 00:00:00.805883,21.703457540239583,18.90517738124274,0.3689306416768036,Au,COMPLETE
4552,-1.0,2026-04-07 11:16:56.948640,2026-04-07 11:16:57.711403,0 days 00:00:00.762763,22.30685960221183,18.867474039415775,0.3650940776392291,Au,COMPLETE
4553,-381.19369369364284,2026-04-07 11:16:57.011012,2026-04-07 11:16:57.811642,0 days 00:00:00.800630,21.888754897546296,18.80716921896494,0.5357338418581318,Au,COMPLETE
4554,-372.7924944811867,2026-04-07 11:16:57.043978,2026-04-07 11:16:57.712407,0 days 00:00:00.668429,21.64453256390028,18.872231329603437,0.5240524859351221,Au,COMPLETE
4555,-357.48407643307564,2026-04-07 11:16:57.073395,2026-04-07 11:16:57.724521,0 days 00:00:00.651126,21.55894229301114,18.904213145702265,0.37087994043194417,Au,COMPLETE
4556,-1.0,2026-04-07 11:16:57.123868,2026-04-07 11:16:57.821921,0 days 00:00:00.698053,21.908531174802135,18.94277890632265,0.3719683650353107,Au,COMPLETE
4557,-1.0,2026-04-07 11:16:57.185036,2026-04-07 11:16:57.712950,0 days 00:00:00.527914,21.51878773463867,18.923455098988917,0.3623368965225952,Au,COMPLETE
4558,-1.0,2026-04-07 11:16:57.231850,2026-04-07 11:16:57.970293,0 days 00:00:00.738443,21.494776347307866,18.829725209297212,0.35926679477588896,Au,COMPLETE
4559,-340.70121951215356,2026-04-07 11:16:57.772416,2026-04-07 11:16:58.657808,0 days 00:00:00.885392,21.779617226942076,18.36302915064871,0.4972009273114825,Au,COMPLETE
4560,-1.0,2026-04-07 11:16:57.817002,2026-04-07 11:16:58.660448,0 days 00:00:00.843446,20.017023546291874,18.378432609920324,0.5220755873826868,Au,COMPLETE
4561,-1.0,2026-04-07 11:16:57.746567,2026-04-07 11:16:58.562858,0 days 00:00:00.816291,20.113250334710248,18.263367335396328,0.4940740521880302,Au,COMPLETE
4562,-1.0,2026-04-07 11:16:57.997383,2026-04-07 11:16:58.661479,0 days 00:00:00.664096,26.280471200924815,18.34541002138499,0.5339329800512224,Au,COMPLETE
4563,-1.0,2026-04-07 11:16:58.050980,2026-04-07 11:16:58.718816,0 days 00:00:00.667836,20.028684950763047,18.22127760327549,0.5290517934790061,Au,COMPLETE
4564,2.604166666666341,2026-04-07 11:16:58.076863,2026-04-07 11:16:58.658810,0 days 00:00:00.581947,25.621606357663822,18.287278779437862,0.5327349858355963,Au,COMPLETE
4565,3.9062499999995115,2026-04-07 11:16:58.105451,2026-04-07 11:16:58.901035,0 days 00:00:00.795584,25.75329519266635,18.33561054873199,0.5375264158207191,Au,COMPLETE
4566,-1.0,2026-04-07 11:16:58.285204,2026-04-07 11:16:58.863049,0 days 00:00:00.577845,26.29009554617341,18.266995832536594,0.5110026738082702,Au,COMPLETE
4567,-11.47342995168919,2026-04-07 11:16:58.702078,2026-04-07 11:16:59.433541,0 days 00:00:00.731463,23.164203678012427,18.588558663729373,0.5529091667302735,Au,COMPLETE
4568,-12.983091787437681,2026-04-07 11:16:58.824681,2026-04-07 11:16:59.482392,0 days 00:00:00.657711,22.914779282927594,18.661244260483492,0.47120879650269776,Au,COMPLETE
4569,-12.379227053138294,2026-04-07 11:16:58.870139,2026-04-07 11:16:59.649394,0 days 00:00:00.779255,22.97790684299317,18.602922703862713,0.5613450696026565,Au,COMPLETE
4570,-11.557177615570115,2026-04-07 11:16:58.919970,2026-04-07 11:16:59.649394,0 days 00:00:00.729424,23.037627196663507,18.6808451307191,0.5599278655687732,Au,COMPLETE
4571,-1.0,2026-04-07 11:16:58.934695,2026-04-07 11:16:59.581358,0 days 00:00:00.646663,23.142230561144345,18.750607588411853,0.4650946346668686,Au,COMPLETE
4572,-10.036496350363548,2026-04-07 11:16:59.006964,2026-04-07 11:16:59.580356,0 days 00:00:00.573392,23.226860232782705,18.727409667661394,0.5580389646696935,Au,COMPLETE
4573,-392.93981481476027,2026-04-07 11:16:59.104023,2026-04-07 11:16:59.677424,0 days 00:00:00.573401,22.437677522570333,18.66044216231792,0.48577254316176877,Au,COMPLETE
4574,-417.27941176464446,2026-04-07 11:16:59.316877,2026-04-07 11:16:59.856112,0 days 00:00:00.539235,22.13547629906075,19.138675390908453,0.49941030811948883,Au,COMPLETE
4575,0.0,2026-04-07 11:16:59.617694,2026-04-07 11:17:00.422076,0 days 00:00:00.804382,20.06682644641449,19.232299122764772,0.5159211141733804,Au,COMPLETE
4576,-407.6738609112121,2026-04-07 11:16:59.713542,2026-04-07 11:17:00.296990,0 days 00:00:00.583448,21.661391065956497,19.325486623399428,0.5086190775535013,Au,COMPLETE
4577,-1.0,2026-04-07 11:16:59.794535,2026-04-07 11:17:00.589211,0 days 00:00:00.794676,21.496226841623674,19.20766946882614,0.5118416125559149,Au,COMPLETE
4578,0.0,2026-04-07 11:16:59.820785,2026-04-07 11:17:00.425741,0 days 00:00:00.604956,20.216794551255376,19.220588309256367,0.4707877706084226,Au,COMPLETE
4579,-1.0,2026-04-07 11:16:59.881897,2026-04-07 11:17:00.639953,0 days 00:00:00.758056,20.116167232607314,19.20947552438209,0.5048422205363162,Au,COMPLETE
4580,0.0,2026-04-07 11:16:59.914433,2026-04-07 11:17:00.588205,0 days 00:00:00.673772,20.092261643820382,19.24618902477532,0.5132329480823308,Au,COMPLETE
4581,-1.0,2026-04-07 11:16:59.995850,2026-04-07 11:17:00.629629,0 days 00:00:00.633779,21.715626791007555,19.1935415119924,0.5017963296747698,Au,COMPLETE
4582,-1.0,2026-04-07 11:17:00.185674,2026-04-07 11:17:00.748785,0 days 00:00:00.563111,20.011274046613448,19.22337881799919,0.5150953201870585,Au,COMPLETE
4583,-1.0,2026-04-07 11:17:00.519427,2026-04-07 11:17:01.166800,0 days 00:00:00.647373,21.867049958737287,18.001168165951636,0.5017465161686392,Au,COMPLETE
4584,-1.0,2026-04-07 11:17:00.617952,2026-04-07 11:17:01.347688,0 days 00:00:00.729736,21.911153338008113,17.942920814914665,0.5428323166556591,Au,COMPLETE
4585,-331.34920634916693,2026-04-07 11:17:00.643569,2026-04-07 11:17:01.386578,0 days 00:00:00.743009,21.91682920139987,17.987915529149703,0.5892443154328139,Au,COMPLETE
4586,-1.0,2026-04-07 11:17:00.773745,2026-04-07 11:17:01.463424,0 days 00:00:00.689679,22.13338986584122,17.776508253689247,0.5728242547004778,Au,COMPLETE
4587,-1.0,2026-04-07 11:17:00.819372,2026-04-07 11:17:01.545754,0 days 00:00:00.726382,22.157935510549095,17.94985413849406,0.5812241264027105,Au,COMPLETE
4588,-1.0,2026-04-07 11:17:00.855111,2026-04-07 11:17:01.549533,0 days 00:00:00.694422,22.065649561507886,17.885586549606913,0.48729927371937126,Au,COMPLETE
4589,-1.0,2026-04-07 11:17:00.898427,2026-04-07 11:17:01.564958,0 days 00:00:00.666531,21.979506544355523,18.034990225729093,0.5734074646464669,Au,COMPLETE
4590,-329.6351084812234,2026-04-07 11:17:01.076381,2026-04-07 11:17:01.737739,0 days 00:00:00.661358,21.930067595795617,17.982195108926422,0.6024508613795986,Au,COMPLETE
4591,0.0,2026-04-07 11:17:01.384536,2026-04-07 11:17:02.052769,0 days 00:00:00.668233,20.041548699982204,18.11547681301355,0.48274239204353464,Au,COMPLETE
4592,-1.0,2026-04-07 11:17:01.476371,2026-04-07 11:17:02.177097,0 days 00:00:00.700726,21.94210699415924,18.586454886240656,0.4689786827430963,Au,COMPLETE
4593,-1.0,2026-04-07 11:17:01.539032,2026-04-07 11:17:02.332451,0 days 00:00:00.793419,20.088921378472673,18.510130391301924,0.5348366450073396,Au,COMPLETE
4594,-352.7253668762663,2026-04-07 11:17:01.623532,2026-04-07 11:17:02.326334,0 days 00:00:00.702802,21.80441851577487,18.480996468078775,0.5455487941790866,Au,COMPLETE
4595,-1.0,2026-04-07 11:17:01.703257,2026-04-07 11:17:02.426460,0 days 00:00:00.723203,20.012023166752105,18.38839220221356,0.6003334618392718,Au,COMPLETE
4596,0.0,2026-04-07 11:17:01.818102,2026-04-07 11:17:02.425450,0 days 00:00:00.607348,20.20367060181255,18.438115476560874,0.5826962874050403,Au,COMPLETE
4597,-349.99999999995623,2026-04-07 11:17:01.855644,2026-04-07 11:17:02.426460,0 days 00:00:00.570816,21.67099471268485,18.478622390087775,0.593203641902031,Au,COMPLETE
4598,-1.0,2026-04-07 11:17:01.907210,2026-04-07 11:17:02.512057,0 days 00:00:00.604847,20.00156370755924,17.65408862671014,0.48112135984866217,Au,COMPLETE
4599,-1.0,2026-04-07 11:17:02.239065,2026-04-07 11:17:02.950283,0 days 00:00:00.711218,21.83483409864298,17.691787086401042,0.5051710858587998,Au,COMPLETE
4600,-1.7006802721086516,2026-04-07 11:17:02.397566,2026-04-07 11:17:03.267479,0 days 00:00:00.869913,24.375297585768365,18.56174763158787,0.6087297993159169,Au,COMPLETE
4601,-1.0,2026-04-07 11:17:02.522300,2026-04-07 11:17:03.241473,0 days 00:00:00.719173,24.41116067512239,18.569727576100366,0.5537463130022804,Au,COMPLETE
4602,-354.9578059071283,2026-04-07 11:17:02.586642,2026-04-07 11:17:03.381191,0 days 00:00:00.794549,21.94093124277065,18.3606809523283,0.5939212888791948,Au,COMPLETE
4603,-1.0,2026-04-07 11:17:02.600433,2026-04-07 11:17:03.316249,0 days 00:00:00.715816,22.11920170777901,18.57660809850446,0.549007311056549,Au,COMPLETE
4604,-1.0,2026-04-07 11:17:02.613915,2026-04-07 11:17:03.244238,0 days 00:00:00.630323,24.336694046653854,18.603666856237002,0.5592396442445303,Au,COMPLETE
4605,-1.7123287671230953,2026-04-07 11:17:02.645841,2026-04-07 11:17:03.241473,0 days 00:00:00.595632,24.321665985774235,18.59896222124498,0.60312751162955,Au,COMPLETE
4606,-1.9977168949769173,2026-04-07 11:17:02.716456,2026-04-07 11:17:03.380193,0 days 00:00:00.663737,24.35486048172874,18.61853030110738,0.5494166471241618,Au,COMPLETE
4607,-1.0,2026-04-07 11:17:03.186711,2026-04-07 11:17:03.883186,0 days 00:00:00.696475,24.368636710622283,18.632177593651697,0.5456836584545638,Au,COMPLETE
4608,-1.0,2026-04-07 11:17:03.359906,2026-04-07 11:17:04.096615,0 days 00:00:00.736709,21.832061248708712,18.939739918985946,0.5372451106705637,Au,COMPLETE
4609,-340.70121951215356,2026-04-07 11:17:03.428876,2026-04-07 11:17:04.070070,0 days 00:00:00.641194,21.99181907480915,18.19334834014066,0.5201189745057794,Au,COMPLETE
4610,-378.35570469793595,2026-04-07 11:17:03.442597,2026-04-07 11:17:04.215879,0 days 00:00:00.773282,21.749790591403816,18.87936505750205,0.5259407463003238,Au,COMPLETE
4611,-386.7009132419558,2026-04-07 11:17:03.457775,2026-04-07 11:17:04.239039,0 days 00:00:00.781264,21.830051115392187,18.915327327063093,0.527594993304594,Au,COMPLETE
4612,-1.0,2026-04-07 11:17:03.512122,2026-04-07 11:17:04.316425,0 days 00:00:00.804303,23.04228190764557,18.90226463292079,0.5149658527104962,Au,COMPLETE
4613,-1.0,2026-04-07 11:17:03.536889,2026-04-07 11:17:04.213825,0 days 00:00:00.676936,22.08368721048425,18.21951726821608,0.5153095307475685,Au,COMPLETE
4614,-395.68764568759013,2026-04-07 11:17:03.651169,2026-04-07 11:17:04.316425,0 days 00:00:00.665256,22.000023572006306,18.952724762590613,0.5138225560356492,Au,COMPLETE
4615,-1.0,2026-04-07 11:17:04.131490,2026-04-07 11:17:04.841351,0 days 00:00:00.709861,25.384179597518422,18.945110556634926,0.6134769845199868,Au,COMPLETE
4616,-1.0,2026-04-07 11:17:04.209820,2026-04-07 11:17:05.063585,0 days 00:00:00.853765,25.817710264227788,18.998516155024582,0.6053753382615691,Au,COMPLETE
4617,-1.0,2026-04-07 11:17:04.305771,2026-04-07 11:17:05.048676,0 days 00:00:00.742905,25.889981615987736,19.00545713334144,0.5920600197128749,Au,COMPLETE
4618,-1.0,2026-04-07 11:17:04.390928,2026-04-07 11:17:05.162982,0 days 00:00:00.772054,26.10091792280089,19.01024532437188,0.633627654724421,Au,COMPLETE
4619,-1.0,2026-04-07 11:17:04.430583,2026-04-07 11:17:05.189256,0 days 00:00:00.758673,25.827912721177068,19.00405853389795,0.6191559381019713,Au,COMPLETE
4620,-1.0,2026-04-07 11:17:04.445586,2026-04-07 11:17:05.027449,0 days 00:00:00.581863,20.054305691934058,18.92322751126549,0.5552009715743795,Au,COMPLETE
4621,-1.0,2026-04-07 11:17:04.513685,2026-04-07 11:17:05.461619,0 days 00:00:00.947934,20.096251225332352,18.93361818753092,0.6235461587791357,Au,COMPLETE
4622,0.0,2026-04-07 11:17:04.535797,2026-04-07 11:17:05.255422,0 days 00:00:00.719625,20.06245445751806,19.003084874936,0.5640936672379313,Au,COMPLETE
4623,-1.0,2026-04-07 11:17:05.068064,2026-04-07 11:17:05.927383,0 days 00:00:00.859319,23.302003051435385,19.055013347524877,0.5334612463484277,Au,COMPLETE
4624,1.3888888888887037,2026-04-07 11:17:05.159478,2026-04-07 11:17:06.034093,0 days 00:00:00.874615,23.916903869345532,19.28365831120559,0.534507525849996,Au,COMPLETE
4625,-1.0,2026-04-07 11:17:05.260534,2026-04-07 11:17:06.226687,0 days 00:00:00.966153,23.376705701757892,19.394692237592608,0.5264304509611013,Au,COMPLETE
4626,-1.0,2026-04-07 11:17:05.456594,2026-04-07 11:17:06.317913,0 days 00:00:00.861319,23.523127431492693,19.4527639561123,0.5294385491403534,Au,COMPLETE
4627,-1.0,2026-04-07 11:17:05.542239,2026-04-07 11:17:06.316916,0 days 00:00:00.774677,23.456290815717107,19.393057200489512,0.5246863576890661,Au,COMPLETE
4628,-1.0,2026-04-07 11:17:05.581432,2026-04-07 11:17:06.429296,0 days 00:00:00.847864,23.53354924625065,19.466000603336067,0.4696055483344566,Au,COMPLETE
4629,-1.0,2026-04-07 11:17:05.679250,2026-04-07 11:17:06.392188,0 days 00:00:00.712938,23.07323117321532,19.37650633397664,0.4763835061063169,Au,COMPLETE
4630,-1.0,2026-04-07 11:17:05.791241,2026-04-07 11:17:06.521382,0 days 00:00:00.730141,23.502837873775135,19.48424495744631,0.5308899353655803,Au,COMPLETE
4631,-362.3655913978025,2026-04-07 11:17:06.177218,2026-04-07 11:17:07.009215,0 days 00:00:00.831997,21.690445289787505,18.767459081432285,0.4732220303705842,Au,COMPLETE
4632,-1.0,2026-04-07 11:17:06.288135,2026-04-07 11:17:07.008215,0 days 00:00:00.720080,21.623020369844607,18.752990141767782,0.47313775347004194,Au,COMPLETE
4633,-357.48407643307564,2026-04-07 11:17:06.477245,2026-04-07 11:17:07.234191,0 days 00:00:00.756946,21.604614514928297,18.74618783461872,0.4857171583336948,Au,COMPLETE
4634,-1.0,2026-04-07 11:17:06.524427,2026-04-07 11:17:07.168179,0 days 00:00:00.643752,21.82338262244082,18.737703259645823,0.4810869552534356,Au,COMPLETE
4635,-392.93981481476027,2026-04-07 11:17:06.583555,2026-04-07 11:17:07.325740,0 days 00:00:00.742185,22.100168727630177,18.790750482057145,0.579618309358713,Au,COMPLETE
4636,-1.0,2026-04-07 11:17:06.598711,2026-04-07 11:17:07.249428,0 days 00:00:00.650717,21.76857460258441,18.78497613109192,0.5791411476765815,Au,COMPLETE
4637,-381.4752252251737,2026-04-07 11:17:06.656370,2026-04-07 11:17:07.312130,0 days 00:00:00.655760,21.943427750124858,18.852926514087592,0.4730131980743157,Au,COMPLETE
4638,0.0,2026-04-07 11:17:06.757477,2026-04-07 11:17:07.500132,0 days 00:00:00.742655,20.01316130769418,18.81927915188075,0.5756255302247695,Au,COMPLETE
4639,0.0,2026-04-07 11:17:07.207351,2026-04-07 11:17:07.978094,0 days 00:00:00.770743,20.01032626243598,19.14941968027806,0.45554971162712277,Au,COMPLETE
4640,82.40740740740496,2026-04-07 11:17:07.301812,2026-04-07 11:17:08.007404,0 days 00:00:00.705592,26.937604755710872,19.159096285025612,0.4850227747054307,Au,COMPLETE
4641,82.10784313725247,2026-04-07 11:17:07.361657,2026-04-07 11:17:08.092359,0 days 00:00:00.730702,26.50177627810285,19.304510077880522,0.49506735342139124,Au,COMPLETE
4642,-1.0,2026-04-07 11:17:07.393777,2026-04-07 11:17:08.123474,0 days 00:00:00.729697,27.785481694780923,19.15250529295326,0.4929097948949226,Au,COMPLETE
4643,81.7901234567877,2026-04-07 11:17:07.475619,2026-04-07 11:17:08.237359,0 days 00:00:00.761740,27.40179580311265,19.197980101915746,0.4993073102257683,Au,COMPLETE
4644,-1.0,2026-04-07 11:17:07.549294,2026-04-07 11:17:08.282188,0 days 00:00:00.732894,26.71113859843449,19.143404100238733,0.49538348003282207,Au,COMPLETE
4645,0.0,2026-04-07 11:17:07.724116,2026-04-07 11:17:08.397556,0 days 00:00:00.673440,20.007338985591566,19.236886461540266,0.45811970330265867,Au,COMPLETE
4646,82.09876543209633,2026-04-07 11:17:07.785185,2026-04-07 11:17:08.499343,0 days 00:00:00.714158,26.82522186676682,19.569494164828086,0.5015048863457773,Au,COMPLETE
4647,-1.0,2026-04-07 11:17:08.140064,2026-04-07 11:17:08.987589,0 days 00:00:00.847525,25.027049412568655,19.55459732476114,0.45735898986254,Au,COMPLETE
4648,83.02696078431127,2026-04-07 11:17:08.171147,2026-04-07 11:17:08.925540,0 days 00:00:00.754393,24.780128099010234,19.561978521445734,0.44597423587134477,Au,COMPLETE
4649,-1.0,2026-04-07 11:17:08.311340,2026-04-07 11:17:09.071790,0 days 00:00:00.760450,24.912300925988447,19.518871596107722,0.570874826196323,Au,COMPLETE
4650,-1.0,2026-04-07 11:17:08.330048,2026-04-07 11:17:09.116245,0 days 00:00:00.786197,24.4189035803743,19.663987695297042,0.44203332069135426,Au,COMPLETE
4651,-1.0,2026-04-07 11:17:08.419497,2026-04-07 11:17:09.264030,0 days 00:00:00.844533,25.000403934696962,19.671017654003304,0.44132968431292174,Au,COMPLETE
4652,-1.0,2026-04-07 11:17:08.436604,2026-04-07 11:17:09.262961,0 days 00:00:00.826357,24.582175895824285,19.653432437089613,0.45383616522512743,Au,COMPLETE
4653,-1.0,2026-04-07 11:17:08.750544,2026-04-07 11:17:09.431924,0 days 00:00:00.681380,24.605888135326143,18.927892506664143,0.5544324641643703,Au,COMPLETE
4654,83.33333333333088,2026-04-07 11:17:08.791961,2026-04-07 11:17:09.432475,0 days 00:00:00.640514,24.757578199880616,19.57847871656203,0.43972309456672487,Au,COMPLETE
4655,0.0,2026-04-07 11:17:09.150122,2026-04-07 11:17:09.982102,0 days 00:00:00.831980,20.07911687047357,18.85551547978046,0.5350968966773193,Au,COMPLETE
4656,-1.0,2026-04-07 11:17:09.228022,2026-04-07 11:17:09.930815,0 days 00:00:00.702793,20.090343145846226,18.93305670126946,0.5276300776363464,Au,COMPLETE
4657,0.0,2026-04-07 11:17:09.267928,2026-04-07 11:17:10.005397,0 days 00:00:00.737469,20.0448015599137,18.90212490646196,0.549763457058376,Au,COMPLETE
4658,-1.0,2026-04-07 11:17:09.354938,2026-04-07 11:17:10.175954,0 days 00:00:00.821016,20.008581027884198,18.924765782648837,0.5184668301481291,Au,COMPLETE
4659,-1.0,2026-04-07 11:17:09.531069,2026-04-07 11:17:10.130890,0 days 00:00:00.599821,21.92029254562658,18.864326616552503,0.5292695045299224,Au,COMPLETE
4660,-392.6504629629084,2026-04-07 11:17:09.591789,2026-04-07 11:17:10.255154,0 days 00:00:00.663365,21.94957332361804,18.911450900519426,0.5363244200745777,Au,COMPLETE
4661,-1.0,2026-04-07 11:17:09.618855,2026-04-07 11:17:10.223824,0 days 00:00:00.604969,21.944306501960753,18.807425525800966,0.5327248917210732,Au,COMPLETE
4662,-1.0,2026-04-07 11:17:09.817660,2026-04-07 11:17:10.626729,0 days 00:00:00.809069,22.3339624832397,18.38269016888339,0.4942967052983765,Au,COMPLETE
4663,-1.0,2026-04-07 11:17:10.164221,2026-04-07 11:17:11.217142,0 days 00:00:01.052921,23.123531986931514,19.281234502138393,0.49069246906665076,Au,COMPLETE
4664,-1.0,2026-04-07 11:17:10.212419,2026-04-07 11:17:11.023346,0 days 00:00:00.810927,23.081113224215766,19.287839771187087,0.48378963805314323,Au,COMPLETE
4665,-2.6595744680847093,2026-04-07 11:17:10.228467,2026-04-07 11:17:10.823720,0 days 00:00:00.595253,23.57835197650032,19.262238922967803,0.4890357971542748,Au,COMPLETE
4666,-1.0,2026-04-07 11:17:10.314182,2026-04-07 11:17:11.036465,0 days 00:00:00.722283,22.838823917319495,19.246525076322754,0.47154904034807593,Au,COMPLETE
4667,-6.172839506171846,2026-04-07 11:17:10.350313,2026-04-07 11:17:11.081447,0 days 00:00:00.731134,23.13226232008759,19.27877770739302,0.49144133840248294,Au,COMPLETE
4668,-5.208333333332545,2026-04-07 11:17:10.402808,2026-04-07 11:17:11.131814,0 days 00:00:00.729006,23.29195267113504,19.25635606574551,0.47735453678191203,Au,COMPLETE
4669,-1.0,2026-04-07 11:17:10.430140,2026-04-07 11:17:11.324655,0 days 00:00:00.894515,23.267273030915238,19.15617133979074,0.4759341001376917,Au,COMPLETE
4670,-1.0,2026-04-07 11:17:10.850637,2026-04-07 11:17:11.560869,0 days 00:00:00.710232,23.258814940937917,19.22285016509448,0.4636873353634629,Au,COMPLETE
4671,-1.0,2026-04-07 11:17:10.983207,2026-04-07 11:17:11.605593,0 days 00:00:00.622386,22.003995903107985,18.581951607440683,0.4338092337541228,Au,COMPLETE
4672,0.0,2026-04-07 11:17:11.243300,2026-04-07 11:17:12.032637,0 days 00:00:00.789337,20.01271797501807,18.618334431671936,0.5778218234404884,Au,COMPLETE
4673,-1.0,2026-04-07 11:17:11.273559,2026-04-07 11:17:11.851168,0 days 00:00:00.577609,25.735871156870544,18.574947116214705,0.572152771504609,Au,COMPLETE
4674,-1.0,2026-04-07 11:17:11.323654,2026-04-07 11:17:12.165058,0 days 00:00:00.841404,26.562038063164774,18.56460802343209,0.5777481491219194,Au,COMPLETE
4675,82.72058823529169,2026-04-07 11:17:11.374087,2026-04-07 11:17:12.196390,0 days 00:00:00.822303,25.89667153207276,18.553519683325373,0.5717845902387625,Au,COMPLETE
4676,2.604166666666341,2026-04-07 11:17:11.399247,2026-04-07 11:17:12.032637,0 days 00:00:00.633390,25.439981198117035,18.26621791298092,0.5741498857499289,Au,COMPLETE
4677,0.0,2026-04-07 11:17:11.470500,2026-04-07 11:17:12.182627,0 days 00:00:00.712127,27.77188212486483,19.692464340855224,0.5692140463740887,Au,COMPLETE
4678,-1.0,2026-04-07 11:17:11.812650,2026-04-07 11:17:12.662162,0 days 00:00:00.849512,27.55428255006228,19.697929589574176,0.43006823220100676,Au,COMPLETE
4679,-1.0,2026-04-07 11:17:11.857693,2026-04-07 11:17:12.468086,0 days 00:00:00.610393,27.709473642576754,18.193781435562677,0.4188592482918443,Au,COMPLETE
4680,-434.16030534344486,2026-04-07 11:17:12.073020,2026-04-07 11:17:12.727457,0 days 00:00:00.654437,21.662271798741,19.695663858668734,0.4254827112618446,Au,COMPLETE
4681,-1.0,2026-04-07 11:17:12.230376,2026-04-07 11:17:12.945213,0 days 00:00:00.714837,22.078708045268893,19.66092096121427,0.41433980561202133,Au,COMPLETE
4682,-1.0,2026-04-07 11:17:12.272280,2026-04-07 11:17:13.026015,0 days 00:00:00.753735,21.608660684755208,19.576476904959765,0.43575832730466774,Au,COMPLETE
4683,-437.820512820445,2026-04-07 11:17:12.367561,2026-04-07 11:17:13.183656,0 days 00:00:00.816095,21.788282108967465,19.69970942890463,0.4344155679138159,Au,COMPLETE
4684,-441.2144702841686,2026-04-07 11:17:12.434005,2026-04-07 11:17:13.089351,0 days 00:00:00.655346,21.73107089284341,19.62780067771311,0.6345576230597602,Au,COMPLETE
4685,0.0,2026-04-07 11:17:12.473846,2026-04-07 11:17:13.196364,0 days 00:00:00.722518,20.019353707306085,18.985978655300723,0.6325024398609957,Au,COMPLETE
4686,-1.0,2026-04-07 11:17:12.678303,2026-04-07 11:17:13.279915,0 days 00:00:00.601612,21.885108923568936,19.678921388813205,0.42476130523395267,Au,COMPLETE
4687,-1.0,2026-04-07 11:17:12.903807,2026-04-07 11:17:13.567983,0 days 00:00:00.664176,24.24312406165078,19.59815789814631,0.42809549312182665,Au,COMPLETE
4688,-1.0,2026-04-07 11:17:12.949726,2026-04-07 11:17:13.799507,0 days 00:00:00.849781,24.558815984363935,19.739013087811642,0.6322469607284708,Au,COMPLETE
4689,-1.0,2026-04-07 11:17:13.139028,2026-04-07 11:17:13.921223,0 days 00:00:00.782195,24.822797748129037,19.986031333641396,0.41570283712247047,Au,COMPLETE
4690,-1.0,2026-04-07 11:17:13.200627,2026-04-07 11:17:14.201350,0 days 00:00:01.000723,24.52861762542,19.975234471455295,0.4239679743417723,Au,COMPLETE
4691,-1.0,2026-04-07 11:17:13.283461,2026-04-07 11:17:14.029147,0 days 00:00:00.745686,24.51374334483064,19.846261986911657,0.42774627810319044,Au,COMPLETE
4692,83.33333333333088,2026-04-07 11:17:13.388288,2026-04-07 11:17:14.172524,0 days 00:00:00.784236,24.63741830281693,19.78364317934586,0.4180503104552586,Au,COMPLETE
4693,-1.0,2026-04-07 11:17:13.431324,2026-04-07 11:17:14.126219,0 days 00:00:00.694895,24.400769383555676,19.97161649260927,0.4271922619695714,Au,COMPLETE
4694,5.376344086020811,2026-04-07 11:17:13.618583,2026-04-07 11:17:14.292081,0 days 00:00:00.673498,24.494334533910987,19.428394460946055,0.4165515315758005,Au,COMPLETE
4695,-1.0,2026-04-07 11:17:13.760933,2026-04-07 11:17:14.391906,0 days 00:00:00.630973,24.112229099308227,19.99642825669262,0.45309273461528304,Au,COMPLETE
4696,-1.0,2026-04-07 11:17:14.068490,2026-04-07 11:17:14.874416,0 days 00:00:00.805926,21.633175534336882,19.47199757469741,0.5106635050694553,Au,COMPLETE
4697,-423.81840796013535,2026-04-07 11:17:14.183507,2026-04-07 11:17:15.015534,0 days 00:00:00.832027,21.525850296917213,19.588670314218454,0.5265384521516892,Au,COMPLETE
4698,-1.0,2026-04-07 11:17:14.295590,2026-04-07 11:17:14.987691,0 days 00:00:00.692101,21.691242396615923,19.496272681760875,0.5137969677528575,Au,COMPLETE
4699,-1.0,2026-04-07 11:17:14.368513,2026-04-07 11:17:15.214230,0 days 00:00:00.845717,21.90272356585802,19.49755774586898,0.5106629800875387,Au,COMPLETE
4700,-1.0,2026-04-07 11:17:14.442948,2026-04-07 11:17:15.118200,0 days 00:00:00.675252,20.013042876721688,19.546355492435765,0.5005656938995443,Au,COMPLETE
4701,-1.0,2026-04-07 11:17:14.554816,2026-04-07 11:17:15.201447,0 days 00:00:00.646631,20.118231978728023,19.520778038982737,0.5283816579454476,Au,COMPLETE
4702,-1.0,2026-04-07 11:17:14.594291,2026-04-07 11:17:15.212725,0 days 00:00:00.618434,20.085101652148676,19.530355737736347,0.5032872678933398,Au,COMPLETE
4703,-1.0,2026-04-07 11:17:14.716593,2026-04-07 11:17:15.292730,0 days 00:00:00.576137,21.7719161412518,19.581948884883097,0.5178269874671287,Au,COMPLETE
4704,-1.0,2026-04-07 11:17:15.039270,2026-04-07 11:17:15.895877,0 days 00:00:00.856607,23.107425985665408,19.70955666546868,0.5501849741699725,Au,COMPLETE
4705,82.40740740740496,2026-04-07 11:17:15.192282,2026-04-07 11:17:15.883260,0 days 00:00:00.690978,26.227789753273683,19.920780513824482,0.462253659209801,Au,COMPLETE
4706,-1.0,2026-04-07 11:17:15.315874,2026-04-07 11:17:15.975725,0 days 00:00:00.659851,23.244858259113784,19.946820882151567,0.46450195868163974,Au,COMPLETE
4707,2.873563218390408,2026-04-07 11:17:15.365543,2026-04-07 11:17:16.045400,0 days 00:00:00.679857,23.290137875853354,19.867314591945576,0.5469044512553881,Au,COMPLETE
4708,82.40740740740496,2026-04-07 11:17:15.379597,2026-04-07 11:17:16.125592,0 days 00:00:00.745995,26.267500822322766,19.747958815071343,0.45921125424526665,Au,COMPLETE
4709,-1.0,2026-04-07 11:17:15.428557,2026-04-07 11:17:16.145392,0 days 00:00:00.716835,26.33923347691922,19.99220097526402,0.4707140606158209,Au,COMPLETE
4710,82.09876543209633,2026-04-07 11:17:15.474121,2026-04-07 11:17:16.124081,0 days 00:00:00.649960,26.36633514782113,19.87493974680803,0.5485987105858412,Au,COMPLETE
4711,-1.0,2026-04-07 11:17:15.590852,2026-04-07 11:17:16.433755,0 days 00:00:00.842903,26.213491230490195,19.991138728039253,0.4623632332251807,Au,COMPLETE
4712,-4.562043795619796,2026-04-07 11:17:16.084438,2026-04-07 11:17:17.052003,0 days 00:00:00.967565,23.10933279791121,19.23633546029335,0.6453511853012933,Au,COMPLETE
4713,-1.0,2026-04-07 11:17:16.149066,2026-04-07 11:17:16.877799,0 days 00:00:00.728733,22.995110523098408,19.12972206273242,0.5946103257137612,Au,COMPLETE
4714,-1.0,2026-04-07 11:17:16.226748,2026-04-07 11:17:16.950530,0 days 00:00:00.723782,28.615284945213574,19.098839857966748,0.5344974949003709,Au,COMPLETE
4715,-5.514705882352086,2026-04-07 11:17:16.257839,2026-04-07 11:17:16.975590,0 days 00:00:00.717751,23.062527220032994,19.214063465459255,0.6272493055002659,Au,COMPLETE
4716,-1.0,2026-04-07 11:17:16.272675,2026-04-07 11:17:17.009128,0 days 00:00:00.736453,23.03354872628863,19.226214922673837,0.6023713051124665,Au,COMPLETE
4717,-1.0,2026-04-07 11:17:16.307126,2026-04-07 11:17:17.099608,0 days 00:00:00.792482,20.09966821344571,19.20233939675385,0.6044953088866176,Au,COMPLETE
4718,-1.0,2026-04-07 11:17:16.356500,2026-04-07 11:17:17.052003,0 days 00:00:00.695503,23.225240424872105,19.286335625499365,0.6061238259612277,Au,COMPLETE
4719,-1.0,2026-04-07 11:17:16.675938,2026-04-07 11:17:17.389167,0 days 00:00:00.713229,22.992942824627363,19.160091973851035,0.6452919268773273,Au,COMPLETE
4720,-1.0,2026-04-07 11:17:16.996634,2026-04-07 11:17:17.726690,0 days 00:00:00.730056,21.616181872754556,19.47764668761222,0.5004544579545259,Au,COMPLETE
4721,-1.0,2026-04-07 11:17:17.104223,2026-04-07 11:17:17.872549,0 days 00:00:00.768326,20.009983469355937,19.409541056462018,0.4902846228047271,Au,COMPLETE
4722,-1.0,2026-04-07 11:17:17.151604,2026-04-07 11:17:17.802676,0 days 00:00:00.651072,22.062688536898687,19.57454718731689,0.5380236732595375,Au,COMPLETE
4723,-1.0,2026-04-07 11:17:17.230047,2026-04-07 11:17:17.897937,0 days 00:00:00.667890,21.81878862590704,19.442271011867973,0.530284383457345,Au,COMPLETE
4724,0.0,2026-04-07 11:17:17.242979,2026-04-07 11:17:17.976738,0 days 00:00:00.733759,20.082479652108006,19.46970089538669,0.49652836650951104,Au,COMPLETE
4725,-423.81840796013535,2026-04-07 11:17:17.258854,2026-04-07 11:17:17.898979,0 days 00:00:00.640125,21.692599526848785,19.490731564071623,0.5053826290452476,Au,COMPLETE
4726,-427.31829573928434,2026-04-07 11:17:17.308840,2026-04-07 11:17:17.990597,0 days 00:00:00.681757,21.700037656766508,19.536408885622283,0.5115099826893226,Au,COMPLETE
4727,0.0,2026-04-07 11:17:17.636657,2026-04-07 11:17:18.397755,0 days 00:00:00.761098,20.115937297257393,19.494904402650942,0.5214606596463618,Au,COMPLETE
4728,0.0,2026-04-07 11:17:17.947927,2026-04-07 11:17:18.669383,0 days 00:00:00.721456,28.627186336721863,19.97742857621731,0.5616550487725243,Au,COMPLETE
4729,-1.0,2026-04-07 11:17:18.009944,2026-04-07 11:17:18.748453,0 days 00:00:00.738509,25.045931137385022,19.98349736109533,0.4501152131261331,Au,COMPLETE
4730,82.72058823529169,2026-04-07 11:17:18.076381,2026-04-07 11:17:18.761697,0 days 00:00:00.685316,25.082709082548718,19.663543801168004,0.5595764108422514,Au,COMPLETE
4731,-1.0,2026-04-07 11:17:18.122090,2026-04-07 11:17:18.749826,0 days 00:00:00.627736,25.50352573536413,19.709880834792845,0.5574402089507853,Au,COMPLETE
4732,0.0,2026-04-07 11:17:18.135381,2026-04-07 11:17:18.751040,0 days 00:00:00.615659,27.98582388939445,19.98186402914743,0.5618153003960122,Au,COMPLETE
4733,0.0,2026-04-07 11:17:18.150240,2026-04-07 11:17:18.747449,0 days 00:00:00.597209,27.970729671820415,19.990822493588027,0.5605297857614839,Au,COMPLETE
4734,-1.0,2026-04-07 11:17:18.216461,2026-04-07 11:17:18.855500,0 days 00:00:00.639039,20.013330500770966,19.67455478878913,0.5569718848352295,Au,COMPLETE
4735,-1.0,2026-04-07 11:17:18.717632,2026-04-07 11:17:19.680555,0 days 00:00:00.962923,23.840098366593573,19.138877084016773,0.46009339359521756,Au,COMPLETE
4736,-2.955082742316325,2026-04-07 11:17:18.827334,2026-04-07 11:17:19.617530,0 days 00:00:00.790196,23.734481357714845,19.131583175285954,0.4586612613847358,Au,COMPLETE
4737,-1.0,2026-04-07 11:17:18.917246,2026-04-07 11:17:19.617530,0 days 00:00:00.700284,23.725116730782293,19.17855927402551,0.4721095867255722,Au,COMPLETE
4738,-1.0,2026-04-07 11:17:18.934028,2026-04-07 11:17:19.619034,0 days 00:00:00.685006,23.666098456607724,19.13126231639678,0.4564211102413471,Au,COMPLETE
4739,-1.0,2026-04-07 11:17:18.950364,2026-04-07 11:17:19.582600,0 days 00:00:00.632236,23.84039559876243,19.15849378366364,0.4537254751192319,Au,COMPLETE
4740,-1.0,2026-04-07 11:17:18.986614,2026-04-07 11:17:19.552133,0 days 00:00:00.565519,23.60437703028162,19.141667417883866,0.46108401638581187,Au,COMPLETE
4741,-1.0,2026-04-07 11:17:18.998687,2026-04-07 11:17:19.763773,0 days 00:00:00.765086,23.722019422723168,19.18808514532578,0.4565756453503501,Au,COMPLETE
4742,-1.0,2026-04-07 11:17:19.013736,2026-04-07 11:17:19.697578,0 days 00:00:00.683842,23.544534529710145,19.27852636166133,0.46562266920908074,Au,COMPLETE
4743,-1.0,2026-04-07 11:17:19.615530,2026-04-07 11:17:20.372239,0 days 00:00:00.756709,21.9079255156662,19.40993539835162,0.5045152642925526,Au,COMPLETE
4744,-1.0,2026-04-07 11:17:19.584599,2026-04-07 11:17:20.420523,0 days 00:00:00.835924,21.97415945313906,19.590059744947258,0.40578755146897705,Au,COMPLETE
4745,-430.87121212114675,2026-04-07 11:17:19.825203,2026-04-07 11:17:20.526802,0 days 00:00:00.701599,21.70071333029334,19.60749303158889,0.4982988316263976,Au,COMPLETE
4746,-430.5555555554903,2026-04-07 11:17:19.864773,2026-04-07 11:17:20.635485,0 days 00:00:00.770712,21.689376130037548,19.57336158949993,0.5057441774520937,Au,COMPLETE
4747,-430.87121212114675,2026-04-07 11:17:19.887366,2026-04-07 11:17:20.499641,0 days 00:00:00.612275,21.74740958006849,19.553225024138243,0.5132659043386976,Au,COMPLETE
4748,-1.0,2026-04-07 11:17:19.903722,2026-04-07 11:17:20.525170,0 days 00:00:00.621448,20.048768477364078,19.619325932542868,0.5119373018704788,Au,COMPLETE
4749,-430.5555555554903,2026-04-07 11:17:19.941652,2026-04-07 11:17:20.731854,0 days 00:00:00.790202,21.753097756523616,19.53318595952869,0.511162431742481,Au,COMPLETE
4750,-1.0,2026-04-07 11:17:20.001311,2026-04-07 11:17:20.601820,0 days 00:00:00.600509,21.678988352275287,19.60116433144389,0.5134003613140747,Au,COMPLETE
4751,82.40740740740496,2026-04-07 11:17:20.561539,2026-04-07 11:17:21.207185,0 days 00:00:00.645646,26.33052127703747,19.70043839011656,0.4964753470259238,Au,COMPLETE
4752,82.10784313725247,2026-04-07 11:17:20.660235,2026-04-07 11:17:21.223318,0 days 00:00:00.563083,25.83072587538161,19.76607685217302,0.5226187089670059,Au,COMPLETE
4753,-1.0,2026-04-07 11:17:20.690000,2026-04-07 11:17:21.350861,0 days 00:00:00.660861,25.926183736522653,19.965605574718094,0.5034174111367508,Au,COMPLETE
4754,-1.0,2026-04-07 11:17:20.702987,2026-04-07 11:17:21.526094,0 days 00:00:00.823107,26.354348258202492,19.79080976584259,0.5006758169590487,Au,COMPLETE
4755,82.10784313725247,2026-04-07 11:17:20.720111,2026-04-07 11:17:21.353489,0 days 00:00:00.633378,25.98496744810009,19.716919502215813,0.4982599152317999,Au,COMPLETE
4756,-1.0,2026-04-07 11:17:20.784894,2026-04-07 11:17:21.498424,0 days 00:00:00.713530,25.635205670226995,19.976204753898273,0.4867096729703214,Au,COMPLETE
4757,-1.0,2026-04-07 11:17:20.795626,2026-04-07 11:17:21.558505,0 days 00:00:00.762879,26.270282634623907,19.992366250404807,0.49645432246343313,Au,COMPLETE
4758,82.40740740740496,2026-04-07 11:17:21.027825,2026-04-07 11:17:21.624979,0 days 00:00:00.597154,26.06404218438373,19.93114647315546,0.5035141905077879,Au,COMPLETE
4759,-1.0,2026-04-07 11:17:21.395737,2026-04-07 11:17:22.196124,0 days 00:00:00.800387,20.077364029096067,19.557149109875915,0.5953205245030254,Au,COMPLETE
4760,0.0,2026-04-07 11:17:21.417885,2026-04-07 11:17:22.169500,0 days 00:00:00.751615,20.047884888434677,19.63652760067182,0.5661774259842394,Au,COMPLETE
4761,0.0,2026-04-07 11:17:21.512401,2026-04-07 11:17:22.290356,0 days 00:00:00.777955,20.085757864659257,19.465782350844197,0.5881215880996263,Au,COMPLETE
4762,-1.0,2026-04-07 11:17:21.555248,2026-04-07 11:17:22.259728,0 days 00:00:00.704480,20.10669326483088,19.58290290370437,0.5880827868240263,Au,COMPLETE
4763,-1.0,2026-04-07 11:17:21.635150,2026-04-07 11:17:22.401925,0 days 00:00:00.766775,21.752711228815635,19.560279593736755,0.5876008054294012,Au,COMPLETE
4764,-1.0,2026-04-07 11:17:21.703307,2026-04-07 11:17:22.261234,0 days 00:00:00.557927,20.08067456367014,19.543228761400037,0.5939880598956856,Au,COMPLETE
4765,-1.0,2026-04-07 11:17:21.730200,2026-04-07 11:17:22.360289,0 days 00:00:00.630089,21.792966236002,19.67271919020241,0.5786353954271115,Au,COMPLETE
4766,-1.0,2026-04-07 11:17:21.780692,2026-04-07 11:17:22.401925,0 days 00:00:00.621233,21.833712533153346,19.631303830485617,0.5846655438554197,Au,COMPLETE
4767,-1.0,2026-04-07 11:17:22.328067,2026-04-07 11:17:23.071141,0 days 00:00:00.743074,28.293306533861593,19.431084633168076,0.44686067970801047,Au,COMPLETE
4768,-1.0,2026-04-07 11:17:22.363290,2026-04-07 11:17:23.063034,0 days 00:00:00.699744,23.923893621713432,19.40634043564094,0.539561414875904,Au,COMPLETE
4769,-1.0,2026-04-07 11:17:22.465420,2026-04-07 11:17:23.150359,0 days 00:00:00.684939,23.990037115271143,19.967515116974138,0.4455082117320821,Au,COMPLETE
4770,0.0,2026-04-07 11:17:22.290356,2026-04-07 11:17:23.152358,0 days 00:00:00.862002,28.59801125315079,19.352141597366995,0.4437641935580238,Au,COMPLETE
4771,4.0322580645156085,2026-04-07 11:17:22.514471,2026-04-07 11:17:23.154360,0 days 00:00:00.639889,24.138090252321764,19.4626788961922,0.5367084628960682,Au,COMPLETE
4772,-1.0,2026-04-07 11:17:22.561879,2026-04-07 11:17:23.287630,0 days 00:00:00.725751,24.01824125556801,19.38598754645121,0.434798599996508,Au,COMPLETE
4773,-1.0,2026-04-07 11:17:22.621754,2026-04-07 11:17:23.153361,0 days 00:00:00.531607,24.070610405297614,19.38553784518428,0.43334181869416255,Au,COMPLETE
4774,83.33333333333088,2026-04-07 11:17:22.703372,2026-04-07 11:17:23.363832,0 days 00:00:00.660460,24.50103162983734,19.976436592912894,0.435847322403832,Au,COMPLETE
4775,-1.0,2026-04-07 11:17:23.199906,2026-04-07 11:17:23.950814,0 days 00:00:00.750908,22.461889487478405,19.10045961471202,0.4822887900530053,Au,COMPLETE
4776,-1.0,2026-04-07 11:17:23.324789,2026-04-07 11:17:24.194008,0 days 00:00:00.869219,22.338015729122738,19.247186860177322,0.4900314609688874,Au,COMPLETE
4777,-1.0,2026-04-07 11:17:23.223228,2026-04-07 11:17:24.030727,0 days 00:00:00.807499,22.336381357845347,19.02974914408304,0.487182292327926,Au,COMPLETE
4778,-405.0595238094659,2026-04-07 11:17:23.397753,2026-04-07 11:17:24.085350,0 days 00:00:00.687597,22.07225388550633,19.023319472958736,0.5267634419177499,Au,COMPLETE
4779,-1.0,2026-04-07 11:17:23.465620,2026-04-07 11:17:24.214697,0 days 00:00:00.749077,22.20377062631696,19.9647979402121,0.4853145804887784,Au,COMPLETE
4780,-1.0,2026-04-07 11:17:23.494302,2026-04-07 11:17:24.056667,0 days 00:00:00.562365,21.975966708048492,19.967386524783432,0.49646370203706247,Au,COMPLETE
4781,-1.0,2026-04-07 11:17:23.505393,2026-04-07 11:17:24.167554,0 days 00:00:00.662161,22.274301215589674,19.014748741141517,0.48111311874687385,Au,COMPLETE
4782,-1.0,2026-04-07 11:17:23.683243,2026-04-07 11:17:24.430853,0 days 00:00:00.747610,22.524517322518633,19.02481923016346,0.48759090597846877,Au,COMPLETE
4783,83.02696078431127,2026-04-07 11:17:24.124647,2026-04-07 11:17:24.811795,0 days 00:00:00.687148,25.07588481300588,19.558425103229318,0.5410268557497508,Au,COMPLETE
4784,-1.0,2026-04-07 11:17:24.213690,2026-04-07 11:17:25.015141,0 days 00:00:00.801451,25.06103534384475,19.62404972987369,0.5447265787341704,Au,COMPLETE
4785,0.0,2026-04-07 11:17:24.259858,2026-04-07 11:17:25.121347,0 days 00:00:00.861489,20.007905758813187,19.60718772029269,0.5419250287107358,Au,COMPLETE
4786,82.72058823529169,2026-04-07 11:17:24.307582,2026-04-07 11:17:25.116049,0 days 00:00:00.808467,25.245588360504108,19.604709578303506,0.5388351590018401,Au,COMPLETE
4787,82.72058823529169,2026-04-07 11:17:24.383274,2026-04-07 11:17:25.013119,0 days 00:00:00.629845,25.307546382237533,19.514805208942786,0.5415514319258923,Au,COMPLETE
4788,82.72058823529169,2026-04-07 11:17:24.397720,2026-04-07 11:17:25.117198,0 days 00:00:00.719478,25.540524216442446,19.511088458564977,0.5285053143813558,Au,COMPLETE
4789,-1.0,2026-04-07 11:17:24.527594,2026-04-07 11:17:25.164569,0 days 00:00:00.636975,25.39551061957873,19.579620989440603,0.5384209244639104,Au,COMPLETE
4790,82.41421568627209,2026-04-07 11:17:24.619294,2026-04-07 11:17:25.244558,0 days 00:00:00.625264,25.318078155002347,19.99405822770961,0.5454597436414955,Au,COMPLETE
4791,-1.0,2026-04-07 11:17:25.012607,2026-04-07 11:17:25.752759,0 days 00:00:00.740152,27.564980667434632,19.996782922480957,0.519159141499362,Au,COMPLETE
4792,-1.0,2026-04-07 11:17:25.118198,2026-04-07 11:17:26.037487,0 days 00:00:00.919289,20.10869222689704,19.19116233768069,0.6534120807196133,Au,COMPLETE
4793,-1.0,2026-04-07 11:17:25.215324,2026-04-07 11:17:25.839188,0 days 00:00:00.623864,28.451489851672306,19.233237983245566,0.6448635977765785,Au,COMPLETE
4794,81.48148148147907,2026-04-07 11:17:25.275185,2026-04-07 11:17:25.963823,0 days 00:00:00.688638,27.614221731196846,19.19513639804266,0.6369195227953202,Au,COMPLETE
4795,0.0,2026-04-07 11:17:25.290366,2026-04-07 11:17:25.902457,0 days 00:00:00.612091,28.190042633860596,19.99946127478288,0.5139213419317632,Au,COMPLETE
4796,-1.0,2026-04-07 11:17:25.360577,2026-04-07 11:17:26.007500,0 days 00:00:00.646923,28.31381232241231,19.180574188887395,0.6435484390458401,Au,COMPLETE
4797,-1.0,2026-04-07 11:17:25.385472,2026-04-07 11:17:26.186894,0 days 00:00:00.801422,20.040510734943194,19.213416999126455,0.609158820044632,Au,COMPLETE
4798,-1.0,2026-04-07 11:17:25.415019,2026-04-07 11:17:26.050434,0 days 00:00:00.635415,20.046412249480802,19.152034222968574,0.6547374318567616,Au,COMPLETE
4799,-1.0,2026-04-07 11:17:25.968341,2026-04-07 11:17:26.697417,0 days 00:00:00.729076,23.744980260053726,18.877673566838844,0.5680712577745411,Au,COMPLETE
4800,-1.0,2026-04-07 11:17:26.072679,2026-04-07 11:17:26.878541,0 days 00:00:00.805862,23.396156588669747,18.815809831875526,0.4075687220316433,Au,COMPLETE
4801,-7.24637681159316,2026-04-07 11:17:26.041914,2026-04-07 11:17:26.803986,0 days 00:00:00.762072,23.534016816477955,18.73326063916239,0.5726010356054763,Au,COMPLETE
4802,-1.0,2026-04-07 11:17:26.156209,2026-04-07 11:17:26.815101,0 days 00:00:00.658892,23.375251902520297,18.8882343701336,0.4233782037810848,Au,COMPLETE
4803,-9.5679012345665,2026-04-07 11:17:26.185646,2026-04-07 11:17:26.919440,0 days 00:00:00.733794,23.345503357806027,18.87232483898267,0.4076678680165632,Au,COMPLETE
4804,-1.0,2026-04-07 11:17:26.247448,2026-04-07 11:17:26.970215,0 days 00:00:00.722767,23.362142274621135,18.834041002977216,0.4281217913071401,Au,COMPLETE
4805,-1.0,2026-04-07 11:17:26.352853,2026-04-07 11:17:27.003949,0 days 00:00:00.651096,23.297489435822992,18.86254728181157,0.41488120671446005,Au,COMPLETE
4806,-1.0,2026-04-07 11:17:26.367872,2026-04-07 11:17:27.079984,0 days 00:00:00.712112,22.99315961968068,18.681958055002774,0.5687609085275755,Au,COMPLETE
4807,-1.0,2026-04-07 11:17:26.923950,2026-04-07 11:17:27.610727,0 days 00:00:00.686777,21.919093368671703,19.619234862325605,0.5100168561838117,Au,COMPLETE
4808,-1.0,2026-04-07 11:17:26.975855,2026-04-07 11:17:27.745017,0 days 00:00:00.769162,21.85845454831732,19.593166709924283,0.5178713709870171,Au,COMPLETE
4809,-416.9730392156249,2026-04-07 11:17:26.989993,2026-04-07 11:17:27.651361,0 days 00:00:00.661368,21.35363279732796,19.609050528431638,0.5161875770974383,Au,COMPLETE
4810,-1.0,2026-04-07 11:17:27.022358,2026-04-07 11:17:27.783592,0 days 00:00:00.761234,20.029080790344874,19.9923086848678,0.5134526053320864,Au,COMPLETE
4811,-430.87121212114675,2026-04-07 11:17:27.035675,2026-04-07 11:17:27.694155,0 days 00:00:00.658480,21.654782370682284,19.614487475577544,0.5163061414434895,Au,COMPLETE
4812,0.0,2026-04-07 11:17:27.130390,2026-04-07 11:17:27.847875,0 days 00:00:00.717485,20.036357874034863,19.61720114127679,0.4715128770085061,Au,COMPLETE
4813,-1.0,2026-04-07 11:17:27.263606,2026-04-07 11:17:27.846866,0 days 00:00:00.583260,21.73540283801867,19.580988744955977,0.513329426116665,Au,COMPLETE
4814,-1.0,2026-04-07 11:17:27.345447,2026-04-07 11:17:27.959955,0 days 00:00:00.614508,21.61034118452462,19.626396076960084,0.4640314943344533,Au,COMPLETE
4815,-1.0,2026-04-07 11:17:27.818558,2026-04-07 11:17:28.548094,0 days 00:00:00.729536,25.357884794616893,19.686463955509755,0.47204593369780673,Au,COMPLETE
4816,82.72058823529169,2026-04-07 11:17:27.879117,2026-04-07 11:17:28.816919,0 days 00:00:00.937802,24.971358929303292,19.992363304420916,0.46846882529535017,Au,COMPLETE
4817,-1.0,2026-04-07 11:17:27.896384,2026-04-07 11:17:28.582856,0 days 00:00:00.686472,25.04480670170403,19.989407332969087,0.4664398404873095,Au,COMPLETE
4818,83.02696078431127,2026-04-07 11:17:27.963475,2026-04-07 11:17:28.689044,0 days 00:00:00.725569,25.179726991219233,19.694696661391742,0.4646850529440479,Au,COMPLETE
4819,-1.0,2026-04-07 11:17:28.039907,2026-04-07 11:17:28.720958,0 days 00:00:00.681051,25.24826998539924,19.969479267591044,0.46463019132720457,Au,COMPLETE
4820,-1.0,2026-04-07 11:17:28.053834,2026-04-07 11:17:28.651473,0 days 00:00:00.597639,20.099329455842778,19.97078818238488,0.46187183743777194,Au,COMPLETE
4821,83.02696078431127,2026-04-07 11:17:28.162276,2026-04-07 11:17:29.002730,0 days 00:00:00.840454,24.85446328780658,19.977951277961274,0.4578742996397047,Au,COMPLETE
4822,83.02696078431127,2026-04-07 11:17:28.348737,2026-04-07 11:17:28.879002,0 days 00:00:00.530265,24.808012916978438,19.98666794948813,0.4637886021099428,Au,COMPLETE
4823,0.0,2026-04-07 11:17:28.711755,2026-04-07 11:17:29.377520,0 days 00:00:00.665765,20.05641054410905,19.320894246459382,0.5602156177027104,Au,COMPLETE
4824,-430.5555555554903,2026-04-07 11:17:28.760479,2026-04-07 11:17:29.377520,0 days 00:00:00.617041,21.886692402502447,19.3700643474235,0.6121379796828031,Au,COMPLETE
4825,-1.0,2026-04-07 11:17:28.782691,2026-04-07 11:17:29.515996,0 days 00:00:00.733305,21.620222903763345,19.399460067877435,0.6102159399559638,Au,COMPLETE
4826,-1.0,2026-04-07 11:17:28.849055,2026-04-07 11:17:29.653028,0 days 00:00:00.803973,21.79060204948971,19.375477781545808,0.6142478622219864,Au,COMPLETE
4827,-1.0,2026-04-07 11:17:28.940835,2026-04-07 11:17:29.654027,0 days 00:00:00.713192,20.00910565003897,19.338111931756636,0.6140091451563283,Au,COMPLETE
4828,-430.5555555554903,2026-04-07 11:17:29.039414,2026-04-07 11:17:30.105556,0 days 00:00:01.066142,21.762678284541526,19.474649520686977,0.5652205959514127,Au,COMPLETE
4829,-1.0,2026-04-07 11:17:29.115247,2026-04-07 11:17:29.770202,0 days 00:00:00.654955,20.01130611490975,19.3396817095517,0.5692817250210437,Au,COMPLETE
4830,-1.0,2026-04-07 11:17:29.239351,2026-04-07 11:17:29.974136,0 days 00:00:00.734785,21.652921420017304,19.37958617048971,0.5658919687482459,Au,COMPLETE
4831,-1.0,2026-04-07 11:17:29.629764,2026-04-07 11:17:30.399055,0 days 00:00:00.769291,23.431659885430655,19.64425291741868,0.6295176388957994,Au,COMPLETE
4832,-2.717391304347494,2026-04-07 11:17:29.675995,2026-04-07 11:17:30.532027,0 days 00:00:00.856032,23.16469466811032,19.445445725238194,0.5955033181469978,Au,COMPLETE
4833,-1.0,2026-04-07 11:17:29.801930,2026-04-07 11:17:30.470160,0 days 00:00:00.668230,23.119578849639343,19.609107165247,0.5743924064842982,Au,COMPLETE
4834,-1.0,2026-04-07 11:17:29.935267,2026-04-07 11:17:30.611698,0 days 00:00:00.676431,23.17399834390403,19.634916091040488,0.5960646800446227,Au,COMPLETE
4835,-4.289215686273923,2026-04-07 11:17:29.978644,2026-04-07 11:17:30.755109,0 days 00:00:00.776465,23.333326593808213,19.40662378469088,0.4068180039955668,Au,COMPLETE
4836,-1.0,2026-04-07 11:17:30.037762,2026-04-07 11:17:30.811255,0 days 00:00:00.773493,23.481429126421713,19.534961395259206,0.5132190706352141,Au,COMPLETE
4837,-1.0,2026-04-07 11:17:30.233027,2026-04-07 11:17:30.859403,0 days 00:00:00.626376,27.081576583424983,19.664833595989478,0.5075299981230346,Au,COMPLETE
4838,-1.0,2026-04-07 11:17:30.365689,2026-04-07 11:17:31.171628,0 days 00:00:00.805939,26.843186861014974,19.54009116937649,0.5113784813401621,Au,COMPLETE
4839,0.0,2026-04-07 11:17:30.551962,2026-04-07 11:17:31.280295,0 days 00:00:00.728333,20.015038250569276,19.69371233384592,0.5093848825942465,Au,COMPLETE
4840,-1.0,2026-04-07 11:17:30.670735,2026-04-07 11:17:31.410546,0 days 00:00:00.739811,21.730991645373276,19.973622458206556,0.5077261536431956,Au,COMPLETE
4841,0.0,2026-04-07 11:17:30.724582,2026-04-07 11:17:31.410546,0 days 00:00:00.685964,26.794036787456005,19.65769642485476,0.6719765851636061,Au,COMPLETE
4842,0.0,2026-04-07 11:17:30.847589,2026-04-07 11:17:31.494486,0 days 00:00:00.646897,27.11688880888659,19.98359241980888,0.5049965753376525,Au,COMPLETE
4843,-1.0,2026-04-07 11:17:30.949303,2026-04-07 11:17:31.569470,0 days 00:00:00.620167,27.41788531138637,19.677479896867226,0.5079242516326175,Au,COMPLETE
4844,0.0,2026-04-07 11:17:31.044416,2026-04-07 11:17:31.862278,0 days 00:00:00.817862,20.00808924095256,19.30159331424265,0.6683446248099391,Au,COMPLETE
4845,-1.0,2026-04-07 11:17:31.147490,2026-04-07 11:17:31.782553,0 days 00:00:00.635063,20.05227797525184,19.380374051020375,0.4262474672928837,Au,COMPLETE
4846,0.0,2026-04-07 11:17:31.415393,2026-04-07 11:17:32.170669,0 days 00:00:00.755276,20.008436616917905,19.35642647722936,0.4087680143669905,Au,COMPLETE
4847,-1.0,2026-04-07 11:17:31.502545,2026-04-07 11:17:32.279636,0 days 00:00:00.777091,21.527697902597076,19.266108834906618,0.41502002661182114,Au,COMPLETE
4848,-398.76760563374626,2026-04-07 11:17:31.573376,2026-04-07 11:17:32.170669,0 days 00:00:00.597293,21.60516224475954,19.354228070436385,0.42256913643986727,Au,COMPLETE
4849,-404.46428571422797,2026-04-07 11:17:31.611371,2026-04-07 11:17:32.313689,0 days 00:00:00.702318,22.06193463141531,19.055667690920703,0.43625510605645695,Au,COMPLETE
4850,-1.0,2026-04-07 11:17:31.673586,2026-04-07 11:17:32.374887,0 days 00:00:00.701301,23.574263281780595,19.249983785997557,0.40838302622501793,Au,COMPLETE
4851,-1.0,2026-04-07 11:17:31.747741,2026-04-07 11:17:32.366963,0 days 00:00:00.619222,23.47989686916092,19.235631468743158,0.5504492016366137,Au,COMPLETE
4852,-413.9294403892341,2026-04-07 11:17:32.037488,2026-04-07 11:17:32.934284,0 days 00:00:00.896796,21.875862015373762,19.309970048755577,0.424112929585076,Au,COMPLETE
4853,-1.0,2026-04-07 11:17:32.105613,2026-04-07 11:17:32.745291,0 days 00:00:00.639678,23.538121239625614,19.221182433660545,0.5498470832389709,Au,COMPLETE
4854,-455.9999999999273,2026-04-07 11:17:32.379393,2026-04-07 11:17:33.168940,0 days 00:00:00.789547,21.77043479853714,19.972599330073585,0.4041917647654852,Au,COMPLETE
4855,-10.666666666664964,2026-04-07 11:17:32.442213,2026-04-07 11:17:33.308863,0 days 00:00:00.866650,22.00709385723372,19.95582907802646,0.393868541202589,Au,COMPLETE
4856,-1.0,2026-04-07 11:17:32.455549,2026-04-07 11:17:33.349747,0 days 00:00:00.894198,21.601302748235675,19.69077687412467,0.403802174916069,Au,COMPLETE
4857,-1.0,2026-04-07 11:17:32.486166,2026-04-07 11:17:33.263387,0 days 00:00:00.777221,21.681069224713998,19.96487862627104,0.4053710136205875,Au,COMPLETE
4858,-1.0,2026-04-07 11:17:32.520373,2026-04-07 11:17:33.347748,0 days 00:00:00.827375,21.711680988929132,19.718240674719937,0.40539006445260384,Au,COMPLETE
4859,-1.0,2026-04-07 11:17:32.584388,2026-04-07 11:17:33.255263,0 days 00:00:00.670875,21.718762401873004,19.999627287857418,0.3957794913184709,Au,COMPLETE
4860,-1.0,2026-04-07 11:17:32.999931,2026-04-07 11:17:33.751997,0 days 00:00:00.752066,24.848864907162344,19.74808243821074,0.39533829939905335,Au,COMPLETE
4861,-1.0,2026-04-07 11:17:33.172975,2026-04-07 11:17:33.918069,0 days 00:00:00.745094,24.420493131313673,19.605652439351083,0.4105133257467192,Au,COMPLETE
4862,-1.0,2026-04-07 11:17:33.438999,2026-04-07 11:17:34.074797,0 days 00:00:00.635798,24.82044488936805,19.681063116313474,0.4559815720859166,Au,COMPLETE
4863,-1.0,2026-04-07 11:17:33.469613,2026-04-07 11:17:34.155012,0 days 00:00:00.685399,24.935740086120827,19.9571499816385,0.4387196025286755,Au,COMPLETE
4864,-1.0,2026-04-07 11:17:33.482792,2026-04-07 11:17:34.168409,0 days 00:00:00.685617,20.008296090549436,19.99304175016474,0.4275447808368394,Au,COMPLETE
4865,83.33333333333088,2026-04-07 11:17:33.498627,2026-04-07 11:17:34.230471,0 days 00:00:00.731844,24.597864533538395,19.694360997925017,0.45547924944472035,Au,COMPLETE
4866,83.02696078431127,2026-04-07 11:17:33.534681,2026-04-07 11:17:34.155012,0 days 00:00:00.620331,25.20973221597926,19.630875213267792,0.43818640202359,Au,COMPLETE
4867,83.33333333333088,2026-04-07 11:17:33.562470,2026-04-07 11:17:34.253237,0 days 00:00:00.690767,24.34214865532823,19.664711365098903,0.4411569337073037,Au,COMPLETE
4868,-1.0,2026-04-07 11:17:33.990562,2026-04-07 11:17:34.715263,0 days 00:00:00.724701,23.981834106064465,19.53065862757505,0.4371719784079611,Au,COMPLETE
4869,-1.0,2026-04-07 11:17:34.125142,2026-04-07 11:17:34.932955,0 days 00:00:00.807813,23.269686491823375,19.244036315183024,0.38914778462544364,Au,COMPLETE
4870,2.873563218390408,2026-04-07 11:17:34.251729,2026-04-07 11:17:34.960271,0 days 00:00:00.708542,23.250573755029194,19.996251556530062,0.4720187440788936,Au,COMPLETE
4871,2.873563218390408,2026-04-07 11:17:34.350907,2026-04-07 11:17:35.123643,0 days 00:00:00.772736,23.368142886985847,19.975837814728962,0.4814246700412179,Au,COMPLETE
4872,-5.208333333332545,2026-04-07 11:17:34.389772,2026-04-07 11:17:35.135261,0 days 00:00:00.745489,23.357577505538064,19.331644974193193,0.3857844553638897,Au,COMPLETE
4873,-1.0,2026-04-07 11:17:34.451067,2026-04-07 11:17:35.035654,0 days 00:00:00.584587,23.082352161285208,19.30702609478636,0.48072165738091055,Au,COMPLETE
4874,-4.562043795619796,2026-04-07 11:17:34.488775,2026-04-07 11:17:35.072798,0 days 00:00:00.584023,23.29835749568071,19.306911262479925,0.48130691244209445,Au,COMPLETE
4875,-1.0,2026-04-07 11:17:34.528610,2026-04-07 11:17:35.149504,0 days 00:00:00.620894,23.455873192620082,19.978904222947346,0.4753371891512612,Au,COMPLETE
4876,-1.0,2026-04-07 11:17:34.931959,2026-04-07 11:17:35.573895,0 days 00:00:00.641936,20.078234287993496,19.31709340532921,0.47697383410747296,Au,COMPLETE
4877,-1.0,2026-04-07 11:17:35.167755,2026-04-07 11:17:35.830635,0 days 00:00:00.662880,27.087660197169125,19.36504650320186,0.6135428587402839,Au,COMPLETE
4878,-1.0,2026-04-07 11:17:35.219266,2026-04-07 11:17:35.892166,0 days 00:00:00.672900,26.650912522565832,19.619554607213438,0.5440093681043005,Au,COMPLETE
4879,81.7901234567877,2026-04-07 11:17:35.248702,2026-04-07 11:17:35.935374,0 days 00:00:00.686672,27.052655889211326,19.586526580513834,0.5455567542228914,Au,COMPLETE
4880,81.80147058823289,2026-04-07 11:17:35.262126,2026-04-07 11:17:35.973252,0 days 00:00:00.711126,26.65397828948982,19.36234281157584,0.4431299265155684,Au,COMPLETE
4881,-1.0,2026-04-07 11:17:35.277232,2026-04-07 11:17:35.887480,0 days 00:00:00.610248,20.065232285955933,19.99719975088395,0.6218402008024111,Au,COMPLETE
4882,0.0,2026-04-07 11:17:35.327999,2026-04-07 11:17:36.051789,0 days 00:00:00.723790,27.24724602722921,19.616535489079546,0.5486848715773599,Au,COMPLETE
4883,0.0,2026-04-07 11:17:35.391441,2026-04-07 11:17:35.938128,0 days 00:00:00.546687,29.361810031432885,19.58725545360605,0.5435344537924659,Au,COMPLETE
4884,0.0,2026-04-07 11:17:35.785814,2026-04-07 11:17:36.425370,0 days 00:00:00.639556,20.06670954364433,19.580129304534182,0.43913271160442485,Au,COMPLETE
4885,-1.0,2026-04-07 11:17:35.992580,2026-04-07 11:17:37.038119,0 days 00:00:01.045539,21.6962109371668,19.184371889771587,0.3953913396047658,Au,COMPLETE
4886,-383.7868480725106,2026-04-07 11:17:36.090244,2026-04-07 11:17:36.819274,0 days 00:00:00.729030,21.62950217420468,19.11249533480356,0.43380756929732234,Au,COMPLETE
4887,-1.0,2026-04-07 11:17:36.154771,2026-04-07 11:17:36.822330,0 days 00:00:00.667559,21.421102048600076,19.056029397087386,0.4344844143355614,Au,COMPLETE
4888,-380.9121621621107,2026-04-07 11:17:36.166752,2026-04-07 11:17:37.038119,0 days 00:00:00.871367,21.62399745149377,19.10307255228035,0.3984004320377466,Au,COMPLETE
4889,-1.0,2026-04-07 11:17:36.217991,2026-04-07 11:17:37.068969,0 days 00:00:00.850978,20.008494535029236,19.175377119458357,0.38554830667217627,Au,COMPLETE
4890,0.0,2026-04-07 11:17:36.227663,2026-04-07 11:17:36.914959,0 days 00:00:00.687296,20.01441798386545,19.139364138413537,0.3967794944849766,Au,COMPLETE
4891,-1.0,2026-04-07 11:17:36.243086,2026-04-07 11:17:36.909635,0 days 00:00:00.666549,21.92978869680892,19.096754177070377,0.39323138226869747,Au,COMPLETE
4892,-1.0,2026-04-07 11:17:36.671010,2026-04-07 11:17:37.367167,0 days 00:00:00.696157,20.0283284421731,19.07666363966201,0.38555594545644695,Au,COMPLETE
4893,-1.0,2026-04-07 11:17:36.952618,2026-04-07 11:17:37.628872,0 days 00:00:00.676254,24.68892272391927,19.98068186970193,0.5010376614681402,Au,COMPLETE
4894,-1.0,2026-04-07 11:17:37.090075,2026-04-07 11:17:37.993553,0 days 00:00:00.903478,25.03265092487927,19.975449116809873,0.5070634040116827,Au,COMPLETE
4895,-1.0,2026-04-07 11:17:37.169142,2026-04-07 11:17:38.037363,0 days 00:00:00.868221,25.363349582187553,19.989984444400545,0.5042273239327556,Au,COMPLETE
4896,82.10784313725247,2026-04-07 11:17:37.191234,2026-04-07 11:17:38.099762,0 days 00:00:00.908528,25.63065258451666,19.65328227038409,0.6836166967620586,Au,COMPLETE
4897,-1.0,2026-04-07 11:17:37.275126,2026-04-07 11:17:38.018132,0 days 00:00:00.743006,25.864242738379605,19.97049890865086,0.6925096679114525,Au,COMPLETE
4898,-1.0,2026-04-07 11:17:37.381644,2026-04-07 11:17:38.187935,0 days 00:00:00.806291,25.24366270943184,19.99960106968328,0.5018080697329802,Au,COMPLETE
4899,-1.0,2026-04-07 11:17:37.447064,2026-04-07 11:17:38.011014,0 days 00:00:00.563950,24.881247302934995,19.667119151264785,0.5194573244696723,Au,COMPLETE
4900,82.72058823529169,2026-04-07 11:17:37.524444,2026-04-07 11:17:38.147957,0 days 00:00:00.623513,25.33847955278525,19.672185109533018,0.5735757613435244,Au,COMPLETE
4901,-1.0,2026-04-07 11:17:37.927488,2026-04-07 11:17:38.723270,0 days 00:00:00.795782,29.31544111225043,19.4170595967259,0.5799612136274244,Au,COMPLETE
4902,-424.129353233768,2026-04-07 11:17:38.117606,2026-04-07 11:17:38.804337,0 days 00:00:00.686731,21.982419087481567,19.39081924293318,0.44389411179472593,Au,COMPLETE
4903,-1.0,2026-04-07 11:17:38.191496,2026-04-07 11:17:38.914896,0 days 00:00:00.723400,21.82170265182778,19.353049534384798,0.4480328758714405,Au,COMPLETE
4904,-1.0,2026-04-07 11:17:38.261149,2026-04-07 11:17:38.859082,0 days 00:00:00.597933,21.858877923773964,19.38667508218025,0.6037039471640577,Au,COMPLETE
4905,-1.0,2026-04-07 11:17:38.290052,2026-04-07 11:17:38.942754,0 days 00:00:00.652702,21.909827914214638,19.375163817974315,0.453879418322709,Au,COMPLETE
4906,-1.0,2026-04-07 11:17:38.326594,2026-04-07 11:17:39.162615,0 days 00:00:00.836021,21.890685367366114,19.356784384024152,0.456048071163546,Au,COMPLETE
4907,-9.54198473282292,2026-04-07 11:17:38.392232,2026-04-07 11:17:39.088957,0 days 00:00:00.696725,22.67986915502805,19.374668889031057,0.46457617751188646,Au,COMPLETE
4908,-1.0,2026-04-07 11:17:38.650104,2026-04-07 11:17:39.457463,0 days 00:00:00.807359,20.005326575847054,19.41079364186789,0.44612591509740523,Au,COMPLETE
4909,-1.0,2026-04-07 11:17:38.909791,2026-04-07 11:17:39.592601,0 days 00:00:00.682810,23.45122765197998,19.63285483366093,0.4317602557986157,Au,COMPLETE
4910,-1.0,2026-04-07 11:17:39.048479,2026-04-07 11:17:39.813586,0 days 00:00:00.765107,23.516908534314343,19.64626662593369,0.4355127860210377,Au,COMPLETE
4911,-1.0,2026-04-07 11:17:39.093007,2026-04-07 11:17:39.840392,0 days 00:00:00.747385,23.489952356321062,19.99020497476084,0.4301404400869012,Au,COMPLETE
4912,-1.0,2026-04-07 11:17:39.152595,2026-04-07 11:17:39.681060,0 days 00:00:00.528465,20.05714008400831,19.647408228942506,0.41362211536237975,Au,COMPLETE
4913,-1.0,2026-04-07 11:17:39.202214,2026-04-07 11:17:39.908957,0 days 00:00:00.706743,20.049458337866994,19.69987476992357,0.38286105903558376,Au,COMPLETE
4914,-1.0,2026-04-07 11:17:39.307945,2026-04-07 11:17:40.014798,0 days 00:00:00.706853,23.34689354545787,19.69391800786717,0.42264188234003364,Au,COMPLETE
4915,0.0,2026-04-07 11:17:39.323938,2026-04-07 11:17:40.056997,0 days 00:00:00.733059,23.423191829099498,19.664344028011328,0.42262449938209246,Au,COMPLETE
4916,-1.0,2026-04-07 11:17:39.668606,2026-04-07 11:17:40.497106,0 days 00:00:00.828500,23.69160794395014,19.025196635452673,0.48324372909675767,Au,COMPLETE
4917,-1.0,2026-04-07 11:17:39.875906,2026-04-07 11:17:40.634626,0 days 00:00:00.758720,23.18577987266093,18.95111673892552,0.4866439230228359,Au,COMPLETE
4918,-1.0,2026-04-07 11:17:39.844069,2026-04-07 11:17:40.919328,0 days 00:00:01.075259,20.02246212639046,18.939191830233867,0.48103726162870497,Au,COMPLETE
4919,-1.0,2026-04-07 11:17:39.948977,2026-04-07 11:17:40.655084,0 days 00:00:00.706107,28.75199027430628,18.927303088777315,0.47289630626207535,Au,COMPLETE
4920,0.0,2026-04-07 11:17:40.018130,2026-04-07 11:17:40.809300,0 days 00:00:00.791170,28.670203142624125,18.912028098233606,0.4801737502457172,Au,COMPLETE
4921,-386.9863013698096,2026-04-07 11:17:40.090554,2026-04-07 11:17:40.934421,0 days 00:00:00.843867,21.940464684302,18.90173330960778,0.49083897953859584,Au,COMPLETE
4922,-1.0,2026-04-07 11:17:40.228898,2026-04-07 11:17:40.922872,0 days 00:00:00.693974,28.894886204956904,18.94938234156906,0.4819161345342524,Au,COMPLETE
4923,-399.0610328637931,2026-04-07 11:17:40.328208,2026-04-07 11:17:41.186702,0 days 00:00:00.858494,22.18312894107583,18.92479741433747,0.48211082818694934,Au,COMPLETE
4924,-386.7009132419558,2026-04-07 11:17:40.673969,2026-04-07 11:17:41.490639,0 days 00:00:00.816670,21.79628708425809,19.078490126214597,0.39360133113274515,Au,COMPLETE
4925,-1.0,2026-04-07 11:17:40.810303,2026-04-07 11:17:41.707889,0 days 00:00:00.897586,26.575734048071205,19.997018452921616,0.5341966737640168,Au,COMPLETE
4926,82.72058823529169,2026-04-07 11:17:40.824002,2026-04-07 11:17:41.657239,0 days 00:00:00.833237,25.981179560949997,19.35277581265405,0.3807985759266338,Au,COMPLETE
4927,-1.0,2026-04-07 11:17:41.018210,2026-04-07 11:17:41.764041,0 days 00:00:00.745831,26.74319467673442,19.275078287247663,0.37855536971396386,Au,COMPLETE
4928,-1.0,2026-04-07 11:17:41.097353,2026-04-07 11:17:41.857115,0 days 00:00:00.759762,26.45098815920302,19.448155965839817,0.37493606900368676,Au,COMPLETE
4929,-1.0,2026-04-07 11:17:41.126949,2026-04-07 11:17:41.761485,0 days 00:00:00.634536,26.499687458338514,19.99987172301391,0.3823309194680022,Au,COMPLETE
4930,-1.0,2026-04-07 11:17:41.187711,2026-04-07 11:17:41.906241,0 days 00:00:00.718530,26.57301118938789,19.362495198432185,0.3925768515964425,Au,COMPLETE
4931,0.0,2026-04-07 11:17:41.402011,2026-04-07 11:17:42.165718,0 days 00:00:00.763707,26.832572912647056,19.989369497660856,0.37434795152536493,Au,COMPLETE
4932,4.166666666666111,2026-04-07 11:17:41.712733,2026-04-07 11:17:42.634896,0 days 00:00:00.922163,23.765145529650567,19.666429863897026,0.5371464849792151,Au,COMPLETE
4933,-1.0,2026-04-07 11:17:41.829917,2026-04-07 11:17:42.876281,0 days 00:00:01.046364,21.736394210290644,19.658376824733214,0.444687391852516,Au,COMPLETE
4934,-1.0,2026-04-07 11:17:41.955328,2026-04-07 11:17:42.874401,0 days 00:00:00.919073,20.05508263531808,19.564610571755548,0.4440271036154808,Au,COMPLETE
4935,-433.84223918568415,2026-04-07 11:17:42.101910,2026-04-07 11:17:42.769981,0 days 00:00:00.668071,21.69655479168695,19.636130456097845,0.4451085640152699,Au,COMPLETE
4936,-1.0,2026-04-07 11:17:42.169770,2026-04-07 11:17:42.871480,0 days 00:00:00.701710,20.016335561004134,19.61877447296201,0.5499530117135802,Au,COMPLETE
4937,-437.820512820445,2026-04-07 11:17:42.277718,2026-04-07 11:17:42.994588,0 days 00:00:00.716870,21.860111728833605,19.58808724207048,0.5381973544899172,Au,COMPLETE
4938,-434.16030534344486,2026-04-07 11:17:42.297542,2026-04-07 11:17:42.905071,0 days 00:00:00.607529,21.821379413766604,19.61119142645285,0.44436232150564375,Au,COMPLETE
4939,-1.0,2026-04-07 11:17:42.413161,2026-04-07 11:17:43.061911,0 days 00:00:00.648750,21.77755270573075,19.628345495134006,0.5399603717112631,Au,COMPLETE
4940,1.436781609195204,2026-04-07 11:17:42.817589,2026-04-07 11:17:43.621378,0 days 00:00:00.803789,23.65316914582723,19.65925088248711,0.43427054740239845,Au,COMPLETE
4941,-1.0,2026-04-07 11:17:42.954578,2026-04-07 11:17:43.889068,0 days 00:00:00.934490,24.111568887842616,19.648942904471404,0.6485907974187172,Au,COMPLETE
4942,-1.0,2026-04-07 11:17:43.081197,2026-04-07 11:17:43.860887,0 days 00:00:00.779690,24.190037802538484,19.975043052030323,0.6341459977895564,Au,COMPLETE
4943,-1.0,2026-04-07 11:17:43.094923,2026-04-07 11:17:44.019674,0 days 00:00:00.924751,24.510037520323962,19.744583561141738,0.6108661517762454,Au,COMPLETE
4944,83.02696078431127,2026-04-07 11:17:43.129875,2026-04-07 11:17:43.766215,0 days 00:00:00.636340,24.339999455116434,19.97433465337753,0.6428285007094271,Au,COMPLETE
4945,-1.0,2026-04-07 11:17:43.141577,2026-04-07 11:17:43.906371,0 days 00:00:00.764794,24.28688091695176,19.994587320180596,0.6190139571822348,Au,COMPLETE
4946,83.33333333333088,2026-04-07 11:17:43.193603,2026-04-07 11:17:43.950102,0 days 00:00:00.756499,24.13467078848353,19.704254266559026,0.6291624638737661,Au,COMPLETE
4947,83.33333333333088,2026-04-07 11:17:43.242251,2026-04-07 11:17:43.941584,0 days 00:00:00.699333,24.313639381620543,19.66603744151117,0.6122935292889325,Au,COMPLETE
4948,-1.0,2026-04-07 11:17:43.848839,2026-04-07 11:17:44.469844,0 days 00:00:00.621005,21.816491897385475,19.294190378536253,0.5806375903198716,Au,COMPLETE
4949,-1.0,2026-04-07 11:17:43.911434,2026-04-07 11:17:44.895604,0 days 00:00:00.984170,21.734938518600572,19.10863736332666,0.5629598583436309,Au,COMPLETE
4950,-1.0,2026-04-07 11:17:44.048015,2026-04-07 11:17:44.848515,0 days 00:00:00.800500,21.756152732431545,19.997182381472363,0.5664037524708855,Au,COMPLETE
4951,-420.6790123456165,2026-04-07 11:17:44.063773,2026-04-07 11:17:45.031145,0 days 00:00:00.967372,21.878844431626415,19.281442683937527,0.5739236583926433,Au,COMPLETE
4952,-1.0,2026-04-07 11:17:44.099804,2026-04-07 11:17:44.957221,0 days 00:00:00.857417,21.818283415324448,19.218753099681994,0.5330471488149994,Au,COMPLETE
4953,-1.0,2026-04-07 11:17:44.145517,2026-04-07 11:17:44.955222,0 days 00:00:00.809705,21.77915596545113,19.23983371442613,0.5662340790492346,Au,COMPLETE
4954,-417.27941176464446,2026-04-07 11:17:44.192000,2026-04-07 11:17:45.032363,0 days 00:00:00.840363,21.95879092978371,19.182767036602105,0.5752191422267755,Au,COMPLETE
4955,-1.0,2026-04-07 11:17:44.256542,2026-04-07 11:17:45.046839,0 days 00:00:00.790297,21.778724726158362,19.25523038619967,0.5770129219555229,Au,COMPLETE
4956,-1.0,2026-04-07 11:17:44.761018,2026-04-07 11:17:45.281740,0 days 00:00:00.520722,21.84866090073307,19.16595577816919,0.523456814311681,Au,COMPLETE
4957,0.0,2026-04-07 11:17:44.988871,2026-04-07 11:17:45.813736,0 days 00:00:00.824865,20.073308161885116,18.759412556091615,0.6735623674921736,Au,COMPLETE
4958,-1.0,2026-04-07 11:17:45.100488,2026-04-07 11:17:45.757725,0 days 00:00:00.657237,25.34909567546109,18.72382060727736,0.6711759703199183,Au,COMPLETE
4959,-1.0,2026-04-07 11:17:45.146348,2026-04-07 11:17:45.876502,0 days 00:00:00.730154,20.075737638096445,18.76119918618188,0.6650784506967465,Au,COMPLETE
4960,-1.0,2026-04-07 11:17:45.180698,2026-04-07 11:17:46.055445,0 days 00:00:00.874747,25.504694567080563,18.824052031063236,0.6029986979459707,Au,COMPLETE
4961,0.0,2026-04-07 11:17:45.224267,2026-04-07 11:17:45.946577,0 days 00:00:00.722310,20.02071768977436,18.670051760199527,0.5993920298383516,Au,COMPLETE
4962,-1.0,2026-04-07 11:17:45.255827,2026-04-07 11:17:45.951117,0 days 00:00:00.695290,25.72929644808224,18.67292226727936,0.6721323230115548,Au,COMPLETE
4963,-1.0,2026-04-07 11:17:45.353621,2026-04-07 11:17:46.096924,0 days 00:00:00.743303,24.60900457613674,18.779739988408576,0.6160581062668155,Au,COMPLETE
4964,-1.0,2026-04-07 11:17:45.521915,2026-04-07 11:17:46.128324,0 days 00:00:00.606409,20.038049333897217,19.609854509779336,0.6676642021511413,Au,COMPLETE
4965,1.436781609195204,2026-04-07 11:17:45.972168,2026-04-07 11:17:46.813194,0 days 00:00:00.841026,23.37848528656695,19.67815407852043,0.5698636056791627,Au,COMPLETE
4966,-1.0,2026-04-07 11:17:46.017829,2026-04-07 11:17:46.615890,0 days 00:00:00.598061,23.050834550145755,19.617102329858742,0.5863019511304394,Au,COMPLETE
4967,-1.0,2026-04-07 11:17:46.060786,2026-04-07 11:17:46.912093,0 days 00:00:00.851307,23.11791635549307,19.62945343000716,0.587470830526163,Au,COMPLETE
4968,-1.0,2026-04-07 11:17:46.114721,2026-04-07 11:17:46.937175,0 days 00:00:00.822454,23.313592653311318,19.67186843383566,0.6069556653794036,Au,COMPLETE
4969,1.436781609195204,2026-04-07 11:17:46.196224,2026-04-07 11:17:46.969634,0 days 00:00:00.773410,23.48056361952927,19.656454073141898,0.572605330369369,Au,COMPLETE
4970,-1.0,2026-04-07 11:17:46.240802,2026-04-07 11:17:47.091788,0 days 00:00:00.850986,23.775116058050763,19.97308762183878,0.5790315978842625,Au,COMPLETE
4971,0.0,2026-04-07 11:17:46.270986,2026-04-07 11:17:46.974028,0 days 00:00:00.703042,23.359059333566265,19.560656873960735,0.5540922116892244,Au,COMPLETE
4972,0.0,2026-04-07 11:17:46.340737,2026-04-07 11:17:47.091788,0 days 00:00:00.751051,23.31570145529558,19.5426916359929,0.5671070962777381,Au,COMPLETE
4973,-1.0,2026-04-07 11:17:46.825334,2026-04-07 11:17:47.445132,0 days 00:00:00.619798,29.37451419092989,19.27348074531567,0.5632837947756477,Au,COMPLETE
4974,-1.0,2026-04-07 11:17:47.021776,2026-04-07 11:17:48.033107,0 days 00:00:01.011331,27.803146812272708,19.192985720461817,0.6254933096911501,Au,COMPLETE
4975,0.0,2026-04-07 11:17:47.142341,2026-04-07 11:17:47.971597,0 days 00:00:00.829256,28.30705286721374,19.974340041334592,0.6446912552514705,Au,COMPLETE
4976,82.10784313725247,2026-04-07 11:17:47.175377,2026-04-07 11:17:47.959790,0 days 00:00:00.784413,26.26463012119668,19.21704098542534,0.7035745984186157,Au,COMPLETE
4977,0.0,2026-04-07 11:17:47.224252,2026-04-07 11:17:48.158132,0 days 00:00:00.933880,20.02807408932188,19.992549726993538,0.536738658348868,Au,COMPLETE
4978,-1.0,2026-04-07 11:17:47.235718,2026-04-07 11:17:47.957768,0 days 00:00:00.722050,27.192851619408394,19.275348828572533,0.7034387409933449,Au,COMPLETE
4979,0.0,2026-04-07 11:17:47.269704,2026-04-07 11:17:47.957768,0 days 00:00:00.688064,27.940461594982082,19.120608552944876,0.6153694639529771,Au,COMPLETE
4980,-1.0,2026-04-07 11:17:47.346180,2026-04-07 11:17:48.062493,0 days 00:00:00.716313,27.73449485937203,19.019175510381892,0.6310732892982774,Au,COMPLETE
4981,-1.0,2026-04-07 11:17:47.721697,2026-04-07 11:17:48.423087,0 days 00:00:00.701390,27.738686415594195,19.133287631638023,0.6139212066219304,Au,COMPLETE
4982,-1.0,2026-04-07 11:17:48.111828,2026-04-07 11:17:48.905076,0 days 00:00:00.793248,21.78023738602443,19.456733211387583,0.5262030844209673,Au,COMPLETE
4983,-1.0,2026-04-07 11:17:48.199128,2026-04-07 11:17:49.100557,0 days 00:00:00.901429,20.071185026991074,19.602798514326214,0.5322573943213654,Au,COMPLETE
4984,0.0,2026-04-07 11:17:48.222506,2026-04-07 11:17:49.035616,0 days 00:00:00.813110,20.050474628967454,19.982033003189386,0.5355552039406853,Au,COMPLETE
4985,-1.0,2026-04-07 11:17:48.238274,2026-04-07 11:17:48.968917,0 days 00:00:00.730643,25.349799191421276,19.410397579832203,0.5296538796260054,Au,COMPLETE
4986,0.0,2026-04-07 11:17:48.252665,2026-04-07 11:17:48.970462,0 days 00:00:00.717797,20.060267975275742,19.991528455363163,0.5214184470765704,Au,COMPLETE
4987,-1.0,2026-04-07 11:17:48.302679,2026-04-07 11:17:49.114620,0 days 00:00:00.811941,20.018349355997675,19.9705064834608,0.5342970379046501,Au,COMPLETE
4988,-1.0,2026-04-07 11:17:48.340518,2026-04-07 11:17:49.023039,0 days 00:00:00.682521,25.0684513445644,19.991595012021396,0.5319827951743028,Au,COMPLETE
4989,-11.39322916666491,2026-04-07 11:17:48.714687,2026-04-07 11:17:49.391176,0 days 00:00:00.676489,22.026880927915883,19.611724732467096,0.5393480069796662,Au,COMPLETE
4990,-12.165450121652732,2026-04-07 11:17:48.996805,2026-04-07 11:17:49.868929,0 days 00:00:00.872124,22.891938621443646,18.651334312232716,0.5727593271755409,Au,COMPLETE
4991,-1.0,2026-04-07 11:17:49.132596,2026-04-07 11:17:49.728892,0 days 00:00:00.596296,23.07064987471635,18.921212222637877,0.5810548942896276,Au,COMPLETE
4992,-1.0,2026-04-07 11:17:49.194747,2026-04-07 11:17:50.035772,0 days 00:00:00.841025,23.10543645634446,18.906254944192437,0.5926697811328576,Au,COMPLETE
4993,-1.0,2026-04-07 11:17:49.230461,2026-04-07 11:17:50.173901,0 days 00:00:00.943440,22.98032107669083,18.651752983783,0.5916852075278439,Au,COMPLETE
4994,-11.111111111109459,2026-04-07 11:17:49.256617,2026-04-07 11:17:49.969328,0 days 00:00:00.712711,22.8217023532932,18.88724070122138,0.5843782268909815,Au,COMPLETE
4995,-10.036496350363548,2026-04-07 11:17:49.320536,2026-04-07 11:17:50.088137,0 days 00:00:00.767601,23.232371002539352,18.707241524012474,0.5766012009082576,Au,COMPLETE
4996,-1.0,2026-04-07 11:17:49.395845,2026-04-07 11:17:50.163285,0 days 00:00:00.767440,22.93042683069128,18.98609244163252,0.5691696589908684,Au,COMPLETE
4997,-11.775362318838884,2026-04-07 11:17:49.586918,2026-04-07 11:17:50.202456,0 days 00:00:00.615538,23.084495652803984,18.59413315254722,0.5710208975758486,Au,COMPLETE
4998,83.02696078431127,2026-04-07 11:17:49.911131,2026-04-07 11:17:50.832667,0 days 00:00:00.921536,25.421046044800125,19.38362678093323,0.5004165696595537,Au,COMPLETE
4999,-1.0,2026-04-07 11:17:50.094072,2026-04-07 11:17:51.048136,0 days 00:00:00.954064,25.432759048013907,19.33155181784102,0.49628915385682115,Au,COMPLETE
5000,-1.0,2026-04-07 11:17:50.190155,2026-04-07 11:17:51.081421,0 days 00:00:00.891266,25.190969220775077,19.38041374098155,0.49972887408282674,Au,COMPLETE
5001,83.02696078431127,2026-04-07 11:17:50.237868,2026-04-07 11:17:51.044767,0 days 00:00:00.806899,25.338912003951137,19.37650360198399,0.4909950107201128,Au,COMPLETE
5002,-1.0,2026-04-07 11:17:50.252604,2026-04-07 11:17:51.144218,0 days 00:00:00.891614,25.440879975997834,19.329584498036223,0.49404188900730417,Au,COMPLETE
5003,-1.0,2026-04-07 11:17:50.309567,2026-04-07 11:17:51.052498,0 days 00:00:00.742931,25.433199406886352,19.999902311350784,0.4956875315549891,Au,COMPLETE
5004,-1.0,2026-04-07 11:17:50.374935,2026-04-07 11:17:51.084693,0 days 00:00:00.709758,25.227502672259128,19.36545259814853,0.5017528832774578,Au,COMPLETE
5005,83.02696078431127,2026-04-07 11:17:50.445886,2026-04-07 11:17:51.255506,0 days 00:00:00.809620,24.86854280558507,19.399969294082943,0.4890839319348019,Au,COMPLETE
5006,83.02696078431127,2026-04-07 11:17:51.014043,2026-04-07 11:17:51.887587,0 days 00:00:00.873544,25.3599763981333,19.421922096979273,0.5043915851288946,Au,COMPLETE
5007,-1.0,2026-04-07 11:17:51.288964,2026-04-07 11:17:52.072163,0 days 00:00:00.783199,21.59287724788523,19.648536748089185,0.5357019814555277,Au,COMPLETE
5008,-1.0,2026-04-07 11:17:51.306947,2026-04-07 11:17:52.100761,0 days 00:00:00.793814,22.354843184155467,19.99511091227892,0.6401379682617667,Au,COMPLETE
5009,-1.0,2026-04-07 11:17:51.338090,2026-04-07 11:17:52.043440,0 days 00:00:00.705350,21.43173530574541,19.65310130677115,0.5276625579728244,Au,COMPLETE
5010,-1.0,2026-04-07 11:17:51.386769,2026-04-07 11:17:52.131328,0 days 00:00:00.744559,21.84351398520058,19.6994806438516,0.6382317508257627,Au,COMPLETE
5011,-441.2144702841686,2026-04-07 11:17:51.399486,2026-04-07 11:17:52.177834,0 days 00:00:00.778348,21.71883562100673,19.64257467308661,0.6325271474210028,Au,COMPLETE
5012,-11.39322916666491,2026-04-07 11:17:51.481055,2026-04-07 11:17:52.275593,0 days 00:00:00.794538,21.759787633061258,19.678836547443566,0.64038413650818,Au,COMPLETE
5013,-11.06770833333165,2026-04-07 11:17:51.525483,2026-04-07 11:17:52.190869,0 days 00:00:00.665386,21.82052330973105,19.662473086360613,0.6448235701872984,Au,COMPLETE
5014,-1.0,2026-04-07 11:17:52.029641,2026-04-07 11:17:52.772545,0 days 00:00:00.742904,23.639929118905147,19.998250226109445,0.6300799588279424,Au,COMPLETE
5015,-1.0,2026-04-07 11:17:52.242918,2026-04-07 11:17:53.043129,0 days 00:00:00.800211,23.7384113375549,18.96372280944255,0.6201051510921425,Au,COMPLETE
5016,-1.0,2026-04-07 11:17:52.290231,2026-04-07 11:17:52.947525,0 days 00:00:00.657294,23.842383794420115,19.998985649403224,0.6011162493986331,Au,COMPLETE
5017,0.0,2026-04-07 11:17:52.322308,2026-04-07 11:17:53.070361,0 days 00:00:00.748053,23.770371867378493,19.04276828764209,0.7094715851679482,Au,COMPLETE
5018,0.0,2026-04-07 11:17:52.355062,2026-04-07 11:17:53.118418,0 days 00:00:00.763356,23.88830017015298,19.01965052667297,0.685081104173041,Au,COMPLETE
5019,-1.0,2026-04-07 11:17:52.388763,2026-04-07 11:17:53.136023,0 days 00:00:00.747260,23.46819761752298,19.996372561311006,0.6733182773127786,Au,COMPLETE
5020,-1.0,2026-04-07 11:17:52.417087,2026-04-07 11:17:53.346388,0 days 00:00:00.929301,23.85991818516329,19.03491952266017,0.6163942191504365,Au,COMPLETE
5021,-1.0,2026-04-07 11:17:52.518298,2026-04-07 11:17:53.345388,0 days 00:00:00.827090,23.920541683688683,18.982893510264212,0.6682496547939184,Au,COMPLETE
5022,-1.0,2026-04-07 11:17:52.978898,2026-04-07 11:17:53.688792,0 days 00:00:00.709894,21.764732300953106,18.99672648391376,0.6857175014168593,Au,COMPLETE
5023,-1.0,2026-04-07 11:17:53.173680,2026-04-07 11:17:53.865474,0 days 00:00:00.691794,30.234087307852327,19.141983519761155,0.613163224073832,Au,COMPLETE
5024,0.0,2026-04-07 11:17:53.247878,2026-04-07 11:17:53.999758,0 days 00:00:00.751880,29.581601335713422,18.500781100506142,0.6501470176202707,Au,COMPLETE
5025,-1.0,2026-04-07 11:17:53.278395,2026-04-07 11:17:53.971359,0 days 00:00:00.692964,20.11166097313994,18.48788418296022,0.6929558701928332,Au,COMPLETE
5026,-1.0,2026-04-07 11:17:53.358472,2026-04-07 11:17:54.065414,0 days 00:00:00.706942,21.60277014762949,19.30707964040734,0.6752740869875677,Au,COMPLETE
5027,-1.0,2026-04-07 11:17:53.426189,2026-04-07 11:17:54.109093,0 days 00:00:00.682904,30.12258942445648,19.263869303115502,0.6944744937478937,Au,COMPLETE
5028,-352.7253668762663,2026-04-07 11:17:53.508072,2026-04-07 11:17:54.158255,0 days 00:00:00.650183,21.6609861180448,18.53914991695119,0.6048530563218297,Au,COMPLETE
5029,-1.0,2026-04-07 11:17:53.633021,2026-04-07 11:17:54.352616,0 days 00:00:00.719595,30.536126219297007,18.47539852881104,0.7232482292687104,Au,COMPLETE
5030,0.0,2026-04-07 11:17:53.915596,2026-04-07 11:17:54.441898,0 days 00:00:00.526302,20.006206939058675,19.40936274637247,0.560698648647117,Au,COMPLETE
5031,-1.0,2026-04-07 11:17:54.018123,2026-04-07 11:17:54.735900,0 days 00:00:00.717777,26.795132403742954,19.60886715963958,0.5560415194590058,Au,COMPLETE
5032,-1.0,2026-04-07 11:17:54.189403,2026-04-07 11:17:54.967321,0 days 00:00:00.777918,20.084999314986813,19.57269799996328,0.5654806261944109,Au,COMPLETE
5033,0.0,2026-04-07 11:17:54.162461,2026-04-07 11:17:55.027616,0 days 00:00:00.865155,20.030624200762436,19.998578836260275,0.5454896786581755,Au,COMPLETE
5034,0.0,2026-04-07 11:17:54.282777,2026-04-07 11:17:55.061137,0 days 00:00:00.778360,27.31769869560663,19.654500848903034,0.5587236970135878,Au,COMPLETE
5035,0.0,2026-04-07 11:17:54.295773,2026-04-07 11:17:54.921920,0 days 00:00:00.626147,20.048743680504085,19.530565296528973,0.5606790672698027,Au,COMPLETE
5036,-1.0,2026-04-07 11:17:54.311923,2026-04-07 11:17:54.998486,0 days 00:00:00.686563,26.902951581651955,19.996184945200476,0.556918397111446,Au,COMPLETE
5037,-1.0,2026-04-07 11:17:54.505258,2026-04-07 11:17:55.137186,0 days 00:00:00.631928,25.77528086056117,19.625801347840355,0.5698900659736612,Au,COMPLETE
5038,-1.0,2026-04-07 11:17:54.766028,2026-04-07 11:17:55.528546,0 days 00:00:00.762518,25.97168651418714,19.646768213915166,0.5914717625918435,Au,COMPLETE
5039,0.0,2026-04-07 11:17:54.946217,2026-04-07 11:17:55.902873,0 days 00:00:00.956656,20.011275674836263,19.03271878192779,0.598391648014197,Au,COMPLETE
5040,-386.7009132419558,2026-04-07 11:17:55.066194,2026-04-07 11:17:55.876308,0 days 00:00:00.810114,21.594943981966253,19.016162065038127,0.6009454696238075,Au,COMPLETE
5041,-1.0,2026-04-07 11:17:55.126639,2026-04-07 11:17:55.983427,0 days 00:00:00.856788,22.219098358045503,19.060244838498974,0.4642587294330041,Au,COMPLETE
5042,-11.591478696740095,2026-04-07 11:17:55.173646,2026-04-07 11:17:55.952817,0 days 00:00:00.779171,22.717597473376333,19.076807468877444,0.46772014416797725,Au,COMPLETE
5043,-398.47417840369934,2026-04-07 11:17:55.185572,2026-04-07 11:17:55.997908,0 days 00:00:00.812336,21.918373663599233,19.05800250876529,0.46517998641467084,Au,COMPLETE
5044,0.0,2026-04-07 11:17:55.326841,2026-04-07 11:17:55.918129,0 days 00:00:00.591288,20.000724745185934,18.95921672480077,0.47130889143554994,Au,COMPLETE
5045,-401.59574468079353,2026-04-07 11:17:55.397796,2026-04-07 11:17:56.063465,0 days 00:00:00.665669,22.097217446141197,18.991967780396717,0.46978446907307037,Au,COMPLETE
5046,-1.0,2026-04-07 11:17:55.811655,2026-04-07 11:17:56.691810,0 days 00:00:00.880155,24.534540858529795,19.415796243818324,0.5237577439946628,Au,COMPLETE
5047,-1.0,2026-04-07 11:17:56.035673,2026-04-07 11:17:56.704375,0 days 00:00:00.668702,24.74537485693386,19.38885793096999,0.5167498364725291,Au,COMPLETE
5048,-1.0,2026-04-07 11:17:56.116039,2026-04-07 11:17:56.822644,0 days 00:00:00.706605,24.778677569994514,19.376593037771936,0.6408557286861054,Au,COMPLETE
5049,-1.0,2026-04-07 11:17:56.125200,2026-04-07 11:17:56.922793,0 days 00:00:00.797593,25.072700478672267,19.352237920353595,0.5164954006256128,Au,COMPLETE
5050,-1.0,2026-04-07 11:17:56.141504,2026-04-07 11:17:56.925301,0 days 00:00:00.783797,24.778523190891086,19.99950912982467,0.5166709862857389,Au,COMPLETE
5051,-1.0,2026-04-07 11:17:56.194398,2026-04-07 11:17:56.848155,0 days 00:00:00.653757,25.04139360616559,19.3738425418082,0.6412501766515875,Au,COMPLETE
5052,5.376344086020811,2026-04-07 11:17:56.290170,2026-04-07 11:17:56.952474,0 days 00:00:00.662304,24.366866945695318,19.379179749185255,0.5221278522620927,Au,COMPLETE
5053,83.02696078431127,2026-04-07 11:17:56.412006,2026-04-07 11:17:57.132553,0 days 00:00:00.720547,24.564686924498226,19.40924561445667,0.6447493314927595,Au,COMPLETE
5054,-1.0,2026-04-07 11:17:56.877615,2026-04-07 11:17:57.663232,0 days 00:00:00.785617,22.00134684292753,18.69405266693088,0.45910331387666453,Au,COMPLETE
5055,-1.0,2026-04-07 11:17:56.969351,2026-04-07 11:17:57.833373,0 days 00:00:00.864022,21.76764508395339,18.72114696141286,0.45394325562659904,Au,COMPLETE
5056,-370.33991228065304,2026-04-07 11:17:57.003726,2026-04-07 11:17:57.799001,0 days 00:00:00.795275,22.029968221363827,18.661650257243515,0.45261996059009113,Au,COMPLETE
5057,-398.76760563374626,2026-04-07 11:17:57.098456,2026-04-07 11:17:57.834372,0 days 00:00:00.735916,22.592141431493918,18.66307037707416,0.45236781305220236,Au,COMPLETE
5058,-1.0,2026-04-07 11:17:57.133553,2026-04-07 11:17:57.964640,0 days 00:00:00.831087,21.774848855242094,18.611080557385183,0.4519443117875784,Au,COMPLETE
5059,-1.0,2026-04-07 11:17:57.208494,2026-04-07 11:17:57.963184,0 days 00:00:00.754690,21.794445728916493,18.494029628569137,0.7314515895402514,Au,COMPLETE
5060,-365.2597402596925,2026-04-07 11:17:57.272580,2026-04-07 11:17:58.114876,0 days 00:00:00.842296,22.03216014938313,18.582839840592275,0.4631355862539891,Au,COMPLETE
5061,-354.6940928269596,2026-04-07 11:17:57.436858,2026-04-07 11:17:58.069351,0 days 00:00:00.632493,21.812297662677302,18.574497479140177,0.45078395475836847,Au,COMPLETE
5062,-1.0,2026-04-07 11:17:57.847875,2026-04-07 11:17:58.742728,0 days 00:00:00.894853,28.314928767136735,19.70551288659372,0.5376766924690195,Au,COMPLETE
5063,0.0,2026-04-07 11:17:57.989926,2026-04-07 11:17:58.744071,0 days 00:00:00.754145,27.34123238171343,19.69626041394103,0.5421858616468505,Au,COMPLETE
5064,0.0,2026-04-07 11:17:58.041586,2026-04-07 11:17:58.949063,0 days 00:00:00.907477,27.51937008715944,19.698228104333623,0.5947748292219216,Au,COMPLETE
5065,-1.0,2026-04-07 11:17:58.071870,2026-04-07 11:17:58.950382,0 days 00:00:00.878512,28.144320075829693,19.666067961005684,0.5919471606963471,Au,COMPLETE
5066,-1.0,2026-04-07 11:17:58.215863,2026-04-07 11:17:59.054125,0 days 00:00:00.838262,27.138161257083148,19.666666951708894,0.5997378903335483,Au,COMPLETE
5067,0.0,2026-04-07 11:17:58.273489,2026-04-07 11:17:59.074257,0 days 00:00:00.800768,27.369777894090017,19.662766537368125,0.6040780222008365,Au,COMPLETE
5068,0.0,2026-04-07 11:17:58.286881,2026-04-07 11:17:59.056131,0 days 00:00:00.769250,27.24497629186158,19.674873943467208,0.544051630587294,Au,COMPLETE
5069,-1.0,2026-04-07 11:17:58.372956,2026-04-07 11:17:59.026060,0 days 00:00:00.653104,27.590778513239645,19.66320336429724,0.6010542587406118,Au,COMPLETE
5070,-1.0,2026-04-07 11:17:58.995496,2026-04-07 11:17:59.860627,0 days 00:00:00.865131,23.051686908443173,19.14580540541142,0.40873668742354363,Au,COMPLETE
5071,-1.0,2026-04-07 11:17:59.100257,2026-04-07 11:17:59.742938,0 days 00:00:00.642681,22.985500641811285,19.11135175268243,0.406067888200572,Au,COMPLETE
5072,0.0,2026-04-07 11:17:59.137119,2026-04-07 11:17:59.979535,0 days 00:00:00.842416,20.04354731476465,19.985635162428405,0.41004568621898657,Au,COMPLETE
5073,-1.0,2026-04-07 11:17:59.168100,2026-04-07 11:17:59.882973,0 days 00:00:00.714873,20.093454270341397,19.151894190773497,0.49598128877535635,Au,COMPLETE
5074,-1.0,2026-04-07 11:17:59.198972,2026-04-07 11:17:59.897346,0 days 00:00:00.698374,23.44646033474194,19.981691527912265,0.4960799662372962,Au,COMPLETE
5075,-1.0,2026-04-07 11:17:59.229720,2026-04-07 11:17:59.961701,0 days 00:00:00.731981,20.073376962643714,19.988969774822664,0.41105174619460877,Au,COMPLETE
5076,-1.0,2026-04-07 11:17:59.246252,2026-04-07 11:17:59.979535,0 days 00:00:00.733283,23.439603833159385,19.993605803478644,0.4036742581170316,Au,COMPLETE
5077,-1.0,2026-04-07 11:17:59.336450,2026-04-07 11:18:00.130345,0 days 00:00:00.793895,20.097795007437334,19.168201477908514,0.4109147988899454,Au,COMPLETE
5078,0.0,2026-04-07 11:17:59.915086,2026-04-07 11:18:00.853314,0 days 00:00:00.938228,20.04052738143826,19.283022898458636,0.4928108656985644,Au,COMPLETE
5079,-2.083333333333057,2026-04-07 11:18:00.028112,2026-04-07 11:18:00.853314,0 days 00:00:00.825202,23.553819234639466,19.28993361061548,0.4999722364721127,Au,COMPLETE
5080,-3.9251207729463515,2026-04-07 11:18:00.052867,2026-04-07 11:18:00.868426,0 days 00:00:00.815559,23.390909482128706,19.2874749816882,0.49633322309441513,Au,COMPLETE
5081,-1.0,2026-04-07 11:18:00.074972,2026-04-07 11:18:00.864863,0 days 00:00:00.789891,23.583593541434524,19.236898268339505,0.4875808835399112,Au,COMPLETE
5082,-1.0,2026-04-07 11:18:00.127808,2026-04-07 11:18:00.997436,0 days 00:00:00.869628,23.61330434567514,19.298268001909882,0.510109329581028,Au,COMPLETE
5083,-0.2913752913752298,2026-04-07 11:18:00.215352,2026-04-07 11:18:01.043582,0 days 00:00:00.828230,23.78389853534229,19.28632679355708,0.49550870105254363,Au,COMPLETE
5084,-1.0,2026-04-07 11:18:00.347112,2026-04-07 11:18:01.059706,0 days 00:00:00.712594,23.484838476338126,19.259383721268676,0.5011622210907908,Au,COMPLETE
5085,-3.2738095238090708,2026-04-07 11:18:00.434821,2026-04-07 11:18:01.186829,0 days 00:00:00.752008,23.51493992763119,19.242737045956776,0.4966002319010141,Au,COMPLETE
5086,82.72058823529169,2026-04-07 11:18:00.950854,2026-04-07 11:18:01.742431,0 days 00:00:00.791577,25.853969648721744,18.764410224094835,0.5432253053567018,Au,COMPLETE
5087,-1.0,2026-04-07 11:18:01.063726,2026-04-07 11:18:01.896661,0 days 00:00:00.832935,20.00394752394652,19.99999276999257,0.5516055219108733,Au,COMPLETE
5088,-1.0,2026-04-07 11:18:01.137779,2026-04-07 11:18:02.056721,0 days 00:00:00.918942,20.00879675394622,18.81313644751034,0.5507098564452954,Au,COMPLETE
5089,82.72058823529169,2026-04-07 11:18:01.152844,2026-04-07 11:18:01.895661,0 days 00:00:00.742817,25.763554185838075,18.849379223250462,0.5644368899322969,Au,COMPLETE
5090,-1.0,2026-04-07 11:18:01.191940,2026-04-07 11:18:01.961406,0 days 00:00:00.769466,25.92882987560634,18.799232879520364,0.5400856501162943,Au,COMPLETE
5091,-1.0,2026-04-07 11:18:01.250920,2026-04-07 11:18:02.025366,0 days 00:00:00.774446,25.984766638455508,18.843160218174734,0.5650160932160488,Au,COMPLETE
5092,-1.0,2026-04-07 11:18:01.299645,2026-04-07 11:18:02.021826,0 days 00:00:00.722181,25.934651129561843,18.84775932110873,0.5583981901129631,Au,COMPLETE
5093,0.0,2026-04-07 11:18:01.420348,2026-04-07 11:18:02.164033,0 days 00:00:00.743685,20.01076858360353,18.768357878925663,0.5568312507728534,Au,COMPLETE
5094,-12.273901808783654,2026-04-07 11:18:01.980424,2026-04-07 11:18:02.872422,0 days 00:00:00.891998,22.112447519155747,19.573993441807016,0.4400773247896283,Au,COMPLETE
5095,-1.0,2026-04-07 11:18:02.076531,2026-04-07 11:18:02.759911,0 days 00:00:00.683380,21.61725991701964,19.65608744313976,0.6573667215177348,Au,COMPLETE
5096,-1.0,2026-04-07 11:18:02.121938,2026-04-07 11:18:03.030473,0 days 00:00:00.908535,21.818887048782177,19.643041986833595,0.37117013896036527,Au,COMPLETE
5097,-1.0,2026-04-07 11:18:02.199079,2026-04-07 11:18:03.071192,0 days 00:00:00.872113,21.818333532678423,19.629804197647,0.6447449636642586,Au,COMPLETE
5098,-11.39322916666491,2026-04-07 11:18:02.165050,2026-04-07 11:18:02.923417,0 days 00:00:00.758367,21.86033636047273,19.64423852606584,0.616231858379828,Au,COMPLETE
5099,-1.0,2026-04-07 11:18:02.333419,2026-04-07 11:18:03.068261,0 days 00:00:00.734842,21.752171084802658,19.7041652628845,0.6517270750181692,Au,COMPLETE
5100,-1.0,2026-04-07 11:18:02.379996,2026-04-07 11:18:03.168251,0 days 00:00:00.788255,21.67742837004443,19.602724809422313,0.6524878432846858,Au,COMPLETE
5101,-1.0,2026-04-07 11:18:02.449818,2026-04-07 11:18:03.227113,0 days 00:00:00.777295,21.960224381357612,19.660384505216133,0.6400636705193776,Au,COMPLETE
5102,-1.0,2026-04-07 11:18:02.978161,2026-04-07 11:18:03.908249,0 days 00:00:00.930088,24.59083471408798,18.31262981341013,0.4611977008534004,Au,COMPLETE
5103,-1.0,2026-04-07 11:18:03.090497,2026-04-07 11:18:03.899354,0 days 00:00:00.808857,24.87492764506614,19.161712394011683,0.4694407835069218,Au,COMPLETE
5104,-1.0,2026-04-07 11:18:03.196981,2026-04-07 11:18:03.898349,0 days 00:00:00.701368,24.902824884562243,19.100991313168866,0.46274201264628917,Au,COMPLETE
5105,83.02696078431127,2026-04-07 11:18:03.264986,2026-04-07 11:18:03.985965,0 days 00:00:00.720979,24.609316646950568,19.980728394663434,0.45895413212033676,Au,COMPLETE
5106,-1.0,2026-04-07 11:18:03.296544,2026-04-07 11:18:04.049087,0 days 00:00:00.752543,24.47367048683971,19.04593823710778,0.4648721219131477,Au,COMPLETE
5107,-6.118881118880251,2026-04-07 11:18:03.358532,2026-04-07 11:18:04.048544,0 days 00:00:00.690012,24.44412016668084,18.27137874512851,0.4660890051799759,Au,COMPLETE
5108,-1.0,2026-04-07 11:18:03.385889,2026-04-07 11:18:04.210015,0 days 00:00:00.824126,24.66701711375677,19.077636554993607,0.462752792500903,Au,COMPLETE
5109,-4.310344827585626,2026-04-07 11:18:03.481546,2026-04-07 11:18:04.209016,0 days 00:00:00.727470,24.743754447039624,18.348361147231728,0.3707513884656621,Au,COMPLETE
5110,-1.0,2026-04-07 11:18:04.043500,2026-04-07 11:18:04.700048,0 days 00:00:00.656548,21.771784213794415,19.34764524311895,0.3745118008014376,Au,COMPLETE
5111,0.0,2026-04-07 11:18:04.090267,2026-04-07 11:18:04.819643,0 days 00:00:00.729376,20.05447297786646,19.409087051206775,0.5238551684571313,Au,COMPLETE
5112,-12.086513994909135,2026-04-07 11:18:04.130862,2026-04-07 11:18:04.866261,0 days 00:00:00.735399,22.163778595679577,19.41407499563127,0.5279600484176914,Au,COMPLETE
5113,-1.0,2026-04-07 11:18:04.160409,2026-04-07 11:18:05.040012,0 days 00:00:00.879603,21.971785491536924,19.421870505005614,0.6056871063817206,Au,COMPLETE
5114,-1.0,2026-04-07 11:18:04.305281,2026-04-07 11:18:04.991787,0 days 00:00:00.686506,21.80621468562928,19.535074460586912,0.597883374348117,Au,COMPLETE
5115,-10.666666666664964,2026-04-07 11:18:04.336710,2026-04-07 11:18:05.208215,0 days 00:00:00.871505,21.77054587119511,19.996319517500993,0.5227673288104743,Au,COMPLETE
5116,-1.0,2026-04-07 11:18:04.383556,2026-04-07 11:18:05.100786,0 days 00:00:00.717230,21.758531737621762,19.404044383909607,0.5293545754805752,Au,COMPLETE
5117,-414.23357664227547,2026-04-07 11:18:04.499189,2026-04-07 11:18:05.175909,0 days 00:00:00.676720,21.495114836684508,19.454702361926415,0.588915120288291,Au,COMPLETE
5118,0.0,2026-04-07 11:18:04.896904,2026-04-07 11:18:05.676729,0 days 00:00:00.779825,20.04191145019947,19.99527940544608,0.41914443438305854,Au,COMPLETE
5119,82.72058823529169,2026-04-07 11:18:05.017991,2026-04-07 11:18:05.702985,0 days 00:00:00.684994,26.321878533407812,18.86573850329999,0.42089958511903736,Au,COMPLETE
5120,-1.0,2026-04-07 11:18:05.128998,2026-04-07 11:18:05.789329,0 days 00:00:00.660331,23.370895579721868,18.858174894742895,0.41940988706355553,Au,COMPLETE
5121,-1.0,2026-04-07 11:18:05.242248,2026-04-07 11:18:05.971409,0 days 00:00:00.729161,29.245109226353996,19.999659725230963,0.7188764916955479,Au,COMPLETE
5122,2.873563218390408,2026-04-07 11:18:05.254836,2026-04-07 11:18:05.879363,0 days 00:00:00.624527,23.317519101113497,19.981700259086264,0.4204910518241853,Au,COMPLETE
5123,0.0,2026-04-07 11:18:05.304686,2026-04-07 11:18:06.107119,0 days 00:00:00.802433,20.01240407181494,18.795261584943614,0.4154353676880345,Au,COMPLETE
5124,-1.0,2026-04-07 11:18:05.404989,2026-04-07 11:18:06.094549,0 days 00:00:00.689560,26.068028377487863,18.99351919467158,0.4290844232548977,Au,COMPLETE
5125,0.0,2026-04-07 11:18:05.528268,2026-04-07 11:18:06.267910,0 days 00:00:00.739642,23.315019334497705,19.996471376728245,0.3673780900363218,Au,COMPLETE
5126,-1.0,2026-04-07 11:18:05.882865,2026-04-07 11:18:06.672881,0 days 00:00:00.790016,23.376888079965518,18.5220274470283,0.370824044352284,Au,COMPLETE
5127,-1.0,2026-04-07 11:18:05.930709,2026-04-07 11:18:06.671377,0 days 00:00:00.740668,23.248161504698132,19.643848860691456,0.3735722992160512,Au,COMPLETE
5128,-10.491606714626739,2026-04-07 11:18:06.054062,2026-04-07 11:18:06.819859,0 days 00:00:00.765797,23.51887262946997,18.429138992109095,0.5680400898212145,Au,COMPLETE
5129,-2.737226277371843,2026-04-07 11:18:06.095550,2026-04-07 11:18:07.027635,0 days 00:00:00.932085,23.02542459821609,19.591905436090805,0.563944716956654,Au,COMPLETE
5130,-1.0,2026-04-07 11:18:06.205415,2026-04-07 11:18:06.922904,0 days 00:00:00.717489,23.467408849165366,19.58843931837673,0.5623424234852092,Au,COMPLETE
5131,-1.0,2026-04-07 11:18:06.271550,2026-04-07 11:18:06.958797,0 days 00:00:00.687247,23.605794432359627,19.64554317920265,0.5737963182844875,Au,COMPLETE
5132,1.3888888888887037,2026-04-07 11:18:06.350780,2026-04-07 11:18:06.956217,0 days 00:00:00.605437,23.79130261926993,19.610992732573365,0.5085164540358637,Au,COMPLETE
5133,82.41421568627209,2026-04-07 11:18:06.466836,2026-04-07 11:18:07.282716,0 days 00:00:00.815880,26.749543880004076,18.49771942930058,0.56338997239384,Au,COMPLETE
5134,-1.0,2026-04-07 11:18:06.867595,2026-04-07 11:18:07.746523,0 days 00:00:00.878928,26.55145880170909,19.07339476353414,0.49271133067711526,Au,COMPLETE
5135,0.0,2026-04-07 11:18:06.998660,2026-04-07 11:18:07.780453,0 days 00:00:00.781793,20.010309582045743,19.067923873495257,0.49198565457730226,Au,COMPLETE
5136,-1.0,2026-04-07 11:18:06.980336,2026-04-07 11:18:07.923968,0 days 00:00:00.943632,26.607238975834722,19.110096189410218,0.5076434716566184,Au,COMPLETE
5137,82.41421568627209,2026-04-07 11:18:07.115870,2026-04-07 11:18:07.750764,0 days 00:00:00.634894,26.414742086696993,19.05227322034241,0.4873685007238528,Au,COMPLETE
5138,-1.0,2026-04-07 11:18:07.141887,2026-04-07 11:18:07.860662,0 days 00:00:00.718775,20.05253931729765,19.086773778926215,0.48836648570067026,Au,COMPLETE
5139,0.0,2026-04-07 11:18:07.166202,2026-04-07 11:18:08.061309,0 days 00:00:00.895107,20.024562183498613,19.0979126031831,0.49062232030909025,Au,COMPLETE
5140,-1.0,2026-04-07 11:18:07.285239,2026-04-07 11:18:08.063846,0 days 00:00:00.778607,26.049505272116587,19.11859451395253,0.49348658215758295,Au,COMPLETE
5141,82.41421568627209,2026-04-07 11:18:07.480206,2026-04-07 11:18:08.162558,0 days 00:00:00.682352,26.24828876379133,19.119322745559447,0.49331515295428335,Au,COMPLETE
5142,-9.666666666665174,2026-04-07 11:18:07.954338,2026-04-07 11:18:08.874990,0 days 00:00:00.920652,21.712679216258906,19.99391049305668,0.6240360533269211,Au,COMPLETE
5143,-1.0,2026-04-07 11:18:08.018459,2026-04-07 11:18:08.665609,0 days 00:00:00.647150,21.73044705482159,19.643922537166336,0.6139477725872955,Au,COMPLETE
5144,-11.718749999998263,2026-04-07 11:18:08.031037,2026-04-07 11:18:08.743199,0 days 00:00:00.712162,21.77858137425269,19.66454633603105,0.6192582088771507,Au,COMPLETE
5145,-437.820512820445,2026-04-07 11:18:08.108662,2026-04-07 11:18:09.024541,0 days 00:00:00.915879,21.763251567148373,19.607034062239006,0.6209398641600464,Au,COMPLETE
5146,-11.39322916666491,2026-04-07 11:18:08.165968,2026-04-07 11:18:08.788491,0 days 00:00:00.622523,21.827616686123427,19.671325852871394,0.6110937470413477,Au,COMPLETE
5147,-1.0,2026-04-07 11:18:08.256161,2026-04-07 11:18:09.008226,0 days 00:00:00.752065,21.749049991544247,19.997804281176215,0.43574681489768513,Au,COMPLETE
5148,-1.0,2026-04-07 11:18:08.353388,2026-04-07 11:18:08.992125,0 days 00:00:00.638737,20.010370971257068,19.542229280168314,0.4378336001521403,Au,COMPLETE
5149,-1.0,2026-04-07 11:18:08.405954,2026-04-07 11:18:09.097745,0 days 00:00:00.691791,21.803203843094362,19.604263736000206,0.6004226904762443,Au,COMPLETE
5150,83.02696078431127,2026-04-07 11:18:08.938055,2026-04-07 11:18:09.637269,0 days 00:00:00.699214,24.648126995966788,19.648531785646867,0.6637899813582842,Au,COMPLETE
5151,-1.0,2026-04-07 11:18:08.962198,2026-04-07 11:18:09.773084,0 days 00:00:00.810886,29.64452330710258,19.65252672599629,0.39214646713756646,Au,COMPLETE
5152,-1.0,2026-04-07 11:18:09.057315,2026-04-07 11:18:09.663320,0 days 00:00:00.606005,28.653739098786886,19.99949031651051,0.751216375160659,Au,COMPLETE
5153,0.0,2026-04-07 11:18:09.108741,2026-04-07 11:18:09.774092,0 days 00:00:00.665351,29.641122352114195,19.39439109494875,0.7027885482394264,Au,COMPLETE
5154,83.02696078431127,2026-04-07 11:18:09.188061,2026-04-07 11:18:10.044417,0 days 00:00:00.856356,24.67457808299075,19.402531486665993,0.742369750528401,Au,COMPLETE
5155,83.02696078431127,2026-04-07 11:18:09.232488,2026-04-07 11:18:09.887088,0 days 00:00:00.654600,24.724752525816832,19.649933689264593,0.6757223625725719,Au,COMPLETE
5156,0.0,2026-04-07 11:18:09.313422,2026-04-07 11:18:09.979427,0 days 00:00:00.666005,29.44110420428708,19.407769219934607,0.6692033205036844,Au,COMPLETE
5157,-1.0,2026-04-07 11:18:09.423581,2026-04-07 11:18:10.075431,0 days 00:00:00.651850,28.593002659527293,19.636827372660182,0.6996025063226834,Au,COMPLETE
5158,-1.0,2026-04-07 11:18:09.828315,2026-04-07 11:18:10.587959,0 days 00:00:00.759644,23.370924277896066,19.39727311136695,0.7372397368677875,Au,COMPLETE
5159,-1.0,2026-04-07 11:18:09.915576,2026-04-07 11:18:10.750540,0 days 00:00:00.834964,23.3066119364067,19.35565786835786,0.6407726624417307,Au,COMPLETE
5160,2.7777777777774073,2026-04-07 11:18:09.941271,2026-04-07 11:18:10.577540,0 days 00:00:00.636269,23.839060343989555,19.377222433973365,0.6891062746194719,Au,COMPLETE
5161,-1.0,2026-04-07 11:18:10.014200,2026-04-07 11:18:10.732432,0 days 00:00:00.718232,22.938262249354892,19.987888852913766,0.5389685372071152,Au,COMPLETE
5162,-1.0,2026-04-07 11:18:10.124245,2026-04-07 11:18:10.904535,0 days 00:00:00.780290,23.810650418518538,19.34697347581762,0.5341773961657676,Au,COMPLETE
5163,-3.0193236714971867,2026-04-07 11:18:10.209562,2026-04-07 11:18:10.906040,0 days 00:00:00.696478,23.19100539872987,19.32415922398427,0.6360623192003423,Au,COMPLETE
5164,-2.3809523809520408,2026-04-07 11:18:10.300586,2026-04-07 11:18:11.033500,0 days 00:00:00.732914,23.45723194037676,19.318135182740964,0.5334805987037202,Au,COMPLETE
5165,-3.9251207729463515,2026-04-07 11:18:10.339735,2026-04-07 11:18:11.033500,0 days 00:00:00.693765,23.299036214669044,19.310892703067548,0.5330140619337954,Au,COMPLETE
5166,0.0,2026-04-07 11:18:10.795758,2026-04-07 11:18:11.532148,0 days 00:00:00.736390,20.013079545437353,18.70598881610945,0.44525032753244154,Au,COMPLETE
5167,-1.0,2026-04-07 11:18:10.837784,2026-04-07 11:18:11.731861,0 days 00:00:00.894077,21.759732641502918,18.78144309266824,0.4548951975626377,Au,COMPLETE
5168,-1.0,2026-04-07 11:18:10.910952,2026-04-07 11:18:11.649430,0 days 00:00:00.738478,21.480943016746505,18.689208848123275,0.43601543478067506,Au,COMPLETE
5169,-1.0,2026-04-07 11:18:11.001522,2026-04-07 11:18:11.610920,0 days 00:00:00.609398,20.02615223570504,18.79645253250763,0.42975600551158366,Au,COMPLETE
5170,-1.0,2026-04-07 11:18:11.151669,2026-04-07 11:18:11.771561,0 days 00:00:00.619892,21.503716092608485,18.72221358753925,0.43430944893064327,Au,COMPLETE
5171,-1.0,2026-04-07 11:18:11.184909,2026-04-07 11:18:11.768102,0 days 00:00:00.583193,21.724915686965787,18.736813281141806,0.43933171594314313,Au,COMPLETE
5172,-1.0,2026-04-07 11:18:11.299766,2026-04-07 11:18:12.250195,0 days 00:00:00.950429,21.63643416302726,18.83243038858144,0.38440780176750533,Au,COMPLETE
5173,-1.0,2026-04-07 11:18:11.433071,2026-04-07 11:18:12.127589,0 days 00:00:00.694518,26.150316832360158,18.704689085072832,0.43394955343527736,Au,COMPLETE
5174,82.72058823529169,2026-04-07 11:18:11.735851,2026-04-07 11:18:12.431032,0 days 00:00:00.695181,25.518612140815698,19.75897955037521,0.3807108480134924,Au,COMPLETE
5175,82.40740740740496,2026-04-07 11:18:11.808986,2026-04-07 11:18:12.670482,0 days 00:00:00.861496,25.746016761410964,19.991598544787596,0.601512851279446,Au,COMPLETE
5176,-1.0,2026-04-07 11:18:11.865051,2026-04-07 11:18:12.546075,0 days 00:00:00.681024,25.381222139670047,19.987035263267753,0.39046020871927545,Au,COMPLETE
5177,-1.0,2026-04-07 11:18:11.888353,2026-04-07 11:18:12.716886,0 days 00:00:00.828533,26.336665331885087,19.990815367178605,0.3630843021643716,Au,COMPLETE
5178,82.41421568627209,2026-04-07 11:18:11.953151,2026-04-07 11:18:12.747065,0 days 00:00:00.793914,25.67171758250547,19.99955356846568,0.3655122204053451,Au,COMPLETE
5179,82.41421568627209,2026-04-07 11:18:11.989397,2026-04-07 11:18:12.801971,0 days 00:00:00.812574,25.515033102681496,19.992586394672863,0.37492039042347935,Au,COMPLETE
5180,82.41421568627209,2026-04-07 11:18:12.345723,2026-04-07 11:18:13.056247,0 days 00:00:00.710524,25.696608415007194,19.697087492713752,0.58424744978789,Au,COMPLETE
5181,0.0,2026-04-07 11:18:12.576497,2026-04-07 11:18:13.313367,0 days 00:00:00.736870,20.02074354914462,19.644021582173057,0.5240209414701775,Au,COMPLETE
5182,0.0,2026-04-07 11:18:12.689137,2026-04-07 11:18:13.490662,0 days 00:00:00.801525,20.051865149814194,19.620806619477104,0.5222336508762276,Au,COMPLETE
5183,0.0,2026-04-07 11:18:12.825722,2026-04-07 11:18:13.680774,0 days 00:00:00.855052,20.051838430901984,19.25128703311423,0.476937393001312,Au,COMPLETE
5184,-1.0,2026-04-07 11:18:12.883088,2026-04-07 11:18:13.606937,0 days 00:00:00.723849,21.62807625095483,19.609022072881956,0.5202546844162752,Au,COMPLETE
5185,-1.0,2026-04-07 11:18:12.906421,2026-04-07 11:18:13.680774,0 days 00:00:00.774353,21.511854414639764,19.17366313220966,0.517866889648129,Au,COMPLETE
5186,-1.0,2026-04-07 11:18:12.965585,2026-04-07 11:18:13.807258,0 days 00:00:00.841673,21.687278687552933,19.142531327046296,0.521315369480609,Au,COMPLETE
5187,-1.0,2026-04-07 11:18:12.985263,2026-04-07 11:18:13.735877,0 days 00:00:00.750614,21.590547026601534,19.603527200394787,0.5235448391067611,Au,COMPLETE
5188,-8.458646616540108,2026-04-07 11:18:13.281640,2026-04-07 11:18:14.154211,0 days 00:00:00.872571,23.086957492543235,19.122319781042474,0.47897787672016284,Au,COMPLETE
5189,-1.0,2026-04-07 11:18:13.640596,2026-04-07 11:18:14.437676,0 days 00:00:00.797080,23.64801177910639,18.327461497368482,0.4760976445169854,Au,COMPLETE
5190,-1.0,2026-04-07 11:18:13.735877,2026-04-07 11:18:14.436676,0 days 00:00:00.700799,23.35718223149314,18.972689125424544,0.47351866357859174,Au,COMPLETE
5191,-1.0,2026-04-07 11:18:13.813138,2026-04-07 11:18:14.590215,0 days 00:00:00.777077,23.61985258527218,18.382920805947336,0.5772890606332777,Au,COMPLETE
5192,-1.0,2026-04-07 11:18:13.875991,2026-04-07 11:18:14.670880,0 days 00:00:00.794889,23.516821028772064,19.01138353228524,0.4727515721991317,Au,COMPLETE
5193,-1.0,2026-04-07 11:18:13.963244,2026-04-07 11:18:14.738879,0 days 00:00:00.775635,23.504450789282178,18.267045061348636,0.5749216777791919,Au,COMPLETE
5194,-8.64197530864069,2026-04-07 11:18:14.002041,2026-04-07 11:18:14.801984,0 days 00:00:00.799943,23.23492860799448,18.98721198530919,0.4727114938954244,Au,COMPLETE
5195,-8.865248226949143,2026-04-07 11:18:14.104959,2026-04-07 11:18:14.827820,0 days 00:00:00.722861,23.707456520092688,18.294051117181752,0.6655899858462049,Au,COMPLETE
5196,83.02696078431127,2026-04-07 11:18:14.387755,2026-04-07 11:18:15.137659,0 days 00:00:00.749904,24.470693739703048,19.99302925987184,0.663127432207495,Au,COMPLETE
5197,-1.0,2026-04-07 11:18:14.689265,2026-04-07 11:18:15.544254,0 days 00:00:00.854989,28.126638636659074,19.393682808049967,0.6325184942450859,Au,COMPLETE
5198,0.0,2026-04-07 11:18:14.743355,2026-04-07 11:18:15.516066,0 days 00:00:00.772711,27.890771495837583,19.99950695062601,0.6531549224083995,Au,COMPLETE
5199,-1.0,2026-04-07 11:18:14.802985,2026-04-07 11:18:15.627289,0 days 00:00:00.824304,27.719181745707964,19.638495303999157,0.6176901173496312,Au,COMPLETE
5200,-1.0,2026-04-07 11:18:14.903990,2026-04-07 11:18:15.748630,0 days 00:00:00.844640,20.0132707328696,19.34846496212589,0.6255027850272792,Au,COMPLETE
5201,-1.0,2026-04-07 11:18:15.079853,2026-04-07 11:18:15.815377,0 days 00:00:00.735524,20.072971382431273,19.387421280256994,0.6271295351208436,Au,COMPLETE
5202,-1.0,2026-04-07 11:18:15.094306,2026-04-07 11:18:15.921343,0 days 00:00:00.827037,27.9626968123585,19.42055372255549,0.6304513856926447,Au,COMPLETE
5203,0.0,2026-04-07 11:18:15.109317,2026-04-07 11:18:15.858302,0 days 00:00:00.748985,27.47381149127653,19.348375318450326,0.6282546433265013,Au,COMPLETE
5204,-1.0,2026-04-07 11:18:15.470218,2026-04-07 11:18:16.134454,0 days 00:00:00.664236,21.931900782470557,19.614394510841233,0.6077949793552321,Au,COMPLETE
5205,-1.0,2026-04-07 11:18:15.699730,2026-04-07 11:18:16.414487,0 days 00:00:00.714757,22.145867151414826,19.63007471342679,0.5528736777980479,Au,COMPLETE
5206,-1.0,2026-04-07 11:18:15.767091,2026-04-07 11:18:16.574003,0 days 00:00:00.806912,20.055672304369747,19.59400869156783,0.5563049588834781,Au,COMPLETE
5207,-1.0,2026-04-07 11:18:15.890930,2026-04-07 11:18:16.574003,0 days 00:00:00.683073,22.007963791949283,19.657246863023452,0.4129177468139144,Au,COMPLETE
5208,-1.0,2026-04-07 11:18:15.993362,2026-04-07 11:18:16.826634,0 days 00:00:00.833272,22.081797218368674,19.99489863076324,0.4132278353654653,Au,COMPLETE
5209,-375.5555555555051,2026-04-07 11:18:16.047079,2026-04-07 11:18:16.952242,0 days 00:00:00.905163,21.738915994876972,18.952070938314133,0.4146890605913985,Au,COMPLETE
5210,-1.0,2026-04-07 11:18:16.107726,2026-04-07 11:18:16.855326,0 days 00:00:00.747600,20.072124322111275,19.682148974374464,0.40320750836938146,Au,COMPLETE
5211,-1.0,2026-04-07 11:18:16.169646,2026-04-07 11:18:16.857333,0 days 00:00:00.687687,20.029128644761087,18.996709039507156,0.4125951116638619,Au,COMPLETE
5212,-1.0,2026-04-07 11:18:16.270554,2026-04-07 11:18:17.076033,0 days 00:00:00.805479,21.838802506432963,19.99468522692565,0.3990992314431256,Au,COMPLETE
5213,5.208333333332682,2026-04-07 11:18:16.670652,2026-04-07 11:18:17.394048,0 days 00:00:00.723396,24.876620088788126,18.868528120992785,0.7070991014914543,Au,COMPLETE
5214,2.6881720430104057,2026-04-07 11:18:16.800627,2026-04-07 11:18:17.712529,0 days 00:00:00.911902,24.596641876601936,19.05661946085988,0.4714065362392117,Au,COMPLETE
5215,-1.0,2026-04-07 11:18:16.905613,2026-04-07 11:18:17.649915,0 days 00:00:00.744302,24.93680631812883,19.05048627525164,0.7171385202280065,Au,COMPLETE
5216,82.72058823529169,2026-04-07 11:18:16.968364,2026-04-07 11:18:17.791901,0 days 00:00:00.823537,25.78763234010328,19.016677789531037,0.4686775207502724,Au,COMPLETE
5217,83.02696078431127,2026-04-07 11:18:17.050836,2026-04-07 11:18:17.933734,0 days 00:00:00.882898,25.278689899146407,19.062336474600315,0.4502090743344907,Au,COMPLETE
5218,-1.0,2026-04-07 11:18:17.107368,2026-04-07 11:18:17.936198,0 days 00:00:00.828830,24.652473605813633,19.064535065392665,0.45589565587772307,Au,COMPLETE
5219,-1.0,2026-04-07 11:18:17.255461,2026-04-07 11:18:17.985477,0 days 00:00:00.730016,24.661727945881943,19.053371037164755,0.45906853914126394,Au,COMPLETE
5220,-1.0,2026-04-07 11:18:17.281001,2026-04-07 11:18:17.948079,0 days 00:00:00.667078,25.146551162822544,19.122032337245578,0.4615676983347217,Au,COMPLETE
5221,-1.0,2026-04-07 11:18:17.700520,2026-04-07 11:18:18.326608,0 days 00:00:00.626088,24.94224273695776,18.602886514091043,0.5482799209312772,Au,COMPLETE
5222,-1.0,2026-04-07 11:18:17.796435,2026-04-07 11:18:18.611836,0 days 00:00:00.815401,21.775735639001365,18.58609263128342,0.5725083945227629,Au,COMPLETE
5223,-7.9365079365066675,2026-04-07 11:18:17.878906,2026-04-07 11:18:18.712320,0 days 00:00:00.833414,21.972099350504347,19.999119852751516,0.5787551050792002,Au,COMPLETE
5224,-441.2144702841686,2026-04-07 11:18:17.986474,2026-04-07 11:18:18.729891,0 days 00:00:00.743417,21.769290745322564,19.65498152968453,0.5555176747135697,Au,COMPLETE
5225,-1.0,2026-04-07 11:18:18.099360,2026-04-07 11:18:19.046918,0 days 00:00:00.947558,21.903091101711723,19.592926524145604,0.5755646422757614,Au,COMPLETE
5226,-1.0,2026-04-07 11:18:18.154526,2026-04-07 11:18:18.840624,0 days 00:00:00.686098,21.904719726840167,18.473785888611026,0.5781929835856146,Au,COMPLETE
5227,-1.0,2026-04-07 11:18:18.183677,2026-04-07 11:18:18.885307,0 days 00:00:00.701630,21.94049505137217,19.672391840645535,0.5815771829332521,Au,COMPLETE
5228,-11.06770833333165,2026-04-07 11:18:18.244864,2026-04-07 11:18:18.975004,0 days 00:00:00.730140,22.04042628577645,19.59177958520011,0.5811993878226785,Au,COMPLETE
5229,-1.0,2026-04-07 11:18:18.646212,2026-04-07 11:18:19.493773,0 days 00:00:00.847561,22.940801636225963,19.516899549560968,0.5933968643347084,Au,COMPLETE
5230,-1.0,2026-04-07 11:18:18.803337,2026-04-07 11:18:19.656543,0 days 00:00:00.853206,23.634116849602,19.675994599988528,0.5934800302156904,Au,COMPLETE
5231,2.873563218390408,2026-04-07 11:18:18.918104,2026-04-07 11:18:19.810564,0 days 00:00:00.892460,23.179304185140975,19.987606444282754,0.5368574775878563,Au,COMPLETE
5232,-1.0,2026-04-07 11:18:18.935010,2026-04-07 11:18:19.564011,0 days 00:00:00.629001,20.06831021006735,19.719073895729874,0.5392475972359688,Au,COMPLETE
5233,-1.0,2026-04-07 11:18:19.012422,2026-04-07 11:18:19.654060,0 days 00:00:00.641638,23.624838921976128,19.690598885749182,0.539074739123859,Au,COMPLETE
5234,0.0,2026-04-07 11:18:19.049957,2026-04-07 11:18:19.854001,0 days 00:00:00.804044,23.267396493547153,19.66577287740273,0.5416382496601718,Au,COMPLETE
5235,-1.0,2026-04-07 11:18:19.198035,2026-04-07 11:18:19.962602,0 days 00:00:00.764567,23.39651363934245,19.58582142758859,0.535308394183584,Au,COMPLETE
5236,2.7777777777774073,2026-04-07 11:18:19.261691,2026-04-07 11:18:19.964109,0 days 00:00:00.702418,23.25752799243345,19.989744445087922,0.6040815842948384,Au,COMPLETE
5237,-1.0,2026-04-07 11:18:19.793383,2026-04-07 11:18:20.759632,0 days 00:00:00.966249,27.08031786621469,19.37838900362646,0.6915419066131734,Au,COMPLETE
5238,-1.0,2026-04-07 11:18:19.886334,2026-04-07 11:18:20.632582,0 days 00:00:00.746248,20.116794208280314,19.36009975323119,0.6631475217134474,Au,COMPLETE
5239,-1.0,2026-04-07 11:18:19.935749,2026-04-07 11:18:20.586527,0 days 00:00:00.650778,26.88199173076287,19.32646347845519,0.6767269929856572,Au,COMPLETE
5240,82.40740740740496,2026-04-07 11:18:20.058064,2026-04-07 11:18:20.884887,0 days 00:00:00.826823,26.61187340113601,19.343719126653866,0.507233983007075,Au,COMPLETE
5241,-1.0,2026-04-07 11:18:20.093507,2026-04-07 11:18:20.906057,0 days 00:00:00.812550,27.112162143422623,19.36393394257491,0.6746548388267034,Au,COMPLETE
5242,-1.0,2026-04-07 11:18:20.120916,2026-04-07 11:18:20.963862,0 days 00:00:00.842946,26.908085847716126,19.346633945265477,0.6293981089868789,Au,COMPLETE
5243,-1.0,2026-04-07 11:18:20.133538,2026-04-07 11:18:20.852831,0 days 00:00:00.719293,20.01547333014615,19.36298651878295,0.6795687271603943,Au,COMPLETE
5244,-1.0,2026-04-07 11:18:20.185529,2026-04-07 11:18:20.838623,0 days 00:00:00.653094,27.044520276315566,19.391164407741716,0.5081627354993458,Au,COMPLETE
5245,-9.666666666665174,2026-04-07 11:18:20.791425,2026-04-07 11:18:21.807497,0 days 00:00:01.016072,21.811683599140135,19.983694680380992,0.5662777637863601,Au,COMPLETE
5246,-434.16030534344486,2026-04-07 11:18:20.807749,2026-04-07 11:18:21.644732,0 days 00:00:00.836983,21.709124245703837,19.602113641991618,0.5521204193771996,Au,COMPLETE
5247,-1.0,2026-04-07 11:18:20.904050,2026-04-07 11:18:21.806472,0 days 00:00:00.902422,24.735152112006734,19.68908721540084,0.34771814427226594,Au,COMPLETE
5248,-1.0,2026-04-07 11:18:21.011695,2026-04-07 11:18:21.850602,0 days 00:00:00.838907,20.04538474735546,19.603513351609877,0.3583585219267776,Au,COMPLETE
5249,-1.0,2026-04-07 11:18:21.043817,2026-04-07 11:18:21.836256,0 days 00:00:00.792439,20.00244143642266,19.976804247105665,0.5561393823491737,Au,COMPLETE
5250,0.0,2026-04-07 11:18:21.081141,2026-04-07 11:18:21.852595,0 days 00:00:00.771454,20.093138027610166,19.998768787648835,0.5598059505003725,Au,COMPLETE
5251,-437.820512820445,2026-04-07 11:18:21.171638,2026-04-07 11:18:21.892759,0 days 00:00:00.721121,21.628231416916158,19.695533634215998,0.5562085989588277,Au,COMPLETE
5252,-1.0,2026-04-07 11:18:21.287622,2026-04-07 11:18:22.025699,0 days 00:00:00.738077,21.631667844390066,19.97292041194587,0.35032232044415573,Au,COMPLETE
5253,0.0,2026-04-07 11:18:21.870913,2026-04-07 11:18:22.605720,0 days 00:00:00.734807,20.06480893649832,19.70762100290819,0.605770430027526,Au,COMPLETE
5254,-1.0,2026-04-07 11:18:21.963479,2026-04-07 11:18:22.746367,0 days 00:00:00.782888,23.86732400130022,19.97960181493037,0.6139867717963821,Au,COMPLETE
5255,-1.0,2026-04-07 11:18:21.996691,2026-04-07 11:18:22.774589,0 days 00:00:00.777898,23.204202126768593,19.645989554702872,0.6079864695106002,Au,COMPLETE
5256,0.0,2026-04-07 11:18:22.030206,2026-04-07 11:18:22.835447,0 days 00:00:00.805241,23.320233536678547,19.643903675942965,0.6113800137024428,Au,COMPLETE
5257,1.3888888888887037,2026-04-07 11:18:22.101333,2026-04-07 11:18:22.881404,0 days 00:00:00.780071,23.417781859856355,19.71007055501908,0.6152791451951083,Au,COMPLETE
5258,83.33333333333088,2026-04-07 11:18:22.120417,2026-04-07 11:18:22.831455,0 days 00:00:00.711038,23.491665236815862,19.98869182867451,0.5766060020293895,Au,COMPLETE
5259,-1.0,2026-04-07 11:18:22.155017,2026-04-07 11:18:22.835447,0 days 00:00:00.680430,23.39255440846607,19.999740757162762,0.604169789139519,Au,COMPLETE
5260,1.436781609195204,2026-04-07 11:18:22.185256,2026-04-07 11:18:22.960918,0 days 00:00:00.775662,23.312731724240088,19.769410829860522,0.599537826116116,Au,COMPLETE
5261,-1.0,2026-04-07 11:18:22.804938,2026-04-07 11:18:23.660974,0 days 00:00:00.856036,21.59487698141829,19.612780968694587,0.5642134105232616,Au,COMPLETE
5262,-1.0,2026-04-07 11:18:22.931657,2026-04-07 11:18:23.660974,0 days 00:00:00.729317,21.960143048714666,19.618413715709277,0.5594515477181574,Au,COMPLETE
5263,-434.16030534344486,2026-04-07 11:18:22.990362,2026-04-07 11:18:23.806451,0 days 00:00:00.816089,21.50242170345967,19.65702671580625,0.648356710490814,Au,COMPLETE
5264,-1.0,2026-04-07 11:18:23.006967,2026-04-07 11:18:23.821620,0 days 00:00:00.814653,21.625118931399257,19.366263001231868,0.6456736509823984,Au,COMPLETE
5265,-1.0,2026-04-07 11:18:23.039361,2026-04-07 11:18:23.846102,0 days 00:00:00.806741,21.681097294857306,19.644303219801465,0.5643069253958328,Au,COMPLETE
5266,-1.0,2026-04-07 11:18:23.072205,2026-04-07 11:18:23.820108,0 days 00:00:00.747903,25.331897446650267,19.64501096289073,0.5523494361906698,Au,COMPLETE
5267,-1.0,2026-04-07 11:18:23.085886,2026-04-07 11:18:23.723863,0 days 00:00:00.637977,20.004316358797144,19.628440195966107,0.5548193914321932,Au,COMPLETE
5268,-9.666666666665174,2026-04-07 11:18:23.123617,2026-04-07 11:18:23.806451,0 days 00:00:00.682834,21.842815592142294,19.994150428597205,0.5532908703675365,Au,COMPLETE
5269,-1.0,2026-04-07 11:18:23.749483,2026-04-07 11:18:24.515011,0 days 00:00:00.765528,20.02651468958083,19.27713655305536,0.6439013846492878,Au,COMPLETE
5270,82.41421568627209,2026-04-07 11:18:23.728876,2026-04-07 11:18:24.592870,0 days 00:00:00.863994,25.333692025212315,19.729449627002307,0.7268831756656772,Au,COMPLETE
5271,82.10784313725247,2026-04-07 11:18:23.867946,2026-04-07 11:18:24.738073,0 days 00:00:00.870127,25.35263587196642,19.978257362797937,0.6904588503484546,Au,COMPLETE
5272,-1.0,2026-04-07 11:18:23.939977,2026-04-07 11:18:24.892471,0 days 00:00:00.952494,20.07010895341045,19.983928683807417,0.6593876793394602,Au,COMPLETE
5273,82.72058823529169,2026-04-07 11:18:23.991490,2026-04-07 11:18:24.738073,0 days 00:00:00.746583,24.871367607192074,19.68734809885303,0.7069492110256603,Au,COMPLETE
5274,82.41421568627209,2026-04-07 11:18:24.005250,2026-04-07 11:18:24.722174,0 days 00:00:00.716924,25.325632317064194,19.995737957381937,0.6249262816893685,Au,COMPLETE
5275,-1.0,2026-04-07 11:18:24.081028,2026-04-07 11:18:24.843669,0 days 00:00:00.762641,25.09978191831916,19.962804090420942,0.6715405622303225,Au,COMPLETE
5276,-1.0,2026-04-07 11:18:24.187037,2026-04-07 11:18:24.927363,0 days 00:00:00.740326,25.218445606780342,19.998872234129767,0.7042932610359501,Au,COMPLETE
5277,-1.0,2026-04-07 11:18:24.742256,2026-04-07 11:18:25.390078,0 days 00:00:00.647822,20.09623131917934,19.996571332529264,0.6340952214717568,Au,COMPLETE
5278,-424.129353233768,2026-04-07 11:18:24.816036,2026-04-07 11:18:25.513241,0 days 00:00:00.697205,21.647452437653207,19.348065137510407,0.7545832354137944,Au,COMPLETE
5279,-1.0,2026-04-07 11:18:24.865854,2026-04-07 11:18:25.796756,0 days 00:00:00.930902,21.600757760927696,19.327859449017225,0.6487743454409668,Au,COMPLETE
5280,-1.0,2026-04-07 11:18:24.942888,2026-04-07 11:18:25.857795,0 days 00:00:00.914907,20.0965097374392,19.343421658897974,0.6635352369029898,Au,COMPLETE
5281,-427.63157894730426,2026-04-07 11:18:25.024990,2026-04-07 11:18:25.799662,0 days 00:00:00.774672,21.8025140555372,19.404979621316148,0.6455203413116016,Au,COMPLETE
5282,-1.0,2026-04-07 11:18:25.055015,2026-04-07 11:18:25.841073,0 days 00:00:00.786058,20.017860958102705,19.24102383240485,0.6491160400658174,Au,COMPLETE
5283,-1.0,2026-04-07 11:18:25.087062,2026-04-07 11:18:25.920121,0 days 00:00:00.833059,21.74462983645609,19.390801937147227,0.6453973647448724,Au,COMPLETE
5284,-411.23188405791177,2026-04-07 11:18:25.268437,2026-04-07 11:18:25.897973,0 days 00:00:00.629536,21.496818345881895,19.383828621362692,0.65052342612622,Au,COMPLETE
5285,-1.0,2026-04-07 11:18:25.662605,2026-04-07 11:18:26.453293,0 days 00:00:00.790688,21.713890733986624,19.28270585211444,0.7624126447811342,Au,COMPLETE
5286,-1.0,2026-04-07 11:18:25.766931,2026-04-07 11:18:26.563116,0 days 00:00:00.796185,23.083413556070504,19.34934544851721,0.6959791099039795,Au,COMPLETE
5287,-1.0,2026-04-07 11:18:25.979852,2026-04-07 11:18:26.676762,0 days 00:00:00.696910,23.695305146807293,19.621648931720884,0.6647990465200124,Au,COMPLETE
5288,-1.0,2026-04-07 11:18:26.000011,2026-04-07 11:18:26.796816,0 days 00:00:00.796805,23.417592538243333,19.646149637083656,0.7287129777750028,Au,COMPLETE
5289,-1.0,2026-04-07 11:18:26.015714,2026-04-07 11:18:26.794808,0 days 00:00:00.779094,23.70462525534291,19.660573854870815,0.6730578924868905,Au,COMPLETE
5290,4.166666666666111,2026-04-07 11:18:26.030773,2026-04-07 11:18:26.900439,0 days 00:00:00.869666,23.6117469106274,19.612749046301463,0.7154376295459819,Au,COMPLETE
5291,-2.025462962962702,2026-04-07 11:18:26.061673,2026-04-07 11:18:26.812709,0 days 00:00:00.751036,23.695537645770134,18.945010024382903,0.6909032066065434,Au,COMPLETE
5292,4.0322580645156085,2026-04-07 11:18:26.162092,2026-04-07 11:18:26.936633,0 days 00:00:00.774541,23.62048656363193,19.643675425463652,0.7647957590521023,Au,COMPLETE
5293,82.41421568627209,2026-04-07 11:18:26.675762,2026-04-07 11:18:27.455430,0 days 00:00:00.779668,26.09511548237132,18.871027145690945,0.701633107153083,Au,COMPLETE
5294,82.41421568627209,2026-04-07 11:18:26.744568,2026-04-07 11:18:27.705977,0 days 00:00:00.961409,26.0687270825369,18.925259507476305,0.7484138489990237,Au,COMPLETE
5295,-1.0,2026-04-07 11:18:26.830045,2026-04-07 11:18:27.626508,0 days 00:00:00.796463,30.633939608636148,19.997641323462013,0.742582732608506,Au,COMPLETE
5296,-1.0,2026-04-07 11:18:27.012753,2026-04-07 11:18:27.788672,0 days 00:00:00.775919,26.425961376497717,18.863758811373543,0.7351813451532191,Au,COMPLETE
5297,0.0,2026-04-07 11:18:27.052187,2026-04-07 11:18:27.770584,0 days 00:00:00.718397,20.01410401834744,18.939939984947934,0.7037064428564668,Au,COMPLETE
5298,-1.0,2026-04-07 11:18:27.066709,2026-04-07 11:18:27.774097,0 days 00:00:00.707388,29.16416638585457,19.992100529041636,0.6669526827184633,Au,COMPLETE
5299,-1.0,2026-04-07 11:18:27.096615,2026-04-07 11:18:27.756263,0 days 00:00:00.659648,20.003624249150285,18.895080133188188,0.7798611967181507,Au,COMPLETE
5300,-1.0,2026-04-07 11:18:27.242637,2026-04-07 11:18:28.005115,0 days 00:00:00.762478,30.988085526760816,18.929426434299415,0.6861980028650607,Au,COMPLETE
5301,-1.0,2026-04-07 11:18:27.685255,2026-04-07 11:18:28.357920,0 days 00:00:00.672665,21.633461302900265,19.363505610283642,0.6574475533363351,Au,COMPLETE
5302,-1.0,2026-04-07 11:18:27.809298,2026-04-07 11:18:28.617833,0 days 00:00:00.808535,21.814214056289327,19.40812654748675,0.7465790395563129,Au,COMPLETE
5303,0.0,2026-04-07 11:18:27.883119,2026-04-07 11:18:28.674947,0 days 00:00:00.791828,20.048884810312153,19.360504266484664,0.6321160038655081,Au,COMPLETE
5304,-420.6790123456165,2026-04-07 11:18:27.898625,2026-04-07 11:18:28.726558,0 days 00:00:00.827933,21.722667172408563,19.34026690060226,0.637791958641315,Au,COMPLETE
5305,-1.0,2026-04-07 11:18:27.948667,2026-04-07 11:18:28.659518,0 days 00:00:00.710851,21.849435806952012,19.32913234046184,0.7172379144083667,Au,COMPLETE
5306,-1.0,2026-04-07 11:18:27.978407,2026-04-07 11:18:28.644256,0 days 00:00:00.665849,20.01286932524501,19.31944359225909,0.6397916660851267,Au,COMPLETE
5307,-1.0,2026-04-07 11:18:28.077272,2026-04-07 11:18:28.751110,0 days 00:00:00.673838,21.90819048534175,19.33922082217523,0.6296925823594605,Au,COMPLETE
5308,-1.0,2026-04-07 11:18:28.211109,2026-04-07 11:18:28.944274,0 days 00:00:00.733165,20.018432028352127,19.433770454986888,0.6306650857588595,Au,COMPLETE
5309,0.0,2026-04-07 11:18:28.564232,2026-04-07 11:18:29.261327,0 days 00:00:00.697095,20.00382138826651,19.65600935417394,0.623747610705052,Au,COMPLETE
5310,83.02696078431127,2026-04-07 11:18:28.787595,2026-04-07 11:18:29.476424,0 days 00:00:00.688829,24.66730342612133,19.685603492516194,0.6140741888671638,Au,COMPLETE
5311,83.02696078431127,2026-04-07 11:18:28.839558,2026-04-07 11:18:29.619396,0 days 00:00:00.779838,24.337495753349746,19.99501754639128,0.7749038506822944,Au,COMPLETE
5312,82.72058823529169,2026-04-07 11:18:28.853489,2026-04-07 11:18:29.616485,0 days 00:00:00.762996,24.87381457707465,19.691931157733748,0.7866979851252841,Au,COMPLETE
5313,83.33333333333088,2026-04-07 11:18:28.898940,2026-04-07 11:18:29.877660,0 days 00:00:00.978720,24.043284479016783,19.685564622982525,0.6037012193055096,Au,COMPLETE
5314,82.72058823529169,2026-04-07 11:18:28.910449,2026-04-07 11:18:29.759224,0 days 00:00:00.848775,25.051804739022042,19.667753273772853,0.6021568178796975,Au,COMPLETE
5315,-1.0,2026-04-07 11:18:29.058384,2026-04-07 11:18:29.878868,0 days 00:00:00.820484,24.999355784642503,19.6698361469713,0.6771982117489089,Au,COMPLETE
5316,-1.0,2026-04-07 11:18:29.120536,2026-04-07 11:18:30.054674,0 days 00:00:00.934138,24.695681984221206,19.99345279491988,0.5994659313087205,Au,COMPLETE
5317,-1.0,2026-04-07 11:18:29.529250,2026-04-07 11:18:30.200983,0 days 00:00:00.671733,23.244901716431563,18.975029821483897,0.709828953907146,Au,COMPLETE
5318,-1.0,2026-04-07 11:18:29.660185,2026-04-07 11:18:30.427430,0 days 00:00:00.767245,23.058712106666924,19.996499261129838,0.7138155817389835,Au,COMPLETE
5319,-1.0,2026-04-07 11:18:29.819688,2026-04-07 11:18:30.575359,0 days 00:00:00.755671,22.733002693403737,19.067180594331653,0.6912916997151947,Au,COMPLETE
5320,-1.0,2026-04-07 11:18:29.882757,2026-04-07 11:18:30.896053,0 days 00:00:01.013296,27.741808020491064,18.738887738240752,0.6661539589484805,Au,COMPLETE
5321,-1.0,2026-04-07 11:18:29.972852,2026-04-07 11:18:30.784436,0 days 00:00:00.811584,22.789563995032154,19.011710295914956,0.6926589004219769,Au,COMPLETE
5322,81.7901234567877,2026-04-07 11:18:30.116146,2026-04-07 11:18:30.921782,0 days 00:00:00.805636,27.761395647870373,18.62207624074606,0.695740764572579,Au,COMPLETE
5323,-1.0,2026-04-07 11:18:30.155348,2026-04-07 11:18:30.898060,0 days 00:00:00.742712,28.218832809226413,18.7353671771651,0.654379520762472,Au,COMPLETE
5324,0.0,2026-04-07 11:18:30.275472,2026-04-07 11:18:30.985094,0 days 00:00:00.709622,28.411783540475486,19.101846617869544,0.596610098901922,Au,COMPLETE
5325,81.48148148147907,2026-04-07 11:18:30.370890,2026-04-07 11:18:31.034418,0 days 00:00:00.663528,28.233637441402237,18.652637458202722,0.6578716060472818,Au,COMPLETE
5326,-1.0,2026-04-07 11:18:30.610842,2026-04-07 11:18:31.315665,0 days 00:00:00.704823,27.77854082257255,18.616615214529332,0.5962260461779287,Au,COMPLETE
5327,-1.0,2026-04-07 11:18:30.832557,2026-04-07 11:18:31.683325,0 days 00:00:00.850768,22.03059929092658,19.2292641110149,0.6005262335830828,Au,COMPLETE
5328,-9.333333333331824,2026-04-07 11:18:30.938507,2026-04-07 11:18:31.641493,0 days 00:00:00.702986,21.80761308149592,19.99037151906168,0.5987776586573444,Au,COMPLETE
5329,-1.0,2026-04-07 11:18:31.062370,2026-04-07 11:18:31.806652,0 days 00:00:00.744282,21.621280292021815,19.280517044767343,0.5883565748831691,Au,COMPLETE
5330,-8.012820512819266,2026-04-07 11:18:31.078779,2026-04-07 11:18:31.775647,0 days 00:00:00.696868,22.323994355366345,19.635405400716614,0.6167968258305329,Au,COMPLETE
5331,-1.0,2026-04-07 11:18:31.125869,2026-04-07 11:18:31.997051,0 days 00:00:00.871182,21.776919040362113,19.992181118207277,0.6089252032882443,Au,COMPLETE
5332,-1.0,2026-04-07 11:18:31.182787,2026-04-07 11:18:31.934172,0 days 00:00:00.751385,22.068161862048303,19.989176990030444,0.6069723692479078,Au,COMPLETE
5333,-10.651629072680063,2026-04-07 11:18:31.259018,2026-04-07 11:18:31.998053,0 days 00:00:00.739035,22.522911843906815,19.19060935607011,0.602547663254602,Au,COMPLETE
5334,82.40740740740496,2026-04-07 11:18:31.671728,2026-04-07 11:18:32.508921,0 days 00:00:00.837193,25.706634780348416,19.994615618935285,0.6295008966792947,Au,COMPLETE
5335,-1.0,2026-04-07 11:18:31.893691,2026-04-07 11:18:32.608600,0 days 00:00:00.714909,25.932896159826328,19.635486569766844,0.660765007511507,Au,COMPLETE
5336,82.72058823529169,2026-04-07 11:18:31.939598,2026-04-07 11:18:32.751269,0 days 00:00:00.811671,25.26648278862364,19.61144680661024,0.5794066624540186,Au,COMPLETE
5337,-1.0,2026-04-07 11:18:32.044693,2026-04-07 11:18:32.894059,0 days 00:00:00.849366,25.85406687551468,19.39002786591045,0.6542459206070221,Au,COMPLETE
5338,82.40740740740496,2026-04-07 11:18:32.062373,2026-04-07 11:18:32.839692,0 days 00:00:00.777319,25.951617984541148,19.620771023713573,0.7440851111394003,Au,COMPLETE
5339,82.10784313725247,2026-04-07 11:18:32.195745,2026-04-07 11:18:32.982471,0 days 00:00:00.786726,25.856827438529383,19.624946606525622,0.6451661735592915,Au,COMPLETE
5340,0.0,2026-04-07 11:18:32.233286,2026-04-07 11:18:33.018806,0 days 00:00:00.785520,20.06631332712918,19.639181605336976,0.6390597958561431,Au,COMPLETE
5341,-1.0,2026-04-07 11:18:32.338029,2026-04-07 11:18:33.092631,0 days 00:00:00.754602,24.560239965187492,19.53682141105022,0.6541979084295837,Au,COMPLETE
5342,-1.0,2026-04-07 11:18:32.780182,2026-04-07 11:18:33.535794,0 days 00:00:00.755612,23.396359154276436,19.108228789046755,0.8031706268756104,Au,COMPLETE
5343,0.0,2026-04-07 11:18:32.900634,2026-04-07 11:18:33.597295,0 days 00:00:00.696661,20.03034916899769,19.075469041273493,0.5726999158809972,Au,COMPLETE
5344,-1.0,2026-04-07 11:18:32.954238,2026-04-07 11:18:33.685688,0 days 00:00:00.731450,23.263261290441235,19.013983914232295,0.5738978051040595,Au,COMPLETE
5345,-1.0,2026-04-07 11:18:33.034963,2026-04-07 11:18:33.812045,0 days 00:00:00.777082,23.002834868923326,19.087226179611246,0.5409914874776998,Au,COMPLETE
5346,0.0,2026-04-07 11:18:33.062754,2026-04-07 11:18:33.955514,0 days 00:00:00.892760,20.043281205745046,19.19356215473188,0.5809717745295092,Au,COMPLETE
5347,-1.0,2026-04-07 11:18:33.174506,2026-04-07 11:18:34.232678,0 days 00:00:01.058172,20.051273150957467,19.041681921959047,0.5552516937495141,Au,COMPLETE
5348,-1.0,2026-04-07 11:18:33.220787,2026-04-07 11:18:34.014999,0 days 00:00:00.794212,23.313408825615504,19.088703177800582,0.5698506273056863,Au,COMPLETE
5349,-4.227053140096044,2026-04-07 11:18:33.369778,2026-04-07 11:18:34.264826,0 days 00:00:00.895048,23.33100727105014,19.18796294004978,0.5713033300955291,Au,COMPLETE
5350,-1.0,2026-04-07 11:18:33.878850,2026-04-07 11:18:34.695269,0 days 00:00:00.816419,21.7482252508525,19.99609742223333,0.5380309839650699,Au,COMPLETE
5351,-1.0,2026-04-07 11:18:33.907855,2026-04-07 11:18:34.711537,0 days 00:00:00.803682,21.974332757723854,18.643739424851955,0.5344023787353082,Au,COMPLETE
5352,-365.53030303025525,2026-04-07 11:18:34.057231,2026-04-07 11:18:34.831869,0 days 00:00:00.774638,21.93229821118056,18.606432066594525,0.5354827111913442,Au,COMPLETE
5353,-1.0,2026-04-07 11:18:34.139588,2026-04-07 11:18:34.859535,0 days 00:00:00.719947,22.006989219447856,18.56768336139897,0.5407933811579224,Au,COMPLETE
5354,-1.0,2026-04-07 11:18:34.176298,2026-04-07 11:18:34.970253,0 days 00:00:00.793955,20.046667123897702,19.990059601075092,0.7243697000723843,Au,COMPLETE
5355,-430.87121212114675,2026-04-07 11:18:34.301792,2026-04-07 11:18:34.940652,0 days 00:00:00.638860,21.6097743558467,19.639626039900133,0.5282595971672748,Au,COMPLETE
5356,-11.718749999998263,2026-04-07 11:18:34.468736,2026-04-07 11:18:35.241582,0 days 00:00:00.772846,21.875731449168697,19.671925817690372,0.5504958538469655,Au,COMPLETE
5357,-1.0,2026-04-07 11:18:34.549419,2026-04-07 11:18:35.238583,0 days 00:00:00.689164,21.74226113891344,19.650880496534022,0.5222299142687366,Au,COMPLETE
5358,83.02696078431127,2026-04-07 11:18:34.909766,2026-04-07 11:18:35.576865,0 days 00:00:00.667099,24.765966058838075,19.625695333858673,0.6150050857412684,Au,COMPLETE
5359,-1.0,2026-04-07 11:18:34.943536,2026-04-07 11:18:35.708333,0 days 00:00:00.764797,24.2262211111246,19.64861155909009,0.6293904300216011,Au,COMPLETE
5360,83.02696078431127,2026-04-07 11:18:35.010267,2026-04-07 11:18:35.708333,0 days 00:00:00.698066,24.65586691269507,19.642626007758274,0.6180812234112962,Au,COMPLETE
5361,-1.0,2026-04-07 11:18:35.088590,2026-04-07 11:18:35.923915,0 days 00:00:00.835325,24.6010021208959,19.58858216645647,0.6245507781888123,Au,COMPLETE
5362,0.0,2026-04-07 11:18:35.117086,2026-04-07 11:18:36.152082,0 days 00:00:01.034996,20.00752638055848,19.367066913549895,0.6159788917002406,Au,COMPLETE
5363,3.9062499999995115,2026-04-07 11:18:35.164263,2026-04-07 11:18:35.998731,0 days 00:00:00.834468,24.440269861544422,19.272461156880187,0.6133272077260463,Au,COMPLETE
5364,-1.0,2026-04-07 11:18:35.461537,2026-04-07 11:18:36.222336,0 days 00:00:00.760799,23.856300471765437,19.996587105081556,0.6266530179594526,Au,COMPLETE
5365,-1.0,2026-04-07 11:18:35.501525,2026-04-07 11:18:36.308799,0 days 00:00:00.807274,24.491013529557286,19.369911437553395,0.6222192596652748,Au,COMPLETE
5366,-1.0,2026-04-07 11:18:35.868195,2026-04-07 11:18:36.775198,0 days 00:00:00.907003,26.648093042622527,19.39966054324246,0.7083000236088782,Au,COMPLETE
5367,1.436781609195204,2026-04-07 11:18:35.933941,2026-04-07 11:18:36.559674,0 days 00:00:00.625733,23.530490520902713,19.320620562493733,0.6962679087358645,Au,COMPLETE
5368,83.33333333333088,2026-04-07 11:18:36.078894,2026-04-07 11:18:36.815866,0 days 00:00:00.736972,23.819776839803236,19.9959605090187,0.5803557127648832,Au,COMPLETE
5369,-1.0,2026-04-07 11:18:36.102481,2026-04-07 11:18:36.926165,0 days 00:00:00.823684,27.100249809804545,19.272803748915504,0.7041776529950134,Au,COMPLETE
5370,-1.0,2026-04-07 11:18:36.251805,2026-04-07 11:18:37.037761,0 days 00:00:00.785956,27.12708089175145,18.849854498264918,0.6800838979765235,Au,COMPLETE
5371,-1.0,2026-04-07 11:18:36.404536,2026-04-07 11:18:37.306735,0 days 00:00:00.902199,21.797521898497457,18.960183636471857,0.5804109981008827,Au,COMPLETE
5372,-1.0,2026-04-07 11:18:36.460268,2026-04-07 11:18:37.101547,0 days 00:00:00.641279,26.381461296047338,18.850658654008004,0.6819183046423162,Au,COMPLETE
5373,-1.0,2026-04-07 11:18:36.530932,2026-04-07 11:18:37.228492,0 days 00:00:00.697560,20.017680236842768,18.844796736758237,0.6838238235998523,Au,COMPLETE
5374,-1.0,2026-04-07 11:18:36.819372,2026-04-07 11:18:37.712840,0 days 00:00:00.893468,21.73165068255059,18.819528198028724,0.5172488233394933,Au,COMPLETE
5375,-1.0,2026-04-07 11:18:36.988349,2026-04-07 11:18:37.891850,0 days 00:00:00.903501,20.01098665819989,18.8268920379462,0.5169937314013779,Au,COMPLETE
5376,-333.3333333332933,2026-04-07 11:18:37.047046,2026-04-07 11:18:37.676587,0 days 00:00:00.629541,21.67410367444397,18.259357835772953,0.5118544849144622,Au,COMPLETE
5377,-1.0,2026-04-07 11:18:37.140160,2026-04-07 11:18:37.979292,0 days 00:00:00.839132,20.043728071181377,18.25214392182605,0.5077201333188577,Au,COMPLETE
5378,-1.0,2026-04-07 11:18:37.343068,2026-04-07 11:18:38.041422,0 days 00:00:00.698354,21.799855813443212,19.612229112175964,0.5136737431869209,Au,COMPLETE
5379,-1.0,2026-04-07 11:18:37.393088,2026-04-07 11:18:38.176671,0 days 00:00:00.783583,21.773816060927196,19.663442287161196,0.5130908237542052,Au,COMPLETE
5380,-1.0,2026-04-07 11:18:37.461689,2026-04-07 11:18:38.176671,0 days 00:00:00.714982,23.15838861116751,18.29848899006382,0.5131299802951174,Au,COMPLETE
5381,-1.0,2026-04-07 11:18:37.520364,2026-04-07 11:18:38.407806,0 days 00:00:00.887442,23.399073805758505,19.597431192240403,0.5126451993803692,Au,COMPLETE
5382,-1.0,2026-04-07 11:18:37.920786,2026-04-07 11:18:38.722206,0 days 00:00:00.801420,23.35056695012358,19.3369313785356,0.5797848435674586,Au,COMPLETE
5383,0.0,2026-04-07 11:18:38.074358,2026-04-07 11:18:38.836802,0 days 00:00:00.762444,29.576712533584214,19.264256311985875,0.7613517710643414,Au,COMPLETE
5384,0.0,2026-04-07 11:18:38.128629,2026-04-07 11:18:38.906572,0 days 00:00:00.777943,29.869630699627322,19.330732612171204,0.5609116773181965,Au,COMPLETE
5385,0.0,2026-04-07 11:18:38.198729,2026-04-07 11:18:39.038584,0 days 00:00:00.839855,29.639686893593762,19.33984091520716,0.5828026092612202,Au,COMPLETE
5386,1.436781609195204,2026-04-07 11:18:38.248239,2026-04-07 11:18:39.053416,0 days 00:00:00.805177,23.66960895047358,19.36639789125274,0.5734854971717918,Au,COMPLETE
5387,-3.8968824940042976,2026-04-07 11:18:38.412819,2026-04-07 11:18:39.137233,0 days 00:00:00.724414,23.321673965974565,19.240695940152882,0.5757723260042642,Au,COMPLETE
5388,-1.0,2026-04-07 11:18:38.586483,2026-04-07 11:18:39.211134,0 days 00:00:00.624651,20.005447529293143,19.991718314023057,0.7581885935368368,Au,COMPLETE
5389,-1.0,2026-04-07 11:18:38.656016,2026-04-07 11:18:39.381180,0 days 00:00:00.725164,29.173869987346105,19.27447197095166,0.6390731532498439,Au,COMPLETE
5390,-1.0,2026-04-07 11:18:38.970872,2026-04-07 11:18:39.686602,0 days 00:00:00.715730,20.018334797228373,19.668205143708068,0.6526381391677751,Au,COMPLETE
5391,-1.0,2026-04-07 11:18:39.058485,2026-04-07 11:18:39.753623,0 days 00:00:00.695138,26.445168788060425,19.979507824128824,0.5310970714451747,Au,COMPLETE
5392,-1.0,2026-04-07 11:18:39.164628,2026-04-07 11:18:39.869491,0 days 00:00:00.704863,25.69547627021487,19.671089784495223,0.6655573732930479,Au,COMPLETE
5393,-1.0,2026-04-07 11:18:39.227795,2026-04-07 11:18:39.949444,0 days 00:00:00.721649,26.199600595028137,19.996247997617758,0.6577878674200108,Au,COMPLETE
5394,82.09876543209633,2026-04-07 11:18:39.283108,2026-04-07 11:18:40.062375,0 days 00:00:00.779267,26.623693798811175,19.641131017360312,0.556850191302818,Au,COMPLETE
5395,-1.0,2026-04-07 11:18:39.400864,2026-04-07 11:18:40.401948,0 days 00:00:01.001084,26.238194549695592,19.695317187738084,0.5430658809102056,Au,COMPLETE
5396,82.09876543209633,2026-04-07 11:18:39.541129,2026-04-07 11:18:40.592461,0 days 00:00:01.051332,26.194401425771524,19.97973281516303,0.5623901464918197,Au,COMPLETE
5397,82.41421568627209,2026-04-07 11:18:39.575125,2026-04-07 11:18:40.231834,0 days 00:00:00.656709,25.5116582786002,19.67618940974789,0.5473209713194223,Au,COMPLETE
5398,-11.775362318838884,2026-04-07 11:18:39.902436,2026-04-07 11:18:40.515427,0 days 00:00:00.612991,23.13799885077716,18.5962565810786,0.5536288594943057,Au,COMPLETE
5399,-1.0,2026-04-07 11:18:40.019515,2026-04-07 11:18:40.664703,0 days 00:00:00.645188,21.786307850987026,19.99444454134165,0.5920084790689555,Au,COMPLETE
5400,-1.0,2026-04-07 11:18:40.145368,2026-04-07 11:18:40.887278,0 days 00:00:00.741910,21.824242446438312,18.61309752639077,0.5864861086909708,Au,COMPLETE
5401,-1.0,2026-04-07 11:18:40.234485,2026-04-07 11:18:41.063070,0 days 00:00:00.828585,21.985820806792344,18.936242393874195,0.490782272350441,Au,COMPLETE
5402,-1.0,2026-04-07 11:18:40.278875,2026-04-07 11:18:40.965589,0 days 00:00:00.686714,21.7361545729444,18.663181534812207,0.598292603614433,Au,COMPLETE
5403,-1.0,2026-04-07 11:18:40.453926,2026-04-07 11:18:41.274065,0 days 00:00:00.820139,23.122128332805612,18.992149485880898,0.597974691024443,Au,COMPLETE
5404,-1.0,2026-04-07 11:18:40.657323,2026-04-07 11:18:41.289976,0 days 00:00:00.632653,22.01708370905371,19.00715679840629,0.5065856829151192,Au,COMPLETE
5405,-1.0,2026-04-07 11:18:40.701847,2026-04-07 11:18:41.467370,0 days 00:00:00.765523,21.63475123894251,18.995253307293584,0.4932720871319463,Au,COMPLETE
5406,0.0,2026-04-07 11:18:40.768656,2026-04-07 11:18:41.651800,0 days 00:00:00.883144,20.021424507006156,19.02281298645757,0.4928287821213992,Au,COMPLETE
5407,-2.9761904761900086,2026-04-07 11:18:40.919539,2026-04-07 11:18:41.648778,0 days 00:00:00.729239,23.63719125729642,19.139200457549425,0.49146340271364314,Au,COMPLETE
5408,-1.0,2026-04-07 11:18:41.094258,2026-04-07 11:18:41.980801,0 days 00:00:00.886543,24.280801788439916,19.991453648528978,0.8212176223149548,Au,COMPLETE
5409,-1.0,2026-04-07 11:18:41.199209,2026-04-07 11:18:41.917338,0 days 00:00:00.718129,24.45767412963019,19.232482987709183,0.4884472074337859,Au,COMPLETE
5410,4.0322580645156085,2026-04-07 11:18:41.231072,2026-04-07 11:18:41.915822,0 days 00:00:00.684750,24.41211444799814,19.340085277484835,0.4798228588389328,Au,COMPLETE
5411,-1.0,2026-04-07 11:18:41.473163,2026-04-07 11:18:42.267519,0 days 00:00:00.794356,24.539094711693025,19.993368802501134,0.5456767903889248,Au,COMPLETE
5412,-1.0,2026-04-07 11:18:41.512083,2026-04-07 11:18:42.386212,0 days 00:00:00.874129,24.445980342514257,19.359852770925087,0.8107853100810164,Au,COMPLETE
5413,-1.0,2026-04-07 11:18:41.715025,2026-04-07 11:18:42.435345,0 days 00:00:00.720320,24.38521751441245,19.365426024441334,0.5459292599542228,Au,COMPLETE
5414,1.3888888888887037,2026-04-07 11:18:41.837834,2026-04-07 11:18:42.793497,0 days 00:00:00.955663,23.314175529467164,19.64077513198827,0.7365565605674671,Au,COMPLETE
5415,-1.0,2026-04-07 11:18:41.898224,2026-04-07 11:18:42.840815,0 days 00:00:00.942591,23.21932850544981,19.662019856976034,0.5465213904832621,Au,COMPLETE
5416,-1.0,2026-04-07 11:18:42.122320,2026-04-07 11:18:42.777275,0 days 00:00:00.654955,20.068462481270352,19.663942366324854,0.5352015596028836,Au,COMPLETE
5417,-10.74218749999839,2026-04-07 11:18:42.207359,2026-04-07 11:18:42.903795,0 days 00:00:00.696436,21.78051693142931,19.658448902526143,0.7268625797405465,Au,COMPLETE
5418,-1.0,2026-04-07 11:18:42.271529,2026-04-07 11:18:43.105665,0 days 00:00:00.834136,20.04042173466134,19.59048508480476,0.6615415703803719,Au,COMPLETE
5419,-1.0,2026-04-07 11:18:42.512050,2026-04-07 11:18:43.189948,0 days 00:00:00.677898,21.63650991437547,19.623274864536608,0.6274337879596593,Au,COMPLETE
5420,-1.0,2026-04-07 11:18:42.672097,2026-04-07 11:18:43.688905,0 days 00:00:01.016808,21.743636014758575,18.575508587669606,0.6435494045664484,Au,COMPLETE
5421,-434.47837150120574,2026-04-07 11:18:42.722993,2026-04-07 11:18:43.307519,0 days 00:00:00.584526,21.62899533224871,19.61948337689324,0.6425188487906989,Au,COMPLETE
5422,-1.0,2026-04-07 11:18:42.985479,2026-04-07 11:18:43.737764,0 days 00:00:00.752285,20.057231273271352,18.477161563619642,0.6326012014441167,Au,COMPLETE
5423,-1.0,2026-04-07 11:18:43.010116,2026-04-07 11:18:43.902261,0 days 00:00:00.892145,21.81449096503588,18.448103675427717,0.5866343483992689,Au,COMPLETE
5424,-1.0,2026-04-07 11:18:43.067001,2026-04-07 11:18:43.845549,0 days 00:00:00.778548,21.985950874671992,18.40858764529958,0.6455242114422001,Au,COMPLETE
5425,0.0,2026-04-07 11:18:43.132610,2026-04-07 11:18:44.111728,0 days 00:00:00.979118,20.02473125108795,19.65705489386005,0.6468362715447993,Au,COMPLETE
5426,-2.717391304347408,2026-04-07 11:18:43.379745,2026-04-07 11:18:44.022685,0 days 00:00:00.642940,22.887094597362,19.637889369965322,0.6420830155010648,Au,COMPLETE
5427,-1.0,2026-04-07 11:18:43.413182,2026-04-07 11:18:44.126979,0 days 00:00:00.713797,23.136052185742866,19.99155594904229,0.6171945454353255,Au,COMPLETE
5428,-1.0,2026-04-07 11:18:43.553538,2026-04-07 11:18:44.339063,0 days 00:00:00.785525,23.210331225722577,19.707256251893327,0.5919939735905624,Au,COMPLETE
5429,0.0,2026-04-07 11:18:43.906743,2026-04-07 11:18:44.715990,0 days 00:00:00.809247,27.6375040218954,19.97880734996891,0.6141052008900437,Au,COMPLETE
5430,81.7901234567877,2026-04-07 11:18:43.975915,2026-04-07 11:18:44.925487,0 days 00:00:00.949572,27.057173572569646,19.329288953773627,0.5942801778793732,Au,COMPLETE
5431,82.09876543209633,2026-04-07 11:18:44.049378,2026-04-07 11:18:44.821647,0 days 00:00:00.772269,26.79943888418049,19.266137564023033,0.5969962718293244,Au,COMPLETE
5432,-1.0,2026-04-07 11:18:44.165913,2026-04-07 11:18:44.820307,0 days 00:00:00.654394,27.31756784804589,19.982070282706253,0.5915002174373872,Au,COMPLETE
5433,-1.0,2026-04-07 11:18:44.285054,2026-04-07 11:18:44.995079,0 days 00:00:00.710025,27.510442160914995,19.245681132311017,0.6771036484446173,Au,COMPLETE
5434,-1.0,2026-04-07 11:18:44.336553,2026-04-07 11:18:45.050001,0 days 00:00:00.713448,27.579960671520265,19.312286444974273,0.6788293546736778,Au,COMPLETE
5435,-1.0,2026-04-07 11:18:44.399971,2026-04-07 11:18:45.132806,0 days 00:00:00.732835,26.759110336782324,19.15704749042062,0.5846974287421406,Au,COMPLETE
5436,-1.0,2026-04-07 11:18:44.499952,2026-04-07 11:18:45.308068,0 days 00:00:00.808116,25.545293593399105,19.238476855054117,0.6789256776685306,Au,COMPLETE
5437,-1.0,2026-04-07 11:18:44.951211,2026-04-07 11:18:45.606829,0 days 00:00:00.655618,20.03537294792867,18.948853133507264,0.4869140411741655,Au,COMPLETE
5438,4.0322580645156085,2026-04-07 11:18:45.014251,2026-04-07 11:18:45.993625,0 days 00:00:00.979374,24.902541915508493,18.935488037432318,0.49526853921745917,Au,COMPLETE
5439,-1.0,2026-04-07 11:18:45.083182,2026-04-07 11:18:45.796310,0 days 00:00:00.713128,25.101712154955134,18.94419282875479,0.5190244621086052,Au,COMPLETE
5440,-1.0,2026-04-07 11:18:45.162112,2026-04-07 11:18:46.129405,0 days 00:00:00.967293,24.650629360388525,19.656999080868243,0.5118101803310053,Au,COMPLETE
5441,83.02696078431127,2026-04-07 11:18:45.217076,2026-04-07 11:18:46.130435,0 days 00:00:00.913359,24.658434664865478,19.999032078276038,0.5012579167605824,Au,COMPLETE
5442,-1.0,2026-04-07 11:18:45.256994,2026-04-07 11:18:45.965866,0 days 00:00:00.708872,24.58897948744126,18.921372153843343,0.5154331915653116,Au,COMPLETE
5443,83.33333333333088,2026-04-07 11:18:45.383986,2026-04-07 11:18:46.236785,0 days 00:00:00.852799,24.315522727186444,19.629900491388906,0.5281592078100251,Au,COMPLETE
5444,83.02696078431127,2026-04-07 11:18:45.503534,2026-04-07 11:18:46.291846,0 days 00:00:00.788312,24.699506051403002,19.679089561631127,0.5094357363560884,Au,COMPLETE
5445,-441.2144702841686,2026-04-07 11:18:45.886835,2026-04-07 11:18:46.705173,0 days 00:00:00.818338,21.85363332106588,19.62133030649923,0.5487418873220314,Au,COMPLETE
5446,-434.16030534344486,2026-04-07 11:18:46.052982,2026-04-07 11:18:46.830065,0 days 00:00:00.777083,21.660995811209105,19.62133616443934,0.5475014315577825,Au,COMPLETE
5447,-1.0,2026-04-07 11:18:46.163617,2026-04-07 11:18:47.028935,0 days 00:00:00.865318,21.822447566540166,19.463477058497496,0.5585216391152495,Au,COMPLETE
5448,-1.0,2026-04-07 11:18:46.293909,2026-04-07 11:18:47.077747,0 days 00:00:00.783838,21.988837780070273,19.992340150970566,0.46590401307782,Au,COMPLETE
5449,-441.2144702841686,2026-04-07 11:18:46.338924,2026-04-07 11:18:47.171899,0 days 00:00:00.832975,21.847497686356824,19.630883500420083,0.5551952810582744,Au,COMPLETE
5450,0.0,2026-04-07 11:18:46.415621,2026-04-07 11:18:47.157977,0 days 00:00:00.742356,20.05519228798138,19.64490617520936,0.5638185154365659,Au,COMPLETE
5451,-1.0,2026-04-07 11:18:46.518120,2026-04-07 11:18:47.267545,0 days 00:00:00.749425,21.74457061451773,19.358670318285064,0.5641455002607405,Au,COMPLETE
5452,-1.0,2026-04-07 11:18:46.630407,2026-04-07 11:18:47.509497,0 days 00:00:00.879090,21.987039941602262,19.994598135731,0.5784137766983279,Au,COMPLETE
5453,-1.0,2026-04-07 11:18:46.948729,2026-04-07 11:18:47.618766,0 days 00:00:00.670037,22.91767496853641,19.690216253568774,0.5821995742204055,Au,COMPLETE
5454,-1.0,2026-04-07 11:18:47.065148,2026-04-07 11:18:47.736701,0 days 00:00:00.671553,23.32710596516074,19.700093929601667,0.5568193432642958,Au,COMPLETE
5455,-1.0,2026-04-07 11:18:47.189344,2026-04-07 11:18:47.902203,0 days 00:00:00.712859,20.020692554873488,19.977510592631116,0.5588313543710661,Au,COMPLETE
5456,-1.0,2026-04-07 11:18:47.306081,2026-04-07 11:18:48.062356,0 days 00:00:00.756275,23.314569941803214,19.995017420808267,0.5749762271418536,Au,COMPLETE
5457,-1.0,2026-04-07 11:18:47.381812,2026-04-07 11:18:47.997415,0 days 00:00:00.615603,23.09794193273604,19.66862954608564,0.5630865681644325,Au,COMPLETE
5458,0.0,2026-04-07 11:18:47.430562,2026-04-07 11:18:48.109773,0 days 00:00:00.679211,20.00855405048107,19.6742235839365,0.56114829022237,Au,COMPLETE
5459,-2.737226277371843,2026-04-07 11:18:47.670203,2026-04-07 11:18:48.479047,0 days 00:00:00.808844,23.000042069232332,19.64835525802839,0.5447513887594119,Au,COMPLETE
5460,-1.0,2026-04-07 11:18:47.780412,2026-04-07 11:18:48.603959,0 days 00:00:00.823547,23.494295854102123,19.677539409983783,0.5536964163764682,Au,COMPLETE
5461,-1.0,2026-04-07 11:18:47.903381,2026-04-07 11:18:48.807780,0 days 00:00:00.904399,20.02248166553091,19.66616058275558,0.5406962917323328,Au,COMPLETE
5462,2.873563218390408,2026-04-07 11:18:48.030219,2026-04-07 11:18:48.918315,0 days 00:00:00.888096,23.163740322623422,19.986631146174854,0.5412238067531944,Au,COMPLETE
5463,-1.0,2026-04-07 11:18:48.127273,2026-04-07 11:18:48.900888,0 days 00:00:00.773615,23.262810359737855,19.647977551340247,0.538220353455422,Au,COMPLETE
5464,-1.0,2026-04-07 11:18:48.206010,2026-04-07 11:18:49.124100,0 days 00:00:00.918090,23.024479714129004,19.98277934923027,0.5373677899877516,Au,COMPLETE
5465,0.0,2026-04-07 11:18:48.251296,2026-04-07 11:18:49.029453,0 days 00:00:00.778157,20.069645301625794,19.98085487459459,0.5405218947303386,Au,COMPLETE
5466,-1.0,2026-04-07 11:18:48.301663,2026-04-07 11:18:49.044545,0 days 00:00:00.742882,23.013496046864528,19.67350868779502,0.5450466794563122,Au,COMPLETE
5467,82.41421568627209,2026-04-07 11:18:48.698235,2026-04-07 11:18:49.424784,0 days 00:00:00.726549,25.754979359558686,19.351358978215405,0.6092242522367697,Au,COMPLETE
5468,-1.0,2026-04-07 11:18:48.951112,2026-04-07 11:18:49.811579,0 days 00:00:00.860467,25.48055766007472,19.988530740318367,0.5911353787884568,Au,COMPLETE
5469,-1.0,2026-04-07 11:18:49.078805,2026-04-07 11:18:49.732221,0 days 00:00:00.653416,25.347019066471947,19.24312800079014,0.6027874472857698,Au,COMPLETE
5470,82.72058823529169,2026-04-07 11:18:49.143252,2026-04-07 11:18:49.873907,0 days 00:00:00.730655,25.519695118148988,19.320129723876207,0.6029160418326012,Au,COMPLETE
5471,83.02696078431127,2026-04-07 11:18:49.179997,2026-04-07 11:18:50.063145,0 days 00:00:00.883148,25.120869768332987,19.283436285861335,0.5974572722241659,Au,COMPLETE
5472,-1.0,2026-04-07 11:18:49.237429,2026-04-07 11:18:50.029613,0 days 00:00:00.792184,25.200469543945186,19.23547690597902,0.5948376268619601,Au,COMPLETE
5473,-1.0,2026-04-07 11:18:49.249864,2026-04-07 11:18:50.140813,0 days 00:00:00.890949,25.91276181234619,19.152614672461528,0.613601656616466,Au,COMPLETE
5474,82.72058823529169,2026-04-07 11:18:49.329979,2026-04-07 11:18:50.192163,0 days 00:00:00.862184,25.54278042546138,19.311029605676826,0.6002431009345466,Au,COMPLETE
5475,-5.813953488371241,2026-04-07 11:18:49.766267,2026-04-07 11:18:50.589224,0 days 00:00:00.822957,22.213417425991583,19.98689747360544,0.5905512087014043,Au,COMPLETE
5476,-1.0,2026-04-07 11:18:49.960650,2026-04-07 11:18:50.694906,0 days 00:00:00.734256,21.80555435490144,18.952523095302723,0.585457832475597,Au,COMPLETE
5477,-1.0,2026-04-07 11:18:50.081330,2026-04-07 11:18:50.911334,0 days 00:00:00.830004,20.016664950110734,18.937492633895424,0.5223018493994575,Au,COMPLETE
5478,-1.0,2026-04-07 11:18:50.147397,2026-04-07 11:18:50.910802,0 days 00:00:00.763405,21.658409277047426,18.833502962385953,0.5392906970224706,Au,COMPLETE
5479,-383.7868480725106,2026-04-07 11:18:50.209256,2026-04-07 11:18:51.115725,0 days 00:00:00.906469,21.804468512420492,18.89430058094908,0.5239494963064577,Au,COMPLETE
5480,-9.333333333331824,2026-04-07 11:18:50.289053,2026-04-07 11:18:51.168994,0 days 00:00:00.879941,21.898783964778016,19.990899700548045,0.5299327431151861,Au,COMPLETE
5481,-1.0,2026-04-07 11:18:50.303706,2026-04-07 11:18:51.101578,0 days 00:00:00.797872,21.634833398664533,19.99227849447738,0.5219211259810084,Au,COMPLETE
5482,-1.0,2026-04-07 11:18:50.392703,2026-04-07 11:18:51.059217,0 days 00:00:00.666514,31.64733941581094,19.98483754952222,0.5349802620931488,Au,COMPLETE
5483,-1.0,2026-04-07 11:18:50.834007,2026-04-07 11:18:51.678489,0 days 00:00:00.844482,28.995726997849374,19.60132480863768,0.5274034372300762,Au,COMPLETE
5484,0.0,2026-04-07 11:18:50.916866,2026-04-07 11:18:51.493368,0 days 00:00:00.576502,29.308643714937467,19.648801079348456,0.5183551936792687,Au,COMPLETE
5485,-1.0,2026-04-07 11:18:51.086455,2026-04-07 11:18:51.819814,0 days 00:00:00.733359,23.628303527575454,19.420545276884802,0.5758617358846243,Au,COMPLETE
5486,-1.0,2026-04-07 11:18:51.195005,2026-04-07 11:18:51.981103,0 days 00:00:00.786098,23.59786974619769,19.532982290363805,0.570898322542471,Au,COMPLETE
5487,-1.0,2026-04-07 11:18:51.250430,2026-04-07 11:18:51.927389,0 days 00:00:00.676959,23.649442110451254,19.46533664672096,0.6182950232162234,Au,COMPLETE
5488,0.0,2026-04-07 11:18:51.332544,2026-04-07 11:18:52.147606,0 days 00:00:00.815062,20.03581793770516,19.413263254580315,0.570412630071492,Au,COMPLETE
5489,-1.0,2026-04-07 11:18:51.410723,2026-04-07 11:18:52.332125,0 days 00:00:00.921402,23.517137327616926,19.435030385891263,0.5778463847933587,Au,COMPLETE
5490,-1.0,2026-04-07 11:18:51.522700,2026-04-07 11:18:52.407989,0 days 00:00:00.885289,23.364134586939922,19.392919822142467,0.6268041622409083,Au,COMPLETE
5491,-1.0,2026-04-07 11:18:51.747397,2026-04-07 11:18:52.426968,0 days 00:00:00.679571,23.435891185000248,19.383006257335715,0.6280047422911282,Au,COMPLETE
5492,-395.68764568759013,2026-04-07 11:18:51.907970,2026-04-07 11:18:53.098952,0 days 00:00:01.190982,21.818975830686263,19.08155148324026,0.49224588994085594,Au,COMPLETE
5493,-1.0,2026-04-07 11:18:52.034786,2026-04-07 11:18:52.719217,0 days 00:00:00.684431,21.647030531872563,19.994319617090685,0.47653185063980225,Au,COMPLETE
5494,0.0,2026-04-07 11:18:52.110451,2026-04-07 11:18:52.895992,0 days 00:00:00.785541,20.01804883026253,19.031724450478873,0.6307944419208273,Au,COMPLETE
5495,-1.0,2026-04-07 11:18:52.164132,2026-04-07 11:18:52.975249,0 days 00:00:00.811117,20.066117560977375,19.11667361289867,0.6177273219909134,Au,COMPLETE
5496,0.0,2026-04-07 11:18:52.349920,2026-04-07 11:18:53.225260,0 days 00:00:00.875340,20.068978152818712,19.99402096541455,0.49235688344865386,Au,COMPLETE
5497,-1.0,2026-04-07 11:18:52.532003,2026-04-07 11:18:53.435799,0 days 00:00:00.903796,21.83650700955776,19.027480754253848,0.5063742078339192,Au,COMPLETE
5498,-1.0,2026-04-07 11:18:52.622099,2026-04-07 11:18:53.362943,0 days 00:00:00.740844,21.65416370288609,19.000042344343697,0.49140080408077774,Au,COMPLETE
5499,-1.0,2026-04-07 11:18:52.677695,2026-04-07 11:18:53.434774,0 days 00:00:00.757079,20.105231299279815,19.019086896645877,0.48368792541599004,Au,COMPLETE
5500,0.0,2026-04-07 11:18:52.866787,2026-04-07 11:18:53.612979,0 days 00:00:00.746192,20.060761299041467,19.65714916072486,0.48126124677913795,Au,COMPLETE
5501,-1.0,2026-04-07 11:18:53.255159,2026-04-07 11:18:54.210039,0 days 00:00:00.954880,27.230691591163403,19.640660125484164,0.5497646049444669,Au,COMPLETE
5502,0.0,2026-04-07 11:18:53.288540,2026-04-07 11:18:54.134166,0 days 00:00:00.845626,27.33679618206159,19.638693684185665,0.5637967570956288,Au,COMPLETE
5503,0.0,2026-04-07 11:18:53.412347,2026-04-07 11:18:54.211079,0 days 00:00:00.798732,27.228551299608764,19.64987460189807,0.5628322643370345,Au,COMPLETE
5504,-1.0,2026-04-07 11:18:53.495605,2026-04-07 11:18:54.375311,0 days 00:00:00.879706,26.804603108533158,19.64858517787307,0.552335659607199,Au,COMPLETE
5505,-1.0,2026-04-07 11:18:53.438971,2026-04-07 11:18:54.483170,0 days 00:00:01.044199,26.978226722501436,19.637865384021904,0.5673857126786357,Au,COMPLETE
5506,81.7901234567877,2026-04-07 11:18:53.615393,2026-04-07 11:18:54.329372,0 days 00:00:00.713979,26.885103594502958,19.615092390548963,0.5512079342228341,Au,COMPLETE
5507,0.0,2026-04-07 11:18:53.694534,2026-04-07 11:18:54.441392,0 days 00:00:00.746858,27.156302343413877,19.674357703910346,0.5608300423874565,Au,COMPLETE
5508,0.0,2026-04-07 11:18:53.863623,2026-04-07 11:18:54.626383,0 days 00:00:00.762760,27.002616539741652,19.99479764353597,0.5611660934927487,Au,COMPLETE
5509,-1.0,2026-04-07 11:18:54.363992,2026-04-07 11:18:55.233693,0 days 00:00:00.869701,24.57128558372607,18.55817933056032,0.6257988945123292,Au,COMPLETE
5510,-1.0,2026-04-07 11:18:54.341834,2026-04-07 11:18:55.062906,0 days 00:00:00.721072,24.38993622030441,18.57640748243998,0.6301804320905918,Au,COMPLETE
5511,-1.0,2026-04-07 11:18:54.445496,2026-04-07 11:18:55.216024,0 days 00:00:00.770528,24.433044280013238,18.62224645147521,0.6197475166831975,Au,COMPLETE
5512,-1.0,2026-04-07 11:18:54.520618,2026-04-07 11:18:55.351289,0 days 00:00:00.830671,24.356559622510552,18.716598630494335,0.640991062992208,Au,COMPLETE
5513,0.0,2026-04-07 11:18:54.577514,2026-04-07 11:18:55.437398,0 days 00:00:00.859884,24.34310462129831,18.640431653593453,0.6329352180694511,Au,COMPLETE
5514,0.0,2026-04-07 11:18:54.675339,2026-04-07 11:18:55.379773,0 days 00:00:00.704434,24.410733088483234,18.672566110093342,0.6051318783094527,Au,COMPLETE
5515,-1.0,2026-04-07 11:18:54.689068,2026-04-07 11:18:55.544313,0 days 00:00:00.855245,24.508570918774062,19.997275937781627,0.6142649050177624,Au,COMPLETE
5516,-1.0,2026-04-07 11:18:54.926149,2026-04-07 11:18:55.611647,0 days 00:00:00.685498,24.16380690924073,19.99380680339947,0.5116112220110577,Au,COMPLETE
5517,-1.0,2026-04-07 11:18:55.308224,2026-04-07 11:18:56.236033,0 days 00:00:00.927809,21.968458702805744,19.28308862352417,0.5170955971559019,Au,COMPLETE
5518,-1.0,2026-04-07 11:18:55.393103,2026-04-07 11:18:56.203825,0 days 00:00:00.810722,21.90034082534696,19.242407041414765,0.5060191068957337,Au,COMPLETE
5519,-10.251322751321135,2026-04-07 11:18:55.355309,2026-04-07 11:18:56.188632,0 days 00:00:00.833323,21.83161530982227,19.99217094324195,0.5185383715030019,Au,COMPLETE
5520,-417.27941176464446,2026-04-07 11:18:55.524196,2026-04-07 11:18:56.348725,0 days 00:00:00.824529,21.90488373771613,19.29513024892894,0.49789408924484535,Au,COMPLETE
5521,-410.92995169076204,2026-04-07 11:18:55.618712,2026-04-07 11:18:56.423924,0 days 00:00:00.805212,21.715095593883394,19.313392464390724,0.5199155509293846,Au,COMPLETE
5522,-417.27941176464446,2026-04-07 11:18:55.676796,2026-04-07 11:18:56.498903,0 days 00:00:00.822107,21.874235332154715,19.282600235453227,0.5164216198598999,Au,COMPLETE
5523,-1.0,2026-04-07 11:18:55.812328,2026-04-07 11:18:56.501963,0 days 00:00:00.689635,21.97824718330693,19.281071619458988,0.5074371256790471,Au,COMPLETE
5524,-430.5555555554903,2026-04-07 11:18:55.904621,2026-04-07 11:18:56.573453,0 days 00:00:00.668832,22.145733966925473,19.29266106869152,0.5174833208591006,Au,COMPLETE
5525,-1.0,2026-04-07 11:18:56.384208,2026-04-07 11:18:57.134536,0 days 00:00:00.750328,23.087436168000295,19.112273865904804,0.4678648191862783,Au,COMPLETE
5526,-1.0,2026-04-07 11:18:56.441955,2026-04-07 11:18:57.247984,0 days 00:00:00.806029,23.365455011549543,19.07968777717212,0.5861843800442673,Au,COMPLETE
5527,-1.0,2026-04-07 11:18:56.492819,2026-04-07 11:18:57.572570,0 days 00:00:01.079751,23.274738816601033,18.955801083310103,0.5849162052338108,Au,COMPLETE
5528,-1.0,2026-04-07 11:18:56.610705,2026-04-07 11:18:57.416234,0 days 00:00:00.805529,23.271480164705643,19.610622171256406,0.4719153035648738,Au,COMPLETE
5529,-1.0,2026-04-07 11:18:56.661375,2026-04-07 11:18:57.448443,0 days 00:00:00.787068,23.315994335753587,19.069049653600835,0.5890701330821613,Au,COMPLETE
5530,-9.876543209875074,2026-04-07 11:18:56.725073,2026-04-07 11:18:57.527771,0 days 00:00:00.802698,23.12975788812965,18.967283777478663,0.46348424371555735,Au,COMPLETE
5531,-1.0,2026-04-07 11:18:56.784218,2026-04-07 11:18:57.778572,0 days 00:00:00.994354,23.49738055848025,18.944313197266872,0.46332378763615706,Au,COMPLETE
5532,-1.0,2026-04-07 11:18:56.875879,2026-04-07 11:18:57.908249,0 days 00:00:01.032370,23.427537531738853,19.99671647960949,0.5875912891116613,Au,COMPLETE
5533,-1.0,2026-04-07 11:18:57.379605,2026-04-07 11:18:58.323070,0 days 00:00:00.943465,29.1118930326475,19.59774413342693,0.6726186077118839,Au,COMPLETE
5534,0.0,2026-04-07 11:18:57.465036,2026-04-07 11:18:58.524682,0 days 00:00:01.059646,20.076729941121386,19.64936226113472,0.664235112193275,Au,COMPLETE
5535,-1.0,2026-04-07 11:18:57.598852,2026-04-07 11:18:58.492115,0 days 00:00:00.893263,25.63507546417743,19.629889606254075,0.6741576261123359,Au,COMPLETE
5536,-1.0,2026-04-07 11:18:57.812792,2026-04-07 11:18:58.744329,0 days 00:00:00.931537,25.9279542163356,19.647359031255156,0.6667631753813544,Au,COMPLETE
5537,-1.0,2026-04-07 11:18:57.780083,2026-04-07 11:18:58.743324,0 days 00:00:00.963241,20.03988908996913,19.532724663354323,0.6544995222742416,Au,COMPLETE
5538,-1.0,2026-04-07 11:18:57.943738,2026-04-07 11:18:58.711000,0 days 00:00:00.767262,25.425491319748655,19.68990925376965,0.6621224950643875,Au,COMPLETE
5539,-1.0,2026-04-07 11:18:58.005534,2026-04-07 11:18:58.713523,0 days 00:00:00.707989,29.105874813441964,19.642062728928348,0.5621471257283421,Au,COMPLETE
5540,-1.0,2026-04-07 11:18:58.187802,2026-04-07 11:18:58.894540,0 days 00:00:00.706738,20.05318148912463,19.62730597440864,0.6758742159405645,Au,COMPLETE
5541,-1.0,2026-04-07 11:18:58.635904,2026-04-07 11:18:59.399015,0 days 00:00:00.763111,21.436678857082228,18.17854835058225,0.4775777891017097,Au,COMPLETE
5542,-331.5972222221827,2026-04-07 11:18:58.729122,2026-04-07 11:18:59.514414,0 days 00:00:00.785292,21.742554317934637,18.184421888921776,0.5460117857531449,Au,COMPLETE
5543,-417.58578431366413,2026-04-07 11:18:58.825619,2026-04-07 11:18:59.575483,0 days 00:00:00.749864,21.848334534198123,19.31294155862676,0.5420265305602154,Au,COMPLETE
5544,-1.0,2026-04-07 11:18:58.840853,2026-04-07 11:18:59.614932,0 days 00:00:00.774079,21.709905497640733,19.342851499086144,0.5423838798503257,Au,COMPLETE
5545,0.0,2026-04-07 11:18:58.938688,2026-04-07 11:18:59.846088,0 days 00:00:00.907400,20.079349254096144,18.77683426789206,0.5407485263421642,Au,COMPLETE
5546,-338.1313131312723,2026-04-07 11:18:58.997809,2026-04-07 11:18:59.678996,0 days 00:00:00.681187,21.933894407513293,18.207460935233037,0.4757022871225101,Au,COMPLETE
5547,-1.0,2026-04-07 11:18:59.084656,2026-04-07 11:18:59.788387,0 days 00:00:00.703731,20.080903398564946,19.989530975688808,0.5558384743762566,Au,COMPLETE
5548,-1.0,2026-04-07 11:18:59.157883,2026-04-07 11:18:59.968481,0 days 00:00:00.810598,20.004536012696107,19.301334484098987,0.5343132446466302,Au,COMPLETE
5549,-1.0,2026-04-07 11:18:59.600473,2026-04-07 11:19:00.303154,0 days 00:00:00.702681,25.172662215174093,18.75508777429793,0.596242168932317,Au,COMPLETE
5550,82.40740740740496,2026-04-07 11:18:59.684541,2026-04-07 11:19:00.535322,0 days 00:00:00.850781,25.70625508336181,19.991320095855574,0.5983651428147265,Au,COMPLETE
5551,-1.0,2026-04-07 11:18:59.747594,2026-04-07 11:19:00.577997,0 days 00:00:00.830403,25.007602773428072,19.276600894617296,0.5898713665979202,Au,COMPLETE
5552,-1.0,2026-04-07 11:18:59.792501,2026-04-07 11:19:00.689455,0 days 00:00:00.896954,20.00101516094738,19.314402864650205,0.5869328329737951,Au,COMPLETE
5553,-1.0,2026-04-07 11:18:59.887218,2026-04-07 11:19:00.687441,0 days 00:00:00.800223,25.150396605747357,19.998803354576175,0.5954252515085074,Au,COMPLETE
5554,82.72058823529169,2026-04-07 11:19:00.039700,2026-04-07 11:19:00.703054,0 days 00:00:00.663354,24.967624032654836,19.983468653734022,0.5902470122167768,Au,COMPLETE
5555,-1.0,2026-04-07 11:19:00.145493,2026-04-07 11:19:00.924386,0 days 00:00:00.778893,25.265597586754474,19.980768938998445,0.5924561804502293,Au,COMPLETE
5556,-1.0,2026-04-07 11:19:00.225310,2026-04-07 11:19:00.887814,0 days 00:00:00.662504,24.943767407186844,19.305008842007915,0.5908806576645937,Au,COMPLETE
5557,-11.728395061726607,2026-04-07 11:19:00.601347,2026-04-07 11:19:01.638367,0 days 00:00:01.037020,23.020837061766063,18.84751067350774,0.4507762300567486,Au,COMPLETE
5558,-1.0,2026-04-07 11:19:00.706106,2026-04-07 11:19:01.400281,0 days 00:00:00.694175,23.10456328171188,18.787305880722325,0.45402890116177524,Au,COMPLETE
5559,-1.0,2026-04-07 11:19:00.814419,2026-04-07 11:19:01.526593,0 days 00:00:00.712174,20.02588107958368,18.819492649753027,0.48552608470321884,Au,COMPLETE
5560,-1.0,2026-04-07 11:19:00.857293,2026-04-07 11:19:01.517626,0 days 00:00:00.660333,22.852854536253805,18.943721720495297,0.49018014024766077,Au,COMPLETE
5561,-1.0,2026-04-07 11:19:00.875105,2026-04-07 11:19:01.667020,0 days 00:00:00.791915,31.261169514948115,18.891951310073104,0.44139695679016056,Au,COMPLETE
5562,-1.0,2026-04-07 11:19:00.938038,2026-04-07 11:19:01.772493,0 days 00:00:00.834455,20.028296526513767,18.82549595395275,0.5038351789520684,Au,COMPLETE
5563,-1.0,2026-04-07 11:19:01.086522,2026-04-07 11:19:01.957356,0 days 00:00:00.870834,20.00683571552573,18.77252797177342,0.48309392222121145,Au,COMPLETE
5564,-12.03703703703527,2026-04-07 11:19:01.177636,2026-04-07 11:19:01.772493,0 days 00:00:00.594857,22.84740026862816,18.914310837761278,0.4798433350618206,Au,COMPLETE
5565,-1.0,2026-04-07 11:19:01.597954,2026-04-07 11:19:02.275449,0 days 00:00:00.677495,22.046821839187093,19.996449345841505,0.5169751521515485,Au,COMPLETE
5566,0.0,2026-04-07 11:19:01.732085,2026-04-07 11:19:02.439333,0 days 00:00:00.707248,28.63372879175386,19.469884892357417,0.5368531300273814,Au,COMPLETE
5567,-1.0,2026-04-07 11:19:01.778108,2026-04-07 11:19:02.501202,0 days 00:00:00.723094,21.648402205655806,19.63229310362825,0.5355794098226716,Au,COMPLETE
5568,0.0,2026-04-07 11:19:01.811346,2026-04-07 11:19:02.529575,0 days 00:00:00.718229,28.336439527259245,19.595835190853023,0.5362342289918077,Au,COMPLETE
5569,-437.820512820445,2026-04-07 11:19:01.825122,2026-04-07 11:19:02.527568,0 days 00:00:00.702446,21.88190184804111,19.59598152207778,0.5223125292391408,Au,COMPLETE
5570,-1.0,2026-04-07 11:19:01.897373,2026-04-07 11:19:02.748972,0 days 00:00:00.851599,21.73584860191185,19.601180502338945,0.5196769752971375,Au,COMPLETE
5571,-1.0,2026-04-07 11:19:02.170985,2026-04-07 11:19:02.892171,0 days 00:00:00.721186,28.673412499645117,19.62676920445416,0.6298647785344478,Au,COMPLETE
5572,-1.0,2026-04-07 11:19:02.257237,2026-04-07 11:19:03.126598,0 days 00:00:00.869361,21.83557760691468,19.66383073117261,0.6320099750029701,Au,COMPLETE
5573,-1.0,2026-04-07 11:19:02.441856,2026-04-07 11:19:03.231645,0 days 00:00:00.789789,23.84121445591992,19.65087901104364,0.44483228187999824,Au,COMPLETE
5574,-1.0,2026-04-07 11:19:02.615847,2026-04-07 11:19:03.357672,0 days 00:00:00.741825,23.62292965097874,19.636993517030316,0.45250133632826317,Au,COMPLETE
5575,-1.0,2026-04-07 11:19:02.657932,2026-04-07 11:19:03.528967,0 days 00:00:00.871035,23.745606505537058,19.598506567973104,0.44522643809391327,Au,COMPLETE
5576,-1.0,2026-04-07 11:19:02.671816,2026-04-07 11:19:03.449725,0 days 00:00:00.777909,23.815794081635353,19.621580254760097,0.4956087067157237,Au,COMPLETE
5577,-1.0,2026-04-07 11:19:02.704217,2026-04-07 11:19:03.674919,0 days 00:00:00.970702,23.64932114716555,19.37725040420494,0.4360399437571724,Au,COMPLETE
5578,-1.0,2026-04-07 11:19:02.896206,2026-04-07 11:19:03.585431,0 days 00:00:00.689225,24.339045688922187,19.995239269314677,0.43335378976409766,Au,COMPLETE
5579,82.10784313725247,2026-04-07 11:19:03.068122,2026-04-07 11:19:03.793394,0 days 00:00:00.725272,26.25979832515868,19.397822019616,0.44887245447122853,Au,COMPLETE
5580,-1.0,2026-04-07 11:19:03.392838,2026-04-07 11:19:04.183005,0 days 00:00:00.790167,25.826174668837112,19.997165247765587,0.4365485744087571,Au,COMPLETE
5581,82.71604938271359,2026-04-07 11:19:03.480976,2026-04-07 11:19:04.184004,0 days 00:00:00.703028,25.77940507597108,19.993407622914223,0.4926195207373367,Au,COMPLETE
5582,-1.0,2026-04-07 11:19:03.548377,2026-04-07 11:19:04.464928,0 days 00:00:00.916551,26.846064995905543,19.208322884822014,0.48213880287360744,Au,COMPLETE
5583,0.0,2026-04-07 11:19:03.699251,2026-04-07 11:19:04.461771,0 days 00:00:00.762520,20.021241957783744,19.292041481066626,0.48113941703831625,Au,COMPLETE
5584,-1.0,2026-04-07 11:19:03.824455,2026-04-07 11:19:04.587477,0 days 00:00:00.763022,26.385359734774323,19.1893621863164,0.48634722174249667,Au,COMPLETE
5585,-1.0,2026-04-07 11:19:03.934839,2026-04-07 11:19:04.678185,0 days 00:00:00.743346,26.444054412896957,19.9912902575386,0.4847702366375443,Au,COMPLETE
5586,0.0,2026-04-07 11:19:03.968608,2026-04-07 11:19:04.838889,0 days 00:00:00.870281,20.009745982645715,19.19856609758345,0.4887101768393745,Au,COMPLETE
5587,-1.0,2026-04-07 11:19:03.978792,2026-04-07 11:19:04.681704,0 days 00:00:00.702912,21.528503541083257,19.21962476079259,0.48827592853452567,Au,COMPLETE
5588,-1.0,2026-04-07 11:19:04.437739,2026-04-07 11:19:05.240513,0 days 00:00:00.802774,21.743378388436735,19.16578620551872,0.538189293205672,Au,COMPLETE
5589,-1.0,2026-04-07 11:19:04.530637,2026-04-07 11:19:05.311618,0 days 00:00:00.780981,21.639619019515944,19.212655749812768,0.5167338166311795,Au,COMPLETE
5590,-1.0,2026-04-07 11:19:04.592699,2026-04-07 11:19:05.371388,0 days 00:00:00.778689,21.993599568954426,19.996020213697424,0.5414177431444919,Au,COMPLETE
5591,-1.0,2026-04-07 11:19:04.730317,2026-04-07 11:19:05.505164,0 days 00:00:00.774847,21.827664223265593,18.475703148313112,0.5275885283000279,Au,COMPLETE
5592,-11.718749999998263,2026-04-07 11:19:04.855286,2026-04-07 11:19:05.759524,0 days 00:00:00.904238,21.92902893470757,19.658759513377063,0.5247640992971786,Au,COMPLETE
5593,-441.2144702841686,2026-04-07 11:19:04.935792,2026-04-07 11:19:05.632035,0 days 00:00:00.696243,21.843616653016976,19.658445176423065,0.5300713737886598,Au,COMPLETE
5594,-1.0,2026-04-07 11:19:05.014709,2026-04-07 11:19:05.867294,0 days 00:00:00.852585,22.200340095302057,18.47028776888024,0.5288721205628493,Au,COMPLETE
5595,-10.416666666665039,2026-04-07 11:19:05.059659,2026-04-07 11:19:05.756952,0 days 00:00:00.697293,22.116810096630864,19.64808263201274,0.5292835016805875,Au,COMPLETE
5596,-1.0,2026-04-07 11:19:05.527192,2026-04-07 11:19:06.180731,0 days 00:00:00.653539,23.451238977273118,19.702060176596547,0.4547529544179544,Au,COMPLETE
5597,-1.0,2026-04-07 11:19:05.540299,2026-04-07 11:19:06.569178,0 days 00:00:01.028879,23.42905277320516,19.546180731059465,0.4564851629255089,Au,COMPLETE
5598,-1.0,2026-04-07 11:19:05.611542,2026-04-07 11:19:06.459146,0 days 00:00:00.847604,23.51863621745286,19.580905604350825,0.46267473213402216,Au,COMPLETE
5599,83.33333333333088,2026-04-07 11:19:05.695544,2026-04-07 11:19:06.388329,0 days 00:00:00.692785,24.402933709798774,19.701797581575686,0.46738080604117427,Au,COMPLETE
5600,82.72058823529169,2026-04-07 11:19:05.882615,2026-04-07 11:19:06.768658,0 days 00:00:00.886043,24.941740541482233,19.986985976506837,0.466507960037075,Au,COMPLETE
5601,-1.0,2026-04-07 11:19:05.997883,2026-04-07 11:19:06.692970,0 days 00:00:00.695087,24.37540054285412,19.989007700926933,0.46293446922576975,Au,COMPLETE
5602,-1.0,2026-04-07 11:19:06.047536,2026-04-07 11:19:06.697067,0 days 00:00:00.649531,24.38414191774189,19.65475071802783,0.4589076936356922,Au,COMPLETE
5603,83.02696078431127,2026-04-07 11:19:06.106766,2026-04-07 11:19:06.867268,0 days 00:00:00.760502,25.13552672458494,19.60790147103833,0.4673831379338488,Au,COMPLETE
5604,-1.0,2026-04-07 11:19:06.416224,2026-04-07 11:19:07.180783,0 days 00:00:00.764559,24.935494694042276,19.332615304585918,0.43337051294365136,Au,COMPLETE
5605,-1.0,2026-04-07 11:19:06.635590,2026-04-07 11:19:07.473161,0 days 00:00:00.837571,20.028676259786202,19.085636204457817,0.5068160346910069,Au,COMPLETE
5606,0.0,2026-04-07 11:19:06.685985,2026-04-07 11:19:07.427931,0 days 00:00:00.741946,20.077945941936424,19.138122454806634,0.50879189954643,Au,COMPLETE
5607,-9.333333333331824,2026-04-07 11:19:06.773524,2026-04-07 11:19:07.592788,0 days 00:00:00.819264,21.925245811374662,19.99940631635232,0.5140802279935075,Au,COMPLETE
5608,0.0,2026-04-07 11:19:06.884782,2026-04-07 11:19:07.690736,0 days 00:00:00.805954,31.046687951134942,19.109631128729536,0.5114936764296142,Au,COMPLETE
5609,-1.0,2026-04-07 11:19:06.968830,2026-04-07 11:19:07.678881,0 days 00:00:00.710051,20.03857833422856,19.117324099001433,0.519953541255697,Au,COMPLETE
5610,-1.0,2026-04-07 11:19:06.978007,2026-04-07 11:19:07.723429,0 days 00:00:00.745422,21.827036852362614,19.99979768177639,0.5080278038576137,Au,COMPLETE
5611,-1.0,2026-04-07 11:19:07.184206,2026-04-07 11:19:07.843771,0 days 00:00:00.659565,31.02184421493881,19.029225650109783,0.5020393108860747,Au,COMPLETE
5612,-1.0,2026-04-07 11:19:07.376774,2026-04-07 11:19:08.247329,0 days 00:00:00.870555,20.062022482872845,19.028392870671887,0.5601079098784858,Au,COMPLETE
5613,-1.0,2026-04-07 11:19:07.631181,2026-04-07 11:19:08.601801,0 days 00:00:00.970620,20.049102230254206,19.401282435781205,0.41927512974373266,Au,COMPLETE
5614,-1.0,2026-04-07 11:19:07.713703,2026-04-07 11:19:08.711731,0 days 00:00:00.998028,20.031213730726765,19.40276668194832,0.41375767880310105,Au,COMPLETE
5615,82.40740740740496,2026-04-07 11:19:07.776991,2026-04-07 11:19:08.618645,0 days 00:00:00.841654,26.865078122632212,19.386558644294922,0.41333030463724435,Au,COMPLETE
5616,-1.0,2026-04-07 11:19:07.787217,2026-04-07 11:19:08.525592,0 days 00:00:00.738375,27.59979107033263,19.455038944260384,0.424230841040116,Au,COMPLETE
5617,-1.0,2026-04-07 11:19:07.866894,2026-04-07 11:19:08.675409,0 days 00:00:00.808515,27.540112173927024,19.418566351276997,0.4094129604813308,Au,COMPLETE
5618,81.48148148147907,2026-04-07 11:19:07.976345,2026-04-07 11:19:08.817977,0 days 00:00:00.841632,27.758803839390705,19.40453373971341,0.41668107264830373,Au,COMPLETE
5619,-1.0,2026-04-07 11:19:08.161999,2026-04-07 11:19:08.891978,0 days 00:00:00.729979,28.018299202474235,19.43734476445302,0.4159426940287592,Au,COMPLETE
5620,-9.963768115940573,2026-04-07 11:19:08.487404,2026-04-07 11:19:09.187827,0 days 00:00:00.700423,23.466097972063164,18.52577757051836,0.5534875031160099,Au,COMPLETE
5621,-1.0,2026-04-07 11:19:08.856282,2026-04-07 11:19:09.570793,0 days 00:00:00.714511,23.20390353236817,18.58261898728816,0.5495926964502066,Au,COMPLETE
5622,-1.0,2026-04-07 11:19:08.896988,2026-04-07 11:19:09.544493,0 days 00:00:00.647505,23.1746036200677,18.529277057572163,0.5622060056721033,Au,COMPLETE
5623,-10.644768856446074,2026-04-07 11:19:08.935113,2026-04-07 11:19:09.974335,0 days 00:00:01.039222,23.296763529257156,18.58829585922214,0.5608806722769322,Au,COMPLETE
5624,-1.0,2026-04-07 11:19:08.972774,2026-04-07 11:19:09.885006,0 days 00:00:00.912232,22.621975954047073,19.99150250985136,0.5664983139153772,Au,COMPLETE
5625,-1.0,2026-04-07 11:19:09.046375,2026-04-07 11:19:09.857509,0 days 00:00:00.811134,23.31541101380209,18.712194806232255,0.5565312931959455,Au,COMPLETE
5626,-1.0,2026-04-07 11:19:09.066396,2026-04-07 11:19:09.718862,0 days 00:00:00.652466,23.258626399669712,18.629784115900602,0.5538885264549666,Au,COMPLETE
5627,0.0,2026-04-07 11:19:09.126662,2026-04-07 11:19:09.859611,0 days 00:00:00.732949,22.983424381932835,19.995152773466586,0.55816537232468,Au,COMPLETE
5628,0.0,2026-04-07 11:19:09.492628,2026-04-07 11:19:10.282279,0 days 00:00:00.789651,23.31400436890075,19.6725186059922,0.4916019095419271,Au,COMPLETE
5629,-1.0,2026-04-07 11:19:09.770694,2026-04-07 11:19:10.538197,0 days 00:00:00.767503,21.5818255005258,19.65746887929526,0.4704898886241885,Au,COMPLETE
5630,-1.0,2026-04-07 11:19:09.794987,2026-04-07 11:19:10.462634,0 days 00:00:00.667647,25.604102844812868,19.66480990422304,0.4764178289650989,Au,COMPLETE
5631,82.72058823529169,2026-04-07 11:19:09.903803,2026-04-07 11:19:10.656675,0 days 00:00:00.752872,25.320324998079766,19.698993863631944,0.4859958672920156,Au,COMPLETE
5632,0.0,2026-04-07 11:19:10.083320,2026-04-07 11:19:10.715982,0 days 00:00:00.632662,20.013805936879088,18.96034935934765,0.504547729892339,Au,COMPLETE
5633,-1.0,2026-04-07 11:19:10.157576,2026-04-07 11:19:10.809535,0 days 00:00:00.651959,25.599480494924936,19.662612460138032,0.4857272964203992,Au,COMPLETE
5634,-1.0,2026-04-07 11:19:10.189758,2026-04-07 11:19:11.445268,0 days 00:00:01.255510,25.57170869374556,19.61744467204161,0.4964649445698439,Au,COMPLETE
5635,-1.0,2026-04-07 11:19:10.237999,2026-04-07 11:19:10.888302,0 days 00:00:00.650303,25.520330439830435,19.664545996185886,0.4985073616185564,Au,COMPLETE
5636,-1.0,2026-04-07 11:19:10.580150,2026-04-07 11:19:11.435408,0 days 00:00:00.855258,21.58895252680029,19.024349221739566,0.5240182925557484,Au,COMPLETE
5637,-1.0,2026-04-07 11:19:10.669803,2026-04-07 11:19:11.240519,0 days 00:00:00.570716,21.667773907020646,19.033651082967,0.5172370079027805,Au,COMPLETE
5638,-1.0,2026-04-07 11:19:10.778187,2026-04-07 11:19:11.583307,0 days 00:00:00.805120,20.023216830864996,19.124589812189694,0.5281942608819425,Au,COMPLETE
5639,-1.0,2026-04-07 11:19:10.902382,2026-04-07 11:19:11.905832,0 days 00:00:01.003450,21.70094271887482,19.117284823127527,0.5215336193387348,Au,COMPLETE
5640,-1.0,2026-04-07 11:19:10.918139,2026-04-07 11:19:11.708611,0 days 00:00:00.790472,21.88423875897535,19.024876341773382,0.531615252194707,Au,COMPLETE
5641,0.0,2026-04-07 11:19:11.057527,2026-04-07 11:19:11.784114,0 days 00:00:00.726587,20.010339923352802,19.99674390127501,0.527202219482476,Au,COMPLETE
5642,-1.0,2026-04-07 11:19:11.073069,2026-04-07 11:19:11.785112,0 days 00:00:00.712043,21.52503523038732,19.117233845742934,0.5246132569493043,Au,COMPLETE
5643,-1.0,2026-04-07 11:19:11.516421,2026-04-07 11:19:12.590425,0 days 00:00:01.074004,21.89004942847649,19.34996858637918,0.4523170403284204,Au,COMPLETE
5644,1.3888888888887037,2026-04-07 11:19:11.679834,2026-04-07 11:19:12.433162,0 days 00:00:00.753328,23.96773288179928,19.381637776337108,0.4464493807772334,Au,COMPLETE
5645,-1.0,2026-04-07 11:19:11.730283,2026-04-07 11:19:12.682029,0 days 00:00:00.951746,24.455669295244846,19.44899894750108,0.43898796229680764,Au,COMPLETE
5646,2.6881720430104057,2026-04-07 11:19:11.810702,2026-04-07 11:19:12.511732,0 days 00:00:00.701030,24.301293431219342,19.40108033004548,0.4450954729836472,Au,COMPLETE
5647,-1.0,2026-04-07 11:19:11.909605,2026-04-07 11:19:12.692362,0 days 00:00:00.782757,24.392899848539596,19.327152806525515,0.446279305106809,Au,COMPLETE
5648,-1.0,2026-04-07 11:19:12.054695,2026-04-07 11:19:12.847848,0 days 00:00:00.793153,24.276091587216072,19.38052233427575,0.43514329217818104,Au,COMPLETE
5649,-1.0,2026-04-07 11:19:12.073736,2026-04-07 11:19:12.779389,0 days 00:00:00.705653,24.843176103445746,19.649555533422113,0.44079250028271266,Au,COMPLETE
5650,-1.0,2026-04-07 11:19:12.120407,2026-04-07 11:19:12.845839,0 days 00:00:00.725432,24.517957519185956,19.398102549739527,0.44036892262820054,Au,COMPLETE
5651,-1.0,2026-04-07 11:19:12.696740,2026-04-07 11:19:13.529329,0 days 00:00:00.832589,21.68232669167361,18.799211165065405,0.5726650249166605,Au,COMPLETE
5652,-370.33991228065304,2026-04-07 11:19:12.807370,2026-04-07 11:19:13.737062,0 days 00:00:00.929692,21.66898479425861,18.790847754456752,0.5670890075286349,Au,COMPLETE
5653,-1.0,2026-04-07 11:19:12.870105,2026-04-07 11:19:13.645801,0 days 00:00:00.775696,28.70706831819811,18.287665206044377,0.5694815557950795,Au,COMPLETE
5654,-378.63534675610146,2026-04-07 11:19:12.919286,2026-04-07 11:19:13.737062,0 days 00:00:00.817776,21.901828263270797,18.749269304392048,0.5725325625748746,Au,COMPLETE
5655,-1.0,2026-04-07 11:19:12.971391,2026-04-07 11:19:13.735558,0 days 00:00:00.764167,21.63920954450485,18.8157196419944,0.5806617628473986,Au,COMPLETE
5656,-1.0,2026-04-07 11:19:12.998941,2026-04-07 11:19:13.735558,0 days 00:00:00.736617,29.098461337339646,19.993300782135023,0.5533207369868692,Au,COMPLETE
5657,0.0,2026-04-07 11:19:13.052702,2026-04-07 11:19:13.750779,0 days 00:00:00.698077,20.00317125985571,19.985866133723352,0.5626779490930548,Au,COMPLETE
5658,-1.0,2026-04-07 11:19:13.089991,2026-04-07 11:19:13.839194,0 days 00:00:00.749203,21.714495205434467,19.991889418935656,0.595710580302026,Au,COMPLETE
5659,-1.0,2026-04-07 11:19:13.689252,2026-04-07 11:19:14.694070,0 days 00:00:01.004818,26.213404375705096,19.66520383497334,0.49400155434885934,Au,COMPLETE
5660,-1.0,2026-04-07 11:19:13.810044,2026-04-07 11:19:14.541769,0 days 00:00:00.731725,26.3245285806099,19.66079181138016,0.48915267517648836,Au,COMPLETE
5661,82.40740740740496,2026-04-07 11:19:13.885630,2026-04-07 11:19:14.669560,0 days 00:00:00.783930,26.461435465298567,19.645023147619032,0.5015276747746575,Au,COMPLETE
5662,-1.0,2026-04-07 11:19:13.902121,2026-04-07 11:19:14.694070,0 days 00:00:00.791949,26.373125277607386,19.633276661940975,0.48364477536948064,Au,COMPLETE
5663,-1.0,2026-04-07 11:19:13.937176,2026-04-07 11:19:14.657924,0 days 00:00:00.720748,25.775590608868345,19.688714522540714,0.48723978658115824,Au,COMPLETE
5664,-1.0,2026-04-07 11:19:13.951292,2026-04-07 11:19:14.776682,0 days 00:00:00.825390,27.073045336649844,19.71612114312614,0.5107445476678083,Au,COMPLETE
5665,-1.0,2026-04-07 11:19:13.973334,2026-04-07 11:19:14.777683,0 days 00:00:00.804349,26.64239725215151,19.687593551257244,0.4750228846601415,Au,COMPLETE
5666,82.40740740740496,2026-04-07 11:19:14.035340,2026-04-07 11:19:14.810765,0 days 00:00:00.775425,26.37523475402565,19.67264666560055,0.47967750664542214,Au,COMPLETE
5667,-6.740196078430338,2026-04-07 11:19:14.711352,2026-04-07 11:19:15.580983,0 days 00:00:00.869631,23.56315562992032,18.998044902202817,0.40868341054104995,Au,COMPLETE
5668,-1.0,2026-04-07 11:19:14.815324,2026-04-07 11:19:15.680642,0 days 00:00:00.865318,23.03736570958928,19.079607582703222,0.39305181933156275,Au,COMPLETE
5669,-1.0,2026-04-07 11:19:14.870672,2026-04-07 11:19:15.793989,0 days 00:00:00.923317,23.081566843117624,19.146000025026726,0.5463719056645409,Au,COMPLETE
5670,-1.0,2026-04-07 11:19:14.905357,2026-04-07 11:19:15.649562,0 days 00:00:00.744205,23.310917571725366,18.204476687599815,0.4007837745264621,Au,COMPLETE
5671,-7.098765432097659,2026-04-07 11:19:14.932403,2026-04-07 11:19:15.678175,0 days 00:00:00.745772,23.383167040452634,19.12000384222772,0.40673654019941013,Au,COMPLETE
5672,-5.778588807784982,2026-04-07 11:19:14.947437,2026-04-07 11:19:15.710562,0 days 00:00:00.763125,23.16695000739362,19.13280592806415,0.6102842697238055,Au,COMPLETE
5673,-1.0,2026-04-07 11:19:14.963915,2026-04-07 11:19:15.760590,0 days 00:00:00.796675,23.54897837639696,18.19375697448878,0.39002623028888783,Au,COMPLETE
5674,-7.046568627449879,2026-04-07 11:19:14.999450,2026-04-07 11:19:15.763202,0 days 00:00:00.763752,23.203494294661763,19.083891299531697,0.5424146214225358,Au,COMPLETE
5675,-1.0,2026-04-07 11:19:15.718992,2026-04-07 11:19:16.587066,0 days 00:00:00.868074,21.519123214655252,19.979298908266223,0.6004925354887178,Au,COMPLETE
5676,-10.58201058200889,2026-04-07 11:19:15.767740,2026-04-07 11:19:16.610954,0 days 00:00:00.843214,21.67381353130492,19.989422484571392,0.5873568156521062,Au,COMPLETE
5677,-1.0,2026-04-07 11:19:15.808811,2026-04-07 11:19:16.695221,0 days 00:00:00.886410,20.01115150985397,19.978849275367654,0.5907681883426031,Au,COMPLETE
5678,-1.0,2026-04-07 11:19:15.858390,2026-04-07 11:19:16.732147,0 days 00:00:00.873757,21.49198099859394,19.370066843307075,0.5882374151717602,Au,COMPLETE
5679,-407.9736211030594,2026-04-07 11:19:15.894082,2026-04-07 11:19:16.733653,0 days 00:00:00.839571,21.514311247915987,19.379507236177126,0.58553137782929,Au,COMPLETE
5680,-417.27941176464446,2026-04-07 11:19:15.952033,2026-04-07 11:19:16.696229,0 days 00:00:00.744196,21.691340438098717,19.357591464556617,0.5828360552519667,Au,COMPLETE
5681,-1.0,2026-04-07 11:19:15.965334,2026-04-07 11:19:16.759946,0 days 00:00:00.794612,21.598975936301557,19.998565540523444,0.5943288661290996,Au,COMPLETE
5682,-404.46428571422797,2026-04-07 11:19:16.091750,2026-04-07 11:19:16.865570,0 days 00:00:00.773820,21.43305974149368,19.3622517881026,0.5798194634214766,Au,COMPLETE
5683,-1.0,2026-04-07 11:19:16.737900,2026-04-07 11:19:17.641996,0 days 00:00:00.904096,24.63624466087332,18.66807330638413,0.5373589662029414,Au,COMPLETE
5684,-1.0,2026-04-07 11:19:16.835826,2026-04-07 11:19:17.542424,0 days 00:00:00.706598,24.717770202967984,18.63240447142307,0.5237638578696265,Au,COMPLETE
5685,-1.0,2026-04-07 11:19:16.899194,2026-04-07 11:19:17.641996,0 days 00:00:00.742802,24.56871984116785,18.682484501204637,0.5323110716124956,Au,COMPLETE
5686,1.3888888888887037,2026-04-07 11:19:16.915316,2026-04-07 11:19:17.793015,0 days 00:00:00.877699,24.670172518895964,18.68390817470849,0.5333504682303396,Au,COMPLETE
5687,-1.0,2026-04-07 11:19:16.927540,2026-04-07 11:19:17.697454,0 days 00:00:00.769914,20.089365624362433,18.760460126819197,0.5105547566136613,Au,COMPLETE
5688,-1.1261261261259738,2026-04-07 11:19:16.979863,2026-04-07 11:19:17.720104,0 days 00:00:00.740241,24.411011953222143,18.670656110290388,0.5355135606408504,Au,COMPLETE
5689,2.6881720430104057,2026-04-07 11:19:17.060475,2026-04-07 11:19:17.729811,0 days 00:00:00.669336,24.845877316620243,18.749465585568576,0.518803038116044,Au,COMPLETE
5690,-1.0,2026-04-07 11:19:17.085062,2026-04-07 11:19:17.837676,0 days 00:00:00.752614,24.57113392320411,18.654814666731454,0.5318524876511519,Au,COMPLETE
5691,-11.950904392763055,2026-04-07 11:19:17.691121,2026-04-07 11:19:18.663750,0 days 00:00:00.972629,21.740485499271703,19.659567988634446,0.6338624817049884,Au,COMPLETE
5692,-1.0,2026-04-07 11:19:17.797091,2026-04-07 11:19:18.896921,0 days 00:00:01.099830,28.447015230535055,19.991146265111773,0.4609717890176893,Au,COMPLETE
5693,-1.0,2026-04-07 11:19:17.895453,2026-04-07 11:19:18.799118,0 days 00:00:00.903665,20.07011868637033,19.63255355401364,0.4641480161205006,Au,COMPLETE
5694,-1.0,2026-04-07 11:19:17.966747,2026-04-07 11:19:18.756358,0 days 00:00:00.789611,29.69805185053052,19.682805136306825,0.46482588165103783,Au,COMPLETE
5695,-1.0,2026-04-07 11:19:17.979462,2026-04-07 11:19:18.756358,0 days 00:00:00.776896,20.02069857604633,19.649048747024572,0.4813081951844966,Au,COMPLETE
5696,-1.0,2026-04-07 11:19:18.019530,2026-04-07 11:19:18.957448,0 days 00:00:00.937918,29.391213258119873,19.992353064450118,0.4689824657142217,Au,COMPLETE
5697,0.0,2026-04-07 11:19:18.077103,2026-04-07 11:19:18.755351,0 days 00:00:00.678248,28.585250900290564,19.354950545275404,0.4747358097242975,Au,COMPLETE
5698,-1.0,2026-04-07 11:19:18.105180,2026-04-07 11:19:18.896921,0 days 00:00:00.791741,29.78135606991004,19.618396208374644,0.4617473871027655,Au,COMPLETE
5699,-1.0,2026-04-07 11:19:18.833163,2026-04-07 11:19:19.719778,0 days 00:00:00.886615,22.866422029714958,19.171174090485263,0.6304741937157152,Au,COMPLETE
5700,-1.0,2026-04-07 11:19:18.970501,2026-04-07 11:19:19.733326,0 days 00:00:00.762825,20.003443653697666,19.15846320243132,0.5625412728935036,Au,COMPLETE
5701,-1.2254901960783382,2026-04-07 11:19:19.009168,2026-04-07 11:19:19.969372,0 days 00:00:00.960204,22.599568770281373,19.997832943545212,0.6344187229253204,Au,COMPLETE
5702,0.0,2026-04-07 11:19:19.057480,2026-04-07 11:19:19.864026,0 days 00:00:00.806546,20.02045887387024,19.996305909996373,0.6110023307811382,Au,COMPLETE
5703,-6.790123456789084,2026-04-07 11:19:19.070665,2026-04-07 11:19:19.834049,0 days 00:00:00.763384,22.966100550559766,19.173635944618812,0.6300639828751895,Au,COMPLETE
5704,-1.0,2026-04-07 11:19:19.078566,2026-04-07 11:19:19.864026,0 days 00:00:00.785460,23.17074438765158,19.271742259144077,0.5501708675302819,Au,COMPLETE
5705,-1.0,2026-04-07 11:19:19.118189,2026-04-07 11:19:19.831995,0 days 00:00:00.713806,20.042531234051324,19.232932770596445,0.6225144836846295,Au,COMPLETE
5706,-7.716049382714967,2026-04-07 11:19:19.251868,2026-04-07 11:19:20.127343,0 days 00:00:00.875475,23.062993451409604,19.12128013925624,0.5499331453492503,Au,COMPLETE
5707,0.0,2026-04-07 11:19:19.927348,2026-04-07 11:19:20.641499,0 days 00:00:00.714151,20.00219254570223,19.42134433894624,0.42345751096538364,Au,COMPLETE
5708,-1.0,2026-04-07 11:19:19.978242,2026-04-07 11:19:20.842655,0 days 00:00:00.864413,26.29547608870312,19.633573125755426,0.4218898250692772,Au,COMPLETE
5709,-1.0,2026-04-07 11:19:20.025123,2026-04-07 11:19:20.766250,0 days 00:00:00.741127,23.087561728124236,19.393356787731587,0.4001902348313645,Au,COMPLETE
5710,-1.0,2026-04-07 11:19:20.050989,2026-04-07 11:19:20.905838,0 days 00:00:00.854849,20.047147699685283,19.59447651232593,0.4145716495464157,Au,COMPLETE
5711,-1.0,2026-04-07 11:19:20.093219,2026-04-07 11:19:20.920145,0 days 00:00:00.826926,20.001208978770297,19.41300983008586,0.4355097440586382,Au,COMPLETE
5712,82.71604938271359,2026-04-07 11:19:20.068761,2026-04-07 11:19:20.984917,0 days 00:00:00.916156,26.20409926554936,19.642460535498262,0.5005658356816794,Au,COMPLETE
5713,-1.0,2026-04-07 11:19:20.267512,2026-04-07 11:19:21.043746,0 days 00:00:00.776234,26.169030114278698,19.64246670705668,0.5059883426987476,Au,COMPLETE
5714,-430.87121212114675,2026-04-07 11:19:20.321703,2026-04-07 11:19:20.983912,0 days 00:00:00.662209,21.77528092778675,19.635380807766587,0.4012639935741461,Au,COMPLETE
5715,-1.0,2026-04-07 11:19:20.782625,2026-04-07 11:19:21.558760,0 days 00:00:00.776135,25.474905170352216,19.669672178703188,0.35603402859437616,Au,COMPLETE
5716,-10.964912280700133,2026-04-07 11:19:20.954452,2026-04-07 11:19:21.839602,0 days 00:00:00.885150,23.063882955167358,18.98280513754398,0.3954648801967869,Au,COMPLETE
5717,0.0,2026-04-07 11:19:21.046263,2026-04-07 11:19:21.815518,0 days 00:00:00.769255,23.064267640621587,19.99589072408407,0.372913241412549,Au,COMPLETE
5718,-8.950617283949263,2026-04-07 11:19:21.078842,2026-04-07 11:19:21.933460,0 days 00:00:00.854618,23.369101309669187,18.94903935920577,0.398706227555055,Au,COMPLETE
5719,-1.0,2026-04-07 11:19:21.091705,2026-04-07 11:19:22.032531,0 days 00:00:00.940826,22.86608047202913,19.00920918806982,0.36489424425263617,Au,COMPLETE
5720,-9.95024875621743,2026-04-07 11:19:21.109240,2026-04-07 11:19:21.870846,0 days 00:00:00.761606,23.253769331435652,18.98572248015732,0.37472079732875385,Au,COMPLETE
5721,-1.0,2026-04-07 11:19:21.172223,2026-04-07 11:19:21.935965,0 days 00:00:00.763742,23.114697956093192,19.003922303951477,0.37992805406858754,Au,COMPLETE
5722,-11.19402985074461,2026-04-07 11:19:21.426537,2026-04-07 11:19:22.154363,0 days 00:00:00.727826,23.073561073395766,18.954273254565976,0.3745384455084549,Au,COMPLETE
5723,-1.0,2026-04-07 11:19:21.798778,2026-04-07 11:19:22.832670,0 days 00:00:01.033892,21.895478020459652,19.999282852277545,0.38197739068040365,Au,COMPLETE
5724,-1.0,2026-04-07 11:19:21.981779,2026-04-07 11:19:22.676666,0 days 00:00:00.694887,21.842175994827418,19.67600627317229,0.37021072812788847,Au,COMPLETE
5725,-455.9999999999273,2026-04-07 11:19:22.061808,2026-04-07 11:19:22.935908,0 days 00:00:00.874100,21.724719620070097,19.99538182160817,0.37684233384726723,Au,COMPLETE
5726,-322.43217054259816,2026-04-07 11:19:22.083351,2026-04-07 11:19:23.015749,0 days 00:00:00.932398,21.66666603140903,18.208063352766764,0.3914806847312216,Au,COMPLETE
5727,-1.0,2026-04-07 11:19:22.105697,2026-04-07 11:19:22.827978,0 days 00:00:00.722281,22.048346400644167,18.23976333833005,0.38531357806205746,Au,COMPLETE
5728,-1.0,2026-04-07 11:19:22.169318,2026-04-07 11:19:22.853600,0 days 00:00:00.684282,21.666163682778283,19.6422770426576,0.4060330475368448,Au,COMPLETE
5729,-1.0,2026-04-07 11:19:22.285829,2026-04-07 11:19:22.981386,0 days 00:00:00.695557,20.018561078515155,19.98374415665934,0.39615522923833796,Au,COMPLETE
5730,-444.66145833326385,2026-04-07 11:19:22.345665,2026-04-07 11:19:23.310647,0 days 00:00:00.964982,22.003015809591485,19.669513429221944,0.3946637643452755,Au,COMPLETE
5731,82.72058823529169,2026-04-07 11:19:22.881135,2026-04-07 11:19:23.719472,0 days 00:00:00.838337,25.399123817114038,19.667625935053273,0.36659131969198155,Au,COMPLETE
5732,82.41421568627209,2026-04-07 11:19:23.014747,2026-04-07 11:19:23.758201,0 days 00:00:00.743454,25.49197005040981,19.974017917685572,0.3435242716485639,Au,COMPLETE
5733,-1.0,2026-04-07 11:19:23.081067,2026-04-07 11:19:23.879379,0 days 00:00:00.798312,25.136250690468433,19.67171118290293,0.3601718275182849,Au,COMPLETE
5734,82.72058823529169,2026-04-07 11:19:23.108563,2026-04-07 11:19:23.910604,0 days 00:00:00.802041,25.310216654321675,19.985472041359532,0.3635109292159917,Au,COMPLETE
5735,83.02696078431127,2026-04-07 11:19:23.146685,2026-04-07 11:19:23.927527,0 days 00:00:00.780842,25.258078645383108,19.65751796363305,0.3938746328428287,Au,COMPLETE
5736,-1.0,2026-04-07 11:19:23.221874,2026-04-07 11:19:23.957753,0 days 00:00:00.735879,25.216628166117804,19.965469383081487,0.3677425119826586,Au,COMPLETE
5737,82.41421568627209,2026-04-07 11:19:23.329944,2026-04-07 11:19:24.160707,0 days 00:00:00.830763,25.568637787505022,19.99356997595082,0.35699327437818695,Au,COMPLETE
5738,-1.0,2026-04-07 11:19:23.537740,2026-04-07 11:19:24.249418,0 days 00:00:00.711678,25.037768502490167,19.61577320375833,0.3429110293514008,Au,COMPLETE
5739,-1.0,2026-04-07 11:19:24.010652,2026-04-07 11:19:24.799473,0 days 00:00:00.788821,27.389638851140937,19.395407862674897,0.34443778722461543,Au,COMPLETE
5740,-1.0,2026-04-07 11:19:24.083179,2026-04-07 11:19:24.942907,0 days 00:00:00.859728,20.002881120920943,19.248220355508195,0.37359213731951335,Au,COMPLETE
5741,0.0,2026-04-07 11:19:24.106047,2026-04-07 11:19:25.005458,0 days 00:00:00.899411,28.08664314803802,19.993161435372624,0.36498795570026615,Au,COMPLETE
5742,-1.0,2026-04-07 11:19:24.142666,2026-04-07 11:19:24.851276,0 days 00:00:00.708610,23.626456397998552,19.99903875726978,0.37942186986685394,Au,COMPLETE
5743,-1.0,2026-04-07 11:19:24.164888,2026-04-07 11:19:24.910433,0 days 00:00:00.745545,27.338336341154143,19.335779116250116,0.36133045283294907,Au,COMPLETE
5744,0.0,2026-04-07 11:19:24.210024,2026-04-07 11:19:24.945271,0 days 00:00:00.735247,27.73163127838788,19.980150551930954,0.33372005014822825,Au,COMPLETE
5745,-1.0,2026-04-07 11:19:24.425087,2026-04-07 11:19:25.079834,0 days 00:00:00.654747,27.722956184078214,19.409138972339047,0.36720426485535407,Au,COMPLETE
5746,-1.0,2026-04-07 11:19:24.443735,2026-04-07 11:19:25.147130,0 days 00:00:00.703395,27.59357762677853,19.29891315744965,0.3842863800397637,Au,COMPLETE
5747,-1.0,2026-04-07 11:19:24.979382,2026-04-07 11:19:25.845783,0 days 00:00:00.866401,21.553174030714793,19.993770497856456,0.403289166828972,Au,COMPLETE
5748,0.0,2026-04-07 11:19:25.061031,2026-04-07 11:19:25.844759,0 days 00:00:00.783728,20.03847314919954,19.63122774991668,0.42597805930932786,Au,COMPLETE
5749,-437.820512820445,2026-04-07 11:19:25.119043,2026-04-07 11:19:25.926518,0 days 00:00:00.807475,21.817166063893477,19.68859302590987,0.41511211932056175,Au,COMPLETE
5750,-1.0,2026-04-07 11:19:25.135449,2026-04-07 11:19:25.895051,0 days 00:00:00.759602,22.04603067458015,19.674605720477235,0.33825269293521903,Au,COMPLETE
5751,0.0,2026-04-07 11:19:25.226590,2026-04-07 11:19:26.049641,0 days 00:00:00.823051,20.02042850936366,19.637596623514835,0.3387199305283419,Au,COMPLETE
5752,-1.0,2026-04-07 11:19:25.241808,2026-04-07 11:19:25.928594,0 days 00:00:00.686786,21.719721011907904,19.70472623479634,0.33870568274566404,Au,COMPLETE
5753,-427.31829573928434,2026-04-07 11:19:25.398135,2026-04-07 11:19:26.218633,0 days 00:00:00.820498,21.66464610765267,19.642559815068662,0.4134851556198755,Au,COMPLETE
5754,-1.0,2026-04-07 11:19:25.429358,2026-04-07 11:19:26.150117,0 days 00:00:00.720759,21.716099048024844,19.695194005628366,0.4349508039855494,Au,COMPLETE
5755,83.33333333333088,2026-04-07 11:19:25.900238,2026-04-07 11:19:26.798323,0 days 00:00:00.898085,24.1293331441643,19.99839850949599,0.4012179200684576,Au,COMPLETE
5756,-1.0,2026-04-07 11:19:26.083873,2026-04-07 11:19:26.925955,0 days 00:00:00.842082,24.07273150587514,19.29571108357227,0.35015964632431623,Au,COMPLETE
5757,83.33333333333088,2026-04-07 11:19:26.099369,2026-04-07 11:19:27.007605,0 days 00:00:00.908236,24.225418024041275,19.996016982427584,0.33709355612065445,Au,COMPLETE
5758,-1.0,2026-04-07 11:19:26.115736,2026-04-07 11:19:26.879810,0 days 00:00:00.764074,23.676303645075453,19.99346650662577,0.39928471753935835,Au,COMPLETE
5759,0.0,2026-04-07 11:19:26.149070,2026-04-07 11:19:27.116768,0 days 00:00:00.967698,24.03541215623416,19.33946192883619,0.33014229471324974,Au,COMPLETE
5760,1.3888888888887037,2026-04-07 11:19:26.242371,2026-04-07 11:19:27.037366,0 days 00:00:00.794995,24.066540800891342,19.317803142048923,0.4006498316614926,Au,COMPLETE
5761,-1.0,2026-04-07 11:19:26.351872,2026-04-07 11:19:27.243466,0 days 00:00:00.891594,24.186917584543536,19.333150741635787,0.38264279897264186,Au,COMPLETE
5762,-4.595588235293463,2026-04-07 11:19:26.516809,2026-04-07 11:19:27.274831,0 days 00:00:00.758022,23.38932893521841,19.337660682117644,0.39928320335792694,Au,COMPLETE
5763,-1.0,2026-04-07 11:19:27.025761,2026-04-07 11:19:27.822371,0 days 00:00:00.796610,23.10609794463687,19.3470999451219,0.41559075305251114,Au,COMPLETE
5764,0.0,2026-04-07 11:19:27.086631,2026-04-07 11:19:27.851576,0 days 00:00:00.764945,23.117114840790844,19.992337604852647,0.414269501191563,Au,COMPLETE
5765,-1.0,2026-04-07 11:19:27.140879,2026-04-07 11:19:27.991339,0 days 00:00:00.850460,21.698781235011843,19.06468918071951,0.42044082284057716,Au,COMPLETE
5766,-11.333333333331478,2026-04-07 11:19:27.201729,2026-04-07 11:19:27.990779,0 days 00:00:00.789050,21.820879048370795,19.992221054217985,0.4239906961572703,Au,COMPLETE
5767,-381.19369369364284,2026-04-07 11:19:27.244598,2026-04-07 11:19:28.151048,0 days 00:00:00.906450,21.828851744123053,18.967850799311584,0.4080175656560547,Au,COMPLETE
5768,-1.0,2026-04-07 11:19:27.427432,2026-04-07 11:19:28.353599,0 days 00:00:00.926167,21.87534428908952,19.0879009227875,0.41537423608188034,Au,COMPLETE
5769,-373.06843267103204,2026-04-07 11:19:27.524655,2026-04-07 11:19:28.254837,0 days 00:00:00.730182,21.66768690034732,18.98449267222076,0.42686167237070355,Au,COMPLETE
5770,-1.0,2026-04-07 11:19:27.538991,2026-04-07 11:19:28.459192,0 days 00:00:00.920201,21.8407301616153,19.053698799002092,0.41233721733862105,Au,COMPLETE
5771,-1.0,2026-04-07 11:19:28.106015,2026-04-07 11:19:28.822386,0 days 00:00:00.716371,25.404572587006953,19.995974999881962,0.3663431505497456,Au,COMPLETE
5772,-1.0,2026-04-07 11:19:28.162335,2026-04-07 11:19:28.850120,0 days 00:00:00.687785,26.60038953288151,19.36710903099069,0.34664303997199997,Au,COMPLETE
5773,82.40740740740496,2026-04-07 11:19:28.200673,2026-04-07 11:19:29.129444,0 days 00:00:00.928771,26.524973743394344,19.6462928874678,0.352826546395885,Au,COMPLETE
5774,82.41421568627209,2026-04-07 11:19:28.256849,2026-04-07 11:19:29.221517,0 days 00:00:00.964668,26.087804207421485,19.630872587891968,0.32733682307003376,Au,COMPLETE
5775,82.10784313725247,2026-04-07 11:19:28.404711,2026-04-07 11:19:29.299919,0 days 00:00:00.895208,26.360952145992993,19.647242887453043,0.3507309669358919,Au,COMPLETE
5776,0.0,2026-04-07 11:19:28.462728,2026-04-07 11:19:29.315346,0 days 00:00:00.852618,20.04114449222678,19.612366131007224,0.35301604440547046,Au,COMPLETE
5777,-1.0,2026-04-07 11:19:28.573536,2026-04-07 11:19:29.386737,0 days 00:00:00.813201,26.54007593142307,19.994195624523766,0.33093934625651045,Au,COMPLETE
5778,82.10784313725247,2026-04-07 11:19:28.660951,2026-04-07 11:19:29.299377,0 days 00:00:00.638426,26.50567861475844,19.416838043738867,0.35542118125518274,Au,COMPLETE
5779,-3.345498783454516,2026-04-07 11:19:29.093280,2026-04-07 11:19:30.023492,0 days 00:00:00.930212,23.416429262333246,19.375318876743957,0.4359061711219168,Au,COMPLETE
5780,83.33333333333088,2026-04-07 11:19:29.119924,2026-04-07 11:19:29.832793,0 days 00:00:00.712869,24.61452464714001,19.635724024500817,0.35405222984725615,Au,COMPLETE
5781,2.7777777777774073,2026-04-07 11:19:29.410933,2026-04-07 11:19:30.254268,0 days 00:00:00.843335,23.496289677559847,19.99153985421471,0.4337762764093307,Au,COMPLETE
5782,-1.0,2026-04-07 11:19:29.480706,2026-04-07 11:19:30.253760,0 days 00:00:00.773054,31.01465234617048,19.991978303267825,0.44470058108895943,Au,COMPLETE
5783,-1.0,2026-04-07 11:19:29.504604,2026-04-07 11:19:30.396714,0 days 00:00:00.892110,23.63893685326663,18.424581433616133,0.4194912621317852,Au,COMPLETE
5784,-1.0,2026-04-07 11:19:29.561124,2026-04-07 11:19:30.495894,0 days 00:00:00.934770,20.055306780083395,18.436339451432612,0.4413471506763592,Au,COMPLETE
5785,-1.0,2026-04-07 11:19:29.718374,2026-04-07 11:19:30.500413,0 days 00:00:00.782039,20.040658201922707,18.5280252620102,0.4383491084261468,Au,COMPLETE
5786,-1.0,2026-04-07 11:19:29.836583,2026-04-07 11:19:30.690684,0 days 00:00:00.854101,23.339172546077254,18.386437143452206,0.4354642229148439,Au,COMPLETE
5787,-1.0,2026-04-07 11:19:30.163013,2026-04-07 11:19:31.116481,0 days 00:00:00.953468,21.733468401248395,18.393223431740736,0.3866652947900432,Au,COMPLETE
5788,-1.0,2026-04-07 11:19:30.195637,2026-04-07 11:19:30.919589,0 days 00:00:00.723952,21.785990892344934,18.424136272154996,0.4025169308352205,Au,COMPLETE
5789,-1.0,2026-04-07 11:19:30.447513,2026-04-07 11:19:31.144347,0 days 00:00:00.696834,21.685755099933537,19.328728578009923,0.4389726334428099,Au,COMPLETE
5790,0.0,2026-04-07 11:19:30.504426,2026-04-07 11:19:31.418426,0 days 00:00:00.914000,20.02494923201288,19.34902331558264,0.39101084561737914,Au,COMPLETE
5791,-1.0,2026-04-07 11:19:30.679854,2026-04-07 11:19:31.593910,0 days 00:00:00.914056,21.6260920975588,18.96077657102504,0.4452144562269893,Au,COMPLETE
5792,-1.0,2026-04-07 11:19:30.728687,2026-04-07 11:19:31.458137,0 days 00:00:00.729450,21.689072355088307,19.29484100769596,0.3851188578978087,Au,COMPLETE
5793,-1.0,2026-04-07 11:19:30.811022,2026-04-07 11:19:31.704076,0 days 00:00:00.893054,21.820415250937216,18.907845683495108,0.3845087486782033,Au,COMPLETE
5794,-398.47417840369934,2026-04-07 11:19:30.859783,2026-04-07 11:19:31.820286,0 days 00:00:00.960503,21.6961020148088,19.302371892386038,0.3766530419894804,Au,COMPLETE
5795,-1.0,2026-04-07 11:19:31.176445,2026-04-07 11:19:32.026140,0 days 00:00:00.849695,20.005694010297645,19.300571478627766,0.3837050231210772,Au,COMPLETE
5796,-1.0,2026-04-07 11:19:31.353497,2026-04-07 11:19:32.380857,0 days 00:00:01.027360,24.571165920073103,18.88746673952739,0.721482675921432,Au,COMPLETE
5797,-1.0,2026-04-07 11:19:31.422246,2026-04-07 11:19:32.152452,0 days 00:00:00.730206,20.01653580313757,19.99781342208171,0.7081411182857873,Au,COMPLETE
5798,83.02696078431127,2026-04-07 11:19:31.599624,2026-04-07 11:19:32.438411,0 days 00:00:00.838787,24.503304681375322,19.36041431510553,0.6886554595034144,Au,COMPLETE
5799,-1.0,2026-04-07 11:19:31.773947,2026-04-07 11:19:32.502526,0 days 00:00:00.728579,24.493493384378624,19.65803588188337,0.44356492125800745,Au,COMPLETE
5800,-1.0,2026-04-07 11:19:31.945708,2026-04-07 11:19:32.727923,0 days 00:00:00.782215,24.657534313830254,19.65331461822321,0.7169202010372367,Au,COMPLETE
5801,-1.0,2026-04-07 11:19:32.034622,2026-04-07 11:19:32.796691,0 days 00:00:00.762069,24.822979530105865,19.652345458578807,0.6991408692352262,Au,COMPLETE
5802,83.33333333333088,2026-04-07 11:19:32.073181,2026-04-07 11:19:32.798197,0 days 00:00:00.725016,24.626476133537928,19.64378029638672,0.44079762727563804,Au,COMPLETE
5803,83.02696078431127,2026-04-07 11:19:32.232658,2026-04-07 11:19:33.056046,0 days 00:00:00.823388,24.784300988041334,19.637467866184586,0.4407281553577225,Au,COMPLETE
5804,-1.0,2026-04-07 11:19:32.353578,2026-04-07 11:19:33.126524,0 days 00:00:00.772946,23.55063936748011,19.659958267861803,0.44610849234201744,Au,COMPLETE
5805,-1.0,2026-04-07 11:19:32.642371,2026-04-07 11:19:33.519213,0 days 00:00:00.876842,23.19069080849003,18.855872604640744,0.4480731240674646,Au,COMPLETE
5806,81.17283950617043,2026-04-07 11:19:32.660577,2026-04-07 11:19:33.389315,0 days 00:00:00.728738,28.590926534048677,18.84769198049126,0.4504662847198843,Au,COMPLETE
5807,-1.0,2026-04-07 11:19:32.766942,2026-04-07 11:19:33.506107,0 days 00:00:00.739165,28.474152555759964,18.940730280597993,0.3278686916653277,Au,COMPLETE
5808,-1.0,2026-04-07 11:19:32.964329,2026-04-07 11:19:33.726147,0 days 00:00:00.761818,29.21073239000255,18.889755312549266,0.40901331491271586,Au,COMPLETE
5809,-1.0,2026-04-07 11:19:33.098730,2026-04-07 11:19:33.848845,0 days 00:00:00.750115,28.047641781729805,18.937203365778853,0.39431340138772936,Au,COMPLETE
5810,-1.0,2026-04-07 11:19:33.112802,2026-04-07 11:19:33.849849,0 days 00:00:00.737047,28.761373184631154,18.856902381160104,0.656036954358012,Au,COMPLETE
5811,-7.407407407406321,2026-04-07 11:19:33.273841,2026-04-07 11:19:34.269052,0 days 00:00:00.995211,22.994951155619837,19.051577334057903,0.659010370441592,Au,COMPLETE
5812,-5.514705882352086,2026-04-07 11:19:33.427980,2026-04-07 11:19:34.390614,0 days 00:00:00.962634,22.979897172279415,19.257903692694814,0.655803646714368,Au,COMPLETE
5813,-1.0,2026-04-07 11:19:33.638113,2026-04-07 11:19:34.357658,0 days 00:00:00.719545,23.01820524529926,19.29189313626566,0.38122285314360027,Au,COMPLETE
5814,0.0,2026-04-07 11:19:33.757397,2026-04-07 11:19:34.708262,0 days 00:00:00.950865,20.04488457935665,19.326899006147475,0.38557910418406854,Au,COMPLETE
5815,-1.0,2026-04-07 11:19:33.788084,2026-04-07 11:19:34.793143,0 days 00:00:01.005059,23.11876415328716,19.319675901092918,0.6535937183252878,Au,COMPLETE
5816,-1.0,2026-04-07 11:19:33.977148,2026-04-07 11:19:34.828979,0 days 00:00:00.851831,22.827566560894038,19.362212888570728,0.4620596526075199,Au,COMPLETE
5817,-1.0,2026-04-07 11:19:34.086173,2026-04-07 11:19:34.950480,0 days 00:00:00.864307,23.138534666968667,19.357762310146175,0.46915583014449186,Au,COMPLETE
5818,-1.0,2026-04-07 11:19:34.099861,2026-04-07 11:19:34.874542,0 days 00:00:00.774681,20.019373362428944,19.296566393258836,0.38655191618854823,Au,COMPLETE
5819,-1.0,2026-04-07 11:19:34.494411,2026-04-07 11:19:35.112125,0 days 00:00:00.617714,21.824471469551867,19.67521519573713,0.41148422372044213,Au,COMPLETE
5820,-1.0,2026-04-07 11:19:34.599188,2026-04-07 11:19:35.686441,0 days 00:00:01.087253,25.87350300637898,19.63627362772685,0.46120740784659914,Au,COMPLETE
5821,-1.0,2026-04-07 11:19:34.648589,2026-04-07 11:19:35.538213,0 days 00:00:00.889624,20.0143500514761,19.67460195436439,0.4643201150808775,Au,COMPLETE
5822,-1.0,2026-04-07 11:19:34.977930,2026-04-07 11:19:35.816318,0 days 00:00:00.838388,26.27154619300483,19.724861609885103,0.4585330183319136,Au,COMPLETE
5823,-1.0,2026-04-07 11:19:35.026676,2026-04-07 11:19:35.840812,0 days 00:00:00.814136,26.326940152187674,19.700944714302075,0.33932449670629794,Au,COMPLETE
5824,82.41421568627209,2026-04-07 11:19:35.071644,2026-04-07 11:19:35.843017,0 days 00:00:00.771373,25.849183726886285,19.681779095902264,0.3268900300681854,Au,COMPLETE
5825,0.0,2026-04-07 11:19:35.115654,2026-04-07 11:19:35.921059,0 days 00:00:00.805405,20.008743645324937,19.664712863499947,0.4613899086049459,Au,COMPLETE
5826,-1.0,2026-04-07 11:19:35.160454,2026-04-07 11:19:35.953415,0 days 00:00:00.792961,25.728330455037987,19.639368341231922,0.4558568773674589,Au,COMPLETE
5827,83.02696078431127,2026-04-07 11:19:35.299651,2026-04-07 11:19:36.014732,0 days 00:00:00.715081,25.02506517791832,19.694854859697028,0.46050507518217165,Au,COMPLETE
5828,-1.0,2026-04-07 11:19:35.771473,2026-04-07 11:19:36.641049,0 days 00:00:00.869576,22.017751477452542,19.978322753415718,0.419417078387468,Au,COMPLETE
5829,-384.35374149654615,2026-04-07 11:19:35.892087,2026-04-07 11:19:36.723957,0 days 00:00:00.831870,21.573605644146106,19.023118499397345,0.6176786540033706,Au,COMPLETE
5830,-1.0,2026-04-07 11:19:35.925945,2026-04-07 11:19:36.845802,0 days 00:00:00.919857,21.62035435314788,19.06871868145859,0.41707727205937395,Au,COMPLETE
5831,-1.0,2026-04-07 11:19:36.015845,2026-04-07 11:19:36.725957,0 days 00:00:00.710112,21.666944309260515,19.082337591518996,0.4164359859641302,Au,COMPLETE
5832,-378.63534675610146,2026-04-07 11:19:36.033580,2026-04-07 11:19:37.173241,0 days 00:00:01.139661,21.628929784766996,19.1043115845592,0.41254257908673686,Au,COMPLETE
5833,-1.0,2026-04-07 11:19:36.184774,2026-04-07 11:19:37.084677,0 days 00:00:00.899903,21.863485112094317,19.065784773301445,0.6330322950494953,Au,COMPLETE
5834,-1.0,2026-04-07 11:19:36.192875,2026-04-07 11:19:37.084677,0 days 00:00:00.891802,21.618426876693903,19.06664700093263,0.42467474144105255,Au,COMPLETE
5835,-1.0,2026-04-07 11:19:36.265442,2026-04-07 11:19:37.139097,0 days 00:00:00.873655,21.863282631410815,19.090266191074754,0.6320510828213303,Au,COMPLETE
5836,-1.0,2026-04-07 11:19:36.765443,2026-04-07 11:19:37.701387,0 days 00:00:00.935944,23.468818605207957,18.674630645248186,0.627411510853193,Au,COMPLETE
5837,-1.0,2026-04-07 11:19:37.048058,2026-04-07 11:19:37.907071,0 days 00:00:00.859013,23.864514820218343,18.545163982222505,0.3527190171519436,Au,COMPLETE
5838,-1.0,2026-04-07 11:19:37.108933,2026-04-07 11:19:38.031556,0 days 00:00:00.922623,24.06204404927549,18.53448720011044,0.35490843290775104,Au,COMPLETE
5839,0.0,2026-04-07 11:19:37.219738,2026-04-07 11:19:38.044622,0 days 00:00:00.824884,20.00714229010909,18.060993225566104,0.6938031815252869,Au,COMPLETE
5840,-1.0,2026-04-07 11:19:37.318357,2026-04-07 11:19:38.201448,0 days 00:00:00.883091,24.04294364883579,18.57173872305443,0.3581267906059696,Au,COMPLETE
5841,4.166666666666111,2026-04-07 11:19:37.343915,2026-04-07 11:19:38.044622,0 days 00:00:00.700707,23.75231325391523,19.984094190910962,0.3355563627834745,Au,COMPLETE
5842,-1.0,2026-04-07 11:19:37.357761,2026-04-07 11:19:38.090356,0 days 00:00:00.732595,23.83691881077576,18.641149438534363,0.3632322868738602,Au,COMPLETE
5843,-1.0,2026-04-07 11:19:37.563634,2026-04-07 11:19:38.375430,0 days 00:00:00.811796,20.01087136797281,19.669748544957816,0.35713971273814543,Au,COMPLETE
5844,0.0,2026-04-07 11:19:37.937164,2026-04-07 11:19:38.729348,0 days 00:00:00.792184,26.640872760854098,19.986467639127756,0.4817688471946193,Au,COMPLETE
5845,0.0,2026-04-07 11:19:38.112754,2026-04-07 11:19:39.062868,0 days 00:00:00.950114,31.54259383065374,19.644810604319982,0.49267392178225283,Au,COMPLETE
5846,-1.0,2026-04-07 11:19:38.223656,2026-04-07 11:19:39.104700,0 days 00:00:00.881044,20.03399911010343,19.989480304409522,0.48154400348238624,Au,COMPLETE
5847,-1.0,2026-04-07 11:19:38.205968,2026-04-07 11:19:39.087436,0 days 00:00:00.881468,27.088469559255444,19.399591349368503,0.49419496766841925,Au,COMPLETE
5848,0.0,2026-04-07 11:19:38.249026,2026-04-07 11:19:39.215922,0 days 00:00:00.966896,26.973626955395236,19.971442470122224,0.46527982323341666,Au,COMPLETE
5849,-1.0,2026-04-07 11:19:38.390691,2026-04-07 11:19:39.065122,0 days 00:00:00.674431,26.720657642760727,19.40402723101315,0.47944843179516516,Au,COMPLETE
5850,-4.595588235293463,2026-04-07 11:19:38.555329,2026-04-07 11:19:39.377474,0 days 00:00:00.822145,23.046456148397084,19.347018289473112,0.5997326228833378,Au,COMPLETE
5851,-1.0,2026-04-07 11:19:38.598932,2026-04-07 11:19:39.377474,0 days 00:00:00.778542,23.40084350320563,19.989209846533775,0.4894423769392549,Au,COMPLETE
5852,0.0,2026-04-07 11:19:38.994951,2026-04-07 11:19:39.662231,0 days 00:00:00.667280,20.025979940319388,19.411959719324418,0.4749720974060024,Au,COMPLETE
5853,-1.0,2026-04-07 11:19:39.268077,2026-04-07 11:19:40.051062,0 days 00:00:00.782985,24.872342862832014,19.365882606112642,0.6135692546799297,Au,COMPLETE
5854,-1.0,2026-04-07 11:19:39.235059,2026-04-07 11:19:40.185081,0 days 00:00:00.950022,24.915745291801073,19.37349768263524,0.4276080526493814,Au,COMPLETE
5855,0.0,2026-04-07 11:19:39.319945,2026-04-07 11:19:40.183566,0 days 00:00:00.863621,20.001090679745957,19.34720068239723,0.6207269769946591,Au,COMPLETE
5856,-1.0,2026-04-07 11:19:39.345903,2026-04-07 11:19:40.097522,0 days 00:00:00.751619,25.076622989459995,19.34580972658196,0.6141507825669583,Au,COMPLETE
5857,83.02696078431127,2026-04-07 11:19:39.496137,2026-04-07 11:19:40.155875,0 days 00:00:00.659738,24.93834776948866,19.36008660007304,0.6702090953652008,Au,COMPLETE
5858,82.72058823529169,2026-04-07 11:19:39.592900,2026-04-07 11:19:40.247611,0 days 00:00:00.654711,24.748794994450364,19.990734032836173,0.660096230637255,Au,COMPLETE
5859,-1.0,2026-04-07 11:19:39.705825,2026-04-07 11:19:40.450107,0 days 00:00:00.744282,24.953654818459587,19.38350091005237,0.6609450102449916,Au,COMPLETE
5860,-1.0,2026-04-07 11:19:39.947398,2026-04-07 11:19:40.642379,0 days 00:00:00.694981,20.027548642154564,19.659581323450237,0.6701678324288055,Au,COMPLETE
5861,-441.2144702841686,2026-04-07 11:19:40.171868,2026-04-07 11:19:40.987703,0 days 00:00:00.815835,21.792805949425983,19.627184272119035,0.5677074309957628,Au,COMPLETE
5862,-10.999999999998222,2026-04-07 11:19:40.309659,2026-04-07 11:19:41.143484,0 days 00:00:00.833825,21.931291692649467,19.99509493340696,0.39571885156040587,Au,COMPLETE
5863,-9.333333333331824,2026-04-07 11:19:40.351663,2026-04-07 11:19:41.094061,0 days 00:00:00.742398,21.851216106319878,19.98832861349394,0.5665601144481731,Au,COMPLETE
5864,-1.0,2026-04-07 11:19:40.391361,2026-04-07 11:19:41.245053,0 days 00:00:00.853692,20.004945041142072,19.651487475055188,0.570723364677791,Au,COMPLETE
5865,-1.0,2026-04-07 11:19:40.442042,2026-04-07 11:19:41.188951,0 days 00:00:00.746909,21.84205438579775,19.999440312142827,0.5672136094513208,Au,COMPLETE
5866,-1.0,2026-04-07 11:19:40.488255,2026-04-07 11:19:41.310675,0 days 00:00:00.822420,22.49978071208269,18.874197572117506,0.4013154512859346,Au,COMPLETE
5867,-1.0,2026-04-07 11:19:40.606475,2026-04-07 11:19:41.591096,0 days 00:00:00.984621,22.622849232588347,19.982375897463154,0.570685462547682,Au,COMPLETE
5868,-1.0,2026-04-07 11:19:40.856080,2026-04-07 11:19:41.628700,0 days 00:00:00.772620,21.926122435501796,19.663117026501528,0.5774207202310683,Au,COMPLETE
5869,-1.0,2026-04-07 11:19:41.218035,2026-04-07 11:19:41.954459,0 days 00:00:00.736424,22.95673133323916,18.840082903338633,0.6240183627095041,Au,COMPLETE
5870,-10.72303921568472,2026-04-07 11:19:41.390499,2026-04-07 11:19:42.120389,0 days 00:00:00.729890,22.924303512242325,18.778428249273937,0.6299612995469898,Au,COMPLETE
5871,-5.09592326139013,2026-04-07 11:19:41.446645,2026-04-07 11:19:42.177596,0 days 00:00:00.730951,23.223863646133776,19.050894243796755,0.7031045022923847,Au,COMPLETE
5872,-1.0,2026-04-07 11:19:41.489496,2026-04-07 11:19:42.291125,0 days 00:00:00.801629,23.28965928646507,19.999371902403478,0.6215403489137244,Au,COMPLETE
5873,-1.0,2026-04-07 11:19:41.554865,2026-04-07 11:19:42.445536,0 days 00:00:00.890671,23.202752978135074,19.998614853406462,0.6987028031531867,Au,COMPLETE
5874,-7.716049382714967,2026-04-07 11:19:41.670518,2026-04-07 11:19:42.401467,0 days 00:00:00.730949,22.95169586086415,19.105653498800095,0.6183132518718177,Au,COMPLETE
5875,0.0,2026-04-07 11:19:41.868919,2026-04-07 11:19:42.779698,0 days 00:00:00.910779,20.019400947022564,19.035745544982113,0.6152222688453655,Au,COMPLETE
5876,-1.0,2026-04-07 11:19:41.924734,2026-04-07 11:19:42.780721,0 days 00:00:00.855987,27.1705196670302,19.67376540898098,0.6098470262209088,Au,COMPLETE
5877,0.0,2026-04-07 11:19:42.185376,2026-04-07 11:19:43.044737,0 days 00:00:00.859361,27.489203937406124,19.99660248990965,0.6017787847689945,Au,COMPLETE
5878,0.0,2026-04-07 11:19:42.342860,2026-04-07 11:19:43.169987,0 days 00:00:00.827127,27.532451268117114,19.625711758288205,0.6509052726999701,Au,COMPLETE
5879,-1.0,2026-04-07 11:19:42.310582,2026-04-07 11:19:43.168988,0 days 00:00:00.858406,27.01833779367901,18.153457469711398,0.5891058412483069,Au,COMPLETE
5880,0.0,2026-04-07 11:19:42.534603,2026-04-07 11:19:43.263150,0 days 00:00:00.728547,27.684880024121576,19.629909262447427,0.6120331363177769,Au,COMPLETE
5881,-1.0,2026-04-07 11:19:42.646409,2026-04-07 11:19:43.398662,0 days 00:00:00.752253,27.49459115852663,19.626842575676346,0.6554364425310414,Au,COMPLETE
5882,-1.0,2026-04-07 11:19:42.674542,2026-04-07 11:19:43.509646,0 days 00:00:00.835104,27.728945680138164,19.379099984271257,0.6606857934003948,Au,COMPLETE
5883,0.0,2026-04-07 11:19:42.957528,2026-04-07 11:19:43.871846,0 days 00:00:00.914318,20.006306717804055,19.398250697155575,0.6564003976079862,Au,COMPLETE
5884,82.72058823529169,2026-04-07 11:19:43.001616,2026-04-07 11:19:44.090979,0 days 00:00:01.089363,25.25771403821984,19.407158449969568,0.6686763359813848,Au,COMPLETE
5885,-1.0,2026-04-07 11:19:43.217565,2026-04-07 11:19:43.971523,0 days 00:00:00.753958,30.45880689125909,19.382657128449097,0.6620274412821789,Au,COMPLETE
5886,3.9062499999995115,2026-04-07 11:19:43.362143,2026-04-07 11:19:44.182930,0 days 00:00:00.820787,25.08963676297473,18.756136134223294,0.5613998185174544,Au,COMPLETE
5887,-1.0,2026-04-07 11:19:43.459996,2026-04-07 11:19:44.323500,0 days 00:00:00.863504,24.331236948124563,19.998224871767814,0.5785316918494542,Au,COMPLETE
5888,-1.0,2026-04-07 11:19:43.479409,2026-04-07 11:19:44.184437,0 days 00:00:00.705028,24.912723323978554,18.706332766198038,0.5616050239580407,Au,COMPLETE
5889,-1.0,2026-04-07 11:19:43.610584,2026-04-07 11:19:44.386808,0 days 00:00:00.776224,25.229353879488116,18.82260214174103,0.5661619786062863,Au,COMPLETE
5890,3.9062499999995115,2026-04-07 11:19:43.676750,2026-04-07 11:19:44.484531,0 days 00:00:00.807781,25.1239758009349,18.74072926160995,0.5768060889551294,Au,COMPLETE
5891,-1.0,2026-04-07 11:19:44.109504,2026-04-07 11:19:44.910167,0 days 00:00:00.800663,21.73684054270373,19.150812605079434,0.5784735540221462,Au,COMPLETE
5892,-1.0,2026-04-07 11:19:44.248070,2026-04-07 11:19:45.070086,0 days 00:00:00.822016,21.877538168999237,19.224891540646368,0.5979482490015828,Au,COMPLETE
5893,-395.9790209789654,2026-04-07 11:19:44.305327,2026-04-07 11:19:45.200252,0 days 00:00:00.894925,21.684586885784537,19.11389437180314,0.5984222633482574,Au,COMPLETE
5894,-12.531328320800128,2026-04-07 11:19:44.336032,2026-04-07 11:19:45.235636,0 days 00:00:00.899604,22.165936091835988,19.200851671888813,0.5954225624381563,Au,COMPLETE
5895,-12.437810945271789,2026-04-07 11:19:44.496717,2026-04-07 11:19:45.332472,0 days 00:00:00.835755,22.002547797990864,19.18554076426549,0.7174106373777474,Au,COMPLETE
5896,-401.59574468079353,2026-04-07 11:19:44.580640,2026-04-07 11:19:45.439144,0 days 00:00:00.858504,21.56522850530757,19.230361149847713,0.5936359884361097,Au,COMPLETE
5897,-411.23188405791177,2026-04-07 11:19:44.641006,2026-04-07 11:19:45.437146,0 days 00:00:00.796140,21.735265180572885,19.156886473447035,0.7240986596028501,Au,COMPLETE
5898,-1.0,2026-04-07 11:19:44.694132,2026-04-07 11:19:45.480684,0 days 00:00:00.786552,21.83728534758521,19.096084518585076,0.546497654215482,Au,COMPLETE
5899,-1.0,2026-04-07 11:19:45.134582,2026-04-07 11:19:45.794868,0 days 00:00:00.660286,23.139127642569388,19.997021400419186,0.7197860770764981,Au,COMPLETE
5900,-1.0,2026-04-07 11:19:45.261098,2026-04-07 11:19:45.979841,0 days 00:00:00.718743,23.271811868742077,19.661633361924526,0.5443324626423471,Au,COMPLETE
5901,-1.0,2026-04-07 11:19:45.372062,2026-04-07 11:19:46.243781,0 days 00:00:00.871719,23.154066079482412,19.664632020600813,0.4306155019301361,Au,COMPLETE
5902,0.0,2026-04-07 11:19:45.441654,2026-04-07 11:19:46.319594,0 days 00:00:00.877940,20.034400817792758,19.60973426004657,0.3273359252500378,Au,COMPLETE
5903,2.7777777777774073,2026-04-07 11:19:45.566936,2026-04-07 11:19:46.729711,0 days 00:00:01.162775,23.602985876451843,19.998717138182215,0.32660692483128106,Au,COMPLETE
5904,-1.0,2026-04-07 11:19:45.674158,2026-04-07 11:19:46.482536,0 days 00:00:00.808378,23.226740296156766,19.610221589771633,0.3219213368744439,Au,COMPLETE
5905,0.0,2026-04-07 11:19:45.730595,2026-04-07 11:19:46.417172,0 days 00:00:00.686577,20.026777061856546,19.632174686700672,0.38477008032380267,Au,COMPLETE
5906,-1.0,2026-04-07 11:19:45.744313,2026-04-07 11:19:46.773560,0 days 00:00:01.029247,23.41749902454226,19.658452017207217,0.38539381817298546,Au,COMPLETE
5907,-14.172335600905054,2026-04-07 11:19:46.029303,2026-04-07 11:19:46.715189,0 days 00:00:00.685886,23.559053106252932,17.980261579635506,0.3971281972599774,Au,COMPLETE
5908,-1.0,2026-04-07 11:19:46.221661,2026-04-07 11:19:46.918043,0 days 00:00:00.696382,24.382768679682698,17.95157182980407,0.40573346130596327,Au,COMPLETE
5909,1.3020833333331705,2026-04-07 11:19:46.510951,2026-04-07 11:19:47.278644,0 days 00:00:00.767693,25.039127886415447,18.6030679093152,0.5225321980767901,Au,COMPLETE
5910,-1.0,2026-04-07 11:19:46.625888,2026-04-07 11:19:47.484892,0 days 00:00:00.859004,25.48137544460034,18.38152840367906,0.5350722453103142,Au,COMPLETE
5911,-1.0,2026-04-07 11:19:46.742588,2026-04-07 11:19:47.640343,0 days 00:00:00.897755,20.000293644766156,18.37278379815074,0.5386207159901686,Au,COMPLETE
5912,5.050505050504438,2026-04-07 11:19:46.808435,2026-04-07 11:19:47.561901,0 days 00:00:00.753466,25.95743056409985,18.425401168447035,0.537627438493545,Au,COMPLETE
5913,-1.0,2026-04-07 11:19:46.924573,2026-04-07 11:19:47.688178,0 days 00:00:00.763605,25.735952107207787,18.38874594909676,0.5384324113211206,Au,COMPLETE
5914,-1.0,2026-04-07 11:19:47.066825,2026-04-07 11:19:48.026747,0 days 00:00:00.959922,25.42367662044437,19.996116606979037,0.5312525822744075,Au,COMPLETE
5915,-1.0,2026-04-07 11:19:47.128162,2026-04-07 11:19:47.927061,0 days 00:00:00.798899,20.01512608866629,19.998078893255787,0.6370065645950794,Au,COMPLETE
5916,0.0,2026-04-07 11:19:47.244205,2026-04-07 11:19:48.100154,0 days 00:00:00.855949,29.830775848827724,19.990988398715,0.638912095503882,Au,COMPLETE
5917,0.0,2026-04-07 11:19:47.518011,2026-04-07 11:19:48.320191,0 days 00:00:00.802180,30.123032733263514,19.413437399115217,0.6372329966690575,Au,COMPLETE
5918,-10.999999999998222,2026-04-07 11:19:47.738681,2026-04-07 11:19:48.685852,0 days 00:00:00.947171,21.794847337581942,19.993291795340692,0.4911053152879105,Au,COMPLETE
5919,-1.0,2026-04-07 11:19:47.848641,2026-04-07 11:19:48.487549,0 days 00:00:00.638908,21.89618861262549,19.992706643719373,0.6377936135927035,Au,COMPLETE
5920,0.0,2026-04-07 11:19:47.864783,2026-04-07 11:19:48.768401,0 days 00:00:00.903618,20.02381984338898,19.366108020516094,0.43210875268755244,Au,COMPLETE
5921,-1.0,2026-04-07 11:19:47.896134,2026-04-07 11:19:48.808991,0 days 00:00:00.912857,21.69097529683597,19.41851652811644,0.44970030525882126,Au,COMPLETE
5922,-417.27941176464446,2026-04-07 11:19:48.282535,2026-04-07 11:19:48.922030,0 days 00:00:00.639495,21.78928508682367,19.387996468965117,0.4484210825732448,Au,COMPLETE
5923,-1.0,2026-04-07 11:19:48.318176,2026-04-07 11:19:49.156835,0 days 00:00:00.838659,21.969911150661495,19.387058665094393,0.48526202774775984,Au,COMPLETE
5924,-1.0,2026-04-07 11:19:48.418559,2026-04-07 11:19:49.147871,0 days 00:00:00.729312,21.6970678457186,18.84912137654264,0.4428323613253264,Au,COMPLETE
5925,-1.0,2026-04-07 11:19:48.615292,2026-04-07 11:19:49.345361,0 days 00:00:00.730069,23.412878640560606,18.960493600373574,0.4450866436501613,Au,COMPLETE
5926,-1.0,2026-04-07 11:19:48.738844,2026-04-07 11:19:49.606848,0 days 00:00:00.868004,23.82397860612588,18.856729114171408,0.6959599809169287,Au,COMPLETE
5927,-1.0,2026-04-07 11:19:48.932774,2026-04-07 11:19:49.707622,0 days 00:00:00.774848,23.404616838969545,18.93712838258486,0.6850928820536717,Au,COMPLETE
5928,-4.496402877697213,2026-04-07 11:19:48.968033,2026-04-07 11:19:49.833728,0 days 00:00:00.865695,23.627930189503015,18.904932435467433,0.5760687677401537,Au,COMPLETE
5929,-1.0,2026-04-07 11:19:49.029966,2026-04-07 11:19:49.832711,0 days 00:00:00.802745,23.768572050793104,18.912329591467753,0.4918248235503236,Au,COMPLETE
5930,83.33333333333088,2026-04-07 11:19:49.264583,2026-04-07 11:19:50.067568,0 days 00:00:00.802985,23.947428794235485,19.659233554256026,0.5926587188332779,Au,COMPLETE
5931,-1.0,2026-04-07 11:19:49.402266,2026-04-07 11:19:50.205827,0 days 00:00:00.803561,23.753635119187088,19.60218321023879,0.5861418813914329,Au,COMPLETE
5932,-1.0,2026-04-07 11:19:49.460958,2026-04-07 11:19:50.113461,0 days 00:00:00.652503,24.052724716783427,19.6037780783873,0.6955216199167132,Au,COMPLETE
5933,-1.0,2026-04-07 11:19:49.537939,2026-04-07 11:19:50.407251,0 days 00:00:00.869312,26.273220404054108,19.621036257609514,0.5850883038044914,Au,COMPLETE
5934,82.10784313725247,2026-04-07 11:19:49.953511,2026-04-07 11:19:50.778368,0 days 00:00:00.824857,26.159476872136544,19.644337696631098,0.3737857479064016,Au,COMPLETE
5935,82.40740740740496,2026-04-07 11:19:50.043147,2026-04-07 11:19:51.031699,0 days 00:00:00.988552,26.58042246865861,19.642351626040288,0.37318718112488336,Au,COMPLETE
5936,-1.0,2026-04-07 11:19:50.146150,2026-04-07 11:19:50.862044,0 days 00:00:00.715894,26.771020598163194,19.643295029979853,0.3833695300351567,Au,COMPLETE
5937,-1.0,2026-04-07 11:19:50.203277,2026-04-07 11:19:50.931582,0 days 00:00:00.728305,26.681777717830208,19.636700039656695,0.3895548776977939,Au,COMPLETE
5938,-395.68764568759013,2026-04-07 11:19:50.306809,2026-04-07 11:19:51.096271,0 days 00:00:00.789462,21.616966067460403,19.351614799745303,0.36882955395532635,Au,COMPLETE
5939,-1.0,2026-04-07 11:19:50.442391,2026-04-07 11:19:51.235627,0 days 00:00:00.793236,21.545242346576135,19.32894455849373,0.5107899900301273,Au,COMPLETE
5940,-1.0,2026-04-07 11:19:50.456473,2026-04-07 11:19:51.320809,0 days 00:00:00.864336,20.064541175587873,19.34705717372262,0.3828418338469666,Au,COMPLETE
5941,-407.6738609112121,2026-04-07 11:19:50.706738,2026-04-07 11:19:51.391393,0 days 00:00:00.684655,21.660928290441493,19.313639138883005,0.5116094739155131,Au,COMPLETE
5942,-1.0,2026-04-07 11:19:50.976688,2026-04-07 11:19:51.735297,0 days 00:00:00.758609,21.77241337254576,19.128119320850075,0.4910221199652736,Au,COMPLETE
5943,-452.38095238088005,2026-04-07 11:19:51.099604,2026-04-07 11:19:51.792689,0 days 00:00:00.693085,21.567835740491734,19.99980623784055,0.5522984104492054,Au,COMPLETE
5944,-407.9736211030594,2026-04-07 11:19:51.164151,2026-04-07 11:19:51.877625,0 days 00:00:00.713474,21.870824840930247,19.1606494502719,0.5513096602025604,Au,COMPLETE
5945,-392.6504629629084,2026-04-07 11:19:51.232115,2026-04-07 11:19:52.204704,0 days 00:00:00.972589,21.802491297542186,18.99451100494405,0.5598655245209441,Au,COMPLETE
5946,-1.0,2026-04-07 11:19:51.366630,2026-04-07 11:19:52.258501,0 days 00:00:00.891871,20.083362498613244,19.1035535861732,0.56115316332297,Au,COMPLETE
5947,-395.9790209789654,2026-04-07 11:19:51.481193,2026-04-07 11:19:52.297286,0 days 00:00:00.816093,21.812313845568124,19.065663113963684,0.5554130523547974,Au,COMPLETE
5948,-452.0502645501923,2026-04-07 11:19:51.520729,2026-04-07 11:19:52.330327,0 days 00:00:00.809598,21.454043516630954,19.997846858868133,0.5546894687571066,Au,COMPLETE
5949,82.72058823529169,2026-04-07 11:19:51.645070,2026-04-07 11:19:52.424449,0 days 00:00:00.779379,24.823875807836473,19.994768867284648,0.5510456787699374,Au,COMPLETE
5950,-1.0,2026-04-07 11:19:51.910245,2026-04-07 11:19:52.665954,0 days 00:00:00.755709,20.059628882430566,19.974679229805197,0.6197985042788889,Au,COMPLETE
5951,-1.0,2026-04-07 11:19:52.013442,2026-04-07 11:19:52.842639,0 days 00:00:00.829197,24.651327243226675,19.977043508479504,0.6246433735539516,Au,COMPLETE
5952,-1.0,2026-04-07 11:19:52.105852,2026-04-07 11:19:52.753554,0 days 00:00:00.647702,25.005055058908685,19.729640995395233,0.619254684279662,Au,COMPLETE
5953,4.166666666666111,2026-04-07 11:19:52.471910,2026-04-07 11:19:53.482785,0 days 00:00:01.010875,23.65207565988384,19.67047196299342,0.6154438783752908,Au,COMPLETE
5954,-1.0,2026-04-07 11:19:52.504273,2026-04-07 11:19:53.361277,0 days 00:00:00.857004,23.516946681863253,19.76270088884462,0.6224491428321023,Au,COMPLETE
5955,-1.0,2026-04-07 11:19:52.593070,2026-04-07 11:19:53.483291,0 days 00:00:00.890221,23.576680326354964,19.982603633631463,0.6272524565463595,Au,COMPLETE
5956,-1.0,2026-04-07 11:19:52.611233,2026-04-07 11:19:53.411841,0 days 00:00:00.800608,20.090453361289924,19.695606300747368,0.6319995777500307,Au,COMPLETE
5957,-1.0,2026-04-07 11:19:52.688569,2026-04-07 11:19:53.549969,0 days 00:00:00.861400,23.72137884834839,19.995687362156136,0.6313511093704869,Au,COMPLETE
5958,0.0,2026-04-07 11:19:52.967140,2026-04-07 11:19:53.795659,0 days 00:00:00.828519,20.001679580079294,19.989404020264804,0.637125912445765,Au,COMPLETE
5959,0.0,2026-04-07 11:19:53.044916,2026-04-07 11:19:53.669741,0 days 00:00:00.624825,20.11165816684905,19.71681187413481,0.6483828942599589,Au,COMPLETE
5960,-1.0,2026-04-07 11:19:53.120347,2026-04-07 11:19:53.903495,0 days 00:00:00.783148,23.665770070547715,19.70872706143931,0.6529864772385667,Au,COMPLETE
5961,-10.912698412696644,2026-04-07 11:19:53.450569,2026-04-07 11:19:54.515649,0 days 00:00:01.065080,21.656368205794003,19.97040415071976,0.6040191893730997,Au,COMPLETE
5962,0.0,2026-04-07 11:19:53.616311,2026-04-07 11:19:54.513633,0 days 00:00:00.897322,20.04666122370343,19.696646738217563,0.5943774420925501,Au,COMPLETE
5963,0.0,2026-04-07 11:19:53.703070,2026-04-07 11:19:54.512162,0 days 00:00:00.809092,20.04859905714503,19.999934883691715,0.5892325662004181,Au,COMPLETE
5964,-1.0,2026-04-07 11:19:53.674343,2026-04-07 11:19:54.651356,0 days 00:00:00.977013,28.752841311380276,19.983663954666113,0.5923688918364847,Au,COMPLETE
5965,-1.0,2026-04-07 11:19:53.844739,2026-04-07 11:19:54.497413,0 days 00:00:00.652674,20.068123110348463,19.993277971269,0.5946058407292635,Au,COMPLETE
5966,-1.0,2026-04-07 11:19:53.876258,2026-04-07 11:19:54.529313,0 days 00:00:00.653055,22.015295858656977,19.650528295390885,0.5981209785863137,Au,COMPLETE
5967,-9.666666666665174,2026-04-07 11:19:54.106157,2026-04-07 11:19:54.795378,0 days 00:00:00.689221,21.782208574867532,19.979727365262196,0.5933722896942788,Au,COMPLETE
5968,-7.16145833333226,2026-04-07 11:19:54.160367,2026-04-07 11:19:54.922634,0 days 00:00:00.762267,22.06333910368033,19.9976328412987,0.5854181471997075,Au,COMPLETE
5969,-1.0,2026-04-07 11:19:54.606427,2026-04-07 11:19:55.404171,0 days 00:00:00.797744,25.74217971767642,19.638846202351846,0.676568817601009,Au,COMPLETE
5970,82.72058823529169,2026-04-07 11:19:54.720302,2026-04-07 11:19:55.570911,0 days 00:00:00.850609,25.172210137446566,19.598325511643125,0.6752716969142084,Au,COMPLETE
5971,82.41421568627209,2026-04-07 11:19:54.746418,2026-04-07 11:19:55.647218,0 days 00:00:00.900800,25.531035901279687,19.539865664327785,0.6704225126103419,Au,COMPLETE
5972,82.71604938271359,2026-04-07 11:19:54.763697,2026-04-07 11:19:55.632726,0 days 00:00:00.869029,25.922314655756495,19.65059332690184,0.6507966302016962,Au,COMPLETE
5973,-1.0,2026-04-07 11:19:54.798813,2026-04-07 11:19:55.696755,0 days 00:00:00.897942,25.62502122724373,19.627367904820897,0.5682993917648858,Au,COMPLETE
5974,-1.0,2026-04-07 11:19:54.863807,2026-04-07 11:19:55.632206,0 days 00:00:00.768399,25.754987499463393,19.984888184999114,0.6650676741021272,Au,COMPLETE
5975,-1.0,2026-04-07 11:19:55.109710,2026-04-07 11:19:55.884898,0 days 00:00:00.775188,25.695912690086196,19.665050142913202,0.6838496863905363,Au,COMPLETE
5976,0.0,2026-04-07 11:19:55.196821,2026-04-07 11:19:56.046123,0 days 00:00:00.849302,32.55313778579569,19.54060190858388,0.674058021642287,Au,COMPLETE
5977,-1.0,2026-04-07 11:19:55.604222,2026-04-07 11:19:56.542618,0 days 00:00:00.938396,28.400089797462993,19.376079813000764,0.5723070071943859,Au,COMPLETE
5978,-1.0,2026-04-07 11:19:55.771102,2026-04-07 11:19:56.650839,0 days 00:00:00.879737,28.799287816003133,19.35104938641055,0.5918950465407004,Au,COMPLETE
5979,2.873563218390408,2026-04-07 11:19:55.811794,2026-04-07 11:19:56.845475,0 days 00:00:01.033681,22.93603936830995,19.99447213818749,0.7468201839159889,Au,COMPLETE
5980,-1.0,2026-04-07 11:19:55.837252,2026-04-07 11:19:56.865227,0 days 00:00:01.027975,23.253902530860895,19.36306144766088,0.5636127701758212,Au,COMPLETE
5981,0.0,2026-04-07 11:19:55.855830,2026-04-07 11:19:56.711986,0 days 00:00:00.856156,28.64541733634477,19.347459254993204,0.5651488235909006,Au,COMPLETE
5982,-1.0,2026-04-07 11:19:55.997831,2026-04-07 11:19:56.760870,0 days 00:00:00.763039,23.056406269264706,19.3446386619484,0.5731922474497224,Au,COMPLETE
5983,-1.0,2026-04-07 11:19:56.131393,2026-04-07 11:19:56.940959,0 days 00:00:00.809566,20.00086244650398,19.99201357772419,0.5645223267135385,Au,COMPLETE
5984,0.0,2026-04-07 11:19:56.299502,2026-04-07 11:19:57.006587,0 days 00:00:00.707085,28.468077098970205,19.33832614081032,0.5676421909927989,Au,COMPLETE
5985,-1.0,2026-04-07 11:19:56.765373,2026-04-07 11:19:57.537206,0 days 00:00:00.771833,21.796184488430992,19.654673948695056,0.6134070223707478,Au,COMPLETE
5986,-1.0,2026-04-07 11:19:56.863720,2026-04-07 11:19:57.696624,0 days 00:00:00.832904,22.93391437483171,19.667891742481952,0.6156945577914396,Au,COMPLETE
5987,-1.0,2026-04-07 11:19:56.978663,2026-04-07 11:19:57.752223,0 days 00:00:00.773560,23.112867116562793,19.9906315695361,0.6266032956890661,Au,COMPLETE
5988,-1.0,2026-04-07 11:19:56.996135,2026-04-07 11:19:57.927261,0 days 00:00:00.931126,23.22247561472612,19.662746754235393,0.6248565007609796,Au,COMPLETE
5989,-1.0,2026-04-07 11:19:57.045376,2026-04-07 11:19:57.894275,0 days 00:00:00.848899,21.748932517700545,19.696136150441728,0.6173426111597915,Au,COMPLETE
5990,-1.0,2026-04-07 11:19:57.110587,2026-04-07 11:19:57.854252,0 days 00:00:00.743665,23.11541175337062,19.63532600233119,0.6149465862883605,Au,COMPLETE
5991,-1.1990407673859178,2026-04-07 11:19:57.202325,2026-04-07 11:19:57.896287,0 days 00:00:00.693962,23.09812824658956,19.62358985577985,0.6113452108496451,Au,COMPLETE
5992,0.0,2026-04-07 11:19:57.253172,2026-04-07 11:19:58.016516,0 days 00:00:00.763344,23.20440565984683,19.640890994590027,0.616932182683213,Au,COMPLETE
5993,0.0,2026-04-07 11:19:57.756489,2026-04-07 11:19:58.833353,0 days 00:00:01.076864,20.06741002917894,19.986617403323226,0.5419931620396605,Au,COMPLETE
5994,-1.0,2026-04-07 11:19:57.883271,2026-04-07 11:19:58.677722,0 days 00:00:00.794451,21.66863745739465,19.190582383721466,0.5604897638415561,Au,COMPLETE
5995,-1.0,2026-04-07 11:19:57.943412,2026-04-07 11:19:58.756959,0 days 00:00:00.813547,21.754594090123966,19.19802994288481,0.5378234006489984,Au,COMPLETE
5996,4.0322580645156085,2026-04-07 11:19:58.022393,2026-04-07 11:19:58.848420,0 days 00:00:00.826027,24.601418290902902,19.154437307187756,0.5555609973309762,Au,COMPLETE
5997,0.0,2026-04-07 11:19:58.092611,2026-04-07 11:19:58.983528,0 days 00:00:00.890917,20.062768156274043,19.165841023885715,0.5465872020033098,Au,COMPLETE
5998,-1.0,2026-04-07 11:19:58.126252,2026-04-07 11:19:58.896592,0 days 00:00:00.770340,21.806661068476338,19.242790493723707,0.5465478169070626,Au,COMPLETE
5999,-11.243386243384398,2026-04-07 11:19:58.227880,2026-04-07 11:19:58.984900,0 days 00:00:00.757020,21.644799344799054,19.981029977733265,0.5515443514589724,Au,COMPLETE
6000,-1.0,2026-04-07 11:19:58.408472,2026-04-07 11:19:59.359484,0 days 00:00:00.951012,21.55775764075872,19.17827984131319,0.5479595482112325,Au,COMPLETE
6001,83.02696078431127,2026-04-07 11:19:58.938179,2026-04-07 11:19:59.552329,0 days 00:00:00.614150,24.679905377901164,19.989506753804793,0.5990500943733124,Au,COMPLETE
6002,3.9062499999995115,2026-04-07 11:19:59.022118,2026-04-07 11:19:59.755908,0 days 00:00:00.733790,24.85194333275789,18.77395143416474,0.713774482566328,Au,COMPLETE
6003,-1.0,2026-04-07 11:19:59.061479,2026-04-07 11:19:59.914754,0 days 00:00:00.853275,20.010009410062626,19.354671463534334,0.3237628362781686,Au,COMPLETE
6004,4.0322580645156085,2026-04-07 11:19:59.086372,2026-04-07 11:19:59.989242,0 days 00:00:00.902870,24.70851356595742,18.65443001733853,0.7352318052916637,Au,COMPLETE
6005,-1.0,2026-04-07 11:19:59.110113,2026-04-07 11:19:59.901545,0 days 00:00:00.791432,24.81810295768857,18.67803403310242,0.3159493147257936,Au,COMPLETE
6006,83.33333333333088,2026-04-07 11:19:59.185282,2026-04-07 11:19:59.993438,0 days 00:00:00.808156,24.581819998136755,19.999995234896048,0.32371769655868177,Au,COMPLETE
6007,-1.0,2026-04-07 11:19:59.151832,2026-04-07 11:19:59.924605,0 days 00:00:00.772773,24.529684701674075,19.999807752218185,0.6812415754988109,Au,COMPLETE
6008,0.0,2026-04-07 11:19:59.587507,2026-04-07 11:20:00.279058,0 days 00:00:00.691551,20.042765265804203,19.35496483035587,0.3341768610536249,Au,COMPLETE
6009,-375.2777777777274,2026-04-07 11:19:59.754319,2026-04-07 11:20:00.596873,0 days 00:00:00.842554,20.077448301089703,19.986548197000154,0.6681161935090323,Au,COMPLETE
6010,0.0,2026-04-07 11:20:00.035704,2026-04-07 11:20:00.921045,0 days 00:00:00.885341,27.056565175786893,19.569405468607695,0.6545832814839657,Au,COMPLETE
6011,-1.0,2026-04-07 11:20:00.095916,2026-04-07 11:20:00.898041,0 days 00:00:00.802125,27.036250548481007,19.417050813230233,0.6454939738057643,Au,COMPLETE
6012,-1.0,2026-04-07 11:20:00.113413,2026-04-07 11:20:00.811998,0 days 00:00:00.698585,27.362068593395072,19.404863284593684,0.6437603964177733,Au,COMPLETE
6013,-1.0,2026-04-07 11:20:00.130741,2026-04-07 11:20:00.989383,0 days 00:00:00.858642,20.02767271927394,19.632286209575863,0.6430804188374623,Au,COMPLETE
6014,-1.0,2026-04-07 11:20:00.177294,2026-04-07 11:20:01.079703,0 days 00:00:00.902409,26.704135967235782,19.654070503378332,0.6447979277740589,Au,COMPLETE
6015,-1.0,2026-04-07 11:20:00.207074,2026-04-07 11:20:01.191720,0 days 00:00:00.984646,27.3870662881267,19.626791961564148,0.6651701926286044,Au,COMPLETE
6016,-1.0,2026-04-07 11:20:00.463318,2026-04-07 11:20:01.218523,0 days 00:00:00.755205,26.90717766934056,19.991633468308862,0.6497165925654733,Au,COMPLETE
6017,2.873563218390408,2026-04-07 11:20:00.844809,2026-04-07 11:20:01.573554,0 days 00:00:00.728745,23.14922430165132,19.995296881211406,0.5859162740636606,Au,COMPLETE
6018,-1.2254901960783382,2026-04-07 11:20:00.992382,2026-04-07 11:20:01.795317,0 days 00:00:00.802935,22.688081759989487,19.98777802015613,0.5911265988222764,Au,COMPLETE
6019,-1.0,2026-04-07 11:20:01.115951,2026-04-07 11:20:02.177410,0 days 00:00:01.061459,23.05524335921025,18.971823112697553,0.5184994042521958,Au,COMPLETE
6020,-1.0,2026-04-07 11:20:01.083614,2026-04-07 11:20:02.149441,0 days 00:00:01.065827,23.167985576907434,18.939826835143382,0.516441083556897,Au,COMPLETE
6021,-7.407407407406321,2026-04-07 11:20:01.222861,2026-04-07 11:20:02.083026,0 days 00:00:00.860165,23.06998233094666,19.06643689981713,0.5882889531429626,Au,COMPLETE
6022,-1.0,2026-04-07 11:20:01.353505,2026-04-07 11:20:02.270769,0 days 00:00:00.917264,23.202703093245027,19.00059304785033,0.5814245649698626,Au,COMPLETE
6023,-9.259259259257925,2026-04-07 11:20:01.445358,2026-04-07 11:20:02.162486,0 days 00:00:00.717128,23.00090912969123,18.92667286329508,0.5874034263861745,Au,COMPLETE
6024,-1.0,2026-04-07 11:20:01.583575,2026-04-07 11:20:02.300881,0 days 00:00:00.717306,21.853363207008655,18.828153047424543,0.5202290044886146,Au,COMPLETE
6025,-1.0,2026-04-07 11:20:01.806100,2026-04-07 11:20:02.440116,0 days 00:00:00.634016,21.79232379003912,18.896854796704247,0.521052811718753,Au,COMPLETE
6026,-1.0,2026-04-07 11:20:02.062847,2026-04-07 11:20:03.101648,0 days 00:00:01.038801,21.756843048988387,19.34699225711728,0.5245639352865252,Au,COMPLETE
6027,-410.92995169076204,2026-04-07 11:20:02.246281,2026-04-07 11:20:03.174502,0 days 00:00:00.928221,21.586795611598763,19.39990258344057,0.5295561697523651,Au,COMPLETE
6028,-375.2777777777274,2026-04-07 11:20:02.318340,2026-04-07 11:20:03.144920,0 days 00:00:00.826580,20.007193075393953,19.99776922735053,0.7046824545913769,Au,COMPLETE
6029,-434.16030534344486,2026-04-07 11:20:02.341721,2026-04-07 11:20:03.255113,0 days 00:00:00.913392,21.82871999357018,19.5157459301412,0.5454537427100985,Au,COMPLETE
6030,-417.27941176464446,2026-04-07 11:20:02.413323,2026-04-07 11:20:03.097769,0 days 00:00:00.684446,21.671167695742508,19.389322860544983,0.5581399155088882,Au,COMPLETE
6031,-1.0,2026-04-07 11:20:02.429515,2026-04-07 11:20:03.253596,0 days 00:00:00.824081,21.56210454411688,19.992404022939393,0.5467377698750192,Au,COMPLETE
6032,-1.0,2026-04-07 11:20:02.631677,2026-04-07 11:20:03.458886,0 days 00:00:00.827209,24.929559623300698,19.452496566775384,0.5460913064333311,Au,COMPLETE
6033,-1.0,2026-04-07 11:20:02.678136,2026-04-07 11:20:03.414664,0 days 00:00:00.736528,21.528843396246355,19.999519124287506,0.523622288482134,Au,COMPLETE
6034,-1.0,2026-04-07 11:20:03.316017,2026-04-07 11:20:04.132529,0 days 00:00:00.816512,24.645752221767818,19.386520908461215,0.5923652986939703,Au,COMPLETE
6035,83.02696078431127,2026-04-07 11:20:03.350938,2026-04-07 11:20:04.331052,0 days 00:00:00.980114,24.886915736435103,19.352196249689648,0.5668942092832355,Au,COMPLETE
6036,83.02696078431127,2026-04-07 11:20:03.364392,2026-04-07 11:20:04.372611,0 days 00:00:01.008219,25.18248270460938,19.39363142350122,0.590765924456214,Au,COMPLETE
6037,0.0,2026-04-07 11:20:03.381212,2026-04-07 11:20:04.255269,0 days 00:00:00.874057,20.03454985908338,18.51642732407079,0.6014711923108088,Au,COMPLETE
6038,-1.0,2026-04-07 11:20:03.414143,2026-04-07 11:20:04.217140,0 days 00:00:00.802997,31.01674603048218,19.332926719671956,0.5895330265103408,Au,COMPLETE
6039,-1.0,2026-04-07 11:20:03.431253,2026-04-07 11:20:04.285229,0 days 00:00:00.853976,30.912212475901278,19.35974436924272,0.5892423677498723,Au,COMPLETE
6040,-1.0,2026-04-07 11:20:03.621378,2026-04-07 11:20:04.579123,0 days 00:00:00.957745,30.825466212102725,18.56232361664183,0.5851185672287837,Au,COMPLETE
6041,-1.0,2026-04-07 11:20:03.685905,2026-04-07 11:20:04.544178,0 days 00:00:00.858273,30.809559170617096,19.36938213709022,0.592449029624339,Au,COMPLETE
6042,-9.428223844280803,2026-04-07 11:20:04.288810,2026-04-07 11:20:05.021149,0 days 00:00:00.732339,23.329794546869692,18.670012384760547,0.5684850048460599,Au,COMPLETE
6043,2.7777777777774073,2026-04-07 11:20:04.411697,2026-04-07 11:20:05.185566,0 days 00:00:00.773869,23.646766619825677,19.654177016258526,0.5642301024776226,Au,COMPLETE
6044,-1.0,2026-04-07 11:20:04.459299,2026-04-07 11:20:05.405042,0 days 00:00:00.945743,23.467432213870566,19.996681319917883,0.5523847807041552,Au,COMPLETE
6045,-1.0,2026-04-07 11:20:04.475188,2026-04-07 11:20:05.338627,0 days 00:00:00.863439,23.68800082804045,19.650252684263997,0.5641222013182873,Au,COMPLETE
6046,-1.0,2026-04-07 11:20:04.490201,2026-04-07 11:20:05.243047,0 days 00:00:00.752846,20.007154679736022,19.65288505476861,0.5683594180263166,Au,COMPLETE
6047,-1.0,2026-04-07 11:20:04.611888,2026-04-07 11:20:05.558158,0 days 00:00:00.946270,23.63033763028583,19.666084731594168,0.5569424941049445,Au,COMPLETE
6048,-1.0,2026-04-07 11:20:04.779255,2026-04-07 11:20:05.687528,0 days 00:00:00.908273,23.798603037071675,19.640668620079996,0.5634459930996567,Au,COMPLETE
6049,-1.0,2026-04-07 11:20:04.891385,2026-04-07 11:20:05.689035,0 days 00:00:00.797650,23.660684906727315,19.64898521696706,0.5529036386186004,Au,COMPLETE
6050,-1.0,2026-04-07 11:20:05.247051,2026-04-07 11:20:05.888326,0 days 00:00:00.641275,26.087564018057787,19.994652255738938,0.6269307018310774,Au,COMPLETE
6051,-1.0,2026-04-07 11:20:05.476342,2026-04-07 11:20:06.238558,0 days 00:00:00.762216,26.159664289021478,19.011249556092363,0.6107673486491907,Au,COMPLETE
6052,81.80147058823289,2026-04-07 11:20:05.557605,2026-04-07 11:20:06.376545,0 days 00:00:00.818940,26.764381512670774,19.02243584655198,0.6195289804083521,Au,COMPLETE
6053,82.72058823529169,2026-04-07 11:20:05.626524,2026-04-07 11:20:06.497954,0 days 00:00:00.871430,25.89290950888384,18.95927025508788,0.6249375223534533,Au,COMPLETE
6054,-1.0,2026-04-07 11:20:05.750490,2026-04-07 11:20:06.605038,0 days 00:00:00.854548,25.790890330728118,19.003010140800868,0.6206387944034111,Au,COMPLETE
6055,82.41421568627209,2026-04-07 11:20:05.865485,2026-04-07 11:20:06.663566,0 days 00:00:00.798081,26.08369547042033,19.065662517770043,0.7039142005933944,Au,COMPLETE
6056,82.41421568627209,2026-04-07 11:20:05.875713,2026-04-07 11:20:06.620196,0 days 00:00:00.744483,26.028955546346523,18.877068489515146,0.6914059523661343,Au,COMPLETE
6057,-1.0,2026-04-07 11:20:05.928227,2026-04-07 11:20:06.662567,0 days 00:00:00.734340,26.280838276881397,18.95933650984418,0.6162000674419726,Au,COMPLETE
6058,-1.0,2026-04-07 11:20:06.095031,2026-04-07 11:20:06.916706,0 days 00:00:00.821675,26.153020913354585,19.018994714428064,0.7882916059102824,Au,COMPLETE
6059,-345.4218106995455,2026-04-07 11:20:06.514761,2026-04-07 11:20:07.272365,0 days 00:00:00.757604,21.88842141163048,18.30677345748835,0.5461294666266192,Au,COMPLETE
6060,-1.0,2026-04-07 11:20:06.594919,2026-04-07 11:20:07.482114,0 days 00:00:00.887195,21.727515820960583,18.2575430206182,0.5241677141546348,Au,COMPLETE
6061,-1.0,2026-04-07 11:20:06.719349,2026-04-07 11:20:07.451541,0 days 00:00:00.732192,21.913546672307383,18.214547075914577,0.7863349372317827,Au,COMPLETE
6062,-338.38383838379747,2026-04-07 11:20:06.789264,2026-04-07 11:20:07.608353,0 days 00:00:00.819089,21.800975591107203,18.25432735956541,0.5429178898550905,Au,COMPLETE
6063,-1.0,2026-04-07 11:20:06.826614,2026-04-07 11:20:07.483114,0 days 00:00:00.656500,21.93611686207465,18.108736481020372,0.5179341736114335,Au,COMPLETE
6064,-434.16030534344486,2026-04-07 11:20:06.859063,2026-04-07 11:20:07.609353,0 days 00:00:00.750290,21.623008774349426,19.64812885901985,0.5332038440647839,Au,COMPLETE
6065,-1.0,2026-04-07 11:20:07.145623,2026-04-07 11:20:07.822225,0 days 00:00:00.676602,21.7350505733073,19.6415065274376,0.5170380443051001,Au,COMPLETE
6066,-1.0,2026-04-07 11:20:07.308364,2026-04-07 11:20:08.071095,0 days 00:00:00.762731,20.037569290234483,19.645563451448222,0.5262534252397435,Au,COMPLETE
6067,-1.0,2026-04-07 11:20:07.446921,2026-04-07 11:20:08.409490,0 days 00:00:00.962569,23.753768480326155,19.99294107147859,0.5991740882541656,Au,COMPLETE
6068,0.0,2026-04-07 11:20:07.686938,2026-04-07 11:20:08.679031,0 days 00:00:00.992093,28.618239790338738,19.988651787143304,0.6426804221336677,Au,COMPLETE
6069,83.33333333333088,2026-04-07 11:20:07.698903,2026-04-07 11:20:08.500415,0 days 00:00:00.801512,24.23964787150089,19.637663610136542,0.5972835944121005,Au,COMPLETE
6070,-1.0,2026-04-07 11:20:07.752937,2026-04-07 11:20:08.523398,0 days 00:00:00.770461,28.497088211495893,19.33587377500742,0.6603775827078494,Au,COMPLETE
6071,-1.0,2026-04-07 11:20:07.820618,2026-04-07 11:20:08.622254,0 days 00:00:00.801636,24.33333220202869,19.995901021064014,0.647715450734486,Au,COMPLETE
6072,0.0,2026-04-07 11:20:07.841477,2026-04-07 11:20:08.589896,0 days 00:00:00.748419,20.014689195356205,19.389281179135683,0.6057225051884118,Au,COMPLETE
6073,0.0,2026-04-07 11:20:08.026515,2026-04-07 11:20:08.773104,0 days 00:00:00.746589,20.008347985194142,19.355965598947233,0.6434388810205033,Au,COMPLETE
6074,0.0,2026-04-07 11:20:08.350769,2026-04-07 11:20:09.068200,0 days 00:00:00.717431,28.303919335574186,19.301558236588335,0.6368613293026336,Au,COMPLETE
6075,-12.469586374694089,2026-04-07 11:20:08.622254,2026-04-07 11:20:09.501063,0 days 00:00:00.878809,22.880001657963675,18.743042266942883,0.5053195552742629,Au,COMPLETE
6076,0.0,2026-04-07 11:20:08.714072,2026-04-07 11:20:09.523674,0 days 00:00:00.809602,20.024232541434806,18.617093980117453,0.504761404409514,Au,COMPLETE
6077,-10.64476885644614,2026-04-07 11:20:08.729006,2026-04-07 11:20:09.746792,0 days 00:00:01.017786,23.30923384715992,18.684585680117323,0.49966994591455066,Au,COMPLETE
6078,-410.92995169076204,2026-04-07 11:20:08.806209,2026-04-07 11:20:09.681630,0 days 00:00:00.875421,21.76030902546933,19.308224324910274,0.5020654867218097,Au,COMPLETE
6079,-1.0,2026-04-07 11:20:08.822151,2026-04-07 11:20:09.608604,0 days 00:00:00.786453,22.061212346410613,18.629866956891878,0.572429048958113,Au,COMPLETE
6080,-1.0,2026-04-07 11:20:08.877645,2026-04-07 11:20:09.712036,0 days 00:00:00.834391,23.279694785526306,18.716656759759648,0.5060543349285942,Au,COMPLETE
6081,-1.0,2026-04-07 11:20:08.986675,2026-04-07 11:20:09.633288,0 days 00:00:00.646613,20.065003990122815,18.751111824902242,0.5086684403104178,Au,COMPLETE
6082,-1.0,2026-04-07 11:20:09.375349,2026-04-07 11:20:10.068393,0 days 00:00:00.693044,23.02785530343604,19.62106437572965,0.5838640035408359,Au,COMPLETE
6083,-7.5051759834359055,2026-04-07 11:20:09.654274,2026-04-07 11:20:10.489486,0 days 00:00:00.835212,25.045023951720687,19.658030453454437,0.5737053013125737,Cu,COMPLETE
6084,-9.057971014491635,2026-04-07 11:20:09.754489,2026-04-07 11:20:10.625799,0 days 00:00:00.871310,24.499429103622457,19.650478418328284,0.6907618121597618,Cu,COMPLETE
6085,-1.0,2026-04-07 11:20:09.845093,2026-04-07 11:20:10.678474,0 days 00:00:00.833381,24.578444192444024,19.627121710457452,0.5814712673563804,Cu,COMPLETE
6086,0.0,2026-04-07 11:20:09.893609,2026-04-07 11:20:10.487487,0 days 00:00:00.593878,20.04325496407184,19.665146953556654,0.5784988134471561,Au,COMPLETE
6087,-1.0,2026-04-07 11:20:09.918627,2026-04-07 11:20:10.774924,0 days 00:00:00.856297,24.940242572870435,19.632293214370858,0.5648375733310722,Au,COMPLETE
6088,83.02696078431127,2026-04-07 11:20:09.956250,2026-04-07 11:20:10.846340,0 days 00:00:00.890090,24.96841539697304,19.281747514466243,0.6994357529724385,Au,COMPLETE
6089,-1.0,2026-04-07 11:20:10.198039,2026-04-07 11:20:10.921158,0 days 00:00:00.723119,20.013077647066094,19.66010627339685,0.5547671903467942,Cu,COMPLETE
6090,-1.0,2026-04-07 11:20:10.345233,2026-04-07 11:20:11.036931,0 days 00:00:00.691698,24.58945274714857,19.654149933148368,0.6866799638262466,Cu,COMPLETE
6091,-1.0,2026-04-07 11:20:10.712361,2026-04-07 11:20:11.664564,0 days 00:00:00.952203,20.026546126517307,19.17536128243572,0.7408935043752514,Au,COMPLETE
6092,-1.0,2026-04-07 11:20:10.804159,2026-04-07 11:20:11.515889,0 days 00:00:00.711730,21.619285749360138,19.128442825971455,0.7497356500595642,Au,COMPLETE
6093,-420.6790123456165,2026-04-07 11:20:10.884309,2026-04-07 11:20:11.817528,0 days 00:00:00.933219,21.995328712270766,19.254118078789297,0.5490745124445102,Au,COMPLETE
6094,-420.6790123456165,2026-04-07 11:20:10.961475,2026-04-07 11:20:11.818680,0 days 00:00:00.857205,21.912620693019676,19.158973747418703,0.7337289925613337,Au,COMPLETE
6095,-452.38095238088005,2026-04-07 11:20:11.013121,2026-04-07 11:20:11.944876,0 days 00:00:00.931755,21.562776137235378,19.996348865808795,0.5378905267734478,Au,COMPLETE
6096,-1.0,2026-04-07 11:20:11.089887,2026-04-07 11:20:11.894406,0 days 00:00:00.804519,22.09333260194607,19.212427945882997,0.6107868885889485,Au,COMPLETE
6097,-1.0,2026-04-07 11:20:11.189457,2026-04-07 11:20:11.943861,0 days 00:00:00.754404,21.879755532648286,19.158391787165325,0.7347695151959731,Au,COMPLETE
6098,-1.0,2026-04-07 11:20:11.249296,2026-04-07 11:20:12.002906,0 days 00:00:00.753610,21.915739224895198,19.143112862192194,0.5353979758551524,Au,COMPLETE
6099,-1.0,2026-04-07 11:20:11.755361,2026-04-07 11:20:12.640690,0 days 00:00:00.885329,22.76115367138708,19.194034728764446,0.5390034650441534,Au,COMPLETE
6100,0.0,2026-04-07 11:20:11.916956,2026-04-07 11:20:12.702971,0 days 00:00:00.786015,22.939007094013128,19.970084069364578,0.48694730687231647,Au,COMPLETE
6101,-1.0,2026-04-07 11:20:12.008541,2026-04-07 11:20:12.892616,0 days 00:00:00.884075,23.216315002935062,19.62526455321459,0.484459603396474,Au,COMPLETE
6102,0.0,2026-04-07 11:20:12.059938,2026-04-07 11:20:12.876358,0 days 00:00:00.816420,23.307444206060264,19.68437139573738,0.4936242231491987,Au,COMPLETE
6103,-1.0,2026-04-07 11:20:12.085415,2026-04-07 11:20:12.938960,0 days 00:00:00.853545,20.060871469497748,19.995020979122124,0.48074205023315403,Au,COMPLETE
6104,-1.0,2026-04-07 11:20:12.133193,2026-04-07 11:20:12.939959,0 days 00:00:00.806766,23.810668776820407,19.985075886442534,0.48875875783001665,Au,COMPLETE
6105,2.7777777777774073,2026-04-07 11:20:12.161480,2026-04-07 11:20:12.939959,0 days 00:00:00.778479,23.73146702378679,19.694784637361934,0.4765585032676357,Au,COMPLETE
6106,-1.0,2026-04-07 11:20:12.298558,2026-04-07 11:20:13.066037,0 days 00:00:00.767479,23.312721400956715,19.994920565177406,0.48588794055661655,Au,COMPLETE
6107,-1.0,2026-04-07 11:20:12.932019,2026-04-07 11:20:13.716401,0 days 00:00:00.784382,28.080098664640904,19.651753859987853,0.6134577715652612,Au,COMPLETE
6108,0.0,2026-04-07 11:20:12.898639,2026-04-07 11:20:13.884950,0 days 00:00:00.986311,27.976424280070063,19.978425404432446,0.6072157683899546,Au,COMPLETE
6109,0.0,2026-04-07 11:20:13.022118,2026-04-07 11:20:13.968028,0 days 00:00:00.945910,27.66992810326251,19.616964922893565,0.6123769957511994,Au,COMPLETE
6110,-1.0,2026-04-07 11:20:13.081161,2026-04-07 11:20:14.091873,0 days 00:00:01.010712,20.02534023825311,19.735385245137703,0.6085060854313926,Au,COMPLETE
6111,-1.0,2026-04-07 11:20:13.121112,2026-04-07 11:20:13.965495,0 days 00:00:00.844383,27.94394370472208,19.98782743465456,0.6021569393821191,Au,COMPLETE
6112,-1.0,2026-04-07 11:20:13.164462,2026-04-07 11:20:14.127784,0 days 00:00:00.963322,26.600883372797966,19.679052850897104,0.6038299577307354,Au,COMPLETE
6113,82.09876543209633,2026-04-07 11:20:13.199492,2026-04-07 11:20:14.026956,0 days 00:00:00.827464,26.605370762460062,19.667744428093688,0.6177868142517148,Au,COMPLETE
6114,-1.0,2026-04-07 11:20:13.222445,2026-04-07 11:20:13.996418,0 days 00:00:00.773973,27.510881269498086,19.635502918757215,0.6373678140675865,Au,COMPLETE
6115,-1.0,2026-04-07 11:20:13.921729,2026-04-07 11:20:14.828797,0 days 00:00:00.907068,21.73529219103824,19.64035664152761,0.5451480247802057,Au,COMPLETE
6116,-1.0,2026-04-07 11:20:13.966021,2026-04-07 11:20:14.892528,0 days 00:00:00.926507,24.892103871761957,19.999310947938973,0.5391698574036072,Au,COMPLETE
6117,-1.0,2026-04-07 11:20:14.132367,2026-04-07 11:20:15.003242,0 days 00:00:00.870875,21.644591494508205,19.978045556128418,0.527215437144076,Au,COMPLETE
6118,-1.0,2026-04-07 11:20:14.245927,2026-04-07 11:20:15.142511,0 days 00:00:00.896584,24.696305477593015,19.98329942191483,0.5331487026265547,Au,COMPLETE
6119,-1.0,2026-04-07 11:20:14.270889,2026-04-07 11:20:15.266669,0 days 00:00:00.995780,21.687859687675356,19.364547186486945,0.5405860861043265,Au,COMPLETE
6120,-1.0,2026-04-07 11:20:14.277569,2026-04-07 11:20:15.266669,0 days 00:00:00.989100,21.755648993424092,19.365297477311838,0.5176814477819252,Au,COMPLETE
6121,-1.0,2026-04-07 11:20:14.352735,2026-04-07 11:20:15.126449,0 days 00:00:00.773714,21.622485944692198,19.43178337219832,0.529093447981527,Au,COMPLETE
6122,-11.243386243384398,2026-04-07 11:20:14.584302,2026-04-07 11:20:15.410746,0 days 00:00:00.826444,21.65777616004623,19.979720203683264,0.5400129885188412,Au,COMPLETE
6123,-1.0,2026-04-07 11:20:15.043656,2026-04-07 11:20:15.873222,0 days 00:00:00.829566,20.085218644497175,19.396820953459258,0.6685788756250567,Au,COMPLETE
6124,83.02696078431127,2026-04-07 11:20:15.082734,2026-04-07 11:20:15.701406,0 days 00:00:00.618672,24.650304233847045,19.97436386893941,0.5726553711720629,Au,COMPLETE
6125,0.0,2026-04-07 11:20:15.212603,2026-04-07 11:20:16.002730,0 days 00:00:00.790127,20.032613778320318,19.65520668873429,0.6612955350561932,Au,COMPLETE
6126,-1.0,2026-04-07 11:20:15.302566,2026-04-07 11:20:16.191384,0 days 00:00:00.888818,20.095287307196784,19.391666220099353,0.6657413893796361,Au,COMPLETE
6127,-1.0,2026-04-07 11:20:15.413846,2026-04-07 11:20:16.221911,0 days 00:00:00.808065,24.53964157481024,19.350551040765442,0.6584025116477457,Au,COMPLETE
6128,-1.0,2026-04-07 11:20:15.530499,2026-04-07 11:20:16.244268,0 days 00:00:00.713769,24.94585832796733,19.335853661263506,0.6684109169898936,Au,COMPLETE
6129,83.02696078431127,2026-04-07 11:20:15.643036,2026-04-07 11:20:16.702735,0 days 00:00:01.059699,24.74958852150154,19.332301592745594,0.5725760068588224,Au,COMPLETE
6130,-1.0,2026-04-07 11:20:15.753727,2026-04-07 11:20:16.547014,0 days 00:00:00.793287,24.787588437595332,19.39268298926813,0.6523559688637698,Au,COMPLETE
6131,-1.0,2026-04-07 11:20:15.948142,2026-04-07 11:20:17.092668,0 days 00:00:01.144526,24.42271069712028,19.336123327858175,0.4652468039462916,Au,COMPLETE
6132,0.0,2026-04-07 11:20:16.112193,2026-04-07 11:20:17.109266,0 days 00:00:00.997073,23.210312665658293,19.65567002673355,0.5733555517529569,Au,COMPLETE
6133,-1.0,2026-04-07 11:20:16.330380,2026-04-07 11:20:17.236809,0 days 00:00:00.906429,23.157939718885423,19.653738662048884,0.5714529227044046,Au,COMPLETE
6134,-1.0,2026-04-07 11:20:16.443831,2026-04-07 11:20:17.472261,0 days 00:00:01.028430,23.58866836222335,19.646553662550843,0.5653330894117696,Au,COMPLETE
6135,-1.0,2026-04-07 11:20:16.502435,2026-04-07 11:20:17.424716,0 days 00:00:00.922281,23.27629721995457,19.682721633485407,0.5793789617515647,Au,COMPLETE
6136,-1.0,2026-04-07 11:20:16.525917,2026-04-07 11:20:17.330013,0 days 00:00:00.804096,20.0426440963562,19.97537750110948,0.5766361170405093,Au,COMPLETE
6137,-2.128953771289245,2026-04-07 11:20:16.947133,2026-04-07 11:20:17.590860,0 days 00:00:00.643727,22.990746111583395,19.673052991198006,0.5678618198630282,Au,COMPLETE
6138,0.0,2026-04-07 11:20:17.007294,2026-04-07 11:20:17.696844,0 days 00:00:00.689550,20.055868994746145,19.633125466577077,0.5791381485607874,Au,COMPLETE
6139,-1.0,2026-04-07 11:20:17.281123,2026-04-07 11:20:18.226959,0 days 00:00:00.945836,20.017207863698907,18.924531727923952,0.5033520635164423,Au,COMPLETE
6140,-1.0,2026-04-07 11:20:17.346760,2026-04-07 11:20:18.276055,0 days 00:00:00.929295,21.812078569206513,18.92905028764272,0.49017735307599164,Au,COMPLETE
6141,-1.0,2026-04-07 11:20:17.500308,2026-04-07 11:20:18.381067,0 days 00:00:00.880759,21.610606482358886,19.987147884340775,0.4994248410465942,Au,COMPLETE
6142,0.0,2026-04-07 11:20:17.603376,2026-04-07 11:20:18.483107,0 days 00:00:00.879731,20.02578532496469,18.981460833187903,0.5007852531234934,Au,COMPLETE
6143,-370.33991228065304,2026-04-07 11:20:17.735445,2026-04-07 11:20:18.451968,0 days 00:00:00.716523,21.61779883772285,18.89625202777177,0.5028113629754327,Au,COMPLETE
6144,-1.0,2026-04-07 11:20:17.750576,2026-04-07 11:20:18.650082,0 days 00:00:00.899506,21.563638506511058,18.93054078572451,0.513952623783499,Au,COMPLETE
6145,-1.0,2026-04-07 11:20:17.875377,2026-04-07 11:20:18.636879,0 days 00:00:00.761502,21.748549080553364,19.07140653548849,0.47779676238448215,Au,COMPLETE
6146,-378.35570469793595,2026-04-07 11:20:17.933329,2026-04-07 11:20:18.667140,0 days 00:00:00.733811,21.737614062285747,18.90633762163926,0.5046037134530896,Au,COMPLETE
6147,-1.0,2026-04-07 11:20:18.484106,2026-04-07 11:20:19.288205,0 days 00:00:00.804099,25.756327863895354,19.090939242648727,0.43549755429135245,Au,COMPLETE
6148,-1.0,2026-04-07 11:20:18.553403,2026-04-07 11:20:19.396835,0 days 00:00:00.843432,26.148522244978466,19.33582405510039,0.4300107421021045,Au,COMPLETE
6149,-1.0,2026-04-07 11:20:18.608853,2026-04-07 11:20:19.430539,0 days 00:00:00.821686,20.020577762924955,19.364487446490074,0.3504065463546572,Au,COMPLETE
6150,-1.0,2026-04-07 11:20:18.537205,2026-04-07 11:20:19.364523,0 days 00:00:00.827318,25.848940608918575,19.99271571080329,0.4189732258446299,Au,COMPLETE
6151,82.10784313725247,2026-04-07 11:20:18.714619,2026-04-07 11:20:19.343284,0 days 00:00:00.628665,25.785944545945945,19.991829911338634,0.4336837887766386,Au,COMPLETE
6152,-1.0,2026-04-07 11:20:18.805316,2026-04-07 11:20:19.414441,0 days 00:00:00.609125,26.003384026172753,19.992338577541677,0.43909232574889456,Au,COMPLETE
