number,value,datetime_start,datetime_complete,duration,params_D2_nm,params_D3_nm,params_D4_nm,params_metal,state
0,0.0,2025-11-13 12:25:34.241048,2025-11-13 12:25:38.718323,0 days 00:00:04.477275,119.99018837026208,18.259653268002275,1.0870691912346175,Cu,COMPLETE
1,-20.461309523805895,2025-11-13 12:25:34.269357,2025-11-13 12:25:38.849221,0 days 00:00:04.579864,85.1646542081692,6.914827566304099,0.9742322707163492,Ag,COMPLETE
2,-25.84388185653363,2025-11-13 12:25:34.241048,2025-11-13 12:25:38.718323,0 days 00:00:04.477275,79.8547655036709,3.7238117783040066,1.7479800605051563,Ag,COMPLETE
3,54.39814814814663,2025-11-13 12:25:34.297416,2025-11-13 12:25:38.765291,0 days 00:00:04.467875,47.63551681487391,16.46262252763266,0.35966859172988297,Cu,COMPLETE
4,1.0883084577114266,2025-11-13 12:25:34.331260,2025-11-13 12:25:38.858184,0 days 00:00:04.526924,64.8258087977377,17.721264611593803,0.7163389133597076,Ag,COMPLETE
5,18.61001317523027,2025-11-13 12:25:34.358153,2025-11-13 12:25:38.772663,0 days 00:00:04.414510,92.77954329484734,8.447670544598248,0.43720824574552475,Au,COMPLETE
6,-13.005780346819277,2025-11-13 12:25:34.367714,2025-11-13 12:25:38.805869,0 days 00:00:04.438155,26.904220662719386,18.069674180826816,0.3140397309162333,Cu,COMPLETE
7,26.399491094147184,2025-11-13 12:25:34.395459,2025-11-13 12:25:38.948271,0 days 00:00:04.552812,65.40326670646525,10.37711331176005,0.4874367834960027,Au,COMPLETE
8,-17.105263157892892,2025-11-13 12:25:38.789048,2025-11-13 12:25:39.124969,0 days 00:00:00.335921,85.16631339248843,12.207221607496626,0.8901417263299986,Ag,COMPLETE
9,-2.0693041526374434,2025-11-13 12:25:38.772341,2025-11-13 12:25:39.136993,0 days 00:00:00.364652,90.42788360499075,3.538429992651332,0.6681311772867293,Cu,COMPLETE
10,-1.4844804318488287,2025-11-13 12:25:39.096474,2025-11-13 12:25:39.431010,0 days 00:00:00.334536,118.20027027562281,0.6382684628369262,1.8826011059664056,Ag,COMPLETE
11,-1.5206812652067905,2025-11-13 12:25:39.180698,2025-11-13 12:25:39.631958,0 days 00:00:00.451260,116.42042183037555,1.3594507267334883,1.7769611647113388,Ag,COMPLETE
12,-1.5169902912621185,2025-11-13 12:25:39.203415,2025-11-13 12:25:39.649252,0 days 00:00:00.445837,118.65125757717982,1.4170426069964037,1.8772738932064925,Ag,COMPLETE
13,-26.74897119340891,2025-11-13 12:25:39.227577,2025-11-13 12:25:39.696924,0 days 00:00:00.469347,78.021089892032,5.725055388162296,1.3760089386703607,Ag,COMPLETE
14,-26.289682539676246,2025-11-13 12:25:39.248760,2025-11-13 12:25:39.702557,0 days 00:00:00.453797,78.98097055305482,5.855211368986092,1.332128816432587,Ag,COMPLETE
15,-26.66666666665953,2025-11-13 12:25:39.397773,2025-11-13 12:25:39.883469,0 days 00:00:00.485696,49.950046626594606,4.399378164435335,1.4237851456014943,Ag,COMPLETE
16,-25.49019607842531,2025-11-13 12:25:39.448207,2025-11-13 12:25:40.182687,0 days 00:00:00.734480,50.243919311218875,5.955659651498192,1.364200389331444,Ag,COMPLETE
17,-26.422764227635877,2025-11-13 12:25:39.486059,2025-11-13 12:25:40.062735,0 days 00:00:00.576676,51.97226710645124,5.829382650950035,1.4704984570652033,Ag,COMPLETE
18,0.0,2025-11-13 12:25:39.668171,2025-11-13 12:25:40.449449,0 days 00:00:00.781278,44.77438386499288,13.8971611529764,1.4589851662871371,Au,COMPLETE
19,-5.383895131085549,2025-11-13 12:25:39.916130,2025-11-13 12:25:40.434478,0 days 00:00:00.518348,30.02798226953483,13.442660687794977,1.62994449414952,Au,COMPLETE
20,-17.379679144383193,2025-11-13 12:25:39.966247,2025-11-13 12:25:40.497063,0 days 00:00:00.530816,30.060669935374246,11.915733273890254,1.3510461281936659,Au,COMPLETE
21,-7.022471910111609,2025-11-13 12:25:39.966247,2025-11-13 12:25:40.462604,0 days 00:00:00.496357,31.279888379384296,12.950977159778981,1.443413516504532,Au,COMPLETE
22,-187.06293706292405,2025-11-13 12:25:40.031398,2025-11-13 12:25:40.453605,0 days 00:00:00.422207,24.43283124108465,13.543175931956924,1.6151183753813054,Au,COMPLETE
23,2.4509803921566706,2025-11-13 12:25:40.078277,2025-11-13 12:25:40.559683,0 days 00:00:00.481406,32.00244868212165,13.73205095054689,1.5789367915165804,Au,COMPLETE
24,-15.773809523807282,2025-11-13 12:25:40.559683,2025-11-13 12:25:41.042773,0 days 00:00:00.483090,40.0809254547943,8.317448959963851,1.192515685346985,Ag,COMPLETE
25,-0.8865248226950103,2025-11-13 12:25:40.528436,2025-11-13 12:25:41.135843,0 days 00:00:00.607407,20.389044587646712,8.896840898535089,1.1687543175507051,Ag,COMPLETE
26,-25.67340067339563,2025-11-13 12:25:40.666110,2025-11-13 12:25:41.182884,0 days 00:00:00.516774,55.75066497197122,9.117953206069867,1.184604756635008,Ag,COMPLETE
27,-26.881720430101765,2025-11-13 12:25:40.697391,2025-11-13 12:25:41.135843,0 days 00:00:00.438452,57.75284279568161,8.871885846693438,1.1108167868751921,Ag,COMPLETE
28,-0.7122507122507,2025-11-13 12:25:40.728382,2025-11-13 12:25:41.514928,0 days 00:00:00.786546,71.94479457216019,16.02636286405382,0.8564037082700229,Au,COMPLETE
29,-2.098816405174759,2025-11-13 12:25:40.733442,2025-11-13 12:25:41.088593,0 days 00:00:00.355151,102.29307715957233,8.94578495411798,1.157986030423819,Ag,COMPLETE
30,-1.6401451702958991,2025-11-13 12:25:40.803163,2025-11-13 12:25:41.230407,0 days 00:00:00.427244,103.66846749087219,3.525363802623294,1.170235336112835,Ag,COMPLETE
31,-0.8300132802124702,2025-11-13 12:25:41.057287,2025-11-13 12:25:41.530575,0 days 00:00:00.473288,70.6884712345185,15.420999069201105,0.15650415482378066,Cu,COMPLETE
32,-28.846153846146578,2025-11-13 12:25:41.365978,2025-11-13 12:25:41.904034,0 days 00:00:00.538056,57.40783439182732,7.229625543205202,1.0155142485610407,Ag,COMPLETE
33,24.088541666666295,2025-11-13 12:25:41.432669,2025-11-13 12:25:41.997322,0 days 00:00:00.564653,56.58238648085221,19.63932572416798,1.6481877684974564,Ag,COMPLETE
34,-30.251141552503118,2025-11-13 12:25:41.470463,2025-11-13 12:25:41.793925,0 days 00:00:00.323462,60.70508597647013,6.986057494168386,1.018510207423254,Ag,COMPLETE
35,-26.09034267912293,2025-11-13 12:25:41.482698,2025-11-13 12:25:42.248964,0 days 00:00:00.766266,63.524755210253886,10.496978301446823,1.0474873332622021,Ag,COMPLETE
36,-25.81521739129862,2025-11-13 12:25:41.547723,2025-11-13 12:25:42.248964,0 days 00:00:00.701241,58.281764403182855,6.81813309179894,1.997129180945695,Ag,COMPLETE
37,-26.515151515145487,2025-11-13 12:25:41.563445,2025-11-13 12:25:42.169288,0 days 00:00:00.605843,59.26202106996297,7.236592760913195,1.5974968416147677,Ag,COMPLETE
38,-8.917589175891129,2025-11-13 12:25:41.778215,2025-11-13 12:25:42.446242,0 days 00:00:00.668027,60.21420359848342,10.56398602156951,1.0145599953580575,Cu,COMPLETE
39,-12.51584283903581,2025-11-13 12:25:42.329023,2025-11-13 12:25:42.767667,0 days 00:00:00.438644,42.89301306403337,11.302459444328932,0.7360138340169469,Cu,COMPLETE
40,-3.984063745019602,2025-11-13 12:25:42.344638,2025-11-13 12:25:42.952285,0 days 00:00:00.607647,38.46957281054105,11.608790296244756,0.7429692728247451,Au,COMPLETE
41,2.358490566037558,2025-11-13 12:25:42.344638,2025-11-13 12:25:42.952285,0 days 00:00:00.607647,42.306967000158785,11.65357041062293,0.9369613959959786,Au,COMPLETE
42,-12.254901960783414,2025-11-13 12:25:42.415424,2025-11-13 12:25:42.858613,0 days 00:00:00.443189,40.04844843022342,7.41479730468242,0.7856318605355657,Au,COMPLETE
43,-35.81871345027982,2025-11-13 12:25:42.532034,2025-11-13 12:25:43.303449,0 days 00:00:00.771415,75.60230077132316,4.851276267185592,0.6109781800869742,Ag,COMPLETE
44,-32.051282051272224,2025-11-13 12:25:42.565053,2025-11-13 12:25:43.196306,0 days 00:00:00.631253,77.48766514756952,4.777617739027296,0.9576302776888345,Ag,COMPLETE
45,-7.864792503346103,2025-11-13 12:25:42.597696,2025-11-13 12:25:43.132519,0 days 00:00:00.534823,37.00661919989837,11.551890712305896,0.7263664257398248,Au,COMPLETE
46,-33.46994535518047,2025-11-13 12:25:42.767667,2025-11-13 12:25:43.285352,0 days 00:00:00.517685,77.72222736788942,5.113676444548252,0.6001122206594177,Ag,COMPLETE
47,-14.388489208631016,2025-11-13 12:25:43.166956,2025-11-13 12:25:43.531995,0 days 00:00:00.365039,90.12436227271435,4.687886942555261,0.594041580745136,Ag,COMPLETE
48,-22.940074906361872,2025-11-13 12:25:43.198474,2025-11-13 12:25:43.864311,0 days 00:00:00.665837,86.35965794526466,4.860522409418823,0.5971341454970329,Ag,COMPLETE
49,-28.40909090908219,2025-11-13 12:25:43.245355,2025-11-13 12:25:43.732209,0 days 00:00:00.486854,85.47560990327904,2.3873526128486784,0.5722507645918967,Ag,COMPLETE
50,-27.777777777770062,2025-11-13 12:25:43.303449,2025-11-13 12:25:43.879916,0 days 00:00:00.576467,83.94356132521717,4.496271895353421,0.5649046156824075,Ag,COMPLETE
51,-40.76086956519973,2025-11-13 12:25:43.401514,2025-11-13 12:25:43.995355,0 days 00:00:00.593841,74.62928218429319,2.789557206880767,0.5762239917907681,Ag,COMPLETE
52,-39.85507246375091,2025-11-13 12:25:43.430271,2025-11-13 12:25:43.813762,0 days 00:00:00.383491,75.95554567695609,2.416813258733296,0.5981293069625908,Ag,COMPLETE
53,-11.84433164128474,2025-11-13 12:25:43.570719,2025-11-13 12:25:44.138939,0 days 00:00:00.568220,75.54571570771702,2.8361199224575047,0.41282181600342427,Cu,COMPLETE
54,-41.66666666664841,2025-11-13 12:25:43.631471,2025-11-13 12:25:44.182718,0 days 00:00:00.551247,75.95870427662842,2.7364143665953593,0.3878791499897264,Ag,COMPLETE
55,-42.635658914708635,2025-11-13 12:25:43.780366,2025-11-13 12:25:44.164819,0 days 00:00:00.384453,74.87136181280563,2.5139508686093297,0.34406729286316146,Ag,COMPLETE
56,-44.71544715444965,2025-11-13 12:25:44.113684,2025-11-13 12:25:44.782067,0 days 00:00:00.668383,73.8568083863593,2.672732036788695,0.2445798521544452,Ag,COMPLETE
57,-49.99999999997152,2025-11-13 12:25:44.134724,2025-11-13 12:25:44.526864,0 days 00:00:00.392140,66.83361832802885,0.5214937463025124,0.3176207036294908,Ag,COMPLETE
58,-48.42342342339707,2025-11-13 12:25:44.247631,2025-11-13 12:25:44.511320,0 days 00:00:00.263689,72.38936015598301,1.7787091615987265,0.12572597592899437,Ag,COMPLETE
59,-50.24509803918625,2025-11-13 12:25:44.263175,2025-11-13 12:25:44.748613,0 days 00:00:00.485438,66.92813763641847,0.5491193096542517,0.2622199413362546,Ag,COMPLETE
60,-49.999999999971564,2025-11-13 12:25:44.315926,2025-11-13 12:25:44.894111,0 days 00:00:00.578185,67.56907663034877,0.9358155933597792,0.2459198846872715,Ag,COMPLETE
61,-50.24509803918625,2025-11-13 12:25:44.315926,2025-11-13 12:25:44.798045,0 days 00:00:00.482119,68.25654625462703,0.5819313730950508,0.25509596188725536,Ag,COMPLETE
62,-50.24509803918625,2025-11-13 12:25:44.526864,2025-11-13 12:25:45.143334,0 days 00:00:00.616470,66.64357666267813,0.5767477134228169,0.2458742304574124,Ag,COMPLETE
63,-51.47058823526383,2025-11-13 12:25:44.633849,2025-11-13 12:25:45.152551,0 days 00:00:00.518702,66.47725613733888,0.6672962286695624,0.22948918927379003,Ag,COMPLETE
64,-51.47058823526383,2025-11-13 12:25:44.816068,2025-11-13 12:25:45.121123,0 days 00:00:00.305055,68.43830667621671,0.6150330312700818,0.24055662523725296,Ag,COMPLETE
65,-51.47058823526388,2025-11-13 12:25:44.862879,2025-11-13 12:25:45.449928,0 days 00:00:00.587049,64.85136670103391,0.5646712849553035,0.23842083475822123,Ag,COMPLETE
66,-18.82716049382434,2025-11-13 12:25:45.050229,2025-11-13 12:25:45.449928,0 days 00:00:00.399699,66.17438788872349,1.2154625836382793,0.2279845674539864,Au,COMPLETE
67,-18.82716049382434,2025-11-13 12:25:45.090543,2025-11-13 12:25:45.481982,0 days 00:00:00.391439,67.52558242044,1.2300065974197256,0.23870839774984062,Au,COMPLETE
68,-38.94927536230185,2025-11-13 12:25:45.198513,2025-11-13 12:25:45.632995,0 days 00:00:00.434482,54.135606913684605,1.8168717205096279,0.46634651511254777,Ag,COMPLETE
69,-18.967661691539455,2025-11-13 12:25:45.154612,2025-11-13 12:25:45.824990,0 days 00:00:00.670378,67.68250170773301,1.1600908305937256,0.2026287642249142,Au,COMPLETE
70,-39.81481481479711,2025-11-13 12:25:45.316956,2025-11-13 12:25:45.778200,0 days 00:00:00.461244,52.348613629600386,1.7108125561133638,0.18823216230280104,Ag,COMPLETE
71,-15.25821596243915,2025-11-13 12:25:45.425471,2025-11-13 12:25:45.900343,0 days 00:00:00.474872,63.49928680132776,1.8482725201500387,0.15813645160359457,Cu,COMPLETE
72,-49.99999999997149,2025-11-13 12:25:45.610311,2025-11-13 12:25:46.047900,0 days 00:00:00.437589,63.64867176058097,0.6585487195331166,0.27515259959916166,Ag,COMPLETE
73,-51.47058823526383,2025-11-13 12:25:45.746943,2025-11-13 12:25:46.198007,0 days 00:00:00.451064,70.17585350130858,0.5829714723066178,0.29206223540231563,Ag,COMPLETE
74,-34.72222222220921,2025-11-13 12:25:45.824990,2025-11-13 12:25:46.314407,0 days 00:00:00.489417,81.30863423148892,3.656942204148538,0.2892852957889251,Ag,COMPLETE
75,-50.24509803918625,2025-11-13 12:25:45.947790,2025-11-13 12:25:46.314407,0 days 00:00:00.366617,69.25767135043588,0.5139077550122613,0.28377171067434515,Ag,COMPLETE
76,-30.36723163840784,2025-11-13 12:25:46.165216,2025-11-13 12:25:46.748944,0 days 00:00:00.583728,46.928621777831374,2.0289703927299994,0.5103458532848572,Ag,COMPLETE
77,-26.701877934268587,2025-11-13 12:25:46.237470,2025-11-13 12:25:47.020472,0 days 00:00:00.783002,61.73241763947076,14.741180445049633,0.11953147231799505,Ag,COMPLETE
78,-44.715447154449805,2025-11-13 12:25:46.198007,2025-11-13 12:25:46.799009,0 days 00:00:00.601002,70.48371244530287,3.2619117379169453,0.10042287513997983,Ag,COMPLETE
79,-130.35714285713357,2025-11-13 12:25:46.262737,2025-11-13 12:25:46.782825,0 days 00:00:00.520088,24.13247536137964,17.435903833132212,0.10150819602867242,Ag,COMPLETE
80,-1.1150234741783764,2025-11-13 12:25:46.331155,2025-11-13 12:25:47.312193,0 days 00:00:00.981038,22.17879231218746,3.273920359378985,0.1251919904026903,Ag,COMPLETE
81,-0.8992805755395424,2025-11-13 12:25:46.589176,2025-11-13 12:25:47.633414,0 days 00:00:01.044238,21.867402389795423,18.738441665647947,0.3426739108716452,Ag,COMPLETE
82,-14.79076479076353,2025-11-13 12:25:46.743879,2025-11-13 12:25:47.422325,0 days 00:00:00.678446,33.8524845312881,16.845317724963476,0.43790704972469385,Ag,COMPLETE
83,-0.8928571428571173,2025-11-13 12:25:47.036240,2025-11-13 12:25:47.437801,0 days 00:00:00.401561,20.260152641467826,16.689428918795866,0.36732022377287266,Ag,COMPLETE
84,-1.0806916426512656,2025-11-13 12:25:47.114646,2025-11-13 12:25:47.758273,0 days 00:00:00.643627,22.44756752234036,19.00543151766244,0.3906095097790666,Ag,COMPLETE
85,-9.293680297397081,2025-11-13 12:25:47.151334,2025-11-13 12:25:47.633414,0 days 00:00:00.482080,26.166054820053674,17.398192285405152,0.34026740044999965,Ag,COMPLETE
86,-8.454106280192624,2025-11-13 12:25:47.180075,2025-11-13 12:25:47.813730,0 days 00:00:00.633655,25.273940902608835,16.993980116867192,0.3603830654203416,Ag,COMPLETE
87,-8.290816326529752,2025-11-13 12:25:47.296286,2025-11-13 12:25:48.071678,0 days 00:00:00.775392,25.948355306633946,1.4185946859898628,0.1857007989376595,Ag,COMPLETE
88,-48.611111111084135,2025-11-13 12:25:47.534711,2025-11-13 12:25:48.063664,0 days 00:00:00.528953,61.99238053879692,0.9861486454118003,0.1985707396023487,Ag,COMPLETE
89,-8.01787592008361,2025-11-13 12:25:47.543632,2025-11-13 12:25:48.248363,0 days 00:00:00.704731,26.839565585091364,12.567789107906018,1.2505642829002468,Cu,COMPLETE
90,-13.976793248943373,2025-11-13 12:25:47.711417,2025-11-13 12:25:48.247871,0 days 00:00:00.536454,62.20765949989525,0.9805572006520233,1.246543648615391,Cu,COMPLETE
91,-48.809523809495936,2025-11-13 12:25:47.962378,2025-11-13 12:25:48.828501,0 days 00:00:00.866123,69.13284169225923,0.5192811100892284,0.30506181594515813,Ag,COMPLETE
92,-51.47058823526383,2025-11-13 12:25:48.153273,2025-11-13 12:25:48.686482,0 days 00:00:00.533209,70.34307639725382,0.6027190601071939,0.2904293414667155,Ag,COMPLETE
93,-49.99999999997152,2025-11-13 12:25:48.196415,2025-11-13 12:25:48.686482,0 days 00:00:00.490067,70.38849776288366,0.5564401392894064,0.2921387913928414,Ag,COMPLETE
94,-49.99999999997152,2025-11-13 12:25:48.269320,2025-11-13 12:25:48.781283,0 days 00:00:00.511963,69.62274291231058,0.5520127295262861,0.29353457195700433,Ag,COMPLETE
95,-49.99999999997132,2025-11-13 12:25:48.286286,2025-11-13 12:25:48.781283,0 days 00:00:00.494997,69.77682475067928,0.7465867089498668,0.27978326876088033,Ag,COMPLETE
96,-51.47058823526383,2025-11-13 12:25:48.443595,2025-11-13 12:25:49.003673,0 days 00:00:00.560078,68.80284256922688,0.5665142246254257,0.3116275121758755,Ag,COMPLETE
97,-37.581699346390316,2025-11-13 12:25:48.663342,2025-11-13 12:25:49.167465,0 days 00:00:00.504123,79.98701954636336,4.068736186274227,0.15651485121214131,Ag,COMPLETE
98,-13.40996168582273,2025-11-13 12:25:48.768193,2025-11-13 12:25:49.263860,0 days 00:00:00.495667,80.41066497981609,4.032943667741458,1.5170420671500442,Au,COMPLETE
99,-2.2897585345545046,2025-11-13 12:25:48.932308,2025-11-13 12:25:49.649076,0 days 00:00:00.716768,106.95231245692537,2.1112322995855,0.5097039481049253,Au,COMPLETE
100,-17.668776371305817,2025-11-13 12:25:48.968628,2025-11-13 12:25:49.436491,0 days 00:00:00.467863,72.59870423736575,2.119095563530757,0.5107189486626142,Au,COMPLETE
101,-16.025641025639217,2025-11-13 12:25:49.003673,2025-11-13 12:25:49.503078,0 days 00:00:00.499405,72.95026168373491,1.4649828584065454,1.508811143241515,Au,COMPLETE
102,-17.73648648648411,2025-11-13 12:25:49.097756,2025-11-13 12:25:49.500078,0 days 00:00:00.402322,64.97493852053385,1.5539027684122284,0.5241940657139283,Au,COMPLETE
103,7.026143790849563,2025-11-13 12:25:49.194716,2025-11-13 12:25:49.816816,0 days 00:00:00.622100,107.7809908150134,14.420876641565629,0.43337448476861584,Ag,COMPLETE
104,-1.6304347826086645,2025-11-13 12:25:49.376700,2025-11-13 12:25:49.932661,0 days 00:00:00.555961,101.9210326076822,1.1408247097928896,1.7588603289624978,Ag,COMPLETE
105,-31.249999999992188,2025-11-13 12:25:49.546686,2025-11-13 12:25:50.153776,0 days 00:00:00.607090,65.37687721033488,9.994567474684878,0.2312354159126729,Ag,COMPLETE
106,-26.930894308939838,2025-11-13 12:25:49.750004,2025-11-13 12:25:50.202341,0 days 00:00:00.452337,65.685665221016,16.036577488263553,0.2259103117587088,Ag,COMPLETE
107,-47.29729729727182,2025-11-13 12:25:49.850100,2025-11-13 12:25:50.405461,0 days 00:00:00.555361,65.76352099545876,1.5648728313420897,0.22089257165138082,Ag,COMPLETE
108,-47.29729729727182,2025-11-13 12:25:49.883784,2025-11-13 12:25:50.386733,0 days 00:00:00.502949,60.18992279305409,1.4557232403581852,0.1697494617268639,Ag,COMPLETE
109,-49.76851851849095,2025-11-13 12:25:49.966919,2025-11-13 12:25:50.254243,0 days 00:00:00.287324,65.03593359956409,1.4424493616235172,0.21607341897826066,Ag,COMPLETE
110,-47.29729729727148,2025-11-13 12:25:50.028615,2025-11-13 12:25:50.562250,0 days 00:00:00.533635,59.679790771176094,1.3698956504299904,0.17557001933148741,Ag,COMPLETE
111,-44.871794871771776,2025-11-13 12:25:50.254243,2025-11-13 12:25:50.700858,0 days 00:00:00.446615,55.415454378670965,0.9536548940269076,0.13949683512201527,Ag,COMPLETE
112,-23.373983739831736,2025-11-13 12:25:50.363266,2025-11-13 12:25:50.735881,0 days 00:00:00.372615,82.66252957808283,2.204662393985854,1.8518588689682083,Ag,COMPLETE
113,-49.99999999997132,2025-11-13 12:25:50.515246,2025-11-13 12:25:51.299060,0 days 00:00:00.783814,68.91307570118542,1.0089594387314322,0.26454056406195164,Ag,COMPLETE
114,-34.97023809522566,2025-11-13 12:25:50.515246,2025-11-13 12:25:50.909902,0 days 00:00:00.394656,68.71787715129447,2.183482955164582,1.8225532339814408,Ag,COMPLETE
115,-45.94017094014722,2025-11-13 12:25:50.402390,2025-11-13 12:25:51.113094,0 days 00:00:00.710704,68.4474640451659,2.222255827712134,0.2738320018450682,Ag,COMPLETE
116,-45.94017094014738,2025-11-13 12:25:50.717935,2025-11-13 12:25:51.025526,0 days 00:00:00.307591,78.19955769858504,0.9215301318417211,0.26157701398772915,Ag,COMPLETE
117,-16.025641025637924,2025-11-13 12:25:50.821912,2025-11-13 12:25:51.331506,0 days 00:00:00.509594,34.45090020696795,0.9329085869111375,0.32280652675774557,Ag,COMPLETE
118,-48.61111111108394,2025-11-13 12:25:50.848519,2025-11-13 12:25:51.464508,0 days 00:00:00.615989,72.17874167052585,0.8453920837505888,0.32835469322527,Ag,COMPLETE
119,-43.560606060586124,2025-11-13 12:25:51.018478,2025-11-13 12:25:51.594989,0 days 00:00:00.576511,71.63698408399713,3.209688923430767,0.40204636822545714,Ag,COMPLETE
120,-42.61363636361706,2025-11-13 12:25:51.196826,2025-11-13 12:25:51.804050,0 days 00:00:00.607224,63.20926789922493,3.141976665492085,0.3837176000464402,Ag,COMPLETE
121,-46.171171171146376,2025-11-13 12:25:51.333541,2025-11-13 12:25:51.806150,0 days 00:00:00.472609,58.24074273806273,0.5291529042561949,0.36596727954945063,Ag,COMPLETE
122,-48.8095238094959,2025-11-13 12:25:51.513796,2025-11-13 12:25:52.241502,0 days 00:00:00.727706,63.41872097062078,0.5295857327635576,0.37193623585023633,Ag,COMPLETE
123,-22.206959706957267,2025-11-13 12:25:51.548254,2025-11-13 12:25:52.129953,0 days 00:00:00.581699,62.59331076903963,13.379126813027465,1.9425296754736092,Ag,COMPLETE
124,-45.833333333310414,2025-11-13 12:25:51.730010,2025-11-13 12:25:52.152326,0 days 00:00:00.422316,67.19741426070041,1.8842557514856086,0.4560814541860557,Ag,COMPLETE
125,-10.28806584362012,2025-11-13 12:25:51.850154,2025-11-13 12:25:52.786880,0 days 00:00:00.936726,28.688161114856918,1.6702395220700148,0.2503541578419565,Ag,COMPLETE
126,-10.822510822509418,2025-11-13 12:25:51.978245,2025-11-13 12:25:52.278932,0 days 00:00:00.300687,29.500024342119243,1.8513797488466603,0.1995832376918653,Ag,COMPLETE
127,-48.42342342339707,2025-11-13 12:25:52.081390,2025-11-13 12:25:52.755709,0 days 00:00:00.674319,74.26746198607468,1.1989484506838337,0.255790748101831,Ag,COMPLETE
128,-48.6111111110841,2025-11-13 12:25:52.129953,2025-11-13 12:25:52.818138,0 days 00:00:00.688185,73.68400336376429,1.1519444573445778,0.10330859883751226,Ag,COMPLETE
129,-15.318627450978095,2025-11-13 12:25:52.310143,2025-11-13 12:25:53.179074,0 days 00:00:00.868931,67.00051978783912,0.8497812062804773,0.14473941966475812,Cu,COMPLETE
130,-0.8573388203017691,2025-11-13 12:25:52.349594,2025-11-13 12:25:53.212583,0 days 00:00:00.862989,70.98491479181918,19.66189008947946,0.15052540473617693,Cu,COMPLETE
131,-12.35177865612552,2025-11-13 12:25:52.708840,2025-11-13 12:25:53.228083,0 days 00:00:00.519243,72.09828149500278,8.136617544598568,0.14337617415563972,Cu,COMPLETE
132,-0.664010624169976,2025-11-13 12:25:52.724475,2025-11-13 12:25:53.104742,0 days 00:00:00.380267,67.49121813710059,15.09870971932781,0.8361707574641125,Cu,COMPLETE
133,-13.554216867468199,2025-11-13 12:25:52.833758,2025-11-13 12:25:53.315677,0 days 00:00:00.481919,71.16977686757913,2.519695541017785,0.1537830019451613,Cu,COMPLETE
134,-48.809523809495936,2025-11-13 12:25:53.274963,2025-11-13 12:25:53.807045,0 days 00:00:00.532082,76.54954943905707,0.5112869643473521,0.20560630740982433,Ag,COMPLETE
135,-47.29729729727182,2025-11-13 12:25:53.228083,2025-11-13 12:25:53.807045,0 days 00:00:00.578962,76.34076607513933,0.5404683103242229,0.32340564453095444,Ag,COMPLETE
136,-47.453703703677256,2025-11-13 12:25:53.212583,2025-11-13 12:25:53.774832,0 days 00:00:00.562249,60.724210602323375,0.5007986618353663,0.3107949174270496,Ag,COMPLETE
137,-47.29729729727182,2025-11-13 12:25:53.349100,2025-11-13 12:25:53.807045,0 days 00:00:00.457945,76.80789865357572,0.52265822432468,0.3137638410080708,Ag,COMPLETE
138,-33.48214285713095,2025-11-13 12:25:53.402885,2025-11-13 12:25:54.231691,0 days 00:00:00.828806,77.13696956177864,1.2209124779961926,1.6664907612353497,Ag,COMPLETE
139,-46.0526315789233,2025-11-13 12:25:53.407880,2025-11-13 12:25:53.955152,0 days 00:00:00.547272,75.78857948442898,1.2555234509117803,0.31616746077717356,Ag,COMPLETE
140,-36.6666666666521,2025-11-13 12:25:53.463094,2025-11-13 12:25:54.231691,0 days 00:00:00.768597,66.6753477483512,1.216741663573949,1.7158732150290783,Ag,COMPLETE
141,21.223470661672593,2025-11-13 12:25:53.743443,2025-11-13 12:25:54.297149,0 days 00:00:00.553706,66.28864575878544,18.306115168033575,0.24856213364319343,Ag,COMPLETE
142,-48.423423423397416,2025-11-13 12:25:53.998931,2025-11-13 12:25:54.543453,0 days 00:00:00.544522,69.6880917723443,1.7250719796930443,0.2800049785858804,Ag,COMPLETE
143,-48.42342342339725,2025-11-13 12:25:54.181794,2025-11-13 12:25:54.647421,0 days 00:00:00.465627,69.94074457507102,1.6359930604273678,0.2912923133536415,Ag,COMPLETE
144,-48.61111111108426,2025-11-13 12:25:54.204644,2025-11-13 12:25:54.986805,0 days 00:00:00.782161,69.68076098379031,0.8697839047925655,0.42402295580604177,Ag,COMPLETE
145,-48.423423423397416,2025-11-13 12:25:54.272797,2025-11-13 12:25:54.664123,0 days 00:00:00.391326,69.9098582031614,1.7012645133939421,0.28542951040177705,Ag,COMPLETE
146,-47.14912280699298,2025-11-13 12:25:54.312253,2025-11-13 12:25:54.955547,0 days 00:00:00.643294,64.5456586200352,0.9169405773519712,0.6512290926721953,Ag,COMPLETE
147,-47.14912280699298,2025-11-13 12:25:54.350700,2025-11-13 12:25:54.924298,0 days 00:00:00.573598,69.89501923564728,1.662680987329606,0.28939379869736787,Ag,COMPLETE
148,-48.61111111108426,2025-11-13 12:25:54.423941,2025-11-13 12:25:55.094506,0 days 00:00:00.670565,64.07148368954884,0.8694591830362828,0.41896376699914567,Ag,COMPLETE
149,-49.99999999997132,2025-11-13 12:25:54.681647,2025-11-13 12:25:55.687532,0 days 00:00:01.005885,64.325325917489,0.8673680323970646,0.19989290213742222,Ag,COMPLETE
150,-35.919540229872865,2025-11-13 12:25:54.664123,2025-11-13 12:25:55.198170,0 days 00:00:00.534047,64.26512259814491,6.316524530637393,0.42058346895306603,Ag,COMPLETE
151,-19.402035623406675,2025-11-13 12:25:54.814182,2025-11-13 12:25:55.297666,0 days 00:00:00.483484,73.73705588810387,0.9183183995990318,0.18277196090935663,Au,COMPLETE
152,-19.510582010578915,2025-11-13 12:25:55.138372,2025-11-13 12:25:55.718691,0 days 00:00:00.580319,73.57288184428853,0.5041431557963663,0.18600261205776616,Au,COMPLETE
153,-49.99999999997149,2025-11-13 12:25:55.201156,2025-11-13 12:25:55.994473,0 days 00:00:00.793317,68.0083214931375,0.5613743664166018,0.3569519506781603,Ag,COMPLETE
154,-50.24509803918605,2025-11-13 12:25:55.281610,2025-11-13 12:25:55.815069,0 days 00:00:00.533459,67.79056071393613,0.508400471586911,0.22566657853730293,Ag,COMPLETE
155,-0.5868544600938801,2025-11-13 12:25:55.218775,2025-11-13 12:25:55.849604,0 days 00:00:00.630829,24.29050468266321,1.2888530694892424,0.19536165114249907,Au,COMPLETE
156,-48.6111111110841,2025-11-13 12:25:55.336853,2025-11-13 12:25:56.396251,0 days 00:00:01.059398,67.82299369375873,1.3449080946822805,0.23451675121746163,Ag,COMPLETE
157,-48.61111111108375,2025-11-13 12:25:55.751160,2025-11-13 12:25:56.363938,0 days 00:00:00.612778,67.48182252901081,1.2557170268809459,0.23908006824714273,Ag,COMPLETE
158,-48.423423423397416,2025-11-13 12:25:55.815069,2025-11-13 12:25:56.365001,0 days 00:00:00.549932,66.03298891574318,1.3873522213096372,0.349280812228509,Ag,COMPLETE
159,-31.770833333325353,2025-11-13 12:25:55.865800,2025-11-13 12:25:56.380627,0 days 00:00:00.514827,67.59577806791593,10.007898794941962,0.2357340824810653,Ag,COMPLETE
160,-48.6111111110841,2025-11-13 12:25:55.963143,2025-11-13 12:25:56.459135,0 days 00:00:00.495992,67.28624516961469,1.3434448139104493,0.2430775607216994,Ag,COMPLETE
161,-9.598603839440534,2025-11-13 12:25:56.112194,2025-11-13 12:25:56.659188,0 days 00:00:00.546994,93.0266717541918,2.019454424257898,0.10276647746252941,Ag,COMPLETE
162,-48.809523809495936,2025-11-13 12:25:56.255847,2025-11-13 12:25:56.847050,0 days 00:00:00.591203,71.53839690223359,0.5124330809672738,0.29979957817551045,Ag,COMPLETE
163,-48.611111111084135,2025-11-13 12:25:56.427502,2025-11-13 12:25:57.180146,0 days 00:00:00.752644,61.85261397064314,0.8366582618879697,0.29237489517426574,Ag,COMPLETE
164,-48.809523809495936,2025-11-13 12:25:56.515394,2025-11-13 12:25:56.915247,0 days 00:00:00.399853,70.68578192074293,0.5184703773211933,0.298353074194894,Ag,COMPLETE
165,-48.6111111110841,2025-11-13 12:25:56.565881,2025-11-13 12:25:57.232151,0 days 00:00:00.666270,70.60807723596139,0.8911366486781074,0.33142342046823203,Ag,COMPLETE
166,-48.809523809495936,2025-11-13 12:25:56.572842,2025-11-13 12:25:57.180146,0 days 00:00:00.607304,71.35093296662527,0.7905540210535089,0.3005851615408903,Ag,COMPLETE
167,-48.611111111084135,2025-11-13 12:25:56.690433,2025-11-13 12:25:57.059955,0 days 00:00:00.369522,62.32467009192084,0.8601374390507464,0.2674524191373789,Ag,COMPLETE
168,-28.21180555554965,2025-11-13 12:25:56.862679,2025-11-13 12:25:57.622797,0 days 00:00:00.760118,73.08054855025107,10.862452560728757,0.37317453491618197,Ag,COMPLETE
169,-39.062499999983785,2025-11-13 12:25:57.012978,2025-11-13 12:25:57.638423,0 days 00:00:00.625445,73.79674617011032,1.912874709510595,1.0961040034381537,Ag,COMPLETE
170,-19.40993788819637,2025-11-13 12:25:57.180146,2025-11-13 12:25:57.529049,0 days 00:00:00.348903,47.45026252494516,12.243236674118794,1.4042422793016192,Ag,COMPLETE
171,-48.61111111108426,2025-11-13 12:25:57.248194,2025-11-13 12:25:57.805508,0 days 00:00:00.557314,65.41345201403843,1.1302812048703883,0.22042281083112852,Ag,COMPLETE
172,-45.83333333331025,2025-11-13 12:25:57.270242,2025-11-13 12:25:57.762452,0 days 00:00:00.492210,72.90037688348808,2.1694838196444177,0.36045316929361415,Ag,COMPLETE
173,-47.453703703677256,2025-11-13 12:25:57.466710,2025-11-13 12:25:58.246699,0 days 00:00:00.779989,59.13780779598221,0.5110249881926557,0.22415326311517642,Ag,COMPLETE
174,-31.926406926398702,2025-11-13 12:25:57.544672,2025-11-13 12:25:58.330690,0 days 00:00:00.786018,68.38252853143386,9.462214587405384,0.26245949039756666,Ag,COMPLETE
175,-49.99999999997149,2025-11-13 12:25:57.689621,2025-11-13 12:25:58.012242,0 days 00:00:00.322621,69.30184755246206,1.029786679336003,0.266008409625183,Ag,COMPLETE
176,-53.03030303027077,2025-11-13 12:25:57.847510,2025-11-13 12:25:58.432280,0 days 00:00:00.584770,65.69063843294985,0.5279458817651681,0.1770578088811884,Ag,COMPLETE
177,-32.22222222221352,2025-11-13 12:25:57.884845,2025-11-13 12:25:58.569975,0 days 00:00:00.685130,65.60608701970935,9.429786486708139,0.1739085688548758,Ag,COMPLETE
178,-26.92307692307275,2025-11-13 12:25:57.967986,2025-11-13 12:25:58.616073,0 days 00:00:00.648087,65.44811756330404,13.982213082859246,0.16031922609661944,Ag,COMPLETE
179,-26.67682926828941,2025-11-13 12:25:58.199847,2025-11-13 12:25:58.767913,0 days 00:00:00.568066,65.5957494106397,16.268537763864146,0.16123128701393272,Ag,COMPLETE
180,-27.096114519424148,2025-11-13 12:25:58.330690,2025-11-13 12:25:59.037947,0 days 00:00:00.707257,65.73004055755952,15.920766373414109,0.20317492168358287,Ag,COMPLETE
181,-51.190476190446745,2025-11-13 12:25:58.381036,2025-11-13 12:25:58.919905,0 days 00:00:00.538869,65.82752338069736,1.4347153469806169,0.1421761564824213,Ag,COMPLETE
182,-48.61111111108426,2025-11-13 12:25:58.569975,2025-11-13 12:25:59.065283,0 days 00:00:00.495308,62.25926785965117,1.5762314978088705,0.1246660078188558,Ag,COMPLETE
183,-1.1134552273792424,2025-11-13 12:25:58.528826,2025-11-13 12:25:59.065283,0 days 00:00:00.536457,23.820241313469673,1.456563368613446,0.1247907758338275,Ag,COMPLETE
184,-49.99999999997132,2025-11-13 12:25:58.813850,2025-11-13 12:25:59.350830,0 days 00:00:00.536980,68.88165337827552,1.082553387297219,0.20197618328214734,Ag,COMPLETE
185,-51.47058823526388,2025-11-13 12:25:58.947926,2025-11-13 12:25:59.350830,0 days 00:00:00.402904,68.7322030608685,0.969446851084044,0.19671369743496797,Ag,COMPLETE
186,-40.74074074072269,2025-11-13 12:25:58.949092,2025-11-13 12:25:59.591198,0 days 00:00:00.642106,68.8228505241626,0.982954692070863,1.3073309702717482,Ag,COMPLETE
187,-49.99999999997173,2025-11-13 12:25:59.081477,2025-11-13 12:25:59.464318,0 days 00:00:00.382841,68.50534700763149,0.9889686521595464,0.21535494038402048,Ag,COMPLETE
188,-49.99999999997132,2025-11-13 12:25:59.166865,2025-11-13 12:25:59.622042,0 days 00:00:00.455177,63.854649388247964,0.8896417430633303,0.17081829248248828,Ag,COMPLETE
189,-49.99999999997173,2025-11-13 12:25:59.280927,2025-11-13 12:25:59.813531,0 days 00:00:00.532604,63.02590279177983,1.0451588807132135,0.18133558655452237,Ag,COMPLETE
190,-48.6111111110841,2025-11-13 12:25:59.445489,2025-11-13 12:25:59.826545,0 days 00:00:00.381056,63.887016828521595,1.5484964267337236,0.10657808121156143,Ag,COMPLETE
191,-1.4297385620914798,2025-11-13 12:25:59.512670,2025-11-13 12:26:00.147429,0 days 00:00:00.634759,114.4454453088357,1.1604601660182627,0.2262991354011228,Ag,COMPLETE
192,-49.99999999997149,2025-11-13 12:25:59.684243,2025-11-13 12:26:00.147429,0 days 00:00:00.463186,66.81445984449385,1.0935517682172384,0.22116515239246876,Ag,COMPLETE
193,-47.297297297271975,2025-11-13 12:25:59.767601,2025-11-13 12:26:00.339806,0 days 00:00:00.572205,60.17513062929897,1.160988154163054,0.21033280828792084,Ag,COMPLETE
194,-1.429738562091475,2025-11-13 12:25:59.864451,2025-11-13 12:26:00.371148,0 days 00:00:00.506697,114.2684285941792,1.2306964094256103,0.21565588835466326,Ag,COMPLETE
195,-50.24509803918605,2025-11-13 12:25:59.897676,2025-11-13 12:26:00.230527,0 days 00:00:00.332851,66.85430272172998,0.5083763914841442,0.22022778721499434,Ag,COMPLETE
196,-48.61111111108426,2025-11-13 12:25:59.987988,2025-11-13 12:26:00.599682,0 days 00:00:00.611694,60.735314788861565,0.853846398538987,0.15227011406840785,Ag,COMPLETE
197,-49.99999999997132,2025-11-13 12:26:00.049070,2025-11-13 12:26:00.636180,0 days 00:00:00.587110,60.51082392870325,0.5543909224167279,0.15092248237797085,Ag,COMPLETE
198,-18.39080459769862,2025-11-13 12:26:00.230527,2025-11-13 12:26:00.836120,0 days 00:00:00.605593,68.11035603248835,1.9226676703072427,0.250209013716107,Au,COMPLETE
199,-18.550228310499705,2025-11-13 12:26:00.465032,2025-11-13 12:26:00.854706,0 days 00:00:00.389674,67.96978711263594,1.9369941051297437,0.26119882643932846,Au,COMPLETE
200,-18.356643356640802,2025-11-13 12:26:00.501125,2025-11-13 12:26:01.081882,0 days 00:00:00.580757,68.454830510069,1.762443027076366,0.2601667541634606,Au,COMPLETE
201,-18.678160919537643,2025-11-13 12:26:00.578130,2025-11-13 12:26:01.070175,0 days 00:00:00.492045,68.1923001774122,1.8929586273714534,0.25916606748197757,Au,COMPLETE
202,-0.3097893432465877,2025-11-13 12:26:00.647010,2025-11-13 12:26:01.334600,0 days 00:00:00.687590,71.67100529837685,17.52489561804543,0.18812387727258395,Ag,COMPLETE
203,-0.7342143906020427,2025-11-13 12:26:00.679964,2025-11-13 12:26:01.113765,0 days 00:00:00.433801,67.43982371942157,17.674510302145215,0.2573349775175964,Au,COMPLETE
204,-51.47058823526383,2025-11-13 12:26:01.010048,2025-11-13 12:26:01.514615,0 days 00:00:00.504567,71.34351635203353,0.5200037782331302,0.1854031632520573,Ag,COMPLETE
205,-49.99999999997149,2025-11-13 12:26:01.162143,2025-11-13 12:26:01.503401,0 days 00:00:00.341258,71.49747908069479,0.7701564204957532,0.17989419652569386,Ag,COMPLETE
206,-50.24509803918605,2025-11-13 12:26:01.163921,2025-11-13 12:26:01.644478,0 days 00:00:00.480557,63.74303938109226,0.584904688376744,0.17066041147649794,Ag,COMPLETE
207,-51.76767676764536,2025-11-13 12:26:01.210174,2025-11-13 12:26:01.795553,0 days 00:00:00.585379,63.46852999157274,0.5160000294539683,0.12425854330977021,Ag,COMPLETE
208,-49.99999999997152,2025-11-13 12:26:01.413599,2025-11-13 12:26:01.867125,0 days 00:00:00.453526,63.64517091423809,0.5085786789914202,0.33184580550098636,Ag,COMPLETE
209,-49.99999999997149,2025-11-13 12:26:01.444872,2025-11-13 12:26:01.930904,0 days 00:00:00.486032,64.06041742954733,0.8245781438819215,0.14069003648321154,Ag,COMPLETE
210,-50.245098039186,2025-11-13 12:26:01.515137,2025-11-13 12:26:01.985291,0 days 00:00:00.470154,63.360115779221914,0.5849597359713533,0.10683087413370672,Ag,COMPLETE
211,-47.45370370367742,2025-11-13 12:26:01.751219,2025-11-13 12:26:02.181895,0 days 00:00:00.430676,57.00193096603231,0.5274018001740862,0.10003415614399769,Ag,COMPLETE
212,-53.03030303027077,2025-11-13 12:26:01.795553,2025-11-13 12:26:02.414323,0 days 00:00:00.618770,65.7888067208678,0.5712705433923628,0.13341548749875645,Ag,COMPLETE
213,-51.76767676764536,2025-11-13 12:26:01.930904,2025-11-13 12:26:02.414323,0 days 00:00:00.483419,65.96904577993949,0.5143612103042874,0.13043415867789843,Ag,COMPLETE
214,-47.45370370367742,2025-11-13 12:26:01.996965,2025-11-13 12:26:02.669400,0 days 00:00:00.672435,56.8026086597923,0.5260162990391835,0.11607630312275635,Ag,COMPLETE
215,-49.99999999997136,2025-11-13 12:26:02.050227,2025-11-13 12:26:02.533362,0 days 00:00:00.483135,65.83713117880369,1.4109620771767846,0.10212132630969292,Ag,COMPLETE
216,-49.99999999997116,2025-11-13 12:26:02.152042,2025-11-13 12:26:02.682051,0 days 00:00:00.530009,66.46918868805516,1.4021801185775586,0.14157537538134354,Ag,COMPLETE
217,-51.76767676764536,2025-11-13 12:26:02.181895,2025-11-13 12:26:02.915998,0 days 00:00:00.734103,70.67176493396421,0.5349757103058617,0.13846498257300688,Ag,COMPLETE
218,-51.76767676764536,2025-11-13 12:26:02.363516,2025-11-13 12:26:02.915998,0 days 00:00:00.552482,70.09712559832505,0.5335532034113135,0.13632538798013016,Ag,COMPLETE
219,-51.47058823526383,2025-11-13 12:26:02.568848,2025-11-13 12:26:02.884472,0 days 00:00:00.315624,69.77297909291097,0.8833453213371258,0.17652085252094324,Ag,COMPLETE
220,-49.99999999997136,2025-11-13 12:26:02.631495,2025-11-13 12:26:03.299424,0 days 00:00:00.667929,70.61170840746605,0.9910682099466259,0.14494607684716512,Ag,COMPLETE
221,-51.4705882352638,2025-11-13 12:26:02.816716,2025-11-13 12:26:03.145428,0 days 00:00:00.328712,70.99358535460763,0.8595490702698619,0.1416421229651549,Ag,COMPLETE
222,-49.999999999971564,2025-11-13 12:26:02.846455,2025-11-13 12:26:03.408841,0 days 00:00:00.562386,70.54566402970471,1.064448327967584,0.14165869705800857,Ag,COMPLETE
223,-51.47058823526383,2025-11-13 12:26:02.931817,2025-11-13 12:26:03.324862,0 days 00:00:00.393045,70.74048319727105,0.923232220303787,0.13330376910104966,Ag,COMPLETE
224,-48.6111111110841,2025-11-13 12:26:03.086369,2025-11-13 12:26:04.064945,0 days 00:00:00.978576,72.76076246216006,1.4637586889886904,0.16969976459483743,Ag,COMPLETE
225,-35.1562499999891,2025-11-13 12:26:03.035568,2025-11-13 12:26:03.854670,0 days 00:00:00.819102,72.95461766581573,7.8468083124200945,0.14498408034920096,Ag,COMPLETE
226,-49.76851851849078,2025-11-13 12:26:03.279771,2025-11-13 12:26:04.018018,0 days 00:00:00.738247,74.46735581710197,1.3928169837431452,0.16704629732569418,Ag,COMPLETE
227,-48.61111111108375,2025-11-13 12:26:03.330335,2025-11-13 12:26:04.064945,0 days 00:00:00.734610,74.09778800972316,1.3666042100028069,0.14041501243699384,Ag,COMPLETE
228,-48.42342342339725,2025-11-13 12:26:03.509506,2025-11-13 12:26:04.316586,0 days 00:00:00.807080,74.65508013968014,1.4047483885496255,0.17407983790899761,Ag,COMPLETE
229,-50.24509803918621,2025-11-13 12:26:03.627520,2025-11-13 12:26:04.571683,0 days 00:00:00.944163,71.79178668105924,0.8559944079677944,0.10259198286215845,Ag,COMPLETE
230,-51.4705882352638,2025-11-13 12:26:03.964024,2025-11-13 12:26:04.548287,0 days 00:00:00.584263,70.36550110651433,0.8978177284925124,0.10885758922851901,Ag,COMPLETE
231,-50.245098039186,2025-11-13 12:26:03.979645,2025-11-13 12:26:04.455277,0 days 00:00:00.475632,70.44727929612584,0.9136231932682808,0.12176808998137438,Ag,COMPLETE
232,-51.4705882352638,2025-11-13 12:26:04.316586,2025-11-13 12:26:04.862728,0 days 00:00:00.546142,69.998404434677,0.9056017494659526,0.11237193586238178,Ag,COMPLETE
233,-51.47058823526383,2025-11-13 12:26:04.391972,2025-11-13 12:26:04.962077,0 days 00:00:00.570105,69.74744578008776,0.859977555915685,0.19162717332385898,Ag,COMPLETE
234,-51.47058823526383,2025-11-13 12:26:04.107056,2025-11-13 12:26:04.835429,0 days 00:00:00.728373,69.64301279138589,0.9070274648948933,0.17640731121445236,Ag,COMPLETE
235,-51.47058823526383,2025-11-13 12:26:04.471287,2025-11-13 12:26:05.243125,0 days 00:00:00.771838,69.77990946826783,0.9647625648712937,0.1322816617271888,Ag,COMPLETE
236,-51.4705882352638,2025-11-13 12:26:04.572688,2025-11-13 12:26:05.121611,0 days 00:00:00.548923,69.8117090826308,0.9011568890727885,0.10343218051311451,Ag,COMPLETE
237,-51.4705882352638,2025-11-13 12:26:04.773545,2025-11-13 12:26:05.280150,0 days 00:00:00.506605,69.98691132148792,0.8803612378146808,0.10530673616264144,Ag,COMPLETE
238,-40.816326530595404,2025-11-13 12:26:04.824320,2025-11-13 12:26:05.331490,0 days 00:00:00.507170,69.86941342027873,5.452765939703525,0.10029453052758579,Ag,COMPLETE
239,-53.03030303027077,2025-11-13 12:26:04.920625,2025-11-13 12:26:05.463960,0 days 00:00:00.543335,70.18685666177561,0.9554832640457829,0.1029600136659464,Ag,COMPLETE
240,-49.99999999997149,2025-11-13 12:26:05.193349,2025-11-13 12:26:05.940939,0 days 00:00:00.747590,72.70801528716692,1.164709438345166,0.18752751989669236,Ag,COMPLETE
241,-28.005464480865214,2025-11-13 12:26:05.353965,2025-11-13 12:26:05.715242,0 days 00:00:00.361277,43.53338273914066,1.138399500580901,0.18325731289034825,Ag,COMPLETE
242,-51.4705882352638,2025-11-13 12:26:05.397320,2025-11-13 12:26:06.570222,0 days 00:00:01.172902,72.4787456435131,0.8558863486872954,0.14360787205208592,Ag,COMPLETE
243,-51.190476190446915,2025-11-13 12:26:05.437471,2025-11-13 12:26:05.734187,0 days 00:00:00.296716,71.646537860907,1.1991772542836896,0.18590542686752673,Ag,COMPLETE
244,-49.99999999997149,2025-11-13 12:26:05.463960,2025-11-13 12:26:05.940939,0 days 00:00:00.476979,72.2182792723525,1.1694356136314905,0.18842732656757655,Ag,COMPLETE
245,-51.4705882352638,2025-11-13 12:26:05.463960,2025-11-13 12:26:06.004794,0 days 00:00:00.540834,71.73573837870471,0.8475542277102495,0.13751564007713166,Ag,COMPLETE
246,-48.61111111108426,2025-11-13 12:26:05.546322,2025-11-13 12:26:05.894061,0 days 00:00:00.347739,72.641661856253,1.1561968046328652,0.18430103864855374,Ag,COMPLETE
247,-53.03030303027095,2025-11-13 12:26:05.795859,2025-11-13 12:26:06.311226,0 days 00:00:00.515367,69.52080064952158,0.8128702770551057,0.14764026210128084,Ag,COMPLETE
248,-50.24509803918621,2025-11-13 12:26:06.049218,2025-11-13 12:26:06.507376,0 days 00:00:00.458158,69.65535134168614,0.786011419890678,0.13905959260576084,Ag,COMPLETE
249,-48.8095238094959,2025-11-13 12:26:06.099233,2025-11-13 12:26:06.601490,0 days 00:00:00.502257,74.80293314523416,0.8034695120977989,0.14124812969425013,Ag,COMPLETE
250,-2.813260340632558,2025-11-13 12:26:06.116922,2025-11-13 12:26:06.621659,0 days 00:00:00.504737,96.03814250553685,12.794461735647838,0.13904248260407803,Ag,COMPLETE
251,-42.65873015870962,2025-11-13 12:26:06.132581,2025-11-13 12:26:06.637562,0 days 00:00:00.504981,75.00601280770826,0.5210666636438651,0.9027782259157207,Ag,COMPLETE
252,-48.8095238094959,2025-11-13 12:26:06.199297,2025-11-13 12:26:06.966549,0 days 00:00:00.767252,75.38553081878803,0.7774207976054226,0.14887063097759984,Ag,COMPLETE
253,-49.99999999997132,2025-11-13 12:26:06.264008,2025-11-13 12:26:06.585866,0 days 00:00:00.321858,75.3397554902868,0.7627456982569247,0.15181026264099232,Ag,COMPLETE
254,-9.447674418603528,2025-11-13 12:26:06.637562,2025-11-13 12:26:07.153764,0 days 00:00:00.516202,27.88222336412549,1.6564821656359676,0.20225674566326507,Ag,COMPLETE
255,-47.29729729727148,2025-11-13 12:26:06.732100,2025-11-13 12:26:07.028686,0 days 00:00:00.296586,68.62557608222754,1.6659353074333052,0.1993895914833489,Ag,COMPLETE
256,-48.61111111108426,2025-11-13 12:26:06.837066,2025-11-13 12:26:07.138131,0 days 00:00:00.301065,69.2250696076747,1.5150822565816695,0.2005977782619236,Ag,COMPLETE
257,-50.24509803918605,2025-11-13 12:26:06.850993,2025-11-13 12:26:07.416565,0 days 00:00:00.565572,69.12316934073192,0.5258055752775884,0.21017302158765835,Ag,COMPLETE
258,-15.236318407957919,2025-11-13 12:26:06.864068,2025-11-13 12:26:07.422582,0 days 00:00:00.558514,67.66413127860916,0.5108168661674897,0.16239344789757343,Cu,COMPLETE
259,-15.90330788803834,2025-11-13 12:26:06.967549,2025-11-13 12:26:07.635130,0 days 00:00:00.667581,66.84115946703513,0.5029638013842456,0.10076503776355511,Cu,COMPLETE
260,-0.8573388203017691,2025-11-13 12:26:07.106892,2025-11-13 12:26:07.476701,0 days 00:00:00.369809,67.0301803462946,19.072347442867606,0.16459489312205167,Cu,COMPLETE
261,-1.1134552273792424,2025-11-13 12:26:07.314072,2025-11-13 12:26:07.804694,0 days 00:00:00.490622,22.33461116333142,1.2281851477713428,0.11121901813845024,Ag,COMPLETE
262,-49.99999999997149,2025-11-13 12:26:07.392222,2025-11-13 12:26:07.831042,0 days 00:00:00.438820,70.29995146416029,1.2030617024487702,0.12276245630905236,Ag,COMPLETE
263,-1.1134552273792508,2025-11-13 12:26:07.445674,2025-11-13 12:26:08.013439,0 days 00:00:00.567765,21.108946857046938,1.1191001572952581,0.13574760284947315,Ag,COMPLETE
264,-53.03030303027077,2025-11-13 12:26:07.562132,2025-11-13 12:26:08.050914,0 days 00:00:00.488782,71.11354616444524,0.5019526517243608,0.18089383425823352,Ag,COMPLETE
265,-18.726591760295435,2025-11-13 12:26:07.730521,2025-11-13 12:26:08.299230,0 days 00:00:00.568709,36.23257432482493,0.5345534136234198,0.22815513471794574,Ag,COMPLETE
266,-16.249999999998344,2025-11-13 12:26:07.806772,2025-11-13 12:26:08.175058,0 days 00:00:00.368286,38.458000076468764,15.584498305438654,0.17194840861226807,Ag,COMPLETE
267,-40.74074074072244,2025-11-13 12:26:07.947920,2025-11-13 12:26:08.481974,0 days 00:00:00.534054,65.55882523722804,0.5070321346101091,1.5814028642815474,Ag,COMPLETE
268,-14.508928571426008,2025-11-13 12:26:07.973631,2025-11-13 12:26:08.480973,0 days 00:00:00.507342,32.8688941910424,0.5158281114738784,0.23200470461128722,Ag,COMPLETE
269,-50.24509803918605,2025-11-13 12:26:08.015563,2025-11-13 12:26:08.600035,0 days 00:00:00.584472,65.68081626324245,0.517829939598164,0.22847038284632187,Ag,COMPLETE
270,-48.423423423397416,2025-11-13 12:26:08.397663,2025-11-13 12:26:08.912385,0 days 00:00:00.514722,71.37573101443681,1.5907860628238508,0.17667591716100414,Ag,COMPLETE
271,-48.42342342339707,2025-11-13 12:26:08.495970,2025-11-13 12:26:09.076942,0 days 00:00:00.580972,71.40298627141775,1.674409651846109,0.1790651299755502,Ag,COMPLETE
272,-49.76851851849098,2025-11-13 12:26:08.536122,2025-11-13 12:26:08.955846,0 days 00:00:00.419724,71.56269584830842,1.6461258971746542,0.18081238715744194,Ag,COMPLETE
273,-44.79166666664434,2025-11-13 12:26:08.565091,2025-11-13 12:26:09.076942,0 days 00:00:00.511851,78.97026021843953,1.554102020046337,0.1763764067579157,Ag,COMPLETE
274,-48.423423423397416,2025-11-13 12:26:08.606034,2025-11-13 12:26:09.152524,0 days 00:00:00.546490,70.71038239292596,1.6036036386064358,0.17214028850413854,Ag,COMPLETE
275,-49.99999999997132,2025-11-13 12:26:08.665468,2025-11-13 12:26:09.527728,0 days 00:00:00.862260,69.13645694926888,1.053260887287089,0.207322987752922,Ag,COMPLETE
276,-49.99999999997132,2025-11-13 12:26:08.784281,2025-11-13 12:26:09.584011,0 days 00:00:00.799730,69.05588971562713,1.0758158119831742,0.20401629610110872,Ag,COMPLETE
277,-23.6872146118689,2025-11-13 12:26:08.963651,2025-11-13 12:26:09.613631,0 days 00:00:00.649980,52.143758682315074,14.367636951079717,0.21241130291053284,Ag,COMPLETE
278,-0.7153075822603596,2025-11-13 12:26:09.504909,2025-11-13 12:26:09.940889,0 days 00:00:00.435980,73.78665615143201,19.93338479695784,0.13701653713689102,Au,COMPLETE
279,-19.551282051279042,2025-11-13 12:26:09.535000,2025-11-13 12:26:09.939434,0 days 00:00:00.404434,73.42656987122949,0.9536749722625206,0.14600424470140652,Au,COMPLETE
280,-47.00854700852281,2025-11-13 12:26:09.547811,2025-11-13 12:26:10.332280,0 days 00:00:00.784469,67.64260519229984,2.3918773745784256,0.2488678719080949,Ag,COMPLETE
281,-19.37984496123722,2025-11-13 12:26:09.630287,2025-11-13 12:26:10.084333,0 days 00:00:00.454046,67.36402613205948,0.9400189869833918,0.14072915463401253,Au,COMPLETE
282,-26.960784313717557,2025-11-13 12:26:09.698418,2025-11-13 12:26:10.335021,0 days 00:00:00.636603,87.4483300347247,2.3347127602796602,0.25184578865150703,Ag,COMPLETE
283,-23.550724637678265,2025-11-13 12:26:09.800897,2025-11-13 12:26:10.584131,0 days 00:00:00.783234,67.08496660692525,13.499377004013658,1.1341132364087825,Ag,COMPLETE
284,-49.99999999997149,2025-11-13 12:26:09.946701,2025-11-13 12:26:10.956760,0 days 00:00:01.010059,64.83301904520225,1.287615835532403,0.10733739719272681,Ag,COMPLETE
285,-8.515815085157524,2025-11-13 12:26:10.084333,2025-11-13 12:26:10.807795,0 days 00:00:00.723462,25.363015454744108,17.0508165134631,0.23362231191891805,Ag,COMPLETE
286,-49.99999999997152,2025-11-13 12:26:10.300739,2025-11-13 12:26:10.965773,0 days 00:00:00.665034,68.97263441759829,1.230851458831486,0.2158208700887717,Ag,COMPLETE
287,-49.99999999997132,2025-11-13 12:26:10.416769,2025-11-13 12:26:11.232140,0 days 00:00:00.815371,65.04701006951998,1.2075183603055732,0.10159645994513487,Ag,COMPLETE
288,-49.99999999997149,2025-11-13 12:26:10.547467,2025-11-13 12:26:11.093208,0 days 00:00:00.545741,64.95012889259269,1.2402707560245938,0.10338798275572718,Ag,COMPLETE
289,-48.61111111108426,2025-11-13 12:26:10.714012,2025-11-13 12:26:11.397424,0 days 00:00:00.683412,76.82877886404694,0.8493602974419008,0.1529753878096484,Ag,COMPLETE
290,-51.4705882352638,2025-11-13 12:26:10.729641,2025-11-13 12:26:11.464872,0 days 00:00:00.735231,72.59569749178374,0.839154242815678,0.1534673081019442,Ag,COMPLETE
291,-47.297297297271975,2025-11-13 12:26:11.030702,2025-11-13 12:26:11.679543,0 days 00:00:00.648841,77.55908601353272,0.8460755015727793,0.16462851569444573,Ag,COMPLETE
292,-12.596899224804279,2025-11-13 12:26:11.125650,2025-11-13 12:26:11.583265,0 days 00:00:00.457615,31.097682940347845,0.8281670907995574,0.15503918947570366,Ag,COMPLETE
293,-48.245614035062324,2025-11-13 12:26:11.275777,2025-11-13 12:26:12.181477,0 days 00:00:00.905700,70.72087028648993,1.9080094619839603,0.2837056528511323,Ag,COMPLETE
294,-29.255319148930052,2025-11-13 12:26:11.277803,2025-11-13 12:26:11.805690,0 days 00:00:00.527887,69.98647828023665,11.136858516609996,0.272140939463183,Ag,COMPLETE
295,-49.99999999997152,2025-11-13 12:26:11.414250,2025-11-13 12:26:12.181477,0 days 00:00:00.767227,70.91412010958517,0.7918289950563421,0.2845027171238758,Ag,COMPLETE
296,18.717447916666377,2025-11-13 12:26:11.481188,2025-11-13 12:26:11.947418,0 days 00:00:00.466230,70.68419282454792,18.264193400831918,1.5025486199530125,Ag,COMPLETE
297,-42.635658914708635,2025-11-13 12:26:11.583265,2025-11-13 12:26:12.180145,0 days 00:00:00.596880,71.56807834795943,1.9209617382423136,0.7887198565576061,Ag,COMPLETE
298,-35.947712418286486,2025-11-13 12:26:11.774446,2025-11-13 12:26:12.112196,0 days 00:00:00.337750,71.19865539183185,0.511501287357656,1.9743744242024697,Ag,COMPLETE
299,-49.76851851849078,2025-11-13 12:26:11.864988,2025-11-13 12:26:12.400700,0 days 00:00:00.535712,68.34496095797067,1.3787848875191688,0.19539978989416842,Ag,COMPLETE
300,-48.61111111108375,2025-11-13 12:26:11.888952,2025-11-13 12:26:12.400700,0 days 00:00:00.511748,67.61441380247813,1.2927682181863331,0.20109620641966505,Ag,COMPLETE
301,-48.611111111084135,2025-11-13 12:26:12.096662,2025-11-13 12:26:13.033429,0 days 00:00:00.936767,62.1879606512599,0.9031362717492131,0.23327332145405222,Ag,COMPLETE
302,-53.03030303027077,2025-11-13 12:26:12.127903,2025-11-13 12:26:12.614832,0 days 00:00:00.486929,68.32546016314956,0.5059521096488815,0.19680634111169334,Ag,COMPLETE
303,-49.99999999997152,2025-11-13 12:26:12.217601,2025-11-13 12:26:13.033429,0 days 00:00:00.815828,73.67780251680354,0.8411104266137894,0.22410762075863727,Ag,COMPLETE
304,-42.658730158709766,2025-11-13 12:26:12.505807,2025-11-13 12:26:13.080218,0 days 00:00:00.574411,66.25495782041274,0.5262928199404553,1.2211372340021354,Ag,COMPLETE
305,-42.658730158709766,2025-11-13 12:26:12.532001,2025-11-13 12:26:13.048965,0 days 00:00:00.516964,66.03206130625512,0.5583908137432945,1.209230727713996,Ag,COMPLETE
306,-46.05263157892345,2025-11-13 12:26:12.709965,2025-11-13 12:26:13.336944,0 days 00:00:00.626979,66.55162616700262,0.5289045990290514,0.6905180920443773,Ag,COMPLETE
307,-53.03030303027082,2025-11-13 12:26:12.700969,2025-11-13 12:26:13.548221,0 days 00:00:00.847252,68.35763094710704,0.5313155170279462,0.23925262013903217,Ag,COMPLETE
308,-49.99999999997136,2025-11-13 12:26:12.797973,2025-11-13 12:26:13.215002,0 days 00:00:00.417029,62.31236786728292,0.5464269345153273,0.23875183049264187,Ag,COMPLETE
309,-42.65873015870962,2025-11-13 12:26:12.907752,2025-11-13 12:26:13.126821,0 days 00:00:00.219069,66.21586953588887,0.5001359073173848,1.217010854619978,Ag,COMPLETE
310,-48.61111111108375,2025-11-13 12:26:13.313544,2025-11-13 12:26:13.882272,0 days 00:00:00.568728,68.61556389155314,1.1662826395170471,0.31782446175070733,Ag,COMPLETE
311,-23.60139860139535,2025-11-13 12:26:13.349090,2025-11-13 12:26:13.998833,0 days 00:00:00.649743,68.3920008531317,12.199515863851593,1.3003128460545983,Ag,COMPLETE
312,-26.442307692304272,2025-11-13 12:26:13.429663,2025-11-13 12:26:13.882272,0 days 00:00:00.452609,63.87675456925819,15.07405490605691,0.3206357508279206,Ag,COMPLETE
313,-48.61111111108375,2025-11-13 12:26:13.476906,2025-11-13 12:26:14.182130,0 days 00:00:00.705224,68.65104305357912,1.1812298852970313,0.31099554121822715,Ag,COMPLETE
314,-49.76851851849059,2025-11-13 12:26:13.569358,2025-11-13 12:26:14.307845,0 days 00:00:00.738487,68.17960422211601,1.1648664730986735,0.2950787134809647,Ag,COMPLETE
315,-36.76470588233841,2025-11-13 12:26:13.636272,2025-11-13 12:26:14.300844,0 days 00:00:00.664572,68.47365961703896,1.3400834748521575,1.715098210935916,Ag,COMPLETE
316,-15.25054466230738,2025-11-13 12:26:13.799212,2025-11-13 12:26:14.747207,0 days 00:00:00.947995,50.32828621100745,0.8444816124172183,0.19250082961345344,Au,COMPLETE
317,-19.11027568922022,2025-11-13 12:26:13.803563,2025-11-13 12:26:14.511636,0 days 00:00:00.708073,73.32966081327847,0.9182882361557153,0.26665786404754394,Au,COMPLETE
318,-17.20430107526662,2025-11-13 12:26:14.213946,2025-11-13 12:26:14.769225,0 days 00:00:00.555279,73.4438840826175,0.853102748490015,1.0252561495215926,Au,COMPLETE
319,-10.953608247421576,2025-11-13 12:26:14.281823,2025-11-13 12:26:14.766318,0 days 00:00:00.484495,40.871000027709414,0.8932921686493793,0.25799061988198047,Au,COMPLETE
320,-38.580246913565965,2025-11-13 12:26:14.349110,2025-11-13 12:26:15.323559,0 days 00:00:00.974449,64.31252054867676,6.201161482029458,0.18839235521729011,Ag,COMPLETE
321,-53.03030303027077,2025-11-13 12:26:14.365282,2025-11-13 12:26:15.065790,0 days 00:00:00.700508,65.24657094314428,0.5060595159568153,0.19025565867874092,Ag,COMPLETE
322,-53.03030303027077,2025-11-13 12:26:14.634145,2025-11-13 12:26:15.477336,0 days 00:00:00.843191,64.26357163053132,0.5053638399555169,0.19156851152028287,Ag,COMPLETE
323,-5.225080385851765,2025-11-13 12:26:14.747207,2025-11-13 12:26:15.587168,0 days 00:00:00.839961,24.031435472891303,1.558750117375781,0.24103179124893825,Cu,COMPLETE
324,-48.42342342339725,2025-11-13 12:26:15.020357,2025-11-13 12:26:15.682117,0 days 00:00:00.661760,63.86304826056266,1.5874105263713045,0.21763217082081204,Ag,COMPLETE
325,-15.950520833330817,2025-11-13 12:26:15.098827,2025-11-13 12:26:15.763138,0 days 00:00:00.664311,60.78482083965602,0.5280433881932337,0.2162953091500115,Cu,COMPLETE
326,-48.42342342339725,2025-11-13 12:26:15.214718,2025-11-13 12:26:15.778755,0 days 00:00:00.564037,63.16058487515148,1.7113729842980139,0.23540459301479216,Ag,COMPLETE
327,-47.29729729727182,2025-11-13 12:26:15.346298,2025-11-13 12:26:16.261061,0 days 00:00:00.914763,62.44341444637276,1.5626928427577278,0.23214889001897465,Ag,COMPLETE
328,-15.950520833330817,2025-11-13 12:26:15.445023,2025-11-13 12:26:16.229418,0 days 00:00:00.784395,59.790178460524054,0.5559650954027834,0.22766047972830455,Cu,COMPLETE
329,-1.384386817936226,2025-11-13 12:26:15.698226,2025-11-13 12:26:16.324254,0 days 00:00:00.626028,119.88966423469869,0.5630662248571352,0.13851802866615354,Ag,COMPLETE
330,-43.69918699184859,2025-11-13 12:26:15.778755,2025-11-13 12:26:16.339897,0 days 00:00:00.561142,62.0256233189714,0.5285746259213399,0.9720190817874169,Ag,COMPLETE
331,-50.245098039186,2025-11-13 12:26:15.897674,2025-11-13 12:26:16.402677,0 days 00:00:00.505003,65.08069599147022,0.5042487087157232,0.14893424963426571,Ag,COMPLETE
332,-37.49999999998504,2025-11-13 12:26:16.013600,2025-11-13 12:26:16.681223,0 days 00:00:00.667623,65.47070325250793,1.1530570520920667,1.8015271874051717,Ag,COMPLETE
333,-51.470588235264046,2025-11-13 12:26:16.292764,2025-11-13 12:26:16.610881,0 days 00:00:00.318117,65.73646063592832,1.17632459708802,0.10361434495632073,Ag,COMPLETE
334,-2.6584867075663965,2025-11-13 12:26:16.371428,2025-11-13 12:26:16.819251,0 days 00:00:00.447823,98.06618070508667,6.917916982965354,0.16477734022835477,Ag,COMPLETE
335,-2.445447705041329,2025-11-13 12:26:16.550669,2025-11-13 12:26:17.082290,0 days 00:00:00.531621,99.12250319382272,6.893575843445968,0.17192409642474804,Ag,COMPLETE
336,-51.470588235264046,2025-11-13 12:26:16.562673,2025-11-13 12:26:17.113412,0 days 00:00:00.550739,66.54224943362877,1.1743899224011511,0.10566845931496373,Ag,COMPLETE
337,-49.99999999997132,2025-11-13 12:26:16.627980,2025-11-13 12:26:17.012953,0 days 00:00:00.384973,66.23642137283011,1.2312226981788248,0.17606414434315232,Ag,COMPLETE
338,-49.99999999997149,2025-11-13 12:26:16.734477,2025-11-13 12:26:17.365538,0 days 00:00:00.631061,66.1263651432127,1.2224749979472564,0.10924526130764009,Ag,COMPLETE
339,-47.149122806992466,2025-11-13 12:26:16.971590,2025-11-13 12:26:17.416626,0 days 00:00:00.445036,64.34769721858174,2.078081530752939,0.11216978363976007,Ag,COMPLETE
340,-49.99999999997136,2025-11-13 12:26:16.928597,2025-11-13 12:26:17.781948,0 days 00:00:00.853351,63.434612528845825,1.0147098374957786,0.1313603227234244,Ag,COMPLETE
341,-48.61111111108426,2025-11-13 12:26:17.179595,2025-11-13 12:26:17.730982,0 days 00:00:00.551387,58.443035002330944,0.9125058525059244,0.10203436842785502,Ag,COMPLETE
342,-48.8095238094959,2025-11-13 12:26:17.320236,2025-11-13 12:26:17.980868,0 days 00:00:00.660632,59.08643767882914,0.5001486322454,0.13234149019992664,Ag,COMPLETE
343,-33.58208955222883,2025-11-13 12:26:17.381428,2025-11-13 12:26:17.914865,0 days 00:00:00.533437,61.727933415942786,8.441808091406596,0.1059430172597967,Ag,COMPLETE
344,-53.03030303027095,2025-11-13 12:26:17.421578,2025-11-13 12:26:18.141072,0 days 00:00:00.719494,62.09849726570202,0.523768828701626,0.10128176692204373,Ag,COMPLETE
345,-22.534013605437583,2025-11-13 12:26:17.480965,2025-11-13 12:26:18.214059,0 days 00:00:00.733094,46.00607067884216,8.463591458164073,0.27837997799202485,Ag,COMPLETE
346,-50.245098039186,2025-11-13 12:26:17.531539,2025-11-13 12:26:18.137542,0 days 00:00:00.606003,62.01635120188359,0.5106723905292134,0.1275801626115845,Ag,COMPLETE
347,-48.423423423397416,2025-11-13 12:26:17.950799,2025-11-13 12:26:18.347403,0 days 00:00:00.396604,66.63154176086506,1.468219904858926,0.28491275663627064,Ag,COMPLETE
348,-42.68292682924754,2025-11-13 12:26:18.030720,2025-11-13 12:26:18.564020,0 days 00:00:00.533300,54.04736343964534,1.3323831138535949,0.10533807875831,Ag,COMPLETE
349,-48.61111111108375,2025-11-13 12:26:18.078762,2025-11-13 12:26:18.525848,0 days 00:00:00.447086,64.3416663435152,1.419243628893809,0.10329022659172238,Ag,COMPLETE
350,-48.6111111110841,2025-11-13 12:26:18.183423,2025-11-13 12:26:18.681619,0 days 00:00:00.498196,63.863945510669836,1.312691623494853,0.14964456648151658,Ag,COMPLETE
351,21.85534591194936,2025-11-13 12:26:18.260935,2025-11-13 12:26:18.963108,0 days 00:00:00.702173,64.83174687468369,18.806342113536196,0.1562498142634391,Ag,COMPLETE
352,-9.502923976607054,2025-11-13 12:26:18.416328,2025-11-13 12:26:18.947436,0 days 00:00:00.531108,27.506054328877767,0.9422076848359897,0.1561645234546258,Ag,COMPLETE
353,-22.69900497512099,2025-11-13 12:26:18.463348,2025-11-13 12:26:18.898049,0 days 00:00:00.434701,64.7057481089303,10.503984706137341,1.8940965007345811,Ag,COMPLETE
354,-51.47058823526383,2025-11-13 12:26:18.681619,2025-11-13 12:26:19.280662,0 days 00:00:00.599043,67.38128842871228,0.9056872244144132,0.17031333570744528,Ag,COMPLETE
355,-28.877887788773236,2025-11-13 12:26:18.845431,2025-11-13 12:26:19.329199,0 days 00:00:00.483768,66.96855470961428,11.714719088165664,0.3483148832319941,Ag,COMPLETE
356,-24.36647173488997,2025-11-13 12:26:18.869885,2025-11-13 12:26:19.212908,0 days 00:00:00.343023,67.00993896177751,16.445408792510097,0.20013073014933777,Ag,COMPLETE
357,-44.79166666664434,2025-11-13 12:26:18.918817,2025-11-13 12:26:19.650856,0 days 00:00:00.732039,60.35419371036913,2.003061440720354,0.34117390342267806,Ag,COMPLETE
358,-44.71544715444966,2025-11-13 12:26:19.183244,2025-11-13 12:26:19.542284,0 days 00:00:00.359040,60.53209719438087,2.791692521666626,0.10113959614944494,Ag,COMPLETE
359,-48.80952380949574,2025-11-13 12:26:19.193242,2025-11-13 12:26:19.936764,0 days 00:00:00.743522,61.03534181289287,0.5158330633960697,0.20376115458715427,Ag,COMPLETE
360,-49.99999999997136,2025-11-13 12:26:19.369552,2025-11-13 12:26:20.030211,0 days 00:00:00.660659,62.46874901602767,0.5053163455519534,0.26140940804900464,Ag,COMPLETE
361,-53.03030303027077,2025-11-13 12:26:19.345375,2025-11-13 12:26:19.694569,0 days 00:00:00.349194,65.47034946293007,0.504097110106565,0.19904972471452945,Ag,COMPLETE
362,-50.24509803918605,2025-11-13 12:26:19.414730,2025-11-13 12:26:20.030211,0 days 00:00:00.615481,62.61426442743592,0.5038149262253394,0.20827426872472474,Ag,COMPLETE
363,-0.8741258741258496,2025-11-13 12:26:19.517346,2025-11-13 12:26:20.220532,0 days 00:00:00.703186,20.19883680493445,0.9254726735416879,0.20297523518247707,Ag,COMPLETE
364,-49.99999999997132,2025-11-13 12:26:19.710220,2025-11-13 12:26:20.336121,0 days 00:00:00.625901,62.54697775765076,0.8625475050523256,0.19776892200051463,Ag,COMPLETE
365,-48.809523809495936,2025-11-13 12:26:19.694569,2025-11-13 12:26:20.781430,0 days 00:00:01.086861,65.13024134125999,0.9906478439437512,0.14470991501733454,Ag,COMPLETE
366,-42.658730158709915,2025-11-13 12:26:19.862968,2025-11-13 12:26:20.261929,0 days 00:00:00.398961,62.889776960727296,0.9326287321291922,1.0668692167471083,Ag,COMPLETE
367,-51.47058823526388,2025-11-13 12:26:19.986241,2025-11-13 12:26:20.861836,0 days 00:00:00.875595,65.13194847234047,1.0489361449756975,0.144443888303374,Ag,COMPLETE
368,-16.37764932562432,2025-11-13 12:26:20.382180,2025-11-13 12:26:21.265141,0 days 00:00:00.882961,66.88819417667936,1.343050204275627,1.4252989701216001,Au,COMPLETE
369,-18.856447688561687,2025-11-13 12:26:20.364909,2025-11-13 12:26:21.137884,0 days 00:00:00.772975,67.48679809186842,1.5425921206548543,0.140905317443225,Au,COMPLETE
370,-18.74999999999738,2025-11-13 12:26:20.646481,2025-11-13 12:26:21.348162,0 days 00:00:00.701681,66.43188305080763,1.793313583817645,0.13945730602719905,Au,COMPLETE
371,-0.6858710562414153,2025-11-13 12:26:20.699074,2025-11-13 12:26:21.185908,0 days 00:00:00.486834,65.8217223260958,13.02953454032626,0.13711211184767974,Au,COMPLETE
372,-49.76851851849095,2025-11-13 12:26:20.728383,2025-11-13 12:26:21.314441,0 days 00:00:00.586058,65.36497407228163,1.8758403636811374,0.13886939064124976,Ag,COMPLETE
373,-47.29729729727182,2025-11-13 12:26:20.814534,2025-11-13 12:26:21.532527,0 days 00:00:00.717993,64.84201131838321,1.8876135542564598,0.10005525741457666,Ag,COMPLETE
374,-49.99999999997132,2025-11-13 12:26:21.213232,2025-11-13 12:26:21.815238,0 days 00:00:00.602006,64.27347688470738,1.1966253981099304,0.10004203274911888,Ag,COMPLETE
375,0.46641791044775427,2025-11-13 12:26:21.303625,2025-11-13 12:26:21.769585,0 days 00:00:00.465960,68.02215143318145,17.963076216194622,0.16847519389160495,Ag,COMPLETE
376,-49.99999999997132,2025-11-13 12:26:21.397327,2025-11-13 12:26:22.342803,0 days 00:00:00.945476,68.8119254109079,1.113192184331549,0.17511546027849573,Ag,COMPLETE
377,-49.99999999997149,2025-11-13 12:26:21.491168,2025-11-13 12:26:21.910162,0 days 00:00:00.418994,68.31013227372519,1.2109546954405586,0.17230413382350357,Ag,COMPLETE
378,-1.1134552273792508,2025-11-13 12:26:21.580995,2025-11-13 12:26:22.913763,0 days 00:00:01.332768,22.562812068266147,0.862071881732411,0.17495798842827487,Ag,COMPLETE
379,-26.081424936382817,2025-11-13 12:26:21.647318,2025-11-13 12:26:22.358404,0 days 00:00:00.711086,57.97696854638366,13.910472362297103,0.1800818285592063,Ag,COMPLETE
380,-1.1134552273792424,2025-11-13 12:26:21.735016,2025-11-13 12:26:22.483343,0 days 00:00:00.748327,23.312559891365602,0.8875908162644998,0.1811554606252989,Ag,COMPLETE
381,-1.4571190674437724,2025-11-13 12:26:21.878922,2025-11-13 12:26:22.585401,0 days 00:00:00.706479,107.45514555687609,0.8760638381846557,0.1837626346507909,Ag,COMPLETE
382,-47.29729729727182,2025-11-13 12:26:22.049559,2025-11-13 12:26:22.564922,0 days 00:00:00.515363,58.80115497798238,0.8715154183051965,0.179449878149026,Ag,COMPLETE
383,-8.333333333332481,2025-11-13 12:26:22.077493,2025-11-13 12:26:22.665470,0 days 00:00:00.587977,26.088770586369964,0.9347581513081941,0.18215701710241325,Ag,COMPLETE
384,-1.1134552273792424,2025-11-13 12:26:22.066408,2025-11-13 12:26:22.782208,0 days 00:00:00.715800,22.895192352124006,0.8734745788923439,0.10018147229855891,Ag,COMPLETE
385,-50.24509803918605,2025-11-13 12:26:22.564922,2025-11-13 12:26:23.245987,0 days 00:00:00.681065,63.669786170236215,0.5160008546701437,0.24084322111391038,Ag,COMPLETE
386,-48.423423423397416,2025-11-13 12:26:22.734760,2025-11-13 12:26:23.432141,0 days 00:00:00.697381,63.96720566842298,1.5191892404422855,0.2365060543634436,Ag,COMPLETE
387,-41.66666666664881,2025-11-13 12:26:22.798144,2025-11-13 12:26:23.251418,0 days 00:00:00.453274,63.9456006876447,4.105378667399144,0.25513570710655464,Ag,COMPLETE
388,-50.24509803918605,2025-11-13 12:26:22.847183,2025-11-13 12:26:23.513993,0 days 00:00:00.666810,63.537301173712976,0.5051149339507662,0.2406604359191293,Ag,COMPLETE
389,-15.258215962439264,2025-11-13 12:26:22.913763,2025-11-13 12:26:23.581506,0 days 00:00:00.667743,66.2599221459428,1.5292994724901399,0.14381094114094042,Cu,COMPLETE
390,-14.921171171169185,2025-11-13 12:26:22.938014,2025-11-13 12:26:23.668819,0 days 00:00:00.730805,61.132361504335826,1.4737636087249357,0.6347043350053236,Cu,COMPLETE
391,-15.25821596243915,2025-11-13 12:26:23.168081,2025-11-13 12:26:23.698774,0 days 00:00:00.530693,66.35894111074312,1.585916096871836,0.13631610958446055,Cu,COMPLETE
392,-36.20218579233785,2025-11-13 12:26:23.483115,2025-11-13 12:26:23.931681,0 days 00:00:00.448566,68.97573422507794,7.601312798038601,0.13100470668544895,Ag,COMPLETE
393,-38.26530612243335,2025-11-13 12:26:23.513993,2025-11-13 12:26:24.253909,0 days 00:00:00.739916,69.15116112105503,1.1523380105725214,1.6187424128067638,Ag,COMPLETE
394,-48.24561403506214,2025-11-13 12:26:23.632187,2025-11-13 12:26:24.158409,0 days 00:00:00.526222,68.62928748131452,2.3764790713757176,0.10040023235530364,Ag,COMPLETE
395,-18.44941956882071,2025-11-13 12:26:23.675821,2025-11-13 12:26:24.346125,0 days 00:00:00.670304,68.64661758770558,14.55236558972743,1.6509935623840457,Ag,COMPLETE
396,-48.42342342339725,2025-11-13 12:26:23.731398,2025-11-13 12:26:24.299729,0 days 00:00:00.568331,69.30097268954057,2.1455319922462444,0.1323192425648922,Ag,COMPLETE
397,-47.149122806992644,2025-11-13 12:26:23.775289,2025-11-13 12:26:24.480173,0 days 00:00:00.704884,67.69282863339065,2.1566925408184074,0.10023357406006318,Ag,COMPLETE
398,-26.54109589040733,2025-11-13 12:26:23.931681,2025-11-13 12:26:24.659742,0 days 00:00:00.728061,66.12412430838401,14.654419944806605,0.21399311241832364,Ag,COMPLETE
399,-48.6111111110841,2025-11-13 12:26:24.307707,2025-11-13 12:26:24.690993,0 days 00:00:00.383286,65.79544647381418,1.1966059029106406,0.21299447623795775,Ag,COMPLETE
400,-18.09523809523602,2025-11-13 12:26:24.397879,2025-11-13 12:26:25.279174,0 days 00:00:00.881295,61.95992037063053,17.1599918539726,0.1562909876168629,Ag,COMPLETE
401,-24.224806201547572,2025-11-13 12:26:24.484205,2025-11-13 12:26:24.897180,0 days 00:00:00.412975,62.01455778779233,15.52591355111176,0.857093188237203,Ag,COMPLETE
402,-50.245098039186,2025-11-13 12:26:24.548010,2025-11-13 12:26:25.041982,0 days 00:00:00.493972,60.879540022610705,0.5103615006545889,0.15266243803752844,Ag,COMPLETE
403,-51.4705882352638,2025-11-13 12:26:24.628492,2025-11-13 12:26:25.202770,0 days 00:00:00.574278,72.29516485835246,0.8619346973830626,0.14726211600475733,Ag,COMPLETE
404,-51.76767676764536,2025-11-13 12:26:24.706636,2025-11-13 12:26:25.465287,0 days 00:00:00.758651,71.68632307785492,0.5277298906061099,0.15396167697141103,Ag,COMPLETE
405,-48.8095238094959,2025-11-13 12:26:24.765381,2025-11-13 12:26:25.223466,0 days 00:00:00.458085,61.33516815675427,0.527255371213218,0.15975309898956747,Ag,COMPLETE
406,-39.81481481479712,2025-11-13 12:26:24.897180,2025-11-13 12:26:25.565535,0 days 00:00:00.668355,64.86179072872045,1.1385640010311395,1.366052343977963,Ag,COMPLETE
407,-40.71969696967839,2025-11-13 12:26:25.088857,2025-11-13 12:26:25.769352,0 days 00:00:00.680495,82.08404705515109,1.2551214766191263,0.21758338969966767,Ag,COMPLETE
408,-48.809523809495936,2025-11-13 12:26:25.313990,2025-11-13 12:26:26.378411,0 days 00:00:01.064421,75.21455114255424,0.5003239629609885,0.21224198562940308,Ag,COMPLETE
409,-1.4367816091953787,2025-11-13 12:26:25.384617,2025-11-13 12:26:26.221089,0 days 00:00:00.836472,111.86690670986742,1.1972039945858133,0.20319755425432467,Ag,COMPLETE
410,-51.47058823526383,2025-11-13 12:26:25.495469,2025-11-13 12:26:26.512638,0 days 00:00:01.017169,71.92539045851093,0.8248244062598298,0.10032701971342162,Ag,COMPLETE
411,-48.42342342339707,2025-11-13 12:26:25.511145,2025-11-13 12:26:26.205468,0 days 00:00:00.694323,75.05140760807338,1.268116950827695,0.21292848441019332,Ag,COMPLETE
412,-51.4705882352638,2025-11-13 12:26:25.630947,2025-11-13 12:26:26.733806,0 days 00:00:01.102859,72.43900006474642,0.8674179886388598,0.13347023341432063,Ag,COMPLETE
413,-51.47058823526401,2025-11-13 12:26:25.929219,2025-11-13 12:26:26.481005,0 days 00:00:00.551786,71.0836537527633,0.822982796500196,0.13276287178937302,Ag,COMPLETE
414,-49.99999999997149,2025-11-13 12:26:26.268425,2025-11-13 12:26:26.763160,0 days 00:00:00.494735,72.83448203728794,0.8255204832908328,0.13376238683575106,Ag,COMPLETE
415,-49.76851851849095,2025-11-13 12:26:26.425377,2025-11-13 12:26:27.100066,0 days 00:00:00.674689,67.04486449895916,1.6888797002226796,0.1014299982757351,Ag,COMPLETE
416,-24.211711711705078,2025-11-13 12:26:26.612749,2025-11-13 12:26:27.133949,0 days 00:00:00.521200,88.94200062682363,1.6609144630585404,0.13479798874434584,Ag,COMPLETE
417,-49.76851851849078,2025-11-13 12:26:26.657860,2025-11-13 12:26:27.006946,0 days 00:00:00.349086,70.44128427386316,1.7704677386925791,0.1318824320540945,Ag,COMPLETE
418,-10.065543071159942,2025-11-13 12:26:26.685985,2025-11-13 12:26:27.100066,0 days 00:00:00.414081,92.80909009184174,1.5280832865323248,0.10034243061122454,Ag,COMPLETE
419,-32.657657657648684,2025-11-13 12:26:26.780437,2025-11-13 12:26:27.274120,0 days 00:00:00.493683,70.56801880103777,9.51059654376678,0.12988119989386138,Ag,COMPLETE
420,-19.37984496123722,2025-11-13 12:26:26.896518,2025-11-13 12:26:27.527041,0 days 00:00:00.630523,70.4949062593256,0.8525445738637476,0.1738294295460552,Au,COMPLETE
421,-19.205729166663687,2025-11-13 12:26:27.215176,2025-11-13 12:26:27.593756,0 days 00:00:00.378580,67.17927697050487,0.8452219772182546,0.17071319718439387,Au,COMPLETE
422,-19.333333333330202,2025-11-13 12:26:27.247773,2025-11-13 12:26:28.022163,0 days 00:00:00.774390,66.94287635380441,0.5217194615863978,0.17085287342320568,Au,COMPLETE
423,-50.245098039186,2025-11-13 12:26:27.367307,2025-11-13 12:26:27.860001,0 days 00:00:00.492694,64.99688082066214,0.5076940546247032,0.17077980373659798,Ag,COMPLETE
424,-51.76767676764536,2025-11-13 12:26:27.433932,2025-11-13 12:26:27.922420,0 days 00:00:00.488488,65.0607441023629,0.507827540399209,0.17500482708215054,Ag,COMPLETE
425,-11.65501165501002,2025-11-13 12:26:27.527041,2025-11-13 12:26:28.457359,0 days 00:00:00.930318,30.07757938720445,1.2352751590236268,0.1530725303718669,Ag,COMPLETE
426,-49.99999999997149,2025-11-13 12:26:27.593756,2025-11-13 12:26:28.129884,0 days 00:00:00.536128,67.2074435300866,1.1970025409583147,0.15861663030132916,Ag,COMPLETE
427,-39.814814814796996,2025-11-13 12:26:27.747216,2025-11-13 12:26:28.249877,0 days 00:00:00.502661,63.16707605017275,0.5073996877569295,1.5520540644537397,Ag,COMPLETE
428,-51.76767676764536,2025-11-13 12:26:27.860001,2025-11-13 12:26:28.580584,0 days 00:00:00.720583,63.836993288706275,0.5004036760792636,0.13610670055383914,Ag,COMPLETE
429,-29.109589041087872,2025-11-13 12:26:28.017165,2025-11-13 12:26:28.647711,0 days 00:00:00.630546,56.7942527041435,5.2098581515730205,1.5507350057586589,Ag,COMPLETE
430,-42.68292682924754,2025-11-13 12:26:28.145398,2025-11-13 12:26:28.695732,0 days 00:00:00.550334,55.728189981240625,1.3128753708885097,0.13149819728133635,Ag,COMPLETE
431,-41.666666666646194,2025-11-13 12:26:28.224272,2025-11-13 12:26:28.972532,0 days 00:00:00.748260,54.547341648026496,1.1673231511588207,0.1299915152501327,Ag,COMPLETE
432,-47.297297297271975,2025-11-13 12:26:28.345172,2025-11-13 12:26:29.034147,0 days 00:00:00.688975,59.35200185816794,0.8378819337261106,0.1319146311414604,Ag,COMPLETE
433,-43.74999999997812,2025-11-13 12:26:28.409861,2025-11-13 12:26:29.095448,0 days 00:00:00.685587,54.861048929974885,0.8522444856276454,0.19630693955356532,Ag,COMPLETE
434,-1.530328324986062,2025-11-13 12:26:28.472876,2025-11-13 12:26:29.330486,0 days 00:00:00.857610,104.55948937509507,0.8717722433154849,1.463522470450156,Ag,COMPLETE
435,-51.47058823526383,2025-11-13 12:26:28.644376,2025-11-13 12:26:29.663732,0 days 00:00:01.019356,63.50736091085108,0.5016451975657624,0.19795529778035872,Ag,COMPLETE
436,-41.66666666664696,2025-11-13 12:26:28.954270,2025-11-13 12:26:29.704601,0 days 00:00:00.750331,76.57529370719563,0.530891648404434,0.7508827884083422,Ag,COMPLETE
437,-53.03030303027077,2025-11-13 12:26:29.038187,2025-11-13 12:26:29.612603,0 days 00:00:00.574416,64.74084615378229,0.5015571959795084,0.19651869791590257,Ag,COMPLETE
438,-18.518518518514433,2025-11-13 12:26:29.145308,2025-11-13 12:26:29.827478,0 days 00:00:00.682170,35.87161433975348,0.5133729694098467,0.19661146452724104,Ag,COMPLETE
439,-51.47058823526383,2025-11-13 12:26:29.201785,2025-11-13 12:26:30.033247,0 days 00:00:00.831462,63.214294975190896,0.8142565825023179,0.10169032100063546,Ag,COMPLETE
440,23.200757575757226,2025-11-13 12:26:29.296720,2025-11-13 12:26:30.081248,0 days 00:00:00.784528,61.052965899975845,19.32082942353097,0.10461258233227022,Ag,COMPLETE
441,-48.8095238094959,2025-11-13 12:26:29.551196,2025-11-13 12:26:30.208936,0 days 00:00:00.657740,59.9784823705382,0.5312733849344836,0.10573704676734325,Ag,COMPLETE
442,-51.47058823526401,2025-11-13 12:26:29.663732,2025-11-13 12:26:30.177379,0 days 00:00:00.513647,62.04414954999817,0.5224398174492905,0.10016449950099734,Ag,COMPLETE
443,-48.8095238094959,2025-11-13 12:26:29.884537,2025-11-13 12:26:30.360704,0 days 00:00:00.476167,59.79621978741801,0.5054980061326448,0.16416711868416334,Ag,COMPLETE
444,-50.245098039186,2025-11-13 12:26:30.011295,2025-11-13 12:26:30.453746,0 days 00:00:00.442451,62.16677179644914,0.5056358611378854,0.14917626920090396,Ag,COMPLETE
445,-47.29729729727182,2025-11-13 12:26:30.130502,2025-11-13 12:26:30.782835,0 days 00:00:00.652333,58.68715528069588,1.121828317817231,0.15559434590980586,Ag,COMPLETE
446,-46.05263157892295,2025-11-13 12:26:30.238448,2025-11-13 12:26:30.881301,0 days 00:00:00.642853,58.513641571675045,1.268344892663575,0.1370708734202375,Ag,COMPLETE
447,-30.172413793096386,2025-11-13 12:26:30.301706,2025-11-13 12:26:30.778777,0 days 00:00:00.477071,61.89916456360518,10.941777966683375,0.10002752998501983,Ag,COMPLETE
448,-49.99999999997173,2025-11-13 12:26:30.329395,2025-11-13 12:26:30.782835,0 days 00:00:00.453440,64.80354198084238,1.142065241727314,0.10126351362990765,Ag,COMPLETE
449,-49.99999999997132,2025-11-13 12:26:30.481091,2025-11-13 12:26:31.069937,0 days 00:00:00.588846,64.82587517229503,1.117082327520274,0.15862938420807304,Ag,COMPLETE
450,-51.47058823526383,2025-11-13 12:26:30.696962,2025-11-13 12:26:31.347698,0 days 00:00:00.650736,65.09284124841182,0.9052759416205214,0.18068067024886797,Ag,COMPLETE
451,-48.6111111110841,2025-11-13 12:26:30.815993,2025-11-13 12:26:31.314599,0 days 00:00:00.498606,74.26939100196871,0.8604845799559475,0.1836303328532134,Ag,COMPLETE
452,-7.8382838283820675,2025-11-13 12:26:30.827908,2025-11-13 12:26:31.204626,0 days 00:00:00.376718,25.22587349965305,0.8813649905679081,0.1755275965779337,Ag,COMPLETE
453,-34.45512820511499,2025-11-13 12:26:30.963084,2025-11-13 12:26:31.892699,0 days 00:00:00.929615,84.19746529252201,0.8297075195454676,0.5483377887252558,Ag,COMPLETE
454,-15.046296296294207,2025-11-13 12:26:31.161703,2025-11-13 12:26:32.249574,0 days 00:00:01.087871,67.63508266087193,1.4769651850404715,0.13729716235905337,Cu,COMPLETE
455,-18.849206349203353,2025-11-13 12:26:31.266381,2025-11-13 12:26:31.986769,0 days 00:00:00.720388,63.078528531389814,0.5016446836267023,0.1405320056974504,Au,COMPLETE
456,-14.840182648399779,2025-11-13 12:26:31.314599,2025-11-13 12:26:32.080483,0 days 00:00:00.765884,68.12599615174096,1.5790920253390641,0.1303284552813761,Cu,COMPLETE
457,-14.94252873563021,2025-11-13 12:26:31.459809,2025-11-13 12:26:32.485984,0 days 00:00:01.026175,67.88002749378124,1.435547258365642,0.21540653985758818,Cu,COMPLETE
458,-14.94252873563013,2025-11-13 12:26:31.507326,2025-11-13 12:26:32.397826,0 days 00:00:00.890500,67.57670822788485,1.5671705454257499,0.13450200332929238,Cu,COMPLETE
459,-26.589912280698233,2025-11-13 12:26:31.892699,2025-11-13 12:26:32.397826,0 days 00:00:00.505127,67.29786316969938,15.123255883739375,0.13682700471628234,Ag,COMPLETE
460,-48.6111111110841,2025-11-13 12:26:31.955582,2025-11-13 12:26:32.531149,0 days 00:00:00.575567,70.27670469716107,1.36822205439366,0.22311354588467383,Ag,COMPLETE
461,-49.99999999997136,2025-11-13 12:26:32.266298,2025-11-13 12:26:32.988155,0 days 00:00:00.721857,72.53952385918059,0.9425637068915675,0.18158748465272986,Ag,COMPLETE
462,-51.47058823526383,2025-11-13 12:26:32.397826,2025-11-13 12:26:32.863095,0 days 00:00:00.465269,71.99111375826182,0.8665765300944892,0.18901399259070747,Ag,COMPLETE
463,18.80674448767805,2025-11-13 12:26:32.454549,2025-11-13 12:26:32.878687,0 days 00:00:00.424138,78.89246246660014,18.472698068450008,0.1970104003148602,Ag,COMPLETE
464,-29.003267973850587,2025-11-13 12:26:32.547434,2025-11-13 12:26:33.119753,0 days 00:00:00.572319,63.590933603252246,12.3246856770866,0.10240647613762133,Ag,COMPLETE
465,-50.245098039186,2025-11-13 12:26:32.618160,2025-11-13 12:26:33.197837,0 days 00:00:00.579677,63.43784835262681,0.855929250930818,0.16546225191721164,Ag,COMPLETE
466,-21.351575456050966,2025-11-13 12:26:32.698770,2025-11-13 12:26:33.276283,0 days 00:00:00.577513,78.22779372345208,15.854804595583094,0.10095952801697178,Ag,COMPLETE
467,-51.76767676764536,2025-11-13 12:26:32.751752,2025-11-13 12:26:33.403963,0 days 00:00:00.652211,64.65095020661471,0.5079537725791099,0.10059630162748837,Ag,COMPLETE
468,-33.65384615383321,2025-11-13 12:26:32.799593,2025-11-13 12:26:33.447062,0 days 00:00:00.647469,49.33536254197543,0.5147349692062767,0.9186233177646248,Ag,COMPLETE
469,-47.149122806992644,2025-11-13 12:26:33.148438,2025-11-13 12:26:33.547579,0 days 00:00:00.399141,65.76143503424254,2.011924992272417,0.24196839851880036,Ag,COMPLETE
470,-16.66666666666466,2025-11-13 12:26:33.316458,2025-11-13 12:26:33.804650,0 days 00:00:00.488192,65.86535792366361,1.1727470023604005,1.280006444547153,Au,COMPLETE
471,-18.518518518515943,2025-11-13 12:26:33.347276,2025-11-13 12:26:34.114693,0 days 00:00:00.767417,69.80476232992919,1.9019450325084233,0.21385941657354707,Au,COMPLETE
472,-18.99509803921285,2025-11-13 12:26:33.430598,2025-11-13 12:26:34.024506,0 days 00:00:00.593908,65.68176938861168,1.2276866003076066,0.2565347793875476,Au,COMPLETE
473,-16.566265060238916,2025-11-13 12:26:33.447062,2025-11-13 12:26:33.962053,0 days 00:00:00.514991,69.98853635171928,1.1192396784588006,1.2832579745984274,Au,COMPLETE
474,-51.47058823526388,2025-11-13 12:26:33.669139,2025-11-13 12:26:34.135643,0 days 00:00:00.466504,69.8228031576091,0.9078655324721938,0.24439617145880926,Ag,COMPLETE
475,-49.99999999997152,2025-11-13 12:26:33.832639,2025-11-13 12:26:34.504612,0 days 00:00:00.671973,69.513691749889,0.8306595790924542,0.25472219538733953,Ag,COMPLETE
476,-51.76767676764536,2025-11-13 12:26:33.919283,2025-11-13 12:26:34.718038,0 days 00:00:00.798755,69.72701822674352,0.5201990225405826,0.16095758997269277,Ag,COMPLETE
477,-17.52336448597971,2025-11-13 12:26:33.946378,2025-11-13 12:26:35.011377,0 days 00:00:01.064999,72.96237750690257,16.577517101255292,0.1593288658514916,Ag,COMPLETE
478,-49.99999999997149,2025-11-13 12:26:34.114693,2025-11-13 12:26:34.874703,0 days 00:00:00.760010,74.52391587140553,0.8288830950320012,0.1616324941892261,Ag,COMPLETE
479,-50.245098039186,2025-11-13 12:26:34.270302,2025-11-13 12:26:35.064907,0 days 00:00:00.794605,73.64844608573878,0.5006812647541197,0.16328180235337153,Ag,COMPLETE
480,-50.24509803918621,2025-11-13 12:26:34.229679,2025-11-13 12:26:35.118059,0 days 00:00:00.888380,74.02381914983805,0.513014738807348,0.16142653076168778,Ag,COMPLETE
481,-11.9047619047611,2025-11-13 12:26:34.331193,2025-11-13 12:26:35.064907,0 days 00:00:00.733714,74.25588915925267,16.65885484917897,0.15946213232127954,Ag,COMPLETE
482,-26.736111111106627,2025-11-13 12:26:34.513335,2025-11-13 12:26:35.118059,0 days 00:00:00.604724,73.65443392367162,13.056619942227123,0.15849340809201332,Ag,COMPLETE
483,-51.190476190446915,2025-11-13 12:26:35.042638,2025-11-13 12:26:35.380843,0 days 00:00:00.338205,65.40197702948682,1.1969617632526335,0.19215641093464347,Ag,COMPLETE
484,-51.19047619044695,2025-11-13 12:26:35.098200,2025-11-13 12:26:35.606514,0 days 00:00:00.508314,65.3635074490252,1.2521640434586276,0.2140550430671232,Ag,COMPLETE
485,-31.645569620245386,2025-11-13 12:26:35.147350,2025-11-13 12:26:35.778392,0 days 00:00:00.631042,65.12736125250883,9.924475842033694,0.206342808734228,Ag,COMPLETE
486,-31.517094017085917,2025-11-13 12:26:35.222783,2025-11-13 12:26:35.978488,0 days 00:00:00.755705,64.40816787807141,9.982225265998732,0.12950649634687406,Ag,COMPLETE
487,-9.368836291912075,2025-11-13 12:26:35.348812,2025-11-13 12:26:35.945966,0 days 00:00:00.597154,27.42911471534777,0.5137840651491594,0.20719626372497893,Ag,COMPLETE
488,-51.47058823526383,2025-11-13 12:26:35.460940,2025-11-13 12:26:36.129280,0 days 00:00:00.668340,66.25195539759551,0.8759629955263009,0.212107872316307,Ag,COMPLETE
489,-23.760330578508555,2025-11-13 12:26:35.544105,2025-11-13 12:26:36.111600,0 days 00:00:00.567495,67.05828420912691,9.994694508634346,1.7117272818777753,Ag,COMPLETE
490,-18.65671641790773,2025-11-13 12:26:35.544105,2025-11-13 12:26:36.081873,0 days 00:00:00.537768,44.90849547118739,9.981625887704762,1.1393135556256264,Ag,COMPLETE
491,-53.030303030271,2025-11-13 12:26:35.882069,2025-11-13 12:26:36.253739,0 days 00:00:00.371670,67.61609989854514,0.7878549293320661,0.10243780618070406,Ag,COMPLETE
492,-51.4705882352638,2025-11-13 12:26:35.994089,2025-11-13 12:26:36.754390,0 days 00:00:00.760301,68.96580001046038,0.9091153543461549,0.10089352944995275,Ag,COMPLETE
493,-51.76767676764536,2025-11-13 12:26:36.176156,2025-11-13 12:26:36.548693,0 days 00:00:00.372537,68.83041621035721,0.5015224004935304,0.12944334708565558,Ag,COMPLETE
494,-53.03030303027095,2025-11-13 12:26:36.223031,2025-11-13 12:26:36.896034,0 days 00:00:00.673003,68.75918980583263,0.523986698631354,0.10183722885192394,Ag,COMPLETE
495,-26.378896882490196,2025-11-13 12:26:36.273436,2025-11-13 12:26:37.613237,0 days 00:00:01.339801,71.43011166353232,14.202839435662657,0.18226577593029689,Ag,COMPLETE
496,-38.63636363634959,2025-11-13 12:26:36.358626,2025-11-13 12:26:36.996448,0 days 00:00:00.637822,68.82046780314187,6.497366135013991,0.1334904441406466,Ag,COMPLETE
497,-51.76767676764536,2025-11-13 12:26:36.478363,2025-11-13 12:26:37.042997,0 days 00:00:00.564634,69.21065855233218,0.5422456001916403,0.13091445788713096,Ag,COMPLETE
498,-21.786492374724833,2025-11-13 12:26:36.564700,2025-11-13 12:26:37.447803,0 days 00:00:00.883103,69.84837602342472,11.344932869131243,1.9081038424465537,Ag,COMPLETE
499,-51.47058823526388,2025-11-13 12:26:36.644997,2025-11-13 12:26:37.541554,0 days 00:00:00.896557,71.71437543208262,0.5100307427110542,0.25949323619803377,Ag,COMPLETE
500,-51.4705882352638,2025-11-13 12:26:37.095441,2025-11-13 12:26:37.698663,0 days 00:00:00.603222,71.40590370069687,0.833159731733278,0.17917043170963373,Ag,COMPLETE
501,-49.99999999997132,2025-11-13 12:26:37.416553,2025-11-13 12:26:37.954454,0 days 00:00:00.537901,61.375320685647154,0.5043784781071063,0.18100539620882178,Ag,COMPLETE
502,-50.245098039186,2025-11-13 12:26:37.479138,2025-11-13 12:26:38.079816,0 days 00:00:00.600678,61.04446927890346,0.5262137690626043,0.13568910551563443,Ag,COMPLETE
503,-48.6111111110841,2025-11-13 12:26:37.646345,2025-11-13 12:26:38.048438,0 days 00:00:00.402093,61.04025930546621,0.8387495097870346,0.23209669482496398,Ag,COMPLETE
504,-49.99999999997132,2025-11-13 12:26:37.714493,2025-11-13 12:26:38.449045,0 days 00:00:00.734552,67.52877568907643,1.5390923200180786,0.1015125061332601,Ag,COMPLETE
505,-51.190476190446915,2025-11-13 12:26:37.787348,2025-11-13 12:26:38.480349,0 days 00:00:00.693001,67.60965788830549,1.5243886997729388,0.13193647893184815,Ag,COMPLETE
506,-49.99999999997149,2025-11-13 12:26:37.920716,2025-11-13 12:26:38.610899,0 days 00:00:00.690183,67.55658179834698,1.5902787679594121,0.13757554609517272,Ag,COMPLETE
507,-49.76851851849095,2025-11-13 12:26:38.019186,2025-11-13 12:26:38.610899,0 days 00:00:00.591713,67.33491623633664,1.5356307262948705,0.13363006813374928,Ag,COMPLETE
508,-49.99999999997136,2025-11-13 12:26:38.130379,2025-11-13 12:26:38.981504,0 days 00:00:00.851125,63.77501638196397,0.9515847167048959,0.19342407049984894,Ag,COMPLETE
509,-49.99999999997173,2025-11-13 12:26:38.252833,2025-11-13 12:26:38.811787,0 days 00:00:00.558954,63.1853606546907,1.075450586893828,0.15580431268119205,Ag,COMPLETE
510,-49.99999999997136,2025-11-13 12:26:38.315540,2025-11-13 12:26:39.019404,0 days 00:00:00.703864,63.35928688004545,0.9511061891457431,0.1983129260498694,Ag,COMPLETE
511,-49.999999999971564,2025-11-13 12:26:38.514642,2025-11-13 12:26:39.014991,0 days 00:00:00.500349,63.33346661244615,1.0088034497786167,0.19068344399027048,Ag,COMPLETE
512,-51.47058823526388,2025-11-13 12:26:38.843006,2025-11-13 12:26:39.414938,0 days 00:00:00.571932,71.19654482124795,0.5167560195871437,0.24850696853716625,Ag,COMPLETE
513,-47.29729729727182,2025-11-13 12:26:38.921205,2025-11-13 12:26:39.650610,0 days 00:00:00.729405,76.2375503509988,0.8124643485116368,0.253426730152034,Ag,COMPLETE
514,-48.61111111108394,2025-11-13 12:26:38.970506,2025-11-13 12:26:39.597463,0 days 00:00:00.626957,76.53125160677511,0.5153930718443612,0.23973493453363479,Ag,COMPLETE
515,-33.10502283104114,2025-11-13 12:26:39.020492,2025-11-13 12:26:39.771871,0 days 00:00:00.751379,70.99096668419902,9.025540117363278,0.2607951534098156,Ag,COMPLETE
516,-50.24509803918621,2025-11-13 12:26:39.112561,2025-11-13 12:26:39.472375,0 days 00:00:00.359814,70.64709297433714,0.843716752003959,0.10010549273194344,Ag,COMPLETE
517,-46.05263157892295,2025-11-13 12:26:39.329032,2025-11-13 12:26:39.800788,0 days 00:00:00.471756,75.89801216794797,1.2121812528630185,0.23253823941971227,Ag,COMPLETE
518,-7.371794871794331,2025-11-13 12:26:39.465378,2025-11-13 12:26:40.430812,0 days 00:00:00.965434,31.568191959398092,1.3509875655553025,0.16498185702160545,Au,COMPLETE
519,-11.44214162348756,2025-11-13 12:26:39.544443,2025-11-13 12:26:40.080709,0 days 00:00:00.536266,41.793751674592414,1.3025022658730783,0.16528427513422694,Au,COMPLETE
520,-19.647696476961613,2025-11-13 12:26:39.679350,2025-11-13 12:26:40.243833,0 days 00:00:00.564483,66.36473122594168,0.5143831942013269,0.10047264009337349,Au,COMPLETE
521,-43.604651162770274,2025-11-13 12:26:39.774872,2025-11-13 12:26:40.369109,0 days 00:00:00.594237,66.03138886692201,3.5413750799986454,0.1628903489799466,Ag,COMPLETE
522,-51.4705882352638,2025-11-13 12:26:39.839377,2025-11-13 12:26:40.753736,0 days 00:00:00.914359,65.81499285368514,0.8147042344190113,0.16484727505257657,Ag,COMPLETE
523,-24.282560706398538,2025-11-13 12:26:40.120412,2025-11-13 12:26:40.604155,0 days 00:00:00.483743,68.56263120892379,13.59958838777946,0.8030332329681835,Ag,COMPLETE
524,-51.76767676764536,2025-11-13 12:26:40.196956,2025-11-13 12:26:40.749600,0 days 00:00:00.552644,69.07813062925734,0.5145649458762886,0.16233049530460106,Ag,COMPLETE
525,-51.47058823526383,2025-11-13 12:26:40.277974,2025-11-13 12:26:41.100913,0 days 00:00:00.822939,68.97290714507238,0.8775725522187354,0.20367316384112288,Ag,COMPLETE
526,-37.414965986379336,2025-11-13 12:26:40.430812,2025-11-13 12:26:40.937729,0 days 00:00:00.506917,68.8542846133973,0.504181185301156,1.8465157941017538,Ag,COMPLETE
527,-48.61111111108426,2025-11-13 12:26:40.564511,2025-11-13 12:26:41.096367,0 days 00:00:00.531856,72.2627569156754,1.1184702837150335,0.21030284049018733,Ag,COMPLETE
528,-49.99999999997132,2025-11-13 12:26:40.678281,2025-11-13 12:26:41.329928,0 days 00:00:00.651647,72.22222334688759,1.0461237093918334,0.20811096940695803,Ag,COMPLETE
529,-48.423423423397416,2025-11-13 12:26:40.839261,2025-11-13 12:26:41.484879,0 days 00:00:00.645618,64.55849553678408,1.9385451248546177,0.13386222095155642,Ag,COMPLETE
530,-48.42342342339707,2025-11-13 12:26:40.947004,2025-11-13 12:26:41.456456,0 days 00:00:00.509452,64.56456256396358,1.817629331744912,0.10182144711141314,Ag,COMPLETE
531,-51.76767676764536,2025-11-13 12:26:41.178233,2025-11-13 12:26:41.884965,0 days 00:00:00.706732,64.27102583531344,0.5009123685586837,0.13806175474636084,Ag,COMPLETE
532,0.0,2025-11-13 12:26:41.276823,2025-11-13 12:26:41.829080,0 days 00:00:00.552257,110.63663047967555,17.922532729945612,0.13521396091487906,Ag,COMPLETE
533,-13.519503546097837,2025-11-13 12:26:41.378079,2025-11-13 12:26:41.937944,0 days 00:00:00.559865,61.72230937208953,17.421272800541143,0.13499688848554842,Ag,COMPLETE
534,-47.453703703677256,2025-11-13 12:26:41.409483,2025-11-13 12:26:41.946445,0 days 00:00:00.536962,60.149722461473225,0.5085919766053443,0.285999980853247,Ag,COMPLETE
535,-47.45370370367742,2025-11-13 12:26:41.585951,2025-11-13 12:26:42.447951,0 days 00:00:00.862000,59.67372950143046,0.8626579932514639,0.1004034627152543,Ag,COMPLETE
536,-21.624472573834243,2025-11-13 12:26:41.690885,2025-11-13 12:26:42.338246,0 days 00:00:00.647361,38.64522813315088,0.9019620195023017,0.2842014805720968,Ag,COMPLETE
537,-7.665094339621905,2025-11-13 12:26:41.748118,2025-11-13 12:26:42.363513,0 days 00:00:00.615395,24.7257040865169,1.2306334876647733,0.18372723891358414,Ag,COMPLETE
538,-39.85507246375066,2025-11-13 12:26:41.849580,2025-11-13 12:26:42.340617,0 days 00:00:00.491037,66.54184320515452,1.3553205546365326,1.342944770954531,Ag,COMPLETE
539,-37.499999999985164,2025-11-13 12:26:42.020912,2025-11-13 12:26:43.346205,0 days 00:00:01.325293,70.47984201294666,1.1211180385001542,1.7758227583173103,Ag,COMPLETE
540,-13.237847222220827,2025-11-13 12:26:42.254774,2025-11-13 12:26:43.087056,0 days 00:00:00.832282,70.1369925543043,4.709502860183244,0.17991835422593827,Cu,COMPLETE
541,-0.8802816901408202,2025-11-13 12:26:42.176642,2025-11-13 12:26:43.133851,0 days 00:00:00.957209,20.43749582399412,0.9349077450775676,0.17345976103527827,Cu,COMPLETE
542,-51.47058823526383,2025-11-13 12:26:42.326454,2025-11-13 12:26:43.180828,0 days 00:00:00.854374,70.5225342410354,0.8835540062482643,0.17780854522823356,Ag,COMPLETE
543,-0.8802816901408202,2025-11-13 12:26:42.484022,2025-11-13 12:26:43.118324,0 days 00:00:00.634302,20.031012334296236,0.9184390967085991,0.16946191258526352,Cu,COMPLETE
544,-0.8802816901408202,2025-11-13 12:26:42.655387,2025-11-13 12:26:43.424312,0 days 00:00:00.768925,20.250793691159412,0.5021158060637645,0.17927648801491963,Cu,COMPLETE
545,-1.1150234741783764,2025-11-13 12:26:43.040190,2025-11-13 12:26:43.509922,0 days 00:00:00.469732,21.661535900146205,0.8767420422957842,1.0066707219099917,Ag,COMPLETE
546,-48.6111111110841,2025-11-13 12:26:43.071438,2025-11-13 12:26:43.813473,0 days 00:00:00.742035,67.547466379936,1.3830589154904371,0.22685594367960016,Ag,COMPLETE
547,21.07652399481161,2025-11-13 12:26:43.377446,2025-11-13 12:26:43.974249,0 days 00:00:00.596803,67.369133590177,19.566539598539183,0.2237187068348765,Ag,COMPLETE
548,-51.76767676764536,2025-11-13 12:26:43.462947,2025-11-13 12:26:43.891650,0 days 00:00:00.428703,67.13843434063868,0.5004270203137962,0.1341385860117316,Ag,COMPLETE
549,-43.60465116277055,2025-11-13 12:26:43.556699,2025-11-13 12:26:44.505705,0 days 00:00:00.949006,67.32611788433776,2.612286500523976,0.4837536694308896,Ag,COMPLETE
550,-47.14912280699262,2025-11-13 12:26:43.581922,2025-11-13 12:26:44.314555,0 days 00:00:00.732633,62.11984236457629,1.836184758154162,0.21896557193243416,Ag,COMPLETE
551,-42.63565891470892,2025-11-13 12:26:43.689892,2025-11-13 12:26:44.379560,0 days 00:00:00.689668,62.547715606979445,2.5093282940032093,0.4681462992922857,Ag,COMPLETE
552,-47.29729729727148,2025-11-13 12:26:43.764275,2025-11-13 12:26:44.442151,0 days 00:00:00.677876,62.587085089028676,1.639684583586585,0.22165127057086292,Ag,COMPLETE
553,-47.29729729727182,2025-11-13 12:26:43.844774,2025-11-13 12:26:44.379560,0 days 00:00:00.534786,62.757180456428536,1.6867707656377617,0.12994357219910188,Ag,COMPLETE
554,-1.423921887713565,2025-11-13 12:26:44.166975,2025-11-13 12:26:44.765288,0 days 00:00:00.598313,116.98921693417765,1.4571787784005568,0.10123867351679494,Ag,COMPLETE
555,-48.245614035062324,2025-11-13 12:26:44.348534,2025-11-13 12:26:44.830656,0 days 00:00:00.482122,65.02834416624842,2.4411145632415394,0.13161261115018796,Ag,COMPLETE
556,-9.74658869395598,2025-11-13 12:26:44.259784,2025-11-13 12:26:44.830656,0 days 00:00:00.570872,27.711298013430877,1.3012807205843853,0.14113464866757672,Ag,COMPLETE
557,-0.6747638326585585,2025-11-13 12:26:44.618636,2025-11-13 12:26:45.228230,0 days 00:00:00.609594,72.61520093298097,11.86928180619986,0.10262179714297043,Au,COMPLETE
558,-19.37984496123722,2025-11-13 12:26:44.719001,2025-11-13 12:26:45.275111,0 days 00:00:00.556110,72.25981618562705,0.8709478964854753,0.15132451744366818,Au,COMPLETE
559,-19.531249999996948,2025-11-13 12:26:44.799343,2025-11-13 12:26:45.212606,0 days 00:00:00.413263,71.67209873167019,0.8145361931017893,0.15524147258211093,Au,COMPLETE
560,-17.639902676396417,2025-11-13 12:26:44.830656,2025-11-13 12:26:45.736625,0 days 00:00:00.905969,56.85715990279503,0.8318012676710681,0.10133473069079003,Au,COMPLETE
561,-19.66666666666346,2025-11-13 12:26:44.893162,2025-11-13 12:26:45.811062,0 days 00:00:00.917900,72.74713337593995,0.5034897316234825,0.16081957321571008,Au,COMPLETE
562,-49.999999999971564,2025-11-13 12:26:44.969478,2025-11-13 12:26:45.696966,0 days 00:00:00.727488,73.31097917921831,1.1183231841022172,0.10277037832894602,Ag,COMPLETE
563,-53.03030303027077,2025-11-13 12:26:45.003640,2025-11-13 12:26:45.645377,0 days 00:00:00.641737,69.18353529172845,0.5123358702319651,0.20008098170378275,Ag,COMPLETE
564,-53.03030303027077,2025-11-13 12:26:45.182818,2025-11-13 12:26:45.732627,0 days 00:00:00.549809,65.3185008693123,0.5037836433548739,0.19964265285265545,Ag,COMPLETE
565,-48.6111111110841,2025-11-13 12:26:45.452589,2025-11-13 12:26:45.984156,0 days 00:00:00.531567,65.89541194932359,1.1604821140802966,0.2531807626447226,Ag,COMPLETE
566,-16.025641025637945,2025-11-13 12:26:45.645377,2025-11-13 12:26:46.438150,0 days 00:00:00.792773,34.537168131236605,1.2174204967039124,0.24025603863474299,Ag,COMPLETE
567,-49.76851851849078,2025-11-13 12:26:45.795480,2025-11-13 12:26:46.265552,0 days 00:00:00.470072,65.90157125502864,1.2764337302035842,0.2771161582939118,Ag,COMPLETE
568,-48.61111111108375,2025-11-13 12:26:45.922184,2025-11-13 12:26:46.438150,0 days 00:00:00.515966,68.34371439362769,1.2200214693714972,0.2942473550039392,Ag,COMPLETE
569,-49.76851851849078,2025-11-13 12:26:45.923185,2025-11-13 12:26:46.579160,0 days 00:00:00.655975,68.67536636058658,1.2296447578077727,0.29841917203943413,Ag,COMPLETE
570,-25.64102564102262,2025-11-13 12:26:46.086952,2025-11-13 12:26:46.900094,0 days 00:00:00.813142,68.4332884123198,16.109569102400663,0.21548438397460795,Ag,COMPLETE
571,-50.245098039186,2025-11-13 12:26:46.344220,2025-11-13 12:26:46.705610,0 days 00:00:00.361390,68.8005353862192,0.8140474928890565,0.2081169431415229,Ag,COMPLETE
572,-40.71969696967839,2025-11-13 12:26:46.359849,2025-11-13 12:26:46.965177,0 days 00:00:00.605328,64.23541341464028,0.5186121235776514,1.406566173660956,Ag,COMPLETE
573,-48.8095238094959,2025-11-13 12:26:46.438150,2025-11-13 12:26:46.929710,0 days 00:00:00.491560,64.42880419648364,0.8064088413269501,0.20893085478735485,Ag,COMPLETE
574,-30.516431924874166,2025-11-13 12:26:46.534594,2025-11-13 12:26:47.262936,0 days 00:00:00.728342,65.074151427173,5.9504475878198155,1.3976850199070043,Ag,COMPLETE
575,-49.99999999997136,2025-11-13 12:26:46.705610,2025-11-13 12:26:47.397774,0 days 00:00:00.692164,66.76806751923506,0.8734496146652526,0.24532773765242835,Ag,COMPLETE
576,-35.71428571427107,2025-11-13 12:26:46.967096,2025-11-13 12:26:47.767007,0 days 00:00:00.799911,48.69792296318141,0.8502121819569652,0.2580416555653969,Ag,COMPLETE
577,-49.999999999971564,2025-11-13 12:26:47.069125,2025-11-13 12:26:47.429597,0 days 00:00:00.360472,65.63688582431922,0.9172276754662738,0.2667210836982897,Ag,COMPLETE
578,-51.47058823526388,2025-11-13 12:26:46.997315,2025-11-13 12:26:47.680187,0 days 00:00:00.682872,66.65930402250419,0.9140680274852071,0.2444667141455515,Ag,COMPLETE
579,-53.03030303027077,2025-11-13 12:26:47.164559,2025-11-13 12:26:47.931725,0 days 00:00:00.767166,70.46958488083112,0.5022956684243254,0.19279868885364687,Ag,COMPLETE
580,-41.66666666664742,2025-11-13 12:26:47.213876,2025-11-13 12:26:47.843834,0 days 00:00:00.629958,80.4008025962153,1.778268816534024,0.1924563337914616,Ag,COMPLETE
581,-50.24509803918605,2025-11-13 12:26:47.296268,2025-11-13 12:26:48.031835,0 days 00:00:00.735567,70.27229588836815,0.5144090818927338,0.2018198493086509,Ag,COMPLETE
582,-27.02702702702214,2025-11-13 12:26:47.542865,2025-11-13 12:26:48.141782,0 days 00:00:00.598917,58.470022838010564,12.576742668290613,0.19366398527302708,Ag,COMPLETE
583,-39.00709219856502,2025-11-13 12:26:47.633860,2025-11-13 12:26:48.180826,0 days 00:00:00.546966,60.438792240776095,1.7535318631404375,1.1762624550713758,Ag,COMPLETE
584,-27.286135693210404,2025-11-13 12:26:47.796912,2025-11-13 12:26:48.248198,0 days 00:00:00.451286,70.6941768672833,12.733148531181422,0.19452462312605515,Ag,COMPLETE
585,-11.054421768705994,2025-11-13 12:26:47.952443,2025-11-13 12:26:48.831243,0 days 00:00:00.878800,29.315357704140617,0.5083574518191023,0.32186850852903076,Ag,COMPLETE
586,-33.459595959585705,2025-11-13 12:26:48.110460,2025-11-13 12:26:48.999189,0 days 00:00:00.888729,75.92896384355006,7.3085466606211895,0.3185836698338913,Ag,COMPLETE
587,-42.65873015871006,2025-11-13 12:26:48.180826,2025-11-13 12:26:48.913594,0 days 00:00:00.732768,70.35771164565685,1.3908383695746322,0.8695435207087592,Ag,COMPLETE
588,-45.94017094014722,2025-11-13 12:26:48.248198,2025-11-13 12:26:48.929242,0 days 00:00:00.681044,76.0534041995478,1.5039581353033853,0.30075402465503187,Ag,COMPLETE
589,-47.297297297271975,2025-11-13 12:26:48.524364,2025-11-13 12:26:49.237191,0 days 00:00:00.712827,74.73574712661647,1.127655776010307,0.2239158257101866,Ag,COMPLETE
590,-48.809523809495936,2025-11-13 12:26:48.780643,2025-11-13 12:26:49.397375,0 days 00:00:00.616732,74.47564411415455,0.5027954271342968,0.20961859964532573,Ag,COMPLETE
591,-48.611111111084135,2025-11-13 12:26:48.831243,2025-11-13 12:26:49.480401,0 days 00:00:00.649158,73.28624723936296,0.9210145211329928,0.2304806417092214,Ag,COMPLETE
592,-48.809523809495936,2025-11-13 12:26:48.913594,2025-11-13 12:26:49.511668,0 days 00:00:00.598074,74.36434400093528,0.5047955451037671,0.2271201560498979,Ag,COMPLETE
593,-50.24509803918605,2025-11-13 12:26:49.003188,2025-11-13 12:26:49.542921,0 days 00:00:00.539733,73.31257885792472,0.5095260022770699,0.21238781969880807,Ag,COMPLETE
594,-3.583333333333196,2025-11-13 12:26:49.344040,2025-11-13 12:26:50.231726,0 days 00:00:00.887686,94.95666516643648,2.172466619260291,0.1640713585046465,Ag,COMPLETE
595,-47.149122806992644,2025-11-13 12:26:49.397375,2025-11-13 12:26:49.955685,0 days 00:00:00.558310,69.12952022955685,2.0631882519180875,0.17300956935525633,Ag,COMPLETE
596,-49.99999999997132,2025-11-13 12:26:49.496134,2025-11-13 12:26:49.893188,0 days 00:00:00.397054,69.09099261075798,1.1190915655486269,0.16975968897111166,Ag,COMPLETE
597,-45.94017094014737,2025-11-13 12:26:49.564139,2025-11-13 12:26:50.130906,0 days 00:00:00.566767,69.89946376057385,1.223429643794748,0.6684781419756864,Ag,COMPLETE
598,-51.4705882352638,2025-11-13 12:26:49.681956,2025-11-13 12:26:50.130906,0 days 00:00:00.448950,68.72338760860747,1.1719887030618548,0.1731306974365519,Ag,COMPLETE
599,-49.76851851849078,2025-11-13 12:26:49.767910,2025-11-13 12:26:50.397656,0 days 00:00:00.629746,70.9596119608768,1.4463035877919375,0.1480267570625279,Ag,COMPLETE
600,-8.203799654575997,2025-11-13 12:26:49.846305,2025-11-13 12:26:50.397656,0 days 00:00:00.551351,26.185930379992836,1.4266231555285167,0.17175621435733446,Ag,COMPLETE
601,-49.99999999997136,2025-11-13 12:26:49.940058,2025-11-13 12:26:50.664737,0 days 00:00:00.724679,71.42221478465689,0.8344279670939334,0.2715696993836717,Ag,COMPLETE
602,-51.4705882352638,2025-11-13 12:26:50.097288,2025-11-13 12:26:50.609357,0 days 00:00:00.512069,70.97556605219542,0.8457064281910897,0.15184091387391482,Ag,COMPLETE
603,-49.99999999997136,2025-11-13 12:26:50.263423,2025-11-13 12:26:50.946992,0 days 00:00:00.683569,66.92998088326455,0.8903639347846256,0.2507301697333811,Ag,COMPLETE
604,-42.68292682924754,2025-11-13 12:26:50.514102,2025-11-13 12:26:50.962712,0 days 00:00:00.448610,67.47142355186236,0.5009501827527316,1.1048338735555054,Ag,COMPLETE
605,-27.027027027023426,2025-11-13 12:26:50.549565,2025-11-13 12:26:51.219778,0 days 00:00:00.670213,67.23658803360044,14.930860192318804,0.132184228777223,Ag,COMPLETE
606,-18.36917562723621,2025-11-13 12:26:50.582842,2025-11-13 12:26:51.546714,0 days 00:00:00.963872,90.57050743972253,0.8747809249206203,0.1351001360021188,Ag,COMPLETE
607,-51.47058823526383,2025-11-13 12:26:50.702474,2025-11-13 12:26:51.296599,0 days 00:00:00.594125,67.21562921421727,0.9614458198536451,0.13287627685876868,Ag,COMPLETE
608,-8.522727272726605,2025-11-13 12:26:50.828328,2025-11-13 12:26:51.264704,0 days 00:00:00.436376,67.59413445638626,15.29334911964325,1.6833134959206724,Ag,COMPLETE
609,-50.245098039186,2025-11-13 12:26:50.897620,2025-11-13 12:26:51.300598,0 days 00:00:00.402978,67.69005579125515,0.910665273317909,0.13604087078396146,Ag,COMPLETE
610,-39.72868217052415,2025-11-13 12:26:51.025121,2025-11-13 12:26:51.686286,0 days 00:00:00.661165,51.51986589294212,0.5053082673129942,0.1983640055085876,Ag,COMPLETE
611,-47.14912280699298,2025-11-13 12:26:51.314042,2025-11-13 12:26:51.946349,0 days 00:00:00.632307,72.25242195494461,1.775803272417317,0.192283089540012,Ag,COMPLETE
612,-1.9080582179623276,2025-11-13 12:26:51.447980,2025-11-13 12:26:51.961976,0 days 00:00:00.513996,101.03105679719704,1.7217773446772755,0.1839215578168433,Ag,COMPLETE
613,-48.42342342339725,2025-11-13 12:26:51.481339,2025-11-13 12:26:52.043675,0 days 00:00:00.562336,71.70559115880395,1.6059967028802467,0.19244969787456795,Ag,COMPLETE
614,-47.29729729727182,2025-11-13 12:26:51.497866,2025-11-13 12:26:52.039674,0 days 00:00:00.541808,63.83871478635345,1.6159904531457128,0.19108952948007224,Ag,COMPLETE
615,-31.432748538000652,2025-11-13 12:26:51.578020,2025-11-13 12:26:52.604828,0 days 00:00:01.026808,86.0900460545314,1.650992381176527,0.1949754150403629,Ag,COMPLETE
616,-19.02887139107306,2025-11-13 12:26:51.634411,2025-11-13 12:26:52.604828,0 days 00:00:00.970417,65.8014090628816,0.5039333014329775,0.26404543433317756,Au,COMPLETE
617,-7.315521628498142,2025-11-13 12:26:51.921018,2025-11-13 12:26:52.298291,0 days 00:00:00.377273,65.53978309404279,8.634331922608553,0.24897444295790383,Au,COMPLETE
618,-35.25641025639949,2025-11-13 12:26:52.060679,2025-11-13 12:26:52.482162,0 days 00:00:00.421483,69.55745654757395,7.9873717859417095,0.2660839058586911,Ag,COMPLETE
619,-51.76767676764536,2025-11-13 12:26:52.147574,2025-11-13 12:26:52.915062,0 days 00:00:00.767488,69.49856009634456,0.5002810559745908,0.1005703651000577,Ag,COMPLETE
620,-49.99999999997149,2025-11-13 12:26:52.283551,2025-11-13 12:26:52.882998,0 days 00:00:00.599447,69.68197122747667,1.196386803175478,0.13640441385672109,Ag,COMPLETE
621,-24.211711711708396,2025-11-13 12:26:52.354466,2025-11-13 12:26:53.059550,0 days 00:00:00.705084,62.70065817165531,13.307821694636075,0.9478044928443043,Ag,COMPLETE
622,-49.99999999997149,2025-11-13 12:26:52.426062,2025-11-13 12:26:53.202661,0 days 00:00:00.776599,62.66177273021184,0.8582195773993455,0.13358809354157342,Ag,COMPLETE
623,-1.1134552273792424,2025-11-13 12:26:52.523880,2025-11-13 12:26:53.201642,0 days 00:00:00.677762,22.978796147425314,0.9131683755386151,0.10011480119055972,Ag,COMPLETE
624,-0.8608815426997103,2025-11-13 12:26:52.615080,2025-11-13 12:26:53.447239,0 days 00:00:00.832159,64.85167576675711,18.677033198835744,1.9590080589213268,Cu,COMPLETE
625,-51.47058823526383,2025-11-13 12:26:52.978213,2025-11-13 12:26:53.448084,0 days 00:00:00.469871,65.51591473062732,0.933419529157881,0.15525799545152846,Ag,COMPLETE
626,-12.544802867382153,2025-11-13 12:26:53.107172,2025-11-13 12:26:53.655451,0 days 00:00:00.548279,65.033593638124,1.3451821413706067,1.9952604077658724,Cu,COMPLETE
627,-28.22580645160364,2025-11-13 12:26:53.296770,2025-11-13 12:26:53.897705,0 days 00:00:00.600935,43.61173415211087,1.2365187456652824,0.2207231801912988,Ag,COMPLETE
628,-49.76851851849059,2025-11-13 12:26:53.328021,2025-11-13 12:26:54.347479,0 days 00:00:01.019458,72.15958941920621,1.2260422985597592,0.22915215527509247,Ag,COMPLETE
629,-48.6111111110841,2025-11-13 12:26:53.406729,2025-11-13 12:26:54.166350,0 days 00:00:00.759621,68.94229498202836,1.1876774186671692,0.22391106363338323,Ag,COMPLETE
630,-7.723577235771578,2025-11-13 12:26:53.484626,2025-11-13 12:26:54.522134,0 days 00:00:01.037508,24.850795121585033,0.5051206489663905,0.23007418130948726,Ag,COMPLETE
631,-7.62910798121992,2025-11-13 12:26:53.536569,2025-11-13 12:26:54.396671,0 days 00:00:00.860102,24.68463884192926,1.1732098075821642,0.23167972387312322,Ag,COMPLETE
632,-47.45370370367742,2025-11-13 12:26:53.830109,2025-11-13 12:26:54.706659,0 days 00:00:00.876550,61.04364277465061,0.8489394410688395,0.16914886488040975,Ag,COMPLETE
633,-51.76767676764536,2025-11-13 12:26:53.881742,2025-11-13 12:26:54.658339,0 days 00:00:00.776597,68.04216194492506,0.5021345974209395,0.15197001540594796,Ag,COMPLETE
634,-51.4705882352638,2025-11-13 12:26:54.275389,2025-11-13 12:26:54.812613,0 days 00:00:00.537224,68.26860369197072,0.8418921279551222,0.16719590967359246,Ag,COMPLETE
635,-49.99999999997149,2025-11-13 12:26:54.367065,2025-11-13 12:26:54.819598,0 days 00:00:00.452533,60.919540864557845,0.8029701060735304,0.16431546526882707,Ag,COMPLETE
636,-51.76767676764536,2025-11-13 12:26:54.427408,2025-11-13 12:26:55.098182,0 days 00:00:00.670774,71.49768279623747,0.5015746699765291,0.17024258971136041,Ag,COMPLETE
637,-44.95614035085377,2025-11-13 12:26:54.717923,2025-11-13 12:26:55.195272,0 days 00:00:00.477349,78.4061482181451,0.893145579072597,0.12920894416193218,Ag,COMPLETE
638,-51.4705882352638,2025-11-13 12:26:54.796986,2025-11-13 12:26:55.622868,0 days 00:00:00.825882,66.08849912024033,0.8850270565342337,0.13284848908399025,Ag,COMPLETE
639,-53.03030303027095,2025-11-13 12:26:54.914519,2025-11-13 12:26:55.697500,0 days 00:00:00.782981,74.18443550716505,0.5004104409242868,0.10024261997709624,Ag,COMPLETE
640,-47.297297297271975,2025-11-13 12:26:55.047594,2025-11-13 12:26:55.670234,0 days 00:00:00.622640,63.67560212558827,1.4076951603257521,0.28493975641389024,Ag,COMPLETE
641,-47.00854700852281,2025-11-13 12:26:55.098182,2025-11-13 12:26:56.036539,0 days 00:00:00.938357,66.70236641649856,2.9602280052697907,0.10168299839185778,Ag,COMPLETE
642,-39.93055555553879,2025-11-13 12:26:55.157392,2025-11-13 12:26:55.762503,0 days 00:00:00.605111,73.69206977765525,4.2034734633197255,0.29079882994514133,Ag,COMPLETE
643,-51.47058823526388,2025-11-13 12:26:55.194272,2025-11-13 12:26:55.669241,0 days 00:00:00.474969,73.37624856121505,0.5066134846948398,0.2732190757447196,Ag,COMPLETE
644,-16.385767790260353,2025-11-13 12:26:55.297197,2025-11-13 12:26:56.284491,0 days 00:00:00.987294,70.52236793730292,1.4352278587659566,1.4841025684657763,Au,COMPLETE
645,-51.76767676764536,2025-11-13 12:26:55.575996,2025-11-13 12:26:56.094663,0 days 00:00:00.518667,66.72010335921368,0.5075920264175113,0.13451159324472312,Ag,COMPLETE
646,-0.6973500697349952,2025-11-13 12:26:55.762503,2025-11-13 12:26:56.463233,0 days 00:00:00.700730,77.19823863333129,14.10486583242107,0.10345318977643994,Au,COMPLETE
647,-18.68872549019331,2025-11-13 12:26:55.644717,2025-11-13 12:26:56.494470,0 days 00:00:00.849753,77.18678392720591,1.1423844750564098,0.1037836809859198,Au,COMPLETE
648,-17.73648648648411,2025-11-13 12:26:55.928972,2025-11-13 12:26:56.352097,0 days 00:00:00.423125,74.50981735454926,1.17921583884854,0.6040542568175239,Au,COMPLETE
649,-45.94017094014738,2025-11-13 12:26:56.064187,2025-11-13 12:26:56.615123,0 days 00:00:00.550936,73.23946660659573,0.8930001761068901,0.6030637581621807,Ag,COMPLETE
650,-51.4705882352638,2025-11-13 12:26:56.329836,2025-11-13 12:26:56.781165,0 days 00:00:00.451329,72.3653957198964,0.8425242771985937,0.14026328073287125,Ag,COMPLETE
651,-47.00854700852298,2025-11-13 12:26:56.463233,2025-11-13 12:26:57.003038,0 days 00:00:00.539805,76.1706193195713,2.088962073178557,0.134690755071799,Ag,COMPLETE
652,-51.47058823526383,2025-11-13 12:26:56.572832,2025-11-13 12:26:57.264967,0 days 00:00:00.692135,70.9090213450111,0.8884811134935069,0.1934324242321678,Ag,COMPLETE
653,-43.65079365077271,2025-11-13 12:26:56.654514,2025-11-13 12:26:57.234637,0 days 00:00:00.580123,79.31989012435999,2.088643556741801,0.136215066591471,Ag,COMPLETE
654,-48.8095238094959,2025-11-13 12:26:56.717071,2025-11-13 12:26:57.491951,0 days 00:00:00.774880,71.19437884991738,0.8412750973783885,0.18940224271728529,Ag,COMPLETE
655,-45.94017094014722,2025-11-13 12:26:56.753324,2025-11-13 12:26:57.476343,0 days 00:00:00.723019,75.39666468624578,2.0345995237307415,0.13350178926125397,Ag,COMPLETE
656,-48.6111111110841,2025-11-13 12:26:56.830103,2025-11-13 12:26:57.349822,0 days 00:00:00.519719,75.76078191632135,0.8444068397603757,0.18804725159033583,Ag,COMPLETE
657,-53.03030303027077,2025-11-13 12:26:56.898260,2025-11-13 12:26:57.596098,0 days 00:00:00.697838,70.82646107448211,0.5098706905590219,0.19296984528352812,Ag,COMPLETE
658,-49.99999999997116,2025-11-13 12:26:57.111228,2025-11-13 12:26:57.779715,0 days 00:00:00.668487,70.54286479641729,1.4079269363926121,0.1316535526371323,Ag,COMPLETE
659,-49.99999999997116,2025-11-13 12:26:57.429448,2025-11-13 12:26:58.055145,0 days 00:00:00.625697,69.7139576685952,1.4368383154082638,0.10187128427363605,Ag,COMPLETE
660,-50.24509803918605,2025-11-13 12:26:57.570361,2025-11-13 12:26:58.365024,0 days 00:00:00.794663,68.9008640421077,0.5051660879118495,0.2337563468372681,Ag,COMPLETE
661,-48.6111111110841,2025-11-13 12:26:57.643530,2025-11-13 12:26:58.380612,0 days 00:00:00.737082,68.83733815348208,1.21547665160693,0.20422395440087626,Ag,COMPLETE
662,-4.729474082481921,2025-11-13 12:26:57.694632,2025-11-13 12:26:58.380612,0 days 00:00:00.685980,82.2653088279359,15.765781320823956,0.10163999782080982,Ag,COMPLETE
663,-48.6111111110841,2025-11-13 12:26:57.736928,2025-11-13 12:26:58.546120,0 days 00:00:00.809192,69.31576013702806,1.2073665015841186,0.2111865890210295,Ag,COMPLETE
664,-40.816326530595646,2025-11-13 12:26:57.835918,2025-11-13 12:26:58.499561,0 days 00:00:00.663643,69.62092928735619,5.352579862442672,0.10087291569276008,Ag,COMPLETE
665,-51.190476190446915,2025-11-13 12:26:57.977038,2025-11-13 12:26:58.589416,0 days 00:00:00.612378,68.59835328496905,1.1808537785770177,0.2098616109029695,Ag,COMPLETE
666,-51.47058823526383,2025-11-13 12:26:58.291651,2025-11-13 12:26:59.007624,0 days 00:00:00.715973,73.50595181836952,0.5148511697804484,0.1690591526550287,Ag,COMPLETE
667,-51.76767676764536,2025-11-13 12:26:58.480855,2025-11-13 12:26:59.054518,0 days 00:00:00.573663,73.15754411513352,0.5056321806998568,0.16685694032656348,Ag,COMPLETE
668,-49.99999999997149,2025-11-13 12:26:58.620538,2025-11-13 12:26:59.164761,0 days 00:00:00.544223,73.25062946971943,0.819908990798437,0.16916291255750288,Ag,COMPLETE
669,-27.227722772271793,2025-11-13 12:26:58.666171,2025-11-13 12:26:59.164761,0 days 00:00:00.498590,72.13747883009196,10.550025293612169,0.6990014722471739,Ag,COMPLETE
670,-51.4705882352638,2025-11-13 12:26:58.716100,2025-11-13 12:26:59.281417,0 days 00:00:00.565317,71.86751011425338,0.8402716850958796,0.17078922118024203,Ag,COMPLETE
671,-30.882352941169163,2025-11-13 12:26:58.761257,2025-11-13 12:26:59.384039,0 days 00:00:00.622782,71.69906473818862,10.512185606239395,0.16553975692663725,Ag,COMPLETE
672,-51.4705882352638,2025-11-13 12:26:58.800493,2025-11-13 12:26:59.297636,0 days 00:00:00.497143,72.97906488224733,0.8338484738488144,0.15676915933935445,Ag,COMPLETE
673,-13.888888888887216,2025-11-13 12:26:59.102508,2025-11-13 12:27:00.261652,0 days 00:00:01.159144,66.25730986526722,1.659570534450279,0.7361958513465786,Cu,COMPLETE
674,-15.416666666665096,2025-11-13 12:26:59.365988,2025-11-13 12:26:59.963762,0 days 00:00:00.597774,66.91580518022238,16.92037271323034,0.2511482026143264,Ag,COMPLETE
675,-45.94017094014737,2025-11-13 12:26:59.384039,2025-11-13 12:27:00.414584,0 days 00:00:01.030545,66.37275608375448,1.6834990966523868,0.3840665148203905,Ag,COMPLETE
676,-14.921171171169135,2025-11-13 12:26:59.430979,2025-11-13 12:27:00.387276,0 days 00:00:00.956297,66.96392232833303,1.7790277065854934,0.24205903868980588,Cu,COMPLETE
677,-15.25821596243915,2025-11-13 12:26:59.471985,2025-11-13 12:27:00.614659,0 days 00:00:01.142674,63.283819545066294,1.7819281037657704,0.20617829167061058,Cu,COMPLETE
678,-14.739229024941299,2025-11-13 12:26:59.530899,2025-11-13 12:27:00.372905,0 days 00:00:00.842006,66.92015223388661,1.6726392259865457,0.2563783953060096,Cu,COMPLETE
679,-49.99999999997152,2025-11-13 12:26:59.912867,2025-11-13 12:27:00.414759,0 days 00:00:00.501892,63.81488646748433,0.5027717054869588,0.3379795509741346,Ag,COMPLETE
680,-15.258215962439067,2025-11-13 12:26:59.938561,2025-11-13 12:27:00.383167,0 days 00:00:00.444606,63.108822057018045,1.7184729794389724,0.20734551751563712,Cu,COMPLETE
681,-21.901709401703823,2025-11-13 12:27:00.557620,2025-11-13 12:27:01.407957,0 days 00:00:00.850337,38.76922514370276,1.064158114496832,0.13766600374253318,Ag,COMPLETE
682,-51.47058823526388,2025-11-13 12:27:00.526372,2025-11-13 12:27:01.266669,0 days 00:00:00.740297,68.50625501457938,1.0884169786396667,0.10193922855151412,Ag,COMPLETE
683,-49.99999999997173,2025-11-13 12:27:00.630415,2025-11-13 12:27:01.328969,0 days 00:00:00.698554,68.5129718033065,1.1063759272797524,0.13523715750259976,Ag,COMPLETE
684,-51.47058823526388,2025-11-13 12:27:00.667986,2025-11-13 12:27:01.652387,0 days 00:00:00.984401,68.09692169204313,1.0721702233801644,0.10040003520339477,Ag,COMPLETE
685,-51.47058823526388,2025-11-13 12:27:00.681164,2025-11-13 12:27:01.074305,0 days 00:00:00.393141,68.93286842196478,1.1067685465733437,0.10043663270738688,Ag,COMPLETE
686,-48.61111111108426,2025-11-13 12:27:00.715274,2025-11-13 12:27:01.582585,0 days 00:00:00.867311,58.25613990358352,0.8554741627870064,0.14242633423581655,Ag,COMPLETE
687,23.966165413533478,2025-11-13 12:27:00.996071,2025-11-13 12:27:02.263575,0 days 00:00:01.267504,58.0946055684197,19.154946123422864,0.2972646569454111,Ag,COMPLETE
688,-1.4919011082693743,2025-11-13 12:27:01.089932,2025-11-13 12:27:01.652387,0 days 00:00:00.562455,104.97944929760783,0.798669491623538,0.14427162706046381,Ag,COMPLETE
689,-50.245098039186,2025-11-13 12:27:01.319166,2025-11-13 12:27:01.945971,0 days 00:00:00.626805,64.54581517288317,0.8300774294686708,0.1916766644395796,Ag,COMPLETE
690,-27.369281045746337,2025-11-13 12:27:01.617974,2025-11-13 12:27:02.409373,0 days 00:00:00.791399,74.81022531504695,11.430755233523573,0.28200376105807284,Ag,COMPLETE
691,-47.453703703677256,2025-11-13 12:27:01.724594,2025-11-13 12:27:02.461699,0 days 00:00:00.737105,61.18425947556766,0.5117820869122047,0.2955298460224816,Ag,COMPLETE
692,-50.24509803918625,2025-11-13 12:27:01.773510,2025-11-13 12:27:02.714117,0 days 00:00:00.940607,70.5947862068815,0.5007589458092498,0.3033927938782186,Ag,COMPLETE
693,-28.198653198647392,2025-11-13 12:27:01.897565,2025-11-13 12:27:02.802067,0 days 00:00:00.904502,74.93461315649934,11.439752979312336,0.19122427218445892,Ag,COMPLETE
694,-48.809523809495936,2025-11-13 12:27:01.838871,2025-11-13 12:27:02.960463,0 days 00:00:01.121592,75.1366085020789,0.5350331313909502,0.19568736167349493,Ag,COMPLETE
695,-49.76851851849078,2025-11-13 12:27:01.980574,2025-11-13 12:27:02.881595,0 days 00:00:00.901021,70.95983826972177,1.3822568680166158,0.19360514005493043,Ag,COMPLETE
696,-18.68872549019331,2025-11-13 12:27:02.297959,2025-11-13 12:27:02.971869,0 days 00:00:00.673910,65.28921592669661,1.3660367031657898,0.19336781950658594,Au,COMPLETE
697,-9.789156626504836,2025-11-13 12:27:02.714117,2025-11-13 12:27:03.212794,0 days 00:00:00.498677,27.928157563838834,0.9171785404940989,0.23732205915337629,Ag,COMPLETE
698,-10.284810126580986,2025-11-13 12:27:02.835116,2025-11-13 12:27:03.721180,0 days 00:00:00.886064,28.53857629968895,0.8688211476634368,0.22890450816059288,Ag,COMPLETE
699,-48.6111111110841,2025-11-13 12:27:02.914134,2025-11-13 12:27:03.418299,0 days 00:00:00.504165,62.630148233469804,0.8679061454613075,0.23123645373381851,Ag,COMPLETE
700,-0.5274261603375261,2025-11-13 12:27:03.032300,2025-11-13 12:27:03.721180,0 days 00:00:00.688880,62.97240769761448,17.595626233463594,0.5232471419686628,Ag,COMPLETE
701,-11.43067846607565,2025-11-13 12:27:03.097999,2025-11-13 12:27:04.064762,0 days 00:00:00.966763,33.61333540485115,12.144150704668334,1.8176364928949518,Ag,COMPLETE
702,-0.7109297725024645,2025-11-13 12:27:03.163258,2025-11-13 12:27:03.721180,0 days 00:00:00.557922,64.7367577949069,17.763687191408405,0.1362075632996388,Ag,COMPLETE
703,-50.245098039186,2025-11-13 12:27:03.214498,2025-11-13 12:27:04.015609,0 days 00:00:00.801111,70.68761149773721,0.5196334668586835,0.1364860121816835,Ag,COMPLETE
704,-40.74074074072269,2025-11-13 12:27:03.535848,2025-11-13 12:27:04.131773,0 days 00:00:00.595925,64.79928452443433,1.3349318051048025,1.253284031473892,Ag,COMPLETE
705,-36.05769230767838,2025-11-13 12:27:03.644942,2025-11-13 12:27:04.216016,0 days 00:00:00.571074,70.0553293685178,1.367088500272406,1.7466285324472643,Ag,COMPLETE
706,0.0,2025-11-13 12:27:03.968663,2025-11-13 12:27:04.284868,0 days 00:00:00.316205,46.82846683235955,19.766265701602354,1.6144266686856512,Au,COMPLETE
707,-0.5868544600938801,2025-11-13 12:27:04.081016,2025-11-13 12:27:04.624964,0 days 00:00:00.543948,22.8419116984348,1.23916120815162,0.1499821592404136,Au,COMPLETE
708,-19.531249999996948,2025-11-13 12:27:04.102178,2025-11-13 12:27:04.664464,0 days 00:00:00.562286,67.15174234023866,0.8452540482981792,0.15150079989678486,Au,COMPLETE
709,-19.333333333330202,2025-11-13 12:27:04.118427,2025-11-13 12:27:04.662777,0 days 00:00:00.544350,67.3280936611949,0.5133658771670763,0.16388166887227384,Au,COMPLETE
710,-49.99999999997132,2025-11-13 12:27:04.165149,2025-11-13 12:27:05.198138,0 days 00:00:01.032989,67.09854712725212,0.8971378187151761,0.15842996559503136,Ag,COMPLETE
711,-47.149122806992466,2025-11-13 12:27:04.284868,2025-11-13 12:27:04.943751,0 days 00:00:00.658883,67.50140178501704,0.506153817433548,0.8255404861714484,Ag,COMPLETE
712,-48.8095238094959,2025-11-13 12:27:04.314347,2025-11-13 12:27:05.293909,0 days 00:00:00.979562,60.16024398385609,0.5012950937557865,0.1736929992163641,Ag,COMPLETE
713,-46.05263157892295,2025-11-13 12:27:04.586653,2025-11-13 12:27:05.496967,0 days 00:00:00.910314,77.89614448892868,0.9133810835838791,0.17024095106932272,Ag,COMPLETE
714,-49.99999999997149,2025-11-13 12:27:04.730111,2025-11-13 12:27:05.569791,0 days 00:00:00.839680,60.463373219783044,0.8382510471214853,0.13088069377814665,Ag,COMPLETE
715,-41.66666666664772,2025-11-13 12:27:04.959377,2025-11-13 12:27:06.069695,0 days 00:00:01.110318,70.0986850493043,1.2389040352664642,1.057204613809021,Ag,COMPLETE
716,-49.76851851849095,2025-11-13 12:27:05.124604,2025-11-13 12:27:06.007198,0 days 00:00:00.882594,69.85214182132529,1.3948240061281396,0.25638822088362084,Ag,COMPLETE
717,-48.6111111110841,2025-11-13 12:27:05.450184,2025-11-13 12:27:06.022858,0 days 00:00:00.572674,65.29125789341684,1.1522224397872884,0.25836610526980014,Ag,COMPLETE
718,-48.6111111110841,2025-11-13 12:27:05.496967,2025-11-13 12:27:06.482244,0 days 00:00:00.985277,70.35785442324327,1.3669757586970837,0.22198573334411106,Ag,COMPLETE
719,-49.99999999997152,2025-11-13 12:27:05.528217,2025-11-13 12:27:06.022858,0 days 00:00:00.494641,69.25448222688281,1.2182359877837654,0.21735730486893895,Ag,COMPLETE
720,-41.666666666647146,2025-11-13 12:27:05.616809,2025-11-13 12:27:06.429713,0 days 00:00:00.812904,69.94717794421385,1.3592277484924429,1.054084091087169,Ag,COMPLETE
721,-51.76767676764536,2025-11-13 12:27:05.944695,2025-11-13 12:27:06.429713,0 days 00:00:00.485018,71.61649764159237,0.5099623777562307,0.12763443013188802,Ag,COMPLETE
722,-40.67460317458373,2025-11-13 12:27:06.147260,2025-11-13 12:27:06.885459,0 days 00:00:00.738199,52.758616966803736,0.8299388682746742,0.10195569976824648,Ag,COMPLETE
723,-51.4705882352638,2025-11-13 12:27:06.147260,2025-11-13 12:27:06.795972,0 days 00:00:00.648712,72.24229236708184,0.8624830058557488,0.10334539374781745,Ag,COMPLETE
724,-49.99999999997149,2025-11-13 12:27:06.374378,2025-11-13 12:27:06.994610,0 days 00:00:00.620232,64.25293497531416,0.8527271819313172,0.13082620506253886,Ag,COMPLETE
725,-48.6111111110841,2025-11-13 12:27:06.468002,2025-11-13 12:27:06.978930,0 days 00:00:00.510928,62.17759626386388,0.9701033326254904,0.12799192990985986,Ag,COMPLETE
726,-49.99999999997149,2025-11-13 12:27:06.555294,2025-11-13 12:27:07.010179,0 days 00:00:00.454885,62.21969023999417,0.8724370912562365,0.10592556935008292,Ag,COMPLETE
727,-32.22222222221368,2025-11-13 12:27:06.613449,2025-11-13 12:27:07.312705,0 days 00:00:00.699256,65.47738953421545,9.492524042779198,0.1916024476681959,Ag,COMPLETE
728,-51.76767676764519,2025-11-13 12:27:06.914354,2025-11-13 12:27:07.429962,0 days 00:00:00.515608,66.22960173151561,0.5309846989509608,0.1867191276824075,Ag,COMPLETE
729,-25.394477317551264,2025-11-13 12:27:07.010179,2025-11-13 12:27:07.647009,0 days 00:00:00.636830,67.94797387672648,16.284006076065012,0.174461627638471,Ag,COMPLETE
730,-48.42342342339705,2025-11-13 12:27:07.148273,2025-11-13 12:27:07.631336,0 days 00:00:00.483063,68.04426692216502,1.9395974592336427,0.17835027536128065,Ag,COMPLETE
731,-53.03030303027077,2025-11-13 12:27:07.217887,2025-11-13 12:27:08.185690,0 days 00:00:00.967803,68.21022555517436,0.5119479590960764,0.17663404047453518,Ag,COMPLETE
732,-47.14912280699298,2025-11-13 12:27:07.312705,2025-11-13 12:27:07.999081,0 days 00:00:00.686376,73.8899930830142,1.5635582089198872,0.1616070174254205,Ag,COMPLETE
733,-48.809523809495936,2025-11-13 12:27:07.527174,2025-11-13 12:27:07.999081,0 days 00:00:00.471907,73.91743829375577,0.5097074266725625,0.23674497450987386,Ag,COMPLETE
734,-47.29729729727148,2025-11-13 12:27:07.561672,2025-11-13 12:27:08.219243,0 days 00:00:00.657571,72.63146107615263,1.639073119485209,0.2205769379478036,Ag,COMPLETE
735,-8.333333333332503,2025-11-13 12:27:07.680330,2025-11-13 12:27:08.296131,0 days 00:00:00.615801,26.196800777517446,1.6235281658224978,0.24053865103554403,Ag,COMPLETE
736,-37.41496598637912,2025-11-13 12:27:07.846003,2025-11-13 12:27:08.540453,0 days 00:00:00.694450,64.98637049755251,0.5160861157810512,1.911843962417262,Ag,COMPLETE
737,-49.99999999997149,2025-11-13 12:27:07.947238,2025-11-13 12:27:08.509211,0 days 00:00:00.561973,64.0050770361299,0.8481793185273128,0.13495685752919603,Ag,COMPLETE
738,-48.6111111110841,2025-11-13 12:27:08.068337,2025-11-13 12:27:08.587333,0 days 00:00:00.518996,63.86382839037183,1.113367644285627,0.2701851109631546,Ag,COMPLETE
739,-48.61111111108426,2025-11-13 12:27:08.147841,2025-11-13 12:27:08.763530,0 days 00:00:00.615689,63.67814556740057,1.144930995720058,0.20895884980293378,Ag,COMPLETE
740,-15.13532763532632,2025-11-13 12:27:08.283645,2025-11-13 12:27:08.831762,0 days 00:00:00.548117,30.823720776438876,18.3420708783521,0.28008323188358414,Ag,COMPLETE
741,-50.24509803918605,2025-11-13 12:27:08.478034,2025-11-13 12:27:09.252110,0 days 00:00:00.774076,66.02600346488909,0.510850795365263,0.20631395107886533,Ag,COMPLETE
742,-51.47058823526383,2025-11-13 12:27:08.665745,2025-11-13 12:27:09.250107,0 days 00:00:00.584362,66.82301297044053,0.8851230431143551,0.19784770367448815,Ag,COMPLETE
743,-48.809523809495936,2025-11-13 12:27:08.714090,2025-11-13 12:27:09.311308,0 days 00:00:00.597218,66.56175277646376,0.9249683223005807,0.19528917462110285,Ag,COMPLETE
744,-49.99999999997152,2025-11-13 12:27:08.763530,2025-11-13 12:27:09.311308,0 days 00:00:00.547778,65.97801965397079,0.5143588578053325,0.33454150555580475,Ag,COMPLETE
745,-49.99999999997132,2025-11-13 12:27:08.831762,2025-11-13 12:27:09.685961,0 days 00:00:00.854199,66.50449578715995,0.8532077621047227,0.20597601206009541,Ag,COMPLETE
746,-44.79166666664434,2025-11-13 12:27:08.928131,2025-11-13 12:27:09.662970,0 days 00:00:00.734839,66.31387458096575,2.2966273227266747,0.345465383575592,Ag,COMPLETE
747,-49.99999999997132,2025-11-13 12:27:09.184859,2025-11-13 12:27:09.979409,0 days 00:00:00.794550,68.61045427630391,1.245574710950216,0.1592873277305526,Ag,COMPLETE
748,-44.573643410831764,2025-11-13 12:27:09.373726,2025-11-13 12:27:10.598267,0 days 00:00:01.224541,68.47790501805382,3.858813665233943,0.15609970701322143,Ag,COMPLETE
749,-51.76767676764536,2025-11-13 12:27:09.564819,2025-11-13 12:27:10.138354,0 days 00:00:00.573535,68.74013742392981,0.5040049742809226,0.1601897453743709,Ag,COMPLETE
750,-51.190476190446915,2025-11-13 12:27:09.599152,2025-11-13 12:27:10.090292,0 days 00:00:00.491140,68.72363926206641,1.2400637205556053,0.15759210143604005,Ag,COMPLETE
751,-49.99999999997149,2025-11-13 12:27:09.695961,2025-11-13 12:27:10.350352,0 days 00:00:00.654391,68.95994996584061,1.222408541266618,0.15410426616906234,Ag,COMPLETE
752,-48.611111111084135,2025-11-13 12:27:09.763420,2025-11-13 12:27:10.504028,0 days 00:00:00.740608,61.07283877763209,1.1182399934535439,0.10194126863508202,Ag,COMPLETE
753,-47.453703703677256,2025-11-13 12:27:09.947093,2025-11-13 12:27:10.700185,0 days 00:00:00.753092,61.53410820320573,0.8531150411022974,0.2523629464337153,Ag,COMPLETE
754,-0.7062146892655247,2025-11-13 12:27:10.168275,2025-11-13 12:27:11.294290,0 days 00:00:01.126015,71.89467776337398,14.625346343081645,0.10055286144572331,Au,COMPLETE
755,-18.48370927318017,2025-11-13 12:27:10.285970,2025-11-13 12:27:11.273027,0 days 00:00:00.987057,61.92807749268616,0.8234931158027,0.25974391533353003,Au,COMPLETE
756,-0.7342143906020427,2025-11-13 12:27:10.431202,2025-11-13 12:27:11.297378,0 days 00:00:00.866176,62.7988926729571,14.481952251833512,1.3271122899041823,Au,COMPLETE
757,-0.5296610169491436,2025-11-13 12:27:10.489361,2025-11-13 12:27:11.436188,0 days 00:00:00.946827,71.04017669202551,14.639443885802768,0.13163397314043493,Au,COMPLETE
758,-18.382352941173767,2025-11-13 12:27:10.540778,2025-11-13 12:27:11.405058,0 days 00:00:00.864280,80.84038661574675,0.8043667768886273,0.10053409582977887,Au,COMPLETE
759,-49.76851851849095,2025-11-13 12:27:10.752407,2025-11-13 12:27:11.933602,0 days 00:00:01.181195,70.55952955798664,1.610456311858536,0.13046462965129318,Ag,COMPLETE
760,-41.666666666647856,2025-11-13 12:27:11.139130,2025-11-13 12:27:11.617939,0 days 00:00:00.478809,71.27861529995833,1.5168561942761911,0.9954119420216755,Ag,COMPLETE
761,-42.65873015870962,2025-11-13 12:27:11.313003,2025-11-13 12:27:11.931596,0 days 00:00:00.618593,56.94022340518696,2.0323780455719547,0.22611459554328237,Ag,COMPLETE
762,-47.149122806992644,2025-11-13 12:27:11.413821,2025-11-13 12:27:12.348978,0 days 00:00:00.935157,67.6534035877594,2.006908241662062,0.22745691214732555,Ag,COMPLETE
763,-23.069679849338236,2025-11-13 12:27:11.569806,2025-11-13 12:27:12.622668,0 days 00:00:01.052862,64.16640376602057,13.792285169345714,1.5343708542430097,Ag,COMPLETE
764,-36.29032258063328,2025-11-13 12:27:11.736653,2025-11-13 12:27:12.667479,0 days 00:00:00.930826,64.80899823559662,7.715952233260824,0.18220476063772584,Ag,COMPLETE
765,-29.166666666660173,2025-11-13 12:27:11.867226,2025-11-13 12:27:13.062792,0 days 00:00:01.195566,59.46864585268532,10.906941028877636,0.1835121464898584,Ag,COMPLETE
766,-50.24509803918605,2025-11-13 12:27:11.955322,2025-11-13 12:27:12.794660,0 days 00:00:00.839338,64.56917092735755,0.5388791817283032,0.19325714850110254,Ag,COMPLETE
767,-49.99999999997152,2025-11-13 12:27:12.113240,2025-11-13 12:27:13.325430,0 days 00:00:01.212190,75.67522265703647,0.5157713033406951,0.18468717324561962,Ag,COMPLETE
768,-48.6111111110841,2025-11-13 12:27:12.310890,2025-11-13 12:27:13.109287,0 days 00:00:00.798397,77.2515209260513,0.5060990538513278,0.1807935838451783,Ag,COMPLETE
769,-1.1134552273792424,2025-11-13 12:27:12.430233,2025-11-13 12:27:13.110297,0 days 00:00:00.680064,23.44341762880678,0.8681525622895219,0.18965805893784282,Ag,COMPLETE
770,-49.99999999997149,2025-11-13 12:27:12.667479,2025-11-13 12:27:13.571960,0 days 00:00:00.904481,59.85186259639666,0.5127199281365754,0.10124626918377788,Ag,COMPLETE
771,-49.99999999997132,2025-11-13 12:27:13.046085,2025-11-13 12:27:13.714508,0 days 00:00:00.668423,68.07901997344689,1.1519555372547297,0.1372590925587559,Ag,COMPLETE
772,-51.190476190446915,2025-11-13 12:27:13.144471,2025-11-13 12:27:14.096628,0 days 00:00:00.952157,67.99141086268615,1.175510240166279,0.13754282609176735,Ag,COMPLETE
773,-49.99999999997149,2025-11-13 12:27:13.314317,2025-11-13 12:27:14.104339,0 days 00:00:00.790022,68.60539468514645,1.175264566552112,0.1461962733051669,Ag,COMPLETE
774,-51.47058823526388,2025-11-13 12:27:13.370443,2025-11-13 12:27:14.099282,0 days 00:00:00.728839,69.75605225649448,1.0619053958724658,0.10007616671376705,Ag,COMPLETE
775,-49.99999999997149,2025-11-13 12:27:13.429870,2025-11-13 12:27:14.087578,0 days 00:00:00.657708,67.79106225877293,1.1765212800013085,0.1523049730747253,Ag,COMPLETE
776,-35.91954022987266,2025-11-13 12:27:13.510914,2025-11-13 12:27:14.387802,0 days 00:00:00.876888,73.7926667931523,6.412397987570667,0.27887541740947125,Ag,COMPLETE
777,-48.809523809495936,2025-11-13 12:27:13.714508,2025-11-13 12:27:14.650166,0 days 00:00:00.935658,72.52622223509621,0.8233478637754031,0.2695230167042728,Ag,COMPLETE
778,-13.457556935816067,2025-11-13 12:27:14.017157,2025-11-13 12:27:14.689488,0 days 00:00:00.672331,72.24239330143017,1.536892949722072,0.264029535522856,Cu,COMPLETE
779,-14.076576576574729,2025-11-13 12:27:14.159262,2025-11-13 12:27:15.170814,0 days 00:00:01.011552,72.0105848781202,0.5110459975900005,0.23636549248271707,Cu,COMPLETE
780,-50.24509803918605,2025-11-13 12:27:14.386803,2025-11-13 12:27:15.109852,0 days 00:00:00.723049,64.84656103215453,0.5006957419064073,0.21411545535417126,Ag,COMPLETE
781,-49.99999999997152,2025-11-13 12:27:14.406800,2025-11-13 12:27:15.138261,0 days 00:00:00.731461,66.14311802336309,0.8605300246928911,0.23332098145163238,Ag,COMPLETE
782,-49.99999999997132,2025-11-13 12:27:14.529025,2025-11-13 12:27:15.294887,0 days 00:00:00.765862,64.930999572895,0.838949688326593,0.2087129623059132,Ag,COMPLETE
783,-27.08333333332877,2025-11-13 12:27:14.608095,2025-11-13 12:27:15.477124,0 days 00:00:00.869029,65.06297067896735,13.289835613559278,0.22147793228353302,Ag,COMPLETE
784,-50.24509803918605,2025-11-13 12:27:14.724205,2025-11-13 12:27:15.279250,0 days 00:00:00.555045,65.58518023417713,0.5059795299714633,0.22666505582314747,Ag,COMPLETE
785,-49.76851851849095,2025-11-13 12:27:15.076175,2025-11-13 12:27:15.748755,0 days 00:00:00.672580,62.95275300295927,1.5478362700862887,0.13662849669071214,Ag,COMPLETE
786,-23.648648648642254,2025-11-13 12:27:15.249448,2025-11-13 12:27:15.483974,0 days 00:00:00.234526,41.328534121311975,1.5433154713967658,0.5669292746370127,Ag,COMPLETE
787,-38.94927536230196,2025-11-13 12:27:15.406175,2025-11-13 12:27:16.067555,0 days 00:00:00.661380,62.23158940118599,0.8748785230755276,1.4441484460271292,Ag,COMPLETE
788,-49.76851851849078,2025-11-13 12:27:15.513359,2025-11-13 12:27:16.067555,0 days 00:00:00.554196,69.4305081115009,1.4544287813648502,0.1360740405796882,Ag,COMPLETE
789,-48.8095238094959,2025-11-13 12:27:15.579089,2025-11-13 12:27:15.973791,0 days 00:00:00.394702,62.65690696017699,0.8842745455596499,0.14366029277869716,Ag,COMPLETE
790,-38.94927536230196,2025-11-13 12:27:15.625980,2025-11-13 12:27:16.315802,0 days 00:00:00.689822,70.15980114566601,0.8670936363642415,1.4533429522787755,Ag,COMPLETE
791,-49.99999999997132,2025-11-13 12:27:15.673579,2025-11-13 12:27:16.788613,0 days 00:00:01.115034,70.19344445845742,1.1195170220570057,0.17227892249663782,Ag,COMPLETE
792,-51.76767676764536,2025-11-13 12:27:15.911226,2025-11-13 12:27:16.812395,0 days 00:00:00.901169,70.44051829240546,0.5006757298031409,0.1715061773558481,Ag,COMPLETE
793,-24.999999999992887,2025-11-13 12:27:15.973791,2025-11-13 12:27:16.936121,0 days 00:00:00.962330,88.76989480014501,1.1238737231213998,0.17018306836272207,Ag,COMPLETE
794,-14.573070607551939,2025-11-13 12:27:16.144854,2025-11-13 12:27:17.166678,0 days 00:00:01.021824,66.68435864807475,17.177328633275774,0.10156793159970663,Ag,COMPLETE
795,-48.6111111110841,2025-11-13 12:27:16.645856,2025-11-13 12:27:17.344441,0 days 00:00:00.698585,75.27643375213529,0.5053616389625646,0.32027320309104135,Ag,COMPLETE
796,-50.24509803918621,2025-11-13 12:27:16.685538,2025-11-13 12:27:17.278366,0 days 00:00:00.592828,67.2495021449155,0.8499364535421066,0.10113034094856468,Ag,COMPLETE
797,-49.999999999971564,2025-11-13 12:27:16.784579,2025-11-13 12:27:17.344441,0 days 00:00:00.559862,67.08734040292596,0.8435326203890965,0.30956449687903054,Ag,COMPLETE
798,-53.03030303027095,2025-11-13 12:27:16.849951,2025-11-13 12:27:17.468994,0 days 00:00:00.619043,66.8321773427976,0.8669568722415808,0.10132645682097886,Ag,COMPLETE
799,-1.4391447368420864,2025-11-13 12:27:16.952269,2025-11-13 12:27:17.682466,0 days 00:00:00.730197,111.375584634164,0.8494823621654535,0.12778761377552794,Ag,COMPLETE
800,-49.76851851849098,2025-11-13 12:27:17.297432,2025-11-13 12:27:17.798695,0 days 00:00:00.501263,64.5630151600283,1.7779509993258786,0.10168132574248952,Ag,COMPLETE
801,-35.49382716048066,2025-11-13 12:27:17.444660,2025-11-13 12:27:18.332658,0 days 00:00:00.887998,62.95445459123969,1.817702123437566,1.8604706054622793,Ag,COMPLETE
802,-35.31073446326472,2025-11-13 12:27:17.500590,2025-11-13 12:27:18.237778,0 days 00:00:00.737188,62.69125233926892,5.62546094020523,0.7629109400370397,Ag,COMPLETE
803,-26.9764957264922,2025-11-13 12:27:17.591951,2025-11-13 12:27:18.593487,0 days 00:00:01.001536,63.521503637226374,15.458552621480266,0.13576819665021192,Ag,COMPLETE
804,-45.9401709401477,2025-11-13 12:27:17.648472,2025-11-13 12:27:18.301981,0 days 00:00:00.653509,63.830561367524226,2.2277566069902046,0.13640534810013988,Ag,COMPLETE
805,-48.42342342339707,2025-11-13 12:27:17.699769,2025-11-13 12:27:18.301981,0 days 00:00:00.602212,62.77069965636955,1.438023146256259,0.13671091469045643,Ag,COMPLETE
806,-29.10052910051983,2025-11-13 12:27:17.816103,2025-11-13 12:27:18.558038,0 days 00:00:00.741935,84.20348590136301,1.5393682536857716,0.901749835827431,Ag,COMPLETE
807,-49.99999999997152,2025-11-13 12:27:18.079870,2025-11-13 12:27:18.804210,0 days 00:00:00.724340,66.2246010153938,1.3515483776776893,0.10139116416797657,Ag,COMPLETE
808,-51.190476190446915,2025-11-13 12:27:18.466724,2025-11-13 12:27:19.047138,0 days 00:00:00.580414,66.93638071028215,1.2204028866358256,0.1785273017364226,Ag,COMPLETE
809,-18.11594202898157,2025-11-13 12:27:18.563745,2025-11-13 12:27:19.350357,0 days 00:00:00.786612,36.31179379753219,1.169474449215183,0.18231405120281413,Ag,COMPLETE
810,-47.297297297271975,2025-11-13 12:27:18.655982,2025-11-13 12:27:19.394187,0 days 00:00:00.738205,60.14935506120112,1.170933762444824,0.17630771060056777,Ag,COMPLETE
811,-19.194756554302785,2025-11-13 12:27:18.706129,2025-11-13 12:27:19.350357,0 days 00:00:00.644228,37.166955405577454,1.1426450960230818,0.4165514524923283,Ag,COMPLETE
812,-49.99999999997132,2025-11-13 12:27:18.868187,2025-11-13 12:27:19.571920,0 days 00:00:00.703733,68.64112780123313,1.0968700173471744,0.19302850203556352,Ag,COMPLETE
813,-19.23076923076616,2025-11-13 12:27:18.942941,2025-11-13 12:27:20.111894,0 days 00:00:01.168953,67.6318153501025,0.8411522279983614,0.21309746482724454,Au,COMPLETE
814,-15.771028037381734,2025-11-13 12:27:19.251029,2025-11-13 12:27:20.158868,0 days 00:00:00.907839,66.26677466004924,3.315588957172311,1.5817502370546797,Au,COMPLETE
815,-0.5868544600938801,2025-11-13 12:27:19.482068,2025-11-13 12:27:20.081373,0 days 00:00:00.599305,22.371668958749964,0.514296131772933,0.10109617055301666,Au,COMPLETE
816,-18.910256410253545,2025-11-13 12:27:19.583591,2025-11-13 12:27:20.298485,0 days 00:00:00.714894,65.97893081648698,0.7591157358708625,0.23599803965600993,Au,COMPLETE
817,-48.42342342339705,2025-11-13 12:27:19.655172,2025-11-13 12:27:20.811073,0 days 00:00:01.155901,65.28847457535444,1.9510699316118356,0.15676783680322282,Ag,COMPLETE
818,-0.6720430107526773,2025-11-13 12:27:19.686882,2025-11-13 12:27:20.905457,0 days 00:00:01.218575,98.79837507445771,8.84070868079234,0.2443621383506644,Au,COMPLETE
819,-48.423423423397416,2025-11-13 12:27:19.872639,2025-11-13 12:27:20.842562,0 days 00:00:00.969923,68.94928589712133,1.8801005180940753,0.15918047527448514,Ag,COMPLETE
820,-50.245098039186,2025-11-13 12:27:19.995378,2025-11-13 12:27:20.812901,0 days 00:00:00.817523,60.78410994992051,0.5073049018330483,0.15604816056349946,Ag,COMPLETE
821,-45.94017094014722,2025-11-13 12:27:20.339502,2025-11-13 12:27:21.051866,0 days 00:00:00.712364,60.85311243442278,2.00362395666523,0.15323524843873393,Ag,COMPLETE
822,-14.059304703474794,2025-11-13 12:27:20.397666,2025-11-13 12:27:21.343392,0 days 00:00:00.945726,68.10124710606561,2.706353418703978,0.27707305170670316,Cu,COMPLETE
823,-48.61111111108426,2025-11-13 12:27:20.500829,2025-11-13 12:27:21.374550,0 days 00:00:00.873721,60.945853641322486,0.8437167967099075,0.15668724000552478,Ag,COMPLETE
824,-5.762411347517287,2025-11-13 12:27:20.842562,2025-11-13 12:27:21.515202,0 days 00:00:00.672640,26.417115658061665,0.5005949327524413,0.20097082399905863,Cu,COMPLETE
825,-49.99999999997116,2025-11-13 12:27:21.103029,2025-11-13 12:27:21.892865,0 days 00:00:00.789836,71.0660855585085,1.4378588054432093,0.10268504446846695,Ag,COMPLETE
826,-7.170542635658268,2025-11-13 12:27:21.163654,2025-11-13 12:27:21.940428,0 days 00:00:00.776774,24.15938304715991,0.5074825422280151,0.2032541560613917,Ag,COMPLETE
827,-47.297297297271975,2025-11-13 12:27:21.390512,2025-11-13 12:27:22.293297,0 days 00:00:00.902785,71.30245190230968,1.4694494432432057,0.2094067338412835,Ag,COMPLETE
828,-49.99999999997152,2025-11-13 12:27:21.390512,2025-11-13 12:27:22.221705,0 days 00:00:00.831193,70.4047976971756,1.3690018728401085,0.10023160413592073,Ag,COMPLETE
829,-49.99999999997173,2025-11-13 12:27:21.515202,2025-11-13 12:27:22.759790,0 days 00:00:01.244588,64.91216993815901,1.1151691917671545,0.14002906064813025,Ag,COMPLETE
830,-1.427406199021184,2025-11-13 12:27:21.615688,2025-11-13 12:27:22.666875,0 days 00:00:01.051187,115.19046424328653,1.4543466895787376,0.12616000478245082,Ag,COMPLETE
831,-51.4705882352638,2025-11-13 12:27:21.818654,2025-11-13 12:27:22.712446,0 days 00:00:00.893792,65.13097599711624,0.8927643011413572,0.13170243621807015,Ag,COMPLETE
832,-50.245098039186,2025-11-13 12:27:21.846507,2025-11-13 12:27:23.048327,0 days 00:00:01.201820,65.45427111299921,0.8956136088639368,0.13728203498899835,Ag,COMPLETE
833,-41.666666666648545,2025-11-13 12:27:22.439419,2025-11-13 12:27:23.130940,0 days 00:00:00.691521,64.72903134223108,4.495950585529624,0.1381588752761576,Ag,COMPLETE
834,-49.99999999997136,2025-11-13 12:27:22.487009,2025-11-13 12:27:23.313211,0 days 00:00:00.826202,66.08917728564002,0.8947919852712136,0.2536638145303991,Ag,COMPLETE
835,-49.99999999997132,2025-11-13 12:27:22.496789,2025-11-13 12:27:22.963041,0 days 00:00:00.466252,65.62167438511052,0.9161521006344076,0.13680051722179262,Ag,COMPLETE
836,-49.99999999997136,2025-11-13 12:27:22.586413,2025-11-13 12:27:23.379836,0 days 00:00:00.793423,67.84060576100704,0.8627235454692253,0.2537725225791787,Ag,COMPLETE
837,-51.47058823526383,2025-11-13 12:27:22.963041,2025-11-13 12:27:23.552564,0 days 00:00:00.589523,68.25411316732071,0.8210573102561245,0.24324505972999377,Ag,COMPLETE
838,-44.95614035085329,2025-11-13 12:27:23.066771,2025-11-13 12:27:23.878373,0 days 00:00:00.811602,57.893537476197416,0.8566092940981318,0.2503033228370608,Ag,COMPLETE
839,-38.94927536230196,2025-11-13 12:27:23.179724,2025-11-13 12:27:23.846941,0 days 00:00:00.667217,55.5785883539274,0.5168765122092743,1.177527048122428,Ag,COMPLETE
840,-47.297297297271975,2025-11-13 12:27:23.255974,2025-11-13 12:27:23.878373,0 days 00:00:00.622399,73.8779339809901,1.1542240909728232,0.19083077125983094,Ag,COMPLETE
841,-51.47058823526383,2025-11-13 12:27:23.297726,2025-11-13 12:27:23.848938,0 days 00:00:00.551212,73.08700607329956,0.5063721087508181,0.18782015104084526,Ag,COMPLETE
842,-46.05263157892295,2025-11-13 12:27:23.456846,2025-11-13 12:27:24.061123,0 days 00:00:00.604277,58.45542087242051,1.2593703331650294,0.17862089151153593,Ag,COMPLETE
843,-49.99999999997149,2025-11-13 12:27:23.581181,2025-11-13 12:27:24.165904,0 days 00:00:00.584723,68.79851775027358,1.1462441171728797,0.18479121756546266,Ag,COMPLETE
844,-3.1362007168457757,2025-11-13 12:27:23.802847,2025-11-13 12:27:24.381559,0 days 00:00:00.578712,95.88449286982569,0.508571521130457,0.10063891659929267,Ag,COMPLETE
845,-47.297297297271975,2025-11-13 12:27:24.018760,2025-11-13 12:27:24.708717,0 days 00:00:00.689957,79.77479326962457,0.5223962939071803,0.10141864193741433,Ag,COMPLETE
846,-43.80341880339635,2025-11-13 12:27:24.061123,2025-11-13 12:27:24.892764,0 days 00:00:00.831641,78.91995797983628,0.5004954146032539,0.3088701734801122,Ag,COMPLETE
847,-44.79166666664434,2025-11-13 12:27:24.211292,2025-11-13 12:27:24.594517,0 days 00:00:00.383225,79.26666986638483,1.6299988599557462,0.10111057108254606,Ag,COMPLETE
848,-29.63917525772584,2025-11-13 12:27:24.273846,2025-11-13 12:27:24.998348,0 days 00:00:00.724502,70.0078652207044,11.818490468123102,0.10017604674123926,Ag,COMPLETE
849,-53.03030303027095,2025-11-13 12:27:24.314757,2025-11-13 12:27:24.998348,0 days 00:00:00.683591,69.47708692222673,0.5107288495508696,0.10022946992465086,Ag,COMPLETE
850,-13.059701492535334,2025-11-13 12:27:24.337114,2025-11-13 12:27:25.094155,0 days 00:00:00.757041,91.74493695298587,0.5193190735530429,0.21654142332710505,Ag,COMPLETE
851,-49.999999999971564,2025-11-13 12:27:24.414514,2025-11-13 12:27:25.436742,0 days 00:00:01.022228,69.71877151938905,0.8613412221304486,0.2968996517354491,Ag,COMPLETE
852,-51.47058823526383,2025-11-13 12:27:24.677092,2025-11-13 12:27:25.109797,0 days 00:00:00.432705,70.12025520904426,0.852688683309581,0.21111057366006628,Ag,COMPLETE
853,-51.190476190446915,2025-11-13 12:27:24.946914,2025-11-13 12:27:25.439748,0 days 00:00:00.492834,69.36004313321742,1.1749370278032831,0.21566350652278393,Ag,COMPLETE
854,-36.72316384179542,2025-11-13 12:27:24.899837,2025-11-13 12:27:25.796207,0 days 00:00:00.896370,70.08069504042255,7.169730552656094,0.16860786943610068,Ag,COMPLETE
855,-22.685185185180075,2025-11-13 12:27:25.214740,2025-11-13 12:27:26.028906,0 days 00:00:00.814166,44.96022318495396,7.152014620366254,0.16266123359165763,Ag,COMPLETE
856,-47.297297297271456,2025-11-13 12:27:25.352962,2025-11-13 12:27:25.846308,0 days 00:00:00.493346,75.10635271712707,1.2416454932367613,0.16438751569425905,Ag,COMPLETE
857,-48.423423423397416,2025-11-13 12:27:25.405577,2025-11-13 12:27:26.050525,0 days 00:00:00.644948,72.62522479024993,1.5277919911380027,0.15677860457320925,Ag,COMPLETE
858,-36.16352201256492,2025-11-13 12:27:24.778355,2025-11-13 12:27:26.050525,0 days 00:00:01.272170,72.74842421929254,1.567413553568989,1.674197998928392,Ag,COMPLETE
859,-48.423423423397416,2025-11-13 12:27:25.444742,2025-11-13 12:27:26.314810,0 days 00:00:00.870068,74.74216448613615,1.5166818260857355,0.1557154002459932,Ag,COMPLETE
860,-49.76851851849095,2025-11-13 12:27:25.703823,2025-11-13 12:27:26.446947,0 days 00:00:00.743124,72.39348051195799,1.5096838238577364,0.13805777389476184,Ag,COMPLETE
861,-15.20681265206587,2025-11-13 12:27:25.902821,2025-11-13 12:27:26.948009,0 days 00:00:01.045188,67.60612054303604,0.8777731655591803,0.1324985723295734,Cu,COMPLETE
862,-13.978494623654104,2025-11-13 12:27:26.183424,2025-11-13 12:27:26.896819,0 days 00:00:00.713395,50.396720642196684,2.3583935718193585,0.13711332632345538,Cu,COMPLETE
863,-13.535031847131982,2025-11-13 12:27:26.070830,2025-11-13 12:27:26.897879,0 days 00:00:00.827049,72.20845834139311,0.9159464813377239,0.3679131213716705,Cu,COMPLETE
864,-50.24509803918621,2025-11-13 12:27:26.336374,2025-11-13 12:27:26.912481,0 days 00:00:00.576107,67.78278244603135,0.8577349355719786,0.10104347322555046,Ag,COMPLETE
865,-15.547263681589719,2025-11-13 12:27:26.384203,2025-11-13 12:27:26.897879,0 days 00:00:00.513676,67.74255416894944,0.504911205379558,0.1327930715023651,Cu,COMPLETE
866,-49.99999999997132,2025-11-13 12:27:26.494324,2025-11-13 12:27:27.502685,0 days 00:00:01.008361,71.86542387845068,1.0650701573790315,0.2039297744558122,Ag,COMPLETE
867,-48.809523809495936,2025-11-13 12:27:26.849019,2025-11-13 12:27:27.499688,0 days 00:00:00.650669,76.22783203877647,0.5058949622229391,0.20557616519438882,Ag,COMPLETE
868,-45.94017094014737,2025-11-13 12:27:27.010290,2025-11-13 12:27:27.546029,0 days 00:00:00.535739,77.43090996921623,1.1676974899400574,0.20454780898165853,Ag,COMPLETE
869,-38.39869281044234,2025-11-13 12:27:27.427655,2025-11-13 12:27:28.209306,0 days 00:00:00.781651,63.353974049983215,5.020409191263327,0.28284087620775855,Ag,COMPLETE
870,-51.47058823526388,2025-11-13 12:27:27.450534,2025-11-13 12:27:28.209306,0 days 00:00:00.758772,70.85464458691199,0.5039401091200947,0.2651330795630578,Ag,COMPLETE
871,-48.61111111108426,2025-11-13 12:27:27.906302,2025-11-13 12:27:28.812489,0 days 00:00:00.906187,71.00929621528188,1.1540542862364656,0.17442084825680684,Ag,COMPLETE
872,-48.423423423397416,2025-11-13 12:27:27.937680,2025-11-13 12:27:28.815500,0 days 00:00:00.877820,67.14174460341548,1.899477080936646,0.16985270020839283,Ag,COMPLETE
873,-48.423423423397416,2025-11-13 12:27:27.997506,2025-11-13 12:27:28.659510,0 days 00:00:00.662004,67.17719742958317,1.809587145596991,0.1693284934651702,Ag,COMPLETE
874,-11.60714285714122,2025-11-13 12:27:27.997506,2025-11-13 12:27:28.781510,0 days 00:00:00.784004,30.280765438559147,1.1376562232924747,0.1733733626578046,Ag,COMPLETE
875,-20.488029465927745,2025-11-13 12:27:28.101340,2025-11-13 12:27:28.690271,0 days 00:00:00.588931,67.3007625104869,16.75184260529174,0.17217621340650702,Ag,COMPLETE
876,-49.99999999997149,2025-11-13 12:27:28.162316,2025-11-13 12:27:29.130810,0 days 00:00:00.968494,66.84595044555826,1.1960473607787088,0.17245458771593314,Ag,COMPLETE
877,-9.219858156027593,2025-11-13 12:27:28.572590,2025-11-13 12:27:29.289072,0 days 00:00:00.716482,29.409223796536562,12.824944220677828,0.1276533642692095,Ag,COMPLETE
878,20.50781249999968,2025-11-13 12:27:28.674605,2025-11-13 12:27:28.976234,0 days 00:00:00.301629,67.4771501042183,19.916272150484378,0.1732147559013512,Ag,COMPLETE
879,-49.99999999997149,2025-11-13 12:27:28.737136,2025-11-13 12:27:29.119336,0 days 00:00:00.382200,69.10666184389066,1.1476744391482927,0.17499688731614957,Ag,COMPLETE
880,-18.623737373734535,2025-11-13 12:27:29.086270,2025-11-13 12:27:29.629914,0 days 00:00:00.543644,63.32436343373664,0.8163429067518975,0.22750843724417152,Au,COMPLETE
881,-18.93939393939098,2025-11-13 12:27:29.129033,2025-11-13 12:27:29.915790,0 days 00:00:00.786757,64.0413017342058,0.9095156142685847,0.23127506542058382,Au,COMPLETE
882,-18.623737373734574,2025-11-13 12:27:29.184257,2025-11-13 12:27:29.770632,0 days 00:00:00.586375,63.799051883319855,0.8475267349855642,0.22713554447267256,Au,COMPLETE
883,-51.4705882352638,2025-11-13 12:27:29.211933,2025-11-13 12:27:30.197972,0 days 00:00:00.986039,73.71358263422677,0.8480288692650708,0.136062455479816,Ag,COMPLETE
884,-19.205729166663687,2025-11-13 12:27:29.264572,2025-11-13 12:27:30.132158,0 days 00:00:00.867586,63.43524858362701,0.8380803275488438,0.1027422039593454,Au,COMPLETE
885,-18.76590330788519,2025-11-13 12:27:29.313538,2025-11-13 12:27:30.136166,0 days 00:00:00.822628,63.31241008247315,0.8386697394690366,0.22830626409101037,Au,COMPLETE
886,-47.29729729727182,2025-11-13 12:27:29.580750,2025-11-13 12:27:30.325576,0 days 00:00:00.744826,70.07637841383381,0.5058184726250041,0.6464750350413966,Ag,COMPLETE
887,-49.99999999997149,2025-11-13 12:27:29.645542,2025-11-13 12:27:30.381366,0 days 00:00:00.735824,74.42140769045257,0.8326022326864123,0.13506600156832002,Ag,COMPLETE
888,-50.245098039186,2025-11-13 12:27:30.055257,2025-11-13 12:27:30.639175,0 days 00:00:00.583918,74.21429223349199,0.5092581642213633,0.13014890728084894,Ag,COMPLETE
889,-43.6991869918486,2025-11-13 12:27:30.138165,2025-11-13 12:27:30.767508,0 days 00:00:00.629343,69.08814432865475,0.5089461006952211,1.1295298195427377,Ag,COMPLETE
890,-0.8802816901408202,2025-11-13 12:27:30.247983,2025-11-13 12:27:30.933198,0 days 00:00:00.685215,22.024312957341152,1.4455741624838008,0.12792394296475257,Ag,COMPLETE
891,-49.99999999997116,2025-11-13 12:27:30.415614,2025-11-13 12:27:31.383998,0 days 00:00:00.968384,65.83608108159068,1.4467957714704789,0.1032950524984716,Ag,COMPLETE
892,-12.626262626261555,2025-11-13 12:27:30.540365,2025-11-13 12:27:31.012498,0 days 00:00:00.472133,32.66354259729988,15.943064748940223,0.271783358630615,Ag,COMPLETE
893,-0.8992805755395424,2025-11-13 12:27:30.645687,2025-11-13 12:27:31.352677,0 days 00:00:00.706990,21.50204629579527,18.90876655846884,0.10216836501080087,Ag,COMPLETE
894,-49.76851851849095,2025-11-13 12:27:30.735136,2025-11-13 12:27:31.496467,0 days 00:00:00.761331,70.93024341909478,1.3829618921008395,0.2652377513120936,Ag,COMPLETE
895,-51.19047619044695,2025-11-13 12:27:30.801846,2025-11-13 12:27:31.653040,0 days 00:00:00.851194,65.8372035301816,1.3933304624308591,0.10434688700318014,Ag,COMPLETE
896,-48.6111111110841,2025-11-13 12:27:30.808764,2025-11-13 12:27:31.559978,0 days 00:00:00.751214,65.95136556066133,1.3304563924492934,0.26942717021974605,Ag,COMPLETE
897,-34.72222222221182,2025-11-13 12:27:31.258428,2025-11-13 12:27:31.915873,0 days 00:00:00.657445,68.63014385872835,8.313377978123949,0.20291727501928397,Ag,COMPLETE
898,-1.723847965018462,2025-11-13 12:27:31.606857,2025-11-13 12:27:32.440000,0 days 00:00:00.833143,101.93825846984211,0.5128737433729079,0.19989346248945927,Ag,COMPLETE
899,-46.0526315789233,2025-11-13 12:27:31.559978,2025-11-13 12:27:32.810400,0 days 00:00:01.250422,61.485543478581775,1.8221303882674915,0.15317895965668393,Ag,COMPLETE
900,-7.723577235771607,2025-11-13 12:27:31.714994,2025-11-13 12:27:32.440000,0 days 00:00:00.725006,24.797187634393737,0.5008046890698148,0.13773078259811025,Ag,COMPLETE
901,-51.47058823526383,2025-11-13 12:27:31.784939,2025-11-13 12:27:32.377393,0 days 00:00:00.592454,72.53021893078295,0.5037249970435709,0.20094569444537136,Ag,COMPLETE
902,-49.99999999997132,2025-11-13 12:27:31.811549,2025-11-13 12:27:32.152830,0 days 00:00:00.341281,68.55746565568171,0.8487974497194811,0.19653914159592378,Ag,COMPLETE
903,-1.4831677704194037,2025-11-13 12:27:31.843516,2025-11-13 12:27:32.550369,0 days 00:00:00.706853,108.87108943806336,1.8077985758321728,0.19762278043482848,Ag,COMPLETE
904,-7.79967159277427,2025-11-13 12:27:31.899103,2025-11-13 12:27:32.747102,0 days 00:00:00.847999,24.911741210306477,0.5072423493021976,0.1411331146405094,Ag,COMPLETE
905,-51.470588235264046,2025-11-13 12:27:32.361880,2025-11-13 12:27:33.076730,0 days 00:00:00.714850,71.31239533489807,1.1148304961699447,0.14406840771370422,Ag,COMPLETE
906,-38.12056737587031,2025-11-13 12:27:32.614660,2025-11-13 12:27:33.061100,0 days 00:00:00.446440,61.53614264588592,1.068166632762073,1.3680355564061413,Ag,COMPLETE
907,-48.61111111108426,2025-11-13 12:27:32.715639,2025-11-13 12:27:33.659056,0 days 00:00:00.943417,70.90509507183256,1.0765598904179026,0.2329988339755545,Ag,COMPLETE
908,-49.99999999997136,2025-11-13 12:27:32.747102,2025-11-13 12:27:33.547145,0 days 00:00:00.800043,71.35576836009221,1.0406519897014537,0.10068762634000135,Ag,COMPLETE
909,-49.99999999997173,2025-11-13 12:27:32.889366,2025-11-13 12:27:33.947054,0 days 00:00:01.057688,69.05537638639946,1.111750731434255,0.13341309569266993,Ag,COMPLETE
910,-34.97023809522566,2025-11-13 12:27:33.061100,2025-11-13 12:27:33.881783,0 days 00:00:00.820683,69.22652759535005,2.2748866340260583,1.7475498312195876,Ag,COMPLETE
911,-47.00854700852281,2025-11-13 12:27:33.167852,2025-11-13 12:27:34.108801,0 days 00:00:00.940949,69.04526758003894,2.3353619594983206,0.3037723303051182,Ag,COMPLETE
912,-51.4705882352638,2025-11-13 12:27:33.437988,2025-11-13 12:27:33.952353,0 days 00:00:00.514365,69.63522504346614,0.8964946375858731,0.10056309435553472,Ag,COMPLETE
913,-26.416122004353912,2025-11-13 12:27:33.562517,2025-11-13 12:27:34.203732,0 days 00:00:00.641215,68.6569591816055,15.045127847906999,0.1621862309396966,Ag,COMPLETE
914,-33.10502283104127,2025-11-13 12:27:33.834158,2025-11-13 12:27:34.398096,0 days 00:00:00.563938,65.33460650207672,9.34468307069778,0.16713705893064565,Ag,COMPLETE
915,-49.76851851849095,2025-11-13 12:27:33.930078,2025-11-13 12:27:34.563045,0 days 00:00:00.632967,64.55308692055033,1.5981194035152702,0.1599015367103324,Ag,COMPLETE
916,-26.92307692307266,2025-11-13 12:27:34.061931,2025-11-13 12:27:34.560969,0 days 00:00:00.499038,65.70531113745244,13.817530687833603,0.23756695479368822,Ag,COMPLETE
917,-51.47058823526383,2025-11-13 12:27:34.180729,2025-11-13 12:27:34.767396,0 days 00:00:00.586667,65.06053603790927,0.8334288335859119,0.24509228695961804,Ag,COMPLETE
918,18.92493638676816,2025-11-13 12:27:34.307798,2025-11-13 12:27:34.913324,0 days 00:00:00.605526,76.15670226157802,18.153975594846724,0.10025982927650784,Ag,COMPLETE
919,-47.297297297271975,2025-11-13 12:27:34.453004,2025-11-13 12:27:35.298883,0 days 00:00:00.845879,59.2169415670453,1.1840551561374955,0.18537430656962378,Ag,COMPLETE
920,-2.8985507246374307,2025-11-13 12:27:34.594417,2025-11-13 12:27:35.429595,0 days 00:00:00.835178,58.92937265697302,18.132922770302294,0.1014415419538923,Ag,COMPLETE
921,-49.99999999997149,2025-11-13 12:27:34.652377,2025-11-13 12:27:35.189686,0 days 00:00:00.537309,76.9037597192958,0.5002838546563446,0.10174113857274956,Ag,COMPLETE
922,-48.8095238094959,2025-11-13 12:27:34.700698,2025-11-13 12:27:35.649777,0 days 00:00:00.949079,73.32003959753361,0.8325773229110669,0.19242264257685637,Ag,COMPLETE
923,-49.99999999997132,2025-11-13 12:27:34.812813,2025-11-13 12:27:35.665299,0 days 00:00:00.852486,66.80396502121998,0.8385715200597108,0.2011854365660884,Ag,COMPLETE
924,-51.47058823526383,2025-11-13 12:27:34.860592,2025-11-13 12:27:35.602784,0 days 00:00:00.742192,67.20047403318387,0.8619265638324273,0.19836950684622176,Ag,COMPLETE
925,-33.65384615383321,2025-11-13 12:27:35.313333,2025-11-13 12:27:36.126591,0 days 00:00:00.813258,47.63287150398087,1.4555499571849988,0.1359317250316551,Ag,COMPLETE
926,-49.99999999997149,2025-11-13 12:27:35.108914,2025-11-13 12:27:36.011639,0 days 00:00:00.902725,72.6883387966918,0.8170616943140083,0.139225161020947,Ag,COMPLETE
927,22.596153846153502,2025-11-13 12:27:35.539837,2025-11-13 12:27:36.130258,0 days 00:00:00.590421,62.93294212672181,19.429793966738128,0.33393060847341166,Ag,COMPLETE
928,-48.42342342339707,2025-11-13 12:27:35.618427,2025-11-13 12:27:36.133305,0 days 00:00:00.514878,61.79313524715612,1.4374428394266086,0.14026228042990216,Ag,COMPLETE
929,-8.400537634407948,2025-11-13 12:27:35.752877,2025-11-13 12:27:36.496501,0 days 00:00:00.743624,27.6057949061473,12.25523775038131,0.13874260508634298,Ag,COMPLETE
930,-42.708333333311906,2025-11-13 12:27:35.861963,2025-11-13 12:27:36.853171,0 days 00:00:00.991208,53.7576224898154,0.5073109386182818,0.23870855000242489,Ag,COMPLETE
931,-48.61111111108375,2025-11-13 12:27:35.894321,2025-11-13 12:27:36.799476,0 days 00:00:00.905155,67.10784593920883,1.2897829097922782,0.2375504072077992,Ag,COMPLETE
932,-53.03030303027082,2025-11-13 12:27:35.986051,2025-11-13 12:27:36.917495,0 days 00:00:00.931444,67.63966498540142,0.5271416474079664,0.24768736616197948,Ag,COMPLETE
933,-51.190476190446915,2025-11-13 12:27:36.206836,2025-11-13 12:27:37.026879,0 days 00:00:00.820043,67.17146790684737,1.1387941845255738,0.24688187577350645,Ag,COMPLETE
934,-49.99999999997152,2025-11-13 12:27:36.506181,2025-11-13 12:27:37.812896,0 days 00:00:01.306715,71.11360840057134,0.5128131698657306,0.3217079322193023,Ag,COMPLETE
935,-42.70833333331205,2025-11-13 12:27:36.642249,2025-11-13 12:27:37.073786,0 days 00:00:00.431537,53.42449225349107,0.5041104541891183,0.1694858975895625,Ag,COMPLETE
936,-48.809523809495936,2025-11-13 12:27:36.753048,2025-11-13 12:27:37.396891,0 days 00:00:00.643843,71.34940764462482,0.5014168067445762,0.30623857381446684,Ag,COMPLETE
937,-18.518518518515943,2025-11-13 12:27:36.926496,2025-11-13 12:27:37.919222,0 days 00:00:00.992726,70.17890118724836,1.760996453985797,0.2863107186317156,Au,COMPLETE
938,-44.79166666664434,2025-11-13 12:27:37.089382,2025-11-13 12:27:37.733085,0 days 00:00:00.643703,70.5713129651416,1.8406136046693635,0.45093628728689183,Ag,COMPLETE
939,-47.14912280699262,2025-11-13 12:27:37.153483,2025-11-13 12:27:37.812896,0 days 00:00:00.659413,71.37736082900015,1.8219723743070313,0.2675436727747242,Ag,COMPLETE
940,-18.26484018264588,2025-11-13 12:27:37.296289,2025-11-13 12:27:37.964346,0 days 00:00:00.668057,70.45454063103045,1.8437209444099842,0.2897287261746929,Au,COMPLETE
941,-18.264840182645916,2025-11-13 12:27:37.363421,2025-11-13 12:27:37.963562,0 days 00:00:00.600141,71.17796259117556,1.7047533771511134,0.3607364597008835,Au,COMPLETE
942,-18.93939393939107,2025-11-13 12:27:37.443769,2025-11-13 12:27:38.245666,0 days 00:00:00.801897,69.56433894771529,0.8368704335195756,0.30087603332284363,Au,COMPLETE
943,-47.297297297271975,2025-11-13 12:27:37.812896,2025-11-13 12:27:38.705038,0 days 00:00:00.892142,74.44002442604179,1.1156939922006397,0.22399965146129608,Ag,COMPLETE
944,-48.61111111108426,2025-11-13 12:27:38.029934,2025-11-13 12:27:38.765541,0 days 00:00:00.735607,74.34622455901608,1.1408356339860917,0.2210954075209379,Ag,COMPLETE
945,-51.47058823526388,2025-11-13 12:27:38.128985,2025-11-13 12:27:39.023004,0 days 00:00:00.894019,67.61274879420895,0.887517012620677,0.26216241436563376,Ag,COMPLETE
946,-49.99999999997136,2025-11-13 12:27:38.189225,2025-11-13 12:27:39.038645,0 days 00:00:00.849420,67.61826456046755,0.8540919181003479,0.268396915792423,Ag,COMPLETE
947,-49.99999999997136,2025-11-13 12:27:38.239161,2025-11-13 12:27:39.479588,0 days 00:00:01.240427,68.30767943518066,0.8658261740511021,0.2594346733949521,Ag,COMPLETE
948,-41.66666666664742,2025-11-13 12:27:38.659190,2025-11-13 12:27:39.479588,0 days 00:00:00.820398,67.9294674173191,0.8952001425730552,1.2322551391774605,Ag,COMPLETE
949,-41.666666666647146,2025-11-13 12:27:38.746583,2025-11-13 12:27:39.672492,0 days 00:00:00.925909,66.5321147367716,0.8224853526037726,1.2308117686623952,Ag,COMPLETE
950,-51.190476190446915,2025-11-13 12:27:38.781095,2025-11-13 12:27:39.537793,0 days 00:00:00.756698,68.77958235577542,1.1724424293078386,0.20868120238828963,Ag,COMPLETE
951,-49.76851851849059,2025-11-13 12:27:38.912736,2025-11-13 12:27:39.713632,0 days 00:00:00.800896,68.26486099557287,1.2669518728674842,0.21348108410728833,Ag,COMPLETE
952,-49.99999999997132,2025-11-13 12:27:38.975909,2025-11-13 12:27:39.716769,0 days 00:00:00.740860,67.83061344684226,0.8403155307896717,0.20417428214373307,Ag,COMPLETE
953,-47.29729729727182,2025-11-13 12:27:39.495219,2025-11-13 12:27:40.231985,0 days 00:00:00.736766,73.55847360841942,1.4547897436172235,0.17622071758669122,Ag,COMPLETE
954,-13.34422657951894,2025-11-13 12:27:39.618484,2025-11-13 12:27:40.187277,0 days 00:00:00.568793,73.4335634600472,0.5018119036251258,0.17178476269844628,Cu,COMPLETE
955,-49.76851851849078,2025-11-13 12:27:39.766703,2025-11-13 12:27:40.253553,0 days 00:00:00.486850,72.72229047304315,1.4081811671191176,0.17742124497185174,Ag,COMPLETE
956,-10.643115942027844,2025-11-13 12:27:39.802981,2025-11-13 12:27:40.187277,0 days 00:00:00.384296,39.628204188963956,1.3366777156351737,0.17150506275248556,Cu,COMPLETE
957,-51.47058823526383,2025-11-13 12:27:39.946805,2025-11-13 12:27:40.670864,0 days 00:00:00.724059,72.70421980439993,0.5131462460273442,0.17462303184538036,Ag,COMPLETE
958,-48.61111111108375,2025-11-13 12:27:40.048817,2025-11-13 12:27:40.689851,0 days 00:00:00.641034,65.18386441603627,1.3574858391054083,0.17368199066254936,Ag,COMPLETE
959,-50.24509803918605,2025-11-13 12:27:40.109222,2025-11-13 12:27:40.864176,0 days 00:00:00.754954,65.41990728335969,0.5029677981133859,0.23745106373076924,Ag,COMPLETE
960,-22.79005524861629,2025-11-13 12:27:40.247549,2025-11-13 12:27:40.779640,0 days 00:00:00.532091,65.57277171435501,14.168087740353977,1.507614695138159,Ag,COMPLETE
961,-44.79166666664419,2025-11-13 12:27:40.545498,2025-11-13 12:27:41.464287,0 days 00:00:00.918789,69.46560762482822,0.854709145793309,0.8152392035732213,Ag,COMPLETE
962,-50.24509803918605,2025-11-13 12:27:40.729575,2025-11-13 12:27:41.370542,0 days 00:00:00.640967,69.99283415409876,0.5004014157394842,0.22395088892270543,Ag,COMPLETE
963,-44.79166666664419,2025-11-13 12:27:40.779640,2025-11-13 12:27:41.370542,0 days 00:00:00.590902,69.65666127546505,0.8923274909549487,0.8306542421497005,Ag,COMPLETE
964,-1.453095431197595,2025-11-13 12:27:40.864176,2025-11-13 12:27:41.667670,0 days 00:00:00.803494,118.55502824139015,0.8291830740338029,0.8431622114441801,Ag,COMPLETE
965,-29.43840579709502,2025-11-13 12:27:40.913050,2025-11-13 12:27:41.636474,0 days 00:00:00.723424,70.23154105811778,11.133041824418102,0.22160291199526436,Ag,COMPLETE
966,-51.47058823526383,2025-11-13 12:27:40.900805,2025-11-13 12:27:41.589541,0 days 00:00:00.688736,70.36211254004085,0.8484498910420973,0.22473998872789708,Ag,COMPLETE
967,-27.116402116393523,2025-11-13 12:27:40.964400,2025-11-13 12:27:41.986698,0 days 00:00:01.022298,42.88971111675476,1.1908194908550276,0.14423282372332075,Ag,COMPLETE
968,-50.24509803918605,2025-11-13 12:27:41.111907,2025-11-13 12:27:41.845591,0 days 00:00:00.733684,64.05106359225316,0.503192729793798,0.22258061531949697,Ag,COMPLETE
969,-43.65079365077271,2025-11-13 12:27:41.723705,2025-11-13 12:27:42.231257,0 days 00:00:00.507552,66.46094305750742,1.176937750575008,0.9644796913569594,Ag,COMPLETE
970,-51.190476190446915,2025-11-13 12:27:41.809978,2025-11-13 12:27:42.782901,0 days 00:00:00.972923,66.316640914971,1.1796433230930101,0.13389027554044405,Ag,COMPLETE
971,-27.658045977006697,2025-11-13 12:27:41.834620,2025-11-13 12:27:42.590291,0 days 00:00:00.755671,66.47557395371736,13.169878864116257,0.13426160392699665,Ag,COMPLETE
972,-49.99999999997173,2025-11-13 12:27:41.931202,2025-11-13 12:27:42.500684,0 days 00:00:00.569482,66.81286106336846,1.1175575180105821,0.13055256032568607,Ag,COMPLETE
973,-48.8095238094959,2025-11-13 12:27:41.946243,2025-11-13 12:27:42.778891,0 days 00:00:00.832648,76.22787993348652,0.5067799544228343,0.13566536307429714,Ag,COMPLETE
974,-38.19444444442853,2025-11-13 12:27:42.062899,2025-11-13 12:27:42.594277,0 days 00:00:00.531378,64.61266993779294,1.1028938688269618,1.6338883636005854,Ag,COMPLETE
975,-53.03030303027095,2025-11-13 12:27:42.173564,2025-11-13 12:27:43.187157,0 days 00:00:01.013593,71.77320834293846,0.5096943485100819,0.10009120662888767,Ag,COMPLETE
976,-49.99999999997173,2025-11-13 12:27:42.281050,2025-11-13 12:27:42.737044,0 days 00:00:00.455994,64.23991525921029,1.1756439140505883,0.10054450701592217,Ag,COMPLETE
977,-44.79166666664419,2025-11-13 12:27:42.675399,2025-11-13 12:27:43.215357,0 days 00:00:00.539958,72.16318673452174,2.1343673917505077,0.33100230130150815,Ag,COMPLETE
978,-47.00854700852281,2025-11-13 12:27:42.830037,2025-11-13 12:27:43.496793,0 days 00:00:00.666756,72.15577738407151,2.142885435783351,0.29547112878636106,Ag,COMPLETE
979,-47.00854700852281,2025-11-13 12:27:42.867680,2025-11-13 12:27:43.655911,0 days 00:00:00.788231,71.7300702658767,2.202678992345234,0.26186441559130924,Ag,COMPLETE
980,-48.6111111110841,2025-11-13 12:27:42.784899,2025-11-13 12:27:43.592063,0 days 00:00:00.807164,77.3403257455649,0.8098759855754144,0.10202602376537698,Ag,COMPLETE
981,-17.467248908295424,2025-11-13 12:27:42.951519,2025-11-13 12:27:43.651848,0 days 00:00:00.700329,75.72279041661383,16.399315216858867,0.13134066482400575,Ag,COMPLETE
982,-47.14912280699298,2025-11-13 12:27:43.043963,2025-11-13 12:27:43.764205,0 days 00:00:00.720242,76.06175535280772,1.6434593349518438,0.10192661464637974,Ag,COMPLETE
983,-51.4705882352638,2025-11-13 12:27:43.233096,2025-11-13 12:27:43.832982,0 days 00:00:00.599886,72.18496428683233,0.8328174171811691,0.13012436373156883,Ag,COMPLETE
984,-50.245098039186,2025-11-13 12:27:43.429299,2025-11-13 12:27:44.385157,0 days 00:00:00.955858,72.88041894987089,0.5025693025972372,0.12908194429189981,Ag,COMPLETE
985,-50.245098039186,2025-11-13 12:27:43.683084,2025-11-13 12:27:44.460211,0 days 00:00:00.777127,73.47311370897671,0.502532764768978,0.16262290696329473,Ag,COMPLETE
986,-18.779342723002067,2025-11-13 12:27:44.117604,2025-11-13 12:27:45.039610,0 days 00:00:00.922006,74.39431248212665,1.6672924687126685,0.1641124253666022,Au,COMPLETE
987,-48.61111111108426,2025-11-13 12:27:44.237895,2025-11-13 12:27:44.831093,0 days 00:00:00.593198,72.92047139579257,0.5132227953571695,0.3985949814235743,Ag,COMPLETE
988,-15.889830508473255,2025-11-13 12:27:44.330475,2025-11-13 12:27:45.298316,0 days 00:00:00.967841,75.38364982052181,6.650374440695309,0.10210780340828346,Au,COMPLETE
989,-18.71980676328237,2025-11-13 12:27:44.280501,2025-11-13 12:27:45.039610,0 days 00:00:00.759109,74.9657502977588,1.3745488950551583,0.16332027078193828,Au,COMPLETE
990,-18.719806763282246,2025-11-13 12:27:44.382241,2025-11-13 12:27:45.008348,0 days 00:00:00.626107,75.480164236798,1.472864005613498,0.10051628816755222,Au,COMPLETE
991,-19.021739130432067,2025-11-13 12:27:44.396283,2025-11-13 12:27:44.945712,0 days 00:00:00.549429,74.11002123500029,1.5550964008632011,0.10248887092220448,Au,COMPLETE
992,-18.61702127659305,2025-11-13 12:27:44.497457,2025-11-13 12:27:45.298316,0 days 00:00:00.800859,75.52956205440319,1.5588002961473033,0.16226488848234907,Au,COMPLETE
993,-41.6666666666471,2025-11-13 12:27:44.878487,2025-11-13 12:27:45.574788,0 days 00:00:00.696301,82.82403372584184,0.8791727919267018,0.10065614632536261,Ag,COMPLETE
994,-9.17288557213863,2025-11-13 12:27:45.233159,2025-11-13 12:27:45.512207,0 days 00:00:00.279048,26.180143914467457,17.336627471735536,0.1001150115138004,Ag,COMPLETE
995,-36.6666666666521,2025-11-13 12:27:45.254734,2025-11-13 12:27:45.773903,0 days 00:00:00.519169,69.0294763635199,0.8950703809010538,1.7905443967286327,Ag,COMPLETE
996,-51.47058823526383,2025-11-13 12:27:45.313641,2025-11-13 12:27:45.974673,0 days 00:00:00.661032,69.07717628106028,0.8686563019182237,0.19555577061127902,Ag,COMPLETE
997,-14.860139860137824,2025-11-13 12:27:45.429503,2025-11-13 12:27:46.133481,0 days 00:00:00.703978,69.3727502139687,0.8852559119474804,0.19395579381438174,Cu,COMPLETE
998,-48.6111111110841,2025-11-13 12:27:45.466017,2025-11-13 12:27:46.215321,0 days 00:00:00.749304,61.90734277552589,0.8798337940764941,0.1916606190550325,Ag,COMPLETE
999,-14.964788732392295,2025-11-13 12:27:45.657731,2025-11-13 12:27:46.279052,0 days 00:00:00.621321,69.20396109496942,0.8839141612220394,0.1873430263282686,Cu,COMPLETE
1000,-50.245098039186,2025-11-13 12:27:45.727010,2025-11-13 12:27:46.532125,0 days 00:00:00.805115,64.2590340255276,0.5144225409517865,0.1535460607835336,Ag,COMPLETE
1001,-35.37735849055267,2025-11-13 12:27:45.875236,2025-11-13 12:27:46.672617,0 days 00:00:00.797381,70.47116008566834,1.163736934833232,1.945428243231326,Ag,COMPLETE
1002,-49.99999999997149,2025-11-13 12:27:45.996566,2025-11-13 12:27:46.747118,0 days 00:00:00.750552,71.11711973328481,1.1822379624257409,0.14281056032192813,Ag,COMPLETE
1003,-50.245098039186,2025-11-13 12:27:46.162335,2025-11-13 12:27:46.735426,0 days 00:00:00.573091,63.65917276662631,0.5110709352299494,0.15046489484225112,Ag,COMPLETE
1004,-48.6111111110841,2025-11-13 12:27:46.453477,2025-11-13 12:27:47.325148,0 days 00:00:00.871671,67.5126028054272,1.1540473214904603,0.2713009173732465,Ag,COMPLETE
1005,-48.6111111110841,2025-11-13 12:27:46.640919,2025-11-13 12:27:47.376794,0 days 00:00:00.735875,66.65865504285928,1.1705126029610085,0.2545523158279471,Ag,COMPLETE
1006,-51.190476190446915,2025-11-13 12:27:46.688534,2025-11-13 12:27:47.392438,0 days 00:00:00.703904,67.899387802409,1.1201177021624051,0.26223785335632566,Ag,COMPLETE
1007,-38.52201257860204,2025-11-13 12:27:46.796312,2025-11-13 12:27:47.486684,0 days 00:00:00.690372,67.61953676970536,5.881946327534077,0.25366774949419085,Ag,COMPLETE
1008,-31.124497991960414,2025-11-13 12:27:46.885201,2025-11-13 12:27:47.714300,0 days 00:00:00.829099,67.30878828027217,10.197856065277794,0.25850752024961066,Ag,COMPLETE
1009,-42.68292682924754,2025-11-13 12:27:47.112260,2025-11-13 12:27:48.033993,0 days 00:00:00.921733,71.32122259057772,0.5165713635136764,1.0840197158545062,Ag,COMPLETE
1010,-50.245098039186,2025-11-13 12:27:47.263416,2025-11-13 12:27:47.889599,0 days 00:00:00.626183,70.7546685004435,0.5138274170948267,0.13895259216883776,Ag,COMPLETE
1011,-49.99999999997149,2025-11-13 12:27:47.455434,2025-11-13 12:27:48.135188,0 days 00:00:00.679754,62.521498434222295,0.8651943632265071,0.13344958743721352,Ag,COMPLETE
1012,-49.99999999997132,2025-11-13 12:27:47.549175,2025-11-13 12:27:48.430611,0 days 00:00:00.881436,62.048966684110745,0.5068543254898057,0.20138345714480366,Ag,COMPLETE
1013,-48.80952380949574,2025-11-13 12:27:47.712286,2025-11-13 12:27:48.387938,0 days 00:00:00.675652,61.90788384951983,0.5046170470731424,0.2073412975147944,Ag,COMPLETE
1014,-0.8928571428571173,2025-11-13 12:27:47.748922,2025-11-13 12:27:48.303041,0 days 00:00:00.554119,22.8580265148059,15.325826285938856,0.20757653684345867,Ag,COMPLETE
1015,-49.76851851849095,2025-11-13 12:27:47.952903,2025-11-13 12:27:48.729328,0 days 00:00:00.776425,64.95277350133391,1.4679271675309127,0.19788054446869288,Ag,COMPLETE
1016,-47.00854700852281,2025-11-13 12:27:48.036067,2025-11-13 12:27:48.764114,0 days 00:00:00.728047,65.50985347026301,2.6498331849721195,0.10008591900851757,Ag,COMPLETE
1017,-49.99999999997132,2025-11-13 12:27:48.518151,2025-11-13 12:27:49.370382,0 days 00:00:00.852231,72.262898849713,0.8901966615188884,0.1539699551818703,Ag,COMPLETE
1018,-50.245098039186,2025-11-13 12:27:48.614302,2025-11-13 12:27:49.320475,0 days 00:00:00.706173,70.09618137747177,0.8717333986220528,0.15738378431718145,Ag,COMPLETE
1019,-47.297297297271975,2025-11-13 12:27:48.665043,2025-11-13 12:27:49.289225,0 days 00:00:00.624182,77.60248291310353,0.8474981864678299,0.15780963278483026,Ag,COMPLETE
1020,-47.29729729727182,2025-11-13 12:27:48.502481,2025-11-13 12:27:49.928769,0 days 00:00:01.426288,78.00901149491064,0.8942115192432252,0.15973563538859145,Ag,COMPLETE
1021,-51.4705882352638,2025-11-13 12:27:48.468148,2025-11-13 12:27:49.383956,0 days 00:00:00.915808,71.92291024269868,0.8400094140883154,0.15813665207468272,Ag,COMPLETE
1022,-51.47058823526383,2025-11-13 12:27:48.766111,2025-11-13 12:27:49.273600,0 days 00:00:00.507489,69.32297154323153,0.9548955147623871,0.15594583665046266,Ag,COMPLETE
1023,-43.74999999997827,2025-11-13 12:27:49.041293,2025-11-13 12:27:49.931105,0 days 00:00:00.889812,78.43160241659496,1.4659540116962715,0.1392798384725105,Ag,COMPLETE
1024,-49.99999999997132,2025-11-13 12:27:49.242357,2025-11-13 12:27:50.076424,0 days 00:00:00.834067,66.15387997082401,1.508426700797375,0.13321309617873717,Ag,COMPLETE
1025,-49.76851851849059,2025-11-13 12:27:49.478553,2025-11-13 12:27:50.751963,0 days 00:00:01.273410,68.68773817547816,1.257700439828179,0.22541252171336426,Ag,COMPLETE
1026,-1.464435146443485,2025-11-13 12:27:49.870664,2025-11-13 12:27:50.830350,0 days 00:00:00.959686,105.99817745279765,1.2454033373315814,0.2224057984089606,Ag,COMPLETE
1027,22.003745318351733,2025-11-13 12:27:49.931105,2025-11-13 12:27:50.751963,0 days 00:00:00.820858,64.03412008449943,18.651623715336445,0.10082077229153456,Ag,COMPLETE
1028,-43.69918699184875,2025-11-13 12:27:50.050933,2025-11-13 12:27:51.234371,0 days 00:00:01.183438,64.03766945995902,1.8146432479367163,0.5430588078492589,Ag,COMPLETE
1029,-49.76851851849059,2025-11-13 12:27:50.127512,2025-11-13 12:27:50.924100,0 days 00:00:00.796588,68.49210541995805,1.261052655022618,0.2224792417347567,Ag,COMPLETE
1030,-50.24509803918605,2025-11-13 12:27:50.162747,2025-11-13 12:27:51.000842,0 days 00:00:00.838095,68.37369466329865,0.5066415851134876,0.22910557002350435,Ag,COMPLETE
1031,-47.149122806992466,2025-11-13 12:27:50.371522,2025-11-13 12:27:51.233154,0 days 00:00:00.861632,66.36619264506955,1.1952344103849515,0.5363130513198328,Ag,COMPLETE
1032,-48.42342342339707,2025-11-13 12:27:50.705088,2025-11-13 12:27:51.181260,0 days 00:00:00.476172,66.0601894480585,1.9943089020406664,0.19335314383142044,Ag,COMPLETE
1033,-39.062499999983785,2025-11-13 12:27:51.012900,2025-11-13 12:27:51.857308,0 days 00:00:00.844408,59.65026886290146,3.010879392447083,0.7180063085268138,Ag,COMPLETE
1034,-49.99999999997149,2025-11-13 12:27:51.129488,2025-11-13 12:27:51.778789,0 days 00:00:00.649301,73.2126315930016,0.8611523588024643,0.10115298809514042,Ag,COMPLETE
1035,-51.4705882352638,2025-11-13 12:27:51.221369,2025-11-13 12:27:52.122810,0 days 00:00:00.901441,73.15104196445184,0.8998031380805418,0.10091816248212565,Ag,COMPLETE
1036,-14.166666666664812,2025-11-13 12:27:51.295665,2025-11-13 12:27:52.677528,0 days 00:00:01.381863,70.53548665781027,0.8405000356135044,0.35451618136918295,Cu,COMPLETE
1037,-25.839793281649754,2025-11-13 12:27:51.355519,2025-11-13 12:27:52.153965,0 days 00:00:00.798446,60.23891814502191,13.516144581316922,0.3175322626074356,Ag,COMPLETE
1038,-12.651821862347175,2025-11-13 12:27:51.526231,2025-11-13 12:27:52.404954,0 days 00:00:00.878723,70.9417736297122,8.022585382139985,0.18428770068781875,Cu,COMPLETE
1039,-0.8802816901408202,2025-11-13 12:27:51.582032,2025-11-13 12:27:52.185297,0 days 00:00:00.603265,20.237520852465252,0.7678252063936523,0.297099149186853,Cu,COMPLETE
1040,-0.8802816901408202,2025-11-13 12:27:51.694612,2025-11-13 12:27:52.185297,0 days 00:00:00.490685,20.335082470098584,0.5048786437284523,0.34050001096419713,Cu,COMPLETE
1041,-48.42342342339707,2025-11-13 12:27:52.122810,2025-11-13 12:27:52.833789,0 days 00:00:00.710979,70.99605174935425,1.6823513909020757,0.17715990074727184,Ag,COMPLETE
1042,-12.457044673538256,2025-11-13 12:27:52.295554,2025-11-13 12:27:53.065484,0 days 00:00:00.769930,34.73252260094196,12.5989664601162,0.13278599239024955,Ag,COMPLETE
1043,-19.060283687939265,2025-11-13 12:27:52.358057,2025-11-13 12:27:53.261762,0 days 00:00:00.903705,87.66427351065877,0.5175016431875962,1.3166353670419764,Ag,COMPLETE
1044,-51.76767676764536,2025-11-13 12:27:52.448557,2025-11-13 12:27:53.066404,0 days 00:00:00.617847,69.43137051464899,0.5028409537365828,0.1343610446927634,Ag,COMPLETE
1045,-48.6111111110841,2025-11-13 12:27:52.513748,2025-11-13 12:27:53.067454,0 days 00:00:00.553706,66.14084680916721,1.4808029088570396,0.13450794259134302,Ag,COMPLETE
1046,-9.339080459769033,2025-11-13 12:27:52.566077,2025-11-13 12:27:53.339996,0 days 00:00:00.773919,27.0119769302416,0.5011692901186376,0.1368521023465994,Ag,COMPLETE
1047,-15.931372549016434,2025-11-13 12:27:52.645093,2025-11-13 12:27:53.261762,0 days 00:00:00.616669,34.029812147951546,0.5066918712833068,0.13617313069476142,Ag,COMPLETE
1048,-49.99999999997149,2025-11-13 12:27:53.143492,2025-11-13 12:27:53.827696,0 days 00:00:00.684204,63.707527306484224,1.1178083924305553,0.19012089089757714,Ag,COMPLETE
1049,-48.61111111108426,2025-11-13 12:27:53.181420,2025-11-13 12:27:53.874623,0 days 00:00:00.693203,63.44318759278127,1.139757407640642,0.18481072421257963,Ag,COMPLETE
1050,-48.61111111108426,2025-11-13 12:27:53.308726,2025-11-13 12:27:53.890248,0 days 00:00:00.581522,64.07359812043055,1.1454181716432537,0.1909534573684412,Ag,COMPLETE
1051,16.025641025640574,2025-11-13 12:27:53.355633,2025-11-13 12:27:53.890248,0 days 00:00:00.534615,23.965735180233185,1.164616447122041,0.1887187548255594,Ag,COMPLETE
1052,-48.42342342339707,2025-11-13 12:27:53.428901,2025-11-13 12:27:54.339731,0 days 00:00:00.910830,67.54077741993764,1.6120473336378174,0.2294382207319593,Ag,COMPLETE
1053,-48.61111111108426,2025-11-13 12:27:53.544223,2025-11-13 12:27:54.418487,0 days 00:00:00.874264,63.829597813393356,1.1388432176952792,0.18701320243004682,Ag,COMPLETE
1054,-31.517094017085764,2025-11-13 12:27:53.689452,2025-11-13 12:27:54.482996,0 days 00:00:00.793544,67.83088667254191,9.703051506063153,0.2347017701807841,Ag,COMPLETE
1055,-43.74999999997827,2025-11-13 12:27:53.778897,2025-11-13 12:27:54.230870,0 days 00:00:00.451973,56.37814239151859,1.194829740208465,0.18254960624012537,Ag,COMPLETE
1056,-32.77777777776917,2025-11-13 12:27:54.261604,2025-11-13 12:27:54.602837,0 days 00:00:00.341233,68.69277735011455,9.69799833126482,0.1008433955219134,Ag,COMPLETE
1057,-48.611111111084135,2025-11-13 12:27:54.355356,2025-11-13 12:27:54.820033,0 days 00:00:00.464677,73.84068435334177,0.8227352732607076,0.2843120119138832,Ag,COMPLETE
1058,-40.71969696967866,2025-11-13 12:27:54.453961,2025-11-13 12:27:54.943974,0 days 00:00:00.490013,74.26085288145751,0.870173662254417,1.0189719200859009,Ag,COMPLETE
1059,-53.03030303027095,2025-11-13 12:27:54.308488,2025-11-13 12:27:55.021068,0 days 00:00:00.712580,72.5525874753857,0.5060920839434117,0.10018203573725575,Ag,COMPLETE
1060,-42.658730158709915,2025-11-13 12:27:54.562761,2025-11-13 12:27:55.503289,0 days 00:00:00.940528,65.81772711779767,0.500839998287187,1.2735706283055825,Ag,COMPLETE
1061,-51.4705882352638,2025-11-13 12:27:54.726322,2025-11-13 12:27:55.514431,0 days 00:00:00.788109,65.45108282144201,0.8616501587127876,0.13623284318261794,Ag,COMPLETE
1062,-6.03254769921397,2025-11-13 12:27:54.912696,2025-11-13 12:27:55.828543,0 days 00:00:00.915847,93.82934690361412,1.5096966129643514,0.12814111689739854,Ag,COMPLETE
1063,-18.74999999999738,2025-11-13 12:27:55.360546,2025-11-13 12:27:56.069547,0 days 00:00:00.709001,72.31691165579271,1.709444170649395,0.1292331997799315,Au,COMPLETE
1064,-49.76851851849098,2025-11-13 12:27:55.363730,2025-11-13 12:27:56.032992,0 days 00:00:00.669262,72.27636375570691,1.7429681753960053,0.10154755134866444,Ag,COMPLETE
1065,-0.5319148936170122,2025-11-13 12:27:55.442579,2025-11-13 12:27:56.032992,0 days 00:00:00.590413,74.67663731075143,16.95320377009699,0.1022269686753545,Au,COMPLETE
1066,-18.912529550824747,2025-11-13 12:27:55.547496,2025-11-13 12:27:56.287931,0 days 00:00:00.740435,72.20763716512977,1.7963687995404012,0.10219934218364171,Au,COMPLETE
1067,24.576822916666284,2025-11-13 12:27:55.626179,2025-11-13 12:27:56.272306,0 days 00:00:00.646127,72.06862544132325,10.792706844050844,0.10003386427432207,Au,COMPLETE
1068,-49.99999999997149,2025-11-13 12:27:55.828543,2025-11-13 12:27:56.879621,0 days 00:00:01.051078,61.339881920375205,0.8830467294082864,0.10136303518963163,Ag,COMPLETE
1069,-47.45370370367742,2025-11-13 12:27:56.032992,2025-11-13 12:27:56.848351,0 days 00:00:00.815359,77.11508645361678,0.8528280624823779,0.10066422444430852,Ag,COMPLETE
1070,-26.67682926828941,2025-11-13 12:27:56.225438,2025-11-13 12:27:57.163220,0 days 00:00:00.937782,68.13440760308627,15.803189522895892,0.15472066484913527,Ag,COMPLETE
1071,-48.8095238094959,2025-11-13 12:27:56.350817,2025-11-13 12:27:57.128994,0 days 00:00:00.778177,62.002066748668895,0.8699070255241531,0.15195947979347335,Ag,COMPLETE
1072,-51.4705882352638,2025-11-13 12:27:56.413617,2025-11-13 12:27:57.423260,0 days 00:00:01.009643,69.26069548711155,0.8547540421329243,0.1588312940823371,Ag,COMPLETE
1073,-50.245098039186,2025-11-13 12:27:56.483703,2025-11-13 12:27:57.313275,0 days 00:00:00.829572,61.539827578881535,0.5071426144986513,0.150370489650632,Ag,COMPLETE
1074,-48.8095238094959,2025-11-13 12:27:56.530167,2025-11-13 12:27:57.163220,0 days 00:00:00.633053,61.26653660748471,0.8091932455849462,0.13826023956294875,Ag,COMPLETE
1075,-45.94017094014738,2025-11-13 12:27:56.675693,2025-11-13 12:27:57.927984,0 days 00:00:01.252291,68.58130842376184,0.5084216739768591,0.9200061275381433,Ag,COMPLETE
1076,-51.19047619044695,2025-11-13 12:27:57.210097,2025-11-13 12:27:57.742372,0 days 00:00:00.532275,66.22345354979426,1.3557319126703442,0.1382774008590851,Ag,COMPLETE
1077,-43.60465116277041,2025-11-13 12:27:57.360584,2025-11-13 12:27:58.420032,0 days 00:00:01.059448,65.36716511797843,3.667998745381378,0.1639331051649466,Ag,COMPLETE
1078,-49.99999999997149,2025-11-13 12:27:57.438920,2025-11-13 12:27:58.031197,0 days 00:00:00.592277,67.01969619101276,1.2404596725286647,0.13038956951316164,Ag,COMPLETE
1079,-25.219298245609554,2025-11-13 12:27:57.485863,2025-11-13 12:27:58.094078,0 days 00:00:00.608215,80.31245057429739,11.799421325363358,0.1376177686679375,Ag,COMPLETE
1080,20.1972010178114,2025-11-13 12:27:57.564482,2025-11-13 12:27:58.420032,0 days 00:00:00.855550,70.38072266672876,17.81291810894221,0.8885551382961039,Ag,COMPLETE
1081,-33.92857142856179,2025-11-13 12:27:57.630313,2025-11-13 12:27:58.420032,0 days 00:00:00.789719,70.35747253377819,8.961492792730699,0.13109540887913151,Ag,COMPLETE
1082,-9.818007662834113,2025-11-13 12:27:57.959305,2025-11-13 12:27:58.776243,0 days 00:00:00.816938,28.89829255878811,3.5436140058061083,0.1705791065374222,Ag,COMPLETE
1083,-51.19047619044695,2025-11-13 12:27:58.189770,2025-11-13 12:27:58.838741,0 days 00:00:00.648971,67.56010041743514,1.3150864120730796,0.172389047956604,Ag,COMPLETE
1084,-51.47058823526383,2025-11-13 12:27:58.305485,2025-11-13 12:27:59.080818,0 days 00:00:00.775333,74.37781646447931,0.504591485859587,0.18039026650435017,Ag,COMPLETE
1085,-49.76851851849095,2025-11-13 12:27:58.511819,2025-11-13 12:27:59.511163,0 days 00:00:00.999344,75.26187251074951,1.2986309185934766,0.10142967652359326,Ag,COMPLETE
1086,-47.297297297271975,2025-11-13 12:27:58.641563,2025-11-13 12:27:59.864872,0 days 00:00:01.223309,75.27122839329522,1.176445537759747,0.1753865668264461,Ag,COMPLETE
1087,-47.29729729727182,2025-11-13 12:27:58.744991,2025-11-13 12:27:59.769173,0 days 00:00:01.024182,76.06327442788768,0.8664509801345859,0.21802532792264218,Ag,COMPLETE
1088,-44.79166666664434,2025-11-13 12:27:58.807495,2025-11-13 12:27:59.583725,0 days 00:00:00.776230,73.1145545128517,0.8659192219861043,0.7723393002527024,Ag,COMPLETE
1089,-48.61111111108426,2025-11-13 12:27:59.011963,2025-11-13 12:28:00.040999,0 days 00:00:01.029036,65.11338709136692,1.1168570406618945,0.23378741179114615,Ag,COMPLETE
1090,-2.700617283950543,2025-11-13 12:27:59.080818,2025-11-13 12:28:00.009663,0 days 00:00:00.928845,96.96088346483594,0.8616103580202452,0.10121265936681258,Ag,COMPLETE
1091,-48.809523809495936,2025-11-13 12:27:59.181960,2025-11-13 12:28:00.025385,0 days 00:00:00.843425,65.2444221138033,0.8803951081852063,0.23326796821047663,Ag,COMPLETE
1092,-50.24509803918621,2025-11-13 12:27:59.722732,2025-11-13 12:28:00.391784,0 days 00:00:00.669052,64.61534848289702,0.840336581271339,0.10118190312245375,Ag,COMPLETE
1093,20.671834625322678,2025-11-13 12:27:59.831603,2025-11-13 12:28:00.316850,0 days 00:00:00.485247,70.04440288883735,19.252433837874595,0.10159769315700765,Ag,COMPLETE
1094,-51.76767676764536,2025-11-13 12:27:59.962785,2025-11-13 12:28:00.686968,0 days 00:00:00.724183,69.53106661685665,0.5146083698461713,0.13477272347294114,Ag,COMPLETE
1095,-53.03030303027095,2025-11-13 12:27:59.913756,2025-11-13 12:28:01.034369,0 days 00:00:01.120613,69.54520225160779,0.5070091905736583,0.10028501833594934,Ag,COMPLETE
1096,-38.82575757573999,2025-11-13 12:28:00.119624,2025-11-13 12:28:01.613791,0 days 00:00:01.494167,50.03449503458437,0.500222758494204,0.13910788238343383,Ag,COMPLETE
1097,-51.76767676764536,2025-11-13 12:28:00.281886,2025-11-13 12:28:01.860728,0 days 00:00:01.578842,69.20565547790981,0.5095997036303345,0.13861008741846498,Ag,COMPLETE
1098,-51.76767676764536,2025-11-13 12:28:00.376163,2025-11-13 12:28:01.179912,0 days 00:00:00.803749,69.40631519841132,0.5215769716819278,0.13451583118443056,Ag,COMPLETE
1099,-37.234042553175584,2025-11-13 12:28:00.391784,2025-11-13 12:28:01.242848,0 days 00:00:00.851064,50.944034150939586,1.4950550317730709,0.1407881443549557,Ag,COMPLETE
1100,-26.9274376417197,2025-11-13 12:28:00.577615,2025-11-13 12:28:01.564028,0 days 00:00:00.986413,66.5747796072034,14.892848865322105,0.13505778967513818,Ag,COMPLETE
1101,-48.6111111110841,2025-11-13 12:28:01.175240,2025-11-13 12:28:01.708206,0 days 00:00:00.532966,66.8784362306822,1.5149271485648819,0.10024411239706416,Ag,COMPLETE
1102,-48.42342342339707,2025-11-13 12:28:01.179912,2025-11-13 12:28:01.803280,0 days 00:00:00.623368,67.1445602536121,2.0944732887236275,0.10188791459038972,Ag,COMPLETE
1103,-48.42342342339707,2025-11-13 12:28:01.282097,2025-11-13 12:28:02.037266,0 days 00:00:00.755169,67.42654760841914,2.0768773915292185,0.13053881348532287,Ag,COMPLETE
1104,-31.609195402288027,2025-11-13 12:28:01.429905,2025-11-13 12:28:02.131101,0 days 00:00:00.701196,85.95452377249791,2.3599609679885747,0.1001755681152474,Ag,COMPLETE
1105,-8.037225042300365,2025-11-13 12:28:01.645741,2025-11-13 12:28:02.347587,0 days 00:00:00.701846,25.729207952748233,1.1817794990055404,0.15645129792755308,Ag,COMPLETE
1106,-50.24509803918621,2025-11-13 12:28:01.927466,2025-11-13 12:28:02.523574,0 days 00:00:00.596108,62.85027963775477,0.5003367202861643,0.1004112302001345,Ag,COMPLETE
1107,-38.19444444442853,2025-11-13 12:28:02.099830,2025-11-13 12:28:02.555773,0 days 00:00:00.455943,63.557964876599065,1.1799346679326557,1.571639727795782,Ag,COMPLETE
1108,-15.796703296701534,2025-11-13 12:28:02.215780,2025-11-13 12:28:02.919189,0 days 00:00:00.703409,71.28309913409403,0.9100941540773302,1.8348888415773656,Au,COMPLETE
1109,-49.99999999997173,2025-11-13 12:28:02.295975,2025-11-13 12:28:02.863370,0 days 00:00:00.567395,63.89976816652772,1.0848067828683343,0.1696392813602154,Ag,COMPLETE
1110,-37.41496598637935,2025-11-13 12:28:02.435081,2025-11-13 12:28:02.888668,0 days 00:00:00.453587,62.85738372974412,1.1366536969153909,1.7215257070830374,Ag,COMPLETE
1111,-49.99999999997149,2025-11-13 12:28:02.461053,2025-11-13 12:28:02.780726,0 days 00:00:00.319673,62.66975230753129,1.1394156220414378,0.17282216522717792,Ag,COMPLETE
